mesaid,line,linetime,offwrist,activity,marker,whitelight,redlight,greenlight,bluelight,wake,interval,dayofweek,daybymidnight,daybynoon
4186,1,18:30:00,1,,,,,,,,EXCLUDED,4,1,1
4186,2,18:30:30,1,,,,,,,,EXCLUDED,4,1,1
4186,3,18:31:00,1,,,,,,,,EXCLUDED,4,1,1
4186,4,18:31:30,1,,,,,,,,EXCLUDED,4,1,1
4186,5,18:32:00,1,,,,,,,,EXCLUDED,4,1,1
4186,6,18:32:30,1,,,,,,,,EXCLUDED,4,1,1
4186,7,18:33:00,1,,,,,,,,EXCLUDED,4,1,1
4186,8,18:33:30,1,,,,,,,,EXCLUDED,4,1,1
4186,9,18:34:00,1,,,,,,,,EXCLUDED,4,1,1
4186,10,18:34:30,1,,,,,,,,EXCLUDED,4,1,1
4186,11,18:35:00,1,,,,,,,,EXCLUDED,4,1,1
4186,12,18:35:30,1,,,,,,,,EXCLUDED,4,1,1
4186,13,18:36:00,1,,,,,,,,EXCLUDED,4,1,1
4186,14,18:36:30,1,,,,,,,,EXCLUDED,4,1,1
4186,15,18:37:00,1,,,,,,,,EXCLUDED,4,1,1
4186,16,18:37:30,1,,,,,,,,EXCLUDED,4,1,1
4186,17,18:38:00,1,,,,,,,,EXCLUDED,4,1,1
4186,18,18:38:30,1,,,,,,,,EXCLUDED,4,1,1
4186,19,18:39:00,1,,,,,,,,EXCLUDED,4,1,1
4186,20,18:39:30,1,,,,,,,,EXCLUDED,4,1,1
4186,21,18:40:00,1,,,,,,,,EXCLUDED,4,1,1
4186,22,18:40:30,1,,,,,,,,EXCLUDED,4,1,1
4186,23,18:41:00,1,,,,,,,,EXCLUDED,4,1,1
4186,24,18:41:30,1,,,,,,,,EXCLUDED,4,1,1
4186,25,18:42:00,1,,,,,,,,EXCLUDED,4,1,1
4186,26,18:42:30,1,,,,,,,,EXCLUDED,4,1,1
4186,27,18:43:00,1,,,,,,,,EXCLUDED,4,1,1
4186,28,18:43:30,1,,,,,,,,EXCLUDED,4,1,1
4186,29,18:44:00,1,,,,,,,,EXCLUDED,4,1,1
4186,30,18:44:30,1,,,,,,,,EXCLUDED,4,1,1
4186,31,18:45:00,1,,,,,,,,EXCLUDED,4,1,1
4186,32,18:45:30,1,,,,,,,,EXCLUDED,4,1,1
4186,33,18:46:00,1,,,,,,,,EXCLUDED,4,1,1
4186,34,18:46:30,1,,,,,,,,EXCLUDED,4,1,1
4186,35,18:47:00,1,,,,,,,,EXCLUDED,4,1,1
4186,36,18:47:30,1,,,,,,,,EXCLUDED,4,1,1
4186,37,18:48:00,1,,,,,,,,EXCLUDED,4,1,1
4186,38,18:48:30,1,,,,,,,,EXCLUDED,4,1,1
4186,39,18:49:00,1,,,,,,,,EXCLUDED,4,1,1
4186,40,18:49:30,1,,,,,,,,EXCLUDED,4,1,1
4186,41,18:50:00,1,,,,,,,,EXCLUDED,4,1,1
4186,42,18:50:30,1,,,,,,,,EXCLUDED,4,1,1
4186,43,18:51:00,1,,,,,,,,EXCLUDED,4,1,1
4186,44,18:51:30,1,,,,,,,,EXCLUDED,4,1,1
4186,45,18:52:00,1,,,,,,,,EXCLUDED,4,1,1
4186,46,18:52:30,1,,,,,,,,EXCLUDED,4,1,1
4186,47,18:53:00,1,,,,,,,,EXCLUDED,4,1,1
4186,48,18:53:30,1,,,,,,,,EXCLUDED,4,1,1
4186,49,18:54:00,1,,,,,,,,EXCLUDED,4,1,1
4186,50,18:54:30,1,,,,,,,,EXCLUDED,4,1,1
4186,51,18:55:00,1,,,,,,,,EXCLUDED,4,1,1
4186,52,18:55:30,1,,,,,,,,EXCLUDED,4,1,1
4186,53,18:56:00,1,,,,,,,,EXCLUDED,4,1,1
4186,54,18:56:30,1,,,,,,,,EXCLUDED,4,1,1
4186,55,18:57:00,1,,,,,,,,EXCLUDED,4,1,1
4186,56,18:57:30,1,,,,,,,,EXCLUDED,4,1,1
4186,57,18:58:00,1,,,,,,,,EXCLUDED,4,1,1
4186,58,18:58:30,1,,,,,,,,EXCLUDED,4,1,1
4186,59,18:59:00,1,,,,,,,,EXCLUDED,4,1,1
4186,60,18:59:30,1,,,,,,,,EXCLUDED,4,1,1
4186,61,19:00:00,1,,,,,,,,EXCLUDED,4,1,1
4186,62,19:00:30,1,,,,,,,,EXCLUDED,4,1,1
4186,63,19:01:00,1,,,,,,,,EXCLUDED,4,1,1
4186,64,19:01:30,1,,,,,,,,EXCLUDED,4,1,1
4186,65,19:02:00,1,,,,,,,,EXCLUDED,4,1,1
4186,66,19:02:30,1,,,,,,,,EXCLUDED,4,1,1
4186,67,19:03:00,1,,,,,,,,EXCLUDED,4,1,1
4186,68,19:03:30,1,,,,,,,,EXCLUDED,4,1,1
4186,69,19:04:00,1,,,,,,,,EXCLUDED,4,1,1
4186,70,19:04:30,1,,,,,,,,EXCLUDED,4,1,1
4186,71,19:05:00,1,,,,,,,,EXCLUDED,4,1,1
4186,72,19:05:30,1,,,,,,,,EXCLUDED,4,1,1
4186,73,19:06:00,1,,,,,,,,EXCLUDED,4,1,1
4186,74,19:06:30,1,,,,,,,,EXCLUDED,4,1,1
4186,75,19:07:00,1,,,,,,,,EXCLUDED,4,1,1
4186,76,19:07:30,1,,,,,,,,EXCLUDED,4,1,1
4186,77,19:08:00,1,,,,,,,,EXCLUDED,4,1,1
4186,78,19:08:30,1,,,,,,,,EXCLUDED,4,1,1
4186,79,19:09:00,1,,,,,,,,EXCLUDED,4,1,1
4186,80,19:09:30,1,,,,,,,,EXCLUDED,4,1,1
4186,81,19:10:00,1,,,,,,,,EXCLUDED,4,1,1
4186,82,19:10:30,1,,,,,,,,EXCLUDED,4,1,1
4186,83,19:11:00,1,,,,,,,,EXCLUDED,4,1,1
4186,84,19:11:30,1,,,,,,,,EXCLUDED,4,1,1
4186,85,19:12:00,1,,,,,,,,EXCLUDED,4,1,1
4186,86,19:12:30,1,,,,,,,,EXCLUDED,4,1,1
4186,87,19:13:00,1,,,,,,,,EXCLUDED,4,1,1
4186,88,19:13:30,1,,,,,,,,EXCLUDED,4,1,1
4186,89,19:14:00,1,,,,,,,,EXCLUDED,4,1,1
4186,90,19:14:30,1,,,,,,,,EXCLUDED,4,1,1
4186,91,19:15:00,1,,,,,,,,EXCLUDED,4,1,1
4186,92,19:15:30,1,,,,,,,,EXCLUDED,4,1,1
4186,93,19:16:00,1,,,,,,,,EXCLUDED,4,1,1
4186,94,19:16:30,1,,,,,,,,EXCLUDED,4,1,1
4186,95,19:17:00,1,,,,,,,,EXCLUDED,4,1,1
4186,96,19:17:30,1,,,,,,,,EXCLUDED,4,1,1
4186,97,19:18:00,1,,,,,,,,EXCLUDED,4,1,1
4186,98,19:18:30,1,,,,,,,,EXCLUDED,4,1,1
4186,99,19:19:00,1,,,,,,,,EXCLUDED,4,1,1
4186,100,19:19:30,1,,,,,,,,EXCLUDED,4,1,1
4186,101,19:20:00,1,,,,,,,,EXCLUDED,4,1,1
4186,102,19:20:30,1,,,,,,,,EXCLUDED,4,1,1
4186,103,19:21:00,1,,,,,,,,EXCLUDED,4,1,1
4186,104,19:21:30,1,,,,,,,,EXCLUDED,4,1,1
4186,105,19:22:00,1,,,,,,,,EXCLUDED,4,1,1
4186,106,19:22:30,1,,,,,,,,EXCLUDED,4,1,1
4186,107,19:23:00,1,,,,,,,,EXCLUDED,4,1,1
4186,108,19:23:30,1,,,,,,,,EXCLUDED,4,1,1
4186,109,19:24:00,1,,,,,,,,EXCLUDED,4,1,1
4186,110,19:24:30,1,,,,,,,,EXCLUDED,4,1,1
4186,111,19:25:00,1,,,,,,,,EXCLUDED,4,1,1
4186,112,19:25:30,1,,,,,,,,EXCLUDED,4,1,1
4186,113,19:26:00,1,,,,,,,,EXCLUDED,4,1,1
4186,114,19:26:30,1,,,,,,,,EXCLUDED,4,1,1
4186,115,19:27:00,1,,,,,,,,EXCLUDED,4,1,1
4186,116,19:27:30,1,,,,,,,,EXCLUDED,4,1,1
4186,117,19:28:00,1,,,,,,,,EXCLUDED,4,1,1
4186,118,19:28:30,1,,,,,,,,EXCLUDED,4,1,1
4186,119,19:29:00,1,,,,,,,,EXCLUDED,4,1,1
4186,120,19:29:30,1,,,,,,,,EXCLUDED,4,1,1
4186,121,19:30:00,1,,,,,,,,EXCLUDED,4,1,1
4186,122,19:30:30,1,,,,,,,,EXCLUDED,4,1,1
4186,123,19:31:00,1,,,,,,,,EXCLUDED,4,1,1
4186,124,19:31:30,1,,,,,,,,EXCLUDED,4,1,1
4186,125,19:32:00,1,,,,,,,,EXCLUDED,4,1,1
4186,126,19:32:30,1,,,,,,,,EXCLUDED,4,1,1
4186,127,19:33:00,1,,,,,,,,EXCLUDED,4,1,1
4186,128,19:33:30,1,,,,,,,,EXCLUDED,4,1,1
4186,129,19:34:00,1,,,,,,,,EXCLUDED,4,1,1
4186,130,19:34:30,1,,,,,,,,EXCLUDED,4,1,1
4186,131,19:35:00,1,,,,,,,,EXCLUDED,4,1,1
4186,132,19:35:30,1,,,,,,,,EXCLUDED,4,1,1
4186,133,19:36:00,1,,,,,,,,EXCLUDED,4,1,1
4186,134,19:36:30,1,,,,,,,,EXCLUDED,4,1,1
4186,135,19:37:00,1,,,,,,,,EXCLUDED,4,1,1
4186,136,19:37:30,1,,,,,,,,EXCLUDED,4,1,1
4186,137,19:38:00,1,,,,,,,,EXCLUDED,4,1,1
4186,138,19:38:30,1,,,,,,,,EXCLUDED,4,1,1
4186,139,19:39:00,1,,,,,,,,EXCLUDED,4,1,1
4186,140,19:39:30,1,,,,,,,,EXCLUDED,4,1,1
4186,141,19:40:00,1,,,,,,,,EXCLUDED,4,1,1
4186,142,19:40:30,1,,,,,,,,EXCLUDED,4,1,1
4186,143,19:41:00,1,,,,,,,,EXCLUDED,4,1,1
4186,144,19:41:30,1,,,,,,,,EXCLUDED,4,1,1
4186,145,19:42:00,1,,,,,,,,EXCLUDED,4,1,1
4186,146,19:42:30,1,,,,,,,,EXCLUDED,4,1,1
4186,147,19:43:00,1,,,,,,,,EXCLUDED,4,1,1
4186,148,19:43:30,1,,,,,,,,EXCLUDED,4,1,1
4186,149,19:44:00,1,,,,,,,,EXCLUDED,4,1,1
4186,150,19:44:30,1,,,,,,,,EXCLUDED,4,1,1
4186,151,19:45:00,1,,,,,,,,EXCLUDED,4,1,1
4186,152,19:45:30,1,,,,,,,,EXCLUDED,4,1,1
4186,153,19:46:00,1,,,,,,,,EXCLUDED,4,1,1
4186,154,19:46:30,1,,,,,,,,EXCLUDED,4,1,1
4186,155,19:47:00,1,,,,,,,,EXCLUDED,4,1,1
4186,156,19:47:30,1,,,,,,,,EXCLUDED,4,1,1
4186,157,19:48:00,1,,,,,,,,EXCLUDED,4,1,1
4186,158,19:48:30,1,,,,,,,,EXCLUDED,4,1,1
4186,159,19:49:00,1,,,,,,,,EXCLUDED,4,1,1
4186,160,19:49:30,1,,,,,,,,EXCLUDED,4,1,1
4186,161,19:50:00,1,,,,,,,,EXCLUDED,4,1,1
4186,162,19:50:30,1,,,,,,,,EXCLUDED,4,1,1
4186,163,19:51:00,1,,,,,,,,EXCLUDED,4,1,1
4186,164,19:51:30,1,,,,,,,,EXCLUDED,4,1,1
4186,165,19:52:00,1,,,,,,,,EXCLUDED,4,1,1
4186,166,19:52:30,1,,,,,,,,EXCLUDED,4,1,1
4186,167,19:53:00,1,,,,,,,,EXCLUDED,4,1,1
4186,168,19:53:30,1,,,,,,,,EXCLUDED,4,1,1
4186,169,19:54:00,1,,,,,,,,EXCLUDED,4,1,1
4186,170,19:54:30,1,,,,,,,,EXCLUDED,4,1,1
4186,171,19:55:00,1,,,,,,,,EXCLUDED,4,1,1
4186,172,19:55:30,1,,,,,,,,EXCLUDED,4,1,1
4186,173,19:56:00,1,,,,,,,,EXCLUDED,4,1,1
4186,174,19:56:30,1,,,,,,,,EXCLUDED,4,1,1
4186,175,19:57:00,1,,,,,,,,EXCLUDED,4,1,1
4186,176,19:57:30,1,,,,,,,,EXCLUDED,4,1,1
4186,177,19:58:00,1,,,,,,,,EXCLUDED,4,1,1
4186,178,19:58:30,1,,,,,,,,EXCLUDED,4,1,1
4186,179,19:59:00,1,,,,,,,,EXCLUDED,4,1,1
4186,180,19:59:30,1,,,,,,,,EXCLUDED,4,1,1
4186,181,20:00:00,1,,,,,,,,EXCLUDED,4,1,1
4186,182,20:00:30,1,,,,,,,,EXCLUDED,4,1,1
4186,183,20:01:00,1,,,,,,,,EXCLUDED,4,1,1
4186,184,20:01:30,1,,,,,,,,EXCLUDED,4,1,1
4186,185,20:02:00,1,,,,,,,,EXCLUDED,4,1,1
4186,186,20:02:30,1,,,,,,,,EXCLUDED,4,1,1
4186,187,20:03:00,1,,,,,,,,EXCLUDED,4,1,1
4186,188,20:03:30,1,,,,,,,,EXCLUDED,4,1,1
4186,189,20:04:00,1,,,,,,,,EXCLUDED,4,1,1
4186,190,20:04:30,1,,,,,,,,EXCLUDED,4,1,1
4186,191,20:05:00,1,,,,,,,,EXCLUDED,4,1,1
4186,192,20:05:30,1,,,,,,,,EXCLUDED,4,1,1
4186,193,20:06:00,1,,,,,,,,EXCLUDED,4,1,1
4186,194,20:06:30,1,,,,,,,,EXCLUDED,4,1,1
4186,195,20:07:00,1,,,,,,,,EXCLUDED,4,1,1
4186,196,20:07:30,1,,,,,,,,EXCLUDED,4,1,1
4186,197,20:08:00,1,,,,,,,,EXCLUDED,4,1,1
4186,198,20:08:30,1,,,,,,,,EXCLUDED,4,1,1
4186,199,20:09:00,1,,,,,,,,EXCLUDED,4,1,1
4186,200,20:09:30,1,,,,,,,,EXCLUDED,4,1,1
4186,201,20:10:00,1,,,,,,,,EXCLUDED,4,1,1
4186,202,20:10:30,1,,,,,,,,EXCLUDED,4,1,1
4186,203,20:11:00,1,,,,,,,,EXCLUDED,4,1,1
4186,204,20:11:30,1,,,,,,,,EXCLUDED,4,1,1
4186,205,20:12:00,1,,,,,,,,EXCLUDED,4,1,1
4186,206,20:12:30,1,,,,,,,,EXCLUDED,4,1,1
4186,207,20:13:00,1,,,,,,,,EXCLUDED,4,1,1
4186,208,20:13:30,1,,,,,,,,EXCLUDED,4,1,1
4186,209,20:14:00,1,,,,,,,,EXCLUDED,4,1,1
4186,210,20:14:30,1,,,,,,,,EXCLUDED,4,1,1
4186,211,20:15:00,1,,,,,,,,EXCLUDED,4,1,1
4186,212,20:15:30,1,,,,,,,,EXCLUDED,4,1,1
4186,213,20:16:00,1,,,,,,,,EXCLUDED,4,1,1
4186,214,20:16:30,1,,,,,,,,EXCLUDED,4,1,1
4186,215,20:17:00,1,,,,,,,,EXCLUDED,4,1,1
4186,216,20:17:30,1,,,,,,,,EXCLUDED,4,1,1
4186,217,20:18:00,1,,,,,,,,EXCLUDED,4,1,1
4186,218,20:18:30,1,,,,,,,,EXCLUDED,4,1,1
4186,219,20:19:00,1,,,,,,,,EXCLUDED,4,1,1
4186,220,20:19:30,1,,,,,,,,EXCLUDED,4,1,1
4186,221,20:20:00,1,,,,,,,,EXCLUDED,4,1,1
4186,222,20:20:30,1,,,,,,,,EXCLUDED,4,1,1
4186,223,20:21:00,1,,,,,,,,EXCLUDED,4,1,1
4186,224,20:21:30,1,,,,,,,,EXCLUDED,4,1,1
4186,225,20:22:00,1,,,,,,,,EXCLUDED,4,1,1
4186,226,20:22:30,1,,,,,,,,EXCLUDED,4,1,1
4186,227,20:23:00,1,,,,,,,,EXCLUDED,4,1,1
4186,228,20:23:30,1,,,,,,,,EXCLUDED,4,1,1
4186,229,20:24:00,1,,,,,,,,EXCLUDED,4,1,1
4186,230,20:24:30,1,,,,,,,,EXCLUDED,4,1,1
4186,231,20:25:00,1,,,,,,,,EXCLUDED,4,1,1
4186,232,20:25:30,1,,,,,,,,EXCLUDED,4,1,1
4186,233,20:26:00,1,,,,,,,,EXCLUDED,4,1,1
4186,234,20:26:30,1,,,,,,,,EXCLUDED,4,1,1
4186,235,20:27:00,1,,,,,,,,EXCLUDED,4,1,1
4186,236,20:27:30,1,,,,,,,,EXCLUDED,4,1,1
4186,237,20:28:00,1,,,,,,,,EXCLUDED,4,1,1
4186,238,20:28:30,1,,,,,,,,EXCLUDED,4,1,1
4186,239,20:29:00,1,,,,,,,,EXCLUDED,4,1,1
4186,240,20:29:30,1,,,,,,,,EXCLUDED,4,1,1
4186,241,20:30:00,1,,,,,,,,EXCLUDED,4,1,1
4186,242,20:30:30,1,,,,,,,,EXCLUDED,4,1,1
4186,243,20:31:00,1,,,,,,,,EXCLUDED,4,1,1
4186,244,20:31:30,1,,,,,,,,EXCLUDED,4,1,1
4186,245,20:32:00,1,,,,,,,,EXCLUDED,4,1,1
4186,246,20:32:30,1,,,,,,,,EXCLUDED,4,1,1
4186,247,20:33:00,1,,,,,,,,EXCLUDED,4,1,1
4186,248,20:33:30,1,,,,,,,,EXCLUDED,4,1,1
4186,249,20:34:00,1,,,,,,,,EXCLUDED,4,1,1
4186,250,20:34:30,1,,,,,,,,EXCLUDED,4,1,1
4186,251,20:35:00,1,,,,,,,,EXCLUDED,4,1,1
4186,252,20:35:30,1,,,,,,,,EXCLUDED,4,1,1
4186,253,20:36:00,1,,,,,,,,EXCLUDED,4,1,1
4186,254,20:36:30,1,,,,,,,,EXCLUDED,4,1,1
4186,255,20:37:00,1,,,,,,,,EXCLUDED,4,1,1
4186,256,20:37:30,1,,,,,,,,EXCLUDED,4,1,1
4186,257,20:38:00,1,,,,,,,,EXCLUDED,4,1,1
4186,258,20:38:30,1,,,,,,,,EXCLUDED,4,1,1
4186,259,20:39:00,1,,,,,,,,EXCLUDED,4,1,1
4186,260,20:39:30,1,,,,,,,,EXCLUDED,4,1,1
4186,261,20:40:00,1,,,,,,,,EXCLUDED,4,1,1
4186,262,20:40:30,1,,,,,,,,EXCLUDED,4,1,1
4186,263,20:41:00,1,,,,,,,,EXCLUDED,4,1,1
4186,264,20:41:30,1,,,,,,,,EXCLUDED,4,1,1
4186,265,20:42:00,1,,,,,,,,EXCLUDED,4,1,1
4186,266,20:42:30,1,,,,,,,,EXCLUDED,4,1,1
4186,267,20:43:00,1,,,,,,,,EXCLUDED,4,1,1
4186,268,20:43:30,1,,,,,,,,EXCLUDED,4,1,1
4186,269,20:44:00,1,,,,,,,,EXCLUDED,4,1,1
4186,270,20:44:30,1,,,,,,,,EXCLUDED,4,1,1
4186,271,20:45:00,1,,,,,,,,EXCLUDED,4,1,1
4186,272,20:45:30,1,,,,,,,,EXCLUDED,4,1,1
4186,273,20:46:00,1,,,,,,,,EXCLUDED,4,1,1
4186,274,20:46:30,1,,,,,,,,EXCLUDED,4,1,1
4186,275,20:47:00,1,,,,,,,,EXCLUDED,4,1,1
4186,276,20:47:30,1,,,,,,,,EXCLUDED,4,1,1
4186,277,20:48:00,1,,,,,,,,EXCLUDED,4,1,1
4186,278,20:48:30,1,,,,,,,,EXCLUDED,4,1,1
4186,279,20:49:00,1,,,,,,,,EXCLUDED,4,1,1
4186,280,20:49:30,1,,,,,,,,EXCLUDED,4,1,1
4186,281,20:50:00,1,,,,,,,,EXCLUDED,4,1,1
4186,282,20:50:30,1,,,,,,,,EXCLUDED,4,1,1
4186,283,20:51:00,1,,,,,,,,EXCLUDED,4,1,1
4186,284,20:51:30,1,,,,,,,,EXCLUDED,4,1,1
4186,285,20:52:00,1,,,,,,,,EXCLUDED,4,1,1
4186,286,20:52:30,1,,,,,,,,EXCLUDED,4,1,1
4186,287,20:53:00,1,,,,,,,,EXCLUDED,4,1,1
4186,288,20:53:30,1,,,,,,,,EXCLUDED,4,1,1
4186,289,20:54:00,1,,,,,,,,EXCLUDED,4,1,1
4186,290,20:54:30,1,,,,,,,,EXCLUDED,4,1,1
4186,291,20:55:00,1,,,,,,,,EXCLUDED,4,1,1
4186,292,20:55:30,1,,,,,,,,EXCLUDED,4,1,1
4186,293,20:56:00,1,,,,,,,,EXCLUDED,4,1,1
4186,294,20:56:30,1,,,,,,,,EXCLUDED,4,1,1
4186,295,20:57:00,1,,,,,,,,EXCLUDED,4,1,1
4186,296,20:57:30,1,,,,,,,,EXCLUDED,4,1,1
4186,297,20:58:00,1,,,,,,,,EXCLUDED,4,1,1
4186,298,20:58:30,1,,,,,,,,EXCLUDED,4,1,1
4186,299,20:59:00,1,,,,,,,,EXCLUDED,4,1,1
4186,300,20:59:30,1,,,,,,,,EXCLUDED,4,1,1
4186,301,21:00:00,1,,,,,,,1,EXCLUDED,4,1,1
4186,302,21:00:30,1,,,,,,,1,EXCLUDED,4,1,1
4186,303,21:01:00,1,,,,,,,1,EXCLUDED,4,1,1
4186,304,21:01:30,1,,,,,,,1,EXCLUDED,4,1,1
4186,305,21:02:00,0,34.00,1,428.4900,17.8000,42.2000,17.8000,1,ACTIVE,4,1,1
4186,306,21:02:30,0,61.00,0,401.2000,17.0000,39.6000,15.6000,1,ACTIVE,4,1,1
4186,307,21:03:00,0,4.00,0,751.8200,31.2000,74.2000,30.5000,1,ACTIVE,4,1,1
4186,308,21:03:30,0,47.00,0,402.0200,17.4000,39.6000,15.6000,1,ACTIVE,4,1,1
4186,309,21:04:00,0,13.00,0,420.7000,18.5000,41.3000,16.3000,1,ACTIVE,4,1,1
4186,310,21:04:30,0,19.00,0,420.6200,15.3000,42.2000,15.6000,1,ACTIVE,4,1,1
4186,311,21:05:00,0,11.00,0,703.1300,28.6000,69.5000,28.6000,1,ACTIVE,4,1,1
4186,312,21:05:30,0,61.00,0,748.9300,30.5000,74.2000,29.2000,1,ACTIVE,4,1,1
4186,313,21:06:00,0,0.00,0,751.8200,31.2000,74.2000,30.5000,0,ACTIVE,4,1,1
4186,314,21:06:30,0,0.00,0,766.7700,31.2000,75.8000,31.2000,1,ACTIVE,4,1,1
4186,315,21:07:00,0,67.00,0,796.1600,31.2000,79.2000,31.2000,1,ACTIVE,4,1,1
4186,316,21:07:30,0,47.00,0,630.9600,25.7000,62.4000,25.7000,1,ACTIVE,4,1,1
4186,317,21:08:00,0,226.00,0,281.2300,10.8000,28.0000,11.3000,1,ACTIVE,4,1,1
4186,318,21:08:30,0,89.00,0,1.4200,0.2900,0.0880,0.0070,1,ACTIVE,4,1,1
4186,319,21:09:00,0,70.00,0,5.3100,0.5200,0.4670,0.0679,1,ACTIVE,4,1,1
4186,320,21:09:30,0,49.00,0,5.3600,0.5430,0.4670,0.0679,1,ACTIVE,4,1,1
4186,321,21:10:00,0,27.00,0,4.5500,1.0200,0.2600,0.0256,1,ACTIVE,4,1,1
4186,322,21:10:30,0,106.00,0,4.6000,0.5310,0.3840,0.0571,1,ACTIVE,4,1,1
4186,323,21:11:00,0,47.00,0,4.7000,0.4370,0.4190,0.0571,1,ACTIVE,4,1,1
4186,324,21:11:30,0,89.00,0,3.8100,0.3920,0.3300,0.0440,1,ACTIVE,4,1,1
4186,325,21:12:00,0,167.00,0,1.1000,0.1330,0.0880,0.0292,1,ACTIVE,4,1,1
4186,326,21:12:30,0,162.00,0,17.0100,2.9400,1.1800,0.1240,1,ACTIVE,4,1,1
4186,327,21:13:00,0,65.00,0,33.0300,6.5600,2.0800,0.2960,1,ACTIVE,4,1,1
4186,328,21:13:30,0,2.00,0,7.5400,1.5400,0.4670,0.0571,1,ACTIVE,4,1,1
4186,329,21:14:00,0,1.00,0,7.9600,1.6400,0.4870,0.0622,0,ACTIVE,4,1,1
4186,330,21:14:30,0,4.00,0,9.4900,1.9100,0.5920,0.0773,0,ACTIVE,4,1,1
4186,331,21:15:00,0,0.00,0,6.7100,1.3500,0.4190,0.0535,0,ACTIVE,4,1,1
4186,332,21:15:30,0,0.00,0,6.0300,1.1800,0.3840,0.0480,0,ACTIVE,4,1,1
4186,333,21:16:00,0,0.00,0,6.4600,1.2400,0.4190,0.0535,0,ACTIVE,4,1,1
4186,334,21:16:30,0,0.00,0,6.5200,1.2600,0.4190,0.0535,0,ACTIVE,4,1,1
4186,335,21:17:00,0,1.00,0,6.6800,1.2600,0.4370,0.0535,0,ACTIVE,4,1,1
4186,336,21:17:30,0,0.00,0,6.3900,1.2100,0.4190,0.0480,0,ACTIVE,4,1,1
4186,337,21:18:00,0,0.00,0,6.5200,1.2600,0.4190,0.0535,0,ACTIVE,4,1,1
4186,338,21:18:30,0,2.00,0,7.5100,1.4400,0.4870,0.0571,0,ACTIVE,4,1,1
4186,339,21:19:00,0,0.00,0,7.8000,1.5700,0.4870,0.0571,0,ACTIVE,4,1,1
4186,340,21:19:30,0,0.00,0,7.9500,1.6400,0.4870,0.0571,0,ACTIVE,4,1,1
4186,341,21:20:00,0,0.00,0,7.7700,1.6400,0.4670,0.0571,0,ACTIVE,4,1,1
4186,342,21:20:30,0,7.00,0,7.2200,1.2600,0.4980,0.0622,0,ACTIVE,4,1,1
4186,343,21:21:00,0,0.00,0,4.6600,0.8940,0.3030,0.0347,0,ACTIVE,4,1,1
4186,344,21:21:30,0,2.00,0,6.3900,1.2100,0.4190,0.0480,0,ACTIVE,4,1,1
4186,345,21:22:00,0,0.00,0,5.7400,1.0900,0.3760,0.0440,0,ACTIVE,4,1,1
4186,346,21:22:30,0,0.00,0,5.9800,1.1600,0.3840,0.0480,0,ACTIVE,4,1,1
4186,347,21:23:00,0,0.00,0,6.0300,1.1800,0.3840,0.0480,0,ACTIVE,4,1,1
4186,348,21:23:30,0,0.00,0,6.4500,1.2400,0.4190,0.0480,0,ACTIVE,4,1,1
4186,349,21:24:00,0,0.00,0,6.1500,1.2400,0.3840,0.0480,0,ACTIVE,4,1,1
4186,350,21:24:30,0,0.00,0,6.4500,1.2400,0.4190,0.0480,0,ACTIVE,4,1,1
4186,351,21:25:00,0,0.00,0,6.5700,1.2900,0.4190,0.0480,0,ACTIVE,4,1,1
4186,352,21:25:30,0,54.00,0,21.9500,6.7000,0.8020,0.1120,1,ACTIVE,4,1,1
4186,353,21:26:00,0,26.00,0,10.1000,2.0800,0.6180,0.0773,1,ACTIVE,4,1,1
4186,354,21:26:30,0,6.00,0,24.7700,5.1700,1.5000,0.1720,1,ACTIVE,4,1,1
4186,355,21:27:00,0,25.00,0,59.1000,9.6800,4.1600,1.1600,1,ACTIVE,4,1,1
4186,356,21:27:30,0,40.00,0,62.2000,10.3000,4.3400,1.2100,1,ACTIVE,4,1,1
4186,357,21:28:00,0,28.00,0,46.8100,7.4700,3.3500,0.8940,1,ACTIVE,4,1,1
4186,358,21:28:30,0,45.00,0,54.1700,8.8800,3.8100,1.0400,1,ACTIVE,4,1,1
4186,359,21:29:00,0,1.00,0,47.6400,9.6800,2.9400,0.4370,0,ACTIVE,4,1,1
4186,360,21:29:30,0,9.00,0,55.3500,9.0700,3.9000,1.0600,0,ACTIVE,4,1,1
4186,361,21:30:00,0,0.00,0,43.2700,8.6900,2.7000,0.4010,0,ACTIVE,4,1,1
4186,362,21:30:30,0,3.00,0,42.8500,8.5000,2.7000,0.4010,0,ACTIVE,4,1,1
4186,363,21:31:00,0,0.00,0,54.1700,8.8800,3.8100,1.0400,0,ACTIVE,4,1,1
4186,364,21:31:30,0,9.00,0,55.7900,9.2700,3.9000,1.0600,0,ACTIVE,4,1,1
4186,365,21:32:00,0,8.00,0,53.3400,8.5000,3.8100,1.0400,0,ACTIVE,4,1,1
4186,366,21:32:30,0,10.00,0,52.9600,8.3200,3.8100,1.0600,0,ACTIVE,4,1,1
4186,367,21:33:00,0,7.00,0,53.7100,8.3200,3.9000,1.0900,0,ACTIVE,4,1,1
4186,368,21:33:30,0,22.00,0,44.7400,8.8800,2.8200,0.4100,1,ACTIVE,4,1,1
4186,369,21:34:00,0,16.00,0,56.9600,8.6900,4.1600,1.2100,0,ACTIVE,4,1,1
4186,370,21:34:30,0,6.00,0,55.7800,8.8800,3.9800,1.1600,0,ACTIVE,4,1,1
4186,371,21:35:00,0,0.00,0,42.5200,7.6300,2.8800,0.4100,0,ACTIVE,4,1,1
4186,372,21:35:30,0,0.00,0,41.7600,7.3100,2.8800,0.3680,0,ACTIVE,4,1,1
4186,373,21:36:00,0,1.00,0,39.7900,7.1500,2.7000,0.3300,0,ACTIVE,4,1,1
4186,374,21:36:30,0,0.00,0,38.4300,7.0000,2.5800,0.3160,0,ACTIVE,4,1,1
4186,375,21:37:00,0,7.00,0,39.3700,7.6300,2.5300,0.3370,0,ACTIVE,4,1,1
4186,376,21:37:30,0,1.00,0,52.7000,8.8800,3.6500,0.9960,0,ACTIVE,4,1,1
4186,377,21:38:00,0,0.00,0,39.9600,8.3200,2.4200,0.3450,0,ACTIVE,4,1,1
4186,378,21:38:30,0,1.00,0,37.8800,7.8000,2.3200,0.3160,0,ACTIVE,4,1,1
4186,379,21:39:00,0,1.00,0,37.8900,7.8000,2.3200,0.3230,0,ACTIVE,4,1,1
4186,380,21:39:30,0,1.00,0,37.8700,7.8000,2.3200,0.3090,0,ACTIVE,4,1,1
4186,381,21:40:00,0,1.00,0,36.6200,7.6300,2.2200,0.2900,0,ACTIVE,4,1,1
4186,382,21:40:30,0,19.00,0,42.3300,8.5000,2.6400,0.3840,0,ACTIVE,4,1,1
4186,383,21:41:00,0,0.00,0,52.9800,8.6900,3.7300,0.9960,0,ACTIVE,4,1,1
4186,384,21:41:30,0,4.00,0,43.2700,8.6900,2.7000,0.4010,0,ACTIVE,4,1,1
4186,385,21:42:00,0,2.00,0,53.4000,8.8800,3.7300,0.9960,0,ACTIVE,4,1,1
4186,386,21:42:30,0,0.00,0,52.2600,8.6900,3.6500,0.9750,0,ACTIVE,4,1,1
4186,387,21:43:00,0,0.00,0,53.3800,8.8800,3.7300,0.9750,0,ACTIVE,4,1,1
4186,388,21:43:30,0,2.00,0,46.6100,9.4700,2.8800,0.4190,0,ACTIVE,4,1,1
4186,389,21:44:00,0,1.00,0,54.9200,8.8800,3.9000,1.0600,0,ACTIVE,4,1,1
4186,390,21:44:30,0,4.00,0,53.7500,8.6900,3.8100,1.0400,0,ACTIVE,4,1,1
4186,391,21:45:00,0,4.00,0,54.9000,8.8800,3.9000,1.0400,0,ACTIVE,4,1,1
4186,392,21:45:30,0,38.00,0,54.0700,8.5000,3.9000,1.0400,1,ACTIVE,4,1,1
4186,393,21:46:00,0,1.00,0,46.1600,9.2700,2.8800,0.4190,0,ACTIVE,4,1,1
4186,394,21:46:30,0,1.00,0,46.6100,9.4700,2.8800,0.4190,0,ACTIVE,4,1,1
4186,395,21:47:00,0,43.00,0,40.3700,7.6300,2.6400,0.3600,1,ACTIVE,4,1,1
4186,396,21:47:30,0,20.00,0,45.2500,8.8800,2.8800,0.3840,1,ACTIVE,4,1,1
4186,397,21:48:00,0,2.00,0,58.9300,9.2700,4.2500,1.1100,0,ACTIVE,4,1,1
4186,398,21:48:30,0,1.00,0,44.7400,8.8800,2.8200,0.4100,0,ACTIVE,4,1,1
4186,399,21:49:00,0,0.00,0,43.6900,8.8800,2.7000,0.4010,0,ACTIVE,4,1,1
4186,400,21:49:30,0,36.00,0,44.2000,8.8800,2.7600,0.4010,1,ACTIVE,4,1,1
4186,401,21:50:00,0,0.00,0,43.4100,8.3200,2.8200,0.3230,0,ACTIVE,4,1,1
4186,402,21:50:30,0,0.00,0,41.5600,7.9700,2.7000,0.3030,0,ACTIVE,4,1,1
4186,403,21:51:00,0,0.00,0,41.0600,7.9700,2.6400,0.3030,0,ACTIVE,4,1,1
4186,404,21:51:30,0,0.00,0,41.5700,7.9700,2.7000,0.3090,0,ACTIVE,4,1,1
4186,405,21:52:00,0,1.00,0,42.3600,8.3200,2.7000,0.3160,0,ACTIVE,4,1,1
4186,406,21:52:30,0,17.00,0,31.8000,6.7000,1.9100,0.2600,0,ACTIVE,4,1,1
4186,407,21:53:00,0,6.00,0,9.0400,2.1300,0.4870,0.0679,0,ACTIVE,4,1,1
4186,408,21:53:30,0,0.00,0,5.4400,0.7350,0.4190,0.1330,0,ACTIVE,4,1,1
4186,409,21:54:00,0,10.00,0,9.7100,1.5700,0.6890,0.1920,0,ACTIVE,4,1,1
4186,410,21:54:30,0,18.00,0,15.1100,3.0700,0.9330,0.1360,1,ACTIVE,4,1,1
4186,411,21:55:00,0,2.00,0,9.7400,1.5000,0.7040,0.2280,0,ACTIVE,4,1,1
4186,412,21:55:30,0,3.00,0,16.7100,3.9000,0.8940,0.2490,0,ACTIVE,4,1,1
4186,413,21:56:00,0,27.00,0,35.9500,7.3100,2.2200,0.3300,1,ACTIVE,4,1,1
4186,414,21:56:30,0,0.00,0,62.1500,10.3000,4.3400,1.1600,0,ACTIVE,4,1,1
4186,415,21:57:00,0,0.00,0,60.8400,10.1000,4.2500,1.1600,0,ACTIVE,4,1,1
4186,416,21:57:30,0,1.00,0,59.5100,9.8900,4.1600,1.1100,0,ACTIVE,4,1,1
4186,417,21:58:00,0,0.00,0,60.8400,10.1000,4.2500,1.1600,0,ACTIVE,4,1,1
4186,418,21:58:30,0,1.00,0,62.1500,10.3000,4.3400,1.1600,0,ACTIVE,4,1,1
4186,419,21:59:00,0,0.00,0,60.8400,10.1000,4.2500,1.1600,0,ACTIVE,4,1,1
4186,420,21:59:30,0,0.00,0,60.8400,10.1000,4.2500,1.1600,0,ACTIVE,4,1,1
4186,421,22:00:00,0,22.00,0,60.8400,10.1000,4.2500,1.1600,1,ACTIVE,4,1,1
4186,422,22:00:30,0,6.00,0,66.4100,11.0000,4.6400,1.3200,0,ACTIVE,4,1,1
4186,423,22:01:00,0,0.00,0,67.3000,11.0000,4.7400,1.3200,0,ACTIVE,4,1,1
4186,424,22:01:30,0,0.00,0,65.8600,10.8000,4.6400,1.2900,0,ACTIVE,4,1,1
4186,425,22:02:00,0,0.00,0,64.4500,10.6000,4.5400,1.2600,0,ACTIVE,4,1,1
4186,426,22:02:30,0,0.00,0,64.4800,10.6000,4.5400,1.2900,0,ACTIVE,4,1,1
4186,427,22:03:00,0,0.00,0,65.8600,10.8000,4.6400,1.2900,0,ACTIVE,4,1,1
4186,428,22:03:30,0,0.00,0,63.5900,10.6000,4.4400,1.2600,0,ACTIVE,4,1,1
4186,429,22:04:00,0,0.00,0,63.0400,10.3000,4.4400,1.2100,0,ACTIVE,4,1,1
4186,430,22:04:30,0,0.00,0,63.5700,10.6000,4.4400,1.2400,0,ACTIVE,4,1,1
4186,431,22:05:00,0,17.00,0,61.6600,10.1000,4.3400,1.1600,0,ACTIVE,4,1,1
4186,432,22:05:30,0,12.00,0,32.6200,5.0600,2.3700,0.6460,0,ACTIVE,4,1,1
4186,433,22:06:00,0,2.00,0,22.4100,3.2800,1.6700,0.4570,0,ACTIVE,4,1,1
4186,434,22:06:30,0,1.00,0,19.9400,3.8100,1.2900,0.1840,0,ACTIVE,4,1,1
4186,435,22:07:00,0,0.00,0,25.5200,4.9500,1.6400,0.2140,0,ACTIVE,4,1,1
4186,436,22:07:30,0,0.00,0,27.5800,5.2800,1.7900,0.2330,0,ACTIVE,4,1,1
4186,437,22:08:00,0,0.00,0,32.0800,6.1400,2.0800,0.2600,0,ACTIVE,4,1,1
4186,438,22:08:30,0,43.00,0,28.8800,4.1600,2.1700,0.6050,1,ACTIVE,4,1,1
4186,439,22:09:00,0,65.00,0,34.3400,7.1500,2.0800,0.2900,1,ACTIVE,4,1,1
4186,440,22:09:30,0,9.00,0,59.5400,9.8900,4.1600,1.1300,1,ACTIVE,4,1,1
4186,441,22:10:00,0,1.00,0,59.5100,9.8900,4.1600,1.1100,0,ACTIVE,4,1,1
4186,442,22:10:30,0,0.00,0,59.0400,9.6800,4.1600,1.1100,0,ACTIVE,4,1,1
4186,443,22:11:00,0,10.00,0,59.5400,9.8900,4.1600,1.1300,1,ACTIVE,4,1,1
4186,444,22:11:30,0,82.00,0,24.4700,4.7400,1.5700,0.2280,1,ACTIVE,4,1,1
4186,445,22:12:00,0,43.00,0,43.6400,8.1400,2.8800,0.4010,1,ACTIVE,4,1,1
4186,446,22:12:30,0,22.00,0,46.4100,8.8800,3.0100,0.4190,1,ACTIVE,4,1,1
4186,447,22:13:00,0,0.00,0,42.8800,8.3200,2.7600,0.3230,0,ACTIVE,4,1,1
4186,448,22:13:30,0,6.00,0,43.2600,8.5000,2.7600,0.3030,0,ACTIVE,4,1,1
4186,449,22:14:00,0,3.00,0,45.7500,8.8800,2.9400,0.3300,0,ACTIVE,4,1,1
4186,450,22:14:30,0,0.00,0,47.3500,9.0700,3.0700,0.3600,1,ACTIVE,4,1,1
4186,451,22:15:00,0,82.00,0,43.2200,8.6900,2.7000,0.3600,1,ACTIVE,4,1,1
4186,452,22:15:30,0,140.00,0,24.8100,5.1700,1.5000,0.2050,1,ACTIVE,4,1,1
4186,453,22:16:00,0,19.00,0,54.6000,9.0700,3.8100,1.0400,1,ACTIVE,4,1,1
4186,454,22:16:30,0,29.00,0,41.6600,7.9700,2.7000,0.3920,1,ACTIVE,4,1,1
4186,455,22:17:00,0,0.00,0,62.0400,9.8900,4.4400,1.1800,0,ACTIVE,4,1,1
4186,456,22:17:30,0,30.00,0,33.1200,6.4200,2.1300,0.2960,1,ACTIVE,4,1,1
4186,457,22:18:00,0,12.00,0,33.0300,6.5600,2.0800,0.2960,1,ACTIVE,4,1,1
4186,458,22:18:30,0,49.00,0,42.4300,8.3200,2.7000,0.3840,1,ACTIVE,4,1,1
4186,459,22:19:00,0,54.00,0,34.9200,6.8500,2.2200,0.3160,1,ACTIVE,4,1,1
4186,460,22:19:30,0,19.00,0,59.5100,9.8900,4.1600,1.1100,1,ACTIVE,4,1,1
4186,461,22:20:00,0,3.00,0,64.4200,10.6000,4.5400,1.2400,0,ACTIVE,4,1,1
4186,462,22:20:30,0,18.00,0,63.0400,10.3000,4.4400,1.2100,1,ACTIVE,4,1,1
4186,463,22:21:00,0,1.00,0,63.5400,10.6000,4.4400,1.2100,0,ACTIVE,4,1,1
4186,464,22:21:30,0,1.00,0,65.8000,10.8000,4.6400,1.2400,0,ACTIVE,4,1,1
4186,465,22:22:00,0,0.00,0,65.8000,10.8000,4.6400,1.2400,0,ACTIVE,4,1,1
4186,466,22:22:30,0,0.00,0,63.5400,10.6000,4.4400,1.2100,0,ACTIVE,4,1,1
4186,467,22:23:00,0,0.00,0,63.5400,10.6000,4.4400,1.2100,0,ACTIVE,4,1,1
4186,468,22:23:30,0,10.00,0,65.8000,10.8000,4.6400,1.2400,0,ACTIVE,4,1,1
4186,469,22:24:00,0,19.00,0,55.7900,9.2700,3.9000,1.0600,1,ACTIVE,4,1,1
4186,470,22:24:30,0,2.00,0,62.2000,10.3000,4.3400,1.2100,0,ACTIVE,4,1,1
4186,471,22:25:00,0,0.00,0,57.0100,9.4700,3.9800,1.0900,0,ACTIVE,4,1,1
4186,472,22:25:30,0,1.00,0,55.7900,9.2700,3.9000,1.0600,0,ACTIVE,4,1,1
4186,473,22:26:00,0,7.00,0,63.5400,10.6000,4.4400,1.2100,0,ACTIVE,4,1,1
4186,474,22:26:30,0,30.00,0,43.2700,8.6900,2.7000,0.4010,1,ACTIVE,4,1,1
4186,475,22:27:00,0,0.00,0,63.5400,10.6000,4.4400,1.2100,0,ACTIVE,4,1,1
4186,476,22:27:30,0,3.00,0,53.4000,8.8800,3.7300,0.9960,0,ACTIVE,4,1,1
4186,477,22:28:00,0,7.00,0,7.0700,1.4400,0.4370,0.0571,1,ACTIVE,4,1,1
4186,478,22:28:30,0,54.00,0,34.8400,6.4200,2.3200,0.3300,1,ACTIVE,4,1,1
4186,479,22:29:00,0,140.00,0,37.2000,6.4200,2.5800,0.3680,1,ACTIVE,4,1,1
4186,480,22:29:30,0,82.00,0,40.2600,7.8000,2.5800,0.3760,1,ACTIVE,4,1,1
4186,481,22:30:00,0,82.00,0,13.0600,3.0100,0.7200,0.1020,1,ACTIVE,4,1,1
4186,482,22:30:30,0,82.00,0,33.3400,4.7400,2.5300,0.6740,1,ACTIVE,4,1,1
4186,483,22:31:00,0,15.00,0,26.5300,3.0700,2.1700,0.6600,1,ACTIVE,4,1,1
4186,484,22:31:30,0,56.00,0,33.1100,3.6500,2.7600,0.8200,1,ACTIVE,4,1,1
4186,485,22:32:00,0,58.00,0,39.8800,7.6300,2.5800,0.3600,1,ACTIVE,4,1,1
4186,486,22:32:30,0,28.00,0,34.5600,6.7000,2.2200,0.2840,1,ACTIVE,4,1,1
4186,487,22:33:00,0,43.00,0,34.2600,6.5600,2.2200,0.3030,1,ACTIVE,4,1,1
4186,488,22:33:30,0,47.00,0,22.4000,4.3400,1.4400,0.1760,1,ACTIVE,4,1,1
4186,489,22:34:00,0,70.00,0,20.9900,4.0700,1.3500,0.1650,1,ACTIVE,4,1,1
4186,490,22:34:30,0,24.00,0,35.0000,6.7000,2.2700,0.3030,1,ACTIVE,4,1,1
4186,491,22:35:00,0,173.00,0,41.2500,4.9500,3.3500,0.8940,1,ACTIVE,4,1,1
4186,492,22:35:30,0,0.00,0,57.2700,8.8800,4.1600,1.1100,1,ACTIVE,4,1,1
4186,493,22:36:00,0,89.00,0,52.5600,7.8000,3.9000,1.0900,1,ACTIVE,4,1,1
4186,494,22:36:30,0,162.00,0,33.4800,4.9500,2.5300,0.3760,1,ACTIVE,4,1,1
4186,495,22:37:00,0,36.00,0,38.2000,7.3100,2.4700,0.3600,1,ACTIVE,4,1,1
4186,496,22:37:30,0,18.00,0,50.0700,8.3200,3.5000,0.9540,1,ACTIVE,4,1,1
4186,497,22:38:00,0,4.00,0,33.9200,5.6300,2.3700,0.6600,1,ACTIVE,4,1,1
4186,498,22:38:30,0,24.00,0,27.9900,5.7600,1.7100,0.2490,1,ACTIVE,4,1,1
4186,499,22:39:00,0,31.00,0,40.0000,6.5600,2.8200,0.7680,1,ACTIVE,4,1,1
4186,500,22:39:30,0,8.00,0,57.8300,9.4700,4.0700,1.1300,0,ACTIVE,4,1,1
4186,501,22:40:00,0,24.00,0,40.8700,6.7000,2.8800,0.7850,1,ACTIVE,4,1,1
4186,502,22:40:30,0,0.00,0,31.5500,6.4200,1.9500,0.2770,0,ACTIVE,4,1,1
4186,503,22:41:00,0,16.00,0,34.7600,7.1500,2.1300,0.3160,1,ACTIVE,4,1,1
4186,504,22:41:30,0,43.00,0,53.7500,8.6900,3.8100,1.0400,1,ACTIVE,4,1,1
4186,505,22:42:00,0,21.00,0,64.4500,10.6000,4.5400,1.2600,1,ACTIVE,4,1,1
4186,506,22:42:30,0,1.00,0,68.2400,11.0000,4.8400,1.3500,0,ACTIVE,4,1,1
4186,507,22:43:00,0,70.00,0,63.4300,10.1000,4.5400,1.2400,1,ACTIVE,4,1,1
4186,508,22:43:30,0,30.00,0,51.9200,8.5000,3.6500,1.0400,1,ACTIVE,4,1,1
4186,509,22:44:00,0,10.00,0,51.9200,8.5000,3.6500,1.0400,1,ACTIVE,4,1,1
4186,510,22:44:30,0,0.00,0,52.2200,8.3200,3.7300,1.0400,0,ACTIVE,4,1,1
4186,511,22:45:00,0,7.00,0,55.3000,8.6900,3.9800,1.1100,0,ACTIVE,4,1,1
4186,512,22:45:30,0,2.00,0,49.4000,8.8800,3.3500,0.4010,0,ACTIVE,4,1,1
4186,513,22:46:00,0,17.00,0,47.1000,8.6900,3.1400,0.3680,0,ACTIVE,4,1,1
4186,514,22:46:30,0,0.00,0,35.6800,6.4200,2.4200,0.2770,0,ACTIVE,4,1,1
4186,515,22:47:00,0,4.00,0,37.7500,6.7000,2.5800,0.2900,0,ACTIVE,4,1,1
4186,516,22:47:30,0,0.00,0,39.2500,7.1500,2.6400,0.3030,0,ACTIVE,4,1,1
4186,517,22:48:00,0,0.00,0,39.2500,7.1500,2.6400,0.3030,0,ACTIVE,4,1,1
4186,518,22:48:30,0,1.00,0,40.4700,7.4700,2.7000,0.3160,0,ACTIVE,4,1,1
4186,519,22:49:00,0,0.00,0,35.2200,6.4200,2.3700,0.2660,0,ACTIVE,4,1,1
4186,520,22:49:30,0,1.00,0,38.4000,7.0000,2.5800,0.2900,0,ACTIVE,4,1,1
4186,521,22:50:00,0,1.00,0,37.2500,6.7000,2.5300,0.2770,0,ACTIVE,4,1,1
4186,522,22:50:30,0,1.00,0,41.1800,7.3100,2.8200,0.3300,0,ACTIVE,4,1,1
4186,523,22:51:00,0,17.00,0,19.8000,3.6500,1.3200,0.1550,1,ACTIVE,4,1,1
4186,524,22:51:30,0,18.00,0,25.3900,5.1700,1.5700,0.2090,1,ACTIVE,4,1,1
4186,525,22:52:00,0,20.00,0,55.3500,9.0700,3.9000,1.0600,1,ACTIVE,4,1,1
4186,526,22:52:30,0,12.00,0,54.1700,8.8800,3.8100,1.0400,1,ACTIVE,4,1,1
4186,527,22:53:00,0,11.00,0,57.8000,9.4700,4.0700,1.1100,1,ACTIVE,4,1,1
4186,528,22:53:30,0,28.00,0,57.8000,9.4700,4.0700,1.1100,1,ACTIVE,4,1,1
4186,529,22:54:00,0,40.00,0,53.3600,8.5000,3.8100,1.0600,1,ACTIVE,4,1,1
4186,530,22:54:30,0,2.00,0,54.6200,9.0700,3.8100,1.0600,0,ACTIVE,4,1,1
4186,531,22:55:00,0,2.00,0,54.6200,9.0700,3.8100,1.0600,0,ACTIVE,4,1,1
4186,532,22:55:30,0,1.00,0,55.8200,9.2700,3.9000,1.0900,0,ACTIVE,4,1,1
4186,533,22:56:00,0,8.00,0,55.8200,9.2700,3.9000,1.0900,0,ACTIVE,4,1,1
4186,534,22:56:30,0,49.00,0,53.4500,8.8800,3.7300,1.0400,1,ACTIVE,4,1,1
4186,535,22:57:00,0,0.00,0,52.2600,8.6900,3.6500,0.9750,0,ACTIVE,4,1,1
4186,536,22:57:30,0,7.00,0,56.5900,9.2700,3.9800,1.1100,1,ACTIVE,4,1,1
4186,537,22:58:00,0,49.00,0,47.1200,7.3100,3.4200,0.9130,1,ACTIVE,4,1,1
4186,538,22:58:30,0,82.00,0,53.3400,8.5000,3.8100,1.0400,1,ACTIVE,4,1,1
4186,539,22:59:00,0,218.00,0,4.1200,1.1100,0.1880,0.0206,1,ACTIVE,4,1,1
4186,540,22:59:30,0,226.00,0,1.0800,0.1360,0.0880,0.0115,1,ACTIVE,4,1,1
4186,541,23:00:00,0,65.00,0,5.3500,0.6600,0.4370,0.0535,1,ACTIVE,4,1,1
4186,542,23:00:30,0,118.00,0,336.3700,15.9000,33.3000,8.8800,1,ACTIVE,4,1,1
4186,543,23:01:00,0,109.00,0,1.9200,0.4670,0.1000,0.0070,1,ACTIVE,4,1,1
4186,544,23:01:30,0,191.00,0,5.1000,1.6000,0.1760,0.0162,1,ACTIVE,4,1,1
4186,545,23:02:00,0,140.00,0,1.5500,0.3370,0.0880,0.0292,1,ACTIVE,4,1,1
4186,546,23:02:30,0,82.00,0,1.0500,0.2600,0.0523,0.0173,1,ACTIVE,4,1,1
4186,547,23:03:00,0,140.00,0,1.1000,0.2490,0.0622,0.0070,1,ACTIVE,4,1,1
4186,548,23:03:30,0,131.00,0,0.8800,0.1840,0.0523,0.0173,1,ACTIVE,4,1,1
4186,549,23:04:00,0,75.00,0,1.6500,0.1360,0.1510,0.0206,1,ACTIVE,4,1,1
4186,550,23:04:30,0,102.00,0,16.1500,1.6400,1.4100,0.1760,1,ACTIVE,4,1,1
4186,551,23:05:00,0,131.00,0,29.2500,2.4200,2.6400,0.7200,1,ACTIVE,4,1,1
4186,552,23:05:30,0,70.00,1,345.6800,33.3000,30.5000,4.4400,1,REST,4,1,1
4186,553,23:06:00,0,211.00,0,0.9100,0.0470,0.0880,0.0292,1,REST,4,1,1
4186,554,23:06:30,0,43.00,0,1.4500,0.0807,0.1390,0.0523,1,REST-S,4,1,1
4186,555,23:07:00,0,0.00,0,1.2500,0.0559,0.1220,0.0523,1,REST-S,4,1,1
4186,556,23:07:30,0,1.00,0,1.2200,0.0470,0.1220,0.0412,0,REST-S,4,1,1
4186,557,23:08:00,0,0.00,0,1.2600,0.0679,0.1220,0.0412,0,REST-S,4,1,1
4186,558,23:08:30,0,0.00,0,1.2600,0.0679,0.1220,0.0412,0,REST-S,4,1,1
4186,559,23:09:00,0,0.00,0,1.2400,0.0596,0.1220,0.0412,0,REST-S,4,1,1
4186,560,23:09:30,0,0.00,0,1.2700,0.0724,0.1220,0.0412,0,REST-S,4,1,1
4186,561,23:10:00,0,0.00,0,1.0600,0.0724,0.1000,0.0162,0,REST-S,4,1,1
4186,562,23:10:30,0,0.00,0,1.2700,0.0724,0.1220,0.0412,0,REST-S,4,1,1
4186,563,23:11:00,0,0.00,0,1.2600,0.0679,0.1220,0.0412,0,REST-S,4,1,1
4186,564,23:11:30,0,0.00,0,1.2600,0.0679,0.1220,0.0412,0,REST-S,4,1,1
4186,565,23:12:00,0,0.00,0,1.2600,0.0679,0.1220,0.0412,0,REST-S,4,1,1
4186,566,23:12:30,0,0.00,0,1.2400,0.0596,0.1220,0.0412,0,REST-S,4,1,1
4186,567,23:13:00,0,0.00,0,1.2700,0.0724,0.1220,0.0412,0,REST-S,4,1,1
4186,568,23:13:30,0,0.00,0,1.2600,0.0679,0.1220,0.0412,0,REST-S,4,1,1
4186,569,23:14:00,0,0.00,0,0.9300,0.0679,0.0880,0.0115,0,REST-S,4,1,1
4186,570,23:14:30,0,0.00,0,1.2400,0.0559,0.1220,0.0412,0,REST-S,4,1,1
4186,571,23:15:00,0,0.00,0,1.2600,0.0679,0.1220,0.0412,0,REST-S,4,1,1
4186,572,23:15:30,0,0.00,0,1.4100,0.0559,0.1390,0.0650,0,REST-S,4,1,1
4186,573,23:16:00,0,0.00,0,0.9100,0.0470,0.0880,0.0292,0,REST-S,4,1,1
4186,574,23:16:30,0,0.00,0,0.9100,0.0559,0.0880,0.0115,0,REST-S,4,1,1
4186,575,23:17:00,0,0.00,0,1.2700,0.0724,0.1220,0.0412,0,REST-S,4,1,1
4186,576,23:17:30,0,0.00,0,1.2700,0.0724,0.1220,0.0412,0,REST-S,4,1,1
4186,577,23:18:00,0,0.00,0,1.2700,0.0724,0.1220,0.0412,0,REST-S,4,1,1
4186,578,23:18:30,0,0.00,0,1.2700,0.0724,0.1220,0.0412,0,REST-S,4,1,1
4186,579,23:19:00,0,0.00,0,0.9500,0.0679,0.0880,0.0292,0,REST-S,4,1,1
4186,580,23:19:30,0,0.00,0,1.2700,0.0724,0.1220,0.0412,0,REST-S,4,1,1
4186,581,23:20:00,0,0.00,0,1.2600,0.0679,0.1220,0.0412,0,REST-S,4,1,1
4186,582,23:20:30,0,0.00,0,1.2600,0.0679,0.1220,0.0412,0,REST-S,4,1,1
4186,583,23:21:00,0,0.00,0,1.2400,0.0559,0.1220,0.0412,0,REST-S,4,1,1
4186,584,23:21:30,0,0.00,0,0.9100,0.0470,0.0880,0.0292,0,REST-S,4,1,1
4186,585,23:22:00,0,0.00,0,1.2400,0.0559,0.1220,0.0412,0,REST-S,4,1,1
4186,586,23:22:30,0,0.00,0,1.2700,0.0724,0.1220,0.0412,0,REST-S,4,1,1
4186,587,23:23:00,0,0.00,0,1.2600,0.0679,0.1220,0.0412,0,REST-S,4,1,1
4186,588,23:23:30,0,0.00,0,0.9300,0.0679,0.0880,0.0115,0,REST-S,4,1,1
4186,589,23:24:00,0,0.00,0,1.2700,0.0724,0.1220,0.0412,0,REST-S,4,1,1
4186,590,23:24:30,0,0.00,0,1.2700,0.0724,0.1220,0.0412,0,REST-S,4,1,1
4186,591,23:25:00,0,0.00,0,1.2700,0.0724,0.1220,0.0412,0,REST-S,4,1,1
4186,592,23:25:30,0,0.00,0,0.9500,0.0679,0.0880,0.0292,0,REST-S,4,1,1
4186,593,23:26:00,0,0.00,0,0.9200,0.0596,0.0880,0.0115,0,REST-S,4,1,1
4186,594,23:26:30,0,0.00,0,0.9300,0.0596,0.0880,0.0292,0,REST-S,4,1,1
4186,595,23:27:00,0,0.00,0,0.9300,0.0596,0.0880,0.0292,0,REST-S,4,1,1
4186,596,23:27:30,0,0.00,0,1.2400,0.0559,0.1220,0.0412,0,REST-S,4,1,1
4186,597,23:28:00,0,0.00,0,1.2600,0.0679,0.1220,0.0412,0,REST-S,4,1,1
4186,598,23:28:30,0,0.00,0,1.2600,0.0679,0.1220,0.0412,0,REST-S,4,1,1
4186,599,23:29:00,0,122.00,0,0.9300,0.0596,0.0880,0.0292,1,REST-S,4,1,1
4186,600,23:29:30,0,3.00,0,0.5500,0.0339,0.0523,0.0173,0,REST-S,4,1,1
4186,601,23:30:00,0,0.00,0,0.5700,0.0431,0.0523,0.0173,0,REST-S,4,1,1
4186,602,23:30:30,0,2.00,0,0.6300,0.0339,0.0622,0.0070,0,REST-S,4,1,1
4186,603,23:31:00,0,0.00,0,0.5700,0.0431,0.0523,0.0173,0,REST-S,4,1,1
4186,604,23:31:30,0,0.00,0,0.5500,0.0339,0.0523,0.0173,0,REST-S,4,1,1
4186,605,23:32:00,0,0.00,0,0.5700,0.0431,0.0523,0.0173,0,REST-S,4,1,1
4186,606,23:32:30,0,0.00,0,0.5800,0.0470,0.0523,0.0173,0,REST-S,4,1,1
4186,607,23:33:00,0,0.00,0,0.5500,0.0339,0.0523,0.0173,0,REST-S,4,1,1
4186,608,23:33:30,0,0.00,0,0.9100,0.0470,0.0880,0.0292,0,REST-S,4,1,1
4186,609,23:34:00,0,0.00,0,0.5500,0.0339,0.0523,0.0173,0,REST-S,4,1,1
4186,610,23:34:30,0,0.00,0,0.5700,0.0431,0.0523,0.0173,0,REST-S,4,1,1
4186,611,23:35:00,0,0.00,0,0.5500,0.0339,0.0523,0.0173,0,REST-S,4,1,1
4186,612,23:35:30,0,0.00,0,0.5700,0.0431,0.0523,0.0173,0,REST-S,4,1,1
4186,613,23:36:00,0,0.00,0,0.9000,0.0431,0.0880,0.0292,0,REST-S,4,1,1
4186,614,23:36:30,0,0.00,0,0.6500,0.0431,0.0622,0.0070,0,REST-S,4,1,1
4186,615,23:37:00,0,0.00,0,0.5800,0.0470,0.0523,0.0173,0,REST-S,4,1,1
4186,616,23:37:30,0,0.00,0,0.5700,0.0431,0.0523,0.0173,0,REST-S,4,1,1
4186,617,23:38:00,0,0.00,0,0.5700,0.0431,0.0523,0.0173,0,REST-S,4,1,1
4186,618,23:38:30,0,0.00,0,0.5500,0.0339,0.0523,0.0173,0,REST-S,4,1,1
4186,619,23:39:00,0,0.00,0,0.5700,0.0339,0.0523,0.0292,0,REST-S,4,1,1
4186,620,23:39:30,0,0.00,0,0.5700,0.0431,0.0523,0.0173,0,REST-S,4,1,1
4186,621,23:40:00,0,0.00,0,0.5700,0.0431,0.0523,0.0173,0,REST-S,4,1,1
4186,622,23:40:30,0,0.00,0,0.9100,0.0470,0.0880,0.0292,0,REST-S,4,1,1
4186,623,23:41:00,0,0.00,0,0.9100,0.0470,0.0880,0.0292,0,REST-S,4,1,1
4186,624,23:41:30,0,0.00,0,0.6600,0.0470,0.0622,0.0070,0,REST-S,4,1,1
4186,625,23:42:00,0,0.00,0,0.6500,0.0431,0.0622,0.0070,0,REST-S,4,1,1
4186,626,23:42:30,0,0.00,0,0.5500,0.0339,0.0523,0.0173,0,REST-S,4,1,1
4186,627,23:43:00,0,0.00,0,0.5500,0.0339,0.0523,0.0173,0,REST-S,4,1,1
4186,628,23:43:30,0,0.00,0,0.5800,0.0470,0.0523,0.0173,0,REST-S,4,1,1
4186,629,23:44:00,0,0.00,0,0.9000,0.0431,0.0880,0.0292,0,REST-S,4,1,1
4186,630,23:44:30,0,0.00,0,0.6500,0.0431,0.0622,0.0070,0,REST-S,4,1,1
4186,631,23:45:00,0,0.00,0,0.8800,0.0339,0.0880,0.0292,0,REST-S,4,1,1
4186,632,23:45:30,0,0.00,0,0.6500,0.0431,0.0622,0.0070,0,REST-S,4,1,1
4186,633,23:46:00,0,0.00,0,0.5700,0.0431,0.0523,0.0173,0,REST-S,4,1,1
4186,634,23:46:30,0,0.00,0,0.5700,0.0431,0.0523,0.0173,0,REST-S,4,1,1
4186,635,23:47:00,0,0.00,0,0.5700,0.0431,0.0523,0.0173,0,REST-S,4,1,1
4186,636,23:47:30,0,0.00,0,0.5500,0.0339,0.0523,0.0173,0,REST-S,4,1,1
4186,637,23:48:00,0,0.00,0,0.5700,0.0431,0.0523,0.0173,0,REST-S,4,1,1
4186,638,23:48:30,0,0.00,0,0.6500,0.0431,0.0622,0.0070,0,REST-S,4,1,1
4186,639,23:49:00,0,0.00,0,0.5500,0.0339,0.0523,0.0173,0,REST-S,4,1,1
4186,640,23:49:30,0,0.00,0,0.5500,0.0339,0.0523,0.0173,0,REST-S,4,1,1
4186,641,23:50:00,0,0.00,0,0.5500,0.0339,0.0523,0.0173,0,REST-S,4,1,1
4186,642,23:50:30,0,0.00,0,0.5500,0.0339,0.0523,0.0173,0,REST-S,4,1,1
4186,643,23:51:00,0,0.00,0,0.6500,0.0431,0.0622,0.0070,0,REST-S,4,1,1
4186,644,23:51:30,0,0.00,0,0.5500,0.0339,0.0523,0.0173,0,REST-S,4,1,1
4186,645,23:52:00,0,0.00,0,0.4300,0.0431,0.0378,0.0023,0,REST-S,4,1,1
4186,646,23:52:30,0,0.00,0,0.2100,0.0215,0.0173,0.0059,0,REST-S,4,1,1
4186,647,23:53:00,0,0.00,0,0.2100,0.0215,0.0173,0.0059,0,REST-S,4,1,1
4186,648,23:53:30,0,1.00,0,0.2100,0.0215,0.0173,0.0059,0,REST-S,4,1,1
4186,649,23:54:00,0,0.00,0,0.5500,0.0339,0.0523,0.0173,0,REST-S,4,1,1
4186,650,23:54:30,0,0.00,0,0.5400,0.0298,0.0523,0.0173,0,REST-S,4,1,1
4186,651,23:55:00,0,0.00,0,0.5500,0.0339,0.0523,0.0173,0,REST-S,4,1,1
4186,652,23:55:30,0,0.00,0,0.5500,0.0339,0.0523,0.0173,0,REST-S,4,1,1
4186,653,23:56:00,0,0.00,0,0.5400,0.0298,0.0523,0.0173,0,REST-S,4,1,1
4186,654,23:56:30,0,0.00,0,0.5700,0.0431,0.0523,0.0173,0,REST-S,4,1,1
4186,655,23:57:00,0,0.00,0,0.5700,0.0431,0.0523,0.0173,0,REST-S,4,1,1
4186,656,23:57:30,0,0.00,0,0.5700,0.0339,0.0523,0.0292,0,REST-S,4,1,1
4186,657,23:58:00,0,0.00,0,0.9100,0.0470,0.0880,0.0292,0,REST-S,4,1,1
4186,658,23:58:30,0,0.00,0,0.5700,0.0431,0.0523,0.0173,0,REST-S,4,1,1
4186,659,23:59:00,0,0.00,0,0.5500,0.0339,0.0523,0.0173,0,REST-S,4,1,1
4186,660,23:59:30,0,45.00,0,0.8800,0.0339,0.0880,0.0292,1,REST-S,4,1,1
4186,661,0:00:00,0,0.00,0,0.5500,0.0339,0.0523,0.0173,0,REST-S,5,2,1
4186,662,0:00:30,0,1.00,0,0.5900,0.0431,0.0523,0.0292,0,REST-S,5,2,1
4186,663,0:01:00,0,0.00,0,0.5600,0.0298,0.0523,0.0292,0,REST-S,5,2,1
4186,664,0:01:30,0,0.00,0,0.5600,0.0298,0.0523,0.0292,0,REST-S,5,2,1
4186,665,0:02:00,0,0.00,0,0.5900,0.0431,0.0523,0.0292,0,REST-S,5,2,1
4186,666,0:02:30,0,0.00,0,0.9000,0.0431,0.0880,0.0292,0,REST-S,5,2,1
4186,667,0:03:00,0,0.00,0,0.5700,0.0339,0.0523,0.0292,0,REST-S,5,2,1
4186,668,0:03:30,0,0.00,0,0.5700,0.0431,0.0523,0.0173,0,REST-S,5,2,1
4186,669,0:04:00,0,0.00,0,0.5700,0.0431,0.0523,0.0173,0,REST-S,5,2,1
4186,670,0:04:30,0,0.00,0,0.5500,0.0339,0.0523,0.0173,0,REST-S,5,2,1
4186,671,0:05:00,0,0.00,0,0.5500,0.0339,0.0523,0.0173,0,REST-S,5,2,1
4186,672,0:05:30,0,0.00,0,0.6500,0.0431,0.0622,0.0070,0,REST-S,5,2,1
4186,673,0:06:00,0,0.00,0,0.9000,0.0431,0.0880,0.0292,0,REST-S,5,2,1
4186,674,0:06:30,0,0.00,0,0.5400,0.0298,0.0523,0.0173,0,REST-S,5,2,1
4186,675,0:07:00,0,0.00,0,0.5700,0.0339,0.0523,0.0292,0,REST-S,5,2,1
4186,676,0:07:30,0,0.00,0,0.5500,0.0339,0.0523,0.0173,0,REST-S,5,2,1
4186,677,0:08:00,0,0.00,0,0.5500,0.0339,0.0523,0.0173,0,REST-S,5,2,1
4186,678,0:08:30,0,0.00,0,0.9100,0.0470,0.0880,0.0292,0,REST-S,5,2,1
4186,679,0:09:00,0,0.00,0,0.5500,0.0339,0.0523,0.0173,0,REST-S,5,2,1
4186,680,0:09:30,0,0.00,0,0.5500,0.0339,0.0523,0.0173,0,REST-S,5,2,1
4186,681,0:10:00,0,0.00,0,0.2100,0.0215,0.0173,0.0059,0,REST-S,5,2,1
4186,682,0:10:30,0,0.00,0,0.8700,0.0298,0.0880,0.0292,0,REST-S,5,2,1
4186,683,0:11:00,0,0.00,0,0.5400,0.0298,0.0523,0.0173,0,REST-S,5,2,1
4186,684,0:11:30,0,0.00,0,0.5700,0.0431,0.0523,0.0173,0,REST-S,5,2,1
4186,685,0:12:00,0,0.00,0,0.9000,0.0431,0.0880,0.0292,0,REST-S,5,2,1
4186,686,0:12:30,0,0.00,0,0.6300,0.0339,0.0622,0.0070,0,REST-S,5,2,1
4186,687,0:13:00,0,0.00,0,0.5800,0.0470,0.0523,0.0173,0,REST-S,5,2,1
4186,688,0:13:30,0,0.00,0,0.5700,0.0431,0.0523,0.0173,0,REST-S,5,2,1
4186,689,0:14:00,0,0.00,0,0.5500,0.0339,0.0523,0.0173,0,REST-S,5,2,1
4186,690,0:14:30,0,0.00,0,0.5500,0.0339,0.0523,0.0173,0,REST-S,5,2,1
4186,691,0:15:00,0,0.00,0,0.6300,0.0339,0.0622,0.0070,0,REST-S,5,2,1
4186,692,0:15:30,0,0.00,0,0.5700,0.0431,0.0523,0.0173,0,REST-S,5,2,1
4186,693,0:16:00,0,0.00,0,0.8800,0.0339,0.0880,0.0292,0,REST-S,5,2,1
4186,694,0:16:30,0,0.00,0,0.8800,0.0339,0.0880,0.0292,0,REST-S,5,2,1
4186,695,0:17:00,0,0.00,0,0.9000,0.0431,0.0880,0.0292,0,REST-S,5,2,1
4186,696,0:17:30,0,0.00,0,0.5500,0.0339,0.0523,0.0173,0,REST-S,5,2,1
4186,697,0:18:00,0,0.00,0,0.8800,0.0339,0.0880,0.0292,0,REST-S,5,2,1
4186,698,0:18:30,0,0.00,0,0.5500,0.0339,0.0523,0.0173,0,REST-S,5,2,1
4186,699,0:19:00,0,0.00,0,0.6200,0.0298,0.0622,0.0070,0,REST-S,5,2,1
4186,700,0:19:30,0,0.00,0,0.6300,0.0339,0.0622,0.0070,0,REST-S,5,2,1
4186,701,0:20:00,0,0.00,0,0.5700,0.0431,0.0523,0.0173,0,REST-S,5,2,1
4186,702,0:20:30,0,0.00,0,0.8700,0.0298,0.0880,0.0292,0,REST-S,5,2,1
4186,703,0:21:00,0,0.00,0,0.8900,0.0339,0.0880,0.0412,0,REST-S,5,2,1
4186,704,0:21:30,0,0.00,0,0.5500,0.0339,0.0523,0.0173,0,REST-S,5,2,1
4186,705,0:22:00,0,0.00,0,0.5700,0.0431,0.0523,0.0173,0,REST-S,5,2,1
4186,706,0:22:30,0,0.00,0,0.5700,0.0431,0.0523,0.0173,0,REST-S,5,2,1
4186,707,0:23:00,0,0.00,0,0.5500,0.0339,0.0523,0.0173,0,REST-S,5,2,1
4186,708,0:23:30,0,0.00,0,0.5700,0.0431,0.0523,0.0173,0,REST-S,5,2,1
4186,709,0:24:00,0,0.00,0,0.5700,0.0431,0.0523,0.0173,0,REST-S,5,2,1
4186,710,0:24:30,0,0.00,0,0.5700,0.0431,0.0523,0.0173,0,REST-S,5,2,1
4186,711,0:25:00,0,0.00,0,0.5700,0.0431,0.0523,0.0173,0,REST-S,5,2,1
4186,712,0:25:30,0,0.00,0,0.5900,0.0431,0.0523,0.0292,0,REST-S,5,2,1
4186,713,0:26:00,0,0.00,0,0.5700,0.0431,0.0523,0.0173,0,REST-S,5,2,1
4186,714,0:26:30,0,0.00,0,0.5700,0.0431,0.0523,0.0173,0,REST-S,5,2,1
4186,715,0:27:00,0,0.00,0,0.6500,0.0431,0.0622,0.0070,0,REST-S,5,2,1
4186,716,0:27:30,0,0.00,0,0.9000,0.0431,0.0880,0.0292,0,REST-S,5,2,1
4186,717,0:28:00,0,0.00,0,0.8800,0.0339,0.0880,0.0292,0,REST-S,5,2,1
4186,718,0:28:30,0,0.00,0,0.5700,0.0431,0.0523,0.0173,0,REST-S,5,2,1
4186,719,0:29:00,0,0.00,0,0.5800,0.0470,0.0523,0.0173,0,REST-S,5,2,1
4186,720,0:29:30,0,0.00,0,0.6300,0.0339,0.0622,0.0070,0,REST-S,5,2,1
4186,721,0:30:00,0,24.00,0,0.5500,0.0339,0.0523,0.0173,1,REST-S,5,2,1
4186,722,0:30:30,0,2.00,0,0.4000,0.0298,0.0378,0.0023,0,REST-S,5,2,1
4186,723,0:31:00,0,0.00,0,0.5400,0.0298,0.0523,0.0173,0,REST-S,5,2,1
4186,724,0:31:30,0,0.00,0,0.5400,0.0298,0.0523,0.0173,0,REST-S,5,2,1
4186,725,0:32:00,0,0.00,0,0.5400,0.0298,0.0523,0.0173,0,REST-S,5,2,1
4186,726,0:32:30,0,0.00,0,0.5500,0.0339,0.0523,0.0173,0,REST-S,5,2,1
4186,727,0:33:00,0,0.00,0,0.5400,0.0298,0.0523,0.0173,0,REST-S,5,2,1
4186,728,0:33:30,0,0.00,0,0.5400,0.0298,0.0523,0.0173,0,REST-S,5,2,1
4186,729,0:34:00,0,0.00,0,0.5200,0.0215,0.0523,0.0173,0,REST-S,5,2,1
4186,730,0:34:30,0,0.00,0,0.5400,0.0298,0.0523,0.0173,0,REST-S,5,2,1
4186,731,0:35:00,0,0.00,0,0.5400,0.0298,0.0523,0.0173,0,REST-S,5,2,1
4186,732,0:35:30,0,0.00,0,0.2100,0.0215,0.0173,0.0059,0,REST-S,5,2,1
4186,733,0:36:00,0,29.00,0,0.5400,0.0298,0.0523,0.0173,1,REST-S,5,2,1
4186,734,0:36:30,0,0.00,0,0.9000,0.0431,0.0880,0.0292,0,REST-S,5,2,1
4186,735,0:37:00,0,0.00,0,0.5700,0.0431,0.0523,0.0173,0,REST-S,5,2,1
4186,736,0:37:30,0,0.00,0,0.9000,0.0431,0.0880,0.0292,0,REST-S,5,2,1
4186,737,0:38:00,0,0.00,0,0.9000,0.0431,0.0880,0.0292,0,REST-S,5,2,1
4186,738,0:38:30,0,0.00,0,0.6500,0.0431,0.0622,0.0070,0,REST-S,5,2,1
4186,739,0:39:00,0,0.00,0,0.5900,0.0431,0.0523,0.0292,0,REST-S,5,2,1
4186,740,0:39:30,0,0.00,0,0.6500,0.0431,0.0622,0.0070,0,REST-S,5,2,1
4186,741,0:40:00,0,0.00,0,0.6300,0.0339,0.0622,0.0070,0,REST-S,5,2,1
4186,742,0:40:30,0,0.00,0,0.8800,0.0339,0.0880,0.0292,0,REST-S,5,2,1
4186,743,0:41:00,0,0.00,0,0.8800,0.0339,0.0880,0.0292,0,REST-S,5,2,1
4186,744,0:41:30,0,0.00,0,0.5700,0.0431,0.0523,0.0173,0,REST-S,5,2,1
4186,745,0:42:00,0,0.00,0,0.0800,0.0215,0.0012,0.0215,0,REST-S,5,2,1
4186,746,0:42:30,0,0.00,0,0.5700,0.0431,0.0523,0.0173,0,REST-S,5,2,1
4186,747,0:43:00,0,0.00,0,0.5400,0.0298,0.0523,0.0173,0,REST-S,5,2,1
4186,748,0:43:30,0,0.00,0,0.8700,0.0298,0.0880,0.0292,0,REST-S,5,2,1
4186,749,0:44:00,0,0.00,0,0.9000,0.0431,0.0880,0.0292,0,REST-S,5,2,1
4186,750,0:44:30,0,0.00,0,0.5400,0.0298,0.0523,0.0173,0,REST-S,5,2,1
4186,751,0:45:00,0,0.00,0,0.6500,0.0431,0.0622,0.0070,0,REST-S,5,2,1
4186,752,0:45:30,0,0.00,0,0.6600,0.0470,0.0622,0.0070,0,REST-S,5,2,1
4186,753,0:46:00,0,0.00,0,0.5400,0.0298,0.0523,0.0173,0,REST-S,5,2,1
4186,754,0:46:30,0,0.00,0,0.6600,0.0470,0.0622,0.0070,0,REST-S,5,2,1
4186,755,0:47:00,0,0.00,0,0.5800,0.0470,0.0523,0.0173,0,REST-S,5,2,1
4186,756,0:47:30,0,0.00,0,0.5500,0.0339,0.0523,0.0173,0,REST-S,5,2,1
4186,757,0:48:00,0,0.00,0,0.9100,0.0470,0.0880,0.0292,0,REST-S,5,2,1
4186,758,0:48:30,0,0.00,0,0.9100,0.0470,0.0880,0.0292,0,REST-S,5,2,1
4186,759,0:49:00,0,0.00,0,0.8800,0.0431,0.0880,0.0115,0,REST-S,5,2,1
4186,760,0:49:30,0,0.00,0,0.4000,0.0298,0.0378,0.0023,0,REST-S,5,2,1
4186,761,0:50:00,0,0.00,0,0.2100,0.0215,0.0173,0.0059,0,REST-S,5,2,1
4186,762,0:50:30,0,0.00,0,0.5500,0.0339,0.0523,0.0173,0,REST-S,5,2,1
4186,763,0:51:00,0,0.00,0,0.6500,0.0431,0.0622,0.0070,0,REST-S,5,2,1
4186,764,0:51:30,0,0.00,0,0.8800,0.0339,0.0880,0.0292,0,REST-S,5,2,1
4186,765,0:52:00,0,1.00,0,0.6500,0.0431,0.0622,0.0070,0,REST-S,5,2,1
4186,766,0:52:30,0,0.00,0,0.9100,0.0470,0.0880,0.0292,0,REST-S,5,2,1
4186,767,0:53:00,0,0.00,0,0.6500,0.0431,0.0622,0.0070,0,REST-S,5,2,1
4186,768,0:53:30,0,0.00,0,0.6600,0.0470,0.0622,0.0070,0,REST-S,5,2,1
4186,769,0:54:00,0,0.00,0,0.9000,0.0431,0.0880,0.0292,0,REST-S,5,2,1
4186,770,0:54:30,0,0.00,0,0.6500,0.0431,0.0622,0.0070,0,REST-S,5,2,1
4186,771,0:55:00,0,0.00,0,0.5700,0.0431,0.0523,0.0173,0,REST-S,5,2,1
4186,772,0:55:30,0,0.00,0,0.5500,0.0339,0.0523,0.0173,0,REST-S,5,2,1
4186,773,0:56:00,0,0.00,0,0.5400,0.0298,0.0523,0.0173,0,REST-S,5,2,1
4186,774,0:56:30,0,0.00,0,0.5500,0.0339,0.0523,0.0173,0,REST-S,5,2,1
4186,775,0:57:00,0,0.00,0,0.8800,0.0339,0.0880,0.0292,0,REST-S,5,2,1
4186,776,0:57:30,0,52.00,0,0.6500,0.0431,0.0622,0.0070,1,REST-S,5,2,1
4186,777,0:58:00,0,0.00,0,0.5500,0.0339,0.0523,0.0173,0,REST-S,5,2,1
4186,778,0:58:30,0,0.00,0,0.8800,0.0339,0.0880,0.0292,0,REST-S,5,2,1
4186,779,0:59:00,0,0.00,0,0.5500,0.0339,0.0523,0.0173,0,REST-S,5,2,1
4186,780,0:59:30,0,0.00,0,0.5500,0.0339,0.0523,0.0173,0,REST-S,5,2,1
4186,781,1:00:00,0,0.00,0,0.1800,0.0085,0.0173,0.0059,0,REST-S,5,2,1
4186,782,1:00:30,0,0.00,0,0.0100,0.0049,0.0000,0.0000,0,REST-S,5,2,1
4186,783,1:01:00,0,0.00,0,0.0100,0.0049,0.0000,0.0000,0,REST-S,5,2,1
4186,784,1:01:30,0,0.00,0,0.0100,0.0049,0.0000,0.0000,0,REST-S,5,2,1
4186,785,1:02:00,0,0.00,0,0.0100,0.0049,0.0000,0.0000,0,REST-S,5,2,1
4186,786,1:02:30,0,0.00,0,0.0100,0.0049,0.0000,0.0000,0,REST-S,5,2,1
4186,787,1:03:00,0,0.00,0,0.0100,0.0049,0.0000,0.0000,0,REST-S,5,2,1
4186,788,1:03:30,0,72.00,0,0.0100,0.0049,0.0000,0.0000,1,REST-S,5,2,1
4186,789,1:04:00,0,19.00,0,0.0100,0.0049,0.0000,0.0000,1,REST-S,5,2,1
4186,790,1:04:30,0,0.00,0,0.0100,0.0049,0.0000,0.0000,0,REST-S,5,2,1
4186,791,1:05:00,0,0.00,0,0.0100,0.0049,0.0000,0.0000,0,REST-S,5,2,1
4186,792,1:05:30,0,0.00,0,0.0100,0.0049,0.0000,0.0000,0,REST-S,5,2,1
4186,793,1:06:00,0,0.00,0,0.0100,0.0049,0.0000,0.0000,0,REST-S,5,2,1
4186,794,1:06:30,0,0.00,0,0.0100,0.0049,0.0000,0.0000,0,REST-S,5,2,1
4186,795,1:07:00,0,0.00,0,0.0100,0.0049,0.0000,0.0000,0,REST-S,5,2,1
4186,796,1:07:30,0,0.00,0,0.0100,0.0049,0.0000,0.0000,0,REST-S,5,2,1
4186,797,1:08:00,0,0.00,0,0.0100,0.0049,0.0000,0.0000,0,REST-S,5,2,1
4186,798,1:08:30,0,0.00,0,0.0100,0.0049,0.0000,0.0000,0,REST-S,5,2,1
4186,799,1:09:00,0,0.00,0,0.0100,0.0049,0.0000,0.0000,0,REST-S,5,2,1
4186,800,1:09:30,0,0.00,0,0.0100,0.0049,0.0000,0.0000,0,REST-S,5,2,1
4186,801,1:10:00,0,0.00,0,0.0100,0.0049,0.0000,0.0000,0,REST-S,5,2,1
4186,802,1:10:30,0,0.00,0,0.0100,0.0049,0.0000,0.0000,0,REST-S,5,2,1
4186,803,1:11:00,0,0.00,0,0.0100,0.0049,0.0000,0.0000,0,REST-S,5,2,1
4186,804,1:11:30,0,0.00,0,0.0100,0.0049,0.0000,0.0000,0,REST-S,5,2,1
4186,805,1:12:00,0,0.00,0,0.0100,0.0049,0.0000,0.0000,0,REST-S,5,2,1
4186,806,1:12:30,0,0.00,0,0.0100,0.0049,0.0000,0.0000,0,REST-S,5,2,1
4186,807,1:13:00,0,0.00,0,0.0100,0.0049,0.0000,0.0000,0,REST-S,5,2,1
4186,808,1:13:30,0,0.00,0,0.0100,0.0049,0.0000,0.0000,0,REST-S,5,2,1
4186,809,1:14:00,0,0.00,0,0.0100,0.0049,0.0000,0.0000,0,REST-S,5,2,1
4186,810,1:14:30,0,0.00,0,0.0100,0.0049,0.0000,0.0000,0,REST-S,5,2,1
4186,811,1:15:00,0,0.00,0,0.0100,0.0049,0.0000,0.0000,0,REST-S,5,2,1
4186,812,1:15:30,0,0.00,0,0.0100,0.0049,0.0000,0.0000,0,REST-S,5,2,1
4186,813,1:16:00,0,0.00,0,0.0100,0.0049,0.0000,0.0000,0,REST-S,5,2,1
4186,814,1:16:30,0,0.00,0,0.0100,0.0049,0.0000,0.0000,0,REST-S,5,2,1
4186,815,1:17:00,0,0.00,0,0.0100,0.0049,0.0000,0.0000,0,REST-S,5,2,1
4186,816,1:17:30,0,0.00,0,0.0100,0.0049,0.0000,0.0000,0,REST-S,5,2,1
4186,817,1:18:00,0,0.00,0,0.0100,0.0049,0.0000,0.0000,0,REST-S,5,2,1
4186,818,1:18:30,0,0.00,0,0.0100,0.0049,0.0000,0.0000,0,REST-S,5,2,1
4186,819,1:19:00,0,0.00,0,0.0100,0.0049,0.0000,0.0000,0,REST-S,5,2,1
4186,820,1:19:30,0,0.00,0,0.0100,0.0049,0.0000,0.0000,0,REST-S,5,2,1
4186,821,1:20:00,0,0.00,0,0.0100,0.0049,0.0000,0.0000,0,REST-S,5,2,1
4186,822,1:20:30,0,0.00,0,0.0100,0.0049,0.0000,0.0000,0,REST-S,5,2,1
4186,823,1:21:00,0,0.00,0,0.0100,0.0049,0.0000,0.0000,0,REST-S,5,2,1
4186,824,1:21:30,0,0.00,0,0.0100,0.0049,0.0000,0.0000,0,REST-S,5,2,1
4186,825,1:22:00,0,0.00,0,0.0100,0.0049,0.0000,0.0000,0,REST-S,5,2,1
4186,826,1:22:30,0,0.00,0,0.0100,0.0049,0.0000,0.0000,0,REST-S,5,2,1
4186,827,1:23:00,0,0.00,0,0.0100,0.0049,0.0000,0.0000,0,REST-S,5,2,1
4186,828,1:23:30,0,0.00,0,0.0100,0.0049,0.0000,0.0000,0,REST-S,5,2,1
4186,829,1:24:00,0,0.00,0,0.0100,0.0049,0.0000,0.0000,0,REST-S,5,2,1
4186,830,1:24:30,0,0.00,0,0.0100,0.0049,0.0000,0.0000,0,REST-S,5,2,1
4186,831,1:25:00,0,0.00,0,0.0100,0.0049,0.0000,0.0000,0,REST-S,5,2,1
4186,832,1:25:30,0,0.00,0,0.0100,0.0049,0.0000,0.0000,0,REST-S,5,2,1
4186,833,1:26:00,0,0.00,0,0.0100,0.0049,0.0000,0.0000,0,REST-S,5,2,1
4186,834,1:26:30,0,0.00,0,0.0100,0.0049,0.0000,0.0000,0,REST-S,5,2,1
4186,835,1:27:00,0,0.00,0,0.0100,0.0049,0.0000,0.0000,0,REST-S,5,2,1
4186,836,1:27:30,0,0.00,0,0.0100,0.0049,0.0000,0.0000,0,REST-S,5,2,1
4186,837,1:28:00,0,0.00,0,0.0100,0.0049,0.0000,0.0000,0,REST-S,5,2,1
4186,838,1:28:30,0,0.00,0,0.0100,0.0049,0.0000,0.0000,0,REST-S,5,2,1
4186,839,1:29:00,0,0.00,0,0.0100,0.0049,0.0000,0.0000,0,REST-S,5,2,1
4186,840,1:29:30,0,0.00,0,0.0100,0.0049,0.0000,0.0000,0,REST-S,5,2,1
4186,841,1:30:00,0,0.00,0,0.0100,0.0049,0.0000,0.0000,0,REST-S,5,2,1
4186,842,1:30:30,0,1.00,0,0.0100,0.0049,0.0000,0.0000,0,REST-S,5,2,1
4186,843,1:31:00,0,1.00,0,0.0100,0.0049,0.0000,0.0000,0,REST-S,5,2,1
4186,844,1:31:30,0,0.00,0,0.0100,0.0049,0.0000,0.0000,0,REST-S,5,2,1
4186,845,1:32:00,0,0.00,0,0.0100,0.0049,0.0000,0.0000,0,REST-S,5,2,1
4186,846,1:32:30,0,0.00,0,0.0200,0.0049,0.0000,0.0059,0,REST-S,5,2,1
4186,847,1:33:00,0,0.00,0,0.0100,0.0049,0.0000,0.0000,0,REST-S,5,2,1
4186,848,1:33:30,0,0.00,0,0.0100,0.0049,0.0000,0.0000,0,REST-S,5,2,1
4186,849,1:34:00,0,0.00,0,0.0100,0.0049,0.0000,0.0000,0,REST-S,5,2,1
4186,850,1:34:30,0,0.00,0,0.0100,0.0049,0.0000,0.0000,0,REST-S,5,2,1
4186,851,1:35:00,0,0.00,0,0.0100,0.0049,0.0000,0.0000,0,REST-S,5,2,1
4186,852,1:35:30,0,0.00,0,0.0100,0.0049,0.0000,0.0000,0,REST-S,5,2,1
4186,853,1:36:00,0,0.00,0,0.0100,0.0049,0.0000,0.0000,0,REST-S,5,2,1
4186,854,1:36:30,0,0.00,0,0.0100,0.0049,0.0000,0.0000,0,REST-S,5,2,1
4186,855,1:37:00,0,0.00,0,0.0100,0.0049,0.0000,0.0000,0,REST-S,5,2,1
4186,856,1:37:30,0,0.00,0,0.0100,0.0049,0.0000,0.0000,0,REST-S,5,2,1
4186,857,1:38:00,0,0.00,0,0.0200,0.0049,0.0000,0.0059,0,REST-S,5,2,1
4186,858,1:38:30,0,0.00,0,0.0100,0.0049,0.0000,0.0000,0,REST-S,5,2,1
4186,859,1:39:00,0,0.00,0,0.0100,0.0049,0.0000,0.0000,0,REST-S,5,2,1
4186,860,1:39:30,0,0.00,0,0.0100,0.0049,0.0000,0.0000,0,REST-S,5,2,1
4186,861,1:40:00,0,0.00,0,0.0100,0.0049,0.0000,0.0000,0,REST-S,5,2,1
4186,862,1:40:30,0,0.00,0,0.1200,0.0042,0.0125,0.0000,0,REST-S,5,2,1
4186,863,1:41:00,0,0.00,0,0.0100,0.0049,0.0000,0.0000,0,REST-S,5,2,1
4186,864,1:41:30,0,0.00,0,0.0100,0.0049,0.0000,0.0000,0,REST-S,5,2,1
4186,865,1:42:00,0,0.00,0,0.0100,0.0049,0.0000,0.0000,0,REST-S,5,2,1
4186,866,1:42:30,0,0.00,0,0.0200,0.0049,0.0000,0.0059,0,REST-S,5,2,1
4186,867,1:43:00,0,0.00,0,0.0200,0.0049,0.0000,0.0059,0,REST-S,5,2,1
4186,868,1:43:30,0,0.00,0,0.0200,0.0049,0.0000,0.0059,0,REST-S,5,2,1
4186,869,1:44:00,0,1.00,0,0.0100,0.0049,0.0000,0.0000,0,REST-S,5,2,1
4186,870,1:44:30,0,0.00,0,0.0100,0.0049,0.0000,0.0000,0,REST-S,5,2,1
4186,871,1:45:00,0,0.00,0,0.0200,0.0049,0.0000,0.0059,0,REST-S,5,2,1
4186,872,1:45:30,0,0.00,0,0.0100,0.0049,0.0000,0.0000,0,REST-S,5,2,1
4186,873,1:46:00,0,0.00,0,0.0200,0.0049,0.0000,0.0059,0,REST-S,5,2,1
4186,874,1:46:30,0,0.00,0,0.0100,0.0049,0.0000,0.0000,0,REST-S,5,2,1
4186,875,1:47:00,0,0.00,0,0.0100,0.0049,0.0000,0.0000,0,REST-S,5,2,1
4186,876,1:47:30,0,0.00,0,0.0200,0.0049,0.0000,0.0059,0,REST-S,5,2,1
4186,877,1:48:00,0,0.00,0,0.0100,0.0049,0.0000,0.0000,0,REST-S,5,2,1
4186,878,1:48:30,0,0.00,0,0.0200,0.0049,0.0000,0.0059,0,REST-S,5,2,1
4186,879,1:49:00,0,0.00,0,0.0100,0.0049,0.0000,0.0000,0,REST-S,5,2,1
4186,880,1:49:30,0,0.00,0,0.0100,0.0049,0.0000,0.0000,0,REST-S,5,2,1
4186,881,1:50:00,0,0.00,0,0.0200,0.0049,0.0000,0.0059,0,REST-S,5,2,1
4186,882,1:50:30,0,0.00,0,0.0200,0.0049,0.0000,0.0059,0,REST-S,5,2,1
4186,883,1:51:00,0,0.00,0,0.0100,0.0049,0.0000,0.0000,0,REST-S,5,2,1
4186,884,1:51:30,0,0.00,0,0.0100,0.0049,0.0000,0.0000,0,REST-S,5,2,1
4186,885,1:52:00,0,0.00,0,0.0200,0.0049,0.0000,0.0059,0,REST-S,5,2,1
4186,886,1:52:30,0,0.00,0,0.0100,0.0049,0.0000,0.0000,0,REST-S,5,2,1
4186,887,1:53:00,0,0.00,0,0.0100,0.0049,0.0000,0.0000,0,REST-S,5,2,1
4186,888,1:53:30,0,0.00,0,0.0100,0.0049,0.0000,0.0000,0,REST-S,5,2,1
4186,889,1:54:00,0,0.00,0,0.0200,0.0049,0.0000,0.0059,0,REST-S,5,2,1
4186,890,1:54:30,0,0.00,0,0.0200,0.0049,0.0000,0.0059,0,REST-S,5,2,1
4186,891,1:55:00,0,0.00,0,0.0200,0.0049,0.0000,0.0059,0,REST-S,5,2,1
4186,892,1:55:30,0,0.00,0,0.0100,0.0049,0.0000,0.0000,0,REST-S,5,2,1
4186,893,1:56:00,0,0.00,0,0.0100,0.0049,0.0000,0.0000,0,REST-S,5,2,1
4186,894,1:56:30,0,1.00,0,0.0200,0.0049,0.0000,0.0059,0,REST-S,5,2,1
4186,895,1:57:00,0,0.00,0,0.0200,0.0049,0.0000,0.0059,0,REST-S,5,2,1
4186,896,1:57:30,0,0.00,0,0.0200,0.0049,0.0000,0.0059,0,REST-S,5,2,1
4186,897,1:58:00,0,0.00,0,0.0100,0.0049,0.0000,0.0000,0,REST-S,5,2,1
4186,898,1:58:30,0,0.00,0,0.0200,0.0049,0.0000,0.0059,0,REST-S,5,2,1
4186,899,1:59:00,0,0.00,0,0.0200,0.0049,0.0000,0.0059,1,REST-S,5,2,1
4186,900,1:59:30,0,38.00,0,0.0100,0.0049,0.0000,0.0000,1,REST-S,5,2,1
4186,901,2:00:00,0,284.00,0,0.0100,0.0049,0.0000,0.0000,1,REST-S,5,2,1
4186,902,2:00:30,0,0.00,0,0.0100,0.0049,0.0000,0.0000,1,REST-S,5,2,1
4186,903,2:01:00,0,0.00,0,0.0200,0.0049,0.0000,0.0059,1,REST-S,5,2,1
4186,904,2:01:30,0,0.00,0,0.0200,0.0049,0.0000,0.0059,0,REST-S,5,2,1
4186,905,2:02:00,0,0.00,0,0.0200,0.0049,0.0000,0.0059,0,REST-S,5,2,1
4186,906,2:02:30,0,0.00,0,0.0200,0.0049,0.0000,0.0059,0,REST-S,5,2,1
4186,907,2:03:00,0,0.00,0,0.0200,0.0049,0.0000,0.0059,0,REST-S,5,2,1
4186,908,2:03:30,0,0.00,0,0.0200,0.0049,0.0000,0.0059,0,REST-S,5,2,1
4186,909,2:04:00,0,0.00,0,0.0200,0.0049,0.0000,0.0059,0,REST-S,5,2,1
4186,910,2:04:30,0,0.00,0,0.0200,0.0049,0.0000,0.0059,0,REST-S,5,2,1
4186,911,2:05:00,0,45.00,0,0.0200,0.0049,0.0000,0.0059,1,REST-S,5,2,1
4186,912,2:05:30,0,0.00,0,0.0200,0.0049,0.0000,0.0059,0,REST-S,5,2,1
4186,913,2:06:00,0,0.00,0,0.0200,0.0049,0.0000,0.0059,0,REST-S,5,2,1
4186,914,2:06:30,0,0.00,0,0.0200,0.0049,0.0000,0.0059,0,REST-S,5,2,1
4186,915,2:07:00,0,0.00,0,0.0200,0.0049,0.0000,0.0059,0,REST-S,5,2,1
4186,916,2:07:30,0,0.00,0,0.0200,0.0049,0.0000,0.0059,0,REST-S,5,2,1
4186,917,2:08:00,0,0.00,0,0.0200,0.0049,0.0000,0.0059,0,REST-S,5,2,1
4186,918,2:08:30,0,0.00,0,0.0200,0.0049,0.0000,0.0059,0,REST-S,5,2,1
4186,919,2:09:00,0,0.00,0,0.0200,0.0049,0.0000,0.0059,0,REST-S,5,2,1
4186,920,2:09:30,0,0.00,0,0.0200,0.0049,0.0000,0.0059,0,REST-S,5,2,1
4186,921,2:10:00,0,0.00,0,0.0200,0.0049,0.0000,0.0059,0,REST-S,5,2,1
4186,922,2:10:30,0,0.00,0,0.0200,0.0049,0.0000,0.0059,0,REST-S,5,2,1
4186,923,2:11:00,0,0.00,0,0.0200,0.0049,0.0000,0.0059,0,REST-S,5,2,1
4186,924,2:11:30,0,0.00,0,0.0200,0.0049,0.0000,0.0059,0,REST-S,5,2,1
4186,925,2:12:00,0,0.00,0,0.0200,0.0049,0.0000,0.0059,0,REST-S,5,2,1
4186,926,2:12:30,0,0.00,0,0.0200,0.0049,0.0000,0.0059,0,REST-S,5,2,1
4186,927,2:13:00,0,75.00,0,0.0100,0.0049,0.0000,0.0000,1,REST-S,5,2,1
4186,928,2:13:30,0,0.00,0,0.0200,0.0049,0.0000,0.0059,0,REST-S,5,2,1
4186,929,2:14:00,0,0.00,0,0.0200,0.0049,0.0000,0.0059,0,REST-S,5,2,1
4186,930,2:14:30,0,0.00,0,0.0200,0.0049,0.0000,0.0059,0,REST-S,5,2,1
4186,931,2:15:00,0,0.00,0,0.0200,0.0049,0.0000,0.0059,0,REST-S,5,2,1
4186,932,2:15:30,0,0.00,0,0.0200,0.0049,0.0000,0.0059,0,REST-S,5,2,1
4186,933,2:16:00,0,0.00,0,0.0200,0.0049,0.0000,0.0059,0,REST-S,5,2,1
4186,934,2:16:30,0,0.00,0,0.0200,0.0049,0.0000,0.0059,0,REST-S,5,2,1
4186,935,2:17:00,0,0.00,0,0.0200,0.0049,0.0000,0.0059,0,REST-S,5,2,1
4186,936,2:17:30,0,0.00,0,0.0200,0.0049,0.0000,0.0059,0,REST-S,5,2,1
4186,937,2:18:00,0,1.00,0,0.0200,0.0049,0.0000,0.0059,0,REST-S,5,2,1
4186,938,2:18:30,0,58.00,0,0.0100,0.0049,0.0000,0.0000,1,ACTIVE,5,2,1
4186,939,2:19:00,0,3.00,0,0.0200,0.0049,0.0000,0.0059,0,ACTIVE,5,2,1
4186,940,2:19:30,0,99.00,0,0.0200,0.0049,0.0000,0.0059,1,ACTIVE,5,2,1
4186,941,2:20:00,0,0.00,0,0.0200,0.0049,0.0000,0.0059,0,ACTIVE,5,2,1
4186,942,2:20:30,0,16.00,0,0.0200,0.0049,0.0000,0.0059,1,ACTIVE,5,2,1
4186,943,2:21:00,0,4.00,0,0.0200,0.0049,0.0000,0.0059,0,ACTIVE,5,2,1
4186,944,2:21:30,0,40.00,0,0.0200,0.0049,0.0000,0.0059,1,ACTIVE,5,2,1
4186,945,2:22:00,0,40.00,0,0.0200,0.0049,0.0000,0.0059,1,ACTIVE,5,2,1
4186,946,2:22:30,0,25.00,0,0.0200,0.0049,0.0000,0.0059,1,ACTIVE,5,2,1
4186,947,2:23:00,0,75.00,0,0.0200,0.0049,0.0000,0.0059,1,ACTIVE,5,2,1
4186,948,2:23:30,0,102.00,0,0.0200,0.0049,0.0000,0.0059,1,ACTIVE,5,2,1
4186,949,2:24:00,0,1.00,0,0.0200,0.0049,0.0000,0.0059,1,ACTIVE,5,2,1
4186,950,2:24:30,0,43.00,0,0.0200,0.0049,0.0000,0.0059,1,ACTIVE,5,2,1
4186,951,2:25:00,0,1.00,0,0.0200,0.0049,0.0000,0.0059,0,ACTIVE,5,2,1
4186,952,2:25:30,0,1.00,0,0.0200,0.0049,0.0000,0.0059,0,ACTIVE,5,2,1
4186,953,2:26:00,0,49.00,0,0.0200,0.0049,0.0000,0.0059,1,ACTIVE,5,2,1
4186,954,2:26:30,0,0.00,0,0.0200,0.0049,0.0000,0.0059,0,ACTIVE,5,2,1
4186,955,2:27:00,0,0.00,0,0.0200,0.0049,0.0000,0.0059,0,ACTIVE,5,2,1
4186,956,2:27:30,0,0.00,0,0.0200,0.0049,0.0000,0.0059,0,ACTIVE,5,2,1
4186,957,2:28:00,0,0.00,0,0.0200,0.0049,0.0000,0.0059,0,ACTIVE,5,2,1
4186,958,2:28:30,0,0.00,0,0.0200,0.0049,0.0000,0.0059,0,ACTIVE,5,2,1
4186,959,2:29:00,0,0.00,0,0.0200,0.0049,0.0000,0.0059,0,ACTIVE,5,2,1
4186,960,2:29:30,0,0.00,0,0.0200,0.0049,0.0000,0.0059,0,ACTIVE,5,2,1
4186,961,2:30:00,0,0.00,0,0.0200,0.0049,0.0000,0.0059,0,ACTIVE,5,2,1
4186,962,2:30:30,0,52.00,0,0.0200,0.0049,0.0000,0.0059,1,ACTIVE,5,2,1
4186,963,2:31:00,0,0.00,0,0.0200,0.0049,0.0000,0.0059,0,ACTIVE,5,2,1
4186,964,2:31:30,0,0.00,0,0.0200,0.0049,0.0000,0.0059,0,ACTIVE,5,2,1
4186,965,2:32:00,0,0.00,0,0.0200,0.0049,0.0000,0.0059,0,ACTIVE,5,2,1
4186,966,2:32:30,0,0.00,0,0.0200,0.0049,0.0000,0.0059,0,ACTIVE,5,2,1
4186,967,2:33:00,0,0.00,0,0.0200,0.0049,0.0000,0.0059,0,ACTIVE,5,2,1
4186,968,2:33:30,0,0.00,0,0.0200,0.0049,0.0000,0.0059,0,ACTIVE,5,2,1
4186,969,2:34:00,0,106.00,0,0.0200,0.0049,0.0000,0.0059,1,ACTIVE,5,2,1
4186,970,2:34:30,0,11.00,0,0.0200,0.0049,0.0000,0.0059,1,ACTIVE,5,2,1
4186,971,2:35:00,0,0.00,0,0.0200,0.0049,0.0000,0.0059,0,ACTIVE,5,2,1
4186,972,2:35:30,0,2.00,0,0.0100,0.0049,0.0000,0.0000,0,ACTIVE,5,2,1
4186,973,2:36:00,0,1.00,0,0.0200,0.0049,0.0000,0.0059,0,ACTIVE,5,2,1
4186,974,2:36:30,0,0.00,0,0.0200,0.0049,0.0000,0.0059,0,ACTIVE,5,2,1
4186,975,2:37:00,0,0.00,0,0.0200,0.0049,0.0000,0.0059,0,ACTIVE,5,2,1
4186,976,2:37:30,0,17.00,0,0.0200,0.0049,0.0000,0.0059,0,ACTIVE,5,2,1
4186,977,2:38:00,0,0.00,0,0.0200,0.0049,0.0000,0.0059,0,ACTIVE,5,2,1
4186,978,2:38:30,0,3.00,0,0.0200,0.0049,0.0000,0.0059,0,ACTIVE,5,2,1
4186,979,2:39:00,0,0.00,0,0.0200,0.0049,0.0000,0.0059,0,ACTIVE,5,2,1
4186,980,2:39:30,0,0.00,0,0.0200,0.0049,0.0000,0.0059,0,ACTIVE,5,2,1
4186,981,2:40:00,0,1.00,0,0.0200,0.0049,0.0000,0.0059,0,ACTIVE,5,2,1
4186,982,2:40:30,0,0.00,0,0.0200,0.0049,0.0000,0.0059,0,ACTIVE,5,2,1
4186,983,2:41:00,0,0.00,0,0.0200,0.0049,0.0000,0.0059,0,ACTIVE,5,2,1
4186,984,2:41:30,0,26.00,0,0.0200,0.0049,0.0000,0.0059,1,ACTIVE,5,2,1
4186,985,2:42:00,0,2.00,0,0.0200,0.0049,0.0000,0.0059,0,ACTIVE,5,2,1
4186,986,2:42:30,0,0.00,0,0.0200,0.0049,0.0000,0.0059,0,ACTIVE,5,2,1
4186,987,2:43:00,0,7.00,0,0.0200,0.0049,0.0000,0.0059,0,ACTIVE,5,2,1
4186,988,2:43:30,0,0.00,0,0.0200,0.0049,0.0000,0.0059,0,ACTIVE,5,2,1
4186,989,2:44:00,0,0.00,0,0.0200,0.0049,0.0000,0.0059,1,ACTIVE,5,2,1
4186,990,2:44:30,0,8.00,0,0.0200,0.0049,0.0000,0.0059,1,ACTIVE,5,2,1
4186,991,2:45:00,0,275.00,0,0.0200,0.0049,0.0000,0.0059,1,ACTIVE,5,2,1
4186,992,2:45:30,0,38.00,0,0.0200,0.0049,0.0000,0.0059,1,ACTIVE,5,2,1
4186,993,2:46:00,0,20.00,0,0.0200,0.0049,0.0000,0.0059,1,ACTIVE,5,2,1
4186,994,2:46:30,0,0.00,0,0.0200,0.0049,0.0000,0.0059,0,ACTIVE,5,2,1
4186,995,2:47:00,0,17.00,0,0.0200,0.0049,0.0000,0.0059,1,REST-S,5,2,1
4186,996,2:47:30,0,0.00,0,0.0200,0.0049,0.0000,0.0059,0,REST-S,5,2,1
4186,997,2:48:00,0,0.00,0,0.0200,0.0049,0.0000,0.0059,0,REST-S,5,2,1
4186,998,2:48:30,0,0.00,0,0.0200,0.0049,0.0000,0.0059,0,REST-S,5,2,1
4186,999,2:49:00,0,0.00,0,0.0200,0.0049,0.0000,0.0059,0,REST-S,5,2,1
4186,1000,2:49:30,0,0.00,0,0.0200,0.0049,0.0000,0.0059,0,REST-S,5,2,1
4186,1001,2:50:00,0,0.00,0,0.0100,0.0049,0.0000,0.0000,0,REST-S,5,2,1
4186,1002,2:50:30,0,0.00,0,0.0200,0.0049,0.0000,0.0059,0,REST-S,5,2,1
4186,1003,2:51:00,0,0.00,0,0.0200,0.0049,0.0000,0.0059,0,REST-S,5,2,1
4186,1004,2:51:30,0,0.00,0,0.0200,0.0049,0.0000,0.0059,0,REST-S,5,2,1
4186,1005,2:52:00,0,1.00,0,0.0200,0.0049,0.0000,0.0059,0,REST-S,5,2,1
4186,1006,2:52:30,0,0.00,0,0.0200,0.0049,0.0000,0.0059,0,REST-S,5,2,1
4186,1007,2:53:00,0,0.00,0,0.0200,0.0049,0.0000,0.0059,0,REST-S,5,2,1
4186,1008,2:53:30,0,0.00,0,0.0200,0.0049,0.0000,0.0059,0,REST-S,5,2,1
4186,1009,2:54:00,0,0.00,0,0.0200,0.0049,0.0000,0.0059,0,REST-S,5,2,1
4186,1010,2:54:30,0,0.00,0,0.0200,0.0049,0.0000,0.0059,0,REST-S,5,2,1
4186,1011,2:55:00,0,0.00,0,0.1800,0.0085,0.0173,0.0059,0,REST-S,5,2,1
4186,1012,2:55:30,0,0.00,0,0.5700,0.0339,0.0523,0.0292,0,REST-S,5,2,1
4186,1013,2:56:00,0,0.00,0,0.5700,0.0339,0.0523,0.0292,0,REST-S,5,2,1
4186,1014,2:56:30,0,0.00,0,0.5500,0.0339,0.0523,0.0173,0,REST-S,5,2,1
4186,1015,2:57:00,0,0.00,0,0.5500,0.0339,0.0523,0.0173,0,REST-S,5,2,1
4186,1016,2:57:30,0,0.00,0,0.8800,0.0339,0.0880,0.0292,0,REST-S,5,2,1
4186,1017,2:58:00,0,0.00,0,0.5500,0.0339,0.0523,0.0173,0,REST-S,5,2,1
4186,1018,2:58:30,0,0.00,0,0.8800,0.0339,0.0880,0.0292,0,REST-S,5,2,1
4186,1019,2:59:00,0,0.00,0,0.8800,0.0339,0.0880,0.0292,0,REST-S,5,2,1
4186,1020,2:59:30,0,0.00,0,0.8800,0.0339,0.0880,0.0292,0,REST-S,5,2,1
4186,1021,3:00:00,0,0.00,0,0.8800,0.0339,0.0880,0.0292,0,REST-S,5,2,1
4186,1022,3:00:30,0,0.00,0,0.8800,0.0339,0.0880,0.0292,0,REST-S,5,2,1
4186,1023,3:01:00,0,3.00,0,0.8800,0.0339,0.0880,0.0292,0,REST-S,5,2,1
4186,1024,3:01:30,0,0.00,0,0.8800,0.0339,0.0880,0.0292,0,REST-S,5,2,1
4186,1025,3:02:00,0,1.00,0,0.8800,0.0339,0.0880,0.0292,0,REST-S,5,2,1
4186,1026,3:02:30,0,0.00,0,0.8900,0.0339,0.0880,0.0412,0,REST-S,5,2,1
4186,1027,3:03:00,0,0.00,0,0.8900,0.0339,0.0880,0.0412,0,REST-S,5,2,1
4186,1028,3:03:30,0,0.00,0,0.8800,0.0339,0.0880,0.0292,0,REST-S,5,2,1
4186,1029,3:04:00,0,1.00,0,0.5600,0.0298,0.0523,0.0292,0,REST-S,5,2,1
4186,1030,3:04:30,0,13.00,0,0.5700,0.0339,0.0523,0.0292,0,REST-S,5,2,1
4186,1031,3:05:00,0,0.00,0,0.5700,0.0339,0.0523,0.0292,0,REST-S,5,2,1
4186,1032,3:05:30,0,0.00,0,0.5500,0.0339,0.0523,0.0173,0,REST-S,5,2,1
4186,1033,3:06:00,0,0.00,0,0.5900,0.0431,0.0523,0.0292,0,REST-S,5,2,1
4186,1034,3:06:30,0,0.00,0,0.9000,0.0431,0.0880,0.0292,0,REST-S,5,2,1
4186,1035,3:07:00,0,25.00,0,0.5900,0.0431,0.0523,0.0292,1,REST-S,5,2,1
4186,1036,3:07:30,0,0.00,0,0.8800,0.0339,0.0880,0.0292,0,REST-S,5,2,1
4186,1037,3:08:00,0,0.00,0,0.5900,0.0431,0.0523,0.0292,0,REST-S,5,2,1
4186,1038,3:08:30,0,0.00,0,0.5500,0.0339,0.0523,0.0173,0,REST-S,5,2,1
4186,1039,3:09:00,0,1.00,0,0.5700,0.0339,0.0523,0.0292,0,REST-S,5,2,1
4186,1040,3:09:30,0,49.00,0,0.5500,0.0339,0.0523,0.0173,1,REST-S,5,2,1
4186,1041,3:10:00,0,0.00,0,0.5400,0.0298,0.0523,0.0173,0,REST-S,5,2,1
4186,1042,3:10:30,0,0.00,0,0.5500,0.0339,0.0523,0.0173,0,REST-S,5,2,1
4186,1043,3:11:00,0,0.00,0,0.5700,0.0431,0.0523,0.0173,0,REST-S,5,2,1
4186,1044,3:11:30,0,1.00,0,0.5500,0.0339,0.0523,0.0173,0,REST-S,5,2,1
4186,1045,3:12:00,0,0.00,0,0.5400,0.0298,0.0523,0.0173,0,REST-S,5,2,1
4186,1046,3:12:30,0,3.00,0,0.5400,0.0298,0.0523,0.0173,0,REST-S,5,2,1
4186,1047,3:13:00,0,0.00,0,0.5500,0.0339,0.0523,0.0173,0,REST-S,5,2,1
4186,1048,3:13:30,0,0.00,0,0.5400,0.0298,0.0523,0.0173,0,REST-S,5,2,1
4186,1049,3:14:00,0,2.00,0,0.5500,0.0339,0.0523,0.0173,0,REST-S,5,2,1
4186,1050,3:14:30,0,0.00,0,0.5500,0.0339,0.0523,0.0173,0,REST-S,5,2,1
4186,1051,3:15:00,0,0.00,0,0.5500,0.0339,0.0523,0.0173,0,REST-S,5,2,1
4186,1052,3:15:30,0,0.00,0,0.5700,0.0339,0.0523,0.0292,0,REST-S,5,2,1
4186,1053,3:16:00,0,0.00,0,0.5400,0.0298,0.0523,0.0173,0,REST-S,5,2,1
4186,1054,3:16:30,0,1.00,0,0.8800,0.0339,0.0880,0.0292,0,REST-S,5,2,1
4186,1055,3:17:00,0,0.00,0,0.8800,0.0339,0.0880,0.0292,0,REST-S,5,2,1
4186,1056,3:17:30,0,0.00,0,0.5700,0.0339,0.0523,0.0292,0,REST-S,5,2,1
4186,1057,3:18:00,0,0.00,0,0.5400,0.0298,0.0523,0.0173,0,REST-S,5,2,1
4186,1058,3:18:30,0,1.00,0,0.5500,0.0339,0.0523,0.0173,0,REST-S,5,2,1
4186,1059,3:19:00,0,0.00,0,0.5700,0.0339,0.0523,0.0292,0,REST-S,5,2,1
4186,1060,3:19:30,0,0.00,0,0.5500,0.0339,0.0523,0.0173,0,REST-S,5,2,1
4186,1061,3:20:00,0,0.00,0,0.5600,0.0298,0.0523,0.0292,0,REST-S,5,2,1
4186,1062,3:20:30,0,0.00,0,0.5500,0.0339,0.0523,0.0173,0,REST-S,5,2,1
4186,1063,3:21:00,0,0.00,0,0.5500,0.0339,0.0523,0.0173,0,REST-S,5,2,1
4186,1064,3:21:30,0,1.00,0,0.5700,0.0431,0.0523,0.0173,0,REST-S,5,2,1
4186,1065,3:22:00,0,0.00,0,0.5500,0.0339,0.0523,0.0173,0,REST-S,5,2,1
4186,1066,3:22:30,0,0.00,0,0.5500,0.0339,0.0523,0.0173,0,REST-S,5,2,1
4186,1067,3:23:00,0,0.00,0,0.5500,0.0339,0.0523,0.0173,0,REST-S,5,2,1
4186,1068,3:23:30,0,0.00,0,0.5400,0.0298,0.0523,0.0173,0,REST-S,5,2,1
4186,1069,3:24:00,0,0.00,0,0.5400,0.0298,0.0523,0.0173,0,REST-S,5,2,1
4186,1070,3:24:30,0,0.00,0,0.5400,0.0298,0.0523,0.0173,0,REST-S,5,2,1
4186,1071,3:25:00,0,0.00,0,0.1000,0.0298,0.0012,0.0215,0,REST-S,5,2,1
4186,1072,3:25:30,0,0.00,0,0.5700,0.0431,0.0523,0.0173,0,REST-S,5,2,1
4186,1073,3:26:00,0,0.00,0,0.5500,0.0339,0.0523,0.0173,0,REST-S,5,2,1
4186,1074,3:26:30,0,61.00,0,0.5700,0.0431,0.0523,0.0173,1,REST-S,5,2,1
4186,1075,3:27:00,0,0.00,0,0.9100,0.0470,0.0880,0.0292,0,REST-S,5,2,1
4186,1076,3:27:30,0,0.00,0,0.5900,0.0431,0.0523,0.0292,0,REST-S,5,2,1
4186,1077,3:28:00,0,0.00,0,0.9100,0.0470,0.0880,0.0292,0,REST-S,5,2,1
4186,1078,3:28:30,0,0.00,0,0.9000,0.0431,0.0880,0.0292,0,REST-S,5,2,1
4186,1079,3:29:00,0,0.00,0,0.9000,0.0431,0.0880,0.0292,0,REST-S,5,2,1
4186,1080,3:29:30,0,1.00,0,0.5900,0.0470,0.0523,0.0292,0,REST-S,5,2,1
4186,1081,3:30:00,0,1.00,0,0.9100,0.0470,0.0880,0.0292,0,REST-S,5,2,1
4186,1082,3:30:30,0,1.00,0,0.9100,0.0470,0.0880,0.0292,0,REST-S,5,2,1
4186,1083,3:31:00,0,0.00,0,0.5700,0.0431,0.0523,0.0173,0,REST-S,5,2,1
4186,1084,3:31:30,0,1.00,0,0.5900,0.0431,0.0523,0.0292,0,REST-S,5,2,1
4186,1085,3:32:00,0,0.00,0,0.8800,0.0298,0.0880,0.0412,0,REST-S,5,2,1
4186,1086,3:32:30,0,0.00,0,0.5400,0.0298,0.0523,0.0173,0,REST-S,5,2,1
4186,1087,3:33:00,0,1.00,0,0.6600,0.0470,0.0622,0.0070,0,REST-S,5,2,1
4186,1088,3:33:30,0,1.00,0,0.6500,0.0431,0.0622,0.0070,0,REST-S,5,2,1
4186,1089,3:34:00,0,0.00,0,0.9100,0.0470,0.0880,0.0292,0,REST-S,5,2,1
4186,1090,3:34:30,0,0.00,0,0.8800,0.0339,0.0880,0.0292,0,REST-S,5,2,1
4186,1091,3:35:00,0,35.00,0,0.9100,0.0470,0.0880,0.0292,1,ACTIVE,5,2,1
4186,1092,3:35:30,0,0.00,0,0.5700,0.0431,0.0523,0.0173,0,ACTIVE,5,2,1
4186,1093,3:36:00,0,1.00,0,0.6600,0.0470,0.0622,0.0070,0,ACTIVE,5,2,1
4186,1094,3:36:30,0,0.00,0,0.9100,0.0470,0.0880,0.0292,0,ACTIVE,5,2,1
4186,1095,3:37:00,0,0.00,0,0.5900,0.0470,0.0523,0.0292,0,ACTIVE,5,2,1
4186,1096,3:37:30,0,1.00,0,0.5700,0.0431,0.0523,0.0173,0,ACTIVE,5,2,1
4186,1097,3:38:00,0,0.00,0,0.5900,0.0431,0.0523,0.0292,0,ACTIVE,5,2,1
4186,1098,3:38:30,0,1.00,0,0.5900,0.0431,0.0523,0.0292,0,ACTIVE,5,2,1
4186,1099,3:39:00,0,99.00,0,0.5800,0.0470,0.0523,0.0173,1,ACTIVE,5,2,1
4186,1100,3:39:30,0,0.00,0,0.9100,0.0470,0.0880,0.0292,0,ACTIVE,5,2,1
4186,1101,3:40:00,0,0.00,0,0.6300,0.0679,0.0523,0.0173,0,ACTIVE,5,2,1
4186,1102,3:40:30,0,1.00,0,0.5800,0.0470,0.0523,0.0173,0,ACTIVE,5,2,1
4186,1103,3:41:00,0,38.00,0,0.2100,0.0215,0.0173,0.0059,1,ACTIVE,5,2,1
4186,1104,3:41:30,0,0.00,0,0.9000,0.0431,0.0880,0.0292,0,ACTIVE,5,2,1
4186,1105,3:42:00,0,0.00,0,0.5500,0.0339,0.0523,0.0173,0,ACTIVE,5,2,1
4186,1106,3:42:30,0,0.00,0,0.5800,0.0470,0.0523,0.0173,0,ACTIVE,5,2,1
4186,1107,3:43:00,0,0.00,0,0.5800,0.0470,0.0523,0.0173,0,ACTIVE,5,2,1
4186,1108,3:43:30,0,30.00,0,0.6000,0.0559,0.0523,0.0173,1,REST-S,5,2,1
4186,1109,3:44:00,0,0.00,0,0.6000,0.0559,0.0523,0.0173,0,REST-S,5,2,1
4186,1110,3:44:30,0,0.00,0,0.5800,0.0470,0.0523,0.0173,0,REST-S,5,2,1
4186,1111,3:45:00,0,0.00,0,0.5800,0.0470,0.0523,0.0173,0,REST-S,5,2,1
4186,1112,3:45:30,0,0.00,0,0.5800,0.0470,0.0523,0.0173,0,REST-S,5,2,1
4186,1113,3:46:00,0,0.00,0,0.6000,0.0559,0.0523,0.0173,0,REST-S,5,2,1
4186,1114,3:46:30,0,0.00,0,0.6100,0.0596,0.0523,0.0173,0,REST-S,5,2,1
4186,1115,3:47:00,0,0.00,0,0.6000,0.0559,0.0523,0.0173,0,REST-S,5,2,1
4186,1116,3:47:30,0,0.00,0,0.6000,0.0559,0.0523,0.0173,0,REST-S,5,2,1
4186,1117,3:48:00,0,0.00,0,0.5800,0.0470,0.0523,0.0173,0,REST-S,5,2,1
4186,1118,3:48:30,0,0.00,0,0.5800,0.0470,0.0523,0.0173,0,REST-S,5,2,1
4186,1119,3:49:00,0,0.00,0,0.5700,0.0431,0.0523,0.0173,0,REST-S,5,2,1
4186,1120,3:49:30,0,0.00,0,0.5800,0.0470,0.0523,0.0173,0,REST-S,5,2,1
4186,1121,3:50:00,0,0.00,0,0.4000,0.0298,0.0378,0.0023,0,REST-S,5,2,1
4186,1122,3:50:30,0,0.00,0,0.6500,0.0431,0.0622,0.0070,0,REST-S,5,2,1
4186,1123,3:51:00,0,0.00,0,0.6500,0.0431,0.0622,0.0070,0,REST-S,5,2,1
4186,1124,3:51:30,0,0.00,0,0.6500,0.0431,0.0622,0.0070,0,REST-S,5,2,1
4186,1125,3:52:00,0,0.00,0,0.5800,0.0470,0.0523,0.0173,0,REST-S,5,2,1
4186,1126,3:52:30,0,72.00,0,0.5800,0.0470,0.0523,0.0173,1,REST-S,5,2,1
4186,1127,3:53:00,0,0.00,0,0.6600,0.0470,0.0622,0.0070,0,REST-S,5,2,1
4186,1128,3:53:30,0,0.00,0,0.5800,0.0470,0.0523,0.0173,0,REST-S,5,2,1
4186,1129,3:54:00,0,0.00,0,0.5800,0.0470,0.0523,0.0173,0,REST-S,5,2,1
4186,1130,3:54:30,0,0.00,0,0.9000,0.0431,0.0880,0.0292,0,REST-S,5,2,1
4186,1131,3:55:00,0,0.00,0,0.5500,0.0339,0.0523,0.0173,0,REST-S,5,2,1
4186,1132,3:55:30,0,0.00,0,0.5700,0.0431,0.0523,0.0173,0,REST-S,5,2,1
4186,1133,3:56:00,0,1.00,0,0.0500,0.0085,0.0012,0.0215,0,REST-S,5,2,1
4186,1134,3:56:30,0,0.00,0,0.6600,0.0470,0.0622,0.0070,0,REST-S,5,2,1
4186,1135,3:57:00,0,0.00,0,0.5500,0.0339,0.0523,0.0173,0,REST-S,5,2,1
4186,1136,3:57:30,0,0.00,0,0.5400,0.0298,0.0523,0.0173,0,REST-S,5,2,1
4186,1137,3:58:00,0,0.00,0,0.6600,0.0470,0.0622,0.0070,0,REST-S,5,2,1
4186,1138,3:58:30,0,1.00,0,0.9000,0.0431,0.0880,0.0292,0,REST-S,5,2,1
4186,1139,3:59:00,0,0.00,0,0.6600,0.0470,0.0622,0.0070,0,REST-S,5,2,1
4186,1140,3:59:30,0,0.00,0,0.6600,0.0470,0.0622,0.0070,0,REST-S,5,2,1
4186,1141,4:00:00,0,0.00,0,0.5500,0.0339,0.0523,0.0173,0,REST-S,5,2,1
4186,1142,4:00:30,0,0.00,0,0.5500,0.0339,0.0523,0.0173,0,REST-S,5,2,1
4186,1143,4:01:00,0,1.00,0,0.5700,0.0431,0.0523,0.0173,0,REST-S,5,2,1
4186,1144,4:01:30,0,20.00,0,0.5700,0.0431,0.0523,0.0173,1,REST-S,5,2,1
4186,1145,4:02:00,0,0.00,0,0.5800,0.0470,0.0523,0.0173,0,REST-S,5,2,1
4186,1146,4:02:30,0,0.00,0,0.6800,0.0559,0.0622,0.0070,0,REST-S,5,2,1
4186,1147,4:03:00,0,0.00,0,0.5700,0.0431,0.0523,0.0173,0,REST-S,5,2,1
4186,1148,4:03:30,0,0.00,0,0.5800,0.0470,0.0523,0.0173,0,REST-S,5,2,1
4186,1149,4:04:00,0,0.00,0,0.6800,0.0559,0.0622,0.0070,0,REST-S,5,2,1
4186,1150,4:04:30,0,0.00,0,0.6800,0.0559,0.0622,0.0070,0,REST-S,5,2,1
4186,1151,4:05:00,0,0.00,0,0.6000,0.0559,0.0523,0.0173,0,REST-S,5,2,1
4186,1152,4:05:30,0,0.00,0,0.6800,0.0559,0.0622,0.0070,0,REST-S,5,2,1
4186,1153,4:06:00,0,0.00,0,0.6800,0.0559,0.0622,0.0070,0,REST-S,5,2,1
4186,1154,4:06:30,0,4.00,0,0.6600,0.0470,0.0622,0.0070,0,REST-S,5,2,1
4186,1155,4:07:00,0,29.00,0,0.5700,0.0431,0.0523,0.0173,1,REST-S,5,2,1
4186,1156,4:07:30,0,0.00,0,0.5700,0.0431,0.0523,0.0173,0,REST-S,5,2,1
4186,1157,4:08:00,0,0.00,0,0.5800,0.0470,0.0523,0.0173,0,REST-S,5,2,1
4186,1158,4:08:30,0,0.00,0,0.5800,0.0470,0.0523,0.0173,0,REST-S,5,2,1
4186,1159,4:09:00,0,0.00,0,0.6000,0.0559,0.0523,0.0173,0,REST-S,5,2,1
4186,1160,4:09:30,0,0.00,0,0.5700,0.0431,0.0523,0.0173,0,REST-S,5,2,1
4186,1161,4:10:00,0,0.00,0,0.5700,0.0431,0.0523,0.0173,0,REST-S,5,2,1
4186,1162,4:10:30,0,0.00,0,0.9000,0.0431,0.0880,0.0292,0,REST-S,5,2,1
4186,1163,4:11:00,0,0.00,0,0.9000,0.0431,0.0880,0.0292,0,REST-S,5,2,1
4186,1164,4:11:30,0,0.00,0,0.5700,0.0431,0.0523,0.0173,0,REST-S,5,2,1
4186,1165,4:12:00,0,0.00,0,0.5800,0.0470,0.0523,0.0173,0,REST-S,5,2,1
4186,1166,4:12:30,0,0.00,0,0.5700,0.0431,0.0523,0.0173,0,REST-S,5,2,1
4186,1167,4:13:00,0,0.00,0,0.6600,0.0470,0.0622,0.0070,0,REST-S,5,2,1
4186,1168,4:13:30,0,0.00,0,0.6600,0.0470,0.0622,0.0070,0,REST-S,5,2,1
4186,1169,4:14:00,0,0.00,0,0.5800,0.0470,0.0523,0.0173,0,REST-S,5,2,1
4186,1170,4:14:30,0,0.00,0,0.5700,0.0431,0.0523,0.0173,0,REST-S,5,2,1
4186,1171,4:15:00,0,0.00,0,0.5800,0.0470,0.0523,0.0173,0,REST-S,5,2,1
4186,1172,4:15:30,0,0.00,0,0.5800,0.0470,0.0523,0.0173,0,REST-S,5,2,1
4186,1173,4:16:00,0,0.00,0,0.5800,0.0470,0.0523,0.0173,0,REST-S,5,2,1
4186,1174,4:16:30,0,0.00,0,0.5800,0.0470,0.0523,0.0173,0,REST-S,5,2,1
4186,1175,4:17:00,0,0.00,0,0.5700,0.0431,0.0523,0.0173,0,REST-S,5,2,1
4186,1176,4:17:30,0,0.00,0,0.5400,0.0298,0.0523,0.0173,0,REST-S,5,2,1
4186,1177,4:18:00,0,0.00,0,0.5200,0.0215,0.0523,0.0173,0,REST-S,5,2,1
4186,1178,4:18:30,0,0.00,0,0.5500,0.0339,0.0523,0.0173,0,REST-S,5,2,1
4186,1179,4:19:00,0,0.00,0,0.6000,0.0559,0.0523,0.0173,0,REST-S,5,2,1
4186,1180,4:19:30,0,0.00,0,0.5500,0.0339,0.0523,0.0173,0,REST-S,5,2,1
4186,1181,4:20:00,0,0.00,0,0.5400,0.0298,0.0523,0.0173,0,REST-S,5,2,1
4186,1182,4:20:30,0,0.00,0,0.5700,0.0431,0.0523,0.0173,0,REST-S,5,2,1
4186,1183,4:21:00,0,0.00,0,0.5800,0.0470,0.0523,0.0173,0,REST-S,5,2,1
4186,1184,4:21:30,0,0.00,0,0.5800,0.0470,0.0523,0.0173,0,REST-S,5,2,1
4186,1185,4:22:00,0,0.00,0,0.5800,0.0470,0.0523,0.0173,0,REST-S,5,2,1
4186,1186,4:22:30,0,0.00,0,0.6000,0.0559,0.0523,0.0173,0,REST-S,5,2,1
4186,1187,4:23:00,0,0.00,0,0.5800,0.0470,0.0523,0.0173,0,REST-S,5,2,1
4186,1188,4:23:30,0,0.00,0,0.5800,0.0470,0.0523,0.0173,0,REST-S,5,2,1
4186,1189,4:24:00,0,1.00,0,0.6000,0.0559,0.0523,0.0173,0,REST-S,5,2,1
4186,1190,4:24:30,0,0.00,0,0.5800,0.0470,0.0523,0.0173,0,REST-S,5,2,1
4186,1191,4:25:00,0,0.00,0,0.6000,0.0559,0.0523,0.0173,0,REST-S,5,2,1
4186,1192,4:25:30,0,0.00,0,0.6300,0.0339,0.0622,0.0070,0,REST-S,5,2,1
4186,1193,4:26:00,0,0.00,0,0.6500,0.0431,0.0622,0.0070,0,REST-S,5,2,1
4186,1194,4:26:30,0,0.00,0,0.5400,0.0298,0.0523,0.0173,0,REST-S,5,2,1
4186,1195,4:27:00,0,0.00,0,0.5700,0.0431,0.0523,0.0173,0,REST-S,5,2,1
4186,1196,4:27:30,0,0.00,0,0.5400,0.0298,0.0523,0.0173,0,REST-S,5,2,1
4186,1197,4:28:00,0,0.00,0,0.5700,0.0431,0.0523,0.0173,0,REST-S,5,2,1
4186,1198,4:28:30,0,0.00,0,0.5700,0.0431,0.0523,0.0173,0,REST-S,5,2,1
4186,1199,4:29:00,0,0.00,0,0.5800,0.0470,0.0523,0.0173,0,REST-S,5,2,1
4186,1200,4:29:30,0,0.00,0,0.6800,0.0559,0.0622,0.0070,0,REST-S,5,2,1
4186,1201,4:30:00,0,0.00,0,0.6800,0.0559,0.0622,0.0070,0,REST-S,5,2,1
4186,1202,4:30:30,0,1.00,0,0.5800,0.0470,0.0523,0.0173,0,REST-S,5,2,1
4186,1203,4:31:00,0,0.00,0,0.6600,0.0470,0.0622,0.0070,0,REST-S,5,2,1
4186,1204,4:31:30,0,0.00,0,0.5800,0.0470,0.0523,0.0173,0,REST-S,5,2,1
4186,1205,4:32:00,0,0.00,0,0.5800,0.0470,0.0523,0.0173,0,REST-S,5,2,1
4186,1206,4:32:30,0,0.00,0,0.5800,0.0470,0.0523,0.0173,0,REST-S,5,2,1
4186,1207,4:33:00,0,0.00,0,0.6000,0.0559,0.0523,0.0173,0,REST-S,5,2,1
4186,1208,4:33:30,0,0.00,0,0.5800,0.0470,0.0523,0.0173,0,REST-S,5,2,1
4186,1209,4:34:00,0,0.00,0,0.5800,0.0470,0.0523,0.0173,0,REST-S,5,2,1
4186,1210,4:34:30,0,0.00,0,0.5800,0.0470,0.0523,0.0173,0,REST-S,5,2,1
4186,1211,4:35:00,0,0.00,0,0.9100,0.0470,0.0880,0.0292,0,REST-S,5,2,1
4186,1212,4:35:30,0,0.00,0,0.9100,0.0470,0.0880,0.0292,0,REST-S,5,2,1
4186,1213,4:36:00,0,0.00,0,0.5800,0.0470,0.0523,0.0173,0,REST-S,5,2,1
4186,1214,4:36:30,0,0.00,0,0.6500,0.0431,0.0622,0.0070,0,REST-S,5,2,1
4186,1215,4:37:00,0,0.00,0,0.5500,0.0339,0.0523,0.0173,0,REST-S,5,2,1
4186,1216,4:37:30,0,0.00,0,0.5800,0.0470,0.0523,0.0173,0,REST-S,5,2,1
4186,1217,4:38:00,0,0.00,0,0.6000,0.0559,0.0523,0.0173,0,REST-S,5,2,1
4186,1218,4:38:30,0,0.00,0,0.6800,0.0559,0.0622,0.0070,0,REST-S,5,2,1
4186,1219,4:39:00,0,0.00,0,0.5800,0.0470,0.0523,0.0173,0,REST-S,5,2,1
4186,1220,4:39:30,0,0.00,0,0.5800,0.0470,0.0523,0.0173,0,REST-S,5,2,1
4186,1221,4:40:00,0,0.00,0,0.6600,0.0470,0.0622,0.0070,0,REST-S,5,2,1
4186,1222,4:40:30,0,0.00,0,0.5800,0.0470,0.0523,0.0173,0,REST-S,5,2,1
4186,1223,4:41:00,0,0.00,0,0.6600,0.0470,0.0622,0.0070,0,REST-S,5,2,1
4186,1224,4:41:30,0,0.00,0,0.3800,0.0215,0.0378,0.0023,0,REST-S,5,2,1
4186,1225,4:42:00,0,0.00,0,0.5800,0.0470,0.0523,0.0173,0,REST-S,5,2,1
4186,1226,4:42:30,0,0.00,0,0.6600,0.0470,0.0622,0.0070,0,REST-S,5,2,1
4186,1227,4:43:00,0,0.00,0,0.9000,0.0431,0.0880,0.0292,0,REST-S,5,2,1
4186,1228,4:43:30,0,0.00,0,0.6300,0.0339,0.0622,0.0070,0,REST-S,5,2,1
4186,1229,4:44:00,0,0.00,0,0.5700,0.0431,0.0523,0.0173,0,REST-S,5,2,1
4186,1230,4:44:30,0,0.00,0,0.5800,0.0470,0.0523,0.0173,0,REST-S,5,2,1
4186,1231,4:45:00,0,0.00,0,0.6000,0.0559,0.0523,0.0173,0,REST-S,5,2,1
4186,1232,4:45:30,0,0.00,0,0.6600,0.0470,0.0622,0.0070,0,REST-S,5,2,1
4186,1233,4:46:00,0,0.00,0,0.5800,0.0470,0.0523,0.0173,0,REST-S,5,2,1
4186,1234,4:46:30,0,0.00,0,0.5700,0.0431,0.0523,0.0173,0,REST-S,5,2,1
4186,1235,4:47:00,0,0.00,0,0.5500,0.0339,0.0523,0.0173,0,REST-S,5,2,1
4186,1236,4:47:30,0,0.00,0,0.8700,0.0298,0.0880,0.0292,0,REST-S,5,2,1
4186,1237,4:48:00,0,0.00,0,0.8800,0.0339,0.0880,0.0292,0,REST-S,5,2,1
4186,1238,4:48:30,0,0.00,0,0.5700,0.0431,0.0523,0.0173,0,REST-S,5,2,1
4186,1239,4:49:00,0,0.00,0,0.6000,0.0559,0.0523,0.0173,0,REST-S,5,2,1
4186,1240,4:49:30,0,0.00,0,0.5400,0.0298,0.0523,0.0173,0,REST-S,5,2,1
4186,1241,4:50:00,0,0.00,0,0.5700,0.0431,0.0523,0.0173,0,REST-S,5,2,1
4186,1242,4:50:30,0,0.00,0,0.5700,0.0431,0.0523,0.0173,0,REST-S,5,2,1
4186,1243,4:51:00,0,0.00,0,0.5800,0.0470,0.0523,0.0173,0,REST-S,5,2,1
4186,1244,4:51:30,0,0.00,0,0.5800,0.0470,0.0523,0.0173,0,REST-S,5,2,1
4186,1245,4:52:00,0,0.00,0,0.5700,0.0431,0.0523,0.0173,0,REST-S,5,2,1
4186,1246,4:52:30,0,0.00,0,0.5800,0.0470,0.0523,0.0173,0,REST-S,5,2,1
4186,1247,4:53:00,0,0.00,0,0.5800,0.0470,0.0523,0.0173,0,REST-S,5,2,1
4186,1248,4:53:30,0,0.00,0,0.5700,0.0431,0.0523,0.0173,0,REST-S,5,2,1
4186,1249,4:54:00,0,0.00,0,0.5700,0.0431,0.0523,0.0173,0,REST-S,5,2,1
4186,1250,4:54:30,0,4.00,0,0.5500,0.0339,0.0523,0.0173,0,REST-S,5,2,1
4186,1251,4:55:00,0,2.00,0,0.5700,0.0431,0.0523,0.0173,0,REST-S,5,2,1
4186,1252,4:55:30,0,0.00,0,0.5700,0.0431,0.0523,0.0173,0,REST-S,5,2,1
4186,1253,4:56:00,0,0.00,0,0.5700,0.0431,0.0523,0.0173,0,REST-S,5,2,1
4186,1254,4:56:30,0,0.00,0,0.5700,0.0431,0.0523,0.0173,0,REST-S,5,2,1
4186,1255,4:57:00,0,0.00,0,0.5500,0.0339,0.0523,0.0173,0,REST-S,5,2,1
4186,1256,4:57:30,0,49.00,0,0.5700,0.0431,0.0523,0.0173,1,REST-S,5,2,1
4186,1257,4:58:00,0,0.00,0,0.2200,0.0298,0.0173,0.0059,0,REST-S,5,2,1
4186,1258,4:58:30,0,0.00,0,0.2300,0.0339,0.0173,0.0059,0,REST-S,5,2,1
4186,1259,4:59:00,0,0.00,0,0.5400,0.0298,0.0523,0.0173,0,REST-S,5,2,1
4186,1260,4:59:30,0,0.00,0,0.4100,0.0339,0.0378,0.0023,0,REST-S,5,2,1
4186,1261,5:00:00,0,0.00,0,0.2300,0.0339,0.0173,0.0059,0,REST-S,5,2,1
4186,1262,5:00:30,0,0.00,0,0.2200,0.0298,0.0173,0.0059,0,REST-S,5,2,1
4186,1263,5:01:00,0,0.00,0,0.4100,0.0339,0.0378,0.0023,0,REST-S,5,2,1
4186,1264,5:01:30,0,0.00,0,0.4100,0.0339,0.0378,0.0023,0,REST-S,5,2,1
4186,1265,5:02:00,0,0.00,0,0.2200,0.0298,0.0173,0.0059,0,REST-S,5,2,1
4186,1266,5:02:30,0,0.00,0,0.4000,0.0298,0.0378,0.0023,0,REST-S,5,2,1
4186,1267,5:03:00,0,0.00,0,0.2200,0.0298,0.0173,0.0059,0,REST-S,5,2,1
4186,1268,5:03:30,0,0.00,0,0.2200,0.0298,0.0173,0.0059,0,REST-S,5,2,1
4186,1269,5:04:00,0,0.00,0,0.2200,0.0298,0.0173,0.0059,0,REST-S,5,2,1
4186,1270,5:04:30,0,0.00,0,0.4000,0.0298,0.0378,0.0023,0,REST-S,5,2,1
4186,1271,5:05:00,0,0.00,0,0.1000,0.0298,0.0012,0.0215,0,REST-S,5,2,1
4186,1272,5:05:30,0,0.00,0,0.2200,0.0298,0.0173,0.0059,0,REST-S,5,2,1
4186,1273,5:06:00,0,0.00,0,0.5400,0.0298,0.0523,0.0173,0,REST-S,5,2,1
4186,1274,5:06:30,0,0.00,0,0.2200,0.0298,0.0173,0.0059,0,REST-S,5,2,1
4186,1275,5:07:00,0,0.00,0,0.4000,0.0298,0.0378,0.0023,0,REST-S,5,2,1
4186,1276,5:07:30,0,0.00,0,0.5400,0.0298,0.0523,0.0173,0,REST-S,5,2,1
4186,1277,5:08:00,0,0.00,0,0.2100,0.0215,0.0173,0.0059,0,REST-S,5,2,1
4186,1278,5:08:30,0,0.00,0,0.2000,0.0170,0.0173,0.0059,0,REST-S,5,2,1
4186,1279,5:09:00,0,0.00,0,0.2100,0.0215,0.0173,0.0059,0,REST-S,5,2,1
4186,1280,5:09:30,0,0.00,0,0.2000,0.0170,0.0173,0.0059,0,REST-S,5,2,1
4186,1281,5:10:00,0,0.00,0,0.2000,0.0170,0.0173,0.0059,0,REST-S,5,2,1
4186,1282,5:10:30,0,0.00,0,0.1800,0.0085,0.0173,0.0059,0,REST-S,5,2,1
4186,1283,5:11:00,0,0.00,0,0.2000,0.0170,0.0173,0.0059,1,REST-S,5,2,1
4186,1284,5:11:30,0,131.00,0,0.5400,0.0298,0.0523,0.0173,1,REST-S,5,2,1
4186,1285,5:12:00,0,136.00,0,0.9100,0.0470,0.0880,0.0292,1,REST-S,5,2,1
4186,1286,5:12:30,0,3.00,0,0.5400,0.0298,0.0523,0.0173,1,REST-S,5,2,1
4186,1287,5:13:00,0,0.00,0,0.9100,0.0470,0.0880,0.0292,1,REST-S,5,2,1
4186,1288,5:13:30,0,0.00,0,0.6500,0.0431,0.0622,0.0070,0,REST-S,5,2,1
4186,1289,5:14:00,0,58.00,0,0.6500,0.0431,0.0622,0.0070,1,REST-S,5,2,1
4186,1290,5:14:30,0,1.00,0,0.5800,0.0470,0.0523,0.0173,0,REST-S,5,2,1
4186,1291,5:15:00,0,1.00,0,0.5900,0.0431,0.0523,0.0292,0,REST-S,5,2,1
4186,1292,5:15:30,0,0.00,0,0.9000,0.0431,0.0880,0.0292,0,REST-S,5,2,1
4186,1293,5:16:00,0,0.00,0,0.5500,0.0339,0.0523,0.0173,0,REST-S,5,2,1
4186,1294,5:16:30,0,0.00,0,0.5500,0.0339,0.0523,0.0173,0,REST-S,5,2,1
4186,1295,5:17:00,0,0.00,0,0.5900,0.0431,0.0523,0.0292,0,REST-S,5,2,1
4186,1296,5:17:30,0,0.00,0,0.5900,0.0431,0.0523,0.0292,0,REST-S,5,2,1
4186,1297,5:18:00,0,0.00,0,0.9000,0.0431,0.0880,0.0292,0,REST-S,5,2,1
4186,1298,5:18:30,0,0.00,0,0.9000,0.0431,0.0880,0.0292,0,REST-S,5,2,1
4186,1299,5:19:00,0,0.00,0,0.5900,0.0470,0.0523,0.0292,0,REST-S,5,2,1
4186,1300,5:19:30,0,0.00,0,0.5900,0.0431,0.0523,0.0292,0,REST-S,5,2,1
4186,1301,5:20:00,0,0.00,0,0.8800,0.0339,0.0880,0.0292,0,REST-S,5,2,1
4186,1302,5:20:30,0,0.00,0,0.5500,0.0339,0.0523,0.0173,0,REST-S,5,2,1
4186,1303,5:21:00,0,0.00,0,0.6500,0.0431,0.0622,0.0070,0,REST-S,5,2,1
4186,1304,5:21:30,0,10.00,0,0.6600,0.0470,0.0622,0.0070,1,ACTIVE,5,2,1
4186,1305,5:22:00,0,102.00,0,0.9100,0.0470,0.0880,0.0292,1,ACTIVE,5,2,1
4186,1306,5:22:30,0,0.00,0,0.5200,0.0215,0.0523,0.0173,0,ACTIVE,5,2,1
4186,1307,5:23:00,0,0.00,0,0.5900,0.0431,0.0523,0.0292,0,ACTIVE,5,2,1
4186,1308,5:23:30,0,0.00,0,0.6300,0.0339,0.0622,0.0070,0,ACTIVE,5,2,1
4186,1309,5:24:00,0,0.00,0,0.6500,0.0431,0.0622,0.0070,0,ACTIVE,5,2,1
4186,1310,5:24:30,0,3.00,0,0.9000,0.0431,0.0880,0.0292,0,ACTIVE,5,2,1
4186,1311,5:25:00,0,0.00,0,0.6000,0.0559,0.0523,0.0173,0,ACTIVE,5,2,1
4186,1312,5:25:30,0,16.00,0,0.5700,0.0431,0.0523,0.0173,0,ACTIVE,5,2,1
4186,1313,5:26:00,0,1.00,0,0.5400,0.0298,0.0523,0.0173,0,ACTIVE,5,2,1
4186,1314,5:26:30,0,0.00,0,0.5500,0.0339,0.0523,0.0173,0,ACTIVE,5,2,1
4186,1315,5:27:00,0,11.00,0,0.5700,0.0431,0.0523,0.0173,0,ACTIVE,5,2,1
4186,1316,5:27:30,0,0.00,0,0.9000,0.0431,0.0880,0.0292,0,ACTIVE,5,2,1
4186,1317,5:28:00,0,1.00,0,0.5500,0.0339,0.0523,0.0173,0,ACTIVE,5,2,1
4186,1318,5:28:30,0,0.00,0,0.6500,0.0431,0.0622,0.0070,0,ACTIVE,5,2,1
4186,1319,5:29:00,0,0.00,0,0.5700,0.0431,0.0523,0.0173,0,ACTIVE,5,2,1
4186,1320,5:29:30,0,102.00,0,0.5700,0.0431,0.0523,0.0173,1,REST,5,2,1
4186,1321,5:30:00,0,2.00,0,0.5800,0.0470,0.0523,0.0173,1,REST,5,2,1
4186,1322,5:30:30,0,2.00,0,0.5800,0.0470,0.0523,0.0173,0,REST-S,5,2,1
4186,1323,5:31:00,0,0.00,0,0.5800,0.0470,0.0523,0.0173,0,REST-S,5,2,1
4186,1324,5:31:30,0,0.00,0,0.5700,0.0431,0.0523,0.0173,0,REST-S,5,2,1
4186,1325,5:32:00,0,1.00,0,0.5900,0.0431,0.0523,0.0292,0,REST-S,5,2,1
4186,1326,5:32:30,0,0.00,0,0.9300,0.0559,0.0880,0.0292,0,REST-S,5,2,1
4186,1327,5:33:00,0,0.00,0,0.9100,0.0470,0.0880,0.0292,0,REST-S,5,2,1
4186,1328,5:33:30,0,0.00,0,0.9300,0.0559,0.0880,0.0292,0,REST-S,5,2,1
4186,1329,5:34:00,0,0.00,0,0.5900,0.0470,0.0523,0.0292,0,REST-S,5,2,1
4186,1330,5:34:30,0,0.00,0,0.6000,0.0559,0.0523,0.0173,1,REST-S,5,2,1
4186,1331,5:35:00,0,0.00,0,0.5800,0.0470,0.0523,0.0173,1,REST-S,5,2,1
4186,1332,5:35:30,0,234.00,0,0.2200,0.0298,0.0173,0.0059,1,REST-S,5,2,1
4186,1333,5:36:00,0,0.00,0,0.0200,0.0049,0.0000,0.0059,1,REST-S,5,2,1
4186,1334,5:36:30,0,0.00,0,0.0200,0.0049,0.0000,0.0059,1,REST-S,5,2,1
4186,1335,5:37:00,0,0.00,0,0.0200,0.0049,0.0000,0.0059,0,REST-S,5,2,1
4186,1336,5:37:30,0,0.00,0,0.0200,0.0049,0.0000,0.0059,0,REST-S,5,2,1
4186,1337,5:38:00,0,0.00,0,0.0200,0.0049,0.0000,0.0059,0,REST-S,5,2,1
4186,1338,5:38:30,0,0.00,0,0.0200,0.0049,0.0000,0.0059,0,REST-S,5,2,1
4186,1339,5:39:00,0,0.00,0,0.0100,0.0049,0.0000,0.0000,0,REST-S,5,2,1
4186,1340,5:39:30,0,0.00,0,0.0100,0.0049,0.0000,0.0000,0,REST-S,5,2,1
4186,1341,5:40:00,0,0.00,0,0.0200,0.0049,0.0000,0.0059,0,REST-S,5,2,1
4186,1342,5:40:30,0,0.00,0,0.0200,0.0049,0.0000,0.0059,0,REST-S,5,2,1
4186,1343,5:41:00,0,0.00,0,0.0200,0.0049,0.0000,0.0059,0,REST-S,5,2,1
4186,1344,5:41:30,0,0.00,0,0.0200,0.0049,0.0000,0.0059,0,REST-S,5,2,1
4186,1345,5:42:00,0,0.00,0,0.0200,0.0049,0.0000,0.0059,0,REST-S,5,2,1
4186,1346,5:42:30,0,0.00,0,0.0200,0.0049,0.0000,0.0059,0,REST-S,5,2,1
4186,1347,5:43:00,0,0.00,0,0.0200,0.0049,0.0000,0.0059,0,REST-S,5,2,1
4186,1348,5:43:30,0,0.00,0,0.0200,0.0049,0.0000,0.0059,0,REST-S,5,2,1
4186,1349,5:44:00,0,0.00,0,0.0200,0.0049,0.0000,0.0059,0,REST-S,5,2,1
4186,1350,5:44:30,0,0.00,0,0.0200,0.0049,0.0000,0.0059,0,REST-S,5,2,1
4186,1351,5:45:00,0,0.00,0,0.0200,0.0049,0.0000,0.0059,0,REST-S,5,2,1
4186,1352,5:45:30,0,0.00,0,0.0200,0.0049,0.0000,0.0059,0,REST-S,5,2,1
4186,1353,5:46:00,0,0.00,0,0.0200,0.0049,0.0000,0.0059,0,REST-S,5,2,1
4186,1354,5:46:30,0,0.00,0,0.0200,0.0049,0.0000,0.0059,0,REST-S,5,2,1
4186,1355,5:47:00,0,0.00,0,0.0200,0.0049,0.0000,0.0059,0,REST-S,5,2,1
4186,1356,5:47:30,0,0.00,0,0.0200,0.0049,0.0000,0.0059,0,REST-S,5,2,1
4186,1357,5:48:00,0,0.00,0,0.0200,0.0049,0.0000,0.0059,0,REST-S,5,2,1
4186,1358,5:48:30,0,0.00,0,0.0200,0.0049,0.0000,0.0059,0,REST-S,5,2,1
4186,1359,5:49:00,0,0.00,0,0.0200,0.0049,0.0000,0.0059,0,REST-S,5,2,1
4186,1360,5:49:30,0,0.00,0,0.0300,0.0099,0.0000,0.0059,0,REST-S,5,2,1
4186,1361,5:50:00,0,0.00,0,0.0300,0.0099,0.0000,0.0059,0,REST-S,5,2,1
4186,1362,5:50:30,0,0.00,0,0.0200,0.0049,0.0000,0.0059,0,REST-S,5,2,1
4186,1363,5:51:00,0,0.00,0,0.0200,0.0049,0.0000,0.0059,0,REST-S,5,2,1
4186,1364,5:51:30,0,0.00,0,0.0200,0.0049,0.0000,0.0059,0,REST-S,5,2,1
4186,1365,5:52:00,0,0.00,0,0.0200,0.0049,0.0000,0.0059,0,REST-S,5,2,1
4186,1366,5:52:30,0,0.00,0,0.0200,0.0049,0.0000,0.0059,0,REST-S,5,2,1
4186,1367,5:53:00,0,0.00,0,0.0200,0.0049,0.0000,0.0059,0,REST-S,5,2,1
4186,1368,5:53:30,0,0.00,0,0.1700,0.0042,0.0173,0.0059,0,REST-S,5,2,1
4186,1369,5:54:00,0,0.00,0,0.0200,0.0049,0.0000,0.0059,0,REST-S,5,2,1
4186,1370,5:54:30,0,0.00,0,0.0200,0.0049,0.0000,0.0059,0,REST-S,5,2,1
4186,1371,5:55:00,0,0.00,0,0.0200,0.0049,0.0000,0.0059,0,REST-S,5,2,1
4186,1372,5:55:30,0,0.00,0,0.0200,0.0049,0.0000,0.0059,0,REST-S,5,2,1
4186,1373,5:56:00,0,0.00,0,0.0200,0.0049,0.0000,0.0059,0,REST-S,5,2,1
4186,1374,5:56:30,0,0.00,0,0.0200,0.0049,0.0000,0.0059,0,REST-S,5,2,1
4186,1375,5:57:00,0,0.00,0,0.0200,0.0049,0.0000,0.0059,0,REST-S,5,2,1
4186,1376,5:57:30,0,0.00,0,0.0200,0.0049,0.0000,0.0059,0,REST-S,5,2,1
4186,1377,5:58:00,0,0.00,0,0.0200,0.0049,0.0000,0.0059,0,REST-S,5,2,1
4186,1378,5:58:30,0,18.00,0,0.0200,0.0049,0.0000,0.0059,0,REST-S,5,2,1
4186,1379,5:59:00,0,0.00,0,0.0200,0.0049,0.0000,0.0059,0,REST-S,5,2,1
4186,1380,5:59:30,0,0.00,0,0.0200,0.0049,0.0000,0.0059,0,REST-S,5,2,1
4186,1381,6:00:00,0,0.00,0,0.0200,0.0049,0.0000,0.0059,0,REST-S,5,2,1
4186,1382,6:00:30,0,0.00,0,0.0200,0.0049,0.0000,0.0059,0,REST-S,5,2,1
4186,1383,6:01:00,0,0.00,0,0.0200,0.0049,0.0000,0.0059,0,REST-S,5,2,1
4186,1384,6:01:30,0,1.00,0,0.0200,0.0049,0.0000,0.0059,0,REST-S,5,2,1
4186,1385,6:02:00,0,2.00,0,0.0200,0.0049,0.0000,0.0059,0,REST-S,5,2,1
4186,1386,6:02:30,0,0.00,0,0.0200,0.0049,0.0000,0.0059,0,REST-S,5,2,1
4186,1387,6:03:00,0,0.00,0,0.0200,0.0049,0.0000,0.0059,0,REST-S,5,2,1
4186,1388,6:03:30,0,0.00,0,0.0200,0.0049,0.0000,0.0059,0,REST-S,5,2,1
4186,1389,6:04:00,0,0.00,0,0.0200,0.0049,0.0000,0.0059,0,REST-S,5,2,1
4186,1390,6:04:30,0,0.00,0,0.0200,0.0049,0.0000,0.0059,0,REST-S,5,2,1
4186,1391,6:05:00,0,0.00,0,0.0200,0.0049,0.0000,0.0059,0,REST-S,5,2,1
4186,1392,6:05:30,0,0.00,0,0.0200,0.0049,0.0000,0.0059,0,REST-S,5,2,1
4186,1393,6:06:00,0,0.00,0,0.0200,0.0049,0.0000,0.0059,0,REST-S,5,2,1
4186,1394,6:06:30,0,0.00,0,0.0200,0.0049,0.0000,0.0059,0,REST-S,5,2,1
4186,1395,6:07:00,0,0.00,0,0.0200,0.0049,0.0000,0.0059,0,REST-S,5,2,1
4186,1396,6:07:30,0,0.00,0,0.0200,0.0049,0.0000,0.0059,0,REST-S,5,2,1
4186,1397,6:08:00,0,0.00,0,0.0200,0.0049,0.0000,0.0059,0,REST-S,5,2,1
4186,1398,6:08:30,0,40.00,0,0.0200,0.0049,0.0000,0.0059,1,REST-S,5,2,1
4186,1399,6:09:00,0,11.00,0,0.0200,0.0049,0.0000,0.0059,0,REST-S,5,2,1
4186,1400,6:09:30,0,0.00,0,0.0200,0.0049,0.0000,0.0059,0,REST-S,5,2,1
4186,1401,6:10:00,0,0.00,0,0.0200,0.0049,0.0000,0.0059,0,REST-S,5,2,1
4186,1402,6:10:30,0,0.00,0,0.0200,0.0049,0.0000,0.0059,0,REST-S,5,2,1
4186,1403,6:11:00,0,0.00,0,0.0200,0.0049,0.0000,0.0059,0,REST-S,5,2,1
4186,1404,6:11:30,0,0.00,0,0.0200,0.0049,0.0000,0.0059,0,REST-S,5,2,1
4186,1405,6:12:00,0,0.00,0,0.0200,0.0049,0.0000,0.0059,0,REST-S,5,2,1
4186,1406,6:12:30,0,0.00,0,0.0200,0.0049,0.0000,0.0059,0,REST-S,5,2,1
4186,1407,6:13:00,0,0.00,0,0.0200,0.0049,0.0000,0.0059,0,REST-S,5,2,1
4186,1408,6:13:30,0,45.00,0,0.0200,0.0049,0.0000,0.0059,1,REST-S,5,2,1
4186,1409,6:14:00,0,0.00,0,0.0200,0.0049,0.0000,0.0059,0,REST-S,5,2,1
4186,1410,6:14:30,0,0.00,0,0.0200,0.0049,0.0000,0.0059,0,REST-S,5,2,1
4186,1411,6:15:00,0,0.00,0,0.0200,0.0049,0.0000,0.0059,0,REST-S,5,2,1
4186,1412,6:15:30,0,0.00,0,0.0200,0.0049,0.0000,0.0059,0,REST-S,5,2,1
4186,1413,6:16:00,0,99.00,0,0.0200,0.0049,0.0000,0.0059,1,REST-S,5,2,1
4186,1414,6:16:30,0,6.00,0,0.0200,0.0049,0.0000,0.0059,0,REST-S,5,2,1
4186,1415,6:17:00,0,0.00,0,0.0200,0.0049,0.0000,0.0059,0,REST-S,5,2,1
4186,1416,6:17:30,0,0.00,0,0.0200,0.0049,0.0000,0.0059,0,REST-S,5,2,1
4186,1417,6:18:00,0,0.00,0,0.0200,0.0049,0.0000,0.0059,0,REST-S,5,2,1
4186,1418,6:18:30,0,0.00,0,0.0200,0.0049,0.0000,0.0059,0,REST-S,5,2,1
4186,1419,6:19:00,0,0.00,0,0.0200,0.0049,0.0000,0.0059,0,REST-S,5,2,1
4186,1420,6:19:30,0,0.00,0,0.0200,0.0049,0.0000,0.0059,0,REST-S,5,2,1
4186,1421,6:20:00,0,0.00,0,0.0200,0.0049,0.0000,0.0059,0,REST-S,5,2,1
4186,1422,6:20:30,0,0.00,0,0.0200,0.0049,0.0000,0.0059,0,REST-S,5,2,1
4186,1423,6:21:00,0,0.00,0,0.0200,0.0049,0.0000,0.0059,0,REST-S,5,2,1
4186,1424,6:21:30,0,0.00,0,0.0200,0.0049,0.0000,0.0059,0,REST-S,5,2,1
4186,1425,6:22:00,0,0.00,0,0.0200,0.0049,0.0000,0.0059,0,REST-S,5,2,1
4186,1426,6:22:30,0,0.00,0,0.0200,0.0049,0.0000,0.0059,0,REST-S,5,2,1
4186,1427,6:23:00,0,0.00,0,0.0200,0.0049,0.0000,0.0059,0,REST-S,5,2,1
4186,1428,6:23:30,0,0.00,0,0.0200,0.0049,0.0000,0.0059,0,REST-S,5,2,1
4186,1429,6:24:00,0,0.00,0,0.0200,0.0049,0.0000,0.0059,0,REST-S,5,2,1
4186,1430,6:24:30,0,0.00,0,0.0200,0.0049,0.0000,0.0059,0,REST-S,5,2,1
4186,1431,6:25:00,0,0.00,0,0.0200,0.0049,0.0000,0.0059,0,REST-S,5,2,1
4186,1432,6:25:30,0,0.00,0,0.0200,0.0049,0.0000,0.0059,0,REST-S,5,2,1
4186,1433,6:26:00,0,0.00,0,0.0200,0.0049,0.0000,0.0059,0,REST-S,5,2,1
4186,1434,6:26:30,0,0.00,0,0.0200,0.0049,0.0000,0.0059,0,REST-S,5,2,1
4186,1435,6:27:00,0,0.00,0,0.0200,0.0049,0.0000,0.0059,0,REST-S,5,2,1
4186,1436,6:27:30,0,10.00,0,0.0200,0.0049,0.0000,0.0059,0,REST-S,5,2,1
4186,1437,6:28:00,0,4.00,0,0.0200,0.0049,0.0000,0.0059,0,REST-S,5,2,1
4186,1438,6:28:30,0,0.00,0,0.0200,0.0049,0.0000,0.0059,0,REST-S,5,2,1
4186,1439,6:29:00,0,0.00,0,0.0200,0.0049,0.0000,0.0059,0,REST-S,5,2,1
4186,1440,6:29:30,0,0.00,0,0.0200,0.0049,0.0000,0.0059,0,REST-S,5,2,1
4186,1441,6:30:00,0,106.00,0,0.0200,0.0049,0.0000,0.0059,1,REST-S,5,2,1
4186,1442,6:30:30,0,20.00,0,0.0200,0.0049,0.0000,0.0059,1,REST-S,5,2,1
4186,1443,6:31:00,0,0.00,0,0.0200,0.0049,0.0000,0.0059,1,REST-S,5,2,1
4186,1444,6:31:30,0,0.00,0,0.0200,0.0049,0.0000,0.0059,0,REST-S,5,2,1
4186,1445,6:32:00,0,156.00,0,0.0100,0.0049,0.0000,0.0000,1,REST-S,5,2,1
4186,1446,6:32:30,0,0.00,0,0.0200,0.0049,0.0000,0.0059,0,REST-S,5,2,1
4186,1447,6:33:00,0,0.00,0,0.0200,0.0049,0.0000,0.0059,0,REST-S,5,2,1
4186,1448,6:33:30,0,0.00,0,0.0200,0.0049,0.0000,0.0059,0,REST-S,5,2,1
4186,1449,6:34:00,0,0.00,0,0.0200,0.0049,0.0000,0.0059,0,REST-S,5,2,1
4186,1450,6:34:30,0,0.00,0,0.0200,0.0049,0.0000,0.0059,0,REST-S,5,2,1
4186,1451,6:35:00,0,0.00,0,0.0200,0.0049,0.0000,0.0059,0,REST-S,5,2,1
4186,1452,6:35:30,0,0.00,0,0.0200,0.0049,0.0000,0.0059,0,REST-S,5,2,1
4186,1453,6:36:00,0,0.00,0,0.0200,0.0049,0.0000,0.0059,0,REST-S,5,2,1
4186,1454,6:36:30,0,0.00,0,0.0200,0.0049,0.0000,0.0059,0,REST-S,5,2,1
4186,1455,6:37:00,0,0.00,0,0.0200,0.0049,0.0000,0.0059,0,REST-S,5,2,1
4186,1456,6:37:30,0,0.00,0,0.0200,0.0049,0.0000,0.0059,0,REST-S,5,2,1
4186,1457,6:38:00,0,0.00,0,0.0200,0.0049,0.0000,0.0059,0,REST-S,5,2,1
4186,1458,6:38:30,0,0.00,0,0.0200,0.0049,0.0000,0.0059,0,REST-S,5,2,1
4186,1459,6:39:00,0,0.00,0,0.0200,0.0049,0.0000,0.0059,0,REST-S,5,2,1
4186,1460,6:39:30,0,0.00,0,0.0200,0.0049,0.0000,0.0059,0,REST-S,5,2,1
4186,1461,6:40:00,0,0.00,0,0.0200,0.0049,0.0000,0.0059,0,REST-S,5,2,1
4186,1462,6:40:30,0,0.00,0,0.0200,0.0049,0.0000,0.0059,0,REST-S,5,2,1
4186,1463,6:41:00,0,0.00,0,0.1700,0.0042,0.0173,0.0059,0,REST-S,5,2,1
4186,1464,6:41:30,0,0.00,0,0.0200,0.0049,0.0000,0.0059,0,REST-S,5,2,1
4186,1465,6:42:00,0,0.00,0,0.0200,0.0049,0.0000,0.0059,0,REST-S,5,2,1
4186,1466,6:42:30,0,0.00,0,0.0200,0.0049,0.0000,0.0059,0,REST-S,5,2,1
4186,1467,6:43:00,0,0.00,0,0.0200,0.0049,0.0000,0.0059,0,REST-S,5,2,1
4186,1468,6:43:30,0,0.00,0,0.1700,0.0042,0.0173,0.0059,0,REST-S,5,2,1
4186,1469,6:44:00,0,0.00,0,0.0200,0.0049,0.0000,0.0059,0,REST-S,5,2,1
4186,1470,6:44:30,0,0.00,0,0.0200,0.0049,0.0000,0.0059,0,REST-S,5,2,1
4186,1471,6:45:00,0,0.00,0,0.0200,0.0049,0.0000,0.0059,0,REST-S,5,2,1
4186,1472,6:45:30,0,0.00,0,0.0200,0.0049,0.0000,0.0059,0,REST-S,5,2,1
4186,1473,6:46:00,0,0.00,0,0.0200,0.0049,0.0000,0.0059,0,REST-S,5,2,1
4186,1474,6:46:30,0,0.00,0,0.0200,0.0049,0.0000,0.0059,0,REST-S,5,2,1
4186,1475,6:47:00,0,0.00,0,0.0200,0.0049,0.0000,0.0059,0,REST-S,5,2,1
4186,1476,6:47:30,0,0.00,0,0.0200,0.0049,0.0000,0.0059,0,REST-S,5,2,1
4186,1477,6:48:00,0,0.00,0,0.0100,0.0049,0.0000,0.0000,0,REST-S,5,2,1
4186,1478,6:48:30,0,0.00,0,0.0200,0.0049,0.0000,0.0059,0,REST-S,5,2,1
4186,1479,6:49:00,0,0.00,0,0.0200,0.0049,0.0000,0.0059,0,REST-S,5,2,1
4186,1480,6:49:30,0,0.00,0,0.0200,0.0049,0.0000,0.0059,0,REST-S,5,2,1
4186,1481,6:50:00,0,0.00,0,0.0200,0.0049,0.0000,0.0059,0,REST-S,5,2,1
4186,1482,6:50:30,0,0.00,0,0.1700,0.0042,0.0173,0.0059,0,REST-S,5,2,1
4186,1483,6:51:00,0,0.00,0,0.0200,0.0049,0.0000,0.0059,0,REST-S,5,2,1
4186,1484,6:51:30,0,0.00,0,0.0200,0.0049,0.0000,0.0059,0,REST-S,5,2,1
4186,1485,6:52:00,0,0.00,0,0.0200,0.0049,0.0000,0.0059,0,REST-S,5,2,1
4186,1486,6:52:30,0,0.00,0,0.0200,0.0049,0.0000,0.0059,0,REST-S,5,2,1
4186,1487,6:53:00,0,0.00,0,0.0200,0.0049,0.0000,0.0059,0,REST-S,5,2,1
4186,1488,6:53:30,0,0.00,0,0.0200,0.0049,0.0000,0.0059,0,REST-S,5,2,1
4186,1489,6:54:00,0,0.00,0,0.0200,0.0049,0.0000,0.0059,0,REST-S,5,2,1
4186,1490,6:54:30,0,47.00,0,0.0200,0.0049,0.0000,0.0059,1,REST-S,5,2,1
4186,1491,6:55:00,0,0.00,0,0.1700,0.0042,0.0173,0.0059,0,REST-S,5,2,1
4186,1492,6:55:30,0,0.00,0,0.0300,0.0099,0.0000,0.0059,0,REST-S,5,2,1
4186,1493,6:56:00,0,0.00,0,0.0200,0.0049,0.0000,0.0059,0,REST-S,5,2,1
4186,1494,6:56:30,0,0.00,0,0.0300,0.0099,0.0000,0.0059,0,REST-S,5,2,1
4186,1495,6:57:00,0,0.00,0,0.0300,0.0099,0.0000,0.0059,0,REST-S,5,2,1
4186,1496,6:57:30,0,0.00,0,0.0300,0.0099,0.0000,0.0059,0,REST-S,5,2,1
4186,1497,6:58:00,0,0.00,0,0.1800,0.0085,0.0173,0.0059,0,REST-S,5,2,1
4186,1498,6:58:30,0,52.00,0,4.6400,0.2000,0.4570,0.1800,1,REST-S,5,2,1
4186,1499,6:59:00,0,0.00,0,7.6400,0.4770,0.7200,0.2600,0,REST-S,5,2,1
4186,1500,6:59:30,0,0.00,0,8.0000,0.5090,0.7510,0.2720,0,REST-S,5,2,1
4186,1501,7:00:00,0,0.00,0,8.0500,0.5310,0.7510,0.2720,0,REST-S,5,2,1
4186,1502,7:00:30,0,0.00,0,8.5600,0.5550,0.8020,0.2840,0,REST-S,5,2,1
4186,1503,7:01:00,0,0.00,0,8.9400,0.5790,0.8370,0.2960,0,REST-S,5,2,1
4186,1504,7:01:30,0,0.00,0,9.3300,0.6050,0.8750,0.3090,0,REST-S,5,2,1
4186,1505,7:02:00,0,0.00,0,9.5800,0.6320,0.8940,0.3230,0,REST-S,5,2,1
4186,1506,7:02:30,0,0.00,0,9.9900,0.6600,0.9330,0.3300,0,REST-S,5,2,1
4186,1507,7:03:00,0,0.00,0,10.2200,0.6740,0.9540,0.3450,0,REST-S,5,2,1
4186,1508,7:03:30,0,0.00,0,10.2900,0.7040,0.9540,0.3520,0,REST-S,5,2,1
4186,1509,7:04:00,0,0.00,0,11.1300,0.7350,1.0400,0.3680,0,REST-S,5,2,1
4186,1510,7:04:30,0,0.00,0,11.4100,0.7680,1.0600,0.3760,0,REST-S,5,2,1
4186,1511,7:05:00,0,0.00,0,11.9200,0.8020,1.1100,0.3920,0,REST-S,5,2,1
4186,1512,7:05:30,0,0.00,0,12.4500,0.8370,1.1600,0.4100,0,REST-S,5,2,1
4186,1513,7:06:00,0,0.00,0,12.9500,0.8560,1.2100,0.4190,0,REST-S,5,2,1
4186,1514,7:06:30,0,0.00,0,13.5100,0.8940,1.2600,0.4280,0,REST-S,5,2,1
4186,1515,7:07:00,0,0.00,0,13.8200,0.9130,1.2900,0.4470,0,REST-S,5,2,1
4186,1516,7:07:30,0,0.00,0,14.1800,0.9540,1.3200,0.4670,0,REST-S,5,2,1
4186,1517,7:08:00,0,0.00,0,14.7400,0.9750,1.3800,0.4770,0,REST-S,5,2,1
4186,1518,7:08:30,0,0.00,0,15.1300,1.0200,1.4100,0.4980,0,REST-S,5,2,1
4186,1519,7:09:00,0,0.00,0,15.5200,1.0600,1.4400,0.5200,0,REST-S,5,2,1
4186,1520,7:09:30,0,0.00,0,16.1300,1.0900,1.5000,0.5200,0,REST-S,5,2,1
4186,1521,7:10:00,0,0.00,0,16.5400,1.1300,1.5400,0.5310,0,REST-S,5,2,1
4186,1522,7:10:30,0,0.00,0,17.2100,1.1600,1.6000,0.5550,0,REST-S,5,2,1
4186,1523,7:11:00,0,1.00,0,17.9600,1.2100,1.6700,0.5670,0,REST-S,5,2,1
4186,1524,7:11:30,0,0.00,0,18.0500,1.2400,1.6700,0.5920,0,REST-S,5,2,1
4186,1525,7:12:00,0,0.00,0,18.8300,1.2900,1.7500,0.6050,0,REST-S,5,2,1
4186,1526,7:12:30,0,0.00,0,19.2600,1.3200,1.7900,0.6320,0,REST-S,5,2,1
4186,1527,7:13:00,0,0.00,0,19.6800,1.3500,1.8300,0.6460,0,REST-S,5,2,1
4186,1528,7:13:30,0,0.00,0,20.5400,1.4100,1.9100,0.6600,0,REST-S,5,2,1
4186,1529,7:14:00,0,0.00,0,20.9900,1.4400,1.9500,0.6740,0,REST-S,5,2,1
4186,1530,7:14:30,0,0.00,0,21.4600,1.4700,1.9900,0.7040,0,REST-S,5,2,1
4186,1531,7:15:00,0,1.00,0,21.9200,1.5000,2.0400,0.7040,0,REST-S,5,2,1
4186,1532,7:15:30,0,0.00,0,23.1200,1.6700,2.1300,0.7350,0,REST-S,5,2,1
4186,1533,7:16:00,0,0.00,0,23.8800,1.8300,2.1700,0.7510,0,REST-S,5,2,1
4186,1534,7:16:30,0,0.00,0,24.5900,1.9500,2.2200,0.7680,0,REST-S,5,2,1
4186,1535,7:17:00,0,0.00,0,25.4600,1.9500,2.3200,0.7850,0,REST-S,5,2,1
4186,1536,7:17:30,0,0.00,0,25.4800,1.9500,2.3200,0.8020,0,REST-S,5,2,1
4186,1537,7:18:00,0,0.00,0,26.6900,2.0800,2.4200,0.8200,0,REST-S,5,2,1
4186,1538,7:18:30,0,0.00,0,27.2700,2.1300,2.4700,0.8370,0,REST-S,5,2,1
4186,1539,7:19:00,0,0.00,0,27.9800,2.2200,2.5300,0.8560,0,REST-S,5,2,1
4186,1540,7:19:30,0,0.00,0,28.5000,2.2200,2.5800,0.8940,0,REST-S,5,2,1
4186,1541,7:20:00,0,0.00,0,29.7400,2.3200,2.7000,0.9130,0,REST-S,5,2,1
4186,1542,7:20:30,0,0.00,0,30.6300,2.4700,2.7600,0.9330,0,REST-S,5,2,1
4186,1543,7:21:00,0,0.00,0,31.3000,2.5300,2.8200,0.9540,0,REST-S,5,2,1
4186,1544,7:21:30,0,0.00,0,31.8600,2.5300,2.8800,0.9750,0,REST-S,5,2,1
4186,1545,7:22:00,0,0.00,0,33.2500,2.6400,3.0100,0.9960,0,REST-S,5,2,1
4186,1546,7:22:30,0,34.00,0,32.6600,2.6400,2.9400,0.9750,1,ACTIVE,5,2,1
4186,1547,7:23:00,0,0.00,0,35.7800,2.9400,3.2100,1.0900,0,ACTIVE,5,2,1
4186,1548,7:23:30,0,0.00,0,37.4900,3.1400,3.3500,1.1100,0,ACTIVE,5,2,1
4186,1549,7:24:00,0,1.00,0,38.3100,3.2100,3.4200,1.1300,0,ACTIVE,5,2,1
4186,1550,7:24:30,0,0.00,0,40.0000,3.3500,3.5700,1.1800,0,ACTIVE,5,2,1
4186,1551,7:25:00,0,0.00,0,41.0400,3.5000,3.6500,1.2100,0,ACTIVE,5,2,1
4186,1552,7:25:30,0,0.00,0,41.9100,3.5700,3.7300,1.2100,0,ACTIVE,5,2,1
4186,1553,7:26:00,0,10.00,0,41.7700,3.5000,3.7300,1.2400,0,ACTIVE,5,2,1
4186,1554,7:26:30,0,22.00,0,43.6500,3.6500,3.9000,1.3200,1,ACTIVE,5,2,1
4186,1555,7:27:00,0,0.00,0,42.5200,3.5000,3.8100,1.2600,0,ACTIVE,5,2,1
4186,1556,7:27:30,0,0.00,0,41.6400,3.4200,3.7300,1.2600,0,ACTIVE,5,2,1
4186,1557,7:28:00,0,0.00,0,41.4800,3.3500,3.7300,1.2600,0,ACTIVE,5,2,1
4186,1558,7:28:30,0,0.00,0,42.1900,3.3500,3.8100,1.2600,0,ACTIVE,5,2,1
4186,1559,7:29:00,0,0.00,0,42.2200,3.3500,3.8100,1.2900,1,ACTIVE,5,2,1
4186,1560,7:29:30,0,10.00,0,35.0300,1.7100,3.4200,1.1600,1,ACTIVE,5,2,1
4186,1561,7:30:00,0,368.00,0,0.0200,0.0099,0.0000,0.0000,1,ACTIVE,5,2,1
4186,1562,7:30:30,0,4.00,0,104.7100,5.1700,10.1000,4.3400,1,ACTIVE,5,2,1
4186,1563,7:31:00,0,3.00,0,109.0900,5.2800,10.6000,4.5400,1,ACTIVE,5,2,1
4186,1564,7:31:30,0,167.00,0,90.7500,3.7300,8.8800,4.3400,1,ACTIVE,5,2,1
4186,1565,7:32:00,0,1.00,0,156.2400,6.7000,15.3000,7.1500,1,ACTIVE,5,2,1
4186,1566,7:32:30,0,99.00,0,105.2600,3.5000,10.6000,4.6400,1,ACTIVE,5,2,1
4186,1567,7:33:00,0,150.00,0,27.7000,1.9500,2.5800,0.7040,1,ACTIVE,5,2,1
4186,1568,7:33:30,0,0.00,0,27.9900,2.0800,2.5800,0.7040,1,ACTIVE,5,2,1
4186,1569,7:34:00,0,0.00,0,28.0000,2.0800,2.5800,0.7200,0,ACTIVE,5,2,1
4186,1570,7:34:30,0,0.00,0,29.0200,2.0800,2.7000,0.7350,0,ACTIVE,5,2,1
4186,1571,7:35:00,0,0.00,0,29.6600,2.1300,2.7600,0.7510,0,ACTIVE,5,2,1
4186,1572,7:35:30,0,0.00,0,30.4300,2.2200,2.8200,0.7850,0,ACTIVE,5,2,1
4186,1573,7:36:00,0,0.00,0,30.9700,2.2200,2.8800,0.7850,0,ACTIVE,5,2,1
4186,1574,7:36:30,0,0.00,0,30.9700,2.2200,2.8800,0.7850,0,ACTIVE,5,2,1
4186,1575,7:37:00,0,0.00,0,31.5200,2.2200,2.9400,0.7850,0,ACTIVE,5,2,1
4186,1576,7:37:30,0,0.00,0,31.5400,2.2200,2.9400,0.8020,0,ACTIVE,5,2,1
4186,1577,7:38:00,0,0.00,0,31.5600,2.2200,2.9400,0.8200,0,ACTIVE,5,2,1
4186,1578,7:38:30,0,10.00,0,32.1500,2.2200,3.0100,0.8370,0,ACTIVE,5,2,1
4186,1579,7:39:00,0,17.00,0,34.1500,2.3200,3.2100,0.8560,1,ACTIVE,5,2,1
4186,1580,7:39:30,0,0.00,0,33.5500,2.3200,3.1400,0.8560,0,ACTIVE,5,2,1
4186,1581,7:40:00,0,27.00,0,35.8000,2.4700,3.3500,0.9130,1,ACTIVE,5,2,1
4186,1582,7:40:30,0,17.00,0,28.1100,2.0800,2.5800,0.8200,1,ACTIVE,5,2,1
4186,1583,7:41:00,0,0.00,0,26.0700,1.8300,2.4200,0.7680,0,ACTIVE,5,2,1
4186,1584,7:41:30,0,4.00,0,26.5600,1.8300,2.4700,0.7850,0,ACTIVE,5,2,1
4186,1585,7:42:00,0,49.00,0,12.6100,2.1300,0.3520,4.4400,1,ACTIVE,5,2,1
4186,1586,7:42:30,0,0.00,0,26.9000,1.7500,2.5300,0.8200,0,ACTIVE,5,2,1
4186,1587,7:43:00,0,15.00,0,81.1600,3.5000,7.9700,3.3500,1,ACTIVE,5,2,1
4186,1588,7:43:30,0,4.00,0,26.3900,1.7500,2.4700,0.7850,0,ACTIVE,5,2,1
4186,1589,7:44:00,0,0.00,0,27.5500,1.8300,2.5800,0.8200,0,ACTIVE,5,2,1
4186,1590,7:44:30,0,0.00,0,28.3400,1.9500,2.6400,0.8370,0,ACTIVE,5,2,1
4186,1591,7:45:00,0,18.00,0,118.7100,7.6300,11.0000,4.8400,1,ACTIVE,5,2,1
4186,1592,7:45:30,0,0.00,0,206.6100,12.6000,19.4000,8.5000,0,ACTIVE,5,2,1
4186,1593,7:46:00,0,45.00,0,220.7000,13.4000,20.7000,9.2700,1,ACTIVE,5,2,1
4186,1594,7:46:30,0,4.00,0,226.6500,14.3000,21.1000,9.2700,1,ACTIVE,5,2,1
4186,1595,7:47:00,0,102.00,1,83.7600,5.5100,8.1400,0.2440,1,ACTIVE,5,2,1
4186,1596,7:47:30,0,140.00,0,7.7300,0.7200,0.6890,0.0939,1,ACTIVE,5,2,1
4186,1597,7:48:00,0,52.00,0,9.6900,0.8020,0.8750,0.2380,1,ACTIVE,5,2,1
4186,1598,7:48:30,0,2.00,0,0.9600,0.0724,0.0880,0.0292,1,ACTIVE,5,2,1
4186,1599,7:49:00,0,47.00,0,8.1700,0.6050,0.7510,0.2280,1,ACTIVE,5,2,1
4186,1600,7:49:30,0,95.00,0,8.6000,0.5790,0.8020,0.2720,1,ACTIVE,5,2,1
4186,1601,7:50:00,0,67.00,0,8.6200,0.6050,0.8020,0.2380,1,ACTIVE,5,2,1
4186,1602,7:50:30,0,63.00,0,14.5000,1.1100,1.3200,0.4470,1,ACTIVE,5,2,1
4186,1603,7:51:00,0,0.00,0,12.3700,1.1100,1.0900,0.3680,0,ACTIVE,5,2,1
4186,1604,7:51:30,0,0.00,0,11.1300,0.7510,1.0400,0.3300,0,ACTIVE,5,2,1
4186,1605,7:52:00,0,4.00,0,13.1400,0.9540,1.2100,0.3920,1,ACTIVE,5,2,1
4186,1606,7:52:30,0,0.00,0,13.6700,0.9750,1.2600,0.4100,1,ACTIVE,5,2,1
4186,1607,7:53:00,0,89.00,0,11.7400,0.8370,1.0900,0.3450,1,ACTIVE,5,2,1
4186,1608,7:53:30,0,303.00,0,8.6500,2.4700,0.1050,2.0800,1,ACTIVE,5,2,1
4186,1609,7:54:00,0,52.00,0,36.7500,1.8700,3.5700,1.2100,1,ACTIVE,5,2,1
4186,1610,7:54:30,0,22.00,0,10.6100,1.0400,0.9330,0.1270,1,ACTIVE,5,2,1
4186,1611,7:55:00,0,191.00,0,11.4600,0.7200,1.0900,0.3300,1,ACTIVE,5,2,1
4186,1612,7:55:30,0,127.00,0,88.1100,2.5800,9.0700,2.7000,1,ACTIVE,5,2,1
4186,1613,7:56:00,0,241.00,0,160.5600,26.2000,11.5000,1.6000,1,ACTIVE,5,2,1
4186,1614,7:56:30,0,346.00,0,73.9400,5.6300,6.7000,2.5800,1,ACTIVE,5,2,1
4186,1615,7:57:00,0,122.00,0,7.3600,0.9960,0.5790,0.0807,1,ACTIVE,5,2,1
4186,1616,7:57:30,0,179.00,0,1.7800,0.1960,0.1510,0.0206,1,ACTIVE,5,2,1
4186,1617,7:58:00,0,118.00,0,9.2600,0.5200,0.8940,0.2600,1,ACTIVE,5,2,1
4186,1618,7:58:30,0,156.00,0,68.3200,0.8200,7.1500,3.5700,1,ACTIVE,5,2,1
4186,1619,7:59:00,0,145.00,0,17.8200,0.8750,1.7500,0.5200,1,ACTIVE,5,2,1
4186,1620,7:59:30,0,15.00,0,11.0000,0.7850,1.0400,0.1420,1,ACTIVE,5,2,1
4186,1621,8:00:00,0,58.00,0,11.5000,0.8200,1.0900,0.1580,1,ACTIVE,5,2,1
4186,1622,8:00:30,0,113.00,0,1.3500,0.1070,0.1220,0.0412,1,ACTIVE,5,2,1
4186,1623,8:01:00,0,156.00,0,6.1400,0.5920,0.5310,0.1580,1,ACTIVE,5,2,1
4186,1624,8:01:30,0,218.00,0,47.0300,2.6400,4.4400,2.1300,1,ACTIVE,5,2,1
4186,1625,8:02:00,0,313.00,0,131.3100,6.5600,12.8000,4.0700,1,ACTIVE,5,2,1
4186,1626,8:02:30,0,218.00,0,15.6600,0.9960,1.4700,0.5310,1,ACTIVE,5,2,1
4186,1627,8:03:00,0,234.00,0,22.4300,1.3500,2.1300,0.7680,1,ACTIVE,5,2,1
4186,1628,8:03:30,0,218.00,0,12.4600,0.6050,1.2100,0.4770,1,ACTIVE,5,2,1
4186,1629,8:04:00,0,9.00,0,12.7800,1.1800,1.1100,0.4100,1,ACTIVE,5,2,1
4186,1630,8:04:30,0,72.00,0,8.2700,0.5790,0.7680,0.2380,1,ACTIVE,5,2,1
4186,1631,8:05:00,0,43.00,0,109.8300,5.7600,10.6000,4.2500,1,ACTIVE,5,2,1
4186,1632,8:05:30,0,95.00,0,122.7000,6.5600,11.8000,4.7400,1,ACTIVE,5,2,1
4186,1633,8:06:00,0,102.00,0,14.2400,0.8370,1.3500,0.5310,1,ACTIVE,5,2,1
4186,1634,8:06:30,0,61.00,0,32.7500,2.5300,3.0700,0.2380,1,ACTIVE,5,2,1
4186,1635,8:07:00,0,3.00,0,85.5200,8.8800,7.1500,3.0100,1,ACTIVE,5,2,1
4186,1636,8:07:30,0,0.00,0,154.6400,12.6000,14.0000,3.9800,0,ACTIVE,5,2,1
4186,1637,8:08:00,0,11.00,0,87.9900,7.8000,7.8000,2.2700,1,ACTIVE,5,2,1
4186,1638,8:08:30,0,0.00,0,20.8400,2.5300,1.7100,0.2380,0,ACTIVE,5,2,1
4186,1639,8:09:00,0,63.00,0,22.1000,2.6400,1.8300,0.2440,1,ACTIVE,5,2,1
4186,1640,8:09:30,0,17.00,0,119.4400,12.6000,10.1000,2.8800,1,ACTIVE,5,2,1
4186,1641,8:10:00,0,52.00,0,144.4500,11.5000,13.1000,3.8100,1,ACTIVE,5,2,1
4186,1642,8:10:30,0,0.00,0,72.1400,6.2800,6.4200,1.9100,0,ACTIVE,5,2,1
4186,1643,8:11:00,0,0.00,0,38.3900,4.4400,3.2100,0.4470,0,ACTIVE,5,2,1
4186,1644,8:11:30,0,0.00,0,34.8500,4.1600,2.8800,0.4100,0,ACTIVE,5,2,1
4186,1645,8:12:00,0,102.00,0,85.5900,7.4700,7.6300,2.0800,1,ACTIVE,5,2,1
4186,1646,8:12:30,0,38.00,0,93.8800,4.3400,9.2700,2.8200,1,ACTIVE,5,2,1
4186,1647,8:13:00,0,82.00,0,113.4600,12.3000,9.6800,1.3800,1,ACTIVE,5,2,1
4186,1648,8:13:30,0,31.00,0,58.4700,5.6300,5.1700,0.7040,1,ACTIVE,5,2,1
4186,1649,8:14:00,0,10.00,0,31.1000,3.6500,2.5800,0.3680,1,ACTIVE,5,2,1
4186,1650,8:14:30,0,0.00,0,35.9900,4.1600,3.0100,0.4280,0,ACTIVE,5,2,1
4186,1651,8:15:00,0,40.00,0,88.2300,5.7600,8.3200,2.4200,1,ACTIVE,5,2,1
4186,1652,8:15:30,0,1.00,0,59.0300,5.8800,5.1700,0.7200,1,ACTIVE,5,2,1
4186,1653,8:16:00,0,49.00,0,69.6800,6.7000,6.0100,2.0400,1,ACTIVE,5,2,1
4186,1654,8:16:30,0,145.00,0,102.4000,15.6000,7.6300,1.0200,1,ACTIVE,5,2,1
4186,1655,8:17:00,0,226.00,0,145.8000,16.6000,12.3000,1.2900,1,ACTIVE,5,2,1
4186,1656,8:17:30,0,198.00,0,72.9000,4.9500,7.0000,0.6320,1,ACTIVE,5,2,1
4186,1657,8:18:00,0,167.00,0,33.3400,3.0700,3.0100,0.2000,1,ACTIVE,5,2,1
4186,1658,8:18:30,0,106.00,0,227.5600,21.6000,19.8000,6.0100,1,ACTIVE,5,2,1
4186,1659,8:19:00,0,226.00,0,202.6500,10.1000,19.8000,6.4200,1,ACTIVE,5,2,1
4186,1660,8:19:30,0,204.00,0,183.2600,11.0000,17.4000,6.1400,1,ACTIVE,5,2,1
4186,1661,8:20:00,0,179.00,0,210.9700,10.3000,20.7000,6.5600,1,ACTIVE,5,2,1
4186,1662,8:20:30,0,145.00,0,87.9800,10.3000,7.3100,1.0600,1,ACTIVE,5,2,1
4186,1663,8:21:00,1,,,,,,,1,EXCLUDED,5,2,1
4186,1664,8:21:30,1,,,,,,,1,EXCLUDED,5,2,1
4186,1665,8:22:00,1,,,,,,,1,EXCLUDED,5,2,1
4186,1666,8:22:30,1,,,,,,,1,EXCLUDED,5,2,1
4186,1667,8:23:00,1,,,,,,,,EXCLUDED,5,2,1
4186,1668,8:23:30,1,,,,,,,,EXCLUDED,5,2,1
4186,1669,8:24:00,1,,,,,,,,EXCLUDED,5,2,1
4186,1670,8:24:30,1,,,,,,,,EXCLUDED,5,2,1
4186,1671,8:25:00,1,,,,,,,,EXCLUDED,5,2,1
4186,1672,8:25:30,1,,,,,,,,EXCLUDED,5,2,1
4186,1673,8:26:00,1,,,,,,,,EXCLUDED,5,2,1
4186,1674,8:26:30,1,,,,,,,1,EXCLUDED,5,2,1
4186,1675,8:27:00,1,,,,,,,1,EXCLUDED,5,2,1
4186,1676,8:27:30,1,,,,,,,1,EXCLUDED,5,2,1
4186,1677,8:28:00,1,,,,,,,1,EXCLUDED,5,2,1
4186,1678,8:28:30,0,150.00,0,111.3100,11.5000,9.4700,2.6400,1,ACTIVE,5,2,1
4186,1679,8:29:00,0,92.00,0,190.6100,19.8000,16.6000,1.0400,1,ACTIVE,5,2,1
4186,1680,8:29:30,0,127.00,0,237.9400,24.6000,20.7000,2.4200,1,ACTIVE,5,2,1
4186,1681,8:30:00,0,70.00,0,323.6900,34.0000,28.0000,3.1400,1,ACTIVE,5,2,1
4186,1682,8:30:30,0,58.00,0,673.6800,69.5000,58.4000,7.4700,1,ACTIVE,5,2,1
4186,1683,8:31:00,0,0.00,0,685.8200,69.5000,59.7000,8.3200,1,ACTIVE,5,2,1
4186,1684,8:31:30,0,65.00,0,528.3400,54.8000,46.1000,3.5700,1,ACTIVE,5,2,1
4186,1685,8:32:00,0,293.00,0,117.5900,10.8000,10.6000,1.1600,1,ACTIVE,5,2,1
4186,1686,8:32:30,0,184.00,0,23.9800,3.9000,0.6740,8.6900,1,ACTIVE,5,2,1
4186,1687,8:33:00,0,284.00,0,30.5200,2.4700,2.7600,0.8370,1,ACTIVE,5,2,1
4186,1688,8:33:30,0,323.00,0,32.3000,2.2200,3.0100,0.9750,1,ACTIVE,5,2,1
4186,1689,8:34:00,0,357.00,0,23.2600,1.7900,2.1300,0.6320,1,ACTIVE,5,2,1
4186,1690,8:34:30,0,204.00,0,25.3700,1.3200,2.4700,0.7200,1,ACTIVE,5,2,1
4186,1691,8:35:00,0,156.00,0,6.7400,0.5550,0.6050,0.1920,1,ACTIVE,5,2,1
4186,1692,8:35:30,0,241.00,0,2.7500,0.2440,0.2440,0.0756,1,ACTIVE,5,2,1
4186,1693,8:36:00,0,257.00,0,18.1100,2.8800,1.3200,0.1760,1,ACTIVE,5,2,1
4186,1694,8:36:30,0,92.00,0,60.6000,7.1500,5.0600,0.4770,1,ACTIVE,5,2,1
4186,1695,8:37:00,0,40.00,0,39.0900,3.0100,3.5700,1.0400,1,ACTIVE,5,2,1
4186,1696,8:37:30,0,167.00,0,72.9700,6.8500,6.5600,0.3840,1,ACTIVE,5,2,1
4186,1697,8:38:00,0,275.00,0,29.6000,1.7900,2.8200,0.8940,1,ACTIVE,5,2,1
4186,1698,8:38:30,0,275.00,0,28.2600,1.4400,2.7600,0.8560,1,ACTIVE,5,2,1
4186,1699,8:39:00,0,266.00,0,16.9500,1.6000,1.5000,0.2230,1,ACTIVE,5,2,1
4186,1700,8:39:30,0,211.00,0,64.8300,3.2100,6.2800,2.5300,1,ACTIVE,5,2,1
4186,1701,8:40:00,0,162.00,0,93.0000,5.0600,8.8800,3.7300,1,ACTIVE,5,2,1
4186,1702,8:40:30,0,179.00,0,77.7700,6.0100,7.0000,2.9400,1,ACTIVE,5,2,1
4186,1703,8:41:00,0,211.00,0,15.3700,1.4100,1.3500,0.4100,1,ACTIVE,5,2,1
4186,1704,8:41:30,0,266.00,0,55.0200,3.3500,5.1700,2.1700,1,ACTIVE,5,2,1
4186,1705,8:42:00,0,293.00,0,82.7900,4.9500,7.8000,3.2800,1,ACTIVE,5,2,1
4186,1706,8:42:30,0,226.00,0,134.0100,5.5100,13.1000,6.4200,1,ACTIVE,5,2,1
4186,1707,8:43:00,0,179.00,0,127.4500,6.0100,12.3000,6.0100,1,ACTIVE,5,2,1
4186,1708,8:43:30,0,167.00,0,11.6100,1.6700,0.8940,0.0724,1,ACTIVE,5,2,1
4186,1709,8:44:00,0,313.00,0,9.0900,1.1600,0.7350,0.0807,1,ACTIVE,5,2,1
4186,1710,8:44:30,0,461.00,0,4.8100,0.2900,0.4570,0.1580,1,ACTIVE,5,2,1
4186,1711,8:45:00,0,191.00,0,8.9300,0.4370,0.8750,0.2840,1,ACTIVE,5,2,1
4186,1712,8:45:30,0,218.00,0,0.1500,0.0215,0.0035,0.0650,1,ACTIVE,5,2,1
4186,1713,8:46:00,0,323.00,0,0.5200,0.0215,0.0523,0.0173,1,ACTIVE,5,2,1
4186,1714,8:46:30,0,131.00,0,0.6500,0.0431,0.0622,0.0070,1,ACTIVE,5,2,1
4186,1715,8:47:00,0,109.00,0,0.9900,0.0939,0.0880,0.0070,1,ACTIVE,5,2,1
4186,1716,8:47:30,0,19.00,0,0.1800,0.0085,0.0173,0.0059,1,ACTIVE,5,2,1
4186,1717,8:48:00,0,2.00,0,0.1800,0.0085,0.0173,0.0059,1,ACTIVE,5,2,1
4186,1718,8:48:30,0,0.00,0,0.0300,0.0099,0.0000,0.0059,0,ACTIVE,5,2,1
4186,1719,8:49:00,0,8.00,0,0.1800,0.0085,0.0173,0.0059,0,ACTIVE,5,2,1
4186,1720,8:49:30,0,3.00,0,0.1800,0.0085,0.0173,0.0059,1,ACTIVE,5,2,1
4186,1721,8:50:00,0,10.00,0,0.0300,0.0099,0.0000,0.0059,1,ACTIVE,5,2,1
4186,1722,8:50:30,0,198.00,0,0.0500,0.0197,0.0000,0.0059,1,ACTIVE,5,2,1
4186,1723,8:51:00,0,173.00,0,1.2900,0.0861,0.1240,0.0115,1,ACTIVE,5,2,1
4186,1724,8:51:30,0,184.00,0,7.1200,0.5790,0.6600,0.0535,1,ACTIVE,5,2,1
4186,1725,8:52:00,0,118.00,0,13.4800,1.1100,1.2100,0.3920,1,ACTIVE,5,2,1
4186,1726,8:52:30,0,346.00,0,7.5700,0.4570,0.7200,0.2380,1,ACTIVE,5,2,1
4186,1727,8:53:00,0,145.00,0,18.7000,0.9540,1.8300,0.5430,1,ACTIVE,5,2,1
4186,1728,8:53:30,0,47.00,0,14.4400,1.1100,1.3200,0.3920,1,ACTIVE,5,2,1
4186,1729,8:54:00,0,226.00,0,2.9900,0.2090,0.2770,0.0880,1,ACTIVE,5,2,1
4186,1730,8:54:30,0,184.00,0,34.4500,3.5000,3.0100,0.3600,1,ACTIVE,5,2,1
4186,1731,8:55:00,0,136.00,0,3.8400,0.3520,0.3370,0.0981,1,ACTIVE,5,2,1
4186,1732,8:55:30,0,118.00,0,117.5600,16.3000,9.2700,0.3370,1,ACTIVE,5,2,1
4186,1733,8:56:00,0,38.00,0,129.3400,18.9000,9.8900,0.7350,1,ACTIVE,5,2,1
4186,1734,8:56:30,0,145.00,0,15.2400,3.1400,0.9330,0.1190,1,ACTIVE,5,2,1
4186,1735,8:57:00,0,162.00,0,11.5900,2.2200,0.7510,0.0939,1,ACTIVE,5,2,1
4186,1736,8:57:30,0,38.00,0,17.3200,3.6500,1.0400,0.1220,1,ACTIVE,5,2,1
4186,1737,8:58:00,0,72.00,0,273.7200,17.4000,25.7000,9.6800,1,ACTIVE,5,2,1
4186,1738,8:58:30,0,476.00,0,8.9200,1.2100,0.6890,0.1920,1,ACTIVE,5,2,1
4186,1739,8:59:00,0,266.00,0,2.6900,0.4100,0.2000,0.0298,1,ACTIVE,5,2,1
4186,1740,8:59:30,0,140.00,0,0.2800,0.0559,0.0173,0.0059,1,ACTIVE,5,2,1
4186,1741,9:00:00,0,162.00,0,0.1200,0.0535,0.0000,0.0059,1,ACTIVE,5,2,1
4186,1742,9:00:30,0,49.00,0,0.5600,0.1800,0.0173,0.0059,1,ACTIVE,5,2,1
4186,1743,9:01:00,0,61.00,0,7.1400,1.4700,0.4370,0.0535,1,ACTIVE,5,2,1
4186,1744,9:01:30,0,79.00,0,9.5300,2.1300,0.5430,0.0724,1,ACTIVE,5,2,1
4186,1745,9:02:00,0,92.00,0,12.7800,2.7600,0.7510,0.1000,1,ACTIVE,5,2,1
4186,1746,9:02:30,0,198.00,0,31.5200,4.3400,2.4200,0.6600,1,ACTIVE,5,2,1
4186,1747,9:03:00,0,218.00,0,14.7800,1.9100,1.1800,0.1760,1,ACTIVE,5,2,1
4186,1748,9:03:30,0,204.00,0,7.1500,1.4700,0.4370,0.0622,1,ACTIVE,5,2,1
4186,1749,9:04:00,0,257.00,0,22.0900,3.2800,1.6400,0.4470,1,ACTIVE,5,2,1
4186,1750,9:04:30,0,179.00,0,2.4000,0.4770,0.1510,0.0206,1,ACTIVE,5,2,1
4186,1751,9:05:00,0,109.00,0,40.2600,5.3900,3.2100,0.2190,1,ACTIVE,5,2,1
4186,1752,9:05:30,0,72.00,0,6.5200,1.6700,0.3160,0.0440,1,ACTIVE,5,2,1
4186,1753,9:06:00,0,82.00,0,3.3100,0.6890,0.2000,0.0256,1,ACTIVE,5,2,1
4186,1754,9:06:30,0,63.00,0,4.3500,1.1600,0.2000,0.0256,1,ACTIVE,5,2,1
4186,1755,9:07:00,0,56.00,0,7.0600,1.8700,0.3300,0.0440,1,ACTIVE,5,2,1
4186,1756,9:07:30,0,122.00,0,20.1300,3.9000,1.2900,0.1880,1,ACTIVE,5,2,1
4186,1757,9:08:00,0,113.00,0,17.3500,2.6400,1.2900,0.1840,1,ACTIVE,5,2,1
4186,1758,9:08:30,0,56.00,0,33.9600,6.0100,2.3200,0.3370,1,ACTIVE,5,2,1
4186,1759,9:09:00,0,54.00,0,33.2200,5.8800,2.2700,0.3230,1,ACTIVE,5,2,1
4186,1760,9:09:30,0,184.00,0,19.9100,2.1300,1.6700,0.4980,1,ACTIVE,5,2,1
4186,1761,9:10:00,0,118.00,0,16.5800,3.5700,0.9750,0.1360,1,ACTIVE,5,2,1
4186,1762,9:10:30,0,198.00,0,15.2600,3.1400,0.9330,0.1330,1,ACTIVE,5,2,1
4186,1763,9:11:00,0,241.00,0,0.3700,0.0939,0.0173,0.0059,1,ACTIVE,5,2,1
4186,1764,9:11:30,0,275.00,0,120.1900,12.8000,10.1000,3.0100,1,ACTIVE,5,2,1
4186,1765,9:12:00,0,162.00,0,435.6100,18.5000,43.2000,15.3000,1,ACTIVE,5,2,1
4186,1766,9:12:30,0,49.00,0,1029.640,39.6000,103.0000,39.6000,1,ACTIVE,5,2,1
4186,1767,9:13:00,0,63.00,0,1033.510,41.3000,103.0000,39.6000,1,ACTIVE,5,2,1
4186,1768,9:13:30,0,11.00,0,1123.590,31.9000,114.0000,47.1000,1,ACTIVE,5,2,1
4186,1769,9:14:00,0,99.00,0,774.2300,28.0000,77.5000,31.2000,1,ACTIVE,5,2,1
4186,1770,9:14:30,0,234.00,0,1081.170,58.4000,105.0000,30.5000,1,ACTIVE,5,2,1
4186,1771,9:15:00,0,204.00,0,2593.100,119.0000,255.0000,88.2000,1,ACTIVE,5,2,1
4186,1772,9:15:30,0,167.00,0,2784.210,133.0000,272.0000,98.3000,1,ACTIVE,5,2,1
4186,1773,9:16:00,0,150.00,0,6301.070,411.0000,593.0000,180.0000,1,ACTIVE,5,2,1
4186,1774,9:16:30,0,122.00,0,3412.680,119.0000,345.0000,114.0000,1,ACTIVE,5,2,1
4186,1775,9:17:00,0,106.00,0,3470.570,117.0000,353.0000,112.0000,1,ACTIVE,5,2,1
4186,1776,9:17:30,0,118.00,0,4855.670,324.0000,458.0000,122.0000,1,ACTIVE,5,2,1
4186,1777,9:18:00,0,136.00,0,2279.540,88.2000,229.0000,74.2000,1,ACTIVE,5,2,1
4186,1778,9:18:30,0,131.00,0,3668.450,105.0000,377.0000,127.0000,1,ACTIVE,5,2,1
4186,1779,9:19:00,0,102.00,0,2602.890,79.2000,266.0000,88.2000,1,ACTIVE,5,2,1
4186,1780,9:19:30,0,85.00,0,2975.360,94.1000,303.0000,103.0000,1,ACTIVE,5,2,1
4186,1781,9:20:00,0,109.00,0,3373.240,110.0000,345.0000,98.3000,1,ACTIVE,5,2,1
4186,1782,9:20:30,0,140.00,0,4486.570,145.0000,458.0000,145.0000,1,ACTIVE,5,2,1
4186,1783,9:21:00,0,113.00,0,15429.43,393.0000,1570.000,721.0000,1,ACTIVE,5,2,1
4186,1784,9:21:30,0,140.00,0,4755.080,255.0000,458.0000,169.0000,1,ACTIVE,5,2,1
4186,1785,9:22:00,0,92.00,0,2357.190,184.0000,219.0000,28.6000,1,ACTIVE,5,2,1
4186,1786,9:22:30,0,102.00,0,2666.410,224.0000,244.0000,30.5000,1,ACTIVE,5,2,1
4186,1787,9:23:00,0,127.00,0,2016.920,158.0000,188.0000,16.6000,1,ACTIVE,5,2,1
4186,1788,9:23:30,0,67.00,0,2122.820,136.0000,205.0000,22.1000,1,ACTIVE,5,2,1
4186,1789,9:24:00,0,85.00,0,1914.360,125.0000,184.0000,23.0000,1,ACTIVE,5,2,1
4186,1790,9:24:30,0,184.00,0,4926.270,353.0000,458.0000,127.0000,1,ACTIVE,5,2,1
4186,1791,9:25:00,0,204.00,0,3225.400,385.0000,266.0000,39.6000,1,ACTIVE,5,2,1
4186,1792,9:25:30,0,191.00,0,11192.42,2820.000,544.0000,173.0000,1,ACTIVE,5,2,1
4186,1793,9:26:00,0,218.00,0,5667.160,353.0000,532.0000,205.0000,1,ACTIVE,5,2,1
4186,1794,9:26:30,0,167.00,0,3520.810,229.0000,331.0000,110.0000,1,ACTIVE,5,2,1
4186,1795,9:27:00,0,140.00,0,14.1500,0.8560,1.3500,0.4100,1,ACTIVE,5,2,1
4186,1796,9:27:30,0,303.00,0,15.5400,1.2400,1.4400,0.1840,1,ACTIVE,5,2,1
4186,1797,9:28:00,0,179.00,0,53.9100,5.3900,4.7400,0.4570,1,ACTIVE,5,2,1
4186,1798,9:28:30,0,140.00,0,14.8600,3.4200,0.8020,0.2490,1,ACTIVE,5,2,1
4186,1799,9:29:00,0,156.00,0,11.2500,1.4100,0.9130,0.1270,1,ACTIVE,5,2,1
4186,1800,9:29:30,0,127.00,0,38.5900,3.6500,3.4200,0.4870,1,ACTIVE,5,2,1
4186,1801,9:30:00,0,145.00,0,13.9300,1.1100,1.2600,0.3760,1,ACTIVE,5,2,1
4186,1802,9:30:30,0,36.00,0,32.8700,3.0100,2.9400,0.4280,1,ACTIVE,5,2,1
4186,1803,9:31:00,0,92.00,0,604.2300,24.0000,59.7000,25.7000,1,ACTIVE,5,2,1
4186,1804,9:31:30,0,131.00,0,27.9400,2.2200,2.5800,0.3760,1,ACTIVE,5,2,1
4186,1805,9:32:00,0,162.00,0,69.1400,4.1600,6.5600,2.3200,1,ACTIVE,5,2,1
4186,1806,9:32:30,0,49.00,0,8.2400,1.2900,0.6050,0.0773,1,ACTIVE,5,2,1
4186,1807,9:33:00,0,52.00,0,118.3600,3.9000,12.0000,4.0700,1,ACTIVE,5,2,1
4186,1808,9:33:30,0,122.00,0,38.8900,1.9100,3.8100,1.1600,1,ACTIVE,5,2,1
4186,1809,9:34:00,0,0.00,0,28.6800,1.4100,2.8200,0.8200,1,ACTIVE,5,2,1
4186,1810,9:34:30,0,15.00,0,28.6100,1.3800,2.8200,0.8200,1,ACTIVE,5,2,1
4186,1811,9:35:00,0,58.00,0,33.6700,2.5800,3.0700,0.9750,1,ACTIVE,5,2,1
4186,1812,9:35:30,0,156.00,0,49.1600,3.7300,4.6400,0.2840,1,ACTIVE,5,2,1
4186,1813,9:36:00,0,45.00,0,42.0900,4.6400,3.5700,0.4870,1,ACTIVE,5,2,1
4186,1814,9:36:30,0,184.00,0,49.8600,4.3400,4.4400,1.2600,1,ACTIVE,5,2,1
4186,1815,9:37:00,0,179.00,0,25.6700,2.5300,2.2200,0.5920,1,ACTIVE,5,2,1
4186,1816,9:37:30,0,122.00,0,26.4900,7.8000,1.0400,0.1360,1,ACTIVE,5,2,1
4186,1817,9:38:00,0,52.00,0,30.9100,5.6300,2.0800,0.2230,1,ACTIVE,5,2,1
4186,1818,9:38:30,0,38.00,0,11.2100,1.1600,0.9540,0.2720,1,ACTIVE,5,2,1
4186,1819,9:39:00,0,45.00,0,16.9900,2.8200,1.2100,0.1510,1,ACTIVE,5,2,1
4186,1820,9:39:30,0,102.00,0,17.2300,2.4700,1.3200,0.1880,1,ACTIVE,5,2,1
4186,1821,9:40:00,0,102.00,0,69.7300,3.3500,6.8500,2.1700,1,ACTIVE,5,2,1
4186,1822,9:40:30,0,140.00,0,38.1700,1.9100,3.7300,1.1600,1,ACTIVE,5,2,1
4186,1823,9:41:00,0,45.00,0,17.9200,1.3800,1.6400,0.4770,1,ACTIVE,5,2,1
4186,1824,9:41:30,0,67.00,0,52.9100,2.6400,5.1700,1.6700,1,ACTIVE,5,2,1
4186,1825,9:42:00,0,45.00,0,41.2000,2.3200,3.9800,1.0900,1,ACTIVE,5,2,1
4186,1826,9:42:30,0,27.00,0,11.6600,0.8940,1.0900,0.1610,1,ACTIVE,5,2,1
4186,1827,9:43:00,0,27.00,0,9.5200,0.8560,0.8560,0.1220,1,ACTIVE,5,2,1
4186,1828,9:43:30,0,20.00,0,3.6900,0.3450,0.3300,0.0347,1,ACTIVE,5,2,1
4186,1829,9:44:00,0,31.00,0,6.3900,0.5670,0.5790,0.0571,1,ACTIVE,5,2,1
4186,1830,9:44:30,0,0.00,0,6.6200,0.5670,0.6050,0.0622,0,ACTIVE,5,2,1
4186,1831,9:45:00,0,2.00,0,6.1200,0.5430,0.5550,0.0571,0,ACTIVE,5,2,1
4186,1832,9:45:30,0,4.00,0,5.8100,0.4370,0.5430,0.0773,0,ACTIVE,5,2,1
4186,1833,9:46:00,0,1.00,0,1.1600,0.1220,0.1000,0.0115,0,ACTIVE,5,2,1
4186,1834,9:46:30,0,65.00,0,3.4900,0.2490,0.3300,0.0480,1,ACTIVE,5,2,1
4186,1835,9:47:00,0,9.00,0,17.8900,0.8940,1.7500,0.5430,1,ACTIVE,5,2,1
4186,1836,9:47:30,0,89.00,0,21.1200,1.1600,2.0400,0.6740,1,ACTIVE,5,2,1
4186,1837,9:48:00,0,40.00,0,14.2200,1.1300,1.2900,0.3680,1,ACTIVE,5,2,1
4186,1838,9:48:30,0,2.00,0,10.5500,0.4980,1.0400,0.3090,0,ACTIVE,5,2,1
4186,1839,9:49:00,0,7.00,0,14.2700,0.6460,1.4100,0.4670,0,ACTIVE,5,2,1
4186,1840,9:49:30,0,2.00,0,9.6500,0.4190,0.9540,0.3450,0,ACTIVE,5,2,1
4186,1841,9:50:00,0,1.00,0,8.9800,0.3600,0.8940,0.3300,0,ACTIVE,5,2,1
4186,1842,9:50:30,0,61.00,0,20.0300,1.5700,1.8300,0.5200,1,ACTIVE,5,2,1
4186,1843,9:51:00,0,58.00,0,12.3200,1.2100,1.0600,0.3090,1,ACTIVE,5,2,1
4186,1844,9:51:30,0,1.00,0,11.3000,0.5550,1.1100,0.3230,1,ACTIVE,5,2,1
4186,1845,9:52:00,0,0.00,0,10.8200,0.5430,1.0600,0.2840,1,ACTIVE,5,2,1
4186,1846,9:52:30,0,65.00,0,65.8400,3.8100,6.2800,2.2200,1,ACTIVE,5,2,1
4186,1847,9:53:00,0,109.00,0,76.5100,2.4200,7.8000,2.6400,1,ACTIVE,5,2,1
4186,1848,9:53:30,0,122.00,0,133.0700,6.0100,13.1000,4.5400,1,ACTIVE,5,2,1
4186,1849,9:54:00,0,257.00,0,178.8900,9.4700,17.4000,5.2800,1,ACTIVE,5,2,1
4186,1850,9:54:30,0,198.00,0,112.0200,9.8900,9.8900,3.2100,1,ACTIVE,5,2,1
4186,1851,9:55:00,0,58.00,0,172.7800,9.2700,16.6000,6.0100,1,ACTIVE,5,2,1
4186,1852,9:55:30,0,49.00,0,96.5300,7.8000,8.6900,2.9400,1,ACTIVE,5,2,1
4186,1853,9:56:00,0,33.00,0,87.2200,4.9500,8.3200,3.1400,1,ACTIVE,5,2,1
4186,1854,9:56:30,0,102.00,0,119.9300,8.6900,11.0000,3.8100,1,ACTIVE,5,2,1
4186,1855,9:57:00,0,122.00,0,132.3700,7.8000,12.6000,4.7400,1,ACTIVE,5,2,1
4186,1856,9:57:30,0,127.00,0,110.5200,8.3200,10.1000,3.2800,1,ACTIVE,5,2,1
4186,1857,9:58:00,0,18.00,0,7.8100,0.4370,0.7510,0.2380,1,ACTIVE,5,2,1
4186,1858,9:58:30,0,22.00,0,1.0200,0.1070,0.0880,0.0115,1,ACTIVE,5,2,1
4186,1859,9:59:00,0,20.00,0,1.1100,0.0981,0.1000,0.0115,1,ACTIVE,5,2,1
4186,1860,9:59:30,0,75.00,0,1.5400,0.1220,0.1390,0.0523,1,ACTIVE,5,2,1
4186,1861,10:00:00,0,95.00,0,58.2300,3.9000,5.3900,2.1700,1,ACTIVE,5,2,1
4186,1862,10:00:30,0,136.00,0,81.7500,5.3900,7.6300,2.7600,1,ACTIVE,5,2,1
4186,1863,10:01:00,0,45.00,0,63.8700,3.2800,6.1400,2.5800,1,ACTIVE,5,2,1
4186,1864,10:01:30,0,36.00,0,47.4100,2.8800,4.4400,1.9900,1,ACTIVE,5,2,1
4186,1865,10:02:00,0,0.00,0,8.8500,0.4100,0.8750,0.2600,0,ACTIVE,5,2,1
4186,1866,10:02:30,0,33.00,0,14.0100,1.1600,1.2600,0.3450,1,ACTIVE,5,2,1
4186,1867,10:03:00,0,4.00,0,13.4000,0.6460,1.3200,0.3760,0,ACTIVE,5,2,1
4186,1868,10:03:30,0,0.00,0,14.8400,0.6600,1.4700,0.4570,0,ACTIVE,5,2,1
4186,1869,10:04:00,0,7.00,0,14.2000,0.6320,1.4100,0.4280,0,ACTIVE,5,2,1
4186,1870,10:04:30,0,25.00,0,24.0200,2.1300,2.1700,0.2720,1,ACTIVE,5,2,1
4186,1871,10:05:00,0,6.00,0,24.2300,2.2200,2.1700,0.2720,0,ACTIVE,5,2,1
4186,1872,10:05:30,0,19.00,0,24.4500,2.1300,2.2200,0.2900,1,ACTIVE,5,2,1
4186,1873,10:06:00,0,6.00,0,24.4500,2.1300,2.2200,0.2900,0,ACTIVE,5,2,1
4186,1874,10:06:30,0,24.00,0,30.8700,2.6400,2.8200,0.3300,1,ACTIVE,5,2,1
4186,1875,10:07:00,0,26.00,0,42.4500,1.7500,4.2500,1.2400,1,ACTIVE,5,2,1
4186,1876,10:07:30,0,8.00,0,6.1400,0.6050,0.5430,0.0440,1,ACTIVE,5,2,1
4186,1877,10:08:00,0,70.00,0,43.5100,2.3200,4.1600,1.7900,1,ACTIVE,5,2,1
4186,1878,10:08:30,0,0.00,0,6.1500,0.6050,0.5430,0.0535,0,ACTIVE,5,2,1
4186,1879,10:09:00,0,0.00,0,6.0900,0.5790,0.5430,0.0480,0,ACTIVE,5,2,1
4186,1880,10:09:30,0,0.00,0,5.8900,0.5790,0.5200,0.0480,0,ACTIVE,5,2,1
4186,1881,10:10:00,0,113.00,0,25.2400,1.5000,2.4200,0.6600,1,ACTIVE,5,2,1
4186,1882,10:10:30,0,18.00,0,56.5000,2.3200,5.6300,1.8700,1,ACTIVE,5,2,1
4186,1883,10:11:00,0,3.00,0,49.7400,2.1300,4.9500,1.5700,0,ACTIVE,5,2,1
4186,1884,10:11:30,0,7.00,0,34.6200,1.5000,3.4200,1.2100,0,ACTIVE,5,2,1
4186,1885,10:12:00,0,0.00,0,32.6800,0.9130,3.3500,1.2100,0,ACTIVE,5,2,1
4186,1886,10:12:30,0,20.00,0,82.2900,3.4200,8.1400,3.1400,1,ACTIVE,5,2,1
4186,1887,10:13:00,0,72.00,0,42.1300,1.7500,4.1600,1.6700,1,ACTIVE,5,2,1
4186,1888,10:13:30,0,12.00,0,0.4300,0.0431,0.0378,0.0023,1,ACTIVE,5,2,1
4186,1889,10:14:00,0,24.00,0,0.2100,0.0215,0.0173,0.0059,1,ACTIVE,5,2,1
4186,1890,10:14:30,0,49.00,0,45.4300,0.9750,4.7400,1.6400,1,ACTIVE,5,2,1
4186,1891,10:15:00,0,16.00,0,52.5400,1.9500,5.2800,1.8300,1,ACTIVE,5,2,1
4186,1892,10:15:30,0,7.00,0,58.9200,2.3200,5.8800,2.0800,0,ACTIVE,5,2,1
4186,1893,10:16:00,0,27.00,0,74.0800,3.4200,7.3100,2.3200,1,ACTIVE,5,2,1
4186,1894,10:16:30,0,18.00,0,73.0500,4.3400,7.0000,1.9900,1,ACTIVE,5,2,1
4186,1895,10:17:00,0,8.00,0,103.1000,6.5600,9.6800,3.5000,0,ACTIVE,5,2,1
4186,1896,10:17:30,0,34.00,0,82.4900,5.7600,7.6300,2.7000,1,ACTIVE,5,2,1
4186,1897,10:18:00,0,26.00,0,120.0900,4.6400,12.0000,4.1600,1,ACTIVE,5,2,1
4186,1898,10:18:30,0,11.00,0,97.2300,3.9000,9.6800,3.5000,0,ACTIVE,5,2,1
4186,1899,10:19:00,0,10.00,0,114.9800,4.3400,11.5000,4.1600,0,ACTIVE,5,2,1
4186,1900,10:19:30,0,4.00,0,114.9800,4.3400,11.5000,4.1600,0,ACTIVE,5,2,1
4186,1901,10:20:00,0,10.00,0,120.0600,4.4400,12.0000,4.5400,0,ACTIVE,5,2,1
4186,1902,10:20:30,0,0.00,0,101.3200,4.1600,10.1000,3.2800,0,ACTIVE,5,2,1
4186,1903,10:21:00,0,22.00,0,115.1800,4.3400,11.5000,4.3400,1,ACTIVE,5,2,1
4186,1904,10:21:30,0,35.00,0,102.3500,4.4400,10.1000,3.6500,1,ACTIVE,5,2,1
4186,1905,10:22:00,0,6.00,0,114.9800,4.3400,11.5000,4.1600,0,ACTIVE,5,2,1
4186,1906,10:22:30,0,2.00,0,102.1400,4.3400,10.1000,3.6500,0,ACTIVE,5,2,1
4186,1907,10:23:00,0,17.00,0,101.9700,4.3400,10.1000,3.5000,1,ACTIVE,5,2,1
4186,1908,10:23:30,0,109.00,0,76.7300,3.2100,7.6300,2.5800,1,ACTIVE,5,2,1
4186,1909,10:24:00,0,19.00,0,13.5300,0.7200,1.3200,0.3520,1,ACTIVE,5,2,1
4186,1910,10:24:30,0,1.00,0,9.4600,0.8370,0.8560,0.1000,0,ACTIVE,5,2,1
4186,1911,10:25:00,0,0.00,0,9.8400,0.8560,0.8940,0.1090,0,ACTIVE,5,2,1
4186,1912,10:25:30,0,0.00,0,9.4600,0.8370,0.8560,0.1050,0,ACTIVE,5,2,1
4186,1913,10:26:00,0,0.00,0,9.8700,0.8750,0.8940,0.1050,0,ACTIVE,5,2,1
4186,1914,10:26:30,0,16.00,0,10.1000,0.8940,0.9130,0.1140,0,ACTIVE,5,2,1
4186,1915,10:27:00,0,2.00,0,8.2100,0.6890,0.7510,0.0939,0,ACTIVE,5,2,1
4186,1916,10:27:30,0,0.00,0,6.9500,0.6050,0.6320,0.0679,0,ACTIVE,5,2,1
4186,1917,10:28:00,0,16.00,0,17.0100,1.2400,1.6000,0.2090,1,ACTIVE,5,2,1
4186,1918,10:28:30,0,36.00,0,10.8100,1.2100,0.9130,0.1220,1,ACTIVE,5,2,1
4186,1919,10:29:00,0,82.00,0,18.8700,1.7900,1.6400,0.5200,1,ACTIVE,5,2,1
4186,1920,10:29:30,0,0.00,0,1.1400,0.1120,0.1000,0.0162,0,ACTIVE,5,2,1
4186,1921,10:30:00,0,3.00,0,0.9900,0.0939,0.0880,0.0115,1,ACTIVE,5,2,1
4186,1922,10:30:30,0,72.00,0,28.0400,2.0800,2.5800,0.7510,1,ACTIVE,5,2,1
4186,1923,10:31:00,0,13.00,0,7.0600,0.6600,0.6320,0.0622,1,ACTIVE,5,2,1
4186,1924,10:31:30,0,2.00,0,10.3200,0.9130,0.9330,0.1140,0,ACTIVE,5,2,1
4186,1925,10:32:00,0,0.00,0,10.9200,0.9330,0.9960,0.1270,0,ACTIVE,5,2,1
4186,1926,10:32:30,0,0.00,0,11.3700,0.9540,1.0400,0.1420,0,ACTIVE,5,2,1
4186,1927,10:33:00,0,1.00,0,11.8300,0.9750,1.0900,0.1510,0,ACTIVE,5,2,1
4186,1928,10:33:30,0,58.00,0,12.0400,0.9750,1.1100,0.1550,1,ACTIVE,5,2,1
4186,1929,10:34:00,0,0.00,0,11.7000,0.9130,1.0900,0.1510,0,ACTIVE,5,2,1
4186,1930,10:34:30,0,1.00,0,11.7000,0.9130,1.0900,0.1510,0,ACTIVE,5,2,1
4186,1931,10:35:00,0,35.00,0,10.6100,0.8750,0.9750,0.1270,1,ACTIVE,5,2,1
4186,1932,10:35:30,0,16.00,0,24.1400,1.6000,2.3200,0.2660,1,ACTIVE,5,2,1
4186,1933,10:36:00,0,0.00,0,8.6300,0.8200,0.7680,0.0861,1,ACTIVE,5,2,1
4186,1934,10:36:30,0,1.00,0,8.9300,0.8200,0.8020,0.0861,1,ACTIVE,5,2,1
4186,1935,10:37:00,0,191.00,0,12.7700,1.4100,1.0900,0.1360,1,ACTIVE,5,2,1
4186,1936,10:37:30,0,75.00,0,3.6900,0.2490,0.3520,0.0480,1,ACTIVE,5,2,1
4186,1937,10:38:00,0,61.00,0,10.2000,1.3800,0.8020,0.1190,1,ACTIVE,5,2,1
4186,1938,10:38:30,0,72.00,0,99.9900,4.3400,9.8900,3.4200,1,ACTIVE,5,2,1
4186,1939,10:39:00,0,33.00,0,89.6200,4.6400,8.6900,3.0100,1,ACTIVE,5,2,1
4186,1940,10:39:30,0,31.00,0,87.3700,3.6500,8.6900,2.9400,1,ACTIVE,5,2,1
4186,1941,10:40:00,0,25.00,0,133.0500,4.4400,13.4000,5.3900,1,ACTIVE,5,2,1
4186,1942,10:40:30,0,16.00,0,66.4600,2.2200,6.7000,2.6400,1,ACTIVE,5,2,1
4186,1943,10:41:00,0,16.00,0,96.3100,4.3400,9.4700,3.4200,1,ACTIVE,5,2,1
4186,1944,10:41:30,0,10.00,0,119.6500,4.4400,12.0000,4.1600,0,ACTIVE,5,2,1
4186,1945,10:42:00,0,17.00,0,130.9400,4.9500,13.1000,4.7400,1,ACTIVE,5,2,1
4186,1946,10:42:30,0,20.00,0,130.9600,5.0600,13.1000,4.5400,1,ACTIVE,5,2,1
4186,1947,10:43:00,0,13.00,0,138.9900,4.9500,14.0000,5.0600,0,ACTIVE,5,2,1
4186,1948,10:43:30,0,10.00,0,133.6800,4.9500,13.4000,4.9500,0,ACTIVE,5,2,1
4186,1949,10:44:00,0,11.00,0,133.6800,4.9500,13.4000,4.9500,0,ACTIVE,5,2,1
4186,1950,10:44:30,0,2.00,0,142.5300,5.1700,14.3000,5.3900,0,ACTIVE,5,2,1
4186,1951,10:45:00,0,4.00,0,142.2900,5.0600,14.3000,5.3900,0,ACTIVE,5,2,1
4186,1952,10:45:30,0,1.00,0,133.6800,4.9500,13.4000,4.9500,0,ACTIVE,5,2,1
4186,1953,10:46:00,0,1.00,0,130.7200,4.9500,13.1000,4.5400,0,ACTIVE,5,2,1
4186,1954,10:46:30,0,27.00,0,142.5500,6.5600,14.0000,5.0600,1,ACTIVE,5,2,1
4186,1955,10:47:00,0,127.00,0,105.2100,5.8800,10.1000,3.3500,1,ACTIVE,5,2,1
4186,1956,10:47:30,0,49.00,0,6.6500,0.5790,0.6050,0.0622,1,ACTIVE,5,2,1
4186,1957,10:48:00,0,2.00,0,7.3500,0.6740,0.6600,0.0724,1,ACTIVE,5,2,1
4186,1958,10:48:30,0,0.00,0,7.3500,0.6740,0.6600,0.0724,0,ACTIVE,5,2,1
4186,1959,10:49:00,0,2.00,0,7.6100,0.6740,0.6890,0.0773,0,ACTIVE,5,2,1
4186,1960,10:49:30,0,24.00,0,6.8000,0.6460,0.6050,0.0622,1,ACTIVE,5,2,1
4186,1961,10:50:00,0,2.00,0,6.7900,0.6460,0.6050,0.0571,0,ACTIVE,5,2,1
4186,1962,10:50:30,0,0.00,0,6.7900,0.6460,0.6050,0.0571,0,ACTIVE,5,2,1
4186,1963,10:51:00,0,0.00,0,6.7900,0.6460,0.6050,0.0571,0,ACTIVE,5,2,1
4186,1964,10:51:30,0,4.00,0,6.0900,0.5790,0.5430,0.0480,0,ACTIVE,5,2,1
4186,1965,10:52:00,0,0.00,0,4.5000,0.4280,0.4010,0.0347,0,ACTIVE,5,2,1
4186,1966,10:52:30,0,9.00,0,17.2600,1.7500,1.5000,0.2140,1,ACTIVE,5,2,1
4186,1967,10:53:00,0,127.00,0,7.9700,0.7510,0.6890,0.2490,1,ACTIVE,5,2,1
4186,1968,10:53:30,0,89.00,0,6.9700,0.1610,0.7200,0.2840,1,ACTIVE,5,2,1
4186,1969,10:54:00,0,38.00,0,0.6100,0.0596,0.0523,0.0173,1,ACTIVE,5,2,1
4186,1970,10:54:30,0,1.00,0,0.6300,0.0679,0.0523,0.0173,1,ACTIVE,5,2,1
4186,1971,10:55:00,0,27.00,0,0.6000,0.0559,0.0523,0.0173,1,ACTIVE,5,2,1
4186,1972,10:55:30,0,4.00,0,0.6100,0.0596,0.0523,0.0173,0,ACTIVE,5,2,1
4186,1973,10:56:00,0,47.00,0,0.9900,0.0861,0.0880,0.0292,1,ACTIVE,5,2,1
4186,1974,10:56:30,0,1.00,0,0.5800,0.0470,0.0523,0.0173,0,ACTIVE,5,2,1
4186,1975,10:57:00,0,0.00,0,0.5800,0.0470,0.0523,0.0173,0,ACTIVE,5,2,1
4186,1976,10:57:30,0,0.00,0,0.6000,0.0559,0.0523,0.0173,0,ACTIVE,5,2,1
4186,1977,10:58:00,0,36.00,0,10.9500,0.7680,1.0400,0.1330,1,ACTIVE,5,2,1
4186,1978,10:58:30,0,17.00,0,21.2500,1.9500,1.9100,0.2190,1,ACTIVE,5,2,1
4186,1979,10:59:00,0,40.00,0,21.9000,2.0800,1.9500,0.2090,1,ACTIVE,5,2,1
4186,1980,10:59:30,0,8.00,0,20.1400,1.9500,1.7900,0.1610,0,ACTIVE,5,2,1
4186,1981,11:00:00,0,0.00,0,20.1400,1.9500,1.7900,0.1610,0,ACTIVE,5,2,1
4186,1982,11:00:30,0,0.00,0,21.1300,2.0800,1.8700,0.1720,0,ACTIVE,5,2,1
4186,1983,11:01:00,0,1.00,0,21.1400,2.0800,1.8700,0.1760,0,ACTIVE,5,2,1
4186,1984,11:01:30,0,2.00,0,20.8400,1.9500,1.8700,0.1720,0,ACTIVE,5,2,1
4186,1985,11:02:00,0,61.00,0,14.7900,0.8940,1.4400,0.1920,1,ACTIVE,5,2,1
4186,1986,11:02:30,0,19.00,0,5.3800,0.4770,0.4870,0.0535,1,ACTIVE,5,2,1
4186,1987,11:03:00,0,11.00,0,3.1100,0.1610,0.3030,0.0981,1,ACTIVE,5,2,1
4186,1988,11:03:30,0,21.00,0,2.9100,0.1720,0.2770,0.0880,1,ACTIVE,5,2,1
4186,1989,11:04:00,0,7.00,0,2.2200,0.1450,0.2090,0.0650,0,ACTIVE,5,2,1
4186,1990,11:04:30,0,26.00,0,12.2400,1.3500,1.0400,0.1360,1,ACTIVE,5,2,1
4186,1991,11:05:00,0,17.00,0,16.2800,1.3200,1.5000,0.1800,1,ACTIVE,5,2,1
4186,1992,11:05:30,0,26.00,0,22.2100,1.6700,2.0800,0.2660,1,ACTIVE,5,2,1
4186,1993,11:06:00,0,30.00,0,29.6500,2.3200,2.7600,0.3520,1,ACTIVE,5,2,1
4186,1994,11:06:30,0,13.00,0,28.9400,2.2200,2.7000,0.3760,1,ACTIVE,5,2,1
4186,1995,11:07:00,0,13.00,0,30.5500,2.4700,2.8200,0.3760,1,ACTIVE,5,2,1
4186,1996,11:07:30,0,31.00,0,28.4000,2.2200,2.6400,0.3450,1,ACTIVE,5,2,1
4186,1997,11:08:00,0,10.00,0,22.2600,1.6700,2.0800,0.3090,0,ACTIVE,5,2,1
4186,1998,11:08:30,0,1.00,0,27.2000,2.1300,2.5300,0.3370,0,ACTIVE,5,2,1
4186,1999,11:09:00,0,4.00,0,29.1300,2.3200,2.7000,0.3520,0,ACTIVE,5,2,1
4186,2000,11:09:30,0,24.00,0,26.2300,2.1300,2.4200,0.3030,1,ACTIVE,5,2,1
4186,2001,11:10:00,0,0.00,0,25.2300,2.0800,2.3200,0.3030,0,ACTIVE,5,2,1
4186,2002,11:10:30,0,25.00,0,19.8000,1.1100,1.9500,0.2540,1,ACTIVE,5,2,1
4186,2003,11:11:00,0,2.00,0,0.6800,0.0559,0.0622,0.0070,0,ACTIVE,5,2,1
4186,2004,11:11:30,0,24.00,0,5.8500,0.4570,0.5430,0.0773,1,ACTIVE,5,2,1
4186,2005,11:12:00,0,24.00,0,7.2400,0.6180,0.6600,0.0861,1,ACTIVE,5,2,1
4186,2006,11:12:30,0,6.00,0,0.5800,0.0470,0.0523,0.0173,0,ACTIVE,5,2,1
4186,2007,11:13:00,0,13.00,0,0.6000,0.0559,0.0523,0.0173,1,ACTIVE,5,2,1
4186,2008,11:13:30,0,7.00,0,0.6100,0.0596,0.0523,0.0173,0,ACTIVE,5,2,1
4186,2009,11:14:00,0,29.00,0,3.5400,0.2090,0.3370,0.1120,1,ACTIVE,5,2,1
4186,2010,11:14:30,0,0.00,0,4.1600,0.2280,0.4010,0.1330,0,ACTIVE,5,2,1
4186,2011,11:15:00,0,1.00,0,3.8500,0.2230,0.3680,0.1220,0,ACTIVE,5,2,1
4186,2012,11:15:30,0,38.00,0,6.1500,0.2900,0.6050,0.1920,1,ACTIVE,5,2,1
4186,2013,11:16:00,0,13.00,0,3.2200,0.2900,0.2900,0.0395,1,ACTIVE,5,2,1
4186,2014,11:16:30,0,43.00,0,4.8500,0.4370,0.4370,0.0535,1,ACTIVE,5,2,1
4186,2015,11:17:00,0,0.00,0,11.3900,0.9750,1.0400,0.1190,0,ACTIVE,5,2,1
4186,2016,11:17:30,0,38.00,0,10.8200,0.9750,0.9750,0.1190,1,ACTIVE,5,2,1
4186,2017,11:18:00,0,0.00,0,16.3500,1.3800,1.5000,0.1270,0,ACTIVE,5,2,1
4186,2018,11:18:30,0,1.00,0,15.7900,1.3800,1.4400,0.1270,1,ACTIVE,5,2,1
4186,2019,11:19:00,0,65.00,0,20.9700,1.6400,1.9500,0.2540,1,ACTIVE,5,2,1
4186,2020,11:19:30,0,145.00,0,36.7000,1.9500,3.5700,0.9960,1,ACTIVE,5,2,1
4186,2021,11:20:00,0,127.00,0,37.4400,1.9500,3.6500,1.0400,1,ACTIVE,5,2,1
4186,2022,11:20:30,0,167.00,0,34.9600,1.7500,3.4200,1.0200,1,ACTIVE,5,2,1
4186,2023,11:21:00,0,257.00,0,60.5200,3.2100,5.8800,1.7500,1,ACTIVE,5,2,1
4186,2024,11:21:30,0,58.00,0,60.2500,3.0100,5.8800,1.9100,1,ACTIVE,5,2,1
4186,2025,11:22:00,0,31.00,0,61.8200,3.2100,6.0100,1.9100,1,ACTIVE,5,2,1
4186,2026,11:22:30,0,92.00,0,59.3100,3.1400,5.7600,1.7900,1,ACTIVE,5,2,1
4186,2027,11:23:00,0,38.00,0,35.3300,1.9500,3.4200,0.9540,1,ACTIVE,5,2,1
4186,2028,11:23:30,0,0.00,0,20.7100,1.6700,1.9100,0.2770,0,ACTIVE,5,2,1
4186,2029,11:24:00,0,13.00,0,20.7100,1.6700,1.9100,0.2770,1,ACTIVE,5,2,1
4186,2030,11:24:30,0,0.00,0,25.1200,1.8300,2.3700,0.3090,0,ACTIVE,5,2,1
4186,2031,11:25:00,0,2.00,0,24.2400,1.8300,2.2700,0.3090,0,ACTIVE,5,2,1
4186,2032,11:25:30,0,29.00,0,25.8500,1.5700,2.4700,0.6600,1,ACTIVE,5,2,1
4186,2033,11:26:00,0,19.00,0,139.4500,4.3400,14.0000,6.7000,1,ACTIVE,5,2,1
4186,2034,11:26:30,0,16.00,0,400.3900,16.6000,39.6000,15.6000,1,ACTIVE,5,2,1
4186,2035,11:27:00,0,0.00,0,82.5200,3.4200,8.1400,3.3500,0,ACTIVE,5,2,1
4186,2036,11:27:30,0,19.00,0,298.7700,8.6900,30.5000,11.3000,1,ACTIVE,5,2,1
4186,2037,11:28:00,0,12.00,0,21.4600,1.6700,1.9900,0.2900,0,ACTIVE,5,2,1
4186,2038,11:28:30,0,24.00,0,21.0800,1.6700,1.9500,0.2770,1,ACTIVE,5,2,1
4186,2039,11:29:00,0,1.00,0,21.0700,1.6700,1.9500,0.2720,0,ACTIVE,5,2,1
4186,2040,11:29:30,0,28.00,0,21.4600,1.6700,1.9900,0.2840,1,ACTIVE,5,2,1
4186,2041,11:30:00,0,0.00,0,25.1200,1.8300,2.3700,0.3090,0,ACTIVE,5,2,1
4186,2042,11:30:30,0,4.00,0,24.0600,1.7500,2.2700,0.2960,0,ACTIVE,5,2,1
4186,2043,11:31:00,0,2.00,0,27.2800,1.9500,2.5800,0.3230,0,ACTIVE,5,2,1
4186,2044,11:31:30,0,1.00,0,27.7800,1.9500,2.6400,0.3230,0,ACTIVE,5,2,1
4186,2045,11:32:00,0,2.00,0,27.7800,1.9500,2.6400,0.3230,0,ACTIVE,5,2,1
4186,2046,11:32:30,0,2.00,0,28.2900,1.9500,2.7000,0.3300,0,ACTIVE,5,2,1
4186,2047,11:33:00,0,102.00,0,6.1300,1.2600,0.3760,0.0440,1,ACTIVE,5,2,1
4186,2048,11:33:30,0,17.00,0,0.6300,0.0679,0.0523,0.0173,1,ACTIVE,5,2,1
4186,2049,11:34:00,0,15.00,0,0.6300,0.0679,0.0523,0.0173,1,ACTIVE,5,2,1
4186,2050,11:34:30,0,8.00,0,0.6400,0.0724,0.0523,0.0173,1,ACTIVE,5,2,1
4186,2051,11:35:00,0,35.00,0,3.3600,0.1360,0.3370,0.0981,1,ACTIVE,5,2,1
4186,2052,11:35:30,0,31.00,0,0.7000,0.0679,0.0622,0.0070,1,ACTIVE,5,2,1
4186,2053,11:36:00,0,72.00,0,5.8400,0.5550,0.5200,0.0535,1,ACTIVE,5,2,1
4186,2054,11:36:30,0,9.00,0,6.2300,0.5920,0.5550,0.0535,1,ACTIVE,5,2,1
4186,2055,11:37:00,0,6.00,0,6.2600,0.6050,0.5550,0.0535,1,ACTIVE,5,2,1
4186,2056,11:37:30,0,27.00,0,7.0600,0.6600,0.6320,0.0622,1,ACTIVE,5,2,1
4186,2057,11:38:00,0,28.00,0,66.7300,3.3500,6.5600,1.7500,1,ACTIVE,5,2,1
4186,2058,11:38:30,0,0.00,0,0.7700,0.0981,0.0622,0.0070,0,ACTIVE,5,2,1
4186,2059,11:39:00,0,0.00,0,0.7900,0.1070,0.0622,0.0070,0,ACTIVE,5,2,1
4186,2060,11:39:30,0,33.00,0,1.1800,0.1330,0.1000,0.0115,1,ACTIVE,5,2,1
4186,2061,11:40:00,0,0.00,0,2.1700,0.1220,0.2090,0.0650,1,ACTIVE,5,2,1
4186,2062,11:40:30,0,85.00,0,9.0900,1.2100,0.7200,0.1050,1,ACTIVE,5,2,1
4186,2063,11:41:00,0,89.00,0,1.1300,0.1070,0.1000,0.0115,1,ACTIVE,5,2,1
4186,2064,11:41:30,0,19.00,0,0.7400,0.0861,0.0622,0.0070,1,ACTIVE,5,2,1
4186,2065,11:42:00,0,1.00,0,0.6100,0.0596,0.0523,0.0173,0,ACTIVE,5,2,1
4186,2066,11:42:30,0,0.00,0,0.6800,0.0596,0.0622,0.0070,0,ACTIVE,5,2,1
4186,2067,11:43:00,0,25.00,0,0.7100,0.0724,0.0622,0.0070,1,ACTIVE,5,2,1
4186,2068,11:43:30,0,1.00,0,0.2500,0.0431,0.0173,0.0059,0,ACTIVE,5,2,1
4186,2069,11:44:00,0,0.00,0,0.2500,0.0431,0.0173,0.0059,0,ACTIVE,5,2,1
4186,2070,11:44:30,0,29.00,0,0.4400,0.0470,0.0378,0.0023,1,ACTIVE,5,2,1
4186,2071,11:45:00,0,21.00,0,123.4900,4.9500,12.3000,4.5400,1,ACTIVE,5,2,1
4186,2072,11:45:30,0,72.00,0,118.5800,2.8200,12.3000,4.3400,1,ACTIVE,5,2,1
4186,2073,11:46:00,0,7.00,0,0.9900,0.0939,0.0880,0.0115,1,ACTIVE,5,2,1
4186,2074,11:46:30,0,63.00,0,0.9800,0.0807,0.0880,0.0292,1,ACTIVE,5,2,1
4186,2075,11:47:00,0,4.00,0,0.7100,0.0724,0.0622,0.0070,1,ACTIVE,5,2,1
4186,2076,11:47:30,0,34.00,0,0.9800,0.0807,0.0880,0.0292,1,ACTIVE,5,2,1
4186,2077,11:48:00,0,38.00,0,0.9900,0.0939,0.0880,0.0115,1,ACTIVE,5,2,1
4186,2078,11:48:30,0,49.00,0,2.5700,0.2000,0.2380,0.0347,1,ACTIVE,5,2,1
4186,2079,11:49:00,0,72.00,0,23.0600,1.6700,2.1700,0.3090,1,ACTIVE,5,2,1
4186,2080,11:49:30,0,2.00,0,8.0400,0.7510,0.7200,0.0679,0,ACTIVE,5,2,1
4186,2081,11:50:00,0,1.00,0,7.7000,0.7200,0.6890,0.0679,0,ACTIVE,5,2,1
4186,2082,11:50:30,0,0.00,0,7.7000,0.7200,0.6890,0.0679,1,ACTIVE,5,2,1
4186,2083,11:51:00,0,0.00,0,7.7000,0.7200,0.6890,0.0679,1,ACTIVE,5,2,1
4186,2084,11:51:30,0,140.00,0,271.2700,11.8000,26.8000,9.6800,1,ACTIVE,5,2,1
4186,2085,11:52:00,0,257.00,0,86.4600,3.2100,8.6900,3.0100,1,ACTIVE,5,2,1
4186,2086,11:52:30,0,25.00,0,3.5200,0.3300,0.3160,0.0206,1,ACTIVE,5,2,1
4186,2087,11:53:00,0,31.00,0,1.9200,0.1610,0.1760,0.0162,1,ACTIVE,5,2,1
4186,2088,11:53:30,0,1.00,0,3.9200,0.3680,0.3520,0.0256,1,ACTIVE,5,2,1
4186,2089,11:54:00,0,19.00,0,4.4900,0.4280,0.4010,0.0298,1,ACTIVE,5,2,1
4186,2090,11:54:30,0,47.00,0,5.2000,0.3840,0.4870,0.0724,1,ACTIVE,5,2,1
4186,2091,11:55:00,0,4.00,0,1.6500,0.1360,0.1510,0.0206,1,ACTIVE,5,2,1
4186,2092,11:55:30,0,30.00,0,2.1900,0.1880,0.2000,0.0206,1,ACTIVE,5,2,1
4186,2093,11:56:00,0,3.00,0,5.4900,0.3840,0.5200,0.0773,1,ACTIVE,5,2,1
4186,2094,11:56:30,0,49.00,0,18.8800,1.1800,1.7900,0.5550,1,ACTIVE,5,2,1
4186,2095,11:57:00,0,432.00,0,1874.880,184.0000,165.0000,18.1000,1,ACTIVE,5,2,1
4186,2096,11:57:30,0,234.00,0,5337.520,411.0000,499.0000,54.8000,1,ACTIVE,5,2,1
4186,2097,11:58:00,0,405.00,0,3854.200,197.0000,377.0000,112.0000,1,ACTIVE,5,2,1
4186,2098,11:58:30,0,191.00,0,66.9300,3.9000,6.4200,1.9500,1,ACTIVE,5,2,1
4186,2099,11:59:00,0,36.00,0,102.4900,6.2800,9.6800,3.5000,1,ACTIVE,5,2,1
4186,2100,11:59:30,0,85.00,0,49.0300,2.1700,4.8400,1.6700,1,ACTIVE,5,2,1
4186,2101,12:00:00,0,140.00,0,12.9100,1.3800,1.0900,0.3230,1,ACTIVE,5,2,2
4186,2102,12:00:30,0,61.00,0,2.3300,0.1960,0.2140,0.0206,1,ACTIVE,5,2,2
4186,2103,12:01:00,0,13.00,0,1.8400,0.1070,0.1760,0.0523,1,ACTIVE,5,2,2
4186,2104,12:01:30,0,22.00,0,1.3400,0.1070,0.1240,0.0162,1,ACTIVE,5,2,2
4186,2105,12:02:00,0,47.00,0,4.3900,0.1880,0.4370,0.1330,1,ACTIVE,5,2,2
4186,2106,12:02:30,0,47.00,0,0.9700,0.0861,0.0880,0.0115,1,ACTIVE,5,2,2
4186,2107,12:03:00,0,52.00,0,9.5500,0.7200,0.8940,0.1190,1,ACTIVE,5,2,2
4186,2108,12:03:30,0,136.00,0,10.2600,0.9750,0.8940,0.2600,1,ACTIVE,5,2,2
4186,2109,12:04:00,0,36.00,0,27.0100,1.8300,2.5300,0.7680,1,ACTIVE,5,2,2
4186,2110,12:04:30,0,43.00,0,61.2300,2.9400,6.0100,1.9100,1,ACTIVE,5,2,2
4186,2111,12:05:00,0,72.00,0,50.6600,1.6700,5.1700,1.5700,1,ACTIVE,5,2,2
4186,2112,12:05:30,0,49.00,0,39.8300,1.9500,3.9000,1.2600,1,ACTIVE,5,2,2
4186,2113,12:06:00,0,38.00,0,17.3600,1.2400,1.6000,0.5310,1,ACTIVE,5,2,2
4186,2114,12:06:30,0,29.00,0,4.3800,0.1880,0.4370,0.1220,1,ACTIVE,5,2,2
4186,2115,12:07:00,0,67.00,0,33.9700,1.5700,3.3500,1.0600,1,ACTIVE,5,2,2
4186,2116,12:07:30,0,49.00,0,13.3600,0.7510,1.2900,0.3520,1,ACTIVE,5,2,2
4186,2117,12:08:00,0,34.00,0,3.1000,0.1580,0.3030,0.0880,1,ACTIVE,5,2,2
4186,2118,12:08:30,0,24.00,0,2.1200,0.0981,0.2090,0.0650,1,ACTIVE,5,2,2
4186,2119,12:09:00,0,56.00,0,4.3400,0.1510,0.4370,0.1580,1,ACTIVE,5,2,2
4186,2120,12:09:30,0,65.00,0,49.8100,2.4700,4.8400,1.7900,1,ACTIVE,5,2,2
4186,2121,12:10:00,0,85.00,0,2.1800,0.1840,0.2000,0.0206,1,ACTIVE,5,2,2
4186,2122,12:10:30,0,7.00,0,38.9800,2.6400,3.7300,0.4100,1,ACTIVE,5,2,2
4186,2123,12:11:00,0,7.00,0,39.7000,2.6400,3.8100,0.4190,1,ACTIVE,5,2,2
4186,2124,12:11:30,0,0.00,0,40.7200,2.7600,3.9000,0.4470,0,ACTIVE,5,2,2
4186,2125,12:12:00,0,31.00,0,46.9600,3.0100,4.5400,0.5310,1,ACTIVE,5,2,2
4186,2126,12:12:30,0,11.00,0,45.7100,3.2100,4.3400,0.5200,1,ACTIVE,5,2,2
4186,2127,12:13:00,0,79.00,0,56.5300,3.0100,5.5100,1.4700,1,ACTIVE,5,2,2
4186,2128,12:13:30,0,82.00,0,57.4500,3.0100,5.5100,2.3200,1,ACTIVE,5,2,2
4186,2129,12:14:00,0,109.00,0,70.9200,2.6400,7.1500,2.2700,1,ACTIVE,5,2,2
4186,2130,12:14:30,0,82.00,0,1.6100,0.1220,0.1510,0.0162,1,ACTIVE,5,2,2
4186,2131,12:15:00,0,131.00,0,2.1300,0.1580,0.2000,0.0256,1,ACTIVE,5,2,2
4186,2132,12:15:30,0,61.00,0,3.1200,0.2440,0.2900,0.0395,1,ACTIVE,5,2,2
4186,2133,12:16:00,0,1.00,0,0.9300,0.0679,0.0880,0.0115,1,ACTIVE,5,2,2
4186,2134,12:16:30,0,4.00,0,0.9400,0.0724,0.0880,0.0115,1,ACTIVE,5,2,2
4186,2135,12:17:00,0,13.00,0,1.5900,0.1120,0.1510,0.0206,1,ACTIVE,5,2,2
4186,2136,12:17:30,0,31.00,0,14.9900,0.6740,1.4700,0.5670,1,ACTIVE,5,2,2
4186,2137,12:18:00,0,33.00,0,9.5400,0.4100,0.9540,0.2600,1,ACTIVE,5,2,2
4186,2138,12:18:30,0,92.00,0,46.7700,2.4700,4.6400,0.6460,1,ACTIVE,5,2,2
4186,2139,12:19:00,0,49.00,0,74.6900,3.8100,7.3100,2.0800,1,ACTIVE,5,2,2
4186,2140,12:19:30,0,145.00,0,65.7000,3.4200,6.4200,1.7900,1,ACTIVE,5,2,2
4186,2141,12:20:00,0,150.00,0,46.8900,2.5300,4.6400,0.6460,1,ACTIVE,5,2,2
4186,2142,12:20:30,0,72.00,0,0.9600,0.0807,0.0880,0.0115,1,ACTIVE,5,2,2
4186,2143,12:21:00,0,4.00,0,0.6800,0.0559,0.0622,0.0070,1,ACTIVE,5,2,2
4186,2144,12:21:30,0,92.00,0,20.2800,0.9130,1.9900,0.7510,1,ACTIVE,5,2,2
4186,2145,12:22:00,0,72.00,0,41.1200,1.4700,4.1600,1.3200,1,ACTIVE,5,2,2
4186,2146,12:22:30,0,179.00,0,37.1400,1.8300,3.7300,0.3760,1,ACTIVE,5,2,2
4186,2147,12:23:00,0,109.00,0,33.2600,1.5700,3.3500,0.4190,1,ACTIVE,5,2,2
4186,2148,12:23:30,0,6.00,0,0.2000,0.0170,0.0173,0.0059,1,ACTIVE,5,2,2
4186,2149,12:24:00,0,0.00,0,0.2000,0.0170,0.0173,0.0059,1,ACTIVE,5,2,2
4186,2150,12:24:30,0,1.00,0,0.2000,0.0170,0.0173,0.0059,1,ACTIVE,5,2,2
4186,2151,12:25:00,0,8.00,0,0.2000,0.0170,0.0173,0.0059,1,ACTIVE,5,2,2
4186,2152,12:25:30,0,109.00,0,2.4200,0.0861,0.2440,0.0880,1,ACTIVE,5,2,2
4186,2153,12:26:00,0,85.00,0,1.1300,0.1070,0.1000,0.0115,1,ACTIVE,5,2,2
4186,2154,12:26:30,0,162.00,0,7.6800,0.3160,0.7680,0.2380,1,ACTIVE,5,2,2
4186,2155,12:27:00,0,162.00,0,0.2200,0.0298,0.0173,0.0059,1,ACTIVE,5,2,2
4186,2156,12:27:30,0,99.00,0,0.4400,0.0470,0.0378,0.0023,1,ACTIVE,5,2,2
4186,2157,12:28:00,0,118.00,0,116.6600,7.4700,11.3000,1.3500,1,ACTIVE,5,2,2
4186,2158,12:28:30,0,61.00,0,0.6800,0.0559,0.0622,0.0070,1,ACTIVE,5,2,2
4186,2159,12:29:00,0,95.00,0,1.8200,0.0981,0.1760,0.0523,1,ACTIVE,5,2,2
4186,2160,12:29:30,0,109.00,0,5.4100,0.2660,0.5310,0.1580,1,ACTIVE,5,2,2
4186,2161,12:30:00,0,82.00,0,1.6200,0.1220,0.1510,0.0206,1,ACTIVE,5,2,2
4186,2162,12:30:30,0,89.00,0,4.0100,0.1610,0.4010,0.1330,1,ACTIVE,5,2,2
4186,2163,12:31:00,0,8.00,0,7.0700,0.2230,0.7200,0.2490,1,ACTIVE,5,2,2
4186,2164,12:31:30,0,95.00,0,4.0900,0.8020,0.2600,0.0395,1,ACTIVE,5,2,2
4186,2165,12:32:00,0,198.00,0,4.5600,0.1580,0.4570,0.1920,1,ACTIVE,5,2,2
4186,2166,12:32:30,0,167.00,0,61.8200,3.8100,5.8800,1.7100,1,ACTIVE,5,2,2
4186,2167,12:33:00,0,167.00,0,51.7300,2.5800,5.0600,1.6000,1,ACTIVE,5,2,2
4186,2168,12:33:30,0,127.00,0,4.9900,0.2440,0.4870,0.1690,1,ACTIVE,5,2,2
4186,2169,12:34:00,0,167.00,0,3.0200,0.0939,0.3030,0.1450,1,ACTIVE,5,2,2
4186,2170,12:34:30,0,156.00,0,53.2600,2.4200,5.2800,1.5400,1,ACTIVE,5,2,2
4186,2171,12:35:00,0,109.00,0,88.7700,3.5000,8.8800,3.0100,1,ACTIVE,5,2,2
4186,2172,12:35:30,0,45.00,0,3.7300,0.1760,0.3680,0.1120,1,ACTIVE,5,2,2
4186,2173,12:36:00,0,17.00,0,32.9600,1.1600,3.3500,0.9750,1,ACTIVE,5,2,2
4186,2174,12:36:30,0,13.00,0,40.0000,2.0800,3.9000,1.1600,1,ACTIVE,5,2,2
4186,2175,12:37:00,0,67.00,0,38.3800,1.6700,3.8100,1.1600,1,ACTIVE,5,2,2
4186,2176,12:37:30,0,211.00,0,78.5300,3.5000,7.6300,3.6500,1,ACTIVE,5,2,2
4186,2177,12:38:00,0,140.00,0,62.2100,2.4700,6.1400,2.7000,1,ACTIVE,5,2,2
4186,2178,12:38:30,0,150.00,0,14.0700,1.1600,1.2900,0.1800,1,ACTIVE,5,2,2
4186,2179,12:39:00,0,65.00,0,7.0700,1.2400,0.4870,0.0622,1,ACTIVE,5,2,2
4186,2180,12:39:30,0,54.00,0,2.4000,0.2280,0.2140,0.0162,1,ACTIVE,5,2,2
4186,2181,12:40:00,0,109.00,0,13.5500,0.9330,1.2900,0.1580,1,ACTIVE,5,2,2
4186,2182,12:40:30,0,54.00,0,2.7100,0.2720,0.2380,0.0162,1,ACTIVE,5,2,2
4186,2183,12:41:00,0,12.00,0,0.7300,0.0807,0.0622,0.0023,1,ACTIVE,5,2,2
4186,2184,12:41:30,0,36.00,0,0.2200,0.0298,0.0173,0.0059,1,ACTIVE,5,2,2
4186,2185,12:42:00,0,1.00,0,0.2200,0.0298,0.0173,0.0059,1,ACTIVE,5,2,2
4186,2186,12:42:30,0,17.00,0,14.1100,1.0600,1.3200,0.1840,1,ACTIVE,5,2,2
4186,2187,12:43:00,0,79.00,0,7.1000,0.9750,0.5550,0.0807,1,ACTIVE,5,2,2
4186,2188,12:43:30,0,58.00,0,3.3100,0.2230,0.3160,0.0440,1,ACTIVE,5,2,2
4186,2189,12:44:00,0,49.00,0,15.7800,0.9540,1.5400,0.2000,1,ACTIVE,5,2,2
4186,2190,12:44:30,0,6.00,0,0.2100,0.0215,0.0173,0.0059,1,ACTIVE,5,2,2
4186,2191,12:45:00,0,3.00,0,0.1800,0.0085,0.0173,0.0059,1,ACTIVE,5,2,2
4186,2192,12:45:30,0,26.00,0,0.2300,0.0339,0.0173,0.0059,1,ACTIVE,5,2,2
4186,2193,12:46:00,0,25.00,0,18.8900,1.0200,1.8300,0.5920,1,ACTIVE,5,2,2
4186,2194,12:46:30,0,72.00,0,55.3100,2.3200,5.5100,1.7500,1,ACTIVE,5,2,2
4186,2195,12:47:00,0,179.00,0,20.6900,1.3200,1.9500,0.6460,1,ACTIVE,5,2,2
4186,2196,12:47:30,0,30.00,0,14.9600,0.9750,1.4400,0.1880,1,ACTIVE,5,2,2
4186,2197,12:48:00,0,19.00,0,24.0700,1.7500,2.2700,0.3090,1,ACTIVE,5,2,2
4186,2198,12:48:30,0,61.00,0,18.6200,1.0900,1.7900,0.5200,1,ACTIVE,5,2,2
4186,2199,12:49:00,0,173.00,0,1.0700,0.0807,0.1000,0.0162,1,ACTIVE,5,2,2
4186,2200,12:49:30,0,99.00,0,17.2200,0.9130,1.6700,0.4870,1,ACTIVE,5,2,2
4186,2201,12:50:00,0,241.00,0,26.1400,0.7510,2.7000,0.7850,1,ACTIVE,5,2,2
4186,2202,12:50:30,0,127.00,0,7.2100,0.2720,0.7200,0.2840,1,ACTIVE,5,2,2
4186,2203,12:51:00,0,241.00,0,5.9500,0.2090,0.6050,0.1690,1,ACTIVE,5,2,2
4186,2204,12:51:30,0,218.00,0,15.7100,0.4980,1.6000,0.5200,1,ACTIVE,5,2,2
4186,2205,12:52:00,0,92.00,0,10.3600,0.6740,0.9960,0.1330,1,ACTIVE,5,2,2
4186,2206,12:52:30,0,27.00,0,14.9300,0.9540,1.4400,0.2000,1,ACTIVE,5,2,2
4186,2207,12:53:00,0,40.00,0,1.4500,0.1580,0.1240,0.0070,1,ACTIVE,5,2,2
4186,2208,12:53:30,0,140.00,0,1.9000,0.1510,0.1760,0.0256,1,ACTIVE,5,2,2
4186,2209,12:54:00,0,113.00,0,2.3400,0.2000,0.2140,0.0206,1,ACTIVE,5,2,2
4186,2210,12:54:30,0,99.00,0,1.1300,0.1070,0.1000,0.0115,1,ACTIVE,5,2,2
4186,2211,12:55:00,0,257.00,0,1.8100,0.0939,0.1760,0.0523,1,ACTIVE,5,2,2
4186,2212,12:55:30,0,218.00,0,19.8700,1.0900,1.9100,0.7040,1,ACTIVE,5,2,2
4186,2213,12:56:00,0,191.00,0,12.0800,0.9750,1.0900,0.3760,1,ACTIVE,5,2,2
4186,2214,12:56:30,0,173.00,0,7.6000,0.3370,0.7510,0.2490,1,ACTIVE,5,2,2
4186,2215,12:57:00,0,106.00,0,2.7500,0.1960,0.2600,0.0395,1,ACTIVE,5,2,2
4186,2216,12:57:30,0,92.00,0,25.3600,1.2900,2.4700,0.7680,1,ACTIVE,5,2,2
4186,2217,12:58:00,0,58.00,0,41.4200,1.6000,4.1600,1.3200,1,ACTIVE,5,2,2
4186,2218,12:58:30,0,140.00,0,53.1900,1.8300,5.3900,1.7500,1,ACTIVE,5,2,2
4186,2219,12:59:00,0,140.00,0,42.5800,1.9900,4.1600,1.6000,1,ACTIVE,5,2,2
4186,2220,12:59:30,0,99.00,0,82.0800,3.6500,8.1400,2.4700,1,ACTIVE,5,2,2
4186,2221,13:00:00,0,92.00,0,39.3300,2.0800,3.8100,1.2100,1,ACTIVE,5,2,2
4186,2222,13:00:30,0,167.00,0,66.8800,3.1400,6.5600,2.3200,1,ACTIVE,5,2,2
4186,2223,13:01:00,0,72.00,0,16.3600,1.7100,1.3800,0.4670,1,ACTIVE,5,2,2
4186,2224,13:01:30,0,218.00,0,19.7400,1.2100,1.8700,0.6600,1,ACTIVE,5,2,2
4186,2225,13:02:00,0,198.00,0,3.9800,0.1510,0.4010,0.1220,1,ACTIVE,5,2,2
4186,2226,13:02:30,0,156.00,0,11.2100,0.4470,1.1100,0.4570,1,ACTIVE,5,2,2
4186,2227,13:03:00,0,89.00,0,20.6200,1.1100,1.9900,0.6600,1,ACTIVE,5,2,2
4186,2228,13:03:30,0,127.00,0,18.6900,1.2600,1.7500,0.5310,1,ACTIVE,5,2,2
4186,2229,13:04:00,0,106.00,0,33.6700,1.4700,3.3500,0.9960,1,ACTIVE,5,2,2
4186,2230,13:04:30,0,75.00,0,23.0300,1.1300,2.2700,0.6050,1,ACTIVE,5,2,2
4186,2231,13:05:00,0,31.00,0,1.4000,0.0596,0.1390,0.0523,1,ACTIVE,5,2,2
4186,2232,13:05:30,0,106.00,0,4.3400,0.1610,0.4370,0.1450,1,ACTIVE,5,2,2
4186,2233,13:06:00,0,75.00,0,4.3400,0.1510,0.4370,0.1580,1,ACTIVE,5,2,2
4186,2234,13:06:30,0,36.00,0,8.3600,0.3160,0.8370,0.2960,1,ACTIVE,5,2,2
4186,2235,13:07:00,0,293.00,0,7.7600,0.3230,0.7680,0.2960,1,ACTIVE,5,2,2
4186,2236,13:07:30,0,198.00,0,6.5500,0.2720,0.6460,0.2720,1,ACTIVE,5,2,2
4186,2237,13:08:00,0,52.00,0,19.1600,0.7850,1.9100,0.6600,1,ACTIVE,5,2,2
4186,2238,13:08:30,0,3.00,0,19.5600,0.8020,1.9500,0.6600,1,ACTIVE,5,2,2
4186,2239,13:09:00,0,52.00,0,19.5800,0.8020,1.9500,0.6740,1,ACTIVE,5,2,2
4186,2240,13:09:30,0,58.00,0,22.0100,0.8020,2.2200,0.7350,1,ACTIVE,5,2,2
4186,2241,13:10:00,0,335.00,0,8.6000,0.4370,0.8370,0.2720,1,ACTIVE,5,2,2
4186,2242,13:10:30,0,52.00,0,14.4900,0.6050,1.4400,0.4980,1,ACTIVE,5,2,2
4186,2243,13:11:00,0,173.00,0,28.3800,0.9540,2.8800,0.9750,1,ACTIVE,5,2,2
4186,2244,13:11:30,0,75.00,0,16.6600,0.6460,1.6700,0.5200,1,ACTIVE,5,2,2
4186,2245,13:12:00,0,303.00,0,5.6100,0.2440,0.5550,0.1920,1,ACTIVE,5,2,2
4186,2246,13:12:30,0,145.00,0,9.6100,0.4100,0.9540,0.3230,1,ACTIVE,5,2,2
4186,2247,13:13:00,0,54.00,0,7.7400,0.3300,0.7680,0.2600,1,ACTIVE,5,2,2
4186,2248,13:13:30,0,150.00,0,33.0600,1.0900,3.3500,1.2100,1,ACTIVE,5,2,2
4186,2249,13:14:00,0,173.00,0,31.6000,1.0400,3.2100,1.1100,1,ACTIVE,5,2,2
4186,2250,13:14:30,0,40.00,0,44.6900,1.5700,4.6400,0.5670,1,ACTIVE,5,2,2
4186,2251,13:15:00,0,75.00,0,38.4900,1.7500,3.8100,1.1100,1,ACTIVE,5,2,2
4186,2252,13:15:30,0,249.00,0,6.0200,0.9960,0.4280,0.0622,1,ACTIVE,5,2,2
4186,2253,13:16:00,0,275.00,0,163.9700,2.9400,17.4000,4.8400,1,ACTIVE,5,2,2
4186,2254,13:16:30,0,122.00,0,2640.990,142.0000,249.0000,130.0000,1,ACTIVE,5,2,2
4186,2255,13:17:00,0,191.00,0,16037.10,676.0000,1570.000,706.0000,1,ACTIVE,5,2,2
4186,2256,13:17:30,0,198.00,0,13432.29,544.0000,1320.000,593.0000,1,ACTIVE,5,2,2
4186,2257,13:18:00,0,241.00,0,10640.15,368.0000,1060.000,458.0000,1,ACTIVE,5,2,2
4186,2258,13:18:30,0,162.00,0,16.1700,1.2600,1.5000,0.1920,1,ACTIVE,5,2,2
4186,2259,13:19:00,0,156.00,0,8.9900,1.1100,0.7350,0.0900,1,ACTIVE,5,2,2
4186,2260,13:19:30,0,184.00,0,4.0200,0.4100,0.3520,0.0298,1,ACTIVE,5,2,2
4186,2261,13:20:00,0,79.00,0,7963.860,338.0000,770.0000,438.0000,1,ACTIVE,5,2,2
4186,2262,13:20:30,0,67.00,0,14393.08,633.0000,1410.000,581.0000,1,ACTIVE,5,2,2
4186,2263,13:21:00,0,65.00,0,15028.10,633.0000,1470.000,661.0000,1,ACTIVE,5,2,2
4186,2264,13:21:30,0,99.00,0,14706.20,633.0000,1440.000,620.0000,1,ACTIVE,5,2,2
4186,2265,13:22:00,0,293.00,0,2.1600,0.2720,0.1760,0.0162,1,ACTIVE,5,2,2
4186,2266,13:22:30,0,122.00,0,47.9200,1.7900,4.8400,1.4400,1,ACTIVE,5,2,2
4186,2267,13:23:00,0,92.00,0,37.1500,1.7900,3.6500,1.1100,1,ACTIVE,5,2,2
4186,2268,13:23:30,0,167.00,0,50.4700,1.6000,5.1700,1.5400,1,ACTIVE,5,2,2
4186,2269,13:24:00,0,63.00,0,384.3200,17.4000,37.9000,12.8000,1,ACTIVE,5,2,2
4186,2270,13:24:30,0,24.00,0,10.6100,0.7850,0.9960,0.1420,1,ACTIVE,5,2,2
4186,2271,13:25:00,0,266.00,0,26.0200,1.1600,2.5800,0.7680,1,ACTIVE,5,2,2
4186,2272,13:25:30,0,67.00,0,15.1400,0.5550,1.5400,0.4280,1,ACTIVE,5,2,2
4186,2273,13:26:00,0,6.00,0,28.2600,1.2400,2.8200,0.7850,1,ACTIVE,5,2,2
4186,2274,13:26:30,0,22.00,0,31.0000,1.0900,3.1400,1.0200,1,ACTIVE,5,2,2
4186,2275,13:27:00,0,79.00,0,0.5200,0.0215,0.0523,0.0173,1,ACTIVE,5,2,2
4186,2276,13:27:30,0,27.00,0,2.0100,0.0981,0.2000,0.0298,1,ACTIVE,5,2,2
4186,2277,13:28:00,0,150.00,0,38.8900,1.8300,3.8100,1.3200,1,ACTIVE,5,2,2
4186,2278,13:28:30,0,106.00,0,11.9900,0.8750,1.1100,0.3090,1,ACTIVE,5,2,2
4186,2279,13:29:00,0,118.00,0,17.5100,0.7510,1.7500,0.4870,1,ACTIVE,5,2,2
4186,2280,13:29:30,0,204.00,0,72.2700,2.4700,7.3100,2.5800,1,ACTIVE,5,2,2
4186,2281,13:30:00,0,204.00,0,20.0500,1.2100,1.9500,0.2770,1,ACTIVE,5,2,2
4186,2282,13:30:30,0,179.00,0,44.2000,1.7100,4.4400,1.4100,1,ACTIVE,5,2,2
4186,2283,13:31:00,0,162.00,0,55.5300,1.3500,5.7600,1.9500,1,ACTIVE,5,2,2
4186,2284,13:31:30,0,162.00,0,20.1000,1.2400,1.9500,0.2720,1,ACTIVE,5,2,2
4186,2285,13:32:00,0,179.00,0,67.0500,1.7900,6.8500,2.8800,1,ACTIVE,5,2,2
4186,2286,13:32:30,0,211.00,0,17.6900,1.2600,1.6700,0.2090,1,ACTIVE,5,2,2
4186,2287,13:33:00,0,131.00,0,18.1200,0.7040,1.8300,0.5200,1,ACTIVE,5,2,2
4186,2288,13:33:30,0,167.00,0,56.2600,2.2700,5.6300,1.7500,1,ACTIVE,5,2,2
4186,2289,13:34:00,0,198.00,0,53.1900,1.7500,5.3900,1.9100,1,ACTIVE,5,2,2
4186,2290,13:34:30,0,54.00,0,15.0900,1.0600,1.4100,0.3760,1,ACTIVE,5,2,2
4186,2291,13:35:00,0,12.00,0,0.9300,0.0559,0.0880,0.0292,1,ACTIVE,5,2,2
4186,2292,13:35:30,0,38.00,0,0.9100,0.0470,0.0880,0.0292,1,ACTIVE,5,2,2
4186,2293,13:36:00,0,36.00,0,6.0700,0.2090,0.6180,0.1800,1,ACTIVE,5,2,2
4186,2294,13:36:30,0,56.00,0,8.7400,0.2770,0.8940,0.2720,1,ACTIVE,5,2,2
4186,2295,13:37:00,0,0.00,0,0.6600,0.0470,0.0622,0.0070,0,ACTIVE,5,2,2
4186,2296,13:37:30,0,63.00,0,6.0700,0.2090,0.6180,0.1800,1,ACTIVE,5,2,2
4186,2297,13:38:00,0,2.00,0,0.9300,0.0559,0.0880,0.0292,1,ACTIVE,5,2,2
4186,2298,13:38:30,0,0.00,0,0.9200,0.0596,0.0880,0.0115,1,ACTIVE,5,2,2
4186,2299,13:39:00,0,58.00,0,2.0500,0.1190,0.2000,0.0298,1,ACTIVE,5,2,2
4186,2300,13:39:30,0,184.00,0,56.0800,3.3500,5.5100,0.3600,1,ACTIVE,5,2,2
4186,2301,13:40:00,0,131.00,0,143.8900,7.4700,14.0000,4.4400,1,ACTIVE,5,2,2
4186,2302,13:40:30,0,136.00,0,65.0500,4.4400,6.2800,0.2280,1,ACTIVE,5,2,2
4186,2303,13:41:00,0,82.00,0,6.7000,0.4280,0.6460,0.0861,1,ACTIVE,5,2,2
4186,2304,13:41:30,0,2.00,0,5.7900,0.3840,0.5550,0.0724,1,ACTIVE,5,2,2
4186,2305,13:42:00,0,162.00,0,61.9800,4.1600,6.0100,0.1140,1,ACTIVE,5,2,2
4186,2306,13:42:30,0,140.00,0,20.8500,1.0600,2.0400,0.6180,1,ACTIVE,5,2,2
4186,2307,13:43:00,0,303.00,0,21.8600,0.9960,2.1700,0.5790,1,ACTIVE,5,2,2
4186,2308,13:43:30,0,284.00,0,4.4600,0.4100,0.4010,0.0395,1,ACTIVE,5,2,2
4186,2309,13:44:00,0,140.00,0,0.1700,0.0042,0.0173,0.0059,1,ACTIVE,5,2,2
4186,2310,13:44:30,0,218.00,0,2.7000,0.1720,0.2600,0.0395,1,ACTIVE,5,2,2
4186,2311,13:45:00,0,234.00,0,61.2500,2.3200,6.1400,2.1300,1,ACTIVE,5,2,2
4186,2312,13:45:30,0,95.00,0,152.0000,6.7000,14.9000,5.8800,1,ACTIVE,5,2,2
4186,2313,13:46:00,0,204.00,0,23.5300,0.8750,2.3700,0.7850,1,ACTIVE,5,2,2
4186,2314,13:46:30,0,52.00,0,30.7100,1.5700,3.0100,0.8370,1,ACTIVE,5,2,2
4186,2315,13:47:00,0,82.00,0,36.1100,1.2400,3.6500,1.2600,1,ACTIVE,5,2,2
4186,2316,13:47:30,0,63.00,0,40.1100,1.0400,4.1600,1.2600,1,ACTIVE,5,2,2
4186,2317,13:48:00,0,54.00,0,28.8900,1.1800,2.8800,0.9750,1,ACTIVE,5,2,2
4186,2318,13:48:30,0,45.00,0,31.7700,1.1600,3.2100,1.0200,1,ACTIVE,5,2,2
4186,2319,13:49:00,0,1.00,0,13.5300,0.4770,1.3800,0.3760,0,ACTIVE,5,2,2
4186,2320,13:49:30,0,1.00,0,10.0100,0.5090,0.9960,0.1450,0,ACTIVE,5,2,2
4186,2321,13:50:00,0,12.00,0,8.6300,0.3160,0.8750,0.2490,0,ACTIVE,5,2,2
4186,2322,13:50:30,0,20.00,0,6.6400,0.3450,0.6600,0.0939,1,ACTIVE,5,2,2
4186,2323,13:51:00,0,0.00,0,14.7300,0.7350,1.4700,0.2000,0,ACTIVE,5,2,2
4186,2324,13:51:30,0,21.00,0,5.8600,0.3160,0.5790,0.0773,1,ACTIVE,5,2,2
4186,2325,13:52:00,0,11.00,0,8.6100,0.4570,0.8560,0.0939,0,ACTIVE,5,2,2
4186,2326,13:52:30,0,1.00,0,11.0900,0.5550,1.1100,0.1360,0,ACTIVE,5,2,2
4186,2327,13:53:00,0,7.00,0,5.2600,0.2000,0.5310,0.1450,1,ACTIVE,5,2,2
4186,2328,13:53:30,0,15.00,0,14.3600,0.4770,1.4700,0.3920,1,ACTIVE,5,2,2
4186,2329,13:54:00,0,234.00,0,37.8000,1.5000,3.9000,0.3090,1,ACTIVE,5,2,2
4186,2330,13:54:30,0,179.00,0,46.4300,1.5000,4.8400,0.6460,1,ACTIVE,5,2,2
4186,2331,13:55:00,0,6.00,0,3.2500,0.2000,0.3160,0.0395,1,ACTIVE,5,2,2
4186,2332,13:55:30,0,7.00,0,1.8400,0.1070,0.1760,0.0523,1,ACTIVE,5,2,2
4186,2333,13:56:00,0,3.00,0,1.0900,0.0861,0.1000,0.0162,0,ACTIVE,5,2,2
4186,2334,13:56:30,0,10.00,0,1.8200,0.0981,0.1760,0.0523,0,ACTIVE,5,2,2
4186,2335,13:57:00,0,4.00,0,1.8400,0.1220,0.1760,0.0256,0,ACTIVE,5,2,2
4186,2336,13:57:30,0,19.00,0,6.7700,0.4100,0.6600,0.0773,1,ACTIVE,5,2,2
4186,2337,13:58:00,0,35.00,0,12.8100,0.7200,1.2600,0.1420,1,ACTIVE,5,2,2
4186,2338,13:58:30,0,20.00,0,5.9300,0.3600,0.5790,0.0571,1,ACTIVE,5,2,2
4186,2339,13:59:00,0,2.00,0,14.3000,0.6740,1.4400,0.1840,1,ACTIVE,5,2,2
4186,2340,13:59:30,0,26.00,0,7.8600,0.4770,0.7680,0.0773,1,ACTIVE,5,2,2
4186,2341,14:00:00,0,92.00,0,42.5900,1.4100,4.4400,0.5430,1,ACTIVE,5,2,2
4186,2342,14:00:30,0,3.00,0,14.1800,0.7510,1.4100,0.1650,1,ACTIVE,5,2,2
4186,2343,14:01:00,0,12.00,0,6.7600,0.4100,0.6600,0.0679,1,ACTIVE,5,2,2
4186,2344,14:01:30,0,11.00,0,8.6800,0.4870,0.8560,0.1000,1,ACTIVE,5,2,2
4186,2345,14:02:00,0,204.00,0,33.1100,1.5400,3.3500,0.3450,1,ACTIVE,5,2,2
4186,2346,14:02:30,0,156.00,0,26.0600,1.1600,2.5800,0.8020,1,ACTIVE,5,2,2
4186,2347,14:03:00,0,11.00,0,5.6900,0.3450,0.5550,0.0622,1,ACTIVE,5,2,2
4186,2348,14:03:30,0,36.00,0,5.5700,0.3370,0.5430,0.0622,1,ACTIVE,5,2,2
4186,2349,14:04:00,0,335.00,0,68.6100,1.7500,7.1500,1.9500,1,ACTIVE,5,2,2
4186,2350,14:04:30,0,140.00,0,69.2400,1.9500,7.1500,2.1300,1,ACTIVE,5,2,2
4186,2351,14:05:00,0,234.00,0,61.9100,1.6000,6.4200,1.9900,1,ACTIVE,5,2,2
4186,2352,14:05:30,0,266.00,0,49.7700,1.3200,5.1700,1.4700,1,ACTIVE,5,2,2
4186,2353,14:06:00,0,122.00,0,48.6800,1.7100,4.9500,1.4400,1,ACTIVE,5,2,2
4186,2354,14:06:30,0,118.00,0,36.9400,1.3500,3.7300,1.1600,1,ACTIVE,5,2,2
4186,2355,14:07:00,0,131.00,0,70.7200,1.8300,7.3100,2.4700,1,ACTIVE,5,2,2
4186,2356,14:07:30,0,118.00,0,86.7000,2.5300,8.8800,3.0700,1,ACTIVE,5,2,2
4186,2357,14:08:00,0,136.00,0,63.5000,1.7500,6.5600,2.0400,1,ACTIVE,5,2,2
4186,2358,14:08:30,0,335.00,0,45.9400,1.2400,4.7400,1.5700,1,ACTIVE,5,2,2
4186,2359,14:09:00,0,72.00,0,30.4700,0.8020,3.1400,1.1100,1,ACTIVE,5,2,2
4186,2360,14:09:30,0,56.00,0,63.8800,2.4700,6.4200,2.0400,1,ACTIVE,5,2,2
4186,2361,14:10:00,0,179.00,0,74.1400,3.4200,7.3100,2.3700,1,ACTIVE,5,2,2
4186,2362,14:10:30,0,140.00,0,65.7300,2.7600,6.5600,2.0400,1,ACTIVE,5,2,2
4186,2363,14:11:00,0,65.00,0,25.9700,1.5700,2.5300,0.3300,1,ACTIVE,5,2,2
4186,2364,14:11:30,0,127.00,0,15.8800,0.6050,1.6000,0.4570,1,ACTIVE,5,2,2
4186,2365,14:12:00,0,79.00,0,48.5000,2.0800,4.8400,1.3800,1,ACTIVE,5,2,2
4186,2366,14:12:30,0,179.00,0,21.0000,0.6740,2.1300,0.8200,1,ACTIVE,5,2,2
4186,2367,14:13:00,0,72.00,0,58.0600,1.5000,6.0100,1.9100,1,ACTIVE,5,2,2
4186,2368,14:13:30,0,145.00,0,51.8900,1.7100,5.2800,1.7100,1,ACTIVE,5,2,2
4186,2369,14:14:00,0,419.00,0,2218.000,110.0000,214.0000,90.1000,1,ACTIVE,5,2,2
4186,2370,14:14:30,0,266.00,0,3539.850,107.0000,361.0000,133.0000,1,ACTIVE,5,2,2
4186,2371,14:15:00,0,17.00,0,23.4500,0.8020,2.3700,0.8560,1,ACTIVE,5,2,2
4186,2372,14:15:30,0,136.00,0,73.7000,2.6400,7.4700,2.2700,1,ACTIVE,5,2,2
4186,2373,14:16:00,0,31.00,0,7.4400,0.2600,0.7510,0.2600,1,ACTIVE,5,2,2
4186,2374,14:16:30,0,34.00,0,24.4300,0.9130,2.4700,0.6890,1,ACTIVE,5,2,2
4186,2375,14:17:00,0,29.00,0,22.8300,1.5700,2.1700,0.3090,1,ACTIVE,5,2,2
4186,2376,14:17:30,0,99.00,0,31.6400,1.1800,3.2800,0.2840,1,ACTIVE,5,2,2
4186,2377,14:18:00,0,31.00,0,3.3400,0.1190,0.3370,0.1120,1,ACTIVE,5,2,2
4186,2378,14:18:30,0,145.00,0,13.7800,0.5790,1.3800,0.3920,1,ACTIVE,5,2,2
4186,2379,14:19:00,0,61.00,0,4.7100,0.2600,0.4670,0.0440,1,ACTIVE,5,2,2
4186,2380,14:19:30,0,162.00,0,18.3200,1.5400,1.6700,0.2380,1,ACTIVE,5,2,2
4186,2381,14:20:00,0,150.00,0,61.3400,1.4100,6.4200,1.8700,1,ACTIVE,5,2,2
4186,2382,14:20:30,0,140.00,0,42.5600,2.1300,4.2500,0.5790,1,ACTIVE,5,2,2
4186,2383,14:21:00,0,275.00,0,29.3700,1.2400,2.9400,0.8020,1,ACTIVE,5,2,2
4186,2384,14:21:30,0,43.00,0,0.5500,0.0339,0.0523,0.0173,1,ACTIVE,5,2,2
4186,2385,14:22:00,0,67.00,0,13.0200,0.4570,1.3200,0.4190,1,ACTIVE,5,2,2
4186,2386,14:22:30,0,313.00,0,17.4800,0.7350,1.7500,0.4870,1,ACTIVE,5,2,2
4186,2387,14:23:00,0,118.00,0,32.9200,2.8200,2.9400,0.8560,1,ACTIVE,5,2,2
4186,2388,14:23:30,0,241.00,0,19.0000,0.9130,1.8700,0.5790,1,ACTIVE,5,2,2
4186,2389,14:24:00,0,113.00,0,51.4900,2.0400,5.1700,1.6000,1,ACTIVE,5,2,2
4186,2390,14:24:30,0,179.00,0,18.0700,0.9330,1.7500,0.6320,1,ACTIVE,5,2,2
4186,2391,14:25:00,0,293.00,0,48.0200,1.1800,4.9500,1.9100,1,ACTIVE,5,2,2
4186,2392,14:25:30,0,167.00,0,22.6500,1.2900,2.2200,0.3230,1,ACTIVE,5,2,2
4186,2393,14:26:00,0,234.00,0,57.6300,1.3500,6.0100,1.8300,1,ACTIVE,5,2,2
4186,2394,14:26:30,0,127.00,0,21.3600,0.8370,2.1300,0.8200,1,ACTIVE,5,2,2
4186,2395,14:27:00,0,65.00,0,23.3400,1.2100,2.2700,0.7350,1,ACTIVE,5,2,2
4186,2396,14:27:30,0,0.00,0,9.5600,0.3920,0.9540,0.3090,1,ACTIVE,5,2,2
4186,2397,14:28:00,0,70.00,0,10.9300,0.4670,1.0900,0.3520,1,ACTIVE,5,2,2
4186,2398,14:28:30,0,131.00,0,25.8800,1.0900,2.5800,0.7850,1,ACTIVE,5,2,2
4186,2399,14:29:00,0,75.00,0,42.7600,1.0600,4.4400,1.4100,1,ACTIVE,5,2,2
4186,2400,14:29:30,0,226.00,0,35.4200,1.2100,3.5700,1.3200,1,ACTIVE,5,2,2
4186,2401,14:30:00,0,303.00,0,27.9900,0.9540,2.8200,1.1100,1,ACTIVE,5,2,2
4186,2402,14:30:30,0,184.00,0,20.7200,0.5790,2.1300,0.7510,1,ACTIVE,5,2,2
4186,2403,14:31:00,0,56.00,0,11.0000,0.5200,1.0900,0.3090,1,ACTIVE,5,2,2
4186,2404,14:31:30,0,596.00,0,6.2400,0.3300,0.6050,0.1920,1,ACTIVE,5,2,2
4186,2405,14:32:00,0,257.00,0,9.6900,1.2900,0.7680,0.1000,1,ACTIVE,5,2,2
4186,2406,14:32:30,0,249.00,0,170.3300,14.9000,14.9000,6.0100,1,ACTIVE,5,2,2
4186,2407,14:33:00,0,234.00,0,681.3600,44.1000,63.7000,23.5000,1,ACTIVE,5,2,2
4186,2408,14:33:30,0,140.00,0,5974.730,510.0000,532.0000,169.0000,1,ACTIVE,5,2,2
4186,2409,14:34:00,0,257.00,0,251.3000,34.0000,19.8000,2.5800,1,ACTIVE,5,2,2
4186,2410,14:34:30,0,150.00,0,4438.810,214.0000,429.0000,192.0000,1,ACTIVE,5,2,2
4186,2411,14:35:00,0,293.00,0,1372.360,72.6000,133.0000,42.2000,1,ACTIVE,5,2,2
4186,2412,14:35:30,0,131.00,0,932.8300,82.7000,84.5000,9.4700,1,ACTIVE,5,2,2
4186,2413,14:36:00,0,167.00,0,205.0700,24.6000,17.0000,1.6700,1,ACTIVE,5,2,2
4186,2414,14:36:30,0,323.00,0,419.4200,37.1000,37.9000,5.0600,1,ACTIVE,5,2,2
4186,2415,14:37:00,0,179.00,0,132.0200,6.7000,12.8000,4.4400,1,ACTIVE,5,2,2
4186,2416,14:37:30,0,156.00,0,296.4500,47.1000,21.6000,3.1400,1,ACTIVE,5,2,2
4186,2417,14:38:00,0,179.00,0,278.7400,41.3000,20.7000,5.8800,1,ACTIVE,5,2,2
4186,2418,14:38:30,0,191.00,0,153.3800,26.8000,10.6000,1.5400,1,ACTIVE,5,2,2
4186,2419,14:39:00,0,118.00,0,365.2600,62.4000,25.1000,6.8500,1,ACTIVE,5,2,2
4186,2420,14:39:30,0,85.00,0,133.8200,18.9000,10.3000,1.3200,1,ACTIVE,5,2,2
4186,2421,14:40:00,0,33.00,0,245.7500,44.1000,16.6000,2.3200,1,ACTIVE,5,2,2
4186,2422,14:40:30,0,106.00,0,143.6200,26.8000,9.4700,1.2900,1,ACTIVE,5,2,2
4186,2423,14:41:00,0,106.00,0,143.0000,32.6000,7.9700,1.1300,1,ACTIVE,5,2,2
4186,2424,14:41:30,0,122.00,0,173.4300,39.6000,9.6800,1.0600,1,ACTIVE,5,2,2
4186,2425,14:42:00,0,136.00,0,97.9200,23.5000,5.1700,0.6050,1,ACTIVE,5,2,2
4186,2426,14:42:30,0,24.00,0,93.0800,23.0000,4.7400,0.6320,1,ACTIVE,5,2,2
4186,2427,14:43:00,0,140.00,0,115.0600,18.5000,8.3200,1.1100,1,ACTIVE,5,2,2
4186,2428,14:43:30,0,140.00,0,253.4200,46.1000,17.0000,2.4700,1,ACTIVE,5,2,2
4186,2429,14:44:00,0,191.00,0,33.1100,4.8400,2.4700,0.6890,1,ACTIVE,5,2,2
4186,2430,14:44:30,0,198.00,0,27.5700,4.4400,1.9900,0.2900,1,ACTIVE,5,2,2
4186,2431,14:45:00,0,275.00,0,618.2500,130.0000,37.1000,5.0600,1,ACTIVE,5,2,2
4186,2432,14:45:30,0,266.00,0,113.3100,15.6000,8.6900,2.5300,1,ACTIVE,5,2,2
4186,2433,14:46:00,0,162.00,0,0.8900,0.3300,0.0173,0.0059,1,ACTIVE,5,2,2
4186,2434,14:46:30,0,204.00,0,0.4100,0.1120,0.0173,0.0059,1,ACTIVE,5,2,2
4186,2435,14:47:00,0,303.00,0,1.0800,0.2380,0.0622,0.0070,1,ACTIVE,5,2,2
4186,2436,14:47:30,0,11.00,0,4.4200,0.9540,0.2600,0.0347,1,ACTIVE,5,2,2
4186,2437,14:48:00,0,43.00,0,3.1300,0.7040,0.1760,0.0256,1,ACTIVE,5,2,2
4186,2438,14:48:30,0,17.00,0,25.9800,2.6400,2.2200,0.6460,1,ACTIVE,5,2,2
4186,2439,14:49:00,0,24.00,0,8.8600,1.4700,0.6320,0.0679,1,ACTIVE,5,2,2
4186,2440,14:49:30,0,89.00,0,15.1900,2.3200,1.1300,0.1220,1,ACTIVE,5,2,2
4186,2441,14:50:00,0,12.00,0,4.1400,0.9130,0.2380,0.0347,1,ACTIVE,5,2,2
4186,2442,14:50:30,0,43.00,0,4.0600,0.8750,0.2380,0.0347,1,ACTIVE,5,2,2
4186,2443,14:51:00,0,95.00,0,3.9800,0.8370,0.2380,0.0347,1,ACTIVE,5,2,2
4186,2444,14:51:30,0,156.00,0,4.2900,0.8940,0.2600,0.0347,1,ACTIVE,5,2,2
4186,2445,14:52:00,0,82.00,0,6.6000,1.1100,0.4670,0.0535,1,ACTIVE,5,2,2
4186,2446,14:52:30,0,106.00,0,6.2900,1.0900,0.4370,0.0535,1,ACTIVE,5,2,2
4186,2447,14:53:00,0,92.00,0,3.3700,0.4770,0.2600,0.0395,1,ACTIVE,5,2,2
4186,2448,14:53:30,0,22.00,0,2.9800,0.4870,0.2140,0.0298,1,ACTIVE,5,2,2
4186,2449,14:54:00,0,136.00,0,3.8900,0.5920,0.2900,0.0395,1,ACTIVE,5,2,2
4186,2450,14:54:30,0,40.00,0,2.0700,0.4370,0.1240,0.0162,1,ACTIVE,5,2,2
4186,2451,14:55:00,0,45.00,0,2.2900,0.4280,0.1510,0.0206,1,ACTIVE,5,2,2
4186,2452,14:55:30,0,92.00,0,4.4000,0.7200,0.3160,0.0395,1,ACTIVE,5,2,2
4186,2453,14:56:00,0,33.00,0,3.5300,0.7350,0.2140,0.0298,1,ACTIVE,5,2,2
4186,2454,14:56:30,0,173.00,0,4.6600,0.8370,0.3160,0.0395,1,ACTIVE,5,2,2
4186,2455,14:57:00,0,92.00,0,4.5600,0.8940,0.2900,0.0395,1,ACTIVE,5,2,2
4186,2456,14:57:30,0,82.00,0,5.9200,0.9540,0.4280,0.0622,1,ACTIVE,5,2,2
4186,2457,14:58:00,0,275.00,0,1.7700,0.4470,0.0880,0.0115,1,ACTIVE,5,2,2
4186,2458,14:58:30,0,127.00,0,0.0900,0.0395,0.0000,0.0059,1,ACTIVE,5,2,2
4186,2459,14:59:00,0,335.00,0,0.1100,0.0490,0.0000,0.0000,1,ACTIVE,5,2,2
4186,2460,14:59:30,0,167.00,0,0.1100,0.0490,0.0000,0.0059,1,ACTIVE,5,2,2
4186,2461,15:00:00,0,156.00,0,0.5600,0.1800,0.0173,0.0059,1,ACTIVE,5,2,2
4186,2462,15:00:30,0,72.00,0,0.5600,0.1800,0.0173,0.0059,1,ACTIVE,5,2,2
4186,2463,15:01:00,0,99.00,0,0.3100,0.1360,0.0000,0.0059,1,ACTIVE,5,2,2
4186,2464,15:01:30,0,38.00,0,0.2200,0.0981,0.0000,0.0059,1,ACTIVE,5,2,2
4186,2465,15:02:00,0,65.00,0,0.6300,0.1330,0.0378,0.0023,1,ACTIVE,5,2,2
4186,2466,15:02:30,0,82.00,0,1.2900,0.1840,0.1000,0.0070,1,ACTIVE,5,2,2
4186,2467,15:03:00,0,218.00,0,3.4800,0.7680,0.2000,0.0256,1,ACTIVE,5,2,2
4186,2468,15:03:30,0,145.00,0,3.9700,0.8370,0.2380,0.0298,1,ACTIVE,5,2,2
4186,2469,15:04:00,0,122.00,0,2.6800,0.6050,0.1510,0.0206,1,ACTIVE,5,2,2
4186,2470,15:04:30,0,167.00,0,1.9000,0.4570,0.1000,0.0115,1,ACTIVE,5,2,2
4186,2471,15:05:00,0,6.00,0,1.8600,0.4370,0.1000,0.0115,1,ACTIVE,5,2,2
4186,2472,15:05:30,0,118.00,0,1.9000,0.4570,0.1000,0.0162,1,ACTIVE,5,2,2
4186,2473,15:06:00,0,127.00,0,2.1600,0.4770,0.1240,0.0162,1,ACTIVE,5,2,2
4186,2474,15:06:30,0,63.00,0,1.9000,0.4570,0.1000,0.0162,1,ACTIVE,5,2,2
4186,2475,15:07:00,0,381.00,0,1.9000,0.4570,0.1000,0.0162,1,ACTIVE,5,2,2
4186,2476,15:07:30,0,92.00,0,1.9000,0.4570,0.1000,0.0162,1,ACTIVE,5,2,2
4186,2477,15:08:00,0,109.00,0,2.5400,0.5430,0.1510,0.0162,1,ACTIVE,5,2,2
4186,2478,15:08:30,0,79.00,0,2.9400,0.6180,0.1760,0.0256,1,ACTIVE,5,2,2
4186,2479,15:09:00,0,145.00,0,4.1400,0.9130,0.2380,0.0298,1,ACTIVE,5,2,2
4186,2480,15:09:30,0,49.00,0,3.4100,0.7350,0.2000,0.0256,1,ACTIVE,5,2,2
4186,2481,15:10:00,0,63.00,0,2.5700,0.5550,0.1510,0.0206,1,ACTIVE,5,2,2
4186,2482,15:10:30,0,150.00,0,2.1400,0.4670,0.1240,0.0162,1,ACTIVE,5,2,2
4186,2483,15:11:00,0,56.00,0,3.9700,0.8370,0.2380,0.0298,1,ACTIVE,5,2,2
4186,2484,15:11:30,0,11.00,0,3.8900,0.8020,0.2380,0.0298,1,ACTIVE,5,2,2
4186,2485,15:12:00,0,7.00,0,3.9000,0.8020,0.2380,0.0347,1,ACTIVE,5,2,2
4186,2486,15:12:30,0,106.00,0,3.6400,0.7850,0.2140,0.0298,1,ACTIVE,5,2,2
4186,2487,15:13:00,0,4.00,0,2.5700,0.5550,0.1510,0.0206,1,ACTIVE,5,2,2
4186,2488,15:13:30,0,22.00,0,2.6600,0.5920,0.1510,0.0206,1,ACTIVE,5,2,2
4186,2489,15:14:00,0,127.00,0,4.3300,0.9130,0.2600,0.0347,1,ACTIVE,5,2,2
4186,2490,15:14:30,0,0.00,0,3.5300,0.7350,0.2140,0.0298,1,ACTIVE,5,2,2
4186,2491,15:15:00,0,58.00,0,3.0000,0.6460,0.1760,0.0256,1,ACTIVE,5,2,2
4186,2492,15:15:30,0,1.00,0,4.2100,0.8560,0.2600,0.0347,0,ACTIVE,5,2,2
4186,2493,15:16:00,0,15.00,0,4.1700,0.8370,0.2600,0.0347,1,ACTIVE,5,2,2
4186,2494,15:16:30,0,17.00,0,4.2500,0.8750,0.2600,0.0347,1,ACTIVE,5,2,2
4186,2495,15:17:00,0,1.00,0,3.9800,0.8370,0.2380,0.0347,0,ACTIVE,5,2,2
4186,2496,15:17:30,0,43.00,0,3.8900,0.8020,0.2380,0.0298,1,ACTIVE,5,2,2
4186,2497,15:18:00,0,6.00,0,3.7800,0.7510,0.2380,0.0298,0,ACTIVE,5,2,2
4186,2498,15:18:30,0,0.00,0,3.4600,0.7040,0.2140,0.0298,0,ACTIVE,5,2,2
4186,2499,15:19:00,0,0.00,0,3.4600,0.7040,0.2140,0.0298,0,ACTIVE,5,2,2
4186,2500,15:19:30,0,0.00,0,3.5000,0.7200,0.2140,0.0298,0,ACTIVE,5,2,2
4186,2501,15:20:00,0,0.00,0,3.5000,0.7200,0.2140,0.0298,0,ACTIVE,5,2,2
4186,2502,15:20:30,0,1.00,0,3.4600,0.7040,0.2140,0.0298,0,ACTIVE,5,2,2
4186,2503,15:21:00,0,0.00,0,3.5000,0.7200,0.2140,0.0298,0,ACTIVE,5,2,2
4186,2504,15:21:30,0,2.00,0,3.4600,0.7040,0.2140,0.0298,0,ACTIVE,5,2,2
4186,2505,15:22:00,0,0.00,0,3.3100,0.6890,0.2000,0.0256,0,ACTIVE,5,2,2
4186,2506,15:22:30,0,45.00,0,3.5000,0.7200,0.2140,0.0298,1,ACTIVE,5,2,2
4186,2507,15:23:00,0,0.00,0,3.8200,0.7680,0.2380,0.0347,0,ACTIVE,5,2,2
4186,2508,15:23:30,0,0.00,0,3.8200,0.7680,0.2380,0.0347,0,ACTIVE,5,2,2
4186,2509,15:24:00,0,40.00,0,3.8600,0.7850,0.2380,0.0347,1,ACTIVE,5,2,2
4186,2510,15:24:30,0,1.00,0,4.1700,0.8370,0.2600,0.0347,0,ACTIVE,5,2,2
4186,2511,15:25:00,0,0.00,0,4.1700,0.8370,0.2600,0.0347,0,ACTIVE,5,2,2
4186,2512,15:25:30,0,0.00,0,4.1700,0.8370,0.2600,0.0347,0,ACTIVE,5,2,2
4186,2513,15:26:00,0,0.00,0,4.1700,0.8370,0.2600,0.0347,0,ACTIVE,5,2,2
4186,2514,15:26:30,0,0.00,0,4.1700,0.8370,0.2600,0.0347,0,ACTIVE,5,2,2
4186,2515,15:27:00,0,0.00,0,4.1700,0.8370,0.2600,0.0347,0,ACTIVE,5,2,2
4186,2516,15:27:30,0,0.00,0,4.1700,0.8370,0.2600,0.0347,0,ACTIVE,5,2,2
4186,2517,15:28:00,0,0.00,0,4.1300,0.8200,0.2600,0.0347,0,ACTIVE,5,2,2
4186,2518,15:28:30,0,0.00,0,4.1300,0.8200,0.2600,0.0347,0,ACTIVE,5,2,2
4186,2519,15:29:00,0,0.00,0,3.9000,0.8020,0.2380,0.0347,0,ACTIVE,5,2,2
4186,2520,15:29:30,0,0.00,0,3.9000,0.8020,0.2380,0.0347,0,ACTIVE,5,2,2
4186,2521,15:30:00,0,0.00,0,3.9000,0.8020,0.2380,0.0347,0,ACTIVE,5,2,2
4186,2522,15:30:30,0,1.00,0,3.8600,0.7850,0.2380,0.0347,0,ACTIVE,5,2,2
4186,2523,15:31:00,0,0.00,0,3.8600,0.7850,0.2380,0.0347,0,ACTIVE,5,2,2
4186,2524,15:31:30,0,0.00,0,4.0900,0.8020,0.2600,0.0347,0,ACTIVE,5,2,2
4186,2525,15:32:00,0,0.00,0,4.1300,0.8200,0.2600,0.0347,0,ACTIVE,5,2,2
4186,2526,15:32:30,0,13.00,0,3.8200,0.7680,0.2380,0.0347,1,ACTIVE,5,2,2
4186,2527,15:33:00,0,45.00,0,3.8600,0.7850,0.2380,0.0298,1,ACTIVE,5,2,2
4186,2528,15:33:30,0,22.00,0,4.1700,0.8370,0.2600,0.0347,1,ACTIVE,5,2,2
4186,2529,15:34:00,0,85.00,0,2.7400,0.5310,0.1760,0.0206,1,ACTIVE,5,2,2
4186,2530,15:34:30,0,38.00,0,1.0600,0.2280,0.0622,0.0070,1,ACTIVE,5,2,2
4186,2531,15:35:00,0,35.00,0,3.2800,0.6740,0.2000,0.0298,1,ACTIVE,5,2,2
4186,2532,15:35:30,0,19.00,0,3.2100,0.6460,0.2000,0.0256,1,ACTIVE,5,2,2
4186,2533,15:36:00,0,8.00,0,3.5700,0.7510,0.2140,0.0298,0,ACTIVE,5,2,2
4186,2534,15:36:30,0,0.00,0,4.1700,0.8370,0.2600,0.0347,0,ACTIVE,5,2,2
4186,2535,15:37:00,0,8.00,0,4.1300,0.8200,0.2600,0.0347,1,ACTIVE,5,2,2
4186,2536,15:37:30,0,106.00,0,3.5300,0.7350,0.2140,0.0298,1,ACTIVE,5,2,2
4186,2537,15:38:00,0,20.00,0,3.6000,0.7680,0.2140,0.0298,1,ACTIVE,5,2,2
4186,2538,15:38:30,0,65.00,0,3.5300,0.7350,0.2140,0.0298,1,ACTIVE,5,2,2
4186,2539,15:39:00,0,21.00,0,3.9800,0.8370,0.2380,0.0347,1,ACTIVE,5,2,2
4186,2540,15:39:30,0,34.00,0,3.9800,0.8370,0.2380,0.0347,1,ACTIVE,5,2,2
4186,2541,15:40:00,0,28.00,0,3.3800,0.7200,0.2000,0.0298,1,ACTIVE,5,2,2
4186,2542,15:40:30,0,47.00,0,3.3400,0.7040,0.2000,0.0256,1,ACTIVE,5,2,2
4186,2543,15:41:00,0,54.00,0,3.5700,0.7510,0.2140,0.0298,1,ACTIVE,5,2,2
4186,2544,15:41:30,0,1.00,0,3.6000,0.7680,0.2140,0.0298,1,ACTIVE,5,2,2
4186,2545,15:42:00,0,36.00,0,3.6000,0.7680,0.2140,0.0298,1,ACTIVE,5,2,2
4186,2546,15:42:30,0,79.00,0,3.5300,0.7350,0.2140,0.0298,1,ACTIVE,5,2,2
4186,2547,15:43:00,0,18.00,0,3.6800,0.8020,0.2140,0.0298,1,ACTIVE,5,2,2
4186,2548,15:43:30,0,0.00,0,3.6400,0.7850,0.2140,0.0298,1,ACTIVE,5,2,2
4186,2549,15:44:00,0,54.00,0,3.6000,0.7680,0.2140,0.0298,1,ACTIVE,5,2,2
4186,2550,15:44:30,0,36.00,0,3.5300,0.7350,0.2140,0.0298,1,ACTIVE,5,2,2
4186,2551,15:45:00,0,67.00,0,3.7800,0.7510,0.2380,0.0298,1,ACTIVE,5,2,2
4186,2552,15:45:30,0,43.00,0,3.6800,0.7040,0.2380,0.0298,1,ACTIVE,5,2,2
4186,2553,15:46:00,0,56.00,0,3.4600,0.7040,0.2140,0.0298,1,ACTIVE,5,2,2
4186,2554,15:46:30,0,28.00,0,4.0100,0.7680,0.2600,0.0347,1,ACTIVE,5,2,2
4186,2555,15:47:00,0,20.00,0,4.3500,0.8020,0.2900,0.0395,1,ACTIVE,5,2,2
4186,2556,15:47:30,0,2.00,0,4.2800,0.7680,0.2900,0.0395,0,ACTIVE,5,2,2
4186,2557,15:48:00,0,7.00,0,4.2800,0.7680,0.2900,0.0395,0,ACTIVE,5,2,2
4186,2558,15:48:30,0,12.00,0,4.2800,0.7680,0.2900,0.0395,0,ACTIVE,5,2,2
4186,2559,15:49:00,0,21.00,0,6.0500,0.9750,0.4370,0.0622,1,ACTIVE,5,2,2
4186,2560,15:49:30,0,19.00,0,6.3100,0.9750,0.4670,0.0679,1,ACTIVE,5,2,2
4186,2561,15:50:00,0,72.00,0,15.1400,3.9000,0.7350,0.0773,1,ACTIVE,5,2,2
4186,2562,15:50:30,0,17.00,0,32.2000,4.4400,2.5300,0.2280,1,ACTIVE,5,2,2
4186,2563,15:51:00,0,0.00,0,22.0200,2.9400,1.7500,0.1800,0,ACTIVE,5,2,2
4186,2564,15:51:30,0,36.00,0,19.5100,2.5300,1.5700,0.1610,1,ACTIVE,5,2,2
4186,2565,15:52:00,0,3.00,0,11.6400,1.6700,0.8940,0.1050,0,ACTIVE,5,2,2
4186,2566,15:52:30,0,21.00,0,9.2500,1.2900,0.7200,0.0861,1,ACTIVE,5,2,2
4186,2567,15:53:00,0,19.00,0,11.0600,1.6400,0.8370,0.0900,1,ACTIVE,5,2,2
4186,2568,15:53:30,0,19.00,0,11.4600,1.7500,0.8560,0.0939,1,ACTIVE,5,2,2
4186,2569,15:54:00,0,4.00,0,11.8100,1.6700,0.9130,0.1000,0,ACTIVE,5,2,2
4186,2570,15:54:30,0,6.00,0,10.3000,1.5700,0.7680,0.1000,0,ACTIVE,5,2,2
4186,2571,15:55:00,0,10.00,0,8.0100,1.2900,0.5790,0.0773,0,ACTIVE,5,2,2
4186,2572,15:55:30,0,0.00,0,7.3400,1.0900,0.5550,0.0724,0,ACTIVE,5,2,2
4186,2573,15:56:00,0,0.00,0,7.6100,1.1100,0.5790,0.0773,0,ACTIVE,5,2,2
4186,2574,15:56:30,0,17.00,0,7.3400,1.0900,0.5550,0.0724,1,ACTIVE,5,2,2
4186,2575,15:57:00,0,2.00,0,211.4500,21.1000,18.5000,2.1700,0,ACTIVE,5,2,2
4186,2576,15:57:30,0,36.00,0,157.8100,18.9000,13.1000,0.9960,1,ACTIVE,5,2,2
4186,2577,15:58:00,0,61.00,0,207.1900,20.7000,18.1000,2.3700,1,ACTIVE,5,2,2
4186,2578,15:58:30,0,63.00,0,100.2500,12.0000,8.3200,0.7350,1,ACTIVE,5,2,2
4186,2579,15:59:00,0,56.00,0,377.0600,30.5000,33.3000,16.6000,1,ACTIVE,5,2,2
4186,2580,15:59:30,0,61.00,0,1052.020,52.4000,103.0000,34.0000,1,ACTIVE,5,2,2
4186,2581,16:00:00,0,15.00,0,809.1600,41.3000,79.2000,22.5000,1,ACTIVE,5,2,2
4186,2582,16:00:30,0,79.00,0,635.4800,37.1000,61.0000,17.4000,1,ACTIVE,5,2,2
4186,2583,16:01:00,0,6.00,0,431.0100,35.5000,39.6000,5.3900,1,ACTIVE,5,2,2
4186,2584,16:01:30,0,19.00,0,318.8800,29.2000,28.6000,3.5000,1,ACTIVE,5,2,2
4186,2585,16:02:00,0,28.00,0,196.3100,22.1000,16.6000,1.6700,1,ACTIVE,5,2,2
4186,2586,16:02:30,0,20.00,0,153.1100,15.6000,13.4000,1.1800,1,ACTIVE,5,2,2
4186,2587,16:03:00,0,0.00,0,52.1200,7.9700,3.9000,0.3370,1,ACTIVE,5,2,2
4186,2588,16:03:30,0,109.00,0,26.5700,2.9400,2.2700,0.1880,1,ACTIVE,5,2,2
4186,2589,16:04:00,0,67.00,0,3.5000,0.7200,0.2140,0.0298,1,ACTIVE,5,2,2
4186,2590,16:04:30,0,72.00,0,3.6500,0.6890,0.2380,0.0347,1,ACTIVE,5,2,2
4186,2591,16:05:00,0,89.00,0,3.2400,0.6050,0.2140,0.0298,1,ACTIVE,5,2,2
4186,2592,16:05:30,0,118.00,0,2.7200,0.5200,0.1760,0.0256,1,ACTIVE,5,2,2
4186,2593,16:06:00,0,127.00,0,2.8500,0.5790,0.1760,0.0256,1,ACTIVE,5,2,2
4186,2594,16:06:30,0,35.00,0,2.9400,0.6180,0.1760,0.0256,1,ACTIVE,5,2,2
4186,2595,16:07:00,0,56.00,0,2.9400,0.6180,0.1760,0.0256,1,ACTIVE,5,2,2
4186,2596,16:07:30,0,63.00,0,2.8500,0.5790,0.1760,0.0256,1,ACTIVE,5,2,2
4186,2597,16:08:00,0,61.00,0,2.8500,0.5790,0.1760,0.0256,1,ACTIVE,5,2,2
4186,2598,16:08:30,0,79.00,0,10.2600,1.6700,0.7350,0.1090,1,ACTIVE,5,2,2
4186,2599,16:09:00,0,38.00,0,10.7400,1.5700,0.8020,0.2280,1,ACTIVE,5,2,2
4186,2600,16:09:30,0,89.00,0,13.8100,1.6700,1.1300,0.1650,1,ACTIVE,5,2,2
4186,2601,16:10:00,0,102.00,0,6.7500,1.2900,0.4370,0.0571,1,ACTIVE,5,2,2
4186,2602,16:10:30,0,136.00,0,1.7300,0.3760,0.1000,0.0162,1,ACTIVE,5,2,2
4186,2603,16:11:00,0,109.00,0,2.7700,0.5430,0.1760,0.0256,1,ACTIVE,5,2,2
4186,2604,16:11:30,0,75.00,0,3.2400,0.6050,0.2140,0.0298,1,ACTIVE,5,2,2
4186,2605,16:12:00,0,79.00,0,3.0600,0.5790,0.2000,0.0256,1,ACTIVE,5,2,2
4186,2606,16:12:30,0,11.00,0,3.2400,0.6050,0.2140,0.0298,1,ACTIVE,5,2,2
4186,2607,16:13:00,0,43.00,0,3.5200,0.6320,0.2380,0.0347,1,ACTIVE,5,2,2
4186,2608,16:13:30,0,67.00,0,280.4800,13.4000,27.4000,10.1000,1,ACTIVE,5,2,2
4186,2609,16:14:00,0,6.00,0,534.7800,24.6000,52.4000,19.4000,1,ACTIVE,5,2,2
4186,2610,16:14:30,0,33.00,0,178.7800,11.3000,16.6000,7.4700,1,ACTIVE,5,2,2
4186,2611,16:15:00,0,27.00,0,8.0400,0.9750,0.6600,0.1000,1,ACTIVE,5,2,2
4186,2612,16:15:30,0,99.00,0,14.6200,2.7000,0.9750,0.1140,1,ACTIVE,5,2,2
4186,2613,16:16:00,0,43.00,0,3.6800,0.6180,0.2600,0.0347,1,ACTIVE,5,2,2
4186,2614,16:16:30,0,15.00,0,3.9700,0.6320,0.2900,0.0347,1,ACTIVE,5,2,2
4186,2615,16:17:00,0,12.00,0,37.0800,2.6400,3.4200,1.1600,1,ACTIVE,5,2,2
4186,2616,16:17:30,0,70.00,0,22.1200,2.3200,1.9100,0.2660,1,ACTIVE,5,2,2
4186,2617,16:18:00,0,79.00,0,53.2500,3.9000,5.0600,0.3230,1,ACTIVE,5,2,2
4186,2618,16:18:30,0,63.00,0,58.1600,5.6300,5.1700,0.4190,1,ACTIVE,5,2,2
4186,2619,16:19:00,0,28.00,0,15.9400,1.7900,1.3500,0.1580,1,ACTIVE,5,2,2
4186,2620,16:19:30,0,36.00,0,14.6900,1.4400,1.2900,0.1800,1,ACTIVE,5,2,2
4186,2621,16:20:00,0,6.00,0,5.3500,0.8020,0.4010,0.0571,1,ACTIVE,5,2,2
4186,2622,16:20:30,0,21.00,0,14.6600,1.2100,1.3200,0.3920,1,ACTIVE,5,2,2
4186,2623,16:21:00,0,52.00,0,11.5500,1.1300,0.9960,0.2960,1,ACTIVE,5,2,2
4186,2624,16:21:30,0,15.00,0,4.8000,0.7510,0.3520,0.0480,1,ACTIVE,5,2,2
4186,2625,16:22:00,0,28.00,0,3.7700,0.6600,0.2600,0.0347,1,ACTIVE,5,2,2
4186,2626,16:22:30,0,15.00,0,3.8100,0.6740,0.2600,0.0395,1,ACTIVE,5,2,2
4186,2627,16:23:00,0,36.00,0,3.8400,0.6890,0.2600,0.0347,1,ACTIVE,5,2,2
4186,2628,16:23:30,0,47.00,0,3.2700,0.6180,0.2140,0.0298,1,ACTIVE,5,2,2
4186,2629,16:24:00,0,29.00,0,3.0700,0.5790,0.2000,0.0298,1,ACTIVE,5,2,2
4186,2630,16:24:30,0,82.00,0,4.0300,0.5550,0.3030,0.1450,1,ACTIVE,5,2,2
4186,2631,16:25:00,0,40.00,0,2.4700,0.5090,0.1510,0.0206,1,ACTIVE,5,2,2
4186,2632,16:25:30,0,30.00,0,2.4500,0.4980,0.1510,0.0206,1,ACTIVE,5,2,2
4186,2633,16:26:00,0,49.00,0,2.7700,0.5430,0.1760,0.0256,1,ACTIVE,5,2,2
4186,2634,16:26:30,0,33.00,0,2.7400,0.5310,0.1760,0.0256,1,ACTIVE,5,2,2
4186,2635,16:27:00,0,122.00,0,5.3700,0.7040,0.4280,0.0622,1,ACTIVE,5,2,2
4186,2636,16:27:30,0,35.00,0,1.5000,0.2720,0.1000,0.0162,1,ACTIVE,5,2,2
4186,2637,16:28:00,0,27.00,0,57.6900,13.7000,1.0600,16.6000,1,ACTIVE,5,2,2
4186,2638,16:28:30,0,11.00,0,593.0000,24.6000,58.4000,24.6000,1,ACTIVE,5,2,2
4186,2639,16:29:00,0,38.00,0,328.1200,18.9000,31.2000,12.0000,1,ACTIVE,5,2,2
4186,2640,16:29:30,0,45.00,0,441.3400,22.1000,43.2000,13.4000,1,ACTIVE,5,2,2
4186,2641,16:30:00,0,72.00,0,149.6100,12.8000,13.7000,1.2100,1,ACTIVE,5,2,2
4186,2642,16:30:30,0,27.00,0,50.2100,3.8100,4.7400,0.2660,1,ACTIVE,5,2,2
4186,2643,16:31:00,0,4.00,0,9.4900,1.2100,0.7680,0.0807,0,ACTIVE,5,2,2
4186,2644,16:31:30,0,1.00,0,8.9400,1.1600,0.7200,0.0724,0,ACTIVE,5,2,2
4186,2645,16:32:00,0,31.00,0,12.0000,1.6000,0.9540,0.0900,1,ACTIVE,5,2,2
4186,2646,16:32:30,0,26.00,0,12.7200,1.5700,1.0400,0.1330,1,ACTIVE,5,2,2
4186,2647,16:33:00,0,30.00,0,11.9100,0.8370,1.1100,0.3090,1,ACTIVE,5,2,2
4186,2648,16:33:30,0,12.00,0,10.5700,0.9330,0.9540,0.1420,1,ACTIVE,5,2,2
4186,2649,16:34:00,0,1.00,0,15.9100,1.0400,1.5000,0.4100,0,ACTIVE,5,2,2
4186,2650,16:34:30,0,38.00,0,2.8000,0.4570,0.2000,0.0298,1,ACTIVE,5,2,2
4186,2651,16:35:00,0,38.00,0,4.3000,0.6180,0.3300,0.0440,1,ACTIVE,5,2,2
4186,2652,16:35:30,0,63.00,0,10.6400,1.4400,0.8370,0.1090,1,ACTIVE,5,2,2
4186,2653,16:36:00,0,6.00,0,631.7500,24.6000,62.4000,28.6000,1,ACTIVE,5,2,2
4186,2654,16:36:30,0,1.00,0,631.7500,24.6000,62.4000,28.6000,0,ACTIVE,5,2,2
4186,2655,16:37:00,0,21.00,0,345.8200,22.5000,33.3000,4.1600,1,ACTIVE,5,2,2
4186,2656,16:37:30,0,16.00,0,325.0900,21.6000,31.2000,3.9000,1,ACTIVE,5,2,2
4186,2657,16:38:00,0,56.00,0,324.0700,21.1000,31.2000,3.9000,1,ACTIVE,5,2,2
4186,2658,16:38:30,0,156.00,0,3.3000,0.5310,0.2380,0.0298,1,ACTIVE,5,2,2
4186,2659,16:39:00,0,127.00,0,343.7400,13.4000,34.0000,14.9000,1,ACTIVE,5,2,2
4186,2660,16:39:30,0,61.00,0,415.4000,18.5000,40.4000,18.5000,1,ACTIVE,5,2,2
4186,2661,16:40:00,0,85.00,0,598.8500,28.0000,58.4000,23.0000,1,ACTIVE,5,2,2
4186,2662,16:40:30,0,85.00,0,356.7400,16.6000,34.8000,14.3000,1,ACTIVE,5,2,2
4186,2663,16:41:00,0,40.00,0,234.9100,15.6000,22.5000,2.8200,1,ACTIVE,5,2,2
4186,2664,16:41:30,0,24.00,0,164.8600,14.6000,14.9000,1.6400,1,ACTIVE,5,2,2
4186,2665,16:42:00,0,13.00,0,125.8600,12.6000,11.0000,1.4100,1,ACTIVE,5,2,2
4186,2666,16:42:30,0,4.00,0,45.8300,6.7000,3.5000,0.3520,0,ACTIVE,5,2,2
4186,2667,16:43:00,0,11.00,0,36.6000,5.5100,2.7600,0.2540,0,ACTIVE,5,2,2
4186,2668,16:43:30,0,17.00,0,41.1100,6.0100,3.1400,0.3030,0,ACTIVE,5,2,2
4186,2669,16:44:00,0,1.00,0,48.2300,6.8500,3.7300,0.3680,0,ACTIVE,5,2,2
4186,2670,16:44:30,0,0.00,0,54.5500,7.6300,4.2500,0.4190,0,ACTIVE,5,2,2
4186,2671,16:45:00,0,2.00,0,47.2000,6.7000,3.6500,0.3680,0,ACTIVE,5,2,2
4186,2672,16:45:30,0,0.00,0,50.3600,7.1500,3.9000,0.3840,0,ACTIVE,5,2,2
4186,2673,16:46:00,0,49.00,0,358.5900,17.0000,34.8000,15.3000,1,ACTIVE,5,2,2
4186,2674,16:46:30,0,30.00,0,684.2100,27.4000,68.0000,25.7000,1,ACTIVE,5,2,2
4186,2675,16:47:00,0,52.00,0,567.8800,23.0000,56.0000,24.6000,1,ACTIVE,5,2,2
4186,2676,16:47:30,0,13.00,0,580.4100,23.0000,57.2000,26.2000,1,ACTIVE,5,2,2
4186,2677,16:48:00,0,0.00,0,569.0600,23.0000,56.0000,25.7000,0,ACTIVE,5,2,2
4186,2678,16:48:30,0,45.00,0,507.7700,19.4000,50.2000,23.0000,1,ACTIVE,5,2,2
4186,2679,16:49:00,0,28.00,0,470.5900,20.2000,46.1000,20.7000,1,ACTIVE,5,2,2
4186,2680,16:49:30,0,28.00,0,634.7300,26.2000,62.4000,28.0000,1,ACTIVE,5,2,2
4186,2681,16:50:00,0,28.00,0,567.8800,23.0000,56.0000,24.6000,1,ACTIVE,5,2,2
4186,2682,16:50:30,0,7.00,0,607.2700,24.6000,59.7000,27.4000,1,ACTIVE,5,2,2
4186,2683,16:51:00,0,34.00,0,544.3600,22.1000,53.6000,24.0000,1,ACTIVE,5,2,2
4186,2684,16:51:30,0,122.00,0,513.7100,22.1000,50.2000,23.0000,1,ACTIVE,5,2,2
4186,2685,16:52:00,0,58.00,0,550.2100,19.8000,54.8000,24.6000,1,ACTIVE,5,2,2
4186,2686,16:52:30,0,2.00,0,247.8000,11.3000,24.0000,11.3000,1,ACTIVE,5,2,2
4186,2687,16:53:00,0,7.00,0,476.7100,18.5000,47.1000,21.6000,1,ACTIVE,5,2,2
4186,2688,16:53:30,0,16.00,0,778.6800,31.9000,77.5000,27.4000,1,ACTIVE,5,2,2
4186,2689,16:54:00,0,9.00,0,906.9200,38.7000,90.1000,29.2000,1,ACTIVE,5,2,2
4186,2690,16:54:30,0,47.00,0,781.1600,33.3000,77.5000,26.8000,1,ACTIVE,5,2,2
4186,2691,16:55:00,0,29.00,0,675.5000,30.5000,66.6000,23.0000,1,ACTIVE,5,2,2
4186,2692,16:55:30,0,1.00,0,637.2400,30.5000,62.4000,21.6000,0,ACTIVE,5,2,2
4186,2693,16:56:00,0,11.00,0,705.9800,31.9000,69.5000,24.6000,1,ACTIVE,5,2,2
4186,2694,16:56:30,0,36.00,0,676.4000,31.9000,66.6000,21.1000,1,ACTIVE,5,2,2
4186,2695,16:57:00,0,38.00,0,569.2600,27.4000,56.0000,17.0000,1,ACTIVE,5,2,2
4186,2696,16:57:30,0,1.00,0,504.7600,29.2000,48.1000,17.4000,0,ACTIVE,5,2,2
4186,2697,16:58:00,0,27.00,0,470.1800,27.4000,45.1000,13.7000,1,ACTIVE,5,2,2
4186,2698,16:58:30,0,6.00,0,424.7300,26.2000,40.4000,11.5000,1,ACTIVE,5,2,2
4186,2699,16:59:00,0,61.00,0,233.3400,16.6000,22.1000,3.1400,1,ACTIVE,5,2,2
4186,2700,16:59:30,0,56.00,0,94.5100,5.3900,9.2700,1.2600,1,ACTIVE,5,2,2
4186,2701,17:00:00,0,25.00,0,8.7100,1.3500,0.6460,0.0679,1,ACTIVE,5,2,2
4186,2702,17:00:30,0,15.00,0,3.9400,0.6180,0.2900,0.0347,1,ACTIVE,5,2,2
4186,2703,17:01:00,0,11.00,0,2.5100,0.4280,0.1760,0.0206,1,ACTIVE,5,2,2
4186,2704,17:01:30,0,25.00,0,1.6400,0.3370,0.1000,0.0162,1,ACTIVE,5,2,2
4186,2705,17:02:00,0,1.00,0,1.4000,0.2770,0.0880,0.0115,0,ACTIVE,5,2,2
4186,2706,17:02:30,0,63.00,0,1.9600,0.3840,0.1240,0.0162,1,ACTIVE,5,2,2
4186,2707,17:03:00,0,11.00,0,1.9600,0.3840,0.1240,0.0162,1,ACTIVE,5,2,2
4186,2708,17:03:30,0,54.00,0,2.4300,0.3760,0.1760,0.0523,1,ACTIVE,5,2,2
4186,2709,17:04:00,0,30.00,0,1.6700,0.3520,0.1000,0.0162,1,ACTIVE,5,2,2
4186,2710,17:04:30,0,1.00,0,1.6200,0.3300,0.1000,0.0162,1,ACTIVE,5,2,2
4186,2711,17:05:00,0,43.00,0,1.6400,0.3370,0.1000,0.0115,1,ACTIVE,5,2,2
4186,2712,17:05:30,0,61.00,0,1.6900,0.3600,0.1000,0.0162,1,ACTIVE,5,2,2
4186,2713,17:06:00,0,6.00,0,1.6100,0.3230,0.1000,0.0162,1,ACTIVE,5,2,2
4186,2714,17:06:30,0,4.00,0,1.6100,0.3230,0.1000,0.0162,0,ACTIVE,5,2,2
4186,2715,17:07:00,0,18.00,0,1.6100,0.3230,0.1000,0.0162,1,ACTIVE,5,2,2
4186,2716,17:07:30,0,4.00,0,1.6400,0.3370,0.1000,0.0162,1,ACTIVE,5,2,2
4186,2717,17:08:00,0,40.00,0,1.6700,0.3520,0.1000,0.0162,1,ACTIVE,5,2,2
4186,2718,17:08:30,0,54.00,0,1.6900,0.3600,0.1000,0.0162,1,ACTIVE,5,2,2
4186,2719,17:09:00,0,211.00,0,2.2700,0.3160,0.1760,0.0256,1,ACTIVE,5,2,2
4186,2720,17:09:30,0,257.00,0,81.9100,5.2800,7.6300,3.1400,1,ACTIVE,5,2,2
4186,2721,17:10:00,0,335.00,0,1.9800,0.2900,0.1510,0.0162,1,ACTIVE,5,2,2
4186,2722,17:10:30,0,323.00,0,6.4700,1.2100,0.4280,0.0480,1,ACTIVE,5,2,2
4186,2723,17:11:00,0,249.00,0,7.2900,1.5400,0.4370,0.0622,1,ACTIVE,5,2,2
4186,2724,17:11:30,0,241.00,0,184.1800,13.1000,17.0000,5.7600,1,ACTIVE,5,2,2
4186,2725,17:12:00,0,266.00,0,6.9700,1.6000,0.3840,0.0535,1,ACTIVE,5,2,2
4186,2726,17:12:30,0,275.00,0,1.8900,0.3520,0.1240,0.0162,1,ACTIVE,5,2,2
4186,2727,17:13:00,0,191.00,0,1.2300,0.2000,0.0880,0.0115,1,ACTIVE,5,2,2
4186,2728,17:13:30,0,303.00,0,1.1700,0.1760,0.0880,0.0115,1,ACTIVE,5,2,2
4186,2729,17:14:00,0,284.00,0,2.4600,0.4010,0.1760,0.0256,1,ACTIVE,5,2,2
4186,2730,17:14:30,0,241.00,0,7.4700,0.4870,0.7040,0.2050,1,ACTIVE,5,2,2
4186,2731,17:15:00,0,275.00,0,1.2000,0.1880,0.0880,0.0115,1,ACTIVE,5,2,2
4186,2732,17:15:30,0,492.00,0,1.1300,0.1580,0.0880,0.0115,1,ACTIVE,5,2,2
4186,2733,17:16:00,0,211.00,0,2.7900,0.3030,0.2380,0.0347,1,ACTIVE,5,2,2
4186,2734,17:16:30,0,75.00,0,3.3000,0.3300,0.2900,0.0347,1,ACTIVE,5,2,2
4186,2735,17:17:00,0,145.00,0,2.4400,0.2440,0.2090,0.0650,1,ACTIVE,5,2,2
4186,2736,17:17:30,0,131.00,0,1.4000,0.2280,0.1000,0.0162,1,ACTIVE,5,2,2
4186,2737,17:18:00,0,52.00,0,1.5400,0.1920,0.1220,0.0412,1,ACTIVE,5,2,2
4186,2738,17:18:30,0,45.00,0,1.1800,0.1720,0.0880,0.0292,1,ACTIVE,5,2,2
4186,2739,17:19:00,0,127.00,0,0.3100,0.0679,0.0173,0.0059,1,ACTIVE,5,2,2
4186,2740,17:19:30,0,79.00,0,0.3100,0.0679,0.0173,0.0059,1,ACTIVE,5,2,2
4186,2741,17:20:00,0,47.00,0,0.0300,0.0099,0.0000,0.0059,1,ACTIVE,5,2,2
4186,2742,17:20:30,0,92.00,0,0.0800,0.0339,0.0000,0.0059,1,ACTIVE,5,2,2
4186,2743,17:21:00,0,127.00,0,0.4300,0.1220,0.0173,0.0059,1,ACTIVE,5,2,2
4186,2744,17:21:30,0,67.00,0,0.3400,0.0807,0.0173,0.0059,1,ACTIVE,5,2,2
4186,2745,17:22:00,0,109.00,0,0.2500,0.0431,0.0173,0.0059,1,ACTIVE,5,2,2
4186,2746,17:22:30,0,67.00,0,0.7200,0.1760,0.0378,0.0023,1,ACTIVE,5,2,2
4186,2747,17:23:00,0,95.00,0,0.3700,0.0939,0.0173,0.0059,1,ACTIVE,5,2,2
4186,2748,17:23:30,0,85.00,0,0.3200,0.0724,0.0173,0.0059,1,ACTIVE,5,2,2
4186,2749,17:24:00,0,85.00,0,0.2900,0.0596,0.0173,0.0059,1,ACTIVE,5,2,2
4186,2750,17:24:30,0,131.00,0,2.2000,0.2720,0.1760,0.0523,1,ACTIVE,5,2,2
4186,2751,17:25:00,0,131.00,0,9.1700,1.1300,0.7350,0.2050,1,ACTIVE,5,2,2
4186,2752,17:25:30,0,167.00,0,12.0800,1.4700,0.9750,0.2660,1,ACTIVE,5,2,2
4186,2753,17:26:00,0,266.00,0,14.7200,3.5700,0.7680,0.0900,1,ACTIVE,5,2,2
4186,2754,17:26:30,0,162.00,0,11.5300,1.7900,0.8370,0.2280,1,ACTIVE,5,2,2
4186,2755,17:27:00,0,191.00,0,3.4600,0.4770,0.2660,0.0756,1,ACTIVE,5,2,2
4186,2756,17:27:30,0,140.00,0,1.2600,0.2140,0.0880,0.0115,1,ACTIVE,5,2,2
4186,2757,17:28:00,0,122.00,0,5.1600,0.8200,0.3760,0.0535,1,ACTIVE,5,2,2
4186,2758,17:28:30,0,156.00,0,5.2800,0.8370,0.3840,0.0571,1,ACTIVE,5,2,2
4186,2759,17:29:00,0,106.00,0,8.0000,1.0900,0.6180,0.1690,1,ACTIVE,5,2,2
4186,2760,17:29:30,0,95.00,0,6.5900,1.2900,0.4190,0.0622,1,ACTIVE,5,2,2
4186,2761,17:30:00,0,140.00,0,3.8900,0.5920,0.2900,0.0395,1,ACTIVE,5,2,2
4186,2762,17:30:30,0,118.00,0,3.8000,0.4770,0.3030,0.0880,1,ACTIVE,5,2,2
4186,2763,17:31:00,0,63.00,0,3.5700,0.5670,0.2600,0.0395,1,ACTIVE,5,2,2
4186,2764,17:31:30,0,109.00,0,5.8000,1.1100,0.3760,0.0535,1,ACTIVE,5,2,2
4186,2765,17:32:00,0,106.00,0,7.4900,1.2900,0.5200,0.0773,1,ACTIVE,5,2,2
4186,2766,17:32:30,0,45.00,0,6.9100,1.1600,0.4870,0.0724,1,ACTIVE,5,2,2
4186,2767,17:33:00,0,33.00,0,6.1500,1.0200,0.4370,0.0622,1,ACTIVE,5,2,2
4186,2768,17:33:30,0,16.00,0,6.2000,1.0400,0.4370,0.0622,1,ACTIVE,5,2,2
4186,2769,17:34:00,0,18.00,0,5.0300,0.8560,0.3520,0.0480,1,ACTIVE,5,2,2
4186,2770,17:34:30,0,75.00,0,3.8900,0.5920,0.2900,0.0395,1,ACTIVE,5,2,2
4186,2771,17:35:00,0,106.00,0,4.7300,0.7200,0.3520,0.0480,1,ACTIVE,5,2,2
4186,2772,17:35:30,0,226.00,0,6.7200,1.3500,0.4190,0.0622,1,ACTIVE,5,2,2
4186,2773,17:36:00,0,131.00,0,5.3200,0.8560,0.3840,0.0571,1,ACTIVE,5,2,2
4186,2774,17:36:30,0,179.00,0,3.3500,0.5550,0.2380,0.0347,1,ACTIVE,5,2,2
4186,2775,17:37:00,0,218.00,0,2.7900,0.4010,0.2140,0.0298,1,ACTIVE,5,2,2
4186,2776,17:37:30,0,191.00,0,6.5500,0.7850,0.5310,0.1450,1,ACTIVE,5,2,2
4186,2777,17:38:00,0,162.00,0,3.2800,0.5200,0.2380,0.0347,1,ACTIVE,5,2,2
4186,2778,17:38:30,0,226.00,0,8.5400,2.3200,0.3840,0.0535,1,ACTIVE,5,2,2
4186,2779,17:39:00,0,162.00,0,5.2000,0.6320,0.4190,0.1220,1,ACTIVE,5,2,2
4186,2780,17:39:30,0,191.00,0,5.0700,1.5400,0.1880,0.0256,1,ACTIVE,5,2,2
4186,2781,17:40:00,0,79.00,0,23.7400,7.1500,0.8940,0.1000,1,ACTIVE,5,2,2
4186,2782,17:40:30,0,211.00,0,12.5400,3.3500,0.5790,0.0571,1,ACTIVE,5,2,2
4186,2783,17:41:00,0,156.00,0,14.6400,4.5400,0.5200,0.0535,1,ACTIVE,5,2,2
4186,2784,17:41:30,0,136.00,0,9.9700,2.7600,0.4370,0.0440,1,ACTIVE,5,2,2
4186,2785,17:42:00,0,118.00,0,23.7200,6.2800,1.1100,0.1140,1,ACTIVE,5,2,2
4186,2786,17:42:30,0,72.00,0,17.4400,5.0600,0.7040,0.0900,1,ACTIVE,5,2,2
4186,2787,17:43:00,0,249.00,0,29.9300,8.8800,1.1600,0.1390,1,ACTIVE,5,2,2
4186,2788,17:43:30,0,49.00,0,20.2600,6.1400,0.7510,0.0939,1,ACTIVE,5,2,2
4186,2789,17:44:00,0,36.00,0,21.7800,6.5600,0.8200,0.1000,1,ACTIVE,5,2,2
4186,2790,17:44:30,0,293.00,0,21.7700,6.0100,0.9540,0.1190,1,ACTIVE,5,2,2
4186,2791,17:45:00,0,284.00,0,8.1400,1.6700,0.4980,0.0724,1,ACTIVE,5,2,2
4186,2792,17:45:30,0,293.00,0,3.8100,0.6740,0.2600,0.0395,1,ACTIVE,5,2,2
4186,2793,17:46:00,0,122.00,0,0.7500,0.1220,0.0523,0.0173,1,ACTIVE,5,2,2
4186,2794,17:46:30,0,118.00,0,1.5000,0.2770,0.1000,0.0115,1,ACTIVE,5,2,2
4186,2795,17:47:00,0,89.00,0,0.9100,0.1610,0.0622,0.0070,1,ACTIVE,5,2,2
4186,2796,17:47:30,0,79.00,0,1.4800,0.2660,0.1000,0.0115,1,ACTIVE,5,2,2
4186,2797,17:48:00,0,95.00,0,2.7700,0.4980,0.1880,0.0256,1,ACTIVE,5,2,2
4186,2798,17:48:30,0,106.00,0,1.3100,0.1880,0.1000,0.0115,1,ACTIVE,5,2,2
4186,2799,17:49:00,0,106.00,0,0.7900,0.1070,0.0622,0.0070,1,ACTIVE,5,2,2
4186,2800,17:49:30,0,85.00,0,2.3800,0.3520,0.1760,0.0523,1,ACTIVE,5,2,2
4186,2801,17:50:00,0,150.00,0,1.3600,0.2600,0.0880,0.0115,1,ACTIVE,5,2,2
4186,2802,17:50:30,0,136.00,0,0.9800,0.1920,0.0622,0.0070,1,ACTIVE,5,2,2
4186,2803,17:51:00,0,131.00,0,0.3200,0.0724,0.0173,0.0059,1,ACTIVE,5,2,2
4186,2804,17:51:30,0,167.00,0,2.5000,0.4190,0.1760,0.0256,1,ACTIVE,5,2,2
4186,2805,17:52:00,0,257.00,0,10.0100,2.0400,0.6180,0.0900,1,ACTIVE,5,2,2
4186,2806,17:52:30,0,204.00,0,11.9000,3.0100,0.5920,0.0622,1,ACTIVE,5,2,2
4186,2807,17:53:00,0,211.00,0,0.5400,0.0939,0.0378,0.0023,1,ACTIVE,5,2,2
4186,2808,17:53:30,0,109.00,0,0.3100,0.0679,0.0173,0.0059,1,ACTIVE,5,2,2
4186,2809,17:54:00,0,75.00,0,1.7500,0.1840,0.1510,0.0162,1,ACTIVE,5,2,2
4186,2810,17:54:30,0,52.00,0,2.8800,0.2600,0.2600,0.0256,1,ACTIVE,5,2,2
4186,2811,17:55:00,0,70.00,0,0.6300,0.0679,0.0523,0.0173,1,ACTIVE,5,2,2
4186,2812,17:55:30,0,79.00,0,0.2500,0.0431,0.0173,0.0059,1,ACTIVE,5,2,2
4186,2813,17:56:00,0,65.00,0,2.1200,0.2000,0.1880,0.0256,1,ACTIVE,5,2,2
4186,2814,17:56:30,0,167.00,0,2.0400,0.2190,0.1760,0.0162,1,ACTIVE,5,2,2
4186,2815,17:57:00,0,162.00,0,0.9100,0.1610,0.0622,0.0070,1,ACTIVE,5,2,2
4186,2816,17:57:30,0,145.00,0,0.4200,0.1190,0.0173,0.0059,1,ACTIVE,5,2,2
4186,2817,17:58:00,0,191.00,0,1.4800,0.3160,0.0880,0.0115,1,ACTIVE,5,2,2
4186,2818,17:58:30,0,393.00,0,680.0300,28.6000,68.0000,19.4000,1,ACTIVE,5,2,2
4186,2819,17:59:00,0,184.00,0,8.0300,0.5920,0.7350,0.2600,1,ACTIVE,5,2,2
4186,2820,17:59:30,0,198.00,0,2.9200,0.3600,0.2380,0.0347,1,ACTIVE,5,2,2
4186,2821,18:00:00,0,136.00,0,2.5200,0.2770,0.2140,0.0298,1,ACTIVE,5,2,2
4186,2822,18:00:30,0,140.00,0,1.1600,0.1720,0.0880,0.0115,1,ACTIVE,5,2,2
4186,2823,18:01:00,0,173.00,0,1.4000,0.2280,0.1000,0.0115,1,ACTIVE,5,2,2
4186,2824,18:01:30,0,323.00,0,3.4600,0.4770,0.2660,0.0756,1,ACTIVE,5,2,2
4186,2825,18:02:00,0,346.00,0,1.6500,0.3920,0.0880,0.0115,1,ACTIVE,5,2,2
4186,2826,18:02:30,0,234.00,0,0.0500,0.0197,0.0000,0.0059,1,ACTIVE,5,2,2
4186,2827,18:03:00,0,99.00,0,0.2200,0.0981,0.0000,0.0059,1,ACTIVE,5,2,2
4186,2828,18:03:30,0,167.00,0,0.3400,0.1510,0.0000,0.0059,1,ACTIVE,5,2,2
4186,2829,18:04:00,0,145.00,0,0.2900,0.1270,0.0000,0.0059,1,ACTIVE,5,2,2
4186,2830,18:04:30,0,313.00,0,0.4500,0.2000,0.0000,0.0059,1,ACTIVE,5,2,2
4186,2831,18:05:00,0,113.00,0,0.0300,0.0099,0.0000,0.0059,1,ACTIVE,5,2,2
4186,2832,18:05:30,0,284.00,0,0.0400,0.0197,0.0000,0.0000,1,ACTIVE,5,2,2
4186,2833,18:06:00,0,162.00,0,0.3200,0.1420,0.0000,0.0059,1,ACTIVE,5,2,2
4186,2834,18:06:30,0,145.00,0,0.0300,0.0099,0.0000,0.0059,1,ACTIVE,5,2,2
4186,2835,18:07:00,0,393.00,0,0.8100,0.1190,0.0622,0.0023,1,ACTIVE,5,2,2
4186,2836,18:07:30,0,249.00,0,9.8800,1.2400,0.8020,0.1140,1,ACTIVE,5,2,2
4186,2837,18:08:00,0,266.00,0,7.3700,1.2400,0.5200,0.0773,1,ACTIVE,5,2,2
4186,2838,18:08:30,0,303.00,0,1.6300,0.1610,0.1390,0.0523,1,ACTIVE,5,2,2
4186,2839,18:09:00,0,150.00,0,13.0900,0.9540,1.2100,0.3520,1,ACTIVE,5,2,2
4186,2840,18:09:30,0,65.00,0,16.5700,1.9500,1.3800,0.1760,1,ACTIVE,5,2,2
4186,2841,18:10:00,0,9.00,0,2.4700,0.1070,0.2440,0.0880,1,ACTIVE,5,2,2
4186,2842,18:10:30,0,266.00,0,10.1700,1.5000,0.7680,0.1140,1,ACTIVE,5,2,2
4186,2843,18:11:00,0,82.00,0,12.1900,1.3200,1.0400,0.1550,1,ACTIVE,5,2,2
4186,2844,18:11:30,0,140.00,0,10.3300,0.7680,0.9540,0.2600,1,ACTIVE,5,2,2
4186,2845,18:12:00,0,89.00,0,10.8000,0.9540,0.9750,0.1420,1,ACTIVE,5,2,2
4186,2846,18:12:30,0,33.00,0,2.4900,0.1190,0.2440,0.0880,1,ACTIVE,5,2,2
4186,2847,18:13:00,0,26.00,0,4.0200,0.1510,0.4010,0.1580,1,ACTIVE,5,2,2
4186,2848,18:13:30,0,63.00,0,8.3700,0.9540,0.6890,0.2050,1,ACTIVE,5,2,2
4186,2849,18:14:00,0,45.00,0,10.8500,1.0600,0.9330,0.2960,1,ACTIVE,5,2,2
4186,2850,18:14:30,0,2.00,0,7.4500,0.1760,0.7680,0.3090,0,ACTIVE,5,2,2
4186,2851,18:15:00,0,15.00,0,8.6400,0.2900,0.8750,0.3090,1,ACTIVE,5,2,2
4186,2852,18:15:30,0,2.00,0,6.1000,0.1960,0.6180,0.2280,0,ACTIVE,5,2,2
4186,2853,18:16:00,0,7.00,0,8.5900,0.2600,0.8750,0.3300,1,ACTIVE,5,2,2
4186,2854,18:16:30,0,19.00,0,7.6400,0.2770,0.7680,0.2720,1,ACTIVE,5,2,2
4186,2855,18:17:00,0,19.00,0,9.1300,0.2490,0.9330,0.3760,1,ACTIVE,5,2,2
4186,2856,18:17:30,0,54.00,0,5.8600,0.3760,0.5550,0.1580,1,ACTIVE,5,2,2
4186,2857,18:18:00,0,275.00,0,6.4900,0.7040,0.5550,0.0679,1,ACTIVE,5,2,2
4186,2858,18:18:30,0,113.00,0,20.2800,1.6700,1.8300,0.5310,1,ACTIVE,5,2,2
4186,2859,18:19:00,0,102.00,0,12.9100,1.4700,1.0900,0.1360,1,ACTIVE,5,2,2
4186,2860,18:19:30,0,226.00,0,10.3100,0.8370,0.9330,0.2600,1,ACTIVE,5,2,2
4186,2861,18:20:00,0,156.00,0,2.4800,0.2600,0.2140,0.0298,1,ACTIVE,5,2,2
4186,2862,18:20:30,0,145.00,0,14.5300,4.3400,0.5550,0.0622,1,ACTIVE,5,2,2
4186,2863,18:21:00,0,198.00,0,89.5000,8.5000,7.8000,2.2200,1,ACTIVE,5,2,2
4186,2864,18:21:30,0,184.00,0,5.0000,0.4980,0.4370,0.0622,1,ACTIVE,5,2,2
4186,2865,18:22:00,0,99.00,0,12.0600,0.8940,1.1100,0.3300,1,ACTIVE,5,2,2
4186,2866,18:22:30,0,45.00,0,8.4200,0.9130,0.7200,0.0900,1,ACTIVE,5,2,2
4186,2867,18:23:00,0,85.00,0,11.4100,1.2400,0.9750,0.1270,1,ACTIVE,5,2,2
4186,2868,18:23:30,0,35.00,0,4.4000,0.4770,0.3760,0.0480,1,ACTIVE,5,2,2
4186,2869,18:24:00,0,31.00,0,5.7500,0.4190,0.5310,0.1580,1,ACTIVE,5,2,2
4186,2870,18:24:30,0,167.00,0,7.4500,0.7680,0.6460,0.0861,1,ACTIVE,5,2,2
4186,2871,18:25:00,0,179.00,0,5.6300,0.5790,0.4870,0.0724,1,ACTIVE,5,2,2
4186,2872,18:25:30,0,127.00,0,4.0700,0.4190,0.3520,0.0535,1,ACTIVE,5,2,2
4186,2873,18:26:00,0,72.00,0,12.1700,0.9540,1.1100,0.3090,1,ACTIVE,5,2,2
4186,2874,18:26:30,0,45.00,0,14.1000,1.0900,1.2900,0.3520,1,ACTIVE,5,2,2
4186,2875,18:27:00,0,79.00,0,15.8200,1.1100,1.4700,0.4470,1,ACTIVE,5,2,2
4186,2876,18:27:30,0,113.00,0,16.2500,1.1800,1.5000,0.4280,1,ACTIVE,5,2,2
4186,2877,18:28:00,0,43.00,0,13.5400,0.9330,1.2600,0.3760,1,ACTIVE,5,2,2
4186,2878,18:28:30,0,16.00,0,5.7500,0.4190,0.5310,0.1580,1,ACTIVE,5,2,2
4186,2879,18:29:00,0,211.00,0,7.1400,1.0400,0.5430,0.0807,1,ACTIVE,5,2,2
4186,2880,18:29:30,0,106.00,0,5.0500,0.5200,0.4370,0.0622,1,ACTIVE,5,2,2
4186,2881,18:30:00,0,118.00,0,5.6900,0.6180,0.4870,0.0535,1,ACTIVE,5,2,2
4186,2882,18:30:30,0,79.00,0,6.4900,0.3920,0.6180,0.1920,1,ACTIVE,5,2,2
4186,2883,18:31:00,0,204.00,0,5.9200,0.7200,0.4870,0.0571,1,ACTIVE,5,2,2
4186,2884,18:31:30,0,204.00,0,6.8100,0.6460,0.6050,0.0773,1,ACTIVE,5,2,2
4186,2885,18:32:00,0,191.00,0,4.5300,0.4370,0.4010,0.0440,1,ACTIVE,5,2,2
4186,2886,18:32:30,0,226.00,0,1.9800,0.1880,0.1760,0.0206,1,ACTIVE,5,2,2
4186,2887,18:33:00,0,241.00,0,1.7200,0.1720,0.1510,0.0162,1,ACTIVE,5,2,2
4186,2888,18:33:30,0,204.00,0,9.7300,1.3200,0.7510,0.2140,1,ACTIVE,5,2,2
4186,2889,18:34:00,0,140.00,0,7.7800,0.7510,0.6890,0.0807,1,ACTIVE,5,2,2
4186,2890,18:34:30,0,47.00,0,6.2500,0.6460,0.5430,0.0571,1,ACTIVE,5,2,2
4186,2891,18:35:00,0,82.00,0,4.8400,0.4670,0.4280,0.0535,1,ACTIVE,5,2,2
4186,2892,18:35:30,0,58.00,0,5.9700,0.6180,0.5200,0.0480,1,ACTIVE,5,2,2
4186,2893,18:36:00,0,85.00,0,9.7100,0.9540,0.8560,0.0939,1,ACTIVE,5,2,2
4186,2894,18:36:30,0,79.00,0,13.8500,1.4100,1.2100,0.1270,1,ACTIVE,5,2,2
4186,2895,18:37:00,0,218.00,0,8.2700,0.7850,0.7350,0.0900,1,ACTIVE,5,2,2
4186,2896,18:37:30,0,0.00,0,6.0900,0.5200,0.5550,0.0773,1,ACTIVE,5,2,2
4186,2897,18:38:00,0,25.00,0,1.9800,0.1840,0.1760,0.0256,1,ACTIVE,5,2,2
4186,2898,18:38:30,0,7.00,0,1.4400,0.1510,0.1240,0.0162,1,ACTIVE,5,2,2
4186,2899,18:39:00,0,12.00,0,2.6600,0.2440,0.2380,0.0347,1,ACTIVE,5,2,2
4186,2900,18:39:30,0,150.00,0,9.2700,1.2900,0.7200,0.1000,1,ACTIVE,5,2,2
4186,2901,18:40:00,0,47.00,0,12.6700,1.1800,1.1100,0.3090,1,ACTIVE,5,2,2
4186,2902,18:40:30,0,75.00,0,19.4200,1.2900,1.8300,0.5200,1,ACTIVE,5,2,2
4186,2903,18:41:00,0,35.00,0,7.1200,0.6740,0.6320,0.0900,1,ACTIVE,5,2,2
4186,2904,18:41:30,0,95.00,0,11.2500,1.1600,0.9750,0.1420,1,ACTIVE,5,2,2
4186,2905,18:42:00,0,75.00,0,10.7100,1.1600,0.9130,0.1360,1,ACTIVE,5,2,2
4186,2906,18:42:30,0,6.00,0,0.0200,0.0049,0.0000,0.0059,1,ACTIVE,5,2,2
4186,2907,18:43:00,0,167.00,0,3.2000,0.8370,0.1510,0.0206,1,ACTIVE,5,2,2
4186,2908,18:43:30,0,241.00,0,16.3100,1.6000,1.4100,0.3920,1,ACTIVE,5,2,2
4186,2909,18:44:00,0,140.00,0,8.9800,0.9750,0.7510,0.2280,1,ACTIVE,5,2,2
4186,2910,18:44:30,0,204.00,0,13.1300,0.9750,1.2100,0.3450,1,ACTIVE,5,2,2
4186,2911,18:45:00,0,524.00,0,12.2500,1.3500,1.0400,0.1510,1,ACTIVE,5,2,2
4186,2912,18:45:30,0,303.00,0,11.4800,1.3500,0.9540,0.1360,1,ACTIVE,5,2,2
4186,2913,18:46:00,0,313.00,0,14.2100,1.4700,1.2100,0.3300,1,ACTIVE,5,2,2
4186,2914,18:46:30,0,524.00,0,12.6000,1.5000,1.0400,0.1510,1,ACTIVE,5,2,2
4186,2915,18:47:00,0,636.00,0,6.3700,0.6460,0.5550,0.0773,1,ACTIVE,5,2,2
4186,2916,18:47:30,0,140.00,0,12.2900,1.1100,1.0900,0.2960,1,ACTIVE,5,2,2
4186,2917,18:48:00,0,145.00,0,15.4800,1.3500,1.3800,0.3920,1,ACTIVE,5,2,2
4186,2918,18:48:30,0,447.00,0,6.1700,0.9130,0.4670,0.0622,1,ACTIVE,5,2,2
4186,2919,18:49:00,0,284.00,0,17.0300,1.2600,1.5700,0.4470,1,ACTIVE,5,2,2
4186,2920,18:49:30,0,113.00,0,8.6400,0.9540,0.7350,0.0861,1,ACTIVE,5,2,2
4186,2921,18:50:00,0,184.00,0,11.1700,0.6890,1.0600,0.3090,1,ACTIVE,5,2,2
4186,2922,18:50:30,0,75.00,0,8.2900,0.7850,0.7350,0.1090,1,ACTIVE,5,2,2
4186,2923,18:51:00,0,313.00,0,3.0400,0.3300,0.2600,0.0298,1,ACTIVE,5,2,2
4186,2924,18:51:30,0,191.00,0,4.4300,0.3920,0.4010,0.0480,1,ACTIVE,5,2,2
4186,2925,18:52:00,0,145.00,0,5.6300,0.5920,0.4870,0.0535,1,ACTIVE,5,2,2
4186,2926,18:52:30,0,67.00,0,6.7600,0.6180,0.6050,0.0861,1,ACTIVE,5,2,2
4186,2927,18:53:00,0,145.00,0,8.3900,0.8370,0.7350,0.0861,1,ACTIVE,5,2,2
4186,2928,18:53:30,0,118.00,0,9.2300,0.9540,0.8020,0.0861,1,ACTIVE,5,2,2
4186,2929,18:54:00,0,198.00,0,14.9800,1.5700,1.2900,0.1840,1,ACTIVE,5,2,2
4186,2930,18:54:30,0,99.00,0,11.5500,1.3800,0.9540,0.1360,1,ACTIVE,5,2,2
4186,2931,18:55:00,0,56.00,0,7.6200,1.2600,0.5310,0.1580,1,ACTIVE,5,2,2
4186,2932,18:55:30,0,36.00,0,4.0900,0.2000,0.4010,0.1220,1,ACTIVE,5,2,2
4186,2933,18:56:00,0,25.00,0,8.8900,1.0200,0.7510,0.0535,1,ACTIVE,5,2,2
4186,2934,18:56:30,0,79.00,0,8.4600,0.8750,0.7350,0.0807,1,ACTIVE,5,2,2
4186,2935,18:57:00,0,72.00,0,6.8400,0.6600,0.6050,0.0773,1,ACTIVE,5,2,2
4186,2936,18:57:30,0,204.00,0,10.0800,0.8750,0.9130,0.1330,1,ACTIVE,5,2,2
4186,2937,18:58:00,0,82.00,0,9.7600,0.9750,0.8560,0.1050,1,ACTIVE,5,2,2
4186,2938,18:58:30,0,293.00,0,5.2600,0.4980,0.4670,0.0622,1,ACTIVE,5,2,2
4186,2939,18:59:00,0,211.00,0,4.9500,0.4870,0.4370,0.0440,1,ACTIVE,5,2,2
4186,2940,18:59:30,0,113.00,0,6.3500,0.6460,0.5550,0.0571,1,ACTIVE,5,2,2
4186,2941,19:00:00,0,36.00,0,5.4200,0.5790,0.4670,0.0480,1,ACTIVE,5,2,2
4186,2942,19:00:30,0,95.00,0,13.7100,0.9130,1.2900,0.3520,1,ACTIVE,5,2,2
4186,2943,19:01:00,0,10.00,0,5.5400,0.5430,0.4870,0.0679,1,ACTIVE,5,2,2
4186,2944,19:01:30,0,131.00,0,8.5700,0.9330,0.7350,0.0622,1,ACTIVE,5,2,2
4186,2945,19:02:00,0,122.00,0,22.3300,1.9500,1.9900,0.5310,1,ACTIVE,5,2,2
4186,2946,19:02:30,0,92.00,0,7.5700,0.8370,0.6460,0.0571,1,ACTIVE,5,2,2
4186,2947,19:03:00,0,52.00,0,7.0400,0.6460,0.6320,0.0679,1,ACTIVE,5,2,2
4186,2948,19:03:30,0,92.00,0,12.7300,1.3800,1.0900,0.1550,1,ACTIVE,5,2,2
4186,2949,19:04:00,0,36.00,0,11.6000,1.2600,0.9960,0.0807,1,ACTIVE,5,2,2
4186,2950,19:04:30,0,85.00,0,12.6700,1.1600,1.1300,0.1610,1,ACTIVE,5,2,2
4186,2951,19:05:00,0,58.00,0,13.4800,1.5400,1.1300,0.1420,1,ACTIVE,5,2,2
4186,2952,19:05:30,0,173.00,0,8.6200,0.9960,0.7200,0.1050,1,ACTIVE,5,2,2
4186,2953,19:06:00,0,303.00,0,6.4700,0.3840,0.6180,0.1920,1,ACTIVE,5,2,2
4186,2954,19:06:30,0,218.00,0,12.1000,1.7100,0.9330,0.1360,1,ACTIVE,5,2,2
4186,2955,19:07:00,0,173.00,0,14.5400,0.9330,1.3800,0.3760,1,ACTIVE,5,2,2
4186,2956,19:07:30,0,113.00,0,11.4900,0.7350,1.0900,0.3230,1,ACTIVE,5,2,2
4186,2957,19:08:00,0,140.00,0,9.9800,1.0900,0.8560,0.0773,1,ACTIVE,5,2,2
4186,2958,19:08:30,0,145.00,0,10.7500,1.1800,0.9130,0.1190,1,ACTIVE,5,2,2
4186,2959,19:09:00,0,79.00,0,21.7400,1.6700,1.9900,0.5430,1,ACTIVE,5,2,2
4186,2960,19:09:30,0,184.00,0,8.0500,1.4100,0.5550,0.0724,1,ACTIVE,5,2,2
4186,2961,19:10:00,0,162.00,0,15.3000,1.0200,1.4400,0.4100,1,ACTIVE,5,2,2
4186,2962,19:10:30,0,191.00,0,11.9300,0.8200,1.1100,0.3680,1,ACTIVE,5,2,2
4186,2963,19:11:00,0,72.00,0,12.7700,0.8200,1.2100,0.3300,1,ACTIVE,5,2,2
4186,2964,19:11:30,0,95.00,0,9.5600,0.9540,0.8370,0.1050,1,ACTIVE,5,2,2
4186,2965,19:12:00,0,89.00,0,8.9700,0.9750,0.7680,0.0807,1,ACTIVE,5,2,2
4186,2966,19:12:30,0,102.00,0,17.0600,1.7900,1.4700,0.2090,1,ACTIVE,5,2,2
4186,2967,19:13:00,0,99.00,0,11.0300,1.2600,0.9330,0.0535,1,ACTIVE,5,2,2
4186,2968,19:13:30,0,198.00,0,6.5800,0.6460,0.5790,0.0679,1,ACTIVE,5,2,2
4186,2969,19:14:00,0,275.00,0,6.7900,0.4190,0.6460,0.1920,1,ACTIVE,5,2,2
4186,2970,19:14:30,0,72.00,0,11.9000,0.6050,1.1600,0.3760,1,ACTIVE,5,2,2
4186,2971,19:15:00,0,118.00,0,10.2700,0.5430,0.9960,0.3230,1,ACTIVE,5,2,2
4186,2972,19:15:30,0,136.00,0,10.8700,0.6460,1.0400,0.3090,1,ACTIVE,5,2,2
4186,2973,19:16:00,0,173.00,0,10.4000,1.1100,0.8940,0.1090,1,ACTIVE,5,2,2
4186,2974,19:16:30,0,79.00,0,15.8000,1.8300,1.3200,0.1880,1,ACTIVE,5,2,2
4186,2975,19:17:00,0,122.00,0,19.8900,1.5000,1.8300,0.5200,1,ACTIVE,5,2,2
4186,2976,19:17:30,0,85.00,0,18.8700,1.3500,1.7500,0.5200,1,ACTIVE,5,2,2
4186,2977,19:18:00,0,45.00,0,6.6500,0.4770,0.6180,0.1690,1,ACTIVE,5,2,2
4186,2978,19:18:30,0,65.00,0,12.3800,1.2400,1.0600,0.3090,1,ACTIVE,5,2,2
4186,2979,19:19:00,0,122.00,0,18.1100,2.1300,1.5000,0.2230,1,ACTIVE,5,2,2
4186,2980,19:19:30,0,131.00,0,8.3900,0.7680,0.7510,0.1050,1,ACTIVE,5,2,2
4186,2981,19:20:00,0,7.00,0,8.5800,0.5920,0.8020,0.2280,1,ACTIVE,5,2,2
4186,2982,19:20:30,0,67.00,0,15.5000,0.9750,1.4700,0.4280,1,ACTIVE,5,2,2
4186,2983,19:21:00,0,28.00,0,8.2200,0.7510,0.7350,0.1050,1,ACTIVE,5,2,2
4186,2984,19:21:30,0,29.00,0,8.0400,0.8750,0.6890,0.0679,1,ACTIVE,5,2,2
4186,2985,19:22:00,0,30.00,0,8.8200,0.8940,0.7680,0.1050,1,ACTIVE,5,2,2
4186,2986,19:22:30,0,113.00,0,7.6300,0.8020,0.6600,0.0679,1,ACTIVE,5,2,2
4186,2987,19:23:00,0,106.00,0,8.4700,0.9540,0.7200,0.0571,1,ACTIVE,5,2,2
4186,2988,19:23:30,0,284.00,0,6.6200,0.6600,0.5790,0.0773,1,ACTIVE,5,2,2
4186,2989,19:24:00,0,145.00,0,7.6500,0.5090,0.7200,0.2050,1,ACTIVE,5,2,2
4186,2990,19:24:30,0,56.00,0,11.0400,0.7350,1.0400,0.2840,1,ACTIVE,5,2,2
4186,2991,19:25:00,0,122.00,0,8.6700,0.8940,0.7510,0.1000,1,ACTIVE,5,2,2
4186,2992,19:25:30,0,140.00,0,9.2700,0.9750,0.8020,0.0807,1,ACTIVE,5,2,2
4186,2993,19:26:00,0,49.00,0,6.3600,0.7040,0.5430,0.0395,1,ACTIVE,5,2,2
4186,2994,19:26:30,0,122.00,0,8.1000,1.0200,0.6600,0.0679,1,ACTIVE,5,2,2
4186,2995,19:27:00,0,122.00,0,11.7500,1.2400,0.9960,0.2720,1,ACTIVE,5,2,2
4186,2996,19:27:30,0,131.00,0,8.0100,0.4670,0.7680,0.2280,1,ACTIVE,5,2,2
4186,2997,19:28:00,0,25.00,0,7.1900,0.7040,0.6320,0.0900,1,ACTIVE,5,2,2
4186,2998,19:28:30,0,82.00,0,6.5900,0.8020,0.5430,0.0535,1,ACTIVE,5,2,2
4186,2999,19:29:00,0,191.00,0,11.0000,1.3800,0.8940,0.1190,1,ACTIVE,5,2,2
4186,3000,19:29:30,0,113.00,0,9.4000,0.8750,0.8370,0.1190,1,ACTIVE,5,2,2
4186,3001,19:30:00,0,49.00,0,10.7300,0.7680,0.9960,0.2840,1,ACTIVE,5,2,2
4186,3002,19:30:30,0,40.00,0,0.0100,0.0049,0.0000,0.0000,1,ACTIVE,5,2,2
4186,3003,19:31:00,0,346.00,0,11.1300,1.3500,0.9130,0.1360,1,ACTIVE,5,2,2
4186,3004,19:31:30,0,191.00,0,14.6400,1.0900,1.3500,0.3920,1,ACTIVE,5,2,2
4186,3005,19:32:00,0,198.00,0,11.9100,0.8370,1.1100,0.3090,1,ACTIVE,5,2,2
4186,3006,19:32:30,0,140.00,0,9.2000,0.4670,0.8940,0.3090,1,ACTIVE,5,2,2
4186,3007,19:33:00,0,79.00,0,12.6700,0.7680,1.2100,0.3450,1,ACTIVE,5,2,2
4186,3008,19:33:30,0,47.00,0,9.3400,0.8560,0.8370,0.1050,1,ACTIVE,5,2,2
4186,3009,19:34:00,0,33.00,0,9.1400,0.9130,0.8020,0.0900,1,ACTIVE,5,2,2
4186,3010,19:34:30,0,102.00,0,13.2700,1.4400,1.1300,0.1450,1,ACTIVE,5,2,2
4186,3011,19:35:00,0,204.00,0,2.9200,0.2770,0.2600,0.0298,1,ACTIVE,5,2,2
4186,3012,19:35:30,0,249.00,0,3.6500,0.2660,0.3370,0.0981,1,ACTIVE,5,2,2
4186,3013,19:36:00,0,145.00,0,3.1900,0.2720,0.2900,0.0440,1,ACTIVE,5,2,2
4186,3014,19:36:30,0,85.00,0,8.7100,1.1600,0.6890,0.1000,1,ACTIVE,5,2,2
4186,3015,19:37:00,0,34.00,0,13.8300,0.8560,1.3200,0.3520,1,ACTIVE,5,2,2
4186,3016,19:37:30,0,70.00,0,8.8900,0.5790,0.8370,0.2490,1,ACTIVE,5,2,2
4186,3017,19:38:00,0,85.00,0,12.1900,1.1300,1.0900,0.1550,1,ACTIVE,5,2,2
4186,3018,19:38:30,0,36.00,0,14.4000,1.5400,1.2400,0.1580,1,ACTIVE,5,2,2
4186,3019,19:39:00,0,162.00,0,11.4200,1.2400,0.9750,0.1420,1,ACTIVE,5,2,2
4186,3020,19:39:30,0,15.00,0,7.6400,0.3450,0.7510,0.2720,1,ACTIVE,5,2,2
4186,3021,19:40:00,0,11.00,0,5.5400,0.1880,0.5550,0.2380,1,ACTIVE,5,2,2
4186,3022,19:40:30,0,179.00,0,6.4900,0.3840,0.6180,0.2050,1,ACTIVE,5,2,2
4186,3023,19:41:00,0,106.00,0,8.1300,0.5310,0.7680,0.2140,1,ACTIVE,5,2,2
4186,3024,19:41:30,0,257.00,0,4.0200,0.4100,0.3520,0.0256,1,ACTIVE,5,2,2
4186,3025,19:42:00,0,204.00,0,4.5100,0.5310,0.3760,0.0440,1,ACTIVE,5,2,2
4186,3026,19:42:30,0,179.00,0,8.7200,0.5090,0.8370,0.2380,1,ACTIVE,5,2,2
4186,3027,19:43:00,0,140.00,0,6.8200,0.6460,0.6050,0.0861,1,ACTIVE,5,2,2
4186,3028,19:43:30,0,118.00,0,7.4100,0.6890,0.6600,0.0939,1,ACTIVE,5,2,2
4186,3029,19:44:00,0,85.00,0,10.5700,1.0200,0.9330,0.1360,1,ACTIVE,5,2,2
4186,3030,19:44:30,0,89.00,0,10.4300,1.0400,0.9130,0.1220,1,ACTIVE,5,2,2
4186,3031,19:45:00,0,27.00,0,10.5400,1.0900,0.9130,0.1330,1,ACTIVE,5,2,2
4186,3032,19:45:30,0,7.00,0,9.6200,0.9750,0.8370,0.1190,1,ACTIVE,5,2,2
4186,3033,19:46:00,0,12.00,0,9.7800,0.9750,0.8560,0.1220,1,ACTIVE,5,2,2
4186,3034,19:46:30,0,40.00,0,9.8800,1.0200,0.8560,0.1220,1,ACTIVE,5,2,2
4186,3035,19:47:00,0,36.00,0,11.2500,1.1600,0.9750,0.1420,1,ACTIVE,5,2,2
4186,3036,19:47:30,0,20.00,0,10.9500,1.1100,0.9540,0.1360,1,ACTIVE,5,2,2
4186,3037,19:48:00,0,33.00,0,11.5000,1.1800,0.9960,0.1450,1,ACTIVE,5,2,2
4186,3038,19:48:30,0,27.00,0,11.8900,1.1800,1.0400,0.1510,1,ACTIVE,5,2,2
4186,3039,19:49:00,0,33.00,0,11.5000,1.1800,0.9960,0.1450,1,ACTIVE,5,2,2
4186,3040,19:49:30,0,26.00,0,11.4400,1.1600,0.9960,0.1450,1,ACTIVE,5,2,2
4186,3041,19:50:00,0,43.00,0,16.5800,1.2100,1.5400,0.4190,1,ACTIVE,5,2,2
4186,3042,19:50:30,0,52.00,0,9.4500,0.8200,0.8560,0.1270,1,ACTIVE,5,2,2
4186,3043,19:51:00,0,18.00,0,10.2700,1.0400,0.8940,0.1330,1,ACTIVE,5,2,2
4186,3044,19:51:30,0,17.00,0,9.7800,0.9750,0.8560,0.1190,1,ACTIVE,5,2,2
4186,3045,19:52:00,0,33.00,0,10.9500,1.1100,0.9540,0.1360,1,ACTIVE,5,2,2
4186,3046,19:52:30,0,13.00,0,17.8900,1.3800,1.6400,0.4470,1,ACTIVE,5,2,2
4186,3047,19:53:00,0,29.00,0,17.4900,1.3500,1.6000,0.4280,1,ACTIVE,5,2,2
4186,3048,19:53:30,0,113.00,0,12.4800,1.2600,1.0900,0.1580,1,ACTIVE,5,2,2
4186,3049,19:54:00,0,20.00,0,11.8400,1.1600,1.0400,0.1510,1,ACTIVE,5,2,2
4186,3050,19:54:30,0,6.00,0,10.4400,1.0400,0.9130,0.1330,1,ACTIVE,5,2,2
4186,3051,19:55:00,0,6.00,0,10.1700,0.9960,0.8940,0.1270,0,ACTIVE,5,2,2
4186,3052,19:55:30,0,21.00,0,10.9000,1.0900,0.9540,0.1360,1,ACTIVE,5,2,2
4186,3053,19:56:00,0,16.00,0,10.4400,1.0400,0.9130,0.1330,1,ACTIVE,5,2,2
4186,3054,19:56:30,0,29.00,0,9.7900,0.9750,0.8560,0.1270,1,ACTIVE,5,2,2
4186,3055,19:57:00,0,25.00,0,9.7400,0.9540,0.8560,0.1220,1,ACTIVE,5,2,2
4186,3056,19:57:30,0,13.00,0,10.3900,1.0200,0.9130,0.1270,1,ACTIVE,5,2,2
4186,3057,19:58:00,0,12.00,0,11.7300,1.1100,1.0400,0.1510,1,ACTIVE,5,2,2
4186,3058,19:58:30,0,26.00,0,11.1400,1.1100,0.9750,0.1420,1,ACTIVE,5,2,2
4186,3059,19:59:00,0,19.00,0,10.6700,1.0600,0.9330,0.1360,1,ACTIVE,5,2,2
4186,3060,19:59:30,0,8.00,0,10.9600,1.1100,0.9540,0.1420,0,ACTIVE,5,2,2
4186,3061,20:00:00,0,6.00,0,8.8700,0.9130,0.7680,0.1140,0,ACTIVE,5,2,2
4186,3062,20:00:30,0,9.00,0,8.6300,0.8750,0.7510,0.1090,0,ACTIVE,5,2,2
4186,3063,20:01:00,0,21.00,0,10.7200,1.0900,0.9330,0.1360,1,ACTIVE,5,2,2
4186,3064,20:01:30,0,16.00,0,12.4800,1.2600,1.0900,0.1580,1,ACTIVE,5,2,2
4186,3065,20:02:00,0,8.00,0,11.2000,1.1300,0.9750,0.1450,0,ACTIVE,5,2,2
4186,3066,20:02:30,0,19.00,0,10.6200,1.0400,0.9330,0.1330,1,ACTIVE,5,2,2
4186,3067,20:03:00,0,38.00,0,11.7000,0.8370,1.0900,0.3090,1,ACTIVE,5,2,2
4186,3068,20:03:30,0,11.00,0,7.9900,0.5310,0.7510,0.2140,1,ACTIVE,5,2,2
4186,3069,20:04:00,0,82.00,0,6.8500,0.6600,0.6050,0.0861,1,ACTIVE,5,2,2
4186,3070,20:04:30,0,75.00,0,11.2800,1.2600,0.9540,0.1270,1,ACTIVE,5,2,2
4186,3071,20:05:00,0,173.00,0,9.6400,0.9130,0.8560,0.1140,1,ACTIVE,5,2,2
4186,3072,20:05:30,0,30.00,0,3.6600,0.3230,0.3300,0.0480,1,ACTIVE,5,2,2
4186,3073,20:06:00,0,0.00,0,0.0300,0.0099,0.0000,0.0059,1,ACTIVE,5,2,2
4186,3074,20:06:30,0,0.00,0,0.0200,0.0049,0.0000,0.0059,0,ACTIVE,5,2,2
4186,3075,20:07:00,0,0.00,0,0.0300,0.0099,0.0000,0.0059,0,ACTIVE,5,2,2
4186,3076,20:07:30,0,1.00,0,0.1700,0.0042,0.0173,0.0059,0,ACTIVE,5,2,2
4186,3077,20:08:00,0,9.00,0,0.0200,0.0049,0.0000,0.0059,0,ACTIVE,5,2,2
4186,3078,20:08:30,0,40.00,0,0.2200,0.0298,0.0173,0.0059,1,ACTIVE,5,2,2
4186,3079,20:09:00,0,1.00,0,0.4700,0.0596,0.0378,0.0023,1,ACTIVE,5,2,2
4186,3080,20:09:30,0,67.00,0,4.2800,0.9750,0.2380,0.0347,1,ACTIVE,5,2,2
4186,3081,20:10:00,0,26.00,0,5.4400,1.0400,0.3520,0.0535,1,ACTIVE,5,2,2
4186,3082,20:10:30,0,241.00,0,6.8400,0.4470,0.6460,0.1800,1,ACTIVE,5,2,2
4186,3083,20:11:00,0,45.00,0,12.7000,0.7680,1.2100,0.3680,1,ACTIVE,5,2,2
4186,3084,20:11:30,0,140.00,0,9.9200,0.8020,0.9130,0.1330,1,ACTIVE,5,2,2
4186,3085,20:12:00,0,49.00,0,10.1500,0.9130,0.9130,0.1220,1,ACTIVE,5,2,2
4186,3086,20:12:30,0,102.00,0,6.7400,0.7200,0.5790,0.0724,1,ACTIVE,5,2,2
4186,3087,20:13:00,0,40.00,0,22.2500,2.0800,1.9500,0.5310,1,ACTIVE,5,2,2
4186,3088,20:13:30,0,150.00,0,7.6400,1.0200,0.6050,0.0861,1,ACTIVE,5,2,2
4186,3089,20:14:00,0,303.00,0,7.0900,0.6600,0.6320,0.0861,1,ACTIVE,5,2,2
4186,3090,20:14:30,0,72.00,0,11.8800,0.9960,1.0900,0.1550,1,ACTIVE,5,2,2
4186,3091,20:15:00,0,31.00,0,13.4700,1.1100,1.2400,0.1720,1,ACTIVE,5,2,2
4186,3092,20:15:30,0,65.00,0,12.7200,1.0900,1.1600,0.1510,1,ACTIVE,5,2,2
4186,3093,20:16:00,0,293.00,0,11.8200,1.6700,0.9130,0.1090,1,ACTIVE,5,2,2
4186,3094,20:16:30,0,323.00,0,5.2600,0.4980,0.4670,0.0679,1,ACTIVE,5,2,2
4186,3095,20:17:00,0,131.00,0,16.7900,1.4400,1.5000,0.4100,1,ACTIVE,5,2,2
4186,3096,20:17:30,0,150.00,0,5.7300,0.6320,0.4870,0.0571,1,ACTIVE,5,2,2
4186,3097,20:18:00,0,21.00,0,8.3200,0.5920,0.7680,0.2600,1,ACTIVE,5,2,2
4186,3098,20:18:30,0,15.00,0,8.0600,0.5550,0.7510,0.2280,1,ACTIVE,5,2,2
4186,3099,20:19:00,0,79.00,0,15.7300,1.5700,1.3500,0.4100,1,ACTIVE,5,2,2
4186,3100,20:19:30,0,72.00,0,22.3800,1.9500,1.9900,0.5790,1,ACTIVE,5,2,2
4186,3101,20:20:00,0,29.00,0,21.5600,1.4100,2.0400,0.5670,1,ACTIVE,5,2,2
4186,3102,20:20:30,0,9.00,0,10.6900,0.5550,1.0400,0.3230,1,ACTIVE,5,2,2
4186,3103,20:21:00,0,52.00,0,13.0000,1.3200,1.1100,0.3300,1,ACTIVE,5,2,2
4186,3104,20:21:30,0,150.00,0,8.7900,0.5430,0.8370,0.2380,1,ACTIVE,5,2,2
4186,3105,20:22:00,0,72.00,0,14.4700,1.2400,1.2900,0.3920,1,ACTIVE,5,2,2
4186,3106,20:22:30,0,89.00,0,5.5400,0.3230,0.5310,0.1580,1,ACTIVE,5,2,2
4186,3107,20:23:00,0,118.00,0,1.8300,0.2230,0.1510,0.0115,1,ACTIVE,5,2,2
4186,3108,20:23:30,0,47.00,0,0.2600,0.0470,0.0173,0.0059,1,ACTIVE,5,2,2
4186,3109,20:24:00,0,89.00,0,0.2100,0.0215,0.0173,0.0059,1,ACTIVE,5,2,2
4186,3110,20:24:30,0,30.00,0,0.2500,0.0431,0.0173,0.0059,1,ACTIVE,5,2,2
4186,3111,20:25:00,0,0.00,0,0.2500,0.0431,0.0173,0.0059,0,ACTIVE,5,2,2
4186,3112,20:25:30,0,0.00,0,0.2500,0.0431,0.0173,0.0059,0,ACTIVE,5,2,2
4186,3113,20:26:00,0,0.00,0,0.2500,0.0431,0.0173,0.0059,0,ACTIVE,5,2,2
4186,3114,20:26:30,0,0.00,0,0.2500,0.0431,0.0173,0.0059,0,ACTIVE,5,2,2
4186,3115,20:27:00,0,0.00,0,0.2500,0.0431,0.0173,0.0059,0,ACTIVE,5,2,2
4186,3116,20:27:30,0,6.00,0,0.2000,0.0431,0.0125,0.0000,0,ACTIVE,5,2,2
4186,3117,20:28:00,0,0.00,0,0.2600,0.0470,0.0173,0.0059,0,ACTIVE,5,2,2
4186,3118,20:28:30,0,19.00,0,0.2500,0.0431,0.0173,0.0059,1,ACTIVE,5,2,2
4186,3119,20:29:00,0,27.00,0,0.2500,0.0431,0.0173,0.0059,1,ACTIVE,5,2,2
4186,3120,20:29:30,0,15.00,0,0.2500,0.0431,0.0173,0.0059,1,ACTIVE,5,2,2
4186,3121,20:30:00,0,0.00,0,0.2500,0.0431,0.0173,0.0059,0,ACTIVE,5,2,2
4186,3122,20:30:30,0,131.00,0,0.2500,0.0431,0.0173,0.0059,1,ACTIVE,5,2,2
4186,3123,20:31:00,0,0.00,0,0.2800,0.0559,0.0173,0.0059,0,ACTIVE,5,2,2
4186,3124,20:31:30,0,0.00,0,0.4300,0.0431,0.0378,0.0023,0,ACTIVE,5,2,2
4186,3125,20:32:00,0,0.00,0,0.2800,0.0559,0.0173,0.0059,0,ACTIVE,5,2,2
4186,3126,20:32:30,0,0.00,0,0.2800,0.0559,0.0173,0.0059,0,ACTIVE,5,2,2
4186,3127,20:33:00,0,0.00,0,0.4700,0.0596,0.0378,0.0023,0,ACTIVE,5,2,2
4186,3128,20:33:30,0,0.00,0,0.5100,0.0807,0.0378,0.0023,0,ACTIVE,5,2,2
4186,3129,20:34:00,0,0.00,0,0.5100,0.0807,0.0378,0.0023,0,ACTIVE,5,2,2
4186,3130,20:34:30,0,0.00,0,0.4900,0.0724,0.0378,0.0023,0,ACTIVE,5,2,2
4186,3131,20:35:00,0,0.00,0,0.3100,0.0679,0.0173,0.0059,0,ACTIVE,5,2,2
4186,3132,20:35:30,0,0.00,0,0.4900,0.0724,0.0378,0.0023,0,ACTIVE,5,2,2
4186,3133,20:36:00,0,0.00,0,0.4700,0.0596,0.0378,0.0023,0,ACTIVE,5,2,2
4186,3134,20:36:30,0,0.00,0,0.2800,0.0559,0.0173,0.0059,0,ACTIVE,5,2,2
4186,3135,20:37:00,0,0.00,0,0.2900,0.0596,0.0173,0.0059,0,ACTIVE,5,2,2
4186,3136,20:37:30,0,1.00,0,0.5200,0.0861,0.0378,0.0023,1,ACTIVE,5,2,2
4186,3137,20:38:00,0,0.00,0,0.7600,0.0939,0.0622,0.0023,1,ACTIVE,5,2,2
4186,3138,20:38:30,0,167.00,0,1.1900,0.1330,0.1000,0.0162,1,ACTIVE,5,2,2
4186,3139,20:39:00,0,191.00,0,1.8500,0.2280,0.1510,0.0206,1,ACTIVE,5,2,2
4186,3140,20:39:30,0,393.00,0,0.2100,0.0215,0.0173,0.0059,1,ACTIVE,5,2,2
4186,3141,20:40:00,0,198.00,0,0.5100,0.0807,0.0378,0.0023,1,ACTIVE,5,2,2
4186,3142,20:40:30,0,131.00,0,4.8700,0.5920,0.4010,0.0440,1,ACTIVE,5,2,2
4186,3143,20:41:00,0,75.00,0,6.8300,0.4190,0.6460,0.2280,1,ACTIVE,5,2,2
4186,3144,20:41:30,0,211.00,0,4.5000,0.4190,0.4010,0.0571,1,ACTIVE,5,2,2
4186,3145,20:42:00,0,1.00,0,6.3800,0.3920,0.6050,0.1920,1,ACTIVE,5,2,2
4186,3146,20:42:30,0,0.00,0,5.7100,0.3920,0.5310,0.1690,1,ACTIVE,5,2,2
4186,3147,20:43:00,0,0.00,0,6.4200,0.4190,0.6050,0.1800,0,ACTIVE,5,2,2
4186,3148,20:43:30,0,0.00,0,6.4000,0.4010,0.6050,0.1920,0,ACTIVE,5,2,2
4186,3149,20:44:00,0,131.00,0,3.0800,0.3450,0.2600,0.0347,1,ACTIVE,5,2,2
4186,3150,20:44:30,0,0.00,0,5.8800,0.4670,0.5430,0.0807,1,ACTIVE,5,2,2
4186,3151,20:45:00,0,0.00,0,6.2500,0.4870,0.5790,0.0861,1,ACTIVE,5,2,2
4186,3152,20:45:30,0,54.00,0,8.4500,0.5310,0.8020,0.2280,1,ACTIVE,5,2,2
4186,3153,20:46:00,0,284.00,0,11.2600,0.8200,1.0400,0.3090,1,ACTIVE,5,2,2
4186,3154,20:46:30,0,145.00,0,11.9300,0.8370,1.1100,0.3300,1,ACTIVE,5,2,2
4186,3155,20:47:00,0,357.00,0,8.3900,0.6460,0.7680,0.2140,1,ACTIVE,5,2,2
4186,3156,20:47:30,0,346.00,0,1.2200,0.1450,0.1000,0.0162,1,ACTIVE,5,2,2
4186,3157,20:48:00,0,721.00,0,2.3600,0.2600,0.2000,0.0298,1,ACTIVE,5,2,2
4186,3158,20:48:30,0,596.00,0,2.4400,0.2440,0.2140,0.0298,1,ACTIVE,5,2,2
4186,3159,20:49:00,0,577.00,0,2.4600,0.2490,0.2140,0.0298,1,ACTIVE,5,2,2
4186,3160,20:49:30,0,432.00,0,3.6700,0.2770,0.3370,0.0981,1,ACTIVE,5,2,2
4186,3161,20:50:00,0,461.00,0,2.3400,0.2490,0.2000,0.0298,1,ACTIVE,5,2,2
4186,3162,20:50:30,0,559.00,0,3.7300,0.3030,0.3370,0.0981,1,ACTIVE,5,2,2
4186,3163,20:51:00,0,524.00,0,3.7200,0.2900,0.3370,0.1120,1,ACTIVE,5,2,2
4186,3164,20:51:30,0,419.00,0,3.2800,0.2440,0.3030,0.0880,1,ACTIVE,5,2,2
4186,3165,20:52:00,0,636.00,0,1.9800,0.1720,0.1760,0.0523,1,ACTIVE,5,2,2
4186,3166,20:52:30,0,28.00,0,1.0500,0.1220,0.0880,0.0115,1,ACTIVE,5,2,2
4186,3167,20:53:00,0,0.00,0,1.0300,0.1120,0.0880,0.0115,1,ACTIVE,5,2,2
4186,3168,20:53:30,0,61.00,0,0.7600,0.0939,0.0622,0.0070,1,ACTIVE,5,2,2
4186,3169,20:54:00,0,198.00,0,0.6300,0.0679,0.0523,0.0173,1,ACTIVE,5,2,2
4186,3170,20:54:30,0,145.00,0,0.4900,0.0724,0.0378,0.0023,1,ACTIVE,5,2,2
4186,3171,20:55:00,0,13.00,0,0.4900,0.0724,0.0378,0.0023,1,ACTIVE,5,2,2
4186,3172,20:55:30,0,31.00,0,0.4900,0.0724,0.0378,0.0023,1,ACTIVE,5,2,2
4186,3173,20:56:00,0,204.00,0,1.8100,0.2090,0.1510,0.0162,1,ACTIVE,5,2,2
4186,3174,20:56:30,0,122.00,0,2.6000,0.3160,0.2140,0.0256,1,ACTIVE,5,2,2
4186,3175,20:57:00,0,357.00,0,2.5400,0.2900,0.2140,0.0256,1,ACTIVE,5,2,2
4186,3176,20:57:30,0,381.00,0,0.5200,0.0861,0.0378,0.0023,1,ACTIVE,5,2,2
4186,3177,20:58:00,0,405.00,0,0.0900,0.0395,0.0000,0.0059,1,ACTIVE,5,2,2
4186,3178,20:58:30,0,419.00,0,13.0800,1.7500,1.0400,0.1000,1,ACTIVE,5,2,2
4186,3179,20:59:00,0,492.00,0,3.6600,0.3840,0.3160,0.0395,1,ACTIVE,5,2,2
4186,3180,20:59:30,0,357.00,0,4.3500,0.4570,0.3760,0.0440,1,ACTIVE,5,2,2
4186,3181,21:00:00,0,346.00,0,5.5100,0.7350,0.4370,0.0480,1,ACTIVE,5,2,2
4186,3182,21:00:30,0,656.00,0,2.5400,0.2900,0.2140,0.0206,1,ACTIVE,5,2,2
4186,3183,21:01:00,0,226.00,0,0.2200,0.0298,0.0173,0.0059,1,ACTIVE,5,2,2
4186,3184,21:01:30,0,12.00,0,0.0200,0.0049,0.0000,0.0059,1,ACTIVE,5,2,2
4186,3185,21:02:00,0,204.00,0,0.0200,0.0049,0.0000,0.0059,1,ACTIVE,5,2,2
4186,3186,21:02:30,0,191.00,0,0.0200,0.0099,0.0000,0.0000,1,ACTIVE,5,2,2
4186,3187,21:03:00,0,249.00,0,0.0900,0.0395,0.0000,0.0059,1,ACTIVE,5,2,2
4186,3188,21:03:30,0,140.00,0,0.0500,0.0197,0.0000,0.0059,1,ACTIVE,5,2,2
4186,3189,21:04:00,0,35.00,0,0.0300,0.0099,0.0000,0.0059,1,ACTIVE,5,2,2
4186,3190,21:04:30,0,20.00,0,0.0300,0.0099,0.0000,0.0059,1,ACTIVE,5,2,2
4186,3191,21:05:00,0,211.00,0,0.0300,0.0099,0.0000,0.0059,1,ACTIVE,5,2,2
4186,3192,21:05:30,0,156.00,0,0.0300,0.0099,0.0000,0.0059,1,ACTIVE,5,2,2
4186,3193,21:06:00,0,293.00,0,0.0200,0.0049,0.0000,0.0059,1,ACTIVE,5,2,2
4186,3194,21:06:30,0,381.00,0,0.0200,0.0049,0.0000,0.0059,1,ACTIVE,5,2,2
4186,3195,21:07:00,0,150.00,0,0.0200,0.0049,0.0000,0.0059,1,ACTIVE,5,2,2
4186,3196,21:07:30,0,136.00,0,0.0200,0.0049,0.0000,0.0059,1,ACTIVE,5,2,2
4186,3197,21:08:00,0,79.00,0,0.0200,0.0049,0.0000,0.0059,1,ACTIVE,5,2,2
4186,3198,21:08:30,0,82.00,0,0.0200,0.0049,0.0000,0.0059,1,ACTIVE,5,2,2
4186,3199,21:09:00,0,136.00,0,0.0300,0.0099,0.0000,0.0059,1,ACTIVE,5,2,2
4186,3200,21:09:30,0,40.00,0,0.0300,0.0099,0.0000,0.0059,1,ACTIVE,5,2,2
4186,3201,21:10:00,0,85.00,0,0.0200,0.0049,0.0000,0.0059,1,ACTIVE,5,2,2
4186,3202,21:10:30,0,85.00,0,0.0200,0.0049,0.0000,0.0059,1,ACTIVE,5,2,2
4186,3203,21:11:00,0,122.00,0,0.0200,0.0049,0.0000,0.0059,1,ACTIVE,5,2,2
4186,3204,21:11:30,0,109.00,0,0.0200,0.0049,0.0000,0.0059,1,ACTIVE,5,2,2
4186,3205,21:12:00,0,173.00,0,0.0200,0.0049,0.0000,0.0059,1,ACTIVE,5,2,2
4186,3206,21:12:30,0,70.00,0,0.0200,0.0049,0.0000,0.0059,1,ACTIVE,5,2,2
4186,3207,21:13:00,0,72.00,0,0.0200,0.0049,0.0000,0.0059,1,ACTIVE,5,2,2
4186,3208,21:13:30,0,102.00,0,0.0200,0.0049,0.0000,0.0059,1,ACTIVE,5,2,2
4186,3209,21:14:00,0,162.00,0,0.0200,0.0049,0.0000,0.0059,1,ACTIVE,5,2,2
4186,3210,21:14:30,0,118.00,0,0.0200,0.0049,0.0000,0.0059,1,ACTIVE,5,2,2
4186,3211,21:15:00,0,67.00,0,0.0200,0.0049,0.0000,0.0059,1,ACTIVE,5,2,2
4186,3212,21:15:30,0,162.00,0,0.0200,0.0049,0.0000,0.0059,1,ACTIVE,5,2,2
4186,3213,21:16:00,0,162.00,0,0.0200,0.0049,0.0000,0.0059,1,ACTIVE,5,2,2
4186,3214,21:16:30,0,218.00,0,0.0100,0.0049,0.0000,0.0000,1,ACTIVE,5,2,2
4186,3215,21:17:00,0,122.00,0,0.0200,0.0049,0.0000,0.0059,1,ACTIVE,5,2,2
4186,3216,21:17:30,0,173.00,0,0.0200,0.0049,0.0000,0.0059,1,ACTIVE,5,2,2
4186,3217,21:18:00,0,150.00,0,0.0200,0.0049,0.0000,0.0059,1,ACTIVE,5,2,2
4186,3218,21:18:30,0,204.00,0,0.0300,0.0099,0.0000,0.0059,1,ACTIVE,5,2,2
4186,3219,21:19:00,0,131.00,0,0.0200,0.0049,0.0000,0.0059,1,ACTIVE,5,2,2
4186,3220,21:19:30,0,211.00,0,0.0200,0.0049,0.0000,0.0059,1,ACTIVE,5,2,2
4186,3221,21:20:00,0,218.00,0,0.0200,0.0049,0.0000,0.0059,1,ACTIVE,5,2,2
4186,3222,21:20:30,0,419.00,0,0.0200,0.0049,0.0000,0.0059,1,ACTIVE,5,2,2
4186,3223,21:21:00,0,122.00,0,0.0200,0.0049,0.0000,0.0059,1,ACTIVE,5,2,2
4186,3224,21:21:30,0,346.00,0,0.0200,0.0049,0.0000,0.0059,1,ACTIVE,5,2,2
4186,3225,21:22:00,0,218.00,0,0.0200,0.0049,0.0000,0.0059,1,ACTIVE,5,2,2
4186,3226,21:22:30,0,211.00,0,0.0200,0.0049,0.0000,0.0059,1,ACTIVE,5,2,2
4186,3227,21:23:00,0,136.00,0,0.0200,0.0049,0.0000,0.0059,1,ACTIVE,5,2,2
4186,3228,21:23:30,0,173.00,0,0.0200,0.0049,0.0000,0.0059,1,ACTIVE,5,2,2
4186,3229,21:24:00,0,95.00,0,0.0200,0.0049,0.0000,0.0059,1,ACTIVE,5,2,2
4186,3230,21:24:30,0,335.00,0,0.0200,0.0049,0.0000,0.0059,1,ACTIVE,5,2,2
4186,3231,21:25:00,0,284.00,0,0.0100,0.0049,0.0000,0.0000,1,ACTIVE,5,2,2
4186,3232,21:25:30,0,257.00,0,0.0200,0.0049,0.0000,0.0059,1,ACTIVE,5,2,2
4186,3233,21:26:00,0,368.00,0,0.0200,0.0049,0.0000,0.0059,1,ACTIVE,5,2,2
4186,3234,21:26:30,0,156.00,0,0.0200,0.0049,0.0000,0.0059,1,ACTIVE,5,2,2
4186,3235,21:27:00,0,204.00,0,0.0200,0.0049,0.0000,0.0059,1,ACTIVE,5,2,2
4186,3236,21:27:30,0,140.00,0,0.0200,0.0049,0.0000,0.0059,1,ACTIVE,5,2,2
4186,3237,21:28:00,0,136.00,0,0.0200,0.0049,0.0000,0.0059,1,ACTIVE,5,2,2
4186,3238,21:28:30,0,293.00,0,0.0200,0.0049,0.0000,0.0059,1,ACTIVE,5,2,2
4186,3239,21:29:00,0,106.00,0,0.0100,0.0049,0.0000,0.0000,1,ACTIVE,5,2,2
4186,3240,21:29:30,0,92.00,0,0.0200,0.0049,0.0000,0.0059,1,ACTIVE,5,2,2
4186,3241,21:30:00,0,173.00,0,0.0200,0.0049,0.0000,0.0059,1,ACTIVE,5,2,2
4186,3242,21:30:30,0,75.00,0,0.0200,0.0049,0.0000,0.0059,1,ACTIVE,5,2,2
4186,3243,21:31:00,0,173.00,0,0.0200,0.0049,0.0000,0.0059,1,ACTIVE,5,2,2
4186,3244,21:31:30,0,136.00,0,0.0200,0.0049,0.0000,0.0059,1,ACTIVE,5,2,2
4186,3245,21:32:00,0,275.00,0,0.0200,0.0049,0.0000,0.0059,1,ACTIVE,5,2,2
4186,3246,21:32:30,0,234.00,0,0.0100,0.0049,0.0000,0.0000,1,ACTIVE,5,2,2
4186,3247,21:33:00,0,150.00,0,0.0200,0.0049,0.0000,0.0059,1,ACTIVE,5,2,2
4186,3248,21:33:30,0,191.00,0,0.0200,0.0049,0.0000,0.0059,1,ACTIVE,5,2,2
4186,3249,21:34:00,0,241.00,0,0.0100,0.0049,0.0000,0.0000,1,ACTIVE,5,2,2
4186,3250,21:34:30,0,140.00,0,0.0200,0.0049,0.0000,0.0059,1,ACTIVE,5,2,2
4186,3251,21:35:00,0,249.00,0,0.0200,0.0049,0.0000,0.0059,1,ACTIVE,5,2,2
4186,3252,21:35:30,0,173.00,0,0.0100,0.0049,0.0000,0.0000,1,ACTIVE,5,2,2
4186,3253,21:36:00,0,218.00,0,0.0100,0.0049,0.0000,0.0000,1,ACTIVE,5,2,2
4186,3254,21:36:30,0,323.00,0,0.0100,0.0049,0.0000,0.0000,1,ACTIVE,5,2,2
4186,3255,21:37:00,0,173.00,0,0.0200,0.0049,0.0000,0.0059,1,ACTIVE,5,2,2
4186,3256,21:37:30,0,198.00,0,0.0100,0.0049,0.0000,0.0000,1,ACTIVE,5,2,2
4186,3257,21:38:00,0,249.00,0,0.0100,0.0049,0.0000,0.0000,1,ACTIVE,5,2,2
4186,3258,21:38:30,0,204.00,0,0.0100,0.0049,0.0000,0.0000,1,ACTIVE,5,2,2
4186,3259,21:39:00,0,131.00,0,0.0200,0.0049,0.0000,0.0059,1,ACTIVE,5,2,2
4186,3260,21:39:30,0,131.00,0,0.0300,0.0099,0.0000,0.0059,1,ACTIVE,5,2,2
4186,3261,21:40:00,0,36.00,0,0.0300,0.0099,0.0000,0.0059,1,ACTIVE,5,2,2
4186,3262,21:40:30,0,218.00,0,0.0600,0.0245,0.0000,0.0059,1,ACTIVE,5,2,2
4186,3263,21:41:00,0,145.00,0,0.0200,0.0099,0.0000,0.0000,1,ACTIVE,5,2,2
4186,3264,21:41:30,0,167.00,0,0.0300,0.0099,0.0000,0.0059,1,ACTIVE,5,2,2
4186,3265,21:42:00,0,4.00,0,0.0200,0.0049,0.0000,0.0059,1,ACTIVE,5,2,2
4186,3266,21:42:30,0,4.00,0,0.0200,0.0049,0.0000,0.0059,1,ACTIVE,5,2,2
4186,3267,21:43:00,0,7.00,0,0.0200,0.0049,0.0000,0.0059,0,ACTIVE,5,2,2
4186,3268,21:43:30,0,2.00,0,0.0200,0.0049,0.0000,0.0059,0,ACTIVE,5,2,2
4186,3269,21:44:00,0,21.00,0,0.0200,0.0049,0.0000,0.0059,1,ACTIVE,5,2,2
4186,3270,21:44:30,0,21.00,0,0.0200,0.0049,0.0000,0.0059,1,ACTIVE,5,2,2
4186,3271,21:45:00,0,6.00,0,0.0200,0.0049,0.0000,0.0059,1,ACTIVE,5,2,2
4186,3272,21:45:30,0,79.00,0,0.0200,0.0049,0.0000,0.0059,1,ACTIVE,5,2,2
4186,3273,21:46:00,0,122.00,0,0.0100,0.0049,0.0000,0.0000,1,ACTIVE,5,2,2
4186,3274,21:46:30,0,405.00,0,0.0200,0.0049,0.0000,0.0059,1,ACTIVE,5,2,2
4186,3275,21:47:00,0,257.00,0,0.0200,0.0049,0.0000,0.0059,1,ACTIVE,5,2,2
4186,3276,21:47:30,0,275.00,0,0.0200,0.0049,0.0000,0.0059,1,ACTIVE,5,2,2
4186,3277,21:48:00,0,79.00,0,0.0200,0.0049,0.0000,0.0059,1,ACTIVE,5,2,2
4186,3278,21:48:30,0,0.00,0,0.0200,0.0049,0.0000,0.0059,1,ACTIVE,5,2,2
4186,3279,21:49:00,0,1.00,0,0.0200,0.0049,0.0000,0.0059,1,ACTIVE,5,2,2
4186,3280,21:49:30,0,0.00,0,0.0200,0.0049,0.0000,0.0059,0,ACTIVE,5,2,2
4186,3281,21:50:00,0,15.00,0,0.0200,0.0049,0.0000,0.0059,1,ACTIVE,5,2,2
4186,3282,21:50:30,0,22.00,0,0.0200,0.0049,0.0000,0.0059,1,ACTIVE,5,2,2
4186,3283,21:51:00,0,13.00,0,0.0200,0.0049,0.0000,0.0059,1,ACTIVE,5,2,2
4186,3284,21:51:30,0,70.00,0,0.0200,0.0049,0.0000,0.0059,1,ACTIVE,5,2,2
4186,3285,21:52:00,0,234.00,0,0.0200,0.0049,0.0000,0.0059,1,ACTIVE,5,2,2
4186,3286,21:52:30,0,234.00,0,0.0300,0.0099,0.0000,0.0059,1,ACTIVE,5,2,2
4186,3287,21:53:00,0,198.00,0,0.0200,0.0049,0.0000,0.0059,1,ACTIVE,5,2,2
4186,3288,21:53:30,0,70.00,0,0.0200,0.0049,0.0000,0.0059,1,ACTIVE,5,2,2
4186,3289,21:54:00,0,79.00,0,0.0200,0.0049,0.0000,0.0059,1,ACTIVE,5,2,2
4186,3290,21:54:30,0,47.00,0,0.0200,0.0049,0.0000,0.0059,1,ACTIVE,5,2,2
4186,3291,21:55:00,0,106.00,0,0.0200,0.0049,0.0000,0.0059,1,ACTIVE,5,2,2
4186,3292,21:55:30,0,95.00,0,0.0300,0.0099,0.0000,0.0059,1,ACTIVE,5,2,2
4186,3293,21:56:00,0,234.00,0,0.2000,0.0170,0.0173,0.0059,1,ACTIVE,5,2,2
4186,3294,21:56:30,0,266.00,0,0.0200,0.0049,0.0000,0.0059,1,ACTIVE,5,2,2
4186,3295,21:57:00,0,127.00,0,0.7400,0.0861,0.0622,0.0070,1,ACTIVE,5,2,2
4186,3296,21:57:30,0,102.00,0,1.6600,0.2490,0.1240,0.0162,1,ACTIVE,5,2,2
4186,3297,21:58:00,0,140.00,0,0.5700,0.0431,0.0523,0.0173,1,ACTIVE,5,2,2
4186,3298,21:58:30,0,122.00,0,0.0200,0.0049,0.0000,0.0059,1,ACTIVE,5,2,2
4186,3299,21:59:00,0,140.00,0,0.3500,0.0085,0.0378,0.0023,1,ACTIVE,5,2,2
4186,3300,21:59:30,0,127.00,0,246.0400,13.4000,23.5000,9.4700,1,ACTIVE,5,2,2
4186,3301,22:00:00,0,102.00,0,751.0700,30.5000,74.2000,31.2000,1,ACTIVE,5,2,2
4186,3302,22:00:30,0,122.00,0,664.8000,23.5000,66.6000,27.4000,1,ACTIVE,5,2,2
4186,3303,22:01:00,0,127.00,0,391.3600,19.4000,37.9000,15.3000,1,ACTIVE,5,2,2
4186,3304,22:01:30,0,131.00,0,595.9900,21.1000,59.7000,24.0000,1,ACTIVE,5,2,2
4186,3305,22:02:00,0,127.00,0,671.5500,14.6000,69.5000,28.0000,1,ACTIVE,5,2,2
4186,3306,22:02:30,0,127.00,0,571.2700,20.2000,57.2000,23.5000,1,ACTIVE,5,2,2
4186,3307,22:03:00,0,65.00,0,434.1100,17.0000,43.2000,17.0000,1,ACTIVE,5,2,2
4186,3308,22:03:30,0,184.00,0,404.2100,14.9000,40.4000,15.6000,1,ACTIVE,5,2,2
4186,3309,22:04:00,0,99.00,0,779.1000,30.5000,77.5000,30.5000,1,ACTIVE,5,2,2
4186,3310,22:04:30,0,150.00,0,830.6400,31.9000,82.7000,33.3000,1,ACTIVE,5,2,2
4186,3311,22:05:00,0,40.00,0,778.1300,23.0000,79.2000,31.2000,1,ACTIVE,5,2,2
4186,3312,22:05:30,0,95.00,0,474.4000,14.3000,48.1000,19.8000,1,ACTIVE,5,2,2
4186,3313,22:06:00,0,257.00,0,850.4100,33.3000,84.5000,34.0000,1,ACTIVE,5,2,2
4186,3314,22:06:30,0,58.00,0,355.2600,19.4000,34.0000,13.4000,1,ACTIVE,5,2,2
4186,3315,22:07:00,0,234.00,0,410.2900,21.1000,39.6000,15.6000,1,ACTIVE,5,2,2
4186,3316,22:07:30,0,92.00,0,700.9500,21.6000,71.0000,28.6000,1,ACTIVE,5,2,2
4186,3317,22:08:00,0,106.00,0,670.2500,20.2000,68.0000,27.4000,1,ACTIVE,5,2,2
4186,3318,22:08:30,0,109.00,0,316.7900,13.7000,31.2000,12.3000,1,ACTIVE,5,2,2
4186,3319,22:09:00,0,140.00,0,797.6700,31.9000,79.2000,31.2000,1,ACTIVE,5,2,2
4186,3320,22:09:30,0,179.00,0,694.7600,25.1000,69.5000,28.0000,1,ACTIVE,5,2,2
4186,3321,22:10:00,0,184.00,0,585.1000,26.2000,57.2000,24.0000,1,ACTIVE,5,2,2
4186,3322,22:10:30,0,179.00,0,219.3700,4.6400,22.5000,10.8000,1,ACTIVE,5,2,2
4186,3323,22:11:00,0,313.00,0,195.6400,3.8100,20.2000,9.2700,1,ACTIVE,5,2,2
4186,3324,22:11:30,0,85.00,0,704.5100,29.2000,69.5000,28.6000,1,ACTIVE,5,2,2
4186,3325,22:12:00,0,461.00,0,608.6100,21.1000,61.0000,25.1000,1,ACTIVE,5,2,2
4186,3326,22:12:30,0,211.00,0,511.1400,22.1000,50.2000,20.7000,1,ACTIVE,5,2,2
4186,3327,22:13:00,0,52.00,0,511.1400,22.1000,50.2000,20.7000,1,ACTIVE,5,2,2
4186,3328,22:13:30,0,75.00,0,518.7100,21.1000,51.3000,20.7000,1,ACTIVE,5,2,2
4186,3329,22:14:00,0,0.00,0,644.7700,26.2000,63.7000,26.2000,1,ACTIVE,5,2,2
4186,3330,22:14:30,0,1.00,0,641.1300,24.6000,63.7000,26.2000,0,ACTIVE,5,2,2
4186,3331,22:15:00,0,0.00,0,629.1600,24.6000,62.4000,26.2000,0,ACTIVE,5,2,2
4186,3332,22:15:30,0,22.00,0,636.6400,27.4000,62.4000,27.4000,1,ACTIVE,5,2,2
4186,3333,22:16:00,0,109.00,0,29.9700,2.4700,2.7600,0.3300,1,ACTIVE,5,2,2
4186,3334,22:16:30,0,3.00,0,30.8500,2.1300,2.9400,0.3520,0,ACTIVE,5,2,2
4186,3335,22:17:00,0,0.00,0,33.1000,2.0800,3.2100,0.3760,0,ACTIVE,5,2,2
4186,3336,22:17:30,0,0.00,0,33.1900,2.1300,3.2100,0.3600,0,ACTIVE,5,2,2
4186,3337,22:18:00,0,3.00,0,33.4000,2.2200,3.2100,0.3680,0,ACTIVE,5,2,2
4186,3338,22:18:30,0,2.00,0,34.6600,2.2200,3.3500,0.3840,0,ACTIVE,5,2,2
4186,3339,22:19:00,0,1.00,0,20.5100,1.2600,1.9900,0.2490,1,ACTIVE,5,2,2
4186,3340,22:19:30,0,131.00,0,12.2400,0.7850,1.1600,0.3300,1,ACTIVE,5,2,2
4186,3341,22:20:00,0,99.00,0,8.9400,1.4400,0.6460,0.0939,1,ACTIVE,5,2,2
4186,3342,22:20:30,0,67.00,0,9.1000,1.6700,0.6050,0.0900,1,ACTIVE,5,2,2
4186,3343,22:21:00,0,113.00,0,6.2500,1.5000,0.3300,0.0395,1,ACTIVE,5,2,2
4186,3344,22:21:30,0,136.00,0,6.2700,1.1100,0.4280,0.0622,1,ACTIVE,5,2,2
4186,3345,22:22:00,0,118.00,0,6.7900,1.3500,0.4280,0.0571,1,ACTIVE,5,2,2
4186,3346,22:22:30,0,89.00,0,12.2600,0.5790,1.2100,0.3450,1,ACTIVE,5,2,2
4186,3347,22:23:00,0,0.00,0,14.2900,0.6890,1.4100,0.3920,1,ACTIVE,5,2,2
4186,3348,22:23:30,0,0.00,0,14.3200,0.7040,1.4100,0.3920,0,ACTIVE,5,2,2
4186,3349,22:24:00,0,0.00,0,10.8700,0.7200,1.0400,0.1550,0,ACTIVE,5,2,2
4186,3350,22:24:30,0,7.00,0,11.3500,0.7510,1.0900,0.1580,0,ACTIVE,5,2,2
4186,3351,22:25:00,0,1.00,0,14.6200,0.7200,1.4400,0.3920,0,ACTIVE,5,2,2
4186,3352,22:25:30,0,1.00,0,14.6200,0.7200,1.4400,0.3920,0,ACTIVE,5,2,2
4186,3353,22:26:00,0,1.00,0,14.6200,0.7200,1.4400,0.3920,0,ACTIVE,5,2,2
4186,3354,22:26:30,0,1.00,0,10.9000,0.7350,1.0400,0.1510,0,ACTIVE,5,2,2
4186,3355,22:27:00,0,0.00,0,13.1100,0.6180,1.2900,0.3920,1,ACTIVE,5,2,2
4186,3356,22:27:30,0,1.00,0,13.3700,0.6180,1.3200,0.4100,1,ACTIVE,5,2,2
4186,3357,22:28:00,0,204.00,0,15.8600,0.7200,1.5700,0.4770,1,ACTIVE,5,2,2
4186,3358,22:28:30,0,4.00,0,13.6400,0.6320,1.3500,0.3920,1,ACTIVE,5,2,2
4186,3359,22:29:00,0,34.00,0,14.7800,0.6320,1.4700,0.4570,1,ACTIVE,5,2,2
4186,3360,22:29:30,0,9.00,0,13.3400,0.6180,1.3200,0.3760,0,ACTIVE,5,2,2
4186,3361,22:30:00,0,4.00,0,13.9000,0.6320,1.3800,0.3920,0,ACTIVE,5,2,2
4186,3362,22:30:30,0,10.00,0,13.6100,0.6180,1.3500,0.3920,0,ACTIVE,5,2,2
4186,3363,22:31:00,0,0.00,0,12.7800,0.6050,1.2600,0.3450,0,ACTIVE,5,2,2
4186,3364,22:31:30,0,0.00,0,13.6400,0.6320,1.3500,0.3920,0,ACTIVE,5,2,2
4186,3365,22:32:00,0,0.00,0,13.3700,0.6320,1.3200,0.3760,0,ACTIVE,5,2,2
4186,3366,22:32:30,0,1.00,0,13.6500,0.6460,1.3500,0.3760,0,ACTIVE,5,2,2
4186,3367,22:33:00,0,0.00,0,13.6700,0.6460,1.3500,0.3920,0,ACTIVE,5,2,2
4186,3368,22:33:30,0,0.00,0,13.3700,0.6320,1.3200,0.3760,0,ACTIVE,5,2,2
4186,3369,22:34:00,0,1.00,0,13.9400,0.6460,1.3800,0.4100,0,ACTIVE,5,2,2
4186,3370,22:34:30,0,27.00,0,13.3600,0.6320,1.3200,0.3680,1,ACTIVE,5,2,2
4186,3371,22:35:00,0,63.00,0,12.9200,0.8560,1.2400,0.1800,1,ACTIVE,5,2,2
4186,3372,22:35:30,0,0.00,0,14.9300,0.7200,1.4700,0.4190,0,ACTIVE,5,2,2
4186,3373,22:36:00,0,0.00,0,15.2200,0.7200,1.5000,0.4280,0,ACTIVE,5,2,2
4186,3374,22:36:30,0,0.00,0,16.2400,0.7680,1.6000,0.4570,0,ACTIVE,5,2,2
4186,3375,22:37:00,0,1.00,0,16.9900,0.8200,1.6700,0.4670,0,ACTIVE,5,2,2
4186,3376,22:37:30,0,0.00,0,17.0000,0.8200,1.6700,0.4770,0,ACTIVE,5,2,2
4186,3377,22:38:00,0,1.00,0,17.0400,0.8370,1.6700,0.4770,0,ACTIVE,5,2,2
4186,3378,22:38:30,0,0.00,0,16.9900,0.8200,1.6700,0.4670,0,ACTIVE,5,2,2
4186,3379,22:39:00,0,0.00,0,16.9500,0.8020,1.6700,0.4670,0,ACTIVE,5,2,2
4186,3380,22:39:30,0,20.00,0,16.9000,0.7850,1.6700,0.4570,1,ACTIVE,5,2,2
4186,3381,22:40:00,0,0.00,0,28.2200,0.9750,2.8800,0.7850,0,ACTIVE,5,2,2
4186,3382,22:40:30,0,2.00,0,19.5400,0.9750,1.9500,0.2900,0,ACTIVE,5,2,2
4186,3383,22:41:00,0,1.00,0,20.8300,1.0400,2.0800,0.2900,0,ACTIVE,5,2,2
4186,3384,22:41:30,0,0.00,0,21.8200,1.1100,2.1700,0.3160,0,ACTIVE,5,2,2
4186,3385,22:42:00,0,1.00,0,22.7300,1.1300,2.2700,0.3230,0,ACTIVE,5,2,2
4186,3386,22:42:30,0,15.00,0,23.7200,1.1800,2.3700,0.3300,0,ACTIVE,5,2,2
4186,3387,22:43:00,0,4.00,0,28.0900,1.1600,2.8200,0.7850,0,ACTIVE,5,2,2
4186,3388,22:43:30,0,1.00,0,22.7100,1.3200,2.2200,0.3230,0,ACTIVE,5,2,2
4186,3389,22:44:00,0,0.00,0,23.2100,1.3500,2.2700,0.3300,0,ACTIVE,5,2,2
4186,3390,22:44:30,0,0.00,0,22.6500,1.2900,2.2200,0.3230,0,ACTIVE,5,2,2
4186,3391,22:45:00,0,3.00,0,19.2900,1.0400,1.9100,0.2600,0,ACTIVE,5,2,2
4186,3392,22:45:30,0,0.00,0,19.0800,0.9540,1.9100,0.2490,0,ACTIVE,5,2,2
4186,3393,22:46:00,0,1.00,0,19.4100,0.9330,1.9500,0.2540,0,ACTIVE,5,2,2
4186,3394,22:46:30,0,0.00,0,22.7900,0.9750,2.3200,0.3090,0,ACTIVE,5,2,2
4186,3395,22:47:00,0,1.00,0,18.9700,1.0600,1.8700,0.2540,0,ACTIVE,5,2,2
4186,3396,22:47:30,0,0.00,0,19.2900,1.2100,1.8700,0.2490,0,ACTIVE,5,2,2
4186,3397,22:48:00,0,1.00,0,18.4800,1.1600,1.7900,0.2380,0,ACTIVE,5,2,2
4186,3398,22:48:30,0,0.00,0,17.3200,1.0900,1.6700,0.2280,0,ACTIVE,5,2,2
4186,3399,22:49:00,0,0.00,0,17.3100,1.0900,1.6700,0.2230,0,ACTIVE,5,2,2
4186,3400,22:49:30,0,0.00,0,18.0200,1.1100,1.7500,0.2280,0,ACTIVE,5,2,2
4186,3401,22:50:00,0,0.00,0,21.2700,1.2400,2.0800,0.2960,0,ACTIVE,5,2,2
4186,3402,22:50:30,0,0.00,0,22.2200,1.2900,2.1700,0.3090,0,ACTIVE,5,2,2
4186,3403,22:51:00,0,0.00,0,22.2200,1.2900,2.1700,0.3090,0,ACTIVE,5,2,2
4186,3404,22:51:30,0,0.00,0,22.3600,1.3500,2.1700,0.3230,0,ACTIVE,5,2,2
4186,3405,22:52:00,0,1.00,0,22.6400,1.2900,2.2200,0.3160,0,ACTIVE,5,2,2
4186,3406,22:52:30,0,0.00,0,21.8100,1.2900,2.1300,0.3090,0,ACTIVE,5,2,2
4186,3407,22:53:00,0,0.00,0,21.8800,1.3200,2.1300,0.3160,0,ACTIVE,5,2,2
4186,3408,22:53:30,0,79.00,0,268.0100,12.0000,26.2000,10.8000,1,ACTIVE,5,2,2
4186,3409,22:54:00,0,33.00,0,455.9400,5.5100,48.1000,20.7000,1,ACTIVE,5,2,2
4186,3410,22:54:30,0,0.00,0,446.1500,4.9500,47.1000,21.1000,0,ACTIVE,5,2,2
4186,3411,22:55:00,0,79.00,0,296.7400,4.0700,31.2000,13.4000,1,ACTIVE,5,2,2
4186,3412,22:55:30,0,0.00,0,13.9100,0.6460,1.3800,0.3760,0,ACTIVE,5,2,2
4186,3413,22:56:00,0,12.00,0,12.7300,0.5790,1.2600,0.3450,1,ACTIVE,5,2,2
4186,3414,22:56:30,0,1.00,0,13.2200,0.8940,1.2600,0.1580,0,ACTIVE,5,2,2
4186,3415,22:57:00,0,2.00,0,13.8400,0.9540,1.3200,0.1610,0,ACTIVE,5,2,2
4186,3416,22:57:30,0,4.00,0,12.3600,0.8200,1.1800,0.1580,0,ACTIVE,5,2,2
4186,3417,22:58:00,0,0.00,0,10.1200,0.6460,0.9750,0.1450,0,ACTIVE,5,2,2
4186,3418,22:58:30,0,89.00,0,12.7600,0.5920,1.2600,0.3520,1,ACTIVE,5,2,2
4186,3419,22:59:00,0,1.00,0,6.9400,0.3030,0.6890,0.2140,0,ACTIVE,5,2,2
4186,3420,22:59:30,0,0.00,0,6.5900,0.3160,0.6460,0.2140,0,ACTIVE,5,2,2
4186,3421,23:00:00,0,0.00,0,7.2500,0.3030,0.7200,0.2600,0,ACTIVE,5,2,2
4186,3422,23:00:30,0,0.00,0,6.9800,0.3030,0.6890,0.2490,0,ACTIVE,5,2,2
4186,3423,23:01:00,0,2.00,0,6.9200,0.2900,0.6890,0.2280,0,ACTIVE,5,2,2
4186,3424,23:01:30,0,2.00,0,6.9600,0.3030,0.6890,0.2380,0,ACTIVE,5,2,2
4186,3425,23:02:00,0,0.00,0,7.2500,0.3030,0.7200,0.2600,0,ACTIVE,5,2,2
4186,3426,23:02:30,0,0.00,0,6.9500,0.2900,0.6890,0.2490,0,ACTIVE,5,2,2
4186,3427,23:03:00,0,0.00,0,7.2500,0.3030,0.7200,0.2600,0,ACTIVE,5,2,2
4186,3428,23:03:30,0,0.00,0,6.9400,0.2900,0.6890,0.2380,0,ACTIVE,5,2,2
4186,3429,23:04:00,0,10.00,0,12.2300,0.5430,1.2100,0.3920,0,ACTIVE,5,2,2
4186,3430,23:04:30,0,0.00,0,13.2300,0.5550,1.3200,0.4100,0,ACTIVE,5,2,2
4186,3431,23:05:00,0,0.00,0,12.9800,0.5550,1.2900,0.4100,0,ACTIVE,5,2,2
4186,3432,23:05:30,0,4.00,0,13.6200,0.6050,1.3500,0.4280,0,ACTIVE,5,2,2
4186,3433,23:06:00,0,1.00,0,13.6400,0.6320,1.3500,0.3920,0,ACTIVE,5,2,2
4186,3434,23:06:30,0,0.00,0,14.2100,0.6460,1.4100,0.4100,0,ACTIVE,5,2,2
4186,3435,23:07:00,0,0.00,0,14.2200,0.6460,1.4100,0.4190,0,ACTIVE,5,2,2
4186,3436,23:07:30,0,0.00,0,14.2200,0.6460,1.4100,0.4190,1,ACTIVE,5,2,2
4186,3437,23:08:00,0,0.00,0,14.2300,0.6460,1.4100,0.4280,1,ACTIVE,5,2,2
4186,3438,23:08:30,0,179.00,0,5.7100,0.3030,0.5550,0.1690,1,ACTIVE,5,2,2
4186,3439,23:09:00,0,113.00,0,7.1300,1.7100,0.3760,0.0480,1,ACTIVE,5,2,2
4186,3440,23:09:30,0,58.00,0,9.7400,1.8700,0.6320,0.0724,1,ACTIVE,5,2,2
4186,3441,23:10:00,0,162.00,0,6.1900,1.4700,0.3300,0.0480,1,ACTIVE,5,2,2
4186,3442,23:10:30,0,26.00,0,16.9400,0.8020,1.6700,0.4570,1,ACTIVE,5,2,2
4186,3443,23:11:00,0,0.00,0,10.8600,0.7200,1.0400,0.1510,1,ACTIVE,5,2,2
4186,3444,23:11:30,0,1.00,0,14.3400,0.7200,1.4100,0.3760,0,ACTIVE,5,2,2
4186,3445,23:12:00,0,3.00,0,10.8600,0.7200,1.0400,0.1510,0,ACTIVE,5,2,2
4186,3446,23:12:30,0,1.00,0,13.9700,0.6740,1.3800,0.3760,0,ACTIVE,5,2,2
4186,3447,23:13:00,0,0.00,0,13.9900,0.6740,1.3800,0.3920,0,ACTIVE,5,2,2
4186,3448,23:13:30,0,1.00,0,13.7000,0.6600,1.3500,0.3920,0,ACTIVE,5,2,2
4186,3449,23:14:00,0,0.00,0,13.7000,0.6600,1.3500,0.3920,0,ACTIVE,5,2,2
4186,3450,23:14:30,0,0.00,0,13.6800,0.6600,1.3500,0.3760,0,ACTIVE,5,2,2
4186,3451,23:15:00,0,8.00,0,13.9600,0.6600,1.3800,0.3920,0,ACTIVE,5,2,2
4186,3452,23:15:30,0,0.00,0,14.5800,0.6890,1.4400,0.4100,0,ACTIVE,5,2,2
4186,3453,23:16:00,0,1.00,0,14.5900,0.6890,1.4400,0.4190,0,ACTIVE,5,2,2
4186,3454,23:16:30,0,0.00,0,14.0000,0.6890,1.3800,0.3760,0,ACTIVE,5,2,2
4186,3455,23:17:00,0,0.00,0,14.5900,0.7040,1.4400,0.3920,0,ACTIVE,5,2,2
4186,3456,23:17:30,0,1.00,0,14.2900,0.6890,1.4100,0.3920,0,ACTIVE,5,2,2
4186,3457,23:18:00,0,0.00,0,14.2900,0.6890,1.4100,0.3920,0,ACTIVE,5,2,2
4186,3458,23:18:30,0,0.00,0,14.5600,0.6890,1.4400,0.3920,0,ACTIVE,5,2,2
4186,3459,23:19:00,0,2.00,0,14.5600,0.6890,1.4400,0.3920,0,ACTIVE,5,2,2
4186,3460,23:19:30,0,0.00,0,14.2900,0.6890,1.4100,0.3920,0,ACTIVE,5,2,2
4186,3461,23:20:00,0,1.00,0,14.2900,0.6890,1.4100,0.3920,0,ACTIVE,5,2,2
4186,3462,23:20:30,0,0.00,0,14.5900,0.7040,1.4400,0.3920,0,ACTIVE,5,2,2
4186,3463,23:21:00,0,2.00,0,14.5900,0.7040,1.4400,0.3920,0,ACTIVE,5,2,2
4186,3464,23:21:30,0,1.00,0,14.5900,0.7040,1.4400,0.3920,0,ACTIVE,5,2,2
4186,3465,23:22:00,0,1.00,0,14.8700,0.7040,1.4700,0.3920,0,ACTIVE,5,2,2
4186,3466,23:22:30,0,0.00,0,14.5900,0.7040,1.4400,0.3920,0,ACTIVE,5,2,2
4186,3467,23:23:00,0,1.00,0,14.2900,0.6890,1.4100,0.3920,0,ACTIVE,5,2,2
4186,3468,23:23:30,0,1.00,0,14.8800,0.7040,1.4700,0.4100,0,ACTIVE,5,2,2
4186,3469,23:24:00,0,4.00,0,15.1700,0.7040,1.5000,0.4100,0,ACTIVE,5,2,2
4186,3470,23:24:30,0,0.00,0,14.5900,0.7040,1.4400,0.3920,0,ACTIVE,5,2,2
4186,3471,23:25:00,0,0.00,0,14.5600,0.6890,1.4400,0.3920,0,ACTIVE,5,2,2
4186,3472,23:25:30,0,0.00,0,15.1700,0.7040,1.5000,0.4100,0,ACTIVE,5,2,2
4186,3473,23:26:00,0,1.00,0,10.8300,0.7040,1.0400,0.1550,0,ACTIVE,5,2,2
4186,3474,23:26:30,0,0.00,0,10.8300,0.7040,1.0400,0.1510,0,ACTIVE,5,2,2
4186,3475,23:27:00,0,1.00,0,10.8300,0.7040,1.0400,0.1550,0,ACTIVE,5,2,2
4186,3476,23:27:30,0,0.00,0,10.8000,0.6890,1.0400,0.1510,0,ACTIVE,5,2,2
4186,3477,23:28:00,0,0.00,0,10.8000,0.6890,1.0400,0.1510,0,ACTIVE,5,2,2
4186,3478,23:28:30,0,0.00,0,15.1700,0.7040,1.5000,0.4100,0,ACTIVE,5,2,2
4186,3479,23:29:00,0,1.00,0,15.4700,0.7040,1.5400,0.4280,0,ACTIVE,5,2,2
4186,3480,23:29:30,0,0.00,0,14.8900,0.7040,1.4700,0.4190,0,ACTIVE,5,2,2
4186,3481,23:30:00,0,0.00,0,14.8500,0.6890,1.4700,0.4100,0,ACTIVE,5,2,2
4186,3482,23:30:30,0,2.00,0,14.5800,0.6890,1.4400,0.4100,0,ACTIVE,5,2,2
4186,3483,23:31:00,0,0.00,0,14.8900,0.7040,1.4700,0.4190,0,ACTIVE,5,2,2
4186,3484,23:31:30,0,6.00,0,15.8900,0.7510,1.5700,0.4470,0,ACTIVE,5,2,2
4186,3485,23:32:00,0,0.00,0,16.4900,0.7200,1.6400,0.4980,0,ACTIVE,5,2,2
4186,3486,23:32:30,0,0.00,0,16.8700,0.7350,1.6700,0.5310,0,ACTIVE,5,2,2
4186,3487,23:33:00,0,0.00,0,16.2500,0.7510,1.6000,0.4980,0,ACTIVE,5,2,2
4186,3488,23:33:30,0,0.00,0,16.9000,0.7510,1.6700,0.5200,0,ACTIVE,5,2,2
4186,3489,23:34:00,0,0.00,0,17.6200,0.7680,1.7500,0.5550,0,ACTIVE,5,2,2
4186,3490,23:34:30,0,1.00,0,18.4600,0.8560,1.8300,0.5200,0,ACTIVE,5,2,2
4186,3491,23:35:00,0,1.00,0,16.9600,0.8020,1.6700,0.4770,0,ACTIVE,5,2,2
4186,3492,23:35:30,0,0.00,0,17.7100,0.8370,1.7500,0.4980,0,ACTIVE,5,2,2
4186,3493,23:36:00,0,0.00,0,18.0700,0.8370,1.7900,0.5200,1,ACTIVE,5,2,2
4186,3494,23:36:30,0,1.00,0,18.4100,0.8370,1.8300,0.5200,1,ACTIVE,5,2,2
4186,3495,23:37:00,0,191.00,0,5.6400,0.3600,0.5430,0.0807,1,ACTIVE,5,2,2
4186,3496,23:37:30,0,476.00,0,0.5700,0.0431,0.0523,0.0173,1,ACTIVE,5,2,2
4186,3497,23:38:00,0,218.00,0,5.5000,0.3920,0.5200,0.0724,1,ACTIVE,5,2,2
4186,3498,23:38:30,0,323.00,0,0.0300,0.0099,0.0000,0.0059,1,ACTIVE,5,2,2
4186,3499,23:39:00,0,211.00,0,0.2000,0.0170,0.0173,0.0059,1,ACTIVE,5,2,2
4186,3500,23:39:30,0,218.00,0,2.0800,0.1360,0.2000,0.0256,1,ACTIVE,5,2,2
4186,3501,23:40:00,0,368.00,0,0.8800,0.0339,0.0880,0.0292,1,ACTIVE,5,2,2
4186,3502,23:40:30,0,293.00,0,0.5700,0.0431,0.0523,0.0173,1,ACTIVE,5,2,2
4186,3503,23:41:00,0,127.00,0,5.3800,0.6740,0.4370,0.0535,1,ACTIVE,5,2,2
4186,3504,23:41:30,0,113.00,1,4.0200,0.4010,0.3520,0.0480,1,ACTIVE,5,2,2
4186,3505,23:42:00,0,198.00,0,1.2600,0.0679,0.1220,0.0412,1,ACTIVE,5,2,2
4186,3506,23:42:30,0,218.00,0,0.5800,0.0470,0.0523,0.0173,1,ACTIVE,5,2,2
4186,3507,23:43:00,0,15.00,0,0.9500,0.0679,0.0880,0.0292,1,ACTIVE,5,2,2
4186,3508,23:43:30,0,0.00,0,0.9300,0.0596,0.0880,0.0292,1,ACTIVE,5,2,2
4186,3509,23:44:00,0,0.00,0,0.9300,0.0679,0.0880,0.0115,1,ACTIVE,5,2,2
4186,3510,23:44:30,0,49.00,0,0.9500,0.0679,0.0880,0.0292,1,ACTIVE,5,2,2
4186,3511,23:45:00,0,27.00,0,1.2200,0.0470,0.1220,0.0412,1,REST,5,2,2
4186,3512,23:45:30,0,162.00,0,0.5500,0.0339,0.0523,0.0173,1,REST,5,2,2
4186,3513,23:46:00,0,102.00,0,0.5500,0.0339,0.0523,0.0173,1,REST,5,2,2
4186,3514,23:46:30,0,30.00,0,0.5500,0.0339,0.0523,0.0173,1,REST,5,2,2
4186,3515,23:47:00,0,266.00,0,0.0700,0.0170,0.0012,0.0215,1,REST,5,2,2
4186,3516,23:47:30,0,3.00,0,0.5500,0.0339,0.0523,0.0173,1,REST,5,2,2
4186,3517,23:48:00,0,0.00,0,0.5500,0.0339,0.0523,0.0173,1,REST,5,2,2
4186,3518,23:48:30,0,1.00,0,0.5700,0.0431,0.0523,0.0173,1,REST,5,2,2
4186,3519,23:49:00,0,0.00,0,0.8800,0.0339,0.0880,0.0292,1,REST,5,2,2
4186,3520,23:49:30,0,24.00,0,0.5400,0.0298,0.0523,0.0173,1,REST,5,2,2
4186,3521,23:50:00,0,2.00,0,0.5500,0.0339,0.0523,0.0173,1,REST,5,2,2
4186,3522,23:50:30,0,0.00,0,0.5700,0.0431,0.0523,0.0173,0,REST-S,5,2,2
4186,3523,23:51:00,0,0.00,0,0.5500,0.0339,0.0523,0.0173,0,REST-S,5,2,2
4186,3524,23:51:30,0,0.00,0,0.5400,0.0298,0.0523,0.0173,0,REST-S,5,2,2
4186,3525,23:52:00,0,12.00,0,0.5500,0.0339,0.0523,0.0173,0,REST-S,5,2,2
4186,3526,23:52:30,0,1.00,0,0.5500,0.0339,0.0523,0.0173,0,REST-S,5,2,2
4186,3527,23:53:00,0,0.00,0,0.1000,0.0298,0.0012,0.0215,0,REST-S,5,2,2
4186,3528,23:53:30,0,0.00,0,0.2200,0.0298,0.0173,0.0059,0,REST-S,5,2,2
4186,3529,23:54:00,0,0.00,0,0.2200,0.0298,0.0173,0.0059,0,REST-S,5,2,2
4186,3530,23:54:30,0,0.00,0,0.5200,0.0215,0.0523,0.0173,0,REST-S,5,2,2
4186,3531,23:55:00,0,0.00,0,0.2200,0.0298,0.0173,0.0059,0,REST-S,5,2,2
4186,3532,23:55:30,0,0.00,0,0.1100,0.0339,0.0012,0.0215,0,REST-S,5,2,2
4186,3533,23:56:00,0,0.00,0,0.2200,0.0298,0.0173,0.0059,0,REST-S,5,2,2
4186,3534,23:56:30,0,0.00,0,0.5400,0.0298,0.0523,0.0173,1,REST-S,5,2,2
4186,3535,23:57:00,0,34.00,0,0.5400,0.0298,0.0523,0.0173,1,REST-S,5,2,2
4186,3536,23:57:30,0,241.00,0,0.0200,0.0049,0.0000,0.0059,1,REST-S,5,2,2
4186,3537,23:58:00,0,20.00,0,0.0200,0.0049,0.0000,0.0059,1,REST-S,5,2,2
4186,3538,23:58:30,0,0.00,0,0.0200,0.0049,0.0000,0.0059,1,REST-S,5,2,2
4186,3539,23:59:00,0,0.00,0,0.0200,0.0049,0.0000,0.0059,0,REST-S,5,2,2
4186,3540,23:59:30,0,0.00,0,0.0200,0.0049,0.0000,0.0059,0,REST-S,5,2,2
4186,3541,0:00:00,0,31.00,0,0.0200,0.0049,0.0000,0.0059,1,REST-S,6,3,2
4186,3542,0:00:30,0,11.00,0,0.0200,0.0049,0.0000,0.0059,0,REST-S,6,3,2
4186,3543,0:01:00,0,7.00,0,0.0200,0.0049,0.0000,0.0059,0,REST-S,6,3,2
4186,3544,0:01:30,0,0.00,0,0.0200,0.0049,0.0000,0.0059,0,REST-S,6,3,2
4186,3545,0:02:00,0,0.00,0,0.0200,0.0049,0.0000,0.0059,0,REST-S,6,3,2
4186,3546,0:02:30,0,0.00,0,0.0200,0.0049,0.0000,0.0059,0,REST-S,6,3,2
4186,3547,0:03:00,0,0.00,0,0.0200,0.0049,0.0000,0.0059,0,REST-S,6,3,2
4186,3548,0:03:30,0,0.00,0,0.0200,0.0049,0.0000,0.0059,0,REST-S,6,3,2
4186,3549,0:04:00,0,0.00,0,0.0200,0.0049,0.0000,0.0059,0,REST-S,6,3,2
4186,3550,0:04:30,0,0.00,0,0.0200,0.0049,0.0000,0.0059,0,REST-S,6,3,2
4186,3551,0:05:00,0,0.00,0,0.0200,0.0049,0.0000,0.0059,0,REST-S,6,3,2
4186,3552,0:05:30,0,0.00,0,0.0200,0.0049,0.0000,0.0059,0,REST-S,6,3,2
4186,3553,0:06:00,0,0.00,0,0.0200,0.0049,0.0000,0.0059,0,REST-S,6,3,2
4186,3554,0:06:30,0,0.00,0,0.0200,0.0049,0.0000,0.0059,0,REST-S,6,3,2
4186,3555,0:07:00,0,85.00,0,0.0100,0.0049,0.0000,0.0000,1,REST-S,6,3,2
4186,3556,0:07:30,0,0.00,0,0.0200,0.0049,0.0000,0.0059,0,REST-S,6,3,2
4186,3557,0:08:00,0,0.00,0,0.0200,0.0049,0.0000,0.0059,0,REST-S,6,3,2
4186,3558,0:08:30,0,0.00,0,0.0200,0.0049,0.0000,0.0059,0,REST-S,6,3,2
4186,3559,0:09:00,0,0.00,0,0.0200,0.0049,0.0000,0.0059,0,REST-S,6,3,2
4186,3560,0:09:30,0,0.00,0,0.0200,0.0049,0.0000,0.0059,0,REST-S,6,3,2
4186,3561,0:10:00,0,0.00,0,0.0200,0.0049,0.0000,0.0059,0,REST-S,6,3,2
4186,3562,0:10:30,0,0.00,0,0.1700,0.0042,0.0173,0.0059,0,REST-S,6,3,2
4186,3563,0:11:00,0,0.00,0,0.0200,0.0049,0.0000,0.0059,0,REST-S,6,3,2
4186,3564,0:11:30,0,0.00,0,0.0200,0.0049,0.0000,0.0059,0,REST-S,6,3,2
4186,3565,0:12:00,0,0.00,0,0.0200,0.0049,0.0000,0.0059,0,REST-S,6,3,2
4186,3566,0:12:30,0,0.00,0,0.0200,0.0049,0.0000,0.0059,0,REST-S,6,3,2
4186,3567,0:13:00,0,0.00,0,0.0200,0.0049,0.0000,0.0059,0,REST-S,6,3,2
4186,3568,0:13:30,0,0.00,0,0.0200,0.0049,0.0000,0.0059,0,REST-S,6,3,2
4186,3569,0:14:00,0,0.00,0,0.0200,0.0049,0.0000,0.0059,0,REST-S,6,3,2
4186,3570,0:14:30,0,0.00,0,0.0200,0.0049,0.0000,0.0059,0,REST-S,6,3,2
4186,3571,0:15:00,0,0.00,0,0.0200,0.0049,0.0000,0.0059,0,REST-S,6,3,2
4186,3572,0:15:30,0,0.00,0,0.0200,0.0049,0.0000,0.0059,0,REST-S,6,3,2
4186,3573,0:16:00,0,0.00,0,0.0200,0.0049,0.0000,0.0059,0,REST-S,6,3,2
4186,3574,0:16:30,0,0.00,0,0.0200,0.0049,0.0000,0.0059,0,REST-S,6,3,2
4186,3575,0:17:00,0,0.00,0,0.0200,0.0049,0.0000,0.0059,0,REST-S,6,3,2
4186,3576,0:17:30,0,0.00,0,0.0200,0.0049,0.0000,0.0059,0,REST-S,6,3,2
4186,3577,0:18:00,0,0.00,0,0.0200,0.0049,0.0000,0.0059,0,REST-S,6,3,2
4186,3578,0:18:30,0,0.00,0,0.0200,0.0049,0.0000,0.0059,0,REST-S,6,3,2
4186,3579,0:19:00,0,0.00,0,0.0200,0.0049,0.0000,0.0059,0,REST-S,6,3,2
4186,3580,0:19:30,0,0.00,0,0.0200,0.0049,0.0000,0.0059,0,REST-S,6,3,2
4186,3581,0:20:00,0,1.00,0,0.0200,0.0049,0.0000,0.0059,0,REST-S,6,3,2
4186,3582,0:20:30,0,0.00,0,0.0200,0.0049,0.0000,0.0059,0,REST-S,6,3,2
4186,3583,0:21:00,0,0.00,0,0.0200,0.0049,0.0000,0.0059,0,REST-S,6,3,2
4186,3584,0:21:30,0,0.00,0,0.0200,0.0049,0.0000,0.0059,0,REST-S,6,3,2
4186,3585,0:22:00,0,0.00,0,0.0200,0.0049,0.0000,0.0059,0,REST-S,6,3,2
4186,3586,0:22:30,0,0.00,0,0.0200,0.0049,0.0000,0.0059,0,REST-S,6,3,2
4186,3587,0:23:00,0,0.00,0,0.0200,0.0049,0.0000,0.0059,0,REST-S,6,3,2
4186,3588,0:23:30,0,0.00,0,0.0200,0.0049,0.0000,0.0059,0,REST-S,6,3,2
4186,3589,0:24:00,0,0.00,0,0.0200,0.0049,0.0000,0.0059,0,REST-S,6,3,2
4186,3590,0:24:30,0,0.00,0,0.0200,0.0049,0.0000,0.0059,0,REST-S,6,3,2
4186,3591,0:25:00,0,0.00,0,0.0200,0.0049,0.0000,0.0059,0,REST-S,6,3,2
4186,3592,0:25:30,0,0.00,0,0.0200,0.0049,0.0000,0.0059,0,REST-S,6,3,2
4186,3593,0:26:00,0,0.00,0,0.0200,0.0049,0.0000,0.0059,0,REST-S,6,3,2
4186,3594,0:26:30,0,0.00,0,0.0200,0.0049,0.0000,0.0059,0,REST-S,6,3,2
4186,3595,0:27:00,0,0.00,0,0.0200,0.0049,0.0000,0.0059,0,REST-S,6,3,2
4186,3596,0:27:30,0,0.00,0,0.0200,0.0049,0.0000,0.0059,0,REST-S,6,3,2
4186,3597,0:28:00,0,0.00,0,0.0200,0.0049,0.0000,0.0059,0,REST-S,6,3,2
4186,3598,0:28:30,0,0.00,0,0.0200,0.0049,0.0000,0.0059,0,REST-S,6,3,2
4186,3599,0:29:00,0,0.00,0,0.0200,0.0049,0.0000,0.0059,0,REST-S,6,3,2
4186,3600,0:29:30,0,0.00,0,0.0200,0.0049,0.0000,0.0059,0,REST-S,6,3,2
4186,3601,0:30:00,0,0.00,0,0.0200,0.0049,0.0000,0.0059,0,REST-S,6,3,2
4186,3602,0:30:30,0,1.00,0,0.0200,0.0049,0.0000,0.0059,0,REST-S,6,3,2
4186,3603,0:31:00,0,0.00,0,0.0200,0.0049,0.0000,0.0059,0,REST-S,6,3,2
4186,3604,0:31:30,0,0.00,0,0.0200,0.0049,0.0000,0.0059,0,REST-S,6,3,2
4186,3605,0:32:00,0,0.00,0,0.0200,0.0049,0.0000,0.0059,0,REST-S,6,3,2
4186,3606,0:32:30,0,0.00,0,0.0200,0.0049,0.0000,0.0059,0,REST-S,6,3,2
4186,3607,0:33:00,0,0.00,0,0.0200,0.0049,0.0000,0.0059,0,REST-S,6,3,2
4186,3608,0:33:30,0,0.00,0,0.0200,0.0049,0.0000,0.0059,0,REST-S,6,3,2
4186,3609,0:34:00,0,0.00,0,0.0200,0.0049,0.0000,0.0059,0,REST-S,6,3,2
4186,3610,0:34:30,0,0.00,0,0.0200,0.0049,0.0000,0.0059,0,REST-S,6,3,2
4186,3611,0:35:00,0,0.00,0,0.0200,0.0049,0.0000,0.0059,0,REST-S,6,3,2
4186,3612,0:35:30,0,0.00,0,0.0200,0.0049,0.0000,0.0059,0,REST-S,6,3,2
4186,3613,0:36:00,0,0.00,0,0.0200,0.0049,0.0000,0.0059,0,REST-S,6,3,2
4186,3614,0:36:30,0,0.00,0,0.0200,0.0049,0.0000,0.0059,0,REST-S,6,3,2
4186,3615,0:37:00,0,0.00,0,0.0200,0.0049,0.0000,0.0059,0,REST-S,6,3,2
4186,3616,0:37:30,0,0.00,0,0.0200,0.0049,0.0000,0.0059,0,REST-S,6,3,2
4186,3617,0:38:00,0,0.00,0,0.0200,0.0049,0.0000,0.0059,0,REST-S,6,3,2
4186,3618,0:38:30,0,0.00,0,0.0200,0.0049,0.0000,0.0059,0,REST-S,6,3,2
4186,3619,0:39:00,0,0.00,0,0.0200,0.0049,0.0000,0.0059,0,REST-S,6,3,2
4186,3620,0:39:30,0,9.00,0,0.0200,0.0049,0.0000,0.0059,1,REST-S,6,3,2
4186,3621,0:40:00,0,131.00,0,0.0200,0.0049,0.0000,0.0059,1,REST-S,6,3,2
4186,3622,0:40:30,0,0.00,0,0.0200,0.0049,0.0000,0.0059,0,REST-S,6,3,2
4186,3623,0:41:00,0,0.00,0,0.0200,0.0049,0.0000,0.0059,0,REST-S,6,3,2
4186,3624,0:41:30,0,0.00,0,0.0200,0.0049,0.0000,0.0059,0,REST-S,6,3,2
4186,3625,0:42:00,0,0.00,0,0.0200,0.0049,0.0000,0.0059,0,REST-S,6,3,2
4186,3626,0:42:30,0,0.00,0,0.0200,0.0049,0.0000,0.0059,0,REST-S,6,3,2
4186,3627,0:43:00,0,0.00,0,0.0200,0.0049,0.0000,0.0059,0,REST-S,6,3,2
4186,3628,0:43:30,0,0.00,0,0.0200,0.0049,0.0000,0.0059,0,REST-S,6,3,2
4186,3629,0:44:00,0,0.00,0,0.0200,0.0049,0.0000,0.0059,0,REST-S,6,3,2
4186,3630,0:44:30,0,0.00,0,0.0200,0.0049,0.0000,0.0059,0,REST-S,6,3,2
4186,3631,0:45:00,0,0.00,0,0.0200,0.0049,0.0000,0.0059,0,REST-S,6,3,2
4186,3632,0:45:30,0,0.00,0,0.0200,0.0049,0.0000,0.0059,0,REST-S,6,3,2
4186,3633,0:46:00,0,0.00,0,0.0200,0.0049,0.0000,0.0059,0,REST-S,6,3,2
4186,3634,0:46:30,0,1.00,0,0.0200,0.0049,0.0000,0.0059,0,REST-S,6,3,2
4186,3635,0:47:00,0,0.00,0,0.0200,0.0049,0.0000,0.0059,0,REST-S,6,3,2
4186,3636,0:47:30,0,0.00,0,0.0200,0.0049,0.0000,0.0059,0,REST-S,6,3,2
4186,3637,0:48:00,0,0.00,0,0.0200,0.0049,0.0000,0.0059,0,REST-S,6,3,2
4186,3638,0:48:30,0,0.00,0,0.0200,0.0049,0.0000,0.0059,0,REST-S,6,3,2
4186,3639,0:49:00,0,0.00,0,0.0200,0.0049,0.0000,0.0059,0,REST-S,6,3,2
4186,3640,0:49:30,0,0.00,0,0.0200,0.0049,0.0000,0.0059,0,REST-S,6,3,2
4186,3641,0:50:00,0,0.00,0,0.0200,0.0049,0.0000,0.0059,0,REST-S,6,3,2
4186,3642,0:50:30,0,0.00,0,0.0200,0.0049,0.0000,0.0059,0,REST-S,6,3,2
4186,3643,0:51:00,0,0.00,0,0.0200,0.0049,0.0000,0.0059,0,REST-S,6,3,2
4186,3644,0:51:30,0,0.00,0,0.0200,0.0049,0.0000,0.0059,0,REST-S,6,3,2
4186,3645,0:52:00,0,0.00,0,0.0200,0.0049,0.0000,0.0059,0,REST-S,6,3,2
4186,3646,0:52:30,0,0.00,0,0.0200,0.0049,0.0000,0.0059,0,REST-S,6,3,2
4186,3647,0:53:00,0,0.00,0,0.0200,0.0049,0.0000,0.0059,0,REST-S,6,3,2
4186,3648,0:53:30,0,0.00,0,0.0200,0.0049,0.0000,0.0059,0,REST-S,6,3,2
4186,3649,0:54:00,0,0.00,0,0.0300,0.0099,0.0000,0.0059,0,REST-S,6,3,2
4186,3650,0:54:30,0,0.00,0,0.0200,0.0049,0.0000,0.0059,0,REST-S,6,3,2
4186,3651,0:55:00,0,0.00,0,0.0200,0.0049,0.0000,0.0059,0,REST-S,6,3,2
4186,3652,0:55:30,0,0.00,0,0.0200,0.0049,0.0000,0.0059,0,REST-S,6,3,2
4186,3653,0:56:00,0,0.00,0,0.0300,0.0099,0.0000,0.0059,0,REST-S,6,3,2
4186,3654,0:56:30,0,0.00,0,0.1700,0.0042,0.0173,0.0059,0,REST-S,6,3,2
4186,3655,0:57:00,0,0.00,0,0.1700,0.0042,0.0173,0.0059,0,REST-S,6,3,2
4186,3656,0:57:30,0,0.00,0,0.1800,0.0085,0.0173,0.0059,0,REST-S,6,3,2
4186,3657,0:58:00,0,0.00,0,0.0200,0.0049,0.0000,0.0059,0,REST-S,6,3,2
4186,3658,0:58:30,0,0.00,0,0.0200,0.0049,0.0000,0.0059,0,REST-S,6,3,2
4186,3659,0:59:00,0,0.00,0,0.1700,0.0042,0.0173,0.0059,0,REST-S,6,3,2
4186,3660,0:59:30,0,0.00,0,0.0200,0.0049,0.0000,0.0059,0,REST-S,6,3,2
4186,3661,1:00:00,0,0.00,0,0.0200,0.0049,0.0000,0.0059,0,REST-S,6,3,2
4186,3662,1:00:30,0,0.00,0,0.1700,0.0042,0.0173,0.0059,0,REST-S,6,3,2
4186,3663,1:01:00,0,0.00,0,0.1700,0.0042,0.0173,0.0059,0,REST-S,6,3,2
4186,3664,1:01:30,0,0.00,0,0.0200,0.0049,0.0000,0.0059,0,REST-S,6,3,2
4186,3665,1:02:00,0,0.00,0,0.0200,0.0049,0.0000,0.0059,0,REST-S,6,3,2
4186,3666,1:02:30,0,0.00,0,0.0200,0.0049,0.0000,0.0059,0,REST-S,6,3,2
4186,3667,1:03:00,0,0.00,0,0.0200,0.0049,0.0000,0.0059,0,REST-S,6,3,2
4186,3668,1:03:30,0,1.00,0,0.0200,0.0049,0.0000,0.0059,0,REST-S,6,3,2
4186,3669,1:04:00,0,0.00,0,0.0200,0.0049,0.0000,0.0059,0,REST-S,6,3,2
4186,3670,1:04:30,0,0.00,0,0.1700,0.0042,0.0173,0.0059,0,REST-S,6,3,2
4186,3671,1:05:00,0,0.00,0,0.0200,0.0049,0.0000,0.0059,0,REST-S,6,3,2
4186,3672,1:05:30,0,0.00,0,0.0200,0.0049,0.0000,0.0059,0,REST-S,6,3,2
4186,3673,1:06:00,0,0.00,0,0.1700,0.0042,0.0173,0.0059,0,REST-S,6,3,2
4186,3674,1:06:30,0,0.00,0,0.1700,0.0042,0.0173,0.0059,0,REST-S,6,3,2
4186,3675,1:07:00,0,0.00,0,0.1700,0.0042,0.0173,0.0059,0,REST-S,6,3,2
4186,3676,1:07:30,0,0.00,0,0.0300,0.0099,0.0000,0.0059,0,REST-S,6,3,2
4186,3677,1:08:00,0,0.00,0,0.0300,0.0099,0.0000,0.0059,0,REST-S,6,3,2
4186,3678,1:08:30,0,0.00,0,0.1800,0.0085,0.0173,0.0059,0,REST-S,6,3,2
4186,3679,1:09:00,0,1.00,0,0.1800,0.0085,0.0173,0.0059,0,REST-S,6,3,2
4186,3680,1:09:30,0,0.00,0,0.1800,0.0085,0.0173,0.0059,0,REST-S,6,3,2
4186,3681,1:10:00,0,0.00,0,0.1700,0.0042,0.0173,0.0059,0,REST-S,6,3,2
4186,3682,1:10:30,0,1.00,0,0.0300,0.0099,0.0000,0.0059,0,REST-S,6,3,2
4186,3683,1:11:00,0,0.00,0,0.1700,0.0042,0.0173,0.0059,0,REST-S,6,3,2
4186,3684,1:11:30,0,0.00,0,0.0200,0.0049,0.0000,0.0059,0,REST-S,6,3,2
4186,3685,1:12:00,0,0.00,0,0.0200,0.0049,0.0000,0.0059,0,REST-S,6,3,2
4186,3686,1:12:30,0,0.00,0,0.0200,0.0049,0.0000,0.0059,0,REST-S,6,3,2
4186,3687,1:13:00,0,0.00,0,0.0200,0.0049,0.0000,0.0059,0,REST-S,6,3,2
4186,3688,1:13:30,0,0.00,0,0.0200,0.0049,0.0000,0.0059,0,REST-S,6,3,2
4186,3689,1:14:00,0,0.00,0,0.0200,0.0049,0.0000,0.0059,0,REST-S,6,3,2
4186,3690,1:14:30,0,1.00,0,0.1700,0.0042,0.0173,0.0059,0,REST-S,6,3,2
4186,3691,1:15:00,0,0.00,0,0.0200,0.0049,0.0000,0.0059,0,REST-S,6,3,2
4186,3692,1:15:30,0,0.00,0,0.0200,0.0049,0.0000,0.0059,0,REST-S,6,3,2
4186,3693,1:16:00,0,156.00,0,0.0100,0.0049,0.0000,0.0000,1,REST-S,6,3,2
4186,3694,1:16:30,0,12.00,0,0.0200,0.0049,0.0000,0.0059,1,REST-S,6,3,2
4186,3695,1:17:00,0,0.00,0,0.1700,0.0042,0.0173,0.0059,0,REST-S,6,3,2
4186,3696,1:17:30,0,0.00,0,0.0200,0.0049,0.0000,0.0059,0,REST-S,6,3,2
4186,3697,1:18:00,0,0.00,0,0.0200,0.0049,0.0000,0.0059,0,REST-S,6,3,2
4186,3698,1:18:30,0,0.00,0,0.1700,0.0042,0.0173,0.0059,0,REST-S,6,3,2
4186,3699,1:19:00,0,7.00,0,0.0200,0.0049,0.0000,0.0059,0,REST-S,6,3,2
4186,3700,1:19:30,0,0.00,0,0.0200,0.0049,0.0000,0.0059,0,REST-S,6,3,2
4186,3701,1:20:00,0,0.00,0,0.0200,0.0049,0.0000,0.0059,0,REST-S,6,3,2
4186,3702,1:20:30,0,0.00,0,0.0200,0.0049,0.0000,0.0059,0,REST-S,6,3,2
4186,3703,1:21:00,0,0.00,0,0.0200,0.0049,0.0000,0.0059,0,REST-S,6,3,2
4186,3704,1:21:30,0,0.00,0,0.1700,0.0042,0.0173,0.0059,0,REST-S,6,3,2
4186,3705,1:22:00,0,0.00,0,0.1700,0.0042,0.0173,0.0059,0,REST-S,6,3,2
4186,3706,1:22:30,0,0.00,0,0.1700,0.0042,0.0173,0.0059,0,REST-S,6,3,2
4186,3707,1:23:00,0,0.00,0,0.1700,0.0042,0.0173,0.0059,0,REST-S,6,3,2
4186,3708,1:23:30,0,0.00,0,0.0200,0.0049,0.0000,0.0059,0,REST-S,6,3,2
4186,3709,1:24:00,0,0.00,0,0.0200,0.0049,0.0000,0.0059,0,REST-S,6,3,2
4186,3710,1:24:30,0,0.00,0,0.0200,0.0049,0.0000,0.0059,0,REST-S,6,3,2
4186,3711,1:25:00,0,0.00,0,0.0200,0.0049,0.0000,0.0059,0,REST-S,6,3,2
4186,3712,1:25:30,0,0.00,0,0.0200,0.0049,0.0000,0.0059,0,REST-S,6,3,2
4186,3713,1:26:00,0,0.00,0,0.0200,0.0049,0.0000,0.0059,0,REST-S,6,3,2
4186,3714,1:26:30,0,0.00,0,0.0200,0.0049,0.0000,0.0059,0,REST-S,6,3,2
4186,3715,1:27:00,0,0.00,0,0.0200,0.0049,0.0000,0.0059,0,REST-S,6,3,2
4186,3716,1:27:30,0,43.00,0,0.0200,0.0049,0.0000,0.0059,1,REST-S,6,3,2
4186,3717,1:28:00,0,0.00,0,0.0200,0.0049,0.0000,0.0059,0,REST-S,6,3,2
4186,3718,1:28:30,0,0.00,0,0.0200,0.0049,0.0000,0.0059,0,REST-S,6,3,2
4186,3719,1:29:00,0,0.00,0,0.0200,0.0049,0.0000,0.0059,0,REST-S,6,3,2
4186,3720,1:29:30,0,0.00,0,0.0200,0.0049,0.0000,0.0059,0,REST-S,6,3,2
4186,3721,1:30:00,0,0.00,0,0.0200,0.0049,0.0000,0.0059,0,REST-S,6,3,2
4186,3722,1:30:30,0,1.00,0,0.0200,0.0049,0.0000,0.0059,0,REST-S,6,3,2
4186,3723,1:31:00,0,0.00,0,0.0200,0.0049,0.0000,0.0059,0,REST-S,6,3,2
4186,3724,1:31:30,0,0.00,0,0.0300,0.0099,0.0000,0.0059,0,REST-S,6,3,2
4186,3725,1:32:00,0,0.00,0,0.0200,0.0049,0.0000,0.0059,0,REST-S,6,3,2
4186,3726,1:32:30,0,0.00,0,0.1700,0.0042,0.0173,0.0059,0,REST-S,6,3,2
4186,3727,1:33:00,0,0.00,0,0.0200,0.0049,0.0000,0.0059,0,REST-S,6,3,2
4186,3728,1:33:30,0,0.00,0,0.0300,0.0099,0.0000,0.0059,0,REST-S,6,3,2
4186,3729,1:34:00,0,0.00,0,0.1800,0.0085,0.0173,0.0059,0,REST-S,6,3,2
4186,3730,1:34:30,0,0.00,0,0.0200,0.0049,0.0000,0.0059,0,REST-S,6,3,2
4186,3731,1:35:00,0,0.00,0,0.0200,0.0049,0.0000,0.0059,0,REST-S,6,3,2
4186,3732,1:35:30,0,0.00,0,0.1700,0.0042,0.0173,0.0059,0,REST-S,6,3,2
4186,3733,1:36:00,0,0.00,0,0.0200,0.0049,0.0000,0.0059,0,REST-S,6,3,2
4186,3734,1:36:30,0,0.00,0,0.1800,0.0085,0.0173,0.0059,0,REST-S,6,3,2
4186,3735,1:37:00,0,0.00,0,0.0200,0.0049,0.0000,0.0059,0,REST-S,6,3,2
4186,3736,1:37:30,0,184.00,0,0.0200,0.0049,0.0000,0.0059,1,REST-S,6,3,2
4186,3737,1:38:00,0,0.00,0,0.1700,0.0042,0.0173,0.0059,0,REST-S,6,3,2
4186,3738,1:38:30,0,0.00,0,0.0300,0.0099,0.0000,0.0059,0,REST-S,6,3,2
4186,3739,1:39:00,0,0.00,0,0.0200,0.0049,0.0000,0.0059,0,REST-S,6,3,2
4186,3740,1:39:30,0,0.00,0,0.1700,0.0042,0.0173,0.0059,0,REST-S,6,3,2
4186,3741,1:40:00,0,0.00,0,0.0200,0.0049,0.0000,0.0059,0,REST-S,6,3,2
4186,3742,1:40:30,0,67.00,0,0.0200,0.0049,0.0000,0.0059,1,REST-S,6,3,2
4186,3743,1:41:00,0,0.00,0,0.1700,0.0042,0.0173,0.0059,0,REST-S,6,3,2
4186,3744,1:41:30,0,0.00,0,0.0200,0.0049,0.0000,0.0059,0,REST-S,6,3,2
4186,3745,1:42:00,0,3.00,0,0.1700,0.0042,0.0173,0.0059,0,REST-S,6,3,2
4186,3746,1:42:30,0,0.00,0,0.0200,0.0049,0.0000,0.0059,0,REST-S,6,3,2
4186,3747,1:43:00,0,0.00,0,0.0200,0.0049,0.0000,0.0059,0,REST-S,6,3,2
4186,3748,1:43:30,0,0.00,0,0.0200,0.0049,0.0000,0.0059,0,REST-S,6,3,2
4186,3749,1:44:00,0,1.00,0,0.0200,0.0049,0.0000,0.0059,0,REST-S,6,3,2
4186,3750,1:44:30,0,1.00,0,0.0200,0.0049,0.0000,0.0059,0,REST-S,6,3,2
4186,3751,1:45:00,0,0.00,0,0.0200,0.0049,0.0000,0.0059,0,REST-S,6,3,2
4186,3752,1:45:30,0,0.00,0,0.1700,0.0042,0.0173,0.0059,0,REST-S,6,3,2
4186,3753,1:46:00,0,0.00,0,0.0200,0.0049,0.0000,0.0059,0,REST-S,6,3,2
4186,3754,1:46:30,0,0.00,0,0.0200,0.0049,0.0000,0.0059,0,REST-S,6,3,2
4186,3755,1:47:00,0,0.00,0,0.0200,0.0049,0.0000,0.0059,0,REST-S,6,3,2
4186,3756,1:47:30,0,0.00,0,0.0200,0.0049,0.0000,0.0059,0,REST-S,6,3,2
4186,3757,1:48:00,0,0.00,0,0.0200,0.0049,0.0000,0.0059,0,REST-S,6,3,2
4186,3758,1:48:30,0,0.00,0,0.1700,0.0042,0.0173,0.0059,1,REST-S,6,3,2
4186,3759,1:49:00,0,0.00,0,0.0200,0.0049,0.0000,0.0059,1,REST-S,6,3,2
4186,3760,1:49:30,0,204.00,0,0.0200,0.0049,0.0000,0.0059,1,REST-S,6,3,2
4186,3761,1:50:00,0,0.00,0,0.1800,0.0085,0.0173,0.0059,1,REST-S,6,3,2
4186,3762,1:50:30,0,0.00,0,0.1700,0.0042,0.0173,0.0059,1,REST-S,6,3,2
4186,3763,1:51:00,0,0.00,0,0.0200,0.0049,0.0000,0.0059,0,REST-S,6,3,2
4186,3764,1:51:30,0,0.00,0,0.0200,0.0049,0.0000,0.0059,0,REST-S,6,3,2
4186,3765,1:52:00,0,0.00,0,0.0200,0.0049,0.0000,0.0059,0,REST-S,6,3,2
4186,3766,1:52:30,0,0.00,0,0.0200,0.0049,0.0000,0.0059,0,REST-S,6,3,2
4186,3767,1:53:00,0,0.00,0,0.0200,0.0049,0.0000,0.0059,0,REST-S,6,3,2
4186,3768,1:53:30,0,0.00,0,0.0200,0.0049,0.0000,0.0059,0,REST-S,6,3,2
4186,3769,1:54:00,0,0.00,0,0.0200,0.0049,0.0000,0.0059,0,REST-S,6,3,2
4186,3770,1:54:30,0,21.00,0,0.0200,0.0049,0.0000,0.0059,1,REST-S,6,3,2
4186,3771,1:55:00,0,1.00,0,0.0200,0.0049,0.0000,0.0059,0,REST-S,6,3,2
4186,3772,1:55:30,0,0.00,0,0.0200,0.0049,0.0000,0.0059,0,REST-S,6,3,2
4186,3773,1:56:00,0,0.00,0,0.0200,0.0049,0.0000,0.0059,0,REST-S,6,3,2
4186,3774,1:56:30,0,0.00,0,0.0200,0.0049,0.0000,0.0059,0,REST-S,6,3,2
4186,3775,1:57:00,0,0.00,0,0.0100,0.0049,0.0000,0.0000,0,REST-S,6,3,2
4186,3776,1:57:30,0,0.00,0,0.0200,0.0049,0.0000,0.0059,0,REST-S,6,3,2
4186,3777,1:58:00,0,0.00,0,0.0200,0.0049,0.0000,0.0059,0,REST-S,6,3,2
4186,3778,1:58:30,0,0.00,0,0.0200,0.0049,0.0000,0.0059,0,REST-S,6,3,2
4186,3779,1:59:00,0,1.00,0,0.0200,0.0049,0.0000,0.0059,0,REST-S,6,3,2
4186,3780,1:59:30,0,0.00,0,0.1700,0.0042,0.0173,0.0059,0,REST-S,6,3,2
4186,3781,2:00:00,0,0.00,0,0.1700,0.0042,0.0173,0.0059,0,REST-S,6,3,2
4186,3782,2:00:30,0,0.00,0,0.0200,0.0049,0.0000,0.0059,0,REST-S,6,3,2
4186,3783,2:01:00,0,0.00,0,0.0300,0.0099,0.0000,0.0059,0,REST-S,6,3,2
4186,3784,2:01:30,0,0.00,0,0.0200,0.0049,0.0000,0.0059,0,REST-S,6,3,2
4186,3785,2:02:00,0,0.00,0,0.0200,0.0049,0.0000,0.0059,0,REST-S,6,3,2
4186,3786,2:02:30,0,0.00,0,0.1700,0.0042,0.0173,0.0059,0,REST-S,6,3,2
4186,3787,2:03:00,0,0.00,0,0.0200,0.0049,0.0000,0.0059,0,REST-S,6,3,2
4186,3788,2:03:30,0,0.00,0,0.0200,0.0049,0.0000,0.0059,0,REST-S,6,3,2
4186,3789,2:04:00,0,0.00,0,0.0200,0.0049,0.0000,0.0059,0,REST-S,6,3,2
4186,3790,2:04:30,0,0.00,0,0.0200,0.0049,0.0000,0.0059,0,REST-S,6,3,2
4186,3791,2:05:00,0,0.00,0,0.0200,0.0049,0.0000,0.0059,0,REST-S,6,3,2
4186,3792,2:05:30,0,0.00,0,0.0200,0.0049,0.0000,0.0059,0,REST-S,6,3,2
4186,3793,2:06:00,0,0.00,0,0.0200,0.0049,0.0000,0.0059,0,REST-S,6,3,2
4186,3794,2:06:30,0,0.00,0,0.0200,0.0049,0.0000,0.0059,0,REST-S,6,3,2
4186,3795,2:07:00,0,43.00,0,0.0200,0.0049,0.0000,0.0059,1,REST-S,6,3,2
4186,3796,2:07:30,0,9.00,0,0.0200,0.0049,0.0000,0.0059,0,REST-S,6,3,2
4186,3797,2:08:00,0,0.00,0,0.0200,0.0049,0.0000,0.0059,0,REST-S,6,3,2
4186,3798,2:08:30,0,0.00,0,0.0200,0.0049,0.0000,0.0059,0,REST-S,6,3,2
4186,3799,2:09:00,0,0.00,0,0.0200,0.0049,0.0000,0.0059,0,REST-S,6,3,2
4186,3800,2:09:30,0,0.00,0,0.0200,0.0049,0.0000,0.0059,0,REST-S,6,3,2
4186,3801,2:10:00,0,0.00,0,0.0200,0.0049,0.0000,0.0059,0,REST-S,6,3,2
4186,3802,2:10:30,0,0.00,0,0.0200,0.0049,0.0000,0.0059,0,REST-S,6,3,2
4186,3803,2:11:00,0,0.00,0,0.0200,0.0049,0.0000,0.0059,0,REST-S,6,3,2
4186,3804,2:11:30,0,0.00,0,0.0200,0.0049,0.0000,0.0059,0,REST-S,6,3,2
4186,3805,2:12:00,0,1.00,0,0.0200,0.0049,0.0000,0.0059,0,REST-S,6,3,2
4186,3806,2:12:30,0,0.00,0,0.0200,0.0049,0.0000,0.0059,0,REST-S,6,3,2
4186,3807,2:13:00,0,0.00,0,0.0200,0.0049,0.0000,0.0059,0,REST-S,6,3,2
4186,3808,2:13:30,0,0.00,0,0.0200,0.0049,0.0000,0.0059,0,REST-S,6,3,2
4186,3809,2:14:00,0,0.00,0,0.0200,0.0049,0.0000,0.0059,0,REST-S,6,3,2
4186,3810,2:14:30,0,0.00,0,0.0200,0.0049,0.0000,0.0059,0,REST-S,6,3,2
4186,3811,2:15:00,0,0.00,0,0.0200,0.0049,0.0000,0.0059,0,REST-S,6,3,2
4186,3812,2:15:30,0,0.00,0,0.0200,0.0049,0.0000,0.0059,0,REST-S,6,3,2
4186,3813,2:16:00,0,0.00,0,0.0200,0.0049,0.0000,0.0059,0,REST-S,6,3,2
4186,3814,2:16:30,0,0.00,0,0.0200,0.0049,0.0000,0.0059,0,REST-S,6,3,2
4186,3815,2:17:00,0,0.00,0,0.0800,0.0215,0.0012,0.0215,0,REST-S,6,3,2
4186,3816,2:17:30,0,0.00,0,0.2200,0.0298,0.0173,0.0059,0,REST-S,6,3,2
4186,3817,2:18:00,0,0.00,0,0.5400,0.0298,0.0523,0.0173,0,REST-S,6,3,2
4186,3818,2:18:30,0,0.00,0,0.5600,0.0298,0.0523,0.0292,0,REST-S,6,3,2
4186,3819,2:19:00,0,0.00,0,0.5600,0.0298,0.0523,0.0292,0,REST-S,6,3,2
4186,3820,2:19:30,0,0.00,0,0.5600,0.0298,0.0523,0.0292,0,REST-S,6,3,2
4186,3821,2:20:00,0,1.00,0,0.5600,0.0298,0.0523,0.0292,0,REST-S,6,3,2
4186,3822,2:20:30,0,0.00,0,0.5600,0.0298,0.0523,0.0292,0,REST-S,6,3,2
4186,3823,2:21:00,0,0.00,0,0.5600,0.0298,0.0523,0.0292,0,REST-S,6,3,2
4186,3824,2:21:30,0,0.00,0,0.5600,0.0298,0.0523,0.0292,0,REST-S,6,3,2
4186,3825,2:22:00,0,0.00,0,0.5200,0.0215,0.0523,0.0173,0,REST-S,6,3,2
4186,3826,2:22:30,0,0.00,0,0.0800,0.0215,0.0012,0.0215,0,REST-S,6,3,2
4186,3827,2:23:00,0,0.00,0,0.1000,0.0298,0.0012,0.0215,0,REST-S,6,3,2
4186,3828,2:23:30,0,0.00,0,0.5400,0.0298,0.0523,0.0173,0,REST-S,6,3,2
4186,3829,2:24:00,0,0.00,0,0.5200,0.0215,0.0523,0.0173,0,REST-S,6,3,2
4186,3830,2:24:30,0,0.00,0,0.5600,0.0298,0.0523,0.0292,0,REST-S,6,3,2
4186,3831,2:25:00,0,0.00,0,0.5600,0.0298,0.0523,0.0292,0,REST-S,6,3,2
4186,3832,2:25:30,0,0.00,0,0.5600,0.0298,0.0523,0.0292,0,REST-S,6,3,2
4186,3833,2:26:00,0,0.00,0,0.5600,0.0298,0.0523,0.0292,0,REST-S,6,3,2
4186,3834,2:26:30,0,0.00,0,0.5600,0.0298,0.0523,0.0292,0,REST-S,6,3,2
4186,3835,2:27:00,0,0.00,0,0.5600,0.0298,0.0523,0.0292,0,REST-S,6,3,2
4186,3836,2:27:30,0,0.00,0,0.5600,0.0298,0.0523,0.0292,0,REST-S,6,3,2
4186,3837,2:28:00,0,0.00,0,0.5400,0.0298,0.0523,0.0173,0,REST-S,6,3,2
4186,3838,2:28:30,0,0.00,0,0.5200,0.0215,0.0523,0.0173,0,REST-S,6,3,2
4186,3839,2:29:00,0,0.00,0,0.2200,0.0298,0.0173,0.0059,0,REST-S,6,3,2
4186,3840,2:29:30,0,0.00,0,0.5200,0.0215,0.0523,0.0173,0,REST-S,6,3,2
4186,3841,2:30:00,0,75.00,0,0.5600,0.0298,0.0523,0.0292,1,REST-S,6,3,2
4186,3842,2:30:30,0,1.00,0,0.5200,0.0215,0.0523,0.0173,0,REST-S,6,3,2
4186,3843,2:31:00,0,0.00,0,0.5400,0.0298,0.0523,0.0173,0,REST-S,6,3,2
4186,3844,2:31:30,0,0.00,0,0.5600,0.0298,0.0523,0.0292,0,REST-S,6,3,2
4186,3845,2:32:00,0,0.00,0,0.5400,0.0298,0.0523,0.0173,0,REST-S,6,3,2
4186,3846,2:32:30,0,0.00,0,0.5200,0.0215,0.0523,0.0173,0,REST-S,6,3,2
4186,3847,2:33:00,0,0.00,0,0.5200,0.0215,0.0523,0.0173,0,REST-S,6,3,2
4186,3848,2:33:30,0,0.00,0,0.1000,0.0298,0.0012,0.0215,0,REST-S,6,3,2
4186,3849,2:34:00,0,82.00,0,0.2100,0.0215,0.0173,0.0059,1,REST-S,6,3,2
4186,3850,2:34:30,0,0.00,0,0.5500,0.0339,0.0523,0.0173,0,REST-S,6,3,2
4186,3851,2:35:00,0,0.00,0,0.5400,0.0298,0.0523,0.0173,0,REST-S,6,3,2
4186,3852,2:35:30,0,0.00,0,0.5400,0.0298,0.0523,0.0173,0,REST-S,6,3,2
4186,3853,2:36:00,0,0.00,0,0.5400,0.0298,0.0523,0.0173,0,REST-S,6,3,2
4186,3854,2:36:30,0,0.00,0,0.5400,0.0298,0.0523,0.0173,0,REST-S,6,3,2
4186,3855,2:37:00,0,0.00,0,0.2100,0.0215,0.0173,0.0059,0,REST-S,6,3,2
4186,3856,2:37:30,0,0.00,0,0.5400,0.0298,0.0523,0.0173,0,REST-S,6,3,2
4186,3857,2:38:00,0,0.00,0,0.2000,0.0170,0.0173,0.0059,0,REST-S,6,3,2
4186,3858,2:38:30,0,0.00,0,0.5400,0.0298,0.0523,0.0173,0,REST-S,6,3,2
4186,3859,2:39:00,0,0.00,0,0.5500,0.0339,0.0523,0.0173,0,REST-S,6,3,2
4186,3860,2:39:30,0,0.00,0,0.5500,0.0339,0.0523,0.0173,0,REST-S,6,3,2
4186,3861,2:40:00,0,0.00,0,0.5200,0.0215,0.0523,0.0173,0,REST-S,6,3,2
4186,3862,2:40:30,0,0.00,0,0.5500,0.0339,0.0523,0.0173,0,REST-S,6,3,2
4186,3863,2:41:00,0,0.00,0,0.5600,0.0298,0.0523,0.0292,0,REST-S,6,3,2
4186,3864,2:41:30,0,0.00,0,0.5400,0.0298,0.0523,0.0173,0,REST-S,6,3,2
4186,3865,2:42:00,0,0.00,0,0.1000,0.0298,0.0012,0.0215,0,REST-S,6,3,2
4186,3866,2:42:30,0,0.00,0,0.5400,0.0298,0.0523,0.0173,0,REST-S,6,3,2
4186,3867,2:43:00,0,0.00,0,0.5400,0.0298,0.0523,0.0173,0,REST-S,6,3,2
4186,3868,2:43:30,0,0.00,0,0.5200,0.0215,0.0523,0.0173,0,REST-S,6,3,2
4186,3869,2:44:00,0,0.00,0,0.5500,0.0339,0.0523,0.0173,0,REST-S,6,3,2
4186,3870,2:44:30,0,0.00,0,0.5400,0.0298,0.0523,0.0173,0,REST-S,6,3,2
4186,3871,2:45:00,0,0.00,0,0.5400,0.0298,0.0523,0.0173,0,REST-S,6,3,2
4186,3872,2:45:30,0,0.00,0,0.5500,0.0339,0.0523,0.0173,0,REST-S,6,3,2
4186,3873,2:46:00,0,0.00,0,0.5500,0.0339,0.0523,0.0173,0,REST-S,6,3,2
4186,3874,2:46:30,0,0.00,0,0.0500,0.0085,0.0012,0.0215,0,REST-S,6,3,2
4186,3875,2:47:00,0,0.00,0,0.5100,0.0170,0.0523,0.0173,0,REST-S,6,3,2
4186,3876,2:47:30,0,0.00,0,0.5400,0.0298,0.0523,0.0173,0,REST-S,6,3,2
4186,3877,2:48:00,0,0.00,0,0.5500,0.0339,0.0523,0.0173,0,REST-S,6,3,2
4186,3878,2:48:30,0,0.00,0,0.5500,0.0339,0.0523,0.0173,0,REST-S,6,3,2
4186,3879,2:49:00,0,0.00,0,0.5200,0.0215,0.0523,0.0173,0,REST-S,6,3,2
4186,3880,2:49:30,0,0.00,0,0.5200,0.0215,0.0523,0.0173,0,REST-S,6,3,2
4186,3881,2:50:00,0,0.00,0,0.5200,0.0215,0.0523,0.0173,0,REST-S,6,3,2
4186,3882,2:50:30,0,0.00,0,0.5400,0.0298,0.0523,0.0173,0,REST-S,6,3,2
4186,3883,2:51:00,0,0.00,0,0.5200,0.0215,0.0523,0.0173,0,REST-S,6,3,2
4186,3884,2:51:30,0,0.00,0,0.5400,0.0298,0.0523,0.0173,0,REST-S,6,3,2
4186,3885,2:52:00,0,0.00,0,0.5200,0.0215,0.0523,0.0173,0,REST-S,6,3,2
4186,3886,2:52:30,0,0.00,0,0.5400,0.0298,0.0523,0.0173,0,REST-S,6,3,2
4186,3887,2:53:00,0,0.00,0,0.5400,0.0298,0.0523,0.0173,0,REST-S,6,3,2
4186,3888,2:53:30,0,0.00,0,0.5400,0.0298,0.0523,0.0173,0,REST-S,6,3,2
4186,3889,2:54:00,0,0.00,0,0.5500,0.0339,0.0523,0.0173,0,REST-S,6,3,2
4186,3890,2:54:30,0,0.00,0,0.1000,0.0298,0.0012,0.0215,0,REST-S,6,3,2
4186,3891,2:55:00,0,0.00,0,0.5400,0.0298,0.0523,0.0173,0,REST-S,6,3,2
4186,3892,2:55:30,0,0.00,0,0.5400,0.0298,0.0523,0.0173,0,REST-S,6,3,2
4186,3893,2:56:00,0,0.00,0,0.5700,0.0431,0.0523,0.0173,0,REST-S,6,3,2
4186,3894,2:56:30,0,0.00,0,0.5400,0.0298,0.0523,0.0173,0,REST-S,6,3,2
4186,3895,2:57:00,0,0.00,0,0.1000,0.0298,0.0012,0.0215,0,REST-S,6,3,2
4186,3896,2:57:30,0,0.00,0,0.5500,0.0339,0.0523,0.0173,0,REST-S,6,3,2
4186,3897,2:58:00,0,0.00,0,0.5500,0.0339,0.0523,0.0173,0,REST-S,6,3,2
4186,3898,2:58:30,0,0.00,0,0.5500,0.0339,0.0523,0.0173,0,REST-S,6,3,2
4186,3899,2:59:00,0,0.00,0,0.5500,0.0339,0.0523,0.0173,0,REST-S,6,3,2
4186,3900,2:59:30,0,0.00,0,0.5400,0.0298,0.0523,0.0173,0,REST-S,6,3,2
4186,3901,3:00:00,0,0.00,0,0.5200,0.0215,0.0523,0.0173,0,REST-S,6,3,2
4186,3902,3:00:30,0,0.00,0,0.5200,0.0215,0.0523,0.0173,0,REST-S,6,3,2
4186,3903,3:01:00,0,0.00,0,0.5400,0.0298,0.0523,0.0173,0,REST-S,6,3,2
4186,3904,3:01:30,0,0.00,0,0.5400,0.0298,0.0523,0.0173,0,REST-S,6,3,2
4186,3905,3:02:00,0,0.00,0,0.5400,0.0298,0.0523,0.0173,0,REST-S,6,3,2
4186,3906,3:02:30,0,0.00,0,0.2100,0.0215,0.0173,0.0059,0,REST-S,6,3,2
4186,3907,3:03:00,0,0.00,0,0.5400,0.0298,0.0523,0.0173,0,REST-S,6,3,2
4186,3908,3:03:30,0,0.00,0,0.5400,0.0298,0.0523,0.0173,0,REST-S,6,3,2
4186,3909,3:04:00,0,0.00,0,0.5500,0.0339,0.0523,0.0173,0,REST-S,6,3,2
4186,3910,3:04:30,0,0.00,0,0.5400,0.0298,0.0523,0.0173,0,REST-S,6,3,2
4186,3911,3:05:00,0,38.00,0,0.5500,0.0339,0.0523,0.0173,1,REST-S,6,3,2
4186,3912,3:05:30,0,1.00,0,0.1000,0.0298,0.0012,0.0215,0,REST-S,6,3,2
4186,3913,3:06:00,0,0.00,0,0.5400,0.0298,0.0523,0.0173,0,REST-S,6,3,2
4186,3914,3:06:30,0,0.00,0,0.5500,0.0339,0.0523,0.0173,0,REST-S,6,3,2
4186,3915,3:07:00,0,0.00,0,0.5400,0.0298,0.0523,0.0173,0,REST-S,6,3,2
4186,3916,3:07:30,0,0.00,0,0.2100,0.0215,0.0173,0.0059,0,REST-S,6,3,2
4186,3917,3:08:00,0,0.00,0,0.5400,0.0298,0.0523,0.0173,0,REST-S,6,3,2
4186,3918,3:08:30,0,0.00,0,0.5400,0.0298,0.0523,0.0173,0,REST-S,6,3,2
4186,3919,3:09:00,0,0.00,0,0.5400,0.0298,0.0523,0.0173,0,REST-S,6,3,2
4186,3920,3:09:30,0,0.00,0,0.5400,0.0298,0.0523,0.0173,0,REST-S,6,3,2
4186,3921,3:10:00,0,0.00,0,0.5200,0.0215,0.0523,0.0173,0,REST-S,6,3,2
4186,3922,3:10:30,0,0.00,0,0.5400,0.0298,0.0523,0.0173,0,REST-S,6,3,2
4186,3923,3:11:00,0,0.00,0,0.5400,0.0298,0.0523,0.0173,0,REST-S,6,3,2
4186,3924,3:11:30,0,0.00,0,0.5400,0.0298,0.0523,0.0173,0,REST-S,6,3,2
4186,3925,3:12:00,0,0.00,0,0.5200,0.0215,0.0523,0.0173,0,REST-S,6,3,2
4186,3926,3:12:30,0,0.00,0,0.0800,0.0215,0.0012,0.0215,0,REST-S,6,3,2
4186,3927,3:13:00,0,0.00,0,0.0800,0.0215,0.0012,0.0215,0,REST-S,6,3,2
4186,3928,3:13:30,0,31.00,0,0.5400,0.0298,0.0523,0.0173,1,REST-S,6,3,2
4186,3929,3:14:00,0,0.00,0,0.5400,0.0298,0.0523,0.0173,0,REST-S,6,3,2
4186,3930,3:14:30,0,0.00,0,0.1000,0.0298,0.0012,0.0215,0,REST-S,6,3,2
4186,3931,3:15:00,0,0.00,0,0.5200,0.0215,0.0523,0.0173,0,REST-S,6,3,2
4186,3932,3:15:30,0,0.00,0,0.5200,0.0215,0.0523,0.0173,0,REST-S,6,3,2
4186,3933,3:16:00,0,0.00,0,0.5200,0.0215,0.0523,0.0173,0,REST-S,6,3,2
4186,3934,3:16:30,0,0.00,0,0.5400,0.0298,0.0523,0.0173,0,REST-S,6,3,2
4186,3935,3:17:00,0,0.00,0,0.5400,0.0298,0.0523,0.0173,0,REST-S,6,3,2
4186,3936,3:17:30,0,0.00,0,0.5400,0.0298,0.0523,0.0173,0,REST-S,6,3,2
4186,3937,3:18:00,0,0.00,0,0.5400,0.0298,0.0523,0.0173,0,REST-S,6,3,2
4186,3938,3:18:30,0,0.00,0,0.5200,0.0215,0.0523,0.0173,0,REST-S,6,3,2
4186,3939,3:19:00,0,0.00,0,0.0700,0.0170,0.0012,0.0215,0,REST-S,6,3,2
4186,3940,3:19:30,0,0.00,0,0.5200,0.0215,0.0523,0.0173,0,REST-S,6,3,2
4186,3941,3:20:00,0,1.00,0,0.5100,0.0170,0.0523,0.0173,0,REST-S,6,3,2
4186,3942,3:20:30,0,0.00,0,0.0800,0.0215,0.0012,0.0215,0,REST-S,6,3,2
4186,3943,3:21:00,0,0.00,0,0.5400,0.0298,0.0523,0.0173,0,REST-S,6,3,2
4186,3944,3:21:30,0,0.00,0,0.5400,0.0298,0.0523,0.0173,0,REST-S,6,3,2
4186,3945,3:22:00,0,0.00,0,0.5400,0.0298,0.0523,0.0173,0,REST-S,6,3,2
4186,3946,3:22:30,0,0.00,0,0.5400,0.0298,0.0523,0.0173,0,REST-S,6,3,2
4186,3947,3:23:00,0,0.00,0,0.5200,0.0215,0.0523,0.0173,0,REST-S,6,3,2
4186,3948,3:23:30,0,0.00,0,0.2100,0.0215,0.0173,0.0059,0,REST-S,6,3,2
4186,3949,3:24:00,0,0.00,0,0.5400,0.0298,0.0523,0.0173,0,REST-S,6,3,2
4186,3950,3:24:30,0,0.00,0,0.5200,0.0215,0.0523,0.0173,0,REST-S,6,3,2
4186,3951,3:25:00,0,0.00,0,0.5400,0.0298,0.0523,0.0173,0,REST-S,6,3,2
4186,3952,3:25:30,0,0.00,0,0.5400,0.0298,0.0523,0.0173,0,REST-S,6,3,2
4186,3953,3:26:00,0,0.00,0,0.5400,0.0298,0.0523,0.0173,0,REST-S,6,3,2
4186,3954,3:26:30,0,0.00,0,0.5200,0.0215,0.0523,0.0173,0,REST-S,6,3,2
4186,3955,3:27:00,0,30.00,0,0.0800,0.0215,0.0012,0.0215,1,REST-S,6,3,2
4186,3956,3:27:30,0,0.00,0,0.5400,0.0298,0.0523,0.0173,0,REST-S,6,3,2
4186,3957,3:28:00,0,0.00,0,0.0800,0.0215,0.0012,0.0215,0,REST-S,6,3,2
4186,3958,3:28:30,0,0.00,0,0.5200,0.0215,0.0523,0.0173,0,REST-S,6,3,2
4186,3959,3:29:00,0,0.00,0,0.2200,0.0298,0.0173,0.0059,0,REST-S,6,3,2
4186,3960,3:29:30,0,0.00,0,0.0800,0.0215,0.0012,0.0215,0,REST-S,6,3,2
4186,3961,3:30:00,0,0.00,0,0.5100,0.0170,0.0523,0.0173,0,REST-S,6,3,2
4186,3962,3:30:30,0,1.00,0,0.5400,0.0298,0.0523,0.0173,0,REST-S,6,3,2
4186,3963,3:31:00,0,0.00,0,0.5400,0.0298,0.0523,0.0173,0,REST-S,6,3,2
4186,3964,3:31:30,0,0.00,0,0.5400,0.0298,0.0523,0.0173,0,REST-S,6,3,2
4186,3965,3:32:00,0,0.00,0,0.5400,0.0298,0.0523,0.0173,0,REST-S,6,3,2
4186,3966,3:32:30,0,0.00,0,0.5200,0.0215,0.0523,0.0173,0,REST-S,6,3,2
4186,3967,3:33:00,0,0.00,0,0.5400,0.0298,0.0523,0.0173,0,REST-S,6,3,2
4186,3968,3:33:30,0,0.00,0,0.5400,0.0298,0.0523,0.0173,0,REST-S,6,3,2
4186,3969,3:34:00,0,0.00,0,0.5200,0.0215,0.0523,0.0173,0,REST-S,6,3,2
4186,3970,3:34:30,0,0.00,0,0.5400,0.0298,0.0523,0.0173,0,REST-S,6,3,2
4186,3971,3:35:00,0,0.00,0,0.5400,0.0298,0.0523,0.0173,0,REST-S,6,3,2
4186,3972,3:35:30,0,0.00,0,0.5400,0.0298,0.0523,0.0173,0,REST-S,6,3,2
4186,3973,3:36:00,0,0.00,0,0.5400,0.0298,0.0523,0.0173,0,REST-S,6,3,2
4186,3974,3:36:30,0,0.00,0,0.1000,0.0298,0.0012,0.0215,0,REST-S,6,3,2
4186,3975,3:37:00,0,40.00,0,0.0800,0.0215,0.0012,0.0215,1,REST-S,6,3,2
4186,3976,3:37:30,0,0.00,0,0.5600,0.0298,0.0523,0.0292,0,REST-S,6,3,2
4186,3977,3:38:00,0,0.00,0,0.8700,0.0298,0.0880,0.0292,0,REST-S,6,3,2
4186,3978,3:38:30,0,0.00,0,0.9000,0.0431,0.0880,0.0292,0,REST-S,6,3,2
4186,3979,3:39:00,0,0.00,0,0.5700,0.0431,0.0523,0.0173,0,REST-S,6,3,2
4186,3980,3:39:30,0,0.00,0,0.5700,0.0431,0.0523,0.0173,0,REST-S,6,3,2
4186,3981,3:40:00,0,0.00,0,0.5600,0.0298,0.0523,0.0292,0,REST-S,6,3,2
4186,3982,3:40:30,0,0.00,0,0.5700,0.0339,0.0523,0.0292,0,REST-S,6,3,2
4186,3983,3:41:00,0,0.00,0,0.8700,0.0298,0.0880,0.0292,0,REST-S,6,3,2
4186,3984,3:41:30,0,1.00,0,0.5500,0.0339,0.0523,0.0173,0,REST-S,6,3,2
4186,3985,3:42:00,0,0.00,0,0.5400,0.0298,0.0523,0.0173,0,REST-S,6,3,2
4186,3986,3:42:30,0,0.00,0,0.5500,0.0339,0.0523,0.0173,0,REST-S,6,3,2
4186,3987,3:43:00,0,0.00,0,0.5500,0.0339,0.0523,0.0173,0,REST-S,6,3,2
4186,3988,3:43:30,0,0.00,0,0.5400,0.0298,0.0523,0.0173,0,REST-S,6,3,2
4186,3989,3:44:00,0,0.00,0,0.8800,0.0339,0.0880,0.0292,0,REST-S,6,3,2
4186,3990,3:44:30,0,0.00,0,0.8800,0.0339,0.0880,0.0292,0,REST-S,6,3,2
4186,3991,3:45:00,0,0.00,0,0.5700,0.0339,0.0523,0.0292,0,REST-S,6,3,2
4186,3992,3:45:30,0,1.00,0,0.5600,0.0298,0.0523,0.0292,0,REST-S,6,3,2
4186,3993,3:46:00,0,0.00,0,0.5400,0.0298,0.0523,0.0173,0,REST-S,6,3,2
4186,3994,3:46:30,0,0.00,0,0.5100,0.0170,0.0523,0.0173,0,REST-S,6,3,2
4186,3995,3:47:00,0,0.00,0,0.5300,0.0170,0.0523,0.0292,0,REST-S,6,3,2
4186,3996,3:47:30,0,0.00,0,0.5500,0.0339,0.0523,0.0173,0,REST-S,6,3,2
4186,3997,3:48:00,0,0.00,0,0.5500,0.0339,0.0523,0.0173,0,REST-S,6,3,2
4186,3998,3:48:30,0,0.00,0,0.5500,0.0339,0.0523,0.0173,0,REST-S,6,3,2
4186,3999,3:49:00,0,0.00,0,0.5600,0.0298,0.0523,0.0292,0,REST-S,6,3,2
4186,4000,3:49:30,0,0.00,0,0.5400,0.0215,0.0523,0.0292,0,REST-S,6,3,2
4186,4001,3:50:00,0,0.00,0,0.5400,0.0298,0.0523,0.0173,0,REST-S,6,3,2
4186,4002,3:50:30,0,0.00,0,0.5400,0.0298,0.0523,0.0173,0,REST-S,6,3,2
4186,4003,3:51:00,0,0.00,0,0.5400,0.0298,0.0523,0.0173,0,REST-S,6,3,2
4186,4004,3:51:30,0,0.00,0,0.5400,0.0298,0.0523,0.0173,0,REST-S,6,3,2
4186,4005,3:52:00,0,7.00,0,0.5400,0.0298,0.0523,0.0173,0,REST-S,6,3,2
4186,4006,3:52:30,0,0.00,0,0.5400,0.0298,0.0523,0.0173,0,REST-S,6,3,2
4186,4007,3:53:00,0,0.00,0,0.5400,0.0298,0.0523,0.0173,0,REST-S,6,3,2
4186,4008,3:53:30,0,0.00,0,0.5500,0.0339,0.0523,0.0173,0,REST-S,6,3,2
4186,4009,3:54:00,0,0.00,0,0.5700,0.0431,0.0523,0.0173,0,REST-S,6,3,2
4186,4010,3:54:30,0,0.00,0,0.5400,0.0298,0.0523,0.0173,0,REST-S,6,3,2
4186,4011,3:55:00,0,0.00,0,0.5700,0.0339,0.0523,0.0292,0,REST-S,6,3,2
4186,4012,3:55:30,0,0.00,0,0.5400,0.0298,0.0523,0.0173,0,REST-S,6,3,2
4186,4013,3:56:00,0,0.00,0,0.5400,0.0298,0.0523,0.0173,0,REST-S,6,3,2
4186,4014,3:56:30,0,0.00,0,0.5700,0.0339,0.0523,0.0292,0,REST-S,6,3,2
4186,4015,3:57:00,0,67.00,0,0.5400,0.0298,0.0523,0.0173,1,REST-S,6,3,2
4186,4016,3:57:30,0,0.00,0,0.9100,0.0470,0.0880,0.0292,0,REST-S,6,3,2
4186,4017,3:58:00,0,0.00,0,0.9000,0.0431,0.0880,0.0292,0,REST-S,6,3,2
4186,4018,3:58:30,0,0.00,0,0.9000,0.0431,0.0880,0.0292,0,REST-S,6,3,2
4186,4019,3:59:00,0,0.00,0,0.9000,0.0431,0.0880,0.0292,0,REST-S,6,3,2
4186,4020,3:59:30,0,0.00,0,0.9000,0.0431,0.0880,0.0292,0,REST-S,6,3,2
4186,4021,4:00:00,0,0.00,0,0.5700,0.0339,0.0523,0.0292,0,REST-S,6,3,2
4186,4022,4:00:30,0,0.00,0,0.8700,0.0298,0.0880,0.0292,0,REST-S,6,3,2
4186,4023,4:01:00,0,0.00,0,0.9000,0.0431,0.0880,0.0292,0,REST-S,6,3,2
4186,4024,4:01:30,0,0.00,0,0.9000,0.0431,0.0880,0.0292,0,REST-S,6,3,2
4186,4025,4:02:00,0,0.00,0,0.9100,0.0470,0.0880,0.0292,0,REST-S,6,3,2
4186,4026,4:02:30,0,0.00,0,0.9000,0.0431,0.0880,0.0292,0,REST-S,6,3,2
4186,4027,4:03:00,0,0.00,0,0.9000,0.0431,0.0880,0.0292,0,REST-S,6,3,2
4186,4028,4:03:30,0,0.00,0,0.9000,0.0431,0.0880,0.0292,0,REST-S,6,3,2
4186,4029,4:04:00,0,0.00,0,0.9000,0.0431,0.0880,0.0292,0,REST-S,6,3,2
4186,4030,4:04:30,0,0.00,0,0.8800,0.0339,0.0880,0.0292,0,REST-S,6,3,2
4186,4031,4:05:00,0,0.00,0,0.9100,0.0470,0.0880,0.0292,0,REST-S,6,3,2
4186,4032,4:05:30,0,0.00,0,0.9000,0.0431,0.0880,0.0292,0,REST-S,6,3,2
4186,4033,4:06:00,0,0.00,0,0.5500,0.0339,0.0523,0.0173,0,REST-S,6,3,2
4186,4034,4:06:30,0,0.00,0,0.8800,0.0339,0.0880,0.0292,0,REST-S,6,3,2
4186,4035,4:07:00,0,0.00,0,0.8800,0.0339,0.0880,0.0292,0,REST-S,6,3,2
4186,4036,4:07:30,0,0.00,0,0.5400,0.0298,0.0523,0.0173,0,REST-S,6,3,2
4186,4037,4:08:00,0,0.00,0,0.8800,0.0339,0.0880,0.0292,0,REST-S,6,3,2
4186,4038,4:08:30,0,0.00,0,0.5800,0.0470,0.0523,0.0173,0,REST-S,6,3,2
4186,4039,4:09:00,0,0.00,0,0.5800,0.0470,0.0523,0.0173,0,REST-S,6,3,2
4186,4040,4:09:30,0,0.00,0,0.9300,0.0559,0.0880,0.0292,0,REST-S,6,3,2
4186,4041,4:10:00,0,0.00,0,0.9000,0.0431,0.0880,0.0292,0,REST-S,6,3,2
4186,4042,4:10:30,0,0.00,0,0.8800,0.0339,0.0880,0.0292,0,REST-S,6,3,2
4186,4043,4:11:00,0,0.00,0,0.8800,0.0339,0.0880,0.0292,0,REST-S,6,3,2
4186,4044,4:11:30,0,0.00,0,0.8700,0.0298,0.0880,0.0292,0,REST-S,6,3,2
4186,4045,4:12:00,0,0.00,0,0.5900,0.0431,0.0523,0.0292,0,REST-S,6,3,2
4186,4046,4:12:30,0,0.00,0,0.5800,0.0470,0.0523,0.0173,0,REST-S,6,3,2
4186,4047,4:13:00,0,0.00,0,0.8800,0.0339,0.0880,0.0292,0,REST-S,6,3,2
4186,4048,4:13:30,0,140.00,0,0.9000,0.0431,0.0880,0.0292,1,REST-S,6,3,2
4186,4049,4:14:00,0,0.00,0,0.9000,0.0431,0.0880,0.0292,0,REST-S,6,3,2
4186,4050,4:14:30,0,0.00,0,0.8900,0.0339,0.0880,0.0412,0,REST-S,6,3,2
4186,4051,4:15:00,0,0.00,0,0.9000,0.0431,0.0880,0.0292,0,REST-S,6,3,2
4186,4052,4:15:30,0,0.00,0,0.8600,0.0215,0.0880,0.0412,0,REST-S,6,3,2
4186,4053,4:16:00,0,0.00,0,0.8800,0.0339,0.0880,0.0292,0,REST-S,6,3,2
4186,4054,4:16:30,0,0.00,0,0.9000,0.0431,0.0880,0.0292,0,REST-S,6,3,2
4186,4055,4:17:00,0,0.00,0,0.8800,0.0339,0.0880,0.0292,0,REST-S,6,3,2
4186,4056,4:17:30,0,0.00,0,0.9000,0.0431,0.0880,0.0292,0,REST-S,6,3,2
4186,4057,4:18:00,0,0.00,0,0.5700,0.0339,0.0523,0.0292,0,REST-S,6,3,2
4186,4058,4:18:30,0,0.00,0,0.9100,0.0470,0.0880,0.0292,0,REST-S,6,3,2
4186,4059,4:19:00,0,0.00,0,0.5900,0.0470,0.0523,0.0292,0,REST-S,6,3,2
4186,4060,4:19:30,0,0.00,0,0.1300,0.0215,0.0035,0.0501,0,REST-S,6,3,2
4186,4061,4:20:00,0,0.00,0,0.8900,0.0339,0.0880,0.0412,0,REST-S,6,3,2
4186,4062,4:20:30,0,0.00,0,0.8700,0.0298,0.0880,0.0292,0,REST-S,6,3,2
4186,4063,4:21:00,0,0.00,0,0.8900,0.0339,0.0880,0.0412,0,REST-S,6,3,2
4186,4064,4:21:30,0,0.00,0,0.8800,0.0339,0.0880,0.0292,0,REST-S,6,3,2
4186,4065,4:22:00,0,0.00,0,0.9100,0.0431,0.0880,0.0412,0,REST-S,6,3,2
4186,4066,4:22:30,0,0.00,0,0.5600,0.0298,0.0523,0.0292,0,REST-S,6,3,2
4186,4067,4:23:00,0,0.00,0,0.5500,0.0339,0.0523,0.0173,0,REST-S,6,3,2
4186,4068,4:23:30,0,0.00,0,0.5800,0.0470,0.0523,0.0173,0,REST-S,6,3,2
4186,4069,4:24:00,0,0.00,0,0.5900,0.0431,0.0523,0.0292,0,REST-S,6,3,2
4186,4070,4:24:30,0,0.00,0,0.5400,0.0298,0.0523,0.0173,0,REST-S,6,3,2
4186,4071,4:25:00,0,0.00,0,0.5700,0.0339,0.0523,0.0292,0,REST-S,6,3,2
4186,4072,4:25:30,0,0.00,0,0.9000,0.0431,0.0880,0.0292,0,REST-S,6,3,2
4186,4073,4:26:00,0,0.00,0,0.9000,0.0431,0.0880,0.0292,0,REST-S,6,3,2
4186,4074,4:26:30,0,15.00,0,0.5500,0.0339,0.0523,0.0173,0,REST-S,6,3,2
4186,4075,4:27:00,0,0.00,0,0.0800,0.0215,0.0012,0.0215,0,REST-S,6,3,2
4186,4076,4:27:30,0,0.00,0,0.0800,0.0215,0.0012,0.0215,0,REST-S,6,3,2
4186,4077,4:28:00,0,0.00,0,0.0700,0.0170,0.0012,0.0215,0,REST-S,6,3,2
4186,4078,4:28:30,0,0.00,0,0.0800,0.0215,0.0012,0.0215,0,REST-S,6,3,2
4186,4079,4:29:00,0,0.00,0,0.0800,0.0215,0.0012,0.0215,0,REST-S,6,3,2
4186,4080,4:29:30,0,0.00,0,0.0800,0.0215,0.0012,0.0215,0,REST-S,6,3,2
4186,4081,4:30:00,0,0.00,0,0.2100,0.0215,0.0173,0.0059,0,REST-S,6,3,2
4186,4082,4:30:30,0,1.00,0,0.2000,0.0170,0.0173,0.0059,0,REST-S,6,3,2
4186,4083,4:31:00,0,0.00,0,0.0700,0.0170,0.0012,0.0215,0,REST-S,6,3,2
4186,4084,4:31:30,0,1.00,0,0.5100,0.0170,0.0523,0.0173,0,REST-S,6,3,2
4186,4085,4:32:00,0,1.00,0,0.5100,0.0170,0.0523,0.0173,0,REST-S,6,3,2
4186,4086,4:32:30,0,0.00,0,0.5100,0.0170,0.0523,0.0173,0,REST-S,6,3,2
4186,4087,4:33:00,0,0.00,0,0.0800,0.0215,0.0012,0.0215,0,REST-S,6,3,2
4186,4088,4:33:30,0,0.00,0,0.0800,0.0215,0.0012,0.0215,0,REST-S,6,3,2
4186,4089,4:34:00,0,0.00,0,0.0800,0.0215,0.0012,0.0215,0,REST-S,6,3,2
4186,4090,4:34:30,0,0.00,0,0.0700,0.0170,0.0012,0.0215,0,REST-S,6,3,2
4186,4091,4:35:00,0,0.00,0,0.5100,0.0170,0.0523,0.0173,0,REST-S,6,3,2
4186,4092,4:35:30,0,0.00,0,0.0800,0.0215,0.0012,0.0215,0,REST-S,6,3,2
4186,4093,4:36:00,0,0.00,0,0.5200,0.0215,0.0523,0.0173,0,REST-S,6,3,2
4186,4094,4:36:30,0,0.00,0,0.5200,0.0215,0.0523,0.0173,0,REST-S,6,3,2
4186,4095,4:37:00,0,0.00,0,0.1800,0.0085,0.0173,0.0059,0,REST-S,6,3,2
4186,4096,4:37:30,0,0.00,0,0.2000,0.0170,0.0173,0.0059,0,REST-S,6,3,2
4186,4097,4:38:00,0,0.00,0,0.2100,0.0215,0.0173,0.0059,0,REST-S,6,3,2
4186,4098,4:38:30,0,0.00,0,0.0800,0.0215,0.0012,0.0215,0,REST-S,6,3,2
4186,4099,4:39:00,0,0.00,0,0.2100,0.0215,0.0173,0.0059,0,REST-S,6,3,2
4186,4100,4:39:30,0,0.00,0,0.0700,0.0170,0.0012,0.0215,0,REST-S,6,3,2
4186,4101,4:40:00,0,0.00,0,0.0700,0.0170,0.0012,0.0215,0,REST-S,6,3,2
4186,4102,4:40:30,0,0.00,0,0.0800,0.0215,0.0012,0.0215,0,REST-S,6,3,2
4186,4103,4:41:00,0,0.00,0,0.0800,0.0215,0.0012,0.0215,0,REST-S,6,3,2
4186,4104,4:41:30,0,0.00,0,0.2100,0.0215,0.0173,0.0059,0,REST-S,6,3,2
4186,4105,4:42:00,0,0.00,0,0.2100,0.0215,0.0173,0.0059,0,REST-S,6,3,2
4186,4106,4:42:30,0,1.00,0,0.0800,0.0215,0.0012,0.0215,0,REST-S,6,3,2
4186,4107,4:43:00,0,0.00,0,0.2100,0.0215,0.0173,0.0059,0,REST-S,6,3,2
4186,4108,4:43:30,0,54.00,0,0.1000,0.0298,0.0012,0.0215,1,REST-S,6,3,2
4186,4109,4:44:00,0,0.00,0,0.1000,0.0298,0.0012,0.0215,0,REST-S,6,3,2
4186,4110,4:44:30,0,0.00,0,0.1000,0.0298,0.0012,0.0215,0,REST-S,6,3,2
4186,4111,4:45:00,0,0.00,0,0.2100,0.0215,0.0173,0.0059,0,REST-S,6,3,2
4186,4112,4:45:30,0,0.00,0,0.1000,0.0298,0.0012,0.0215,0,REST-S,6,3,2
4186,4113,4:46:00,0,0.00,0,0.5400,0.0298,0.0523,0.0173,0,REST-S,6,3,2
4186,4114,4:46:30,0,0.00,0,0.5200,0.0215,0.0523,0.0173,0,REST-S,6,3,2
4186,4115,4:47:00,0,0.00,0,0.0800,0.0215,0.0012,0.0215,0,REST-S,6,3,2
4186,4116,4:47:30,0,0.00,0,0.5200,0.0215,0.0523,0.0173,0,REST-S,6,3,2
4186,4117,4:48:00,0,0.00,0,0.5200,0.0215,0.0523,0.0173,0,REST-S,6,3,2
4186,4118,4:48:30,0,0.00,0,0.5200,0.0215,0.0523,0.0173,0,REST-S,6,3,2
4186,4119,4:49:00,0,0.00,0,0.1000,0.0298,0.0012,0.0215,0,REST-S,6,3,2
4186,4120,4:49:30,0,0.00,0,0.0800,0.0215,0.0012,0.0215,0,REST-S,6,3,2
4186,4121,4:50:00,0,0.00,0,0.5200,0.0215,0.0523,0.0173,0,REST-S,6,3,2
4186,4122,4:50:30,0,0.00,0,0.5400,0.0298,0.0523,0.0173,0,REST-S,6,3,2
4186,4123,4:51:00,0,0.00,0,0.5400,0.0298,0.0523,0.0173,0,REST-S,6,3,2
4186,4124,4:51:30,0,0.00,0,0.5400,0.0298,0.0523,0.0173,0,REST-S,6,3,2
4186,4125,4:52:00,0,0.00,0,0.5400,0.0298,0.0523,0.0173,0,REST-S,6,3,2
4186,4126,4:52:30,0,0.00,0,0.5400,0.0298,0.0523,0.0173,0,REST-S,6,3,2
4186,4127,4:53:00,0,0.00,0,0.5600,0.0298,0.0523,0.0292,0,REST-S,6,3,2
4186,4128,4:53:30,0,0.00,0,0.5400,0.0298,0.0523,0.0173,0,REST-S,6,3,2
4186,4129,4:54:00,0,131.00,0,0.2000,0.0170,0.0173,0.0059,1,REST-S,6,3,2
4186,4130,4:54:30,0,0.00,0,0.0200,0.0049,0.0000,0.0059,0,REST-S,6,3,2
4186,4131,4:55:00,0,49.00,0,0.0200,0.0049,0.0000,0.0059,1,REST-S,6,3,2
4186,4132,4:55:30,0,0.00,0,0.0200,0.0049,0.0000,0.0059,0,REST-S,6,3,2
4186,4133,4:56:00,0,0.00,0,0.0200,0.0049,0.0000,0.0059,0,REST-S,6,3,2
4186,4134,4:56:30,0,0.00,0,0.0200,0.0049,0.0000,0.0059,0,REST-S,6,3,2
4186,4135,4:57:00,0,0.00,0,0.0200,0.0049,0.0000,0.0059,0,REST-S,6,3,2
4186,4136,4:57:30,0,0.00,0,0.0200,0.0049,0.0000,0.0059,0,REST-S,6,3,2
4186,4137,4:58:00,0,0.00,0,0.0200,0.0049,0.0000,0.0059,0,REST-S,6,3,2
4186,4138,4:58:30,0,0.00,0,0.0200,0.0049,0.0000,0.0059,0,REST-S,6,3,2
4186,4139,4:59:00,0,0.00,0,0.0200,0.0049,0.0000,0.0059,0,REST-S,6,3,2
4186,4140,4:59:30,0,0.00,0,0.0200,0.0049,0.0000,0.0059,0,REST-S,6,3,2
4186,4141,5:00:00,0,0.00,0,0.0200,0.0049,0.0000,0.0059,0,REST-S,6,3,2
4186,4142,5:00:30,0,0.00,0,0.0200,0.0049,0.0000,0.0059,0,REST-S,6,3,2
4186,4143,5:01:00,0,1.00,0,0.0200,0.0049,0.0000,0.0059,0,REST-S,6,3,2
4186,4144,5:01:30,0,0.00,0,0.0200,0.0049,0.0000,0.0059,0,REST-S,6,3,2
4186,4145,5:02:00,0,0.00,0,0.0200,0.0049,0.0000,0.0059,0,REST-S,6,3,2
4186,4146,5:02:30,0,0.00,0,0.0200,0.0049,0.0000,0.0059,0,REST-S,6,3,2
4186,4147,5:03:00,0,0.00,0,0.0200,0.0049,0.0000,0.0059,0,REST-S,6,3,2
4186,4148,5:03:30,0,0.00,0,0.0200,0.0049,0.0000,0.0059,0,REST-S,6,3,2
4186,4149,5:04:00,0,0.00,0,0.0200,0.0049,0.0000,0.0059,0,REST-S,6,3,2
4186,4150,5:04:30,0,0.00,0,0.0200,0.0049,0.0000,0.0059,0,REST-S,6,3,2
4186,4151,5:05:00,0,0.00,0,0.0200,0.0049,0.0000,0.0059,0,REST-S,6,3,2
4186,4152,5:05:30,0,0.00,0,0.0200,0.0049,0.0000,0.0059,0,REST-S,6,3,2
4186,4153,5:06:00,0,0.00,0,0.0100,0.0049,0.0000,0.0000,0,REST-S,6,3,2
4186,4154,5:06:30,0,0.00,0,0.0200,0.0049,0.0000,0.0059,0,REST-S,6,3,2
4186,4155,5:07:00,0,0.00,0,0.0200,0.0049,0.0000,0.0059,0,REST-S,6,3,2
4186,4156,5:07:30,0,0.00,0,0.0200,0.0049,0.0000,0.0059,0,REST-S,6,3,2
4186,4157,5:08:00,0,0.00,0,0.0200,0.0049,0.0000,0.0059,0,REST-S,6,3,2
4186,4158,5:08:30,0,18.00,0,0.0200,0.0049,0.0000,0.0059,1,REST-S,6,3,2
4186,4159,5:09:00,0,38.00,0,0.0200,0.0049,0.0000,0.0059,1,REST-S,6,3,2
4186,4160,5:09:30,0,0.00,0,0.0200,0.0049,0.0000,0.0059,0,REST-S,6,3,2
4186,4161,5:10:00,0,0.00,0,0.0200,0.0049,0.0000,0.0059,1,REST-S,6,3,2
4186,4162,5:10:30,0,0.00,0,0.0200,0.0049,0.0000,0.0059,1,REST-S,6,3,2
4186,4163,5:11:00,0,275.00,0,0.0100,0.0049,0.0000,0.0000,1,REST-S,6,3,2
4186,4164,5:11:30,0,43.00,0,0.0200,0.0049,0.0000,0.0059,1,REST-S,6,3,2
4186,4165,5:12:00,0,0.00,0,0.0200,0.0049,0.0000,0.0059,1,REST-S,6,3,2
4186,4166,5:12:30,0,0.00,0,0.0200,0.0049,0.0000,0.0059,0,REST-S,6,3,2
4186,4167,5:13:00,0,0.00,0,0.0200,0.0049,0.0000,0.0059,0,REST-S,6,3,2
4186,4168,5:13:30,0,0.00,0,0.0200,0.0049,0.0000,0.0059,0,REST-S,6,3,2
4186,4169,5:14:00,0,0.00,0,0.0200,0.0049,0.0000,0.0059,0,REST-S,6,3,2
4186,4170,5:14:30,0,0.00,0,0.0200,0.0049,0.0000,0.0059,0,REST-S,6,3,2
4186,4171,5:15:00,0,0.00,0,0.0200,0.0049,0.0000,0.0059,0,REST-S,6,3,2
4186,4172,5:15:30,0,0.00,0,0.0200,0.0049,0.0000,0.0059,0,REST-S,6,3,2
4186,4173,5:16:00,0,0.00,0,0.0200,0.0049,0.0000,0.0059,0,REST-S,6,3,2
4186,4174,5:16:30,0,0.00,0,0.0200,0.0049,0.0000,0.0059,0,REST-S,6,3,2
4186,4175,5:17:00,0,0.00,0,0.0200,0.0049,0.0000,0.0059,0,REST-S,6,3,2
4186,4176,5:17:30,0,0.00,0,0.0200,0.0049,0.0000,0.0059,0,REST-S,6,3,2
4186,4177,5:18:00,0,0.00,0,0.0200,0.0049,0.0000,0.0059,0,REST-S,6,3,2
4186,4178,5:18:30,0,0.00,0,0.0200,0.0049,0.0000,0.0059,0,REST-S,6,3,2
4186,4179,5:19:00,0,0.00,0,0.0200,0.0049,0.0000,0.0059,0,REST-S,6,3,2
4186,4180,5:19:30,0,0.00,0,0.0200,0.0049,0.0000,0.0059,0,REST-S,6,3,2
4186,4181,5:20:00,0,0.00,0,0.0200,0.0049,0.0000,0.0059,0,REST-S,6,3,2
4186,4182,5:20:30,0,0.00,0,0.0200,0.0049,0.0000,0.0059,0,REST-S,6,3,2
4186,4183,5:21:00,0,0.00,0,0.0200,0.0049,0.0000,0.0059,0,REST-S,6,3,2
4186,4184,5:21:30,0,0.00,0,0.0200,0.0049,0.0000,0.0059,0,REST-S,6,3,2
4186,4185,5:22:00,0,0.00,0,0.0200,0.0049,0.0000,0.0059,0,REST-S,6,3,2
4186,4186,5:22:30,0,0.00,0,0.0200,0.0049,0.0000,0.0059,0,REST-S,6,3,2
4186,4187,5:23:00,0,17.00,0,0.0200,0.0049,0.0000,0.0059,0,REST-S,6,3,2
4186,4188,5:23:30,0,0.00,0,0.0200,0.0049,0.0000,0.0059,0,REST-S,6,3,2
4186,4189,5:24:00,0,0.00,0,0.0200,0.0049,0.0000,0.0059,0,REST-S,6,3,2
4186,4190,5:24:30,0,0.00,0,0.0200,0.0049,0.0000,0.0059,0,REST-S,6,3,2
4186,4191,5:25:00,0,0.00,0,0.0200,0.0049,0.0000,0.0059,0,REST-S,6,3,2
4186,4192,5:25:30,0,0.00,0,0.0200,0.0049,0.0000,0.0059,0,REST-S,6,3,2
4186,4193,5:26:00,0,0.00,0,0.0200,0.0049,0.0000,0.0059,0,REST-S,6,3,2
4186,4194,5:26:30,0,0.00,0,0.1700,0.0042,0.0173,0.0059,0,REST-S,6,3,2
4186,4195,5:27:00,0,8.00,0,0.1700,0.0042,0.0173,0.0059,0,REST-S,6,3,2
4186,4196,5:27:30,0,0.00,0,0.0200,0.0049,0.0000,0.0059,0,REST-S,6,3,2
4186,4197,5:28:00,0,4.00,0,0.0200,0.0049,0.0000,0.0059,0,REST-S,6,3,2
4186,4198,5:28:30,0,92.00,0,0.0100,0.0049,0.0000,0.0000,1,REST-S,6,3,2
4186,4199,5:29:00,0,0.00,0,0.0200,0.0049,0.0000,0.0059,0,REST-S,6,3,2
4186,4200,5:29:30,0,0.00,0,0.0200,0.0049,0.0000,0.0059,0,REST-S,6,3,2
4186,4201,5:30:00,0,0.00,0,0.0200,0.0049,0.0000,0.0059,0,REST-S,6,3,2
4186,4202,5:30:30,0,1.00,0,0.0200,0.0049,0.0000,0.0059,0,REST-S,6,3,2
4186,4203,5:31:00,0,0.00,0,0.0200,0.0049,0.0000,0.0059,0,REST-S,6,3,2
4186,4204,5:31:30,0,0.00,0,0.1700,0.0042,0.0173,0.0059,0,REST-S,6,3,2
4186,4205,5:32:00,0,0.00,0,0.0200,0.0049,0.0000,0.0059,0,REST-S,6,3,2
4186,4206,5:32:30,0,0.00,0,0.0200,0.0049,0.0000,0.0059,0,REST-S,6,3,2
4186,4207,5:33:00,0,0.00,0,0.0200,0.0049,0.0000,0.0059,0,REST-S,6,3,2
4186,4208,5:33:30,0,0.00,0,0.0200,0.0049,0.0000,0.0059,0,REST-S,6,3,2
4186,4209,5:34:00,0,0.00,0,0.0200,0.0049,0.0000,0.0059,0,REST-S,6,3,2
4186,4210,5:34:30,0,0.00,0,0.0200,0.0049,0.0000,0.0059,0,REST-S,6,3,2
4186,4211,5:35:00,0,0.00,0,0.0200,0.0049,0.0000,0.0059,0,REST-S,6,3,2
4186,4212,5:35:30,0,1.00,0,0.0200,0.0049,0.0000,0.0059,0,REST-S,6,3,2
4186,4213,5:36:00,0,0.00,0,0.0200,0.0049,0.0000,0.0059,0,REST-S,6,3,2
4186,4214,5:36:30,0,0.00,0,0.0200,0.0049,0.0000,0.0059,0,REST-S,6,3,2
4186,4215,5:37:00,0,0.00,0,0.0200,0.0049,0.0000,0.0059,0,REST-S,6,3,2
4186,4216,5:37:30,0,0.00,0,0.0200,0.0049,0.0000,0.0059,0,REST-S,6,3,2
4186,4217,5:38:00,0,0.00,0,0.0200,0.0049,0.0000,0.0059,0,REST-S,6,3,2
4186,4218,5:38:30,0,0.00,0,0.0200,0.0049,0.0000,0.0059,0,REST-S,6,3,2
4186,4219,5:39:00,0,0.00,0,0.0200,0.0049,0.0000,0.0059,0,REST-S,6,3,2
4186,4220,5:39:30,0,0.00,0,0.0200,0.0049,0.0000,0.0059,0,REST-S,6,3,2
4186,4221,5:40:00,0,0.00,0,0.0200,0.0049,0.0000,0.0059,0,REST-S,6,3,2
4186,4222,5:40:30,0,1.00,0,0.0200,0.0049,0.0000,0.0059,0,REST-S,6,3,2
4186,4223,5:41:00,0,0.00,0,0.0200,0.0049,0.0000,0.0059,0,REST-S,6,3,2
4186,4224,5:41:30,0,0.00,0,0.0200,0.0049,0.0000,0.0059,0,REST-S,6,3,2
4186,4225,5:42:00,0,0.00,0,0.0200,0.0049,0.0000,0.0059,0,REST-S,6,3,2
4186,4226,5:42:30,0,0.00,0,0.0200,0.0049,0.0000,0.0059,0,REST-S,6,3,2
4186,4227,5:43:00,0,0.00,0,0.0200,0.0049,0.0000,0.0059,0,REST-S,6,3,2
4186,4228,5:43:30,0,0.00,0,0.0200,0.0049,0.0000,0.0059,0,REST-S,6,3,2
4186,4229,5:44:00,0,0.00,0,0.0200,0.0049,0.0000,0.0059,0,REST-S,6,3,2
4186,4230,5:44:30,0,0.00,0,0.0200,0.0049,0.0000,0.0059,0,REST-S,6,3,2
4186,4231,5:45:00,0,0.00,0,0.0200,0.0049,0.0000,0.0059,0,REST-S,6,3,2
4186,4232,5:45:30,0,0.00,0,0.0200,0.0049,0.0000,0.0059,0,REST-S,6,3,2
4186,4233,5:46:00,0,0.00,0,0.0200,0.0049,0.0000,0.0059,0,REST-S,6,3,2
4186,4234,5:46:30,0,0.00,0,0.0200,0.0049,0.0000,0.0059,0,REST-S,6,3,2
4186,4235,5:47:00,0,0.00,0,0.0200,0.0049,0.0000,0.0059,0,REST-S,6,3,2
4186,4236,5:47:30,0,0.00,0,0.0200,0.0049,0.0000,0.0059,0,REST-S,6,3,2
4186,4237,5:48:00,0,0.00,0,0.0200,0.0049,0.0000,0.0059,0,REST-S,6,3,2
4186,4238,5:48:30,0,0.00,0,0.0200,0.0049,0.0000,0.0059,0,REST-S,6,3,2
4186,4239,5:49:00,0,0.00,0,0.0200,0.0049,0.0000,0.0059,0,REST-S,6,3,2
4186,4240,5:49:30,0,0.00,0,0.0200,0.0049,0.0000,0.0059,0,REST-S,6,3,2
4186,4241,5:50:00,0,0.00,0,0.0200,0.0049,0.0000,0.0059,0,REST-S,6,3,2
4186,4242,5:50:30,0,0.00,0,0.0200,0.0049,0.0000,0.0059,0,REST-S,6,3,2
4186,4243,5:51:00,0,0.00,0,0.0200,0.0049,0.0000,0.0059,0,REST-S,6,3,2
4186,4244,5:51:30,0,0.00,0,0.0200,0.0049,0.0000,0.0059,0,REST-S,6,3,2
4186,4245,5:52:00,0,0.00,0,0.0200,0.0049,0.0000,0.0059,0,REST-S,6,3,2
4186,4246,5:52:30,0,0.00,0,0.0200,0.0049,0.0000,0.0059,0,REST-S,6,3,2
4186,4247,5:53:00,0,0.00,0,0.0200,0.0049,0.0000,0.0059,0,REST-S,6,3,2
4186,4248,5:53:30,0,0.00,0,0.0200,0.0049,0.0000,0.0059,0,REST-S,6,3,2
4186,4249,5:54:00,0,0.00,0,0.0200,0.0049,0.0000,0.0059,0,REST-S,6,3,2
4186,4250,5:54:30,0,0.00,0,0.0200,0.0049,0.0000,0.0059,0,REST-S,6,3,2
4186,4251,5:55:00,0,0.00,0,0.0200,0.0049,0.0000,0.0059,0,REST-S,6,3,2
4186,4252,5:55:30,0,0.00,0,0.0200,0.0049,0.0000,0.0059,0,REST-S,6,3,2
4186,4253,5:56:00,0,0.00,0,0.0200,0.0049,0.0000,0.0059,0,REST-S,6,3,2
4186,4254,5:56:30,0,0.00,0,0.0200,0.0049,0.0000,0.0059,0,REST-S,6,3,2
4186,4255,5:57:00,0,0.00,0,0.0200,0.0049,0.0000,0.0059,0,REST-S,6,3,2
4186,4256,5:57:30,0,0.00,0,0.0200,0.0049,0.0000,0.0059,0,REST-S,6,3,2
4186,4257,5:58:00,0,0.00,0,0.0200,0.0049,0.0000,0.0059,0,REST-S,6,3,2
4186,4258,5:58:30,0,0.00,0,0.0200,0.0049,0.0000,0.0059,0,REST-S,6,3,2
4186,4259,5:59:00,0,0.00,0,0.0200,0.0049,0.0000,0.0059,0,REST-S,6,3,2
4186,4260,5:59:30,0,0.00,0,0.0200,0.0049,0.0000,0.0059,0,REST-S,6,3,2
4186,4261,6:00:00,0,0.00,0,0.0200,0.0049,0.0000,0.0059,0,REST-S,6,3,2
4186,4262,6:00:30,0,0.00,0,0.0200,0.0049,0.0000,0.0059,0,REST-S,6,3,2
4186,4263,6:01:00,0,0.00,0,0.0200,0.0049,0.0000,0.0059,0,REST-S,6,3,2
4186,4264,6:01:30,0,0.00,0,0.0200,0.0049,0.0000,0.0059,0,REST-S,6,3,2
4186,4265,6:02:00,0,0.00,0,0.0200,0.0049,0.0000,0.0059,0,REST-S,6,3,2
4186,4266,6:02:30,0,0.00,0,0.0200,0.0049,0.0000,0.0059,0,REST-S,6,3,2
4186,4267,6:03:00,0,0.00,0,0.1700,0.0042,0.0173,0.0059,0,REST-S,6,3,2
4186,4268,6:03:30,0,0.00,0,0.0200,0.0049,0.0000,0.0059,0,REST-S,6,3,2
4186,4269,6:04:00,0,0.00,0,0.0200,0.0049,0.0000,0.0059,0,REST-S,6,3,2
4186,4270,6:04:30,0,0.00,0,0.0200,0.0049,0.0000,0.0059,0,REST-S,6,3,2
4186,4271,6:05:00,0,0.00,0,0.0200,0.0049,0.0000,0.0059,0,REST-S,6,3,2
4186,4272,6:05:30,0,106.00,0,0.0200,0.0049,0.0000,0.0059,1,REST-S,6,3,2
4186,4273,6:06:00,0,0.00,0,0.0200,0.0049,0.0000,0.0059,0,REST-S,6,3,2
4186,4274,6:06:30,0,0.00,0,0.0200,0.0049,0.0000,0.0059,0,REST-S,6,3,2
4186,4275,6:07:00,0,0.00,0,0.0200,0.0049,0.0000,0.0059,1,REST-S,6,3,2
4186,4276,6:07:30,0,0.00,0,0.0200,0.0049,0.0000,0.0059,1,REST-S,6,3,2
4186,4277,6:08:00,0,211.00,0,0.0200,0.0049,0.0000,0.0059,1,REST-S,6,3,2
4186,4278,6:08:30,0,0.00,0,0.0200,0.0049,0.0000,0.0059,1,REST-S,6,3,2
4186,4279,6:09:00,0,0.00,0,0.0200,0.0049,0.0000,0.0059,1,REST-S,6,3,2
4186,4280,6:09:30,0,0.00,0,0.0200,0.0049,0.0000,0.0059,0,REST-S,6,3,2
4186,4281,6:10:00,0,2.00,0,0.0200,0.0049,0.0000,0.0059,0,REST-S,6,3,2
4186,4282,6:10:30,0,0.00,0,0.0200,0.0049,0.0000,0.0059,0,REST-S,6,3,2
4186,4283,6:11:00,0,0.00,0,0.0200,0.0049,0.0000,0.0059,0,REST-S,6,3,2
4186,4284,6:11:30,0,3.00,0,0.0200,0.0049,0.0000,0.0059,0,REST-S,6,3,2
4186,4285,6:12:00,0,0.00,0,0.0200,0.0049,0.0000,0.0059,0,REST-S,6,3,2
4186,4286,6:12:30,0,0.00,0,0.0200,0.0049,0.0000,0.0059,0,REST-S,6,3,2
4186,4287,6:13:00,0,0.00,0,0.0200,0.0049,0.0000,0.0059,0,REST-S,6,3,2
4186,4288,6:13:30,0,0.00,0,0.0200,0.0049,0.0000,0.0059,0,REST-S,6,3,2
4186,4289,6:14:00,0,0.00,0,0.0200,0.0049,0.0000,0.0059,0,REST-S,6,3,2
4186,4290,6:14:30,0,0.00,0,0.0200,0.0049,0.0000,0.0059,0,REST-S,6,3,2
4186,4291,6:15:00,0,0.00,0,0.0200,0.0049,0.0000,0.0059,0,REST-S,6,3,2
4186,4292,6:15:30,0,0.00,0,0.0200,0.0049,0.0000,0.0059,0,REST-S,6,3,2
4186,4293,6:16:00,0,0.00,0,0.0200,0.0049,0.0000,0.0059,0,REST-S,6,3,2
4186,4294,6:16:30,0,0.00,0,0.0200,0.0049,0.0000,0.0059,0,REST-S,6,3,2
4186,4295,6:17:00,0,0.00,0,0.0200,0.0049,0.0000,0.0059,0,REST-S,6,3,2
4186,4296,6:17:30,0,0.00,0,0.0200,0.0049,0.0000,0.0059,0,REST-S,6,3,2
4186,4297,6:18:00,0,0.00,0,0.0200,0.0049,0.0000,0.0059,0,REST-S,6,3,2
4186,4298,6:18:30,0,0.00,0,0.0200,0.0049,0.0000,0.0059,0,REST-S,6,3,2
4186,4299,6:19:00,0,0.00,0,0.0200,0.0049,0.0000,0.0059,0,REST-S,6,3,2
4186,4300,6:19:30,0,0.00,0,0.0200,0.0049,0.0000,0.0059,0,REST-S,6,3,2
4186,4301,6:20:00,0,0.00,0,0.0200,0.0049,0.0000,0.0059,0,REST-S,6,3,2
4186,4302,6:20:30,0,0.00,0,0.0200,0.0049,0.0000,0.0059,0,REST-S,6,3,2
4186,4303,6:21:00,0,0.00,0,0.0200,0.0049,0.0000,0.0059,0,REST-S,6,3,2
4186,4304,6:21:30,0,0.00,0,0.1700,0.0042,0.0173,0.0059,0,REST-S,6,3,2
4186,4305,6:22:00,0,0.00,0,0.0200,0.0049,0.0000,0.0059,0,REST-S,6,3,2
4186,4306,6:22:30,0,0.00,0,0.0200,0.0049,0.0000,0.0059,0,REST-S,6,3,2
4186,4307,6:23:00,0,0.00,0,0.0200,0.0049,0.0000,0.0059,0,REST-S,6,3,2
4186,4308,6:23:30,0,0.00,0,0.0200,0.0049,0.0000,0.0059,0,REST-S,6,3,2
4186,4309,6:24:00,0,0.00,0,0.0200,0.0049,0.0000,0.0059,0,REST-S,6,3,2
4186,4310,6:24:30,0,0.00,0,0.0200,0.0049,0.0000,0.0059,0,REST-S,6,3,2
4186,4311,6:25:00,0,0.00,0,0.0200,0.0049,0.0000,0.0059,0,REST-S,6,3,2
4186,4312,6:25:30,0,0.00,0,0.0200,0.0049,0.0000,0.0059,0,REST-S,6,3,2
4186,4313,6:26:00,0,0.00,0,0.0200,0.0049,0.0000,0.0059,0,REST-S,6,3,2
4186,4314,6:26:30,0,0.00,0,0.0200,0.0049,0.0000,0.0059,0,REST-S,6,3,2
4186,4315,6:27:00,0,0.00,0,0.0200,0.0049,0.0000,0.0059,0,REST-S,6,3,2
4186,4316,6:27:30,0,0.00,0,0.0200,0.0049,0.0000,0.0059,0,REST-S,6,3,2
4186,4317,6:28:00,0,0.00,0,0.0200,0.0049,0.0000,0.0059,0,REST-S,6,3,2
4186,4318,6:28:30,0,0.00,0,0.0200,0.0049,0.0000,0.0059,0,REST-S,6,3,2
4186,4319,6:29:00,0,0.00,0,0.0200,0.0049,0.0000,0.0059,0,REST-S,6,3,2
4186,4320,6:29:30,0,0.00,0,0.0200,0.0049,0.0000,0.0059,0,REST-S,6,3,2
4186,4321,6:30:00,0,82.00,0,0.0100,0.0049,0.0000,0.0000,1,REST-S,6,3,2
4186,4322,6:30:30,0,85.00,0,0.0200,0.0049,0.0000,0.0059,1,REST-S,6,3,2
4186,4323,6:31:00,0,54.00,0,0.0200,0.0049,0.0000,0.0059,1,REST-S,6,3,2
4186,4324,6:31:30,0,2.00,0,0.1800,0.0085,0.0173,0.0059,0,REST-S,6,3,2
4186,4325,6:32:00,0,0.00,0,0.1800,0.0085,0.0173,0.0059,0,REST-S,6,3,2
4186,4326,6:32:30,0,0.00,0,0.1800,0.0085,0.0173,0.0059,0,REST-S,6,3,2
4186,4327,6:33:00,0,0.00,0,0.1800,0.0085,0.0173,0.0059,0,REST-S,6,3,2
4186,4328,6:33:30,0,0.00,0,0.1800,0.0085,0.0173,0.0059,0,REST-S,6,3,2
4186,4329,6:34:00,0,0.00,0,0.1800,0.0085,0.0173,0.0059,0,REST-S,6,3,2
4186,4330,6:34:30,0,0.00,0,0.1800,0.0085,0.0173,0.0059,0,REST-S,6,3,2
4186,4331,6:35:00,0,0.00,0,0.1800,0.0085,0.0173,0.0059,0,REST-S,6,3,2
4186,4332,6:35:30,0,0.00,0,0.1800,0.0085,0.0173,0.0059,0,REST-S,6,3,2
4186,4333,6:36:00,0,0.00,0,0.1800,0.0085,0.0173,0.0059,0,REST-S,6,3,2
4186,4334,6:36:30,0,0.00,0,0.1800,0.0085,0.0173,0.0059,0,REST-S,6,3,2
4186,4335,6:37:00,0,0.00,0,0.1800,0.0085,0.0173,0.0059,0,REST-S,6,3,2
4186,4336,6:37:30,0,0.00,0,0.1800,0.0085,0.0173,0.0059,0,REST-S,6,3,2
4186,4337,6:38:00,0,43.00,0,0.0200,0.0049,0.0000,0.0059,1,REST-S,6,3,2
4186,4338,6:38:30,0,0.00,0,0.0200,0.0049,0.0000,0.0059,0,REST-S,6,3,2
4186,4339,6:39:00,0,0.00,0,0.0200,0.0049,0.0000,0.0059,0,REST-S,6,3,2
4186,4340,6:39:30,0,0.00,0,0.0200,0.0049,0.0000,0.0059,0,REST-S,6,3,2
4186,4341,6:40:00,0,0.00,0,0.0200,0.0049,0.0000,0.0059,0,REST-S,6,3,2
4186,4342,6:40:30,0,0.00,0,0.0200,0.0049,0.0000,0.0059,0,REST-S,6,3,2
4186,4343,6:41:00,0,0.00,0,0.0200,0.0049,0.0000,0.0059,0,REST-S,6,3,2
4186,4344,6:41:30,0,0.00,0,0.0200,0.0049,0.0000,0.0059,0,REST-S,6,3,2
4186,4345,6:42:00,0,0.00,0,0.0200,0.0049,0.0000,0.0059,0,REST-S,6,3,2
4186,4346,6:42:30,0,145.00,0,1.2400,0.0559,0.1220,0.0412,1,REST-S,6,3,2
4186,4347,6:43:00,0,0.00,0,0.9300,0.0559,0.0880,0.0292,0,REST-S,6,3,2
4186,4348,6:43:30,0,0.00,0,0.9100,0.0431,0.0880,0.0412,0,REST-S,6,3,2
4186,4349,6:44:00,0,0.00,0,0.9200,0.0470,0.0880,0.0412,0,REST-S,6,3,2
4186,4350,6:44:30,0,21.00,0,1.2400,0.0596,0.1220,0.0412,1,REST-S,6,3,2
4186,4351,6:45:00,0,0.00,0,1.2400,0.0596,0.1220,0.0412,0,REST-S,6,3,2
4186,4352,6:45:30,0,0.00,0,1.2600,0.0679,0.1220,0.0412,0,REST-S,6,3,2
4186,4353,6:46:00,0,0.00,0,1.0600,0.0724,0.1000,0.0162,0,REST-S,6,3,2
4186,4354,6:46:30,0,0.00,0,1.0300,0.0596,0.1000,0.0162,0,REST-S,6,3,2
4186,4355,6:47:00,0,0.00,0,1.4200,0.0679,0.1390,0.0523,0,REST-S,6,3,2
4186,4356,6:47:30,0,0.00,0,1.4300,0.0724,0.1390,0.0523,0,REST-S,6,3,2
4186,4357,6:48:00,0,0.00,0,1.4500,0.0807,0.1390,0.0523,0,REST-S,6,3,2
4186,4358,6:48:30,0,0.00,0,1.4300,0.0724,0.1390,0.0523,0,REST-S,6,3,2
4186,4359,6:49:00,0,1.00,0,1.4500,0.0807,0.1390,0.0523,0,REST-S,6,3,2
4186,4360,6:49:30,0,0.00,0,1.4600,0.0861,0.1390,0.0523,0,REST-S,6,3,2
4186,4361,6:50:00,0,0.00,0,1.1000,0.0939,0.1000,0.0162,0,REST-S,6,3,2
4186,4362,6:50:30,0,0.00,0,1.1100,0.0981,0.1000,0.0162,0,REST-S,6,3,2
4186,4363,6:51:00,0,0.00,0,1.7900,0.0807,0.1760,0.0650,0,REST-S,6,3,2
4186,4364,6:51:30,0,0.00,0,1.7900,0.0807,0.1760,0.0650,0,REST-S,6,3,2
4186,4365,6:52:00,0,72.00,0,1.3700,0.1190,0.1240,0.0162,1,REST-S,6,3,2
4186,4366,6:52:30,0,0.00,0,1.3700,0.1190,0.1240,0.0162,0,REST-S,6,3,2
4186,4367,6:53:00,0,1.00,0,1.6400,0.1330,0.1510,0.0162,0,REST-S,6,3,2
4186,4368,6:53:30,0,0.00,0,1.6400,0.1360,0.1510,0.0162,0,REST-S,6,3,2
4186,4369,6:54:00,0,0.00,0,1.6600,0.1450,0.1510,0.0162,0,REST-S,6,3,2
4186,4370,6:54:30,0,0.00,0,1.9200,0.1610,0.1760,0.0206,0,REST-S,6,3,2
4186,4371,6:55:00,0,0.00,0,1.9500,0.1720,0.1760,0.0206,0,REST-S,6,3,2
4186,4372,6:55:30,0,1.00,0,2.1700,0.1760,0.2000,0.0206,0,REST-S,6,3,2
4186,4373,6:56:00,0,0.00,0,2.1900,0.1880,0.2000,0.0206,0,REST-S,6,3,2
4186,4374,6:56:30,0,0.00,0,2.2400,0.2090,0.2000,0.0206,0,REST-S,6,3,2
4186,4375,6:57:00,0,0.00,0,2.3700,0.2140,0.2140,0.0206,0,REST-S,6,3,2
4186,4376,6:57:30,0,0.00,0,2.6200,0.2280,0.2380,0.0256,0,REST-S,6,3,2
4186,4377,6:58:00,0,0.00,0,2.6300,0.2330,0.2380,0.0256,0,REST-S,6,3,2
4186,4378,6:58:30,0,0.00,0,2.6500,0.2440,0.2380,0.0256,0,REST-S,6,3,2
4186,4379,6:59:00,0,0.00,0,2.8800,0.2600,0.2600,0.0256,0,REST-S,6,3,2
4186,4380,6:59:30,0,0.00,0,2.9100,0.2720,0.2600,0.0298,0,REST-S,6,3,2
4186,4381,7:00:00,0,0.00,0,2.9500,0.2900,0.2600,0.0256,0,REST-S,6,3,2
4186,4382,7:00:30,0,0.00,0,3.2100,0.2900,0.2900,0.0298,1,REST,6,3,2
4186,4383,7:01:00,0,25.00,0,3.2100,0.2900,0.2900,0.0298,1,ACTIVE,6,3,2
4186,4384,7:01:30,0,92.00,0,3.8200,0.2000,0.3680,0.1450,1,ACTIVE,6,3,2
4186,4385,7:02:00,0,106.00,0,3.8600,0.3300,0.3520,0.0395,1,ACTIVE,6,3,2
4186,4386,7:02:30,0,335.00,0,3.1900,0.2720,0.2900,0.0440,1,ACTIVE,6,3,2
4186,4387,7:03:00,0,184.00,0,8.3700,0.4370,0.8020,0.3450,1,ACTIVE,6,3,2
4186,4388,7:03:30,0,167.00,0,4.2400,0.3030,0.4010,0.0571,1,ACTIVE,6,3,2
4186,4389,7:04:00,0,145.00,0,8.8500,0.5310,0.8370,0.3090,1,ACTIVE,6,3,2
4186,4390,7:04:30,0,95.00,0,8.8200,1.4400,0.6180,0.2050,1,ACTIVE,6,3,2
4186,4391,7:05:00,0,58.00,0,1.8900,0.1330,0.1760,0.0523,1,ACTIVE,6,3,2
4186,4392,7:05:30,0,30.00,0,0.7300,0.0807,0.0622,0.0070,1,ACTIVE,6,3,2
4186,4393,7:06:00,0,184.00,0,6.7300,0.3920,0.6460,0.1920,1,ACTIVE,6,3,2
4186,4394,7:06:30,0,79.00,0,35.3000,4.6400,2.7600,0.8370,1,ACTIVE,6,3,2
4186,4395,7:07:00,0,61.00,0,6.0200,0.5550,0.5430,0.0298,1,ACTIVE,6,3,2
4186,4396,7:07:30,0,72.00,0,2.3200,0.2440,0.2000,0.0206,1,ACTIVE,6,3,2
4186,4397,7:08:00,0,30.00,0,3.8900,0.2380,0.3680,0.1330,1,ACTIVE,6,3,2
4186,4398,7:08:30,0,85.00,0,5.2300,0.4980,0.4670,0.0347,1,ACTIVE,6,3,2
4186,4399,7:09:00,0,266.00,0,2.4900,0.1190,0.2440,0.0880,1,ACTIVE,6,3,2
4186,4400,7:09:30,0,191.00,0,2.3600,0.2000,0.2090,0.0756,1,ACTIVE,6,3,2
4186,4401,7:10:00,0,323.00,0,675.4300,31.9000,66.6000,20.2000,1,ACTIVE,6,3,2
4186,4402,7:10:30,0,198.00,0,1421.000,31.9000,148.0000,47.1000,1,ACTIVE,6,3,2
4186,4403,7:11:00,0,266.00,0,779.3800,17.4000,80.9000,29.9000,1,ACTIVE,6,3,2
4186,4404,7:11:30,0,102.00,0,307.5400,12.3000,30.5000,12.0000,1,ACTIVE,6,3,2
4186,4405,7:12:00,0,8.00,0,336.6600,13.7000,33.3000,13.7000,1,ACTIVE,6,3,2
4186,4406,7:12:30,0,17.00,0,423.3000,15.6000,42.2000,17.4000,1,ACTIVE,6,3,2
4186,4407,7:13:00,0,2.00,0,406.0700,15.3000,40.4000,16.6000,0,ACTIVE,6,3,2
4186,4408,7:13:30,0,21.00,0,461.1700,17.0000,46.1000,18.5000,1,ACTIVE,6,3,2
4186,4409,7:14:00,0,26.00,0,498.0700,17.8000,50.2000,17.4000,1,ACTIVE,6,3,2
4186,4410,7:14:30,0,9.00,0,598.6300,22.1000,59.7000,24.6000,1,ACTIVE,6,3,2
4186,4411,7:15:00,0,43.00,0,415.3200,15.9000,41.3000,16.6000,1,ACTIVE,6,3,2
4186,4412,7:15:30,0,4.00,0,453.3300,17.8000,45.1000,17.8000,1,ACTIVE,6,3,2
4186,4413,7:16:00,0,56.00,0,424.8100,16.6000,42.2000,16.6000,1,ACTIVE,6,3,2
4186,4414,7:16:30,0,211.00,0,334.7400,13.1000,33.3000,13.1000,1,ACTIVE,6,3,2
4186,4415,7:17:00,0,191.00,0,28.2300,4.3400,2.0400,0.7350,1,ACTIVE,6,3,2
4186,4416,7:17:30,0,284.00,0,1164.100,48.1000,114.0000,51.3000,1,ACTIVE,6,3,2
4186,4417,7:18:00,0,461.00,0,709.0900,34.8000,69.5000,21.6000,1,ACTIVE,6,3,2
4186,4418,7:18:30,0,335.00,0,9.5000,1.1800,0.7510,0.2720,1,ACTIVE,6,3,2
4186,4419,7:19:00,0,284.00,0,2.5600,0.1360,0.2440,0.1120,1,ACTIVE,6,3,2
4186,4420,7:19:30,0,13.00,0,0.5400,0.0298,0.0523,0.0173,1,ACTIVE,6,3,2
4186,4421,7:20:00,0,0.00,0,0.5800,0.0470,0.0523,0.0173,1,ACTIVE,6,3,2
4186,4422,7:20:30,0,21.00,0,0.6000,0.0559,0.0523,0.0173,1,ACTIVE,6,3,2
4186,4423,7:21:00,0,19.00,0,0.2000,0.0170,0.0173,0.0059,1,REST,6,3,2
4186,4424,7:21:30,0,1.00,0,0.0100,0.0000,0.0000,0.0059,0,REST-S,6,3,2
4186,4425,7:22:00,0,0.00,0,0.0100,0.0049,0.0000,0.0000,0,REST-S,6,3,2
4186,4426,7:22:30,0,0.00,0,0.0200,0.0049,0.0000,0.0059,0,REST-S,6,3,2
4186,4427,7:23:00,0,3.00,0,0.0100,0.0049,0.0000,0.0000,0,REST-S,6,3,2
4186,4428,7:23:30,0,0.00,0,0.0100,0.0049,0.0000,0.0000,0,REST-S,6,3,2
4186,4429,7:24:00,0,0.00,0,0.0100,0.0049,0.0000,0.0000,0,REST-S,6,3,2
4186,4430,7:24:30,0,1.00,0,0.0200,0.0049,0.0000,0.0059,0,REST-S,6,3,2
4186,4431,7:25:00,0,0.00,0,0.0100,0.0049,0.0000,0.0000,0,REST-S,6,3,2
4186,4432,7:25:30,0,0.00,0,0.0100,0.0049,0.0000,0.0000,0,REST-S,6,3,2
4186,4433,7:26:00,0,0.00,0,0.0100,0.0000,0.0000,0.0059,0,REST-S,6,3,2
4186,4434,7:26:30,0,0.00,0,0.0200,0.0049,0.0000,0.0059,0,REST-S,6,3,2
4186,4435,7:27:00,0,0.00,0,0.0100,0.0049,0.0000,0.0000,0,REST-S,6,3,2
4186,4436,7:27:30,0,0.00,0,0.0100,0.0049,0.0000,0.0000,0,REST-S,6,3,2
4186,4437,7:28:00,0,1.00,0,0.0200,0.0049,0.0000,0.0059,0,REST-S,6,3,2
4186,4438,7:28:30,0,0.00,0,0.0200,0.0049,0.0000,0.0059,0,REST-S,6,3,2
4186,4439,7:29:00,0,0.00,0,0.0100,0.0049,0.0000,0.0000,0,REST-S,6,3,2
4186,4440,7:29:30,0,0.00,0,0.0100,0.0000,0.0000,0.0059,0,REST-S,6,3,2
4186,4441,7:30:00,0,0.00,0,0.0100,0.0049,0.0000,0.0000,0,REST-S,6,3,2
4186,4442,7:30:30,0,1.00,0,0.0200,0.0049,0.0000,0.0059,0,REST-S,6,3,2
4186,4443,7:31:00,0,0.00,0,0.0200,0.0049,0.0000,0.0059,0,REST-S,6,3,2
4186,4444,7:31:30,0,0.00,0,0.0200,0.0049,0.0000,0.0059,0,REST-S,6,3,2
4186,4445,7:32:00,0,0.00,0,0.0200,0.0049,0.0000,0.0059,0,REST-S,6,3,2
4186,4446,7:32:30,0,0.00,0,0.0200,0.0049,0.0000,0.0059,0,REST-S,6,3,2
4186,4447,7:33:00,0,0.00,0,0.0100,0.0049,0.0000,0.0000,0,REST-S,6,3,2
4186,4448,7:33:30,0,0.00,0,0.0200,0.0049,0.0000,0.0059,0,REST-S,6,3,2
4186,4449,7:34:00,0,0.00,0,0.0200,0.0049,0.0000,0.0059,0,REST-S,6,3,2
4186,4450,7:34:30,0,0.00,0,0.0200,0.0049,0.0000,0.0059,0,REST-S,6,3,2
4186,4451,7:35:00,0,0.00,0,0.0200,0.0049,0.0000,0.0059,0,REST-S,6,3,2
4186,4452,7:35:30,0,0.00,0,0.0200,0.0049,0.0000,0.0059,0,REST-S,6,3,2
4186,4453,7:36:00,0,0.00,0,0.0100,0.0049,0.0000,0.0000,0,REST-S,6,3,2
4186,4454,7:36:30,0,0.00,0,0.0100,0.0000,0.0000,0.0059,0,REST-S,6,3,2
4186,4455,7:37:00,0,0.00,0,0.0200,0.0049,0.0000,0.0059,0,REST-S,6,3,2
4186,4456,7:37:30,0,0.00,0,0.0200,0.0049,0.0000,0.0059,0,REST-S,6,3,2
4186,4457,7:38:00,0,0.00,0,0.0100,0.0049,0.0000,0.0000,0,REST-S,6,3,2
4186,4458,7:38:30,0,0.00,0,0.0200,0.0049,0.0000,0.0059,0,REST-S,6,3,2
4186,4459,7:39:00,0,31.00,0,0.0200,0.0049,0.0000,0.0059,1,REST-S,6,3,2
4186,4460,7:39:30,0,0.00,0,0.0200,0.0049,0.0000,0.0059,1,REST-S,6,3,2
4186,4461,7:40:00,0,198.00,0,4.3900,0.1580,0.4370,0.1920,1,REST-S,6,3,2
4186,4462,7:40:30,0,54.00,0,0.1700,0.0042,0.0173,0.0059,1,REST-S,6,3,2
4186,4463,7:41:00,0,4.00,0,0.0200,0.0049,0.0000,0.0059,1,REST-S,6,3,2
4186,4464,7:41:30,0,9.00,0,0.0200,0.0049,0.0000,0.0059,1,REST-S,6,3,2
4186,4465,7:42:00,0,92.00,0,0.0200,0.0049,0.0000,0.0059,1,REST-S,6,3,2
4186,4466,7:42:30,0,0.00,0,0.0200,0.0049,0.0000,0.0059,0,REST-S,6,3,2
4186,4467,7:43:00,0,0.00,0,0.0100,0.0000,0.0000,0.0059,0,REST-S,6,3,2
4186,4468,7:43:30,0,0.00,0,0.0200,0.0049,0.0000,0.0059,0,REST-S,6,3,2
4186,4469,7:44:00,0,0.00,0,0.0000,0.0000,0.0000,0.0000,0,REST-S,6,3,2
4186,4470,7:44:30,0,1.00,0,0.0200,0.0049,0.0000,0.0059,0,REST-S,6,3,2
4186,4471,7:45:00,0,0.00,0,0.0200,0.0049,0.0000,0.0059,0,REST-S,6,3,2
4186,4472,7:45:30,0,0.00,0,0.1700,0.0042,0.0173,0.0059,0,REST-S,6,3,2
4186,4473,7:46:00,0,0.00,0,0.0100,0.0000,0.0000,0.0059,0,REST-S,6,3,2
4186,4474,7:46:30,0,0.00,0,0.0200,0.0049,0.0000,0.0059,0,REST-S,6,3,2
4186,4475,7:47:00,0,0.00,0,0.0200,0.0049,0.0000,0.0059,0,REST-S,6,3,2
4186,4476,7:47:30,0,0.00,0,0.0200,0.0049,0.0000,0.0059,0,REST-S,6,3,2
4186,4477,7:48:00,0,95.00,0,0.0200,0.0049,0.0000,0.0059,1,REST-S,6,3,2
4186,4478,7:48:30,0,0.00,0,0.0200,0.0049,0.0000,0.0059,0,REST-S,6,3,2
4186,4479,7:49:00,0,0.00,0,0.1700,0.0042,0.0173,0.0059,0,REST-S,6,3,2
4186,4480,7:49:30,0,0.00,0,0.0200,0.0049,0.0000,0.0059,0,REST-S,6,3,2
4186,4481,7:50:00,0,0.00,0,0.0200,0.0049,0.0000,0.0059,0,REST-S,6,3,2
4186,4482,7:50:30,0,0.00,0,0.0200,0.0049,0.0000,0.0059,0,REST-S,6,3,2
4186,4483,7:51:00,0,0.00,0,0.0200,0.0049,0.0000,0.0059,0,REST-S,6,3,2
4186,4484,7:51:30,0,0.00,0,0.0200,0.0049,0.0000,0.0059,0,REST-S,6,3,2
4186,4485,7:52:00,0,0.00,0,0.0200,0.0049,0.0000,0.0059,0,REST-S,6,3,2
4186,4486,7:52:30,0,0.00,0,0.0200,0.0049,0.0000,0.0059,0,REST-S,6,3,2
4186,4487,7:53:00,0,0.00,0,0.0200,0.0049,0.0000,0.0059,0,REST-S,6,3,2
4186,4488,7:53:30,0,0.00,0,0.0200,0.0049,0.0000,0.0059,0,REST-S,6,3,2
4186,4489,7:54:00,0,0.00,0,0.0200,0.0049,0.0000,0.0059,0,REST-S,6,3,2
4186,4490,7:54:30,0,0.00,0,0.0200,0.0049,0.0000,0.0059,0,REST-S,6,3,2
4186,4491,7:55:00,0,0.00,0,0.0200,0.0049,0.0000,0.0059,0,REST-S,6,3,2
4186,4492,7:55:30,0,0.00,0,0.0200,0.0049,0.0000,0.0059,0,REST-S,6,3,2
4186,4493,7:56:00,0,136.00,0,0.0100,0.0049,0.0000,0.0000,1,REST-S,6,3,2
4186,4494,7:56:30,0,0.00,0,0.0200,0.0049,0.0000,0.0059,0,REST-S,6,3,2
4186,4495,7:57:00,0,0.00,0,0.0200,0.0049,0.0000,0.0059,0,REST-S,6,3,2
4186,4496,7:57:30,0,0.00,0,0.0200,0.0049,0.0000,0.0059,0,REST-S,6,3,2
4186,4497,7:58:00,0,0.00,0,0.0200,0.0049,0.0000,0.0059,0,REST-S,6,3,2
4186,4498,7:58:30,0,0.00,0,0.0200,0.0049,0.0000,0.0059,0,REST-S,6,3,2
4186,4499,7:59:00,0,0.00,0,0.0200,0.0049,0.0000,0.0059,0,REST-S,6,3,2
4186,4500,7:59:30,0,0.00,0,0.0200,0.0049,0.0000,0.0059,0,REST-S,6,3,2
4186,4501,8:00:00,0,0.00,0,0.0200,0.0049,0.0000,0.0059,0,REST-S,6,3,2
4186,4502,8:00:30,0,0.00,0,0.0200,0.0049,0.0000,0.0059,0,REST-S,6,3,2
4186,4503,8:01:00,0,0.00,0,0.0200,0.0049,0.0000,0.0059,0,REST-S,6,3,2
4186,4504,8:01:30,0,0.00,0,0.0300,0.0099,0.0000,0.0059,0,REST-S,6,3,2
4186,4505,8:02:00,0,0.00,0,0.0200,0.0049,0.0000,0.0059,0,REST-S,6,3,2
4186,4506,8:02:30,0,0.00,0,0.0300,0.0099,0.0000,0.0059,0,REST-S,6,3,2
4186,4507,8:03:00,0,0.00,0,0.0300,0.0099,0.0000,0.0059,0,REST-S,6,3,2
4186,4508,8:03:30,0,0.00,0,0.0300,0.0099,0.0000,0.0059,0,REST-S,6,3,2
4186,4509,8:04:00,0,109.00,0,4.3700,0.1510,0.4370,0.1920,1,REST-S,6,3,2
4186,4510,8:04:30,0,1.00,0,37.8200,1.2400,3.8100,1.5400,0,REST-S,6,3,2
4186,4511,8:05:00,0,0.00,0,36.3700,1.2400,3.6500,1.5000,0,REST-S,6,3,2
4186,4512,8:05:30,0,0.00,0,34.0200,1.1300,3.4200,1.4100,0,REST-S,6,3,2
4186,4513,8:06:00,0,0.00,0,34.0200,1.1300,3.4200,1.4100,0,REST-S,6,3,2
4186,4514,8:06:30,0,0.00,0,35.4900,1.1800,3.5700,1.4400,0,REST-S,6,3,2
4186,4515,8:07:00,0,0.00,0,39.6200,1.3500,3.9800,1.6000,0,REST-S,6,3,2
4186,4516,8:07:30,0,0.00,0,36.2100,1.1800,3.6500,1.4700,0,REST-S,6,3,2
4186,4517,8:08:00,0,0.00,0,29.7800,0.9540,3.0100,1.2400,0,REST-S,6,3,2
4186,4518,8:08:30,0,0.00,0,27.3100,0.8750,2.7600,1.1300,0,REST-S,6,3,2
4186,4519,8:09:00,0,0.00,0,27.3800,0.8940,2.7600,1.1600,0,REST-S,6,3,2
4186,4520,8:09:30,0,0.00,0,31.0500,0.9750,3.1400,1.2900,0,REST-S,6,3,2
4186,4521,8:10:00,0,0.00,0,36.3100,1.2100,3.6500,1.5000,0,REST-S,6,3,2
4186,4522,8:10:30,0,0.00,0,37.9800,1.2900,3.8100,1.5700,0,REST-S,6,3,2
4186,4523,8:11:00,0,0.00,0,34.1300,1.1800,3.4200,1.4100,0,REST-S,6,3,2
4186,4524,8:11:30,0,0.00,0,37.1300,1.2600,3.7300,1.5000,0,REST-S,6,3,2
4186,4525,8:12:00,0,54.00,0,39.1700,1.8700,3.8100,1.5000,1,ACTIVE,6,3,2
4186,4526,8:12:30,0,99.00,1,0.0100,0.0000,0.0000,0.0059,1,ACTIVE,6,3,2
4186,4527,8:13:00,0,43.00,0,0.0200,0.0049,0.0000,0.0059,1,ACTIVE,6,3,2
4186,4528,8:13:30,0,0.00,0,0.0200,0.0049,0.0000,0.0059,0,ACTIVE,6,3,2
4186,4529,8:14:00,0,6.00,0,0.0200,0.0049,0.0000,0.0059,1,ACTIVE,6,3,2
4186,4530,8:14:30,0,1.00,0,0.0200,0.0049,0.0000,0.0059,0,ACTIVE,6,3,2
4186,4531,8:15:00,0,109.00,0,6.2600,0.3230,0.6050,0.2280,1,ACTIVE,6,3,2
4186,4532,8:15:30,0,8.00,0,2.6300,0.1760,0.2440,0.0981,1,ACTIVE,6,3,2
4186,4533,8:16:00,0,150.00,0,7.2400,0.2720,0.7200,0.3090,1,ACTIVE,6,3,2
4186,4534,8:16:30,0,4.00,0,1.3600,0.2090,0.1000,0.0162,1,ACTIVE,6,3,2
4186,4535,8:17:00,0,54.00,0,6.9100,1.0400,0.5200,0.0480,1,ACTIVE,6,3,2
4186,4536,8:17:30,0,56.00,0,10.4200,1.0400,0.9130,0.1140,1,ACTIVE,6,3,2
4186,4537,8:18:00,0,21.00,0,2.3800,0.2140,0.2090,0.0650,1,ACTIVE,6,3,2
4186,4538,8:18:30,0,1.00,0,1.1900,0.1840,0.0880,0.0115,1,ACTIVE,6,3,2
4186,4539,8:19:00,0,54.00,0,1.9000,0.2490,0.1510,0.0206,1,ACTIVE,6,3,2
4186,4540,8:19:30,0,234.00,0,5.1500,0.3300,0.4870,0.1450,1,ACTIVE,6,3,2
4186,4541,8:20:00,0,162.00,0,50.9600,6.0100,4.1600,1.1300,1,ACTIVE,6,3,2
4186,4542,8:20:30,0,179.00,0,256.0800,12.6000,24.6000,12.0000,1,ACTIVE,6,3,2
4186,4543,8:21:00,0,234.00,0,139.1400,7.9700,13.1000,6.1400,1,ACTIVE,6,3,2
4186,4544,8:21:30,0,234.00,0,15.8100,0.9330,1.5000,0.5310,1,ACTIVE,6,3,2
4186,4545,8:22:00,0,167.00,0,42.0500,8.6900,2.5800,0.2090,1,ACTIVE,6,3,2
4186,4546,8:22:30,0,150.00,0,254.3700,19.4000,23.0000,9.0700,1,ACTIVE,6,3,2
4186,4547,8:23:00,0,99.00,0,218.5900,16.6000,19.8000,7.8000,1,ACTIVE,6,3,2
4186,4548,8:23:30,0,106.00,0,138.5700,12.6000,12.0000,5.0600,1,ACTIVE,6,3,2
4186,4549,8:24:00,0,122.00,0,11.0100,0.8940,0.9960,0.2840,1,ACTIVE,6,3,2
4186,4550,8:24:30,0,25.00,0,5.5500,0.6320,0.4670,0.0571,1,ACTIVE,6,3,2
4186,4551,8:25:00,0,38.00,0,2.9500,0.3760,0.2380,0.0298,1,ACTIVE,6,3,2
4186,4552,8:25:30,0,95.00,0,16.3100,1.6000,1.4400,0.1450,1,ACTIVE,6,3,2
4186,4553,8:26:00,0,40.00,0,18.0000,1.0900,1.6700,0.8560,1,ACTIVE,6,3,2
4186,4554,8:26:30,0,0.00,0,9.5500,1.0900,0.8020,0.1190,1,ACTIVE,6,3,2
4186,4555,8:27:00,0,49.00,0,10.6400,1.4400,0.8370,0.1090,1,ACTIVE,6,3,2
4186,4556,8:27:30,0,18.00,0,9.8700,1.0900,0.8370,0.1190,1,ACTIVE,6,3,2
4186,4557,8:28:00,0,2.00,0,12.2100,0.9750,1.1100,0.3090,0,ACTIVE,6,3,2
4186,4558,8:28:30,0,40.00,0,11.8000,0.9750,1.0600,0.3090,1,ACTIVE,6,3,2
4186,4559,8:29:00,0,49.00,0,12.8300,0.8370,1.2100,0.3520,1,ACTIVE,6,3,2
4186,4560,8:29:30,0,40.00,0,11.6000,0.7850,1.0900,0.3230,1,ACTIVE,6,3,2
4186,4561,8:30:00,0,0.00,0,8.0300,0.5430,0.7510,0.2280,0,ACTIVE,6,3,2
4186,4562,8:30:30,0,1.00,0,7.4100,0.5200,0.6890,0.2050,1,ACTIVE,6,3,2
4186,4563,8:31:00,0,0.00,0,6.7100,0.4980,0.6180,0.1800,1,ACTIVE,6,3,2
4186,4564,8:31:30,0,218.00,0,18.1500,2.4200,1.4400,0.1800,1,ACTIVE,6,3,2
4186,4565,8:32:00,0,167.00,0,324.3700,16.3000,31.2000,14.0000,1,ACTIVE,6,3,2
4186,4566,8:32:30,0,173.00,0,98.5500,4.9500,9.4700,4.2500,1,ACTIVE,6,3,2
4186,4567,8:33:00,0,204.00,0,129.6900,7.1500,12.3000,5.7600,1,ACTIVE,6,3,2
4186,4568,8:33:30,0,167.00,0,270.8900,17.4000,25.1000,11.5000,1,ACTIVE,6,3,2
4186,4569,8:34:00,0,198.00,0,25.8900,2.1300,2.3200,0.8200,1,ACTIVE,6,3,2
4186,4570,8:34:30,0,179.00,0,7.7100,0.9750,0.6050,0.2380,1,ACTIVE,6,3,2
4186,4571,8:35:00,0,156.00,0,114.0300,7.4700,10.6000,4.6400,1,ACTIVE,6,3,2
4186,4572,8:35:30,0,118.00,0,70.0500,2.6400,7.0000,2.7000,1,ACTIVE,6,3,2
4186,4573,8:36:00,0,179.00,0,104.4300,3.0700,10.6000,4.7400,1,ACTIVE,6,3,2
4186,4574,8:36:30,0,218.00,0,118.1300,17.0000,9.0700,0.9960,1,ACTIVE,6,3,2
4186,4575,8:37:00,0,266.00,0,69.4700,5.2800,6.2800,2.5800,1,ACTIVE,6,3,2
4186,4576,8:37:30,0,106.00,0,42.4100,3.4200,3.8100,1.3200,1,ACTIVE,6,3,2
4186,4577,8:38:00,0,184.00,0,44.8300,1.9500,4.3400,2.2700,1,ACTIVE,6,3,2
4186,4578,8:38:30,0,36.00,0,14.4200,1.0900,1.3200,0.4190,1,ACTIVE,6,3,2
4186,4579,8:39:00,0,26.00,0,14.5300,1.1600,1.3200,0.3760,1,ACTIVE,6,3,2
4186,4580,8:39:30,0,0.00,0,13.7500,1.0400,1.2600,0.3520,0,ACTIVE,6,3,2
4186,4581,8:40:00,0,0.00,0,14.0100,1.0400,1.2900,0.3680,0,ACTIVE,6,3,2
4186,4582,8:40:30,0,0.00,0,13.8200,1.0600,1.2600,0.3680,0,ACTIVE,6,3,2
4186,4583,8:41:00,0,0.00,0,14.1200,1.0900,1.2900,0.3760,0,ACTIVE,6,3,2
4186,4584,8:41:30,0,0.00,0,14.1100,1.0900,1.2900,0.3680,0,ACTIVE,6,3,2
4186,4585,8:42:00,0,0.00,0,15.1600,1.2100,1.3800,0.3760,0,ACTIVE,6,3,2
4186,4586,8:42:30,0,9.00,0,14.5800,1.1800,1.3200,0.3680,0,ACTIVE,6,3,2
4186,4587,8:43:00,0,10.00,0,10.2600,0.8020,0.9330,0.2840,0,ACTIVE,6,3,2
4186,4588,8:43:30,0,2.00,0,8.8700,0.7200,0.8020,0.2380,0,ACTIVE,6,3,2
4186,4589,8:44:00,0,0.00,0,8.3100,0.6740,0.7510,0.2140,0,ACTIVE,6,3,2
4186,4590,8:44:30,0,33.00,0,8.5000,0.6890,0.7680,0.2280,1,ACTIVE,6,3,2
4186,4591,8:45:00,0,49.00,0,11.4800,1.2600,0.9750,0.1360,1,ACTIVE,6,3,2
4186,4592,8:45:30,0,13.00,0,11.7800,0.9750,1.0600,0.2960,1,ACTIVE,6,3,2
4186,4593,8:46:00,0,12.00,0,10.2200,0.7850,0.9330,0.2840,1,ACTIVE,6,3,2
4186,4594,8:46:30,0,140.00,0,13.2700,1.0400,1.2100,0.3450,1,ACTIVE,6,3,2
4186,4595,8:47:00,0,7.00,0,5.4300,0.4570,0.4870,0.1450,1,ACTIVE,6,3,2
4186,4596,8:47:30,0,1.00,0,5.9100,0.4980,0.5310,0.1450,0,ACTIVE,6,3,2
4186,4597,8:48:00,0,0.00,0,4.2000,0.4770,0.3520,0.0535,0,ACTIVE,6,3,2
4186,4598,8:48:30,0,1.00,0,6.2300,0.5430,0.5550,0.1580,0,ACTIVE,6,3,2
4186,4599,8:49:00,0,0.00,0,4.2700,0.5090,0.3520,0.0535,0,ACTIVE,6,3,2
4186,4600,8:49:30,0,0.00,0,4.5200,0.5310,0.3760,0.0535,1,ACTIVE,6,3,2
4186,4601,8:50:00,0,99.00,0,10.5700,1.4100,0.8370,0.1090,1,ACTIVE,6,3,2
4186,4602,8:50:30,0,65.00,0,18.4000,1.4100,1.6700,0.5670,1,ACTIVE,6,3,2
4186,4603,8:51:00,0,266.00,0,15.6600,1.1600,1.4400,0.4570,1,ACTIVE,6,3,2
4186,4604,8:51:30,0,249.00,0,53.0300,2.8200,5.0600,2.3200,1,ACTIVE,6,3,2
4186,4605,8:52:00,0,226.00,0,45.9700,5.1700,3.9000,0.3760,1,ACTIVE,6,3,2
4186,4606,8:52:30,0,184.00,0,54.2100,5.1700,4.8400,0.3600,1,ACTIVE,6,3,2
4186,4607,8:53:00,0,357.00,0,146.1300,9.8900,13.7000,3.9800,1,ACTIVE,6,3,2
4186,4608,8:53:30,0,109.00,0,138.9600,15.6000,11.5000,3.3500,1,ACTIVE,6,3,2
4186,4609,8:54:00,0,75.00,0,160.5000,17.4000,13.7000,1.9900,1,ACTIVE,6,3,2
4186,4610,8:54:30,0,162.00,0,149.2000,17.0000,12.6000,1.5000,1,ACTIVE,6,3,2
4186,4611,8:55:00,0,346.00,0,100.1200,10.3000,8.6900,1.0900,1,ACTIVE,6,3,2
4186,4612,8:55:30,0,211.00,0,62.1100,6.8500,5.2800,0.6740,1,ACTIVE,6,3,2
4186,4613,8:56:00,0,1.00,0,353.8100,17.4000,34.8000,10.1000,1,ACTIVE,6,3,2
4186,4614,8:56:30,1,,,,,,,1,EXCLUDED,6,3,2
4186,4615,8:57:00,1,,,,,,,1,EXCLUDED,6,3,2
4186,4616,8:57:30,1,,,,,,,1,EXCLUDED,6,3,2
4186,4617,8:58:00,1,,,,,,,0,EXCLUDED,6,3,2
4186,4618,8:58:30,1,,,,,,,,EXCLUDED,6,3,2
4186,4619,8:59:00,1,,,,,,,,EXCLUDED,6,3,2
4186,4620,8:59:30,1,,,,,,,,EXCLUDED,6,3,2
4186,4621,9:00:00,1,,,,,,,,EXCLUDED,6,3,2
4186,4622,9:00:30,1,,,,,,,,EXCLUDED,6,3,2
4186,4623,9:01:00,1,,,,,,,,EXCLUDED,6,3,2
4186,4624,9:01:30,1,,,,,,,,EXCLUDED,6,3,2
4186,4625,9:02:00,1,,,,,,,,EXCLUDED,6,3,2
4186,4626,9:02:30,1,,,,,,,,EXCLUDED,6,3,2
4186,4627,9:03:00,1,,,,,,,,EXCLUDED,6,3,2
4186,4628,9:03:30,1,,,,,,,1,EXCLUDED,6,3,2
4186,4629,9:04:00,1,,,,,,,1,EXCLUDED,6,3,2
4186,4630,9:04:30,1,,,,,,,1,EXCLUDED,6,3,2
4186,4631,9:05:00,1,,,,,,,1,EXCLUDED,6,3,2
4186,4632,9:05:30,0,226.00,0,71.9600,3.0100,7.1500,2.4700,1,ACTIVE,6,3,2
4186,4633,9:06:00,0,335.00,0,111.3400,6.8500,10.6000,3.4200,1,ACTIVE,6,3,2
4186,4634,9:06:30,0,357.00,0,77.6800,5.5100,7.1500,2.6400,1,ACTIVE,6,3,2
4186,4635,9:07:00,0,284.00,0,116.3200,9.2700,10.6000,3.0700,1,ACTIVE,6,3,2
4186,4636,9:07:30,0,145.00,0,195.7600,17.4000,17.4000,4.7400,1,ACTIVE,6,3,2
4186,4637,9:08:00,0,140.00,0,278.8200,33.3000,23.0000,3.2800,1,ACTIVE,6,3,2
4186,4638,9:08:30,0,323.00,0,69.7400,6.8500,6.1400,0.7350,1,ACTIVE,6,3,2
4186,4639,9:09:00,0,381.00,0,22.3700,2.7600,1.8300,0.2600,1,ACTIVE,6,3,2
4186,4640,9:09:30,0,293.00,0,35.9200,2.5300,3.3500,0.9130,1,ACTIVE,6,3,2
4186,4641,9:10:00,0,150.00,0,15.0300,1.2100,1.3500,0.4980,1,ACTIVE,6,3,2
4186,4642,9:10:30,0,313.00,0,8.8200,1.0400,0.7200,0.2050,1,ACTIVE,6,3,2
4186,4643,9:11:00,0,303.00,0,31.7100,1.6000,3.0700,1.1600,1,ACTIVE,6,3,2
4186,4644,9:11:30,0,257.00,0,47.2100,2.9400,4.4400,1.6700,1,ACTIVE,6,3,2
4186,4645,9:12:00,0,204.00,0,103.8500,3.0100,10.6000,4.3400,1,ACTIVE,6,3,2
4186,4646,9:12:30,0,357.00,0,53.5900,3.0700,5.0600,2.3200,1,ACTIVE,6,3,2
4186,4647,9:13:00,0,266.00,0,32.5100,1.3500,3.2100,1.3200,1,ACTIVE,6,3,2
4186,4648,9:13:30,0,275.00,0,9.5900,0.6740,0.8940,0.2490,1,ACTIVE,6,3,2
4186,4649,9:14:00,0,167.00,0,2.1500,0.2660,0.1760,0.0206,1,ACTIVE,6,3,2
4186,4650,9:14:30,0,156.00,0,15.5800,1.3500,1.3800,0.4870,1,ACTIVE,6,3,2
4186,4651,9:15:00,0,257.00,0,18.9800,2.2700,1.5400,0.4770,1,ACTIVE,6,3,2
4186,4652,9:15:30,0,122.00,0,4.7000,0.3160,0.4370,0.1580,1,ACTIVE,6,3,2
4186,4653,9:16:00,0,191.00,0,5.7400,1.0900,0.3760,0.0480,1,ACTIVE,6,3,2
4186,4654,9:16:30,0,323.00,0,1.8100,0.0724,0.1760,0.0981,1,ACTIVE,6,3,2
4186,4655,9:17:00,0,405.00,0,0.6100,0.0559,0.0523,0.0292,1,ACTIVE,6,3,2
4186,4656,9:17:30,0,118.00,0,0.2000,0.0170,0.0173,0.0059,1,ACTIVE,6,3,2
4186,4657,9:18:00,0,85.00,0,0.2100,0.0215,0.0173,0.0059,1,ACTIVE,6,3,2
4186,4658,9:18:30,0,82.00,0,0.2000,0.0170,0.0173,0.0059,1,ACTIVE,6,3,2
4186,4659,9:19:00,0,102.00,0,2.8600,0.1510,0.2770,0.0880,1,ACTIVE,6,3,2
4186,4660,9:19:30,0,118.00,0,4.5300,0.2440,0.4370,0.1450,1,ACTIVE,6,3,2
4186,4661,9:20:00,0,167.00,0,2.7300,0.0807,0.2770,0.1120,1,ACTIVE,6,3,2
4186,4662,9:20:30,0,266.00,0,5.9900,0.2090,0.6050,0.2050,1,ACTIVE,6,3,2
4186,4663,9:21:00,0,150.00,0,3.6600,0.2380,0.3520,0.0440,1,ACTIVE,6,3,2
4186,4664,9:21:30,0,234.00,0,5.5100,0.3920,0.5200,0.0773,1,ACTIVE,6,3,2
4186,4665,9:22:00,0,241.00,0,6.6100,0.3370,0.6460,0.1920,1,ACTIVE,6,3,2
4186,4666,9:22:30,0,127.00,0,0.7500,0.1220,0.0523,0.0173,1,ACTIVE,6,3,2
4186,4667,9:23:00,0,284.00,0,0.2900,0.0596,0.0173,0.0059,1,ACTIVE,6,3,2
4186,4668,9:23:30,0,266.00,0,0.2300,0.0339,0.0173,0.0059,1,ACTIVE,6,3,2
4186,4669,9:24:00,0,218.00,0,3.1400,0.1760,0.3030,0.0880,1,ACTIVE,6,3,2
4186,4670,9:24:30,0,323.00,0,0.5800,0.0470,0.0523,0.0173,1,ACTIVE,6,3,2
4186,4671,9:25:00,0,122.00,0,2.2600,0.1610,0.2090,0.0650,1,ACTIVE,6,3,2
4186,4672,9:25:30,0,122.00,0,1.5100,0.1070,0.1390,0.0523,1,ACTIVE,6,3,2
4186,4673,9:26:00,0,204.00,0,2.9900,0.2000,0.2770,0.1120,1,ACTIVE,6,3,2
4186,4674,9:26:30,0,136.00,0,12.5300,2.2200,0.8560,0.1190,1,ACTIVE,6,3,2
4186,4675,9:27:00,0,162.00,0,54.7500,4.3400,4.9500,1.6700,1,ACTIVE,6,3,2
4186,4676,9:27:30,0,266.00,0,10.8800,2.0800,0.6890,0.2280,1,ACTIVE,6,3,2
4186,4677,9:28:00,0,162.00,0,18.3100,5.5100,0.6890,0.0861,1,ACTIVE,6,3,2
4186,4678,9:28:30,0,17.00,0,0.9100,0.0431,0.0880,0.0412,1,ACTIVE,6,3,2
4186,4679,9:29:00,0,145.00,0,1.4600,0.0807,0.1390,0.0650,1,ACTIVE,6,3,2
4186,4680,9:29:30,0,56.00,0,2.1600,0.1120,0.2090,0.0756,1,ACTIVE,6,3,2
4186,4681,9:30:00,0,249.00,0,0.0300,0.0099,0.0000,0.0059,1,ACTIVE,6,3,2
4186,4682,9:30:30,0,266.00,0,0.2600,0.0470,0.0173,0.0059,1,ACTIVE,6,3,2
4186,4683,9:31:00,0,226.00,0,2.6800,0.3520,0.2140,0.0256,1,ACTIVE,6,3,2
4186,4684,9:31:30,0,508.00,0,2.6000,0.1720,0.2440,0.0756,1,ACTIVE,6,3,2
4186,4685,9:32:00,0,346.00,0,3.3000,0.3230,0.2900,0.0440,1,ACTIVE,6,3,2
4186,4686,9:32:30,0,419.00,0,0.0300,0.0099,0.0000,0.0059,1,ACTIVE,6,3,2
4186,4687,9:33:00,0,447.00,0,1.0900,0.0939,0.1000,0.0070,1,ACTIVE,6,3,2
4186,4688,9:33:30,0,136.00,0,0.6300,0.0679,0.0523,0.0173,1,ACTIVE,6,3,2
4186,4689,9:34:00,0,234.00,0,0.2100,0.0215,0.0173,0.0059,1,ACTIVE,6,3,2
4186,4690,9:34:30,0,275.00,0,0.1200,0.0170,0.0035,0.0501,1,ACTIVE,6,3,2
4186,4691,9:35:00,0,275.00,0,1.7700,0.0679,0.1760,0.0756,1,ACTIVE,6,3,2
4186,4692,9:35:30,0,275.00,0,1.0800,0.1330,0.0880,0.0115,1,ACTIVE,6,3,2
4186,4693,9:36:00,0,381.00,0,1.8900,0.2490,0.1510,0.0162,1,ACTIVE,6,3,2
4186,4694,9:36:30,0,293.00,0,0.0200,0.0099,0.0000,0.0000,1,ACTIVE,6,3,2
4186,4695,9:37:00,0,303.00,0,2.7200,0.2230,0.2440,0.0880,1,ACTIVE,6,3,2
4186,4696,9:37:30,0,293.00,0,27.7600,2.3200,2.4700,0.8940,1,ACTIVE,6,3,2
4186,4697,9:38:00,0,275.00,0,110.8200,4.9500,10.8000,4.9500,1,ACTIVE,6,3,2
4186,4698,9:38:30,0,257.00,0,0.0100,0.0049,0.0000,0.0000,1,ACTIVE,6,3,2
4186,4699,9:39:00,0,156.00,0,8.0900,0.3600,0.8020,0.2490,1,ACTIVE,6,3,2
4186,4700,9:39:30,0,99.00,0,0.0300,0.0099,0.0000,0.0059,1,ACTIVE,6,3,2
4186,4701,9:40:00,0,85.00,0,0.0500,0.0197,0.0000,0.0059,1,ACTIVE,6,3,2
4186,4702,9:40:30,0,99.00,0,0.5700,0.0339,0.0523,0.0292,1,ACTIVE,6,3,2
4186,4703,9:41:00,0,85.00,0,0.5500,0.0339,0.0523,0.0173,1,ACTIVE,6,3,2
4186,4704,9:41:30,0,72.00,0,1.4200,0.0679,0.1390,0.0523,1,ACTIVE,6,3,2
4186,4705,9:42:00,0,63.00,0,2.5100,0.1220,0.2440,0.0981,1,ACTIVE,6,3,2
4186,4706,9:42:30,0,118.00,0,0.2000,0.0170,0.0173,0.0059,1,ACTIVE,6,3,2
4186,4707,9:43:00,0,85.00,0,2.0400,0.1120,0.2000,0.0298,1,ACTIVE,6,3,2
4186,4708,9:43:30,0,211.00,0,0.5500,0.0339,0.0523,0.0173,1,ACTIVE,6,3,2
4186,4709,9:44:00,0,275.00,0,0.0500,0.0197,0.0000,0.0059,1,ACTIVE,6,3,2
4186,4710,9:44:30,0,293.00,0,0.4700,0.0596,0.0378,0.0023,1,ACTIVE,6,3,2
4186,4711,9:45:00,0,335.00,0,6.8400,0.9130,0.5310,0.1580,1,ACTIVE,6,3,2
4186,4712,9:45:30,0,293.00,0,0.0000,0.0000,0.0000,0.0000,1,ACTIVE,6,3,2
4186,4713,9:46:00,0,140.00,0,4475.570,152.0000,448.0000,201.0000,1,ACTIVE,6,3,2
4186,4714,9:46:30,0,162.00,0,2146.680,79.2000,214.0000,86.3000,1,ACTIVE,6,3,2
4186,4715,9:47:00,0,36.00,0,4045.550,155.0000,402.0000,169.0000,1,ACTIVE,6,3,2
4186,4716,9:47:30,0,43.00,0,2734.080,105.0000,272.0000,110.0000,1,ACTIVE,6,3,2
4186,4717,9:48:00,0,38.00,0,2820.880,114.0000,278.0000,122.0000,1,ACTIVE,6,3,2
4186,4718,9:48:30,0,140.00,0,16054.72,234.0000,1680.000,770.0000,1,ACTIVE,6,3,2
4186,4719,9:49:00,0,75.00,0,13935.24,249.0000,1440.000,691.0000,1,ACTIVE,6,3,2
4186,4720,9:49:30,0,106.00,0,2547.650,50.2000,266.0000,96.2000,1,ACTIVE,6,3,2
4186,4721,9:50:00,0,79.00,0,305.0100,11.3000,30.5000,11.8000,1,ACTIVE,6,3,2
4186,4722,9:50:30,0,56.00,0,1135.100,33.3000,114.0000,54.8000,1,ACTIVE,6,3,2
4186,4723,9:51:00,0,173.00,0,673.6500,23.5000,66.6000,35.5000,1,ACTIVE,6,3,2
4186,4724,9:51:30,0,33.00,0,85.2800,4.8400,8.1400,3.0100,1,ACTIVE,6,3,2
4186,4725,9:52:00,0,109.00,0,73.5700,3.6500,7.1500,2.6400,1,ACTIVE,6,3,2
4186,4726,9:52:30,0,65.00,0,81.6000,3.9000,7.9700,2.9400,1,ACTIVE,6,3,2
4186,4727,9:53:00,0,92.00,0,63.4800,3.3500,6.1400,2.0800,1,ACTIVE,6,3,2
4186,4728,9:53:30,0,82.00,0,60.4400,3.2100,5.8800,1.6700,1,ACTIVE,6,3,2
4186,4729,9:54:00,0,102.00,0,687.0500,25.7000,69.5000,19.8000,1,ACTIVE,6,3,2
4186,4730,9:54:30,0,65.00,0,174.5500,5.5100,17.8000,6.2800,1,ACTIVE,6,3,2
4186,4731,9:55:00,0,61.00,0,3403.250,169.0000,345.0000,5.2800,1,ACTIVE,6,3,2
4186,4732,9:55:30,0,156.00,0,106.3600,15.6000,3.0700,41.3000,1,ACTIVE,6,3,2
4186,4733,9:56:00,0,33.00,0,5048.650,197.0000,499.0000,224.0000,1,ACTIVE,6,3,2
4186,4734,9:56:30,0,47.00,0,800.1200,20.7000,82.7000,28.0000,1,ACTIVE,6,3,2
4186,4735,9:57:00,0,79.00,0,277.0700,9.8900,28.0000,9.2700,1,ACTIVE,6,3,2
4186,4736,9:57:30,0,113.00,0,1528.050,54.8000,155.0000,46.1000,1,ACTIVE,6,3,2
4186,4737,9:58:00,0,102.00,0,783.6500,26.8000,79.2000,28.6000,1,ACTIVE,6,3,2
4186,4738,9:58:30,0,122.00,0,2225.360,69.5000,229.0000,62.4000,1,ACTIVE,6,3,2
4186,4739,9:59:00,0,75.00,0,3964.150,180.0000,393.0000,112.0000,1,ACTIVE,6,3,2
4186,4740,9:59:30,0,92.00,0,335.4800,7.4700,34.8000,13.4000,1,ACTIVE,6,3,2
4186,4741,10:00:00,0,67.00,0,3476.840,105.0000,353.0000,142.0000,1,ACTIVE,6,3,2
4186,4742,10:00:30,0,47.00,0,4341.660,155.0000,438.0000,148.0000,1,ACTIVE,6,3,2
4186,4743,10:01:00,0,106.00,0,1880.960,79.2000,188.0000,52.4000,1,ACTIVE,6,3,2
4186,4744,10:01:30,0,122.00,0,1744.550,56.0000,176.0000,69.5000,1,ACTIVE,6,3,2
4186,4745,10:02:00,0,335.00,0,346.7500,30.5000,30.5000,11.0000,1,ACTIVE,6,3,2
4186,4746,10:02:30,0,113.00,0,93.3200,5.2800,8.8800,3.5700,1,ACTIVE,6,3,2
4186,4747,10:03:00,0,52.00,0,0.5700,0.0431,0.0523,0.0173,1,ACTIVE,6,3,2
4186,4748,10:03:30,0,72.00,0,0.0300,0.0099,0.0000,0.0059,1,ACTIVE,6,3,2
4186,4749,10:04:00,0,191.00,0,0.2000,0.0170,0.0173,0.0059,1,ACTIVE,6,3,2
4186,4750,10:04:30,0,89.00,0,0.6600,0.0470,0.0622,0.0070,1,ACTIVE,6,3,2
4186,4751,10:05:00,0,11.00,0,1.2600,0.0679,0.1220,0.0412,1,ACTIVE,6,3,2
4186,4752,10:05:30,0,7.00,0,2.1300,0.0981,0.2090,0.0756,1,ACTIVE,6,3,2
4186,4753,10:06:00,0,0.00,0,3.7100,0.1580,0.3680,0.1330,0,ACTIVE,6,3,2
4186,4754,10:06:30,0,30.00,0,2.4800,0.1120,0.2440,0.0880,1,ACTIVE,6,3,2
4186,4755,10:07:00,0,43.00,0,0.0300,0.0099,0.0000,0.0059,1,ACTIVE,6,3,2
4186,4756,10:07:30,0,54.00,0,1.2400,0.0559,0.1220,0.0412,1,ACTIVE,6,3,2
4186,4757,10:08:00,0,58.00,0,0.2400,0.0470,0.0059,0.0790,1,ACTIVE,6,3,2
4186,4758,10:08:30,0,33.00,0,0.8800,0.0339,0.0880,0.0292,1,ACTIVE,6,3,2
4186,4759,10:09:00,0,56.00,0,0.5400,0.0298,0.0523,0.0173,1,ACTIVE,6,3,2
4186,4760,10:09:30,0,15.00,0,0.2100,0.0215,0.0173,0.0059,1,ACTIVE,6,3,2
4186,4761,10:10:00,0,122.00,0,1.4300,0.0724,0.1390,0.0523,1,ACTIVE,6,3,2
4186,4762,10:10:30,0,2.00,0,0.2000,0.0170,0.0173,0.0059,1,ACTIVE,6,3,2
4186,4763,10:11:00,0,21.00,0,0.2000,0.0170,0.0173,0.0059,1,ACTIVE,6,3,2
4186,4764,10:11:30,0,0.00,0,0.0700,0.0170,0.0012,0.0215,0,ACTIVE,6,3,2
4186,4765,10:12:00,0,10.00,0,0.2000,0.0170,0.0173,0.0059,1,ACTIVE,6,3,2
4186,4766,10:12:30,0,63.00,0,3.5800,0.0981,0.3680,0.1330,1,ACTIVE,6,3,2
4186,4767,10:13:00,0,38.00,0,15.3200,1.4700,1.3200,0.4670,1,ACTIVE,6,3,2
4186,4768,10:13:30,0,54.00,0,3.6400,0.1120,0.3680,0.1580,1,ACTIVE,6,3,2
4186,4769,10:14:00,0,122.00,0,9.4500,0.3450,0.9540,0.3090,1,ACTIVE,6,3,2
4186,4770,10:14:30,0,35.00,0,2.6000,0.3760,0.2000,0.0162,1,ACTIVE,6,3,2
4186,4771,10:15:00,0,70.00,0,0.5400,0.0298,0.0523,0.0173,1,ACTIVE,6,3,2
4186,4772,10:15:30,0,2.00,0,0.0800,0.0215,0.0012,0.0215,0,ACTIVE,6,3,2
4186,4773,10:16:00,0,0.00,0,0.5200,0.0215,0.0523,0.0173,0,ACTIVE,6,3,2
4186,4774,10:16:30,0,6.00,0,0.9000,0.0431,0.0880,0.0292,0,ACTIVE,6,3,2
4186,4775,10:17:00,0,4.00,0,1.2200,0.0470,0.1220,0.0412,0,ACTIVE,6,3,2
4186,4776,10:17:30,0,35.00,0,0.8700,0.0298,0.0880,0.0292,1,ACTIVE,6,3,2
4186,4777,10:18:00,0,0.00,0,0.1800,0.0085,0.0173,0.0059,0,ACTIVE,6,3,2
4186,4778,10:18:30,0,0.00,0,0.1800,0.0085,0.0173,0.0059,0,ACTIVE,6,3,2
4186,4779,10:19:00,0,0.00,0,0.1800,0.0085,0.0173,0.0059,0,ACTIVE,6,3,2
4186,4780,10:19:30,0,31.00,0,0.2000,0.0170,0.0173,0.0059,1,ACTIVE,6,3,2
4186,4781,10:20:00,0,0.00,0,0.2000,0.0170,0.0173,0.0059,1,ACTIVE,6,3,2
4186,4782,10:20:30,0,167.00,0,0.6800,0.1580,0.0378,0.0023,1,ACTIVE,6,3,2
4186,4783,10:21:00,0,140.00,0,2.1200,0.2490,0.1760,0.0256,1,ACTIVE,6,3,2
4186,4784,10:21:30,0,67.00,0,0.2000,0.0170,0.0173,0.0059,1,ACTIVE,6,3,2
4186,4785,10:22:00,0,150.00,0,0.2000,0.0170,0.0173,0.0059,1,ACTIVE,6,3,2
4186,4786,10:22:30,0,65.00,0,0.2100,0.0215,0.0173,0.0059,1,ACTIVE,6,3,2
4186,4787,10:23:00,0,234.00,0,0.8800,0.0339,0.0880,0.0292,1,ACTIVE,6,3,2
4186,4788,10:23:30,0,15.00,0,0.9000,0.0431,0.0880,0.0292,1,ACTIVE,6,3,2
4186,4789,10:24:00,0,18.00,0,14.1000,0.4370,1.4400,0.4870,1,ACTIVE,6,3,2
4186,4790,10:24:30,0,21.00,0,18.3900,0.6180,1.8700,0.6180,1,ACTIVE,6,3,2
4186,4791,10:25:00,0,8.00,0,21.0700,0.7850,2.1300,0.6600,1,ACTIVE,6,3,2
4186,4792,10:25:30,0,10.00,0,13.8900,0.6180,1.3800,0.4190,0,ACTIVE,6,3,2
4186,4793,10:26:00,0,29.00,0,2.8300,0.1360,0.2770,0.0880,1,ACTIVE,6,3,2
4186,4794,10:26:30,0,17.00,0,0.0200,0.0049,0.0000,0.0059,1,ACTIVE,6,3,2
4186,4795,10:27:00,0,49.00,0,0.9300,0.0559,0.0880,0.0292,1,ACTIVE,6,3,2
4186,4796,10:27:30,0,11.00,0,0.2000,0.0170,0.0173,0.0059,1,ACTIVE,6,3,2
4186,4797,10:28:00,0,16.00,0,0.9300,0.0559,0.0880,0.0292,1,ACTIVE,6,3,2
4186,4798,10:28:30,0,1.00,0,1.2400,0.0596,0.1220,0.0412,0,ACTIVE,6,3,2
4186,4799,10:29:00,0,1.00,0,0.9500,0.0679,0.0880,0.0292,1,ACTIVE,6,3,2
4186,4800,10:29:30,0,4.00,0,0.9100,0.0470,0.0880,0.0292,1,ACTIVE,6,3,2
4186,4801,10:30:00,0,198.00,0,0.5700,0.0431,0.0523,0.0173,1,ACTIVE,6,3,2
4186,4802,10:30:30,0,2.00,0,0.9100,0.0470,0.0880,0.0292,1,ACTIVE,6,3,2
4186,4803,10:31:00,0,8.00,0,0.5500,0.0339,0.0523,0.0173,1,ACTIVE,6,3,2
4186,4804,10:31:30,0,3.00,0,0.0800,0.0215,0.0012,0.0215,0,ACTIVE,6,3,2
4186,4805,10:32:00,0,0.00,0,0.0800,0.0215,0.0012,0.0215,0,ACTIVE,6,3,2
4186,4806,10:32:30,0,3.00,0,0.2100,0.0215,0.0173,0.0059,0,ACTIVE,6,3,2
4186,4807,10:33:00,0,1.00,0,0.0300,0.0099,0.0000,0.0059,0,ACTIVE,6,3,2
4186,4808,10:33:30,0,6.00,0,0.2000,0.0170,0.0173,0.0059,0,ACTIVE,6,3,2
4186,4809,10:34:00,0,31.00,0,0.1000,0.0298,0.0012,0.0215,1,ACTIVE,6,3,2
4186,4810,10:34:30,0,10.00,0,1.4600,0.0861,0.1390,0.0523,0,ACTIVE,6,3,2
4186,4811,10:35:00,0,8.00,0,0.2000,0.0170,0.0173,0.0059,1,ACTIVE,6,3,2
4186,4812,10:35:30,0,26.00,0,0.0300,0.0099,0.0000,0.0059,1,ACTIVE,6,3,2
4186,4813,10:36:00,0,10.00,0,0.0300,0.0099,0.0000,0.0059,1,ACTIVE,6,3,2
4186,4814,10:36:30,0,106.00,0,0.1800,0.0085,0.0173,0.0059,1,ACTIVE,6,3,2
4186,4815,10:37:00,0,162.00,0,0.2000,0.0170,0.0173,0.0059,1,ACTIVE,6,3,2
4186,4816,10:37:30,0,79.00,0,0.2200,0.0298,0.0173,0.0059,1,ACTIVE,6,3,2
4186,4817,10:38:00,0,17.00,0,0.1800,0.0085,0.0173,0.0059,1,ACTIVE,6,3,2
4186,4818,10:38:30,0,0.00,0,0.1800,0.0085,0.0173,0.0059,1,ACTIVE,6,3,2
4186,4819,10:39:00,0,7.00,0,1.2700,0.0724,0.1220,0.0412,1,ACTIVE,6,3,2
4186,4820,10:39:30,0,70.00,0,0.5500,0.0339,0.0523,0.0173,1,ACTIVE,6,3,2
4186,4821,10:40:00,0,38.00,0,0.2500,0.0431,0.0173,0.0059,1,ACTIVE,6,3,2
4186,4822,10:40:30,0,4.00,0,0.7000,0.0679,0.0622,0.0070,1,ACTIVE,6,3,2
4186,4823,10:41:00,0,22.00,0,0.2300,0.0339,0.0173,0.0059,1,ACTIVE,6,3,2
4186,4824,10:41:30,0,70.00,0,1.9500,0.1720,0.1760,0.0206,1,ACTIVE,6,3,2
4186,4825,10:42:00,0,0.00,0,1.2700,0.0724,0.1220,0.0412,1,ACTIVE,6,3,2
4186,4826,10:42:30,0,33.00,0,0.6600,0.0470,0.0622,0.0070,1,ACTIVE,6,3,2
4186,4827,10:43:00,0,85.00,0,1.2400,0.0559,0.1220,0.0412,1,ACTIVE,6,3,2
4186,4828,10:43:30,0,49.00,0,1.4200,0.0679,0.1390,0.0523,1,ACTIVE,6,3,2
4186,4829,10:44:00,0,25.00,0,0.2100,0.0215,0.0173,0.0059,1,ACTIVE,6,3,2
4186,4830,10:44:30,0,65.00,0,0.2100,0.0215,0.0173,0.0059,1,ACTIVE,6,3,2
4186,4831,10:45:00,0,9.00,0,0.2100,0.0215,0.0173,0.0059,1,ACTIVE,6,3,2
4186,4832,10:45:30,0,58.00,0,0.2100,0.0215,0.0173,0.0059,1,ACTIVE,6,3,2
4186,4833,10:46:00,0,10.00,0,4.5600,0.3370,0.4280,0.0622,1,ACTIVE,6,3,2
4186,4834,10:46:30,0,70.00,0,0.5500,0.0339,0.0523,0.0173,1,ACTIVE,6,3,2
4186,4835,10:47:00,0,1.00,0,0.2200,0.0298,0.0173,0.0059,1,ACTIVE,6,3,2
4186,4836,10:47:30,0,4.00,0,0.2200,0.0298,0.0173,0.0059,1,ACTIVE,6,3,2
4186,4837,10:48:00,0,136.00,0,2.0900,0.2380,0.1760,0.0206,1,ACTIVE,6,3,2
4186,4838,10:48:30,0,0.00,0,6.1500,0.8370,0.4870,0.0256,1,ACTIVE,6,3,2
4186,4839,10:49:00,0,43.00,0,7.6000,0.8560,0.6460,0.0480,1,ACTIVE,6,3,2
4186,4840,10:49:30,0,19.00,0,2.0200,0.2090,0.1760,0.0162,1,ACTIVE,6,3,2
4186,4841,10:50:00,0,1.00,0,6.1500,0.6050,0.5430,0.0480,0,ACTIVE,6,3,2
4186,4842,10:50:30,0,2.00,0,8.1500,0.7350,0.7350,0.0773,0,ACTIVE,6,3,2
4186,4843,10:51:00,0,4.00,0,11.2500,0.9130,1.0400,0.1090,0,ACTIVE,6,3,2
4186,4844,10:51:30,0,6.00,0,8.5200,0.7680,0.7680,0.0861,1,ACTIVE,6,3,2
4186,4845,10:52:00,0,63.00,0,9.7600,0.8200,0.8940,0.1090,1,ACTIVE,6,3,2
4186,4846,10:52:30,0,136.00,0,19.7100,1.2400,1.9100,0.2490,1,ACTIVE,6,3,2
4186,4847,10:53:00,0,0.00,0,25.3000,2.1300,2.3200,0.2770,1,ACTIVE,6,3,2
4186,4848,10:53:30,0,0.00,0,24.7700,2.0800,2.2700,0.2770,0,ACTIVE,6,3,2
4186,4849,10:54:00,0,0.00,0,24.7700,2.0800,2.2700,0.2770,0,ACTIVE,6,3,2
4186,4850,10:54:30,0,1.00,0,23.6200,1.9500,2.1700,0.2600,1,ACTIVE,6,3,2
4186,4851,10:55:00,0,0.00,0,23.6000,1.9500,2.1700,0.2490,1,ACTIVE,6,3,2
4186,4852,10:55:30,0,184.00,0,13.9300,1.1100,1.2900,0.1510,1,ACTIVE,6,3,2
4186,4853,10:56:00,0,38.00,0,0.5400,0.0298,0.0523,0.0173,1,ACTIVE,6,3,2
4186,4854,10:56:30,0,26.00,0,1.5400,0.0861,0.1510,0.0206,1,ACTIVE,6,3,2
4186,4855,10:57:00,0,10.00,0,0.9100,0.0470,0.0880,0.0292,1,ACTIVE,6,3,2
4186,4856,10:57:30,0,1.00,0,0.5400,0.0298,0.0523,0.0173,0,ACTIVE,6,3,2
4186,4857,10:58:00,0,0.00,0,0.5400,0.0298,0.0523,0.0173,0,ACTIVE,6,3,2
4186,4858,10:58:30,0,56.00,0,0.9000,0.0431,0.0880,0.0292,1,ACTIVE,6,3,2
4186,4859,10:59:00,0,47.00,0,16.4800,2.0800,1.2900,0.5200,1,ACTIVE,6,3,2
4186,4860,10:59:30,0,179.00,0,22.9700,1.8300,2.0800,0.6600,1,ACTIVE,6,3,2
4186,4861,11:00:00,0,40.00,0,4.5600,0.1760,0.4570,0.1580,1,ACTIVE,6,3,2
4186,4862,11:00:30,0,58.00,0,6.2000,0.2600,0.6180,0.1920,1,ACTIVE,6,3,2
4186,4863,11:01:00,0,7.00,0,3.2800,0.2090,0.3160,0.0440,1,ACTIVE,6,3,2
4186,4864,11:01:30,0,0.00,0,3.0000,0.1880,0.2900,0.0440,1,ACTIVE,6,3,2
4186,4865,11:02:00,0,0.00,0,2.9700,0.1760,0.2900,0.0440,1,ACTIVE,6,3,2
4186,4866,11:02:30,0,136.00,0,4.3500,0.1760,0.4370,0.1220,1,ACTIVE,6,3,2
4186,4867,11:03:00,0,102.00,0,1.5600,0.0981,0.1510,0.0206,1,ACTIVE,6,3,2
4186,4868,11:03:30,0,72.00,0,0.6300,0.0339,0.0622,0.0070,1,ACTIVE,6,3,2
4186,4869,11:04:00,0,3.00,0,0.5400,0.0298,0.0523,0.0173,1,ACTIVE,6,3,2
4186,4870,11:04:30,0,13.00,0,0.5200,0.0215,0.0523,0.0173,1,ACTIVE,6,3,2
4186,4871,11:05:00,0,27.00,0,0.9000,0.0431,0.0880,0.0292,1,ACTIVE,6,3,2
4186,4872,11:05:30,0,9.00,0,0.9100,0.0470,0.0880,0.0292,0,ACTIVE,6,3,2
4186,4873,11:06:00,0,1.00,0,0.9100,0.0470,0.0880,0.0292,0,ACTIVE,6,3,2
4186,4874,11:06:30,0,0.00,0,0.9100,0.0470,0.0880,0.0292,0,ACTIVE,6,3,2
4186,4875,11:07:00,0,0.00,0,0.9100,0.0470,0.0880,0.0292,0,ACTIVE,6,3,2
4186,4876,11:07:30,0,0.00,0,0.9100,0.0470,0.0880,0.0292,0,ACTIVE,6,3,2
4186,4877,11:08:00,0,22.00,0,0.5700,0.0339,0.0523,0.0292,1,ACTIVE,6,3,2
4186,4878,11:08:30,0,1.00,0,0.9200,0.0470,0.0880,0.0412,0,ACTIVE,6,3,2
4186,4879,11:09:00,0,0.00,0,0.9100,0.0470,0.0880,0.0292,0,ACTIVE,6,3,2
4186,4880,11:09:30,0,10.00,0,0.9000,0.0431,0.0880,0.0292,0,ACTIVE,6,3,2
4186,4881,11:10:00,0,11.00,0,0.5500,0.0339,0.0523,0.0173,0,ACTIVE,6,3,2
4186,4882,11:10:30,0,12.00,0,0.5500,0.0339,0.0523,0.0173,0,ACTIVE,6,3,2
4186,4883,11:11:00,0,2.00,0,0.9000,0.0431,0.0880,0.0292,0,ACTIVE,6,3,2
4186,4884,11:11:30,0,17.00,0,0.5400,0.0298,0.0523,0.0173,0,ACTIVE,6,3,2
4186,4885,11:12:00,0,4.00,0,0.9000,0.0431,0.0880,0.0292,0,ACTIVE,6,3,2
4186,4886,11:12:30,0,0.00,0,0.9000,0.0431,0.0880,0.0292,0,ACTIVE,6,3,2
4186,4887,11:13:00,0,6.00,0,0.9000,0.0431,0.0880,0.0292,0,ACTIVE,6,3,2
4186,4888,11:13:30,0,1.00,0,0.1800,0.0085,0.0173,0.0059,0,ACTIVE,6,3,2
4186,4889,11:14:00,0,12.00,0,0.2000,0.0170,0.0173,0.0059,0,ACTIVE,6,3,2
4186,4890,11:14:30,0,2.00,0,0.9100,0.0470,0.0880,0.0292,0,ACTIVE,6,3,2
4186,4891,11:15:00,0,1.00,0,0.5500,0.0339,0.0523,0.0173,0,ACTIVE,6,3,2
4186,4892,11:15:30,0,0.00,0,0.6500,0.0431,0.0622,0.0070,0,ACTIVE,6,3,2
4186,4893,11:16:00,0,0.00,0,0.5900,0.0431,0.0523,0.0292,0,ACTIVE,6,3,2
4186,4894,11:16:30,0,0.00,0,0.5400,0.0298,0.0523,0.0173,0,ACTIVE,6,3,2
4186,4895,11:17:00,0,24.00,0,0.3800,0.0215,0.0378,0.0023,1,ACTIVE,6,3,2
4186,4896,11:17:30,0,38.00,0,0.1800,0.0085,0.0173,0.0059,1,ACTIVE,6,3,2
4186,4897,11:18:00,0,56.00,0,1.5900,0.1120,0.1510,0.0206,1,ACTIVE,6,3,2
4186,4898,11:18:30,0,18.00,0,2.6900,0.0724,0.2770,0.0880,1,ACTIVE,6,3,2
4186,4899,11:19:00,0,45.00,0,2.6900,0.0724,0.2770,0.0880,1,ACTIVE,6,3,2
4186,4900,11:19:30,0,0.00,0,0.1800,0.0085,0.0173,0.0059,0,ACTIVE,6,3,2
4186,4901,11:20:00,0,2.00,0,0.1800,0.0085,0.0173,0.0059,1,ACTIVE,6,3,2
4186,4902,11:20:30,0,65.00,0,2.1800,0.1360,0.2140,0.0070,1,ACTIVE,6,3,2
4186,4903,11:21:00,0,82.00,0,12.8800,0.2490,1.3500,0.4770,1,ACTIVE,6,3,2
4186,4904,11:21:30,0,47.00,0,30.1900,0.3520,3.2100,1.2100,1,ACTIVE,6,3,2
4186,4905,11:22:00,0,113.00,0,11.6100,0.1840,1.2100,0.5550,1,ACTIVE,6,3,2
4186,4906,11:22:30,0,113.00,0,3.0800,0.1510,0.3030,0.0880,1,ACTIVE,6,3,2
4186,4907,11:23:00,0,72.00,0,0.2100,0.0215,0.0173,0.0059,1,ACTIVE,6,3,2
4186,4908,11:23:30,0,131.00,0,1.8400,0.1220,0.1760,0.0256,1,ACTIVE,6,3,2
4186,4909,11:24:00,0,49.00,0,1.2100,0.0431,0.1220,0.0412,1,ACTIVE,6,3,2
4186,4910,11:24:30,0,109.00,0,7.0100,0.1450,0.7200,0.3520,1,ACTIVE,6,3,2
4186,4911,11:25:00,0,47.00,0,0.5400,0.0298,0.0523,0.0173,1,ACTIVE,6,3,2
4186,4912,11:25:30,0,35.00,0,5.8600,0.1190,0.6050,0.2720,1,ACTIVE,6,3,2
4186,4913,11:26:00,0,136.00,0,1.2200,0.0470,0.1220,0.0412,1,ACTIVE,6,3,2
4186,4914,11:26:30,0,173.00,0,3.1800,0.1960,0.3030,0.0880,1,ACTIVE,6,3,2
4186,4915,11:27:00,0,173.00,0,0.5800,0.0470,0.0523,0.0173,1,ACTIVE,6,3,2
4186,4916,11:27:30,0,140.00,0,0.5500,0.0339,0.0523,0.0173,1,ACTIVE,6,3,2
4186,4917,11:28:00,0,34.00,0,0.2000,0.0170,0.0173,0.0059,1,ACTIVE,6,3,2
4186,4918,11:28:30,0,22.00,0,2.1100,0.0861,0.2090,0.0756,1,ACTIVE,6,3,2
4186,4919,11:29:00,0,26.00,0,0.6300,0.0339,0.0622,0.0070,1,ACTIVE,6,3,2
4186,4920,11:29:30,0,109.00,0,2.4300,0.0724,0.2440,0.1220,1,ACTIVE,6,3,2
4186,4921,11:30:00,0,61.00,0,1.2200,0.0470,0.1220,0.0412,1,ACTIVE,6,3,2
4186,4922,11:30:30,0,2.00,0,0.0300,0.0099,0.0000,0.0059,1,ACTIVE,6,3,2
4186,4923,11:31:00,0,52.00,0,0.2000,0.0170,0.0173,0.0059,1,ACTIVE,6,3,2
4186,4924,11:31:30,0,6.00,0,0.2000,0.0170,0.0173,0.0059,1,ACTIVE,6,3,2
4186,4925,11:32:00,0,22.00,0,5.2600,0.4190,0.4870,0.0571,1,ACTIVE,6,3,2
4186,4926,11:32:30,0,0.00,0,7.9600,0.6460,0.7350,0.0861,1,ACTIVE,6,3,2
4186,4927,11:33:00,0,145.00,0,9.7400,0.4280,0.9540,0.4100,1,ACTIVE,6,3,2
4186,4928,11:33:30,0,184.00,0,3.8000,0.1190,0.4010,0.0256,1,ACTIVE,6,3,2
4186,4929,11:34:00,0,127.00,0,9.9900,0.3920,0.9960,0.3680,1,ACTIVE,6,3,2
4186,4930,11:34:30,0,45.00,0,20.0800,0.9130,1.9900,0.5670,1,ACTIVE,6,3,2
4186,4931,11:35:00,0,211.00,0,76.2800,2.4700,7.8000,2.3200,1,ACTIVE,6,3,2
4186,4932,11:35:30,0,136.00,0,107.7100,4.8400,10.6000,4.1600,1,ACTIVE,6,3,2
4186,4933,11:36:00,0,10.00,0,0.7400,0.0861,0.0622,0.0070,1,ACTIVE,6,3,2
4186,4934,11:36:30,0,184.00,0,42.5700,0.9130,4.4400,1.5400,1,ACTIVE,6,3,2
4186,4935,11:37:00,0,156.00,0,44.5300,0.9130,4.6400,1.7500,1,ACTIVE,6,3,2
4186,4936,11:37:30,0,167.00,0,14.5400,1.1100,1.3200,0.4870,1,ACTIVE,6,3,2
4186,4937,11:38:00,0,122.00,0,9.5500,0.3030,0.9540,0.4870,1,ACTIVE,6,3,2
4186,4938,11:38:30,0,167.00,0,31.6800,0.9130,3.2100,1.4400,1,ACTIVE,6,3,2
4186,4939,11:39:00,0,56.00,0,28.1500,0.5430,2.9400,1.0900,1,ACTIVE,6,3,2
4186,4940,11:39:30,0,52.00,0,0.4800,0.0679,0.0378,0.0023,1,ACTIVE,6,3,2
4186,4941,11:40:00,0,118.00,0,12.5000,1.5700,0.9960,0.2840,1,ACTIVE,6,3,2
4186,4942,11:40:30,0,40.00,0,15.0700,0.5090,1.5000,0.7200,1,ACTIVE,6,3,2
4186,4943,11:41:00,0,17.00,0,6.8200,0.2490,0.6890,0.2140,1,ACTIVE,6,3,2
4186,4944,11:41:30,0,38.00,0,8.6400,0.3030,0.8750,0.2840,1,ACTIVE,6,3,2
4186,4945,11:42:00,0,43.00,0,3.4700,0.1760,0.3370,0.1220,1,ACTIVE,6,3,2
4186,4946,11:42:30,0,38.00,0,1.7600,0.0861,0.1760,0.0256,1,ACTIVE,6,3,2
4186,4947,11:43:00,0,82.00,0,8.6300,0.2090,0.8750,0.4670,1,ACTIVE,6,3,2
4186,4948,11:43:30,0,145.00,0,51.1500,1.7100,5.1700,1.9500,1,ACTIVE,6,3,2
4186,4949,11:44:00,0,150.00,0,4.0200,0.4470,0.1190,1.8300,1,ACTIVE,6,3,2
4186,4950,11:44:30,0,167.00,0,0.8800,0.0339,0.0880,0.0292,1,ACTIVE,6,3,2
4186,4951,11:45:00,0,191.00,0,1.7600,0.0679,0.1760,0.0650,1,ACTIVE,6,3,2
4186,4952,11:45:30,0,136.00,0,8.8700,1.1100,0.7200,0.1000,1,ACTIVE,6,3,2
4186,4953,11:46:00,0,234.00,0,3.6700,0.1450,0.3680,0.1220,1,ACTIVE,6,3,2
4186,4954,11:46:30,0,191.00,0,3.9100,0.1580,0.4010,0.0480,1,ACTIVE,6,3,2
4186,4955,11:47:00,0,145.00,0,2.7200,0.0807,0.2770,0.0981,1,ACTIVE,6,3,2
4186,4956,11:47:30,0,179.00,0,4.8200,0.2900,0.4570,0.1690,1,ACTIVE,6,3,2
4186,4957,11:48:00,0,524.00,0,180.6600,8.8800,17.8000,5.0600,1,ACTIVE,6,3,2
4186,4958,11:48:30,0,313.00,0,2.9200,0.1720,0.2770,0.0981,1,ACTIVE,6,3,2
4186,4959,11:49:00,0,419.00,0,4.7100,0.4100,0.4280,0.0480,1,ACTIVE,6,3,2
4186,4960,11:49:30,0,198.00,0,3535.900,133.0000,353.0000,139.0000,1,ACTIVE,6,3,2
4186,4961,11:50:00,0,167.00,0,2700.770,92.1000,272.0000,105.0000,1,ACTIVE,6,3,2
4186,4962,11:50:30,0,118.00,0,1120.290,29.9000,114.0000,48.1000,1,ACTIVE,6,3,2
4186,4963,11:51:00,0,106.00,0,815.2500,23.0000,82.7000,37.1000,1,ACTIVE,6,3,2
4186,4964,11:51:30,0,102.00,0,860.9500,18.5000,90.1000,28.0000,1,ACTIVE,6,3,2
4186,4965,11:52:00,0,67.00,0,312.8300,11.8000,31.2000,12.6000,1,ACTIVE,6,3,2
4186,4966,11:52:30,0,92.00,0,689.3400,22.1000,69.5000,29.2000,1,ACTIVE,6,3,2
4186,4967,11:53:00,0,75.00,0,602.3300,18.5000,61.0000,24.6000,1,ACTIVE,6,3,2
4186,4968,11:53:30,0,179.00,0,3799.100,119.0000,385.0000,152.0000,1,ACTIVE,6,3,2
4186,4969,11:54:00,0,30.00,0,836.5900,27.4000,84.5000,33.3000,1,ACTIVE,6,3,2
4186,4970,11:54:30,0,131.00,0,3934.730,62.4000,411.0000,184.0000,1,ACTIVE,6,3,2
4186,4971,11:55:00,0,127.00,0,978.9200,32.6000,98.3000,42.2000,1,ACTIVE,6,3,2
4186,4972,11:55:30,0,79.00,0,2122.810,71.0000,214.0000,80.9000,1,ACTIVE,6,3,2
4186,4973,11:56:00,0,156.00,0,1846.390,53.6000,188.0000,72.6000,1,ACTIVE,6,3,2
4186,4974,11:56:30,0,79.00,0,12403.97,721.0000,1210.000,173.0000,1,ACTIVE,6,3,2
4186,4975,11:57:00,0,257.00,0,3079.510,139.0000,303.0000,107.0000,1,ACTIVE,6,3,2
4186,4976,11:57:30,0,559.00,0,156.1400,7.1500,15.3000,6.1400,1,ACTIVE,6,3,2
4186,4977,11:58:00,0,173.00,0,5.4400,0.2720,0.5310,0.1690,1,ACTIVE,6,3,2
4186,4978,11:58:30,0,34.00,0,1.1000,0.0939,0.1000,0.0115,1,ACTIVE,6,3,2
4186,4979,11:59:00,0,38.00,0,1.1300,0.1070,0.1000,0.0162,1,ACTIVE,6,3,2
4186,4980,11:59:30,0,284.00,0,6.2500,0.3160,0.6050,0.2280,1,ACTIVE,6,3,2
4186,4981,12:00:00,0,346.00,0,4408.500,127.0000,448.0000,188.0000,1,ACTIVE,6,3,3
4186,4982,12:00:30,0,303.00,0,4637.380,158.0000,468.0000,176.0000,1,ACTIVE,6,3,3
4186,4983,12:01:00,0,293.00,0,594.1500,98.3000,41.3000,13.7000,1,ACTIVE,6,3,3
4186,4984,12:01:30,0,156.00,0,2.1500,0.1070,0.2090,0.0756,1,ACTIVE,6,3,3
4186,4985,12:02:00,0,67.00,0,6.0900,0.1840,0.6180,0.2490,1,ACTIVE,6,3,3
4186,4986,12:02:30,0,109.00,0,39.0300,1.0600,4.1600,0.2280,1,ACTIVE,6,3,3
4186,4987,12:03:00,0,127.00,0,70.0900,1.9900,7.1500,2.8200,1,ACTIVE,6,3,3
4186,4988,12:03:30,0,140.00,0,8.8000,0.5310,0.8560,0.1190,1,ACTIVE,6,3,3
4186,4989,12:04:00,0,211.00,0,3.0400,0.1330,0.3030,0.0880,1,ACTIVE,6,3,3
4186,4990,12:04:30,0,72.00,0,12.0200,0.4570,1.2100,0.3760,1,ACTIVE,6,3,3
4186,4991,12:05:00,0,136.00,0,8.9400,0.3520,0.8940,0.3090,1,ACTIVE,6,3,3
4186,4992,12:05:30,0,266.00,0,73.7400,3.7300,7.1500,2.6400,1,ACTIVE,6,3,3
4186,4993,12:06:00,0,303.00,0,4855.090,169.0000,488.0000,188.0000,1,ACTIVE,6,3,3
4186,4994,12:06:30,0,184.00,0,2475.730,80.9000,249.0000,103.0000,1,ACTIVE,6,3,3
4186,4995,12:07:00,0,102.00,0,1547.990,46.1000,158.0000,54.8000,1,ACTIVE,6,3,3
4186,4996,12:07:30,0,167.00,0,1351.630,46.1000,136.0000,53.6000,1,ACTIVE,6,3,3
4186,4997,12:08:00,0,179.00,0,1071.710,52.4000,105.0000,34.0000,1,ACTIVE,6,3,3
4186,4998,12:08:30,0,179.00,0,1416.040,28.6000,148.0000,49.1000,1,ACTIVE,6,3,3
4186,4999,12:09:00,0,323.00,0,1577.010,54.8000,158.0000,63.7000,1,ACTIVE,6,3,3
4186,5000,12:09:30,0,173.00,0,295.3600,8.6900,29.9000,13.4000,1,ACTIVE,6,3,3
4186,5001,12:10:00,0,131.00,0,13.8700,0.6050,1.4100,0.1800,1,ACTIVE,6,3,3
4186,5002,12:10:30,0,226.00,0,101.0100,3.3500,10.1000,4.6400,1,ACTIVE,6,3,3
4186,5003,12:11:00,0,303.00,0,1996.460,75.8000,197.0000,98.3000,1,ACTIVE,6,3,3
4186,5004,12:11:30,0,167.00,0,2011.620,82.7000,197.0000,98.3000,1,ACTIVE,6,3,3
4186,5005,12:12:00,0,266.00,0,3.0200,0.1120,0.3030,0.1120,1,ACTIVE,6,3,3
4186,5006,12:12:30,0,211.00,0,3.6900,0.1580,0.3680,0.1120,1,ACTIVE,6,3,3
4186,5007,12:13:00,0,173.00,0,4.5000,0.1450,0.4570,0.1690,1,ACTIVE,6,3,3
4186,5008,12:13:30,0,79.00,0,1.4000,0.0596,0.1390,0.0523,1,ACTIVE,6,3,3
4186,5009,12:14:00,0,122.00,0,5.4400,0.1610,0.5550,0.2050,1,ACTIVE,6,3,3
4186,5010,12:14:30,0,21.00,0,11.2800,0.3030,1.1600,0.4190,1,ACTIVE,6,3,3
4186,5011,12:15:00,0,19.00,0,9.5200,0.3840,0.9540,0.2960,1,ACTIVE,6,3,3
4186,5012,12:15:30,0,27.00,0,18.4200,0.4280,1.9100,0.7040,1,ACTIVE,6,3,3
4186,5013,12:16:00,0,106.00,0,19.4600,0.4670,2.0400,0.5550,1,ACTIVE,6,3,3
4186,5014,12:16:30,0,82.00,0,31.5500,0.4770,3.3500,1.0600,1,ACTIVE,6,3,3
4186,5015,12:17:00,0,241.00,0,5.0200,0.1880,0.4870,0.3090,1,ACTIVE,6,3,3
4186,5016,12:17:30,0,335.00,0,5.8500,0.3520,0.5550,0.1920,1,ACTIVE,6,3,3
4186,5017,12:18:00,0,275.00,0,2401.620,86.3000,244.0000,66.6000,1,ACTIVE,6,3,3
4186,5018,12:18:30,0,313.00,0,6055.430,219.0000,606.0000,239.0000,1,ACTIVE,6,3,3
4186,5019,12:19:00,0,275.00,0,5493.500,244.0000,544.0000,173.0000,1,ACTIVE,6,3,3
4186,5020,12:19:30,0,156.00,0,2509.940,75.8000,255.0000,100.0000,1,ACTIVE,6,3,3
4186,5021,12:20:00,0,122.00,0,176.6500,5.0600,18.1000,6.0100,1,ACTIVE,6,3,3
4186,5022,12:20:30,0,118.00,0,1505.430,57.2000,152.0000,47.1000,1,ACTIVE,6,3,3
4186,5023,12:21:00,0,82.00,0,571.9100,33.3000,56.0000,7.4700,1,ACTIVE,6,3,3
4186,5024,12:21:30,0,313.00,0,177.3100,18.5000,6.1400,75.8000,1,ACTIVE,6,3,3
4186,5025,12:22:00,0,492.00,0,1103.070,33.3000,112.0000,45.1000,1,ACTIVE,6,3,3
4186,5026,12:22:30,0,150.00,0,420.9700,9.4700,43.2000,20.2000,1,ACTIVE,6,3,3
4186,5027,12:23:00,0,335.00,0,106.7900,1.7900,11.3000,3.8100,1,ACTIVE,6,3,3
4186,5028,12:23:30,0,257.00,0,739.0500,24.0000,74.2000,33.3000,1,ACTIVE,6,3,3
4186,5029,12:24:00,0,179.00,0,225.7600,13.4000,22.1000,2.7600,1,ACTIVE,6,3,3
4186,5030,12:24:30,0,162.00,0,2661.890,105.0000,266.0000,90.1000,1,ACTIVE,6,3,3
4186,5031,12:25:00,0,122.00,0,3797.920,152.0000,377.0000,152.0000,1,ACTIVE,6,3,3
4186,5032,12:25:30,0,167.00,0,3316.540,125.0000,331.0000,133.0000,1,ACTIVE,6,3,3
4186,5033,12:26:00,0,162.00,0,2971.220,117.0000,297.0000,105.0000,1,ACTIVE,6,3,3
4186,5034,12:26:30,0,136.00,0,1709.540,62.4000,173.0000,54.8000,1,ACTIVE,6,3,3
4186,5035,12:27:00,0,58.00,0,502.3600,29.2000,49.1000,6.7000,1,ACTIVE,6,3,3
4186,5036,12:27:30,0,95.00,0,584.9100,24.6000,59.7000,6.8500,1,ACTIVE,6,3,3
4186,5037,12:28:00,0,150.00,0,1187.180,31.2000,122.0000,45.1000,1,ACTIVE,6,3,3
4186,5038,12:28:30,0,140.00,0,1244.310,49.1000,125.0000,39.6000,1,ACTIVE,6,3,3
4186,5039,12:29:00,0,162.00,0,2296.660,71.0000,234.0000,84.5000,1,ACTIVE,6,3,3
4186,5040,12:29:30,0,102.00,0,1333.660,46.1000,136.0000,37.1000,1,ACTIVE,6,3,3
4186,5041,12:30:00,0,82.00,0,1200.690,39.6000,122.0000,40.4000,1,ACTIVE,6,3,3
4186,5042,12:30:30,0,82.00,0,1111.220,31.2000,114.0000,37.1000,1,ACTIVE,6,3,3
4186,5043,12:31:00,0,113.00,0,1356.000,50.2000,136.0000,49.1000,1,ACTIVE,6,3,3
4186,5044,12:31:30,0,226.00,0,1143.220,46.1000,114.0000,36.3000,1,ACTIVE,6,3,3
4186,5045,12:32:00,0,198.00,0,45.6100,2.1300,4.4400,1.8700,1,ACTIVE,6,3,3
4186,5046,12:32:30,0,109.00,0,0.0300,0.0099,0.0000,0.0059,1,ACTIVE,6,3,3
4186,5047,12:33:00,0,102.00,0,0.2000,0.0170,0.0173,0.0059,1,ACTIVE,6,3,3
4186,5048,12:33:30,0,52.00,0,2.7600,0.1070,0.2770,0.0880,1,ACTIVE,6,3,3
4186,5049,12:34:00,0,38.00,0,82.7200,2.9400,8.3200,3.0700,1,ACTIVE,6,3,3
4186,5050,12:34:30,0,40.00,0,106.8800,4.6400,10.6000,3.8100,1,ACTIVE,6,3,3
4186,5051,12:35:00,0,13.00,0,221.2900,14.9000,20.7000,6.7000,1,ACTIVE,6,3,3
4186,5052,12:35:30,0,38.00,0,346.1800,18.9000,33.3000,11.8000,1,ACTIVE,6,3,3
4186,5053,12:36:00,0,204.00,0,176.8000,5.0600,18.1000,6.1400,1,ACTIVE,6,3,3
4186,5054,12:36:30,0,284.00,0,2120.920,71.0000,214.0000,79.2000,1,ACTIVE,6,3,3
4186,5055,12:37:00,0,249.00,0,179.0100,6.7000,17.8000,7.9700,1,ACTIVE,6,3,3
4186,5056,12:37:30,0,89.00,0,199.0400,7.8000,19.8000,7.8000,1,ACTIVE,6,3,3
4186,5057,12:38:00,0,61.00,0,310.1600,10.6000,31.2000,12.6000,1,ACTIVE,6,3,3
4186,5058,12:38:30,0,82.00,0,204.9600,6.2800,20.7000,9.2700,1,ACTIVE,6,3,3
4186,5059,12:39:00,0,85.00,0,262.6600,6.8500,26.8000,11.8000,1,ACTIVE,6,3,3
4186,5060,12:39:30,0,4.00,0,801.9000,20.2000,82.7000,30.5000,1,ACTIVE,6,3,3
4186,5061,12:40:00,0,145.00,0,140.6400,3.2100,14.3000,7.6300,1,ACTIVE,6,3,3
4186,5062,12:40:30,0,140.00,0,94.1700,3.1400,9.4700,3.9000,1,ACTIVE,6,3,3
4186,5063,12:41:00,0,131.00,0,109.7600,3.0100,11.0000,6.0100,1,ACTIVE,6,3,3
4186,5064,12:41:30,0,92.00,0,162.8900,4.1600,16.6000,7.3100,1,ACTIVE,6,3,3
4186,5065,12:42:00,0,63.00,0,155.5400,5.2800,15.6000,6.7000,1,ACTIVE,6,3,3
4186,5066,12:42:30,0,113.00,0,86.2700,3.0100,8.5000,4.7400,1,ACTIVE,6,3,3
4186,5067,12:43:00,0,184.00,0,80.4200,2.6400,8.1400,3.0100,1,ACTIVE,6,3,3
4186,5068,12:43:30,0,27.00,0,16.6700,0.6320,1.6700,0.5550,1,ACTIVE,6,3,3
4186,5069,12:44:00,0,1.00,0,14.6400,0.5550,1.4700,0.4870,1,ACTIVE,6,3,3
4186,5070,12:44:30,0,72.00,0,444.5100,17.0000,44.1000,18.9000,1,ACTIVE,6,3,3
4186,5071,12:45:00,0,204.00,0,954.4900,29.9000,96.2000,42.2000,1,ACTIVE,6,3,3
4186,5072,12:45:30,0,122.00,0,388.7100,12.3000,39.6000,13.7000,1,ACTIVE,6,3,3
4186,5073,12:46:00,0,127.00,0,152.4600,4.1600,15.6000,6.1400,1,ACTIVE,6,3,3
4186,5074,12:46:30,0,127.00,0,78.1600,2.8200,7.8000,3.3500,1,ACTIVE,6,3,3
4186,5075,12:47:00,0,70.00,0,141.5300,4.3400,14.3000,6.1400,1,ACTIVE,6,3,3
4186,5076,12:47:30,0,43.00,0,61.4700,1.6000,6.2800,2.7000,1,ACTIVE,6,3,3
4186,5077,12:48:00,0,82.00,0,30.8100,0.9750,3.1400,1.0600,1,ACTIVE,6,3,3
4186,5078,12:48:30,0,109.00,0,15.4500,0.5310,1.5700,0.4870,1,ACTIVE,6,3,3
4186,5079,12:49:00,0,113.00,0,77.1000,2.4700,7.8000,3.0700,1,ACTIVE,6,3,3
4186,5080,12:49:30,0,162.00,0,35.7900,1.3500,3.5700,1.3800,1,ACTIVE,6,3,3
4186,5081,12:50:00,0,89.00,0,30.5000,1.7100,2.9400,0.8750,1,ACTIVE,6,3,3
4186,5082,12:50:30,0,95.00,0,42.7100,1.2100,4.3400,1.8300,1,ACTIVE,6,3,3
4186,5083,12:51:00,0,89.00,0,25.8800,1.0600,2.5800,0.8370,1,ACTIVE,6,3,3
4186,5084,12:51:30,0,106.00,0,82.4000,1.8700,8.5000,3.5000,1,ACTIVE,6,3,3
4186,5085,12:52:00,0,275.00,0,36.4900,1.4400,3.6500,1.2100,1,ACTIVE,6,3,3
4186,5086,12:52:30,0,419.00,0,209.7800,6.1400,21.1000,10.3000,1,ACTIVE,6,3,3
4186,5087,12:53:00,0,140.00,0,501.3000,15.9000,50.2000,24.0000,1,ACTIVE,6,3,3
4186,5088,12:53:30,0,145.00,0,312.8900,20.7000,29.2000,10.3000,1,ACTIVE,6,3,3
4186,5089,12:54:00,0,13.00,0,242.3200,21.6000,21.1000,8.8800,1,ACTIVE,6,3,3
4186,5090,12:54:30,0,31.00,0,429.5600,19.8000,42.2000,14.6000,1,ACTIVE,6,3,3
4186,5091,12:55:00,0,99.00,0,37.1800,1.9900,3.5700,1.3500,1,ACTIVE,6,3,3
4186,5092,12:55:30,0,118.00,0,190.0500,2.7000,19.8000,9.8900,1,ACTIVE,6,3,3
4186,5093,12:56:00,0,38.00,0,44.2600,2.8200,4.1600,1.4700,1,ACTIVE,6,3,3
4186,5094,12:56:30,0,30.00,0,39.7500,2.5300,3.7300,1.3500,1,ACTIVE,6,3,3
4186,5095,12:57:00,0,43.00,0,31.5700,1.8300,3.0100,1.1100,1,ACTIVE,6,3,3
4186,5096,12:57:30,0,323.00,0,631.9200,13.4000,65.1000,29.2000,1,ACTIVE,6,3,3
4186,5097,12:58:00,0,162.00,0,1071.470,38.7000,107.0000,43.2000,1,ACTIVE,6,3,3
4186,5098,12:58:30,0,82.00,0,890.1800,30.5000,90.1000,30.5000,1,ACTIVE,6,3,3
4186,5099,12:59:00,0,63.00,0,677.0600,19.8000,69.5000,22.5000,1,ACTIVE,6,3,3
4186,5100,12:59:30,0,122.00,0,0.0000,0.0000,0.0000,0.0000,1,ACTIVE,6,3,3
4186,5101,13:00:00,0,106.00,0,1417.890,49.1000,142.0000,59.7000,1,ACTIVE,6,3,3
4186,5102,13:00:30,0,131.00,0,716.3800,37.1000,69.5000,23.5000,1,ACTIVE,6,3,3
4186,5103,13:01:00,0,89.00,0,51.1200,1.6700,5.1700,1.9900,1,ACTIVE,6,3,3
4186,5104,13:01:30,0,61.00,0,28.6400,1.0400,2.8800,1.0400,1,ACTIVE,6,3,3
4186,5105,13:02:00,0,136.00,0,2316.580,62.4000,239.0000,79.2000,1,ACTIVE,6,3,3
4186,5106,13:02:30,0,65.00,0,526.3100,22.1000,53.6000,7.4700,1,ACTIVE,6,3,3
4186,5107,13:03:00,0,118.00,0,2963.230,114.0000,297.0000,103.0000,1,ACTIVE,6,3,3
4186,5108,13:03:30,0,54.00,0,5712.830,244.0000,568.0000,180.0000,1,ACTIVE,6,3,3
4186,5109,13:04:00,0,85.00,0,5594.080,249.0000,556.0000,158.0000,1,ACTIVE,6,3,3
4186,5110,13:04:30,0,113.00,0,404.6600,10.6000,41.3000,17.8000,1,ACTIVE,6,3,3
4186,5111,13:05:00,0,145.00,0,59.0600,2.0800,5.8800,2.7000,1,ACTIVE,6,3,3
4186,5112,13:05:30,0,150.00,0,1413.940,46.1000,142.0000,62.4000,1,ACTIVE,6,3,3
4186,5113,13:06:00,0,58.00,0,877.7500,23.5000,90.1000,33.3000,1,ACTIVE,6,3,3
4186,5114,13:06:30,0,113.00,0,282.2800,9.0700,28.6000,10.8000,1,ACTIVE,6,3,3
4186,5115,13:07:00,0,122.00,0,146.2800,2.8800,15.3000,5.7600,1,ACTIVE,6,3,3
4186,5116,13:07:30,0,118.00,0,70.2600,3.0100,6.8500,3.3500,1,ACTIVE,6,3,3
4186,5117,13:08:00,0,145.00,0,130.8400,3.5000,13.4000,5.2800,1,ACTIVE,6,3,3
4186,5118,13:08:30,0,52.00,0,71.1700,1.9500,7.3100,2.6400,1,ACTIVE,6,3,3
4186,5119,13:09:00,0,56.00,0,45.2200,1.6700,4.5400,1.6400,1,ACTIVE,6,3,3
4186,5120,13:09:30,0,49.00,0,36.1100,1.5400,3.5700,1.2900,1,ACTIVE,6,3,3
4186,5121,13:10:00,0,70.00,0,44.7900,1.6000,4.6400,0.5920,1,ACTIVE,6,3,3
4186,5122,13:10:30,0,102.00,0,25.7300,0.9750,2.5800,0.8750,1,ACTIVE,6,3,3
4186,5123,13:11:00,0,52.00,0,64.0900,1.3800,6.7000,2.1700,1,ACTIVE,6,3,3
4186,5124,13:11:30,0,70.00,0,127.1600,3.7300,13.1000,3.7300,1,ACTIVE,6,3,3
4186,5125,13:12:00,0,63.00,0,94.8400,3.0100,9.8900,1.4100,1,ACTIVE,6,3,3
4186,5126,13:12:30,0,92.00,0,152.2800,3.2100,15.9000,5.1700,1,ACTIVE,6,3,3
4186,5127,13:13:00,0,85.00,0,91.3300,2.1300,9.4700,3.3500,1,ACTIVE,6,3,3
4186,5128,13:13:30,0,102.00,0,84.9600,1.6400,8.8800,3.2800,1,ACTIVE,6,3,3
4186,5129,13:14:00,0,145.00,0,399.3000,9.6800,41.3000,14.6000,1,ACTIVE,6,3,3
4186,5130,13:14:30,0,191.00,0,275.2000,6.4200,28.6000,9.6800,1,ACTIVE,6,3,3
4186,5131,13:15:00,0,102.00,0,74.2000,2.3700,7.4700,3.2800,1,ACTIVE,6,3,3
4186,5132,13:15:30,0,70.00,0,344.6700,11.0000,34.8000,14.6000,1,ACTIVE,6,3,3
4186,5133,13:16:00,0,140.00,0,2026.000,62.4000,205.0000,82.7000,1,ACTIVE,6,3,3
4186,5134,13:16:30,0,184.00,0,1307.440,41.3000,133.0000,46.1000,1,ACTIVE,6,3,3
4186,5135,13:17:00,0,72.00,0,1739.920,66.6000,173.0000,74.2000,1,ACTIVE,6,3,3
4186,5136,13:17:30,0,82.00,0,1586.480,59.7000,158.0000,62.4000,1,ACTIVE,6,3,3
4186,5137,13:18:00,0,49.00,0,1589.370,61.0000,158.0000,62.4000,1,ACTIVE,6,3,3
4186,5138,13:18:30,0,31.00,0,623.9500,23.0000,62.4000,24.6000,1,ACTIVE,6,3,3
4186,5139,13:19:00,0,140.00,0,1032.190,30.5000,105.0000,42.2000,1,ACTIVE,6,3,3
4186,5140,13:19:30,0,145.00,0,482.9500,13.1000,49.1000,21.6000,1,ACTIVE,6,3,3
4186,5141,13:20:00,0,70.00,0,138.0700,3.5000,14.0000,7.1500,1,ACTIVE,6,3,3
4186,5142,13:20:30,0,198.00,0,148.6900,4.3400,14.9000,7.6300,1,ACTIVE,6,3,3
4186,5143,13:21:00,0,113.00,0,454.1900,17.8000,45.1000,18.5000,1,ACTIVE,6,3,3
4186,5144,13:21:30,0,79.00,0,509.8100,16.6000,51.3000,21.6000,1,ACTIVE,6,3,3
4186,5145,13:22:00,0,40.00,0,378.8200,13.7000,37.9000,15.3000,1,ACTIVE,6,3,3
4186,5146,13:22:30,0,45.00,0,979.5100,33.3000,98.3000,41.3000,1,ACTIVE,6,3,3
4186,5147,13:23:00,0,52.00,0,2967.260,49.1000,310.0000,133.0000,1,ACTIVE,6,3,3
4186,5148,13:23:30,0,82.00,0,706.2500,24.6000,71.0000,27.4000,1,ACTIVE,6,3,3
4186,5149,13:24:00,0,72.00,0,999.1100,27.4000,103.0000,36.3000,1,ACTIVE,6,3,3
4186,5150,13:24:30,0,173.00,0,4441.760,176.0000,448.0000,119.0000,1,ACTIVE,6,3,3
4186,5151,13:25:00,0,56.00,0,3620.180,136.0000,361.0000,148.0000,1,ACTIVE,6,3,3
4186,5152,13:25:30,0,26.00,0,4120.450,148.0000,411.0000,180.0000,1,ACTIVE,6,3,3
4186,5153,13:26:00,0,27.00,0,3249.220,119.0000,324.0000,139.0000,1,ACTIVE,6,3,3
4186,5154,13:26:30,0,49.00,0,3197.400,133.0000,317.0000,119.0000,1,ACTIVE,6,3,3
4186,5155,13:27:00,0,33.00,0,3078.090,136.0000,303.0000,112.0000,1,ACTIVE,6,3,3
4186,5156,13:27:30,0,72.00,0,2112.330,80.9000,210.0000,88.2000,1,ACTIVE,6,3,3
4186,5157,13:28:00,0,54.00,0,1519.890,63.7000,152.0000,47.1000,1,ACTIVE,6,3,3
4186,5158,13:28:30,0,65.00,0,2517.870,84.5000,255.0000,90.1000,1,ACTIVE,6,3,3
4186,5159,13:29:00,0,61.00,0,984.1600,57.2000,96.2000,14.0000,1,ACTIVE,6,3,3
4186,5160,13:29:30,0,49.00,0,952.3000,33.3000,96.2000,33.3000,1,ACTIVE,6,3,3
4186,5161,13:30:00,0,131.00,0,2230.530,57.2000,229.0000,92.1000,1,ACTIVE,6,3,3
4186,5162,13:30:30,0,136.00,0,5101.670,184.0000,510.0000,210.0000,1,ACTIVE,6,3,3
4186,5163,13:31:00,0,79.00,0,5336.300,205.0000,532.0000,201.0000,1,ACTIVE,6,3,3
4186,5164,13:31:30,0,113.00,0,2137.780,82.7000,214.0000,71.0000,1,ACTIVE,6,3,3
4186,5165,13:32:00,0,58.00,0,339.7900,11.8000,34.0000,14.6000,1,ACTIVE,6,3,3
4186,5166,13:32:30,0,65.00,0,305.3400,11.0000,30.5000,12.6000,1,ACTIVE,6,3,3
4186,5167,13:33:00,0,79.00,0,167.5400,6.7000,16.6000,6.4200,1,ACTIVE,6,3,3
4186,5168,13:33:30,0,49.00,0,332.4000,11.8000,33.3000,13.7000,1,ACTIVE,6,3,3
4186,5169,13:34:00,0,58.00,0,439.4800,14.9000,44.1000,18.5000,1,ACTIVE,6,3,3
4186,5170,13:34:30,0,35.00,0,403.2700,14.0000,40.4000,16.6000,1,ACTIVE,6,3,3
4186,5171,13:35:00,0,150.00,0,570.7800,18.9000,57.2000,25.7000,1,ACTIVE,6,3,3
4186,5172,13:35:30,0,92.00,0,334.1100,11.8000,33.3000,15.3000,1,ACTIVE,6,3,3
4186,5173,13:36:00,0,75.00,0,226.2600,8.5000,22.5000,9.2700,1,ACTIVE,6,3,3
4186,5174,13:36:30,0,67.00,0,479.2100,15.6000,48.1000,21.6000,1,ACTIVE,6,3,3
4186,5175,13:37:00,0,54.00,0,593.3000,18.5000,59.7000,26.8000,1,ACTIVE,6,3,3
4186,5176,13:37:30,0,47.00,0,532.9200,17.4000,53.6000,23.0000,1,ACTIVE,6,3,3
4186,5177,13:38:00,0,58.00,0,404.3500,14.3000,40.4000,17.0000,1,ACTIVE,6,3,3
4186,5178,13:38:30,0,54.00,0,471.7200,17.4000,47.1000,19.4000,1,ACTIVE,6,3,3
4186,5179,13:39:00,0,49.00,0,482.0500,17.8000,48.1000,19.8000,1,ACTIVE,6,3,3
4186,5180,13:39:30,0,36.00,0,573.8100,21.1000,57.2000,24.0000,1,ACTIVE,6,3,3
4186,5181,13:40:00,0,56.00,0,1062.370,35.5000,107.0000,41.3000,1,ACTIVE,6,3,3
4186,5182,13:40:30,0,92.00,0,527.1300,19.8000,52.4000,22.1000,1,ACTIVE,6,3,3
4186,5183,13:41:00,0,65.00,0,547.5900,19.4000,54.8000,23.0000,1,ACTIVE,6,3,3
4186,5184,13:41:30,0,79.00,0,835.6300,26.2000,84.5000,34.8000,1,ACTIVE,6,3,3
4186,5185,13:42:00,0,102.00,0,359.5500,17.8000,34.8000,14.6000,1,ACTIVE,6,3,3
4186,5186,13:42:30,0,145.00,0,701.5700,23.0000,71.0000,26.2000,1,ACTIVE,6,3,3
4186,5187,13:43:00,0,106.00,0,1087.000,35.5000,110.0000,45.1000,1,ACTIVE,6,3,3
4186,5188,13:43:30,0,92.00,0,737.9300,24.6000,74.2000,31.2000,1,ACTIVE,6,3,3
4186,5189,13:44:00,0,79.00,0,534.4300,18.5000,53.6000,22.1000,1,ACTIVE,6,3,3
4186,5190,13:44:30,0,70.00,0,661.1400,21.6000,66.6000,28.0000,1,ACTIVE,6,3,3
4186,5191,13:45:00,0,92.00,0,617.4600,24.6000,61.0000,26.2000,1,ACTIVE,6,3,3
4186,5192,13:45:30,0,58.00,0,783.8300,24.6000,79.2000,33.3000,1,ACTIVE,6,3,3
4186,5193,13:46:00,0,70.00,0,482.0500,17.8000,48.1000,19.8000,1,ACTIVE,6,3,3
4186,5194,13:46:30,0,61.00,0,529.0400,21.1000,52.4000,21.1000,1,ACTIVE,6,3,3
4186,5195,13:47:00,0,67.00,0,546.1400,18.9000,54.8000,22.5000,1,ACTIVE,6,3,3
4186,5196,13:47:30,0,127.00,0,1139.760,37.1000,114.0000,51.3000,1,ACTIVE,6,3,3
4186,5197,13:48:00,0,184.00,0,1271.540,43.2000,127.0000,54.8000,1,ACTIVE,6,3,3
4186,5198,13:48:30,0,198.00,0,464.8100,15.6000,47.1000,16.6000,1,ACTIVE,6,3,3
4186,5199,13:49:00,0,54.00,0,260.5300,11.5000,25.7000,9.4700,1,ACTIVE,6,3,3
4186,5200,13:49:30,0,79.00,0,254.5700,10.8000,25.1000,9.8900,1,ACTIVE,6,3,3
4186,5201,13:50:00,0,85.00,0,228.7800,10.1000,22.5000,8.3200,1,ACTIVE,6,3,3
4186,5202,13:50:30,0,127.00,0,1215.790,45.1000,122.0000,43.2000,1,ACTIVE,6,3,3
4186,5203,13:51:00,0,131.00,0,2976.110,112.0000,297.0000,119.0000,1,ACTIVE,6,3,3
4186,5204,13:51:30,0,82.00,0,11.0500,0.5310,1.0900,0.3300,1,ACTIVE,6,3,3
4186,5205,13:52:00,0,85.00,0,18.4100,0.8020,1.8300,0.5920,1,ACTIVE,6,3,3
4186,5206,13:52:30,0,109.00,0,19.6600,0.8370,1.9500,0.6740,1,ACTIVE,6,3,3
4186,5207,13:53:00,0,63.00,0,13.6700,0.7510,1.3200,0.4100,1,ACTIVE,6,3,3
4186,5208,13:53:30,0,118.00,0,20.5000,1.0900,1.9900,0.6050,1,ACTIVE,6,3,3
4186,5209,13:54:00,0,106.00,0,99.7000,1.7900,10.6000,3.0100,1,ACTIVE,6,3,3
4186,5210,13:54:30,0,65.00,0,80.7100,2.2200,8.3200,2.7000,1,ACTIVE,6,3,3
4186,5211,13:55:00,0,54.00,0,84.7000,2.5300,8.8800,1.2400,1,ACTIVE,6,3,3
4186,5212,13:55:30,0,99.00,0,74.2000,1.9500,7.6300,2.8200,1,ACTIVE,6,3,3
4186,5213,13:56:00,0,75.00,0,113.8200,2.1300,12.0000,3.5000,1,ACTIVE,6,3,3
4186,5214,13:56:30,0,92.00,0,103.5200,2.3200,10.8000,3.5700,1,ACTIVE,6,3,3
4186,5215,13:57:00,0,113.00,0,313.2000,16.3000,31.2000,3.7300,1,ACTIVE,6,3,3
4186,5216,13:57:30,0,92.00,0,366.0000,26.2000,34.8000,3.3500,1,ACTIVE,6,3,3
4186,5217,13:58:00,0,102.00,0,913.5400,29.2000,92.1000,38.7000,1,ACTIVE,6,3,3
4186,5218,13:58:30,0,140.00,0,2514.210,98.3000,249.0000,103.0000,1,ACTIVE,6,3,3
4186,5219,13:59:00,0,89.00,0,1550.160,88.2000,148.0000,51.3000,1,ACTIVE,6,3,3
4186,5220,13:59:30,0,52.00,0,670.7600,26.8000,66.6000,26.2000,1,ACTIVE,6,3,3
4186,5221,14:00:00,0,140.00,0,5689.950,234.0000,568.0000,180.0000,1,ACTIVE,6,3,3
4186,5222,14:00:30,0,184.00,0,2961.340,103.0000,297.0000,125.0000,1,ACTIVE,6,3,3
4186,5223,14:01:00,0,368.00,0,3881.080,155.0000,385.0000,155.0000,1,ACTIVE,6,3,3
4186,5224,14:01:30,0,368.00,0,2684.980,98.3000,266.0000,125.0000,1,ACTIVE,6,3,3
4186,5225,14:02:00,0,249.00,0,107.8500,2.8200,11.0000,4.6400,1,ACTIVE,6,3,3
4186,5226,14:02:30,0,257.00,0,1.0000,0.0981,0.0880,0.0115,1,ACTIVE,6,3,3
4186,5227,14:03:00,0,131.00,0,1.2700,0.0724,0.1220,0.0412,1,ACTIVE,6,3,3
4186,5228,14:03:30,0,173.00,0,0.4300,0.0431,0.0378,0.0023,1,ACTIVE,6,3,3
4186,5229,14:04:00,0,140.00,0,0.6300,0.0679,0.0523,0.0173,1,ACTIVE,6,3,3
4186,5230,14:04:30,0,275.00,0,1.9600,0.1610,0.1760,0.0523,1,ACTIVE,6,3,3
4186,5231,14:05:00,0,92.00,0,0.9300,0.0559,0.0880,0.0292,1,ACTIVE,6,3,3
4186,5232,14:05:30,0,145.00,0,1.6100,0.1510,0.1390,0.0523,1,ACTIVE,6,3,3
4186,5233,14:06:00,0,63.00,0,0.0200,0.0049,0.0000,0.0059,1,ACTIVE,6,3,3
4186,5234,14:06:30,0,61.00,0,0.0100,0.0049,0.0000,0.0000,1,ACTIVE,6,3,3
4186,5235,14:07:00,0,109.00,0,0.0300,0.0099,0.0000,0.0059,1,ACTIVE,6,3,3
4186,5236,14:07:30,0,40.00,0,0.0200,0.0049,0.0000,0.0059,1,ACTIVE,6,3,3
4186,5237,14:08:00,0,33.00,0,0.0800,0.0215,0.0012,0.0215,1,ACTIVE,6,3,3
4186,5238,14:08:30,0,89.00,0,1.8600,0.1120,0.1760,0.0650,1,ACTIVE,6,3,3
4186,5239,14:09:00,0,99.00,0,1.3700,0.1190,0.1240,0.0162,1,ACTIVE,6,3,3
4186,5240,14:09:30,0,43.00,0,6.7400,0.9540,0.5200,0.0724,1,ACTIVE,6,3,3
4186,5241,14:10:00,0,136.00,0,8.8500,1.6700,0.5790,0.0679,1,ACTIVE,6,3,3
4186,5242,14:10:30,0,79.00,0,2.9700,0.3030,0.2600,0.0256,1,ACTIVE,6,3,3
4186,5243,14:11:00,0,15.00,0,0.2100,0.0215,0.0173,0.0059,1,ACTIVE,6,3,3
4186,5244,14:11:30,0,38.00,0,0.2100,0.0215,0.0173,0.0059,1,ACTIVE,6,3,3
4186,5245,14:12:00,0,70.00,0,0.4600,0.0559,0.0378,0.0023,1,ACTIVE,6,3,3
4186,5246,14:12:30,0,67.00,0,0.2200,0.0298,0.0173,0.0059,1,ACTIVE,6,3,3
4186,5247,14:13:00,0,113.00,0,0.2300,0.0339,0.0173,0.0059,1,ACTIVE,6,3,3
4186,5248,14:13:30,0,47.00,0,0.2000,0.0170,0.0173,0.0059,1,ACTIVE,6,3,3
4186,5249,14:14:00,0,49.00,0,0.5700,0.0431,0.0523,0.0173,1,ACTIVE,6,3,3
4186,5250,14:14:30,0,92.00,0,0.5700,0.0431,0.0523,0.0173,1,ACTIVE,6,3,3
4186,5251,14:15:00,0,150.00,0,0.9500,0.0679,0.0880,0.0292,1,ACTIVE,6,3,3
4186,5252,14:15:30,0,122.00,0,1.0300,0.1120,0.0880,0.0115,1,ACTIVE,6,3,3
4186,5253,14:16:00,0,122.00,0,1.9300,0.1610,0.1760,0.0256,1,ACTIVE,6,3,3
4186,5254,14:16:30,0,56.00,0,4.4700,0.9750,0.2600,0.0395,1,ACTIVE,6,3,3
4186,5255,14:17:00,0,67.00,0,0.9400,0.0724,0.0880,0.0070,1,ACTIVE,6,3,3
4186,5256,14:17:30,0,118.00,0,1.1600,0.1720,0.0880,0.0115,1,ACTIVE,6,3,3
4186,5257,14:18:00,0,79.00,0,0.5800,0.0470,0.0523,0.0173,1,ACTIVE,6,3,3
4186,5258,14:18:30,0,226.00,0,1.0800,0.1360,0.0880,0.0115,1,ACTIVE,6,3,3
4186,5259,14:19:00,0,179.00,0,2.7000,0.3680,0.2140,0.0162,1,ACTIVE,6,3,3
4186,5260,14:19:30,0,167.00,0,8.1300,1.5000,0.5430,0.0480,1,ACTIVE,6,3,3
4186,5261,14:20:00,0,31.00,0,0.6800,0.0596,0.0622,0.0070,1,ACTIVE,6,3,3
4186,5262,14:20:30,0,131.00,0,0.7000,0.0679,0.0622,0.0070,1,ACTIVE,6,3,3
4186,5263,14:21:00,0,54.00,0,0.5800,0.0470,0.0523,0.0173,1,ACTIVE,6,3,3
4186,5264,14:21:30,0,127.00,0,0.6800,0.0559,0.0622,0.0070,1,ACTIVE,6,3,3
4186,5265,14:22:00,0,11.00,0,0.7000,0.0679,0.0622,0.0070,1,ACTIVE,6,3,3
4186,5266,14:22:30,0,2.00,0,0.9600,0.0724,0.0880,0.0292,1,ACTIVE,6,3,3
4186,5267,14:23:00,0,3.00,0,0.7000,0.0679,0.0622,0.0070,1,ACTIVE,6,3,3
4186,5268,14:23:30,0,79.00,0,0.6000,0.0559,0.0523,0.0173,1,ACTIVE,6,3,3
4186,5269,14:24:00,0,28.00,0,3.9700,0.9330,0.2090,0.0650,1,ACTIVE,6,3,3
4186,5270,14:24:30,0,198.00,0,6.4500,1.1600,0.4370,0.0571,1,ACTIVE,6,3,3
4186,5271,14:25:00,0,156.00,0,1.7800,0.0807,0.1760,0.0523,1,ACTIVE,6,3,3
4186,5272,14:25:30,0,167.00,0,1.8300,0.2230,0.1510,0.0115,1,ACTIVE,6,3,3
4186,5273,14:26:00,0,36.00,0,2.0300,0.2140,0.1760,0.0115,1,ACTIVE,6,3,3
4186,5274,14:26:30,0,30.00,0,2.5400,0.3450,0.2000,0.0206,1,ACTIVE,6,3,3
4186,5275,14:27:00,0,9.00,0,0.5500,0.0339,0.0523,0.0173,1,ACTIVE,6,3,3
4186,5276,14:27:30,0,13.00,0,0.2200,0.0298,0.0173,0.0059,1,ACTIVE,6,3,3
4186,5277,14:28:00,0,2.00,0,0.2100,0.0215,0.0173,0.0059,0,ACTIVE,6,3,3
4186,5278,14:28:30,0,11.00,0,0.2100,0.0215,0.0173,0.0059,0,ACTIVE,6,3,3
4186,5279,14:29:00,0,1.00,0,0.2100,0.0215,0.0173,0.0059,0,ACTIVE,6,3,3
4186,5280,14:29:30,0,4.00,0,0.2100,0.0215,0.0173,0.0059,1,ACTIVE,6,3,3
4186,5281,14:30:00,0,1.00,0,0.2000,0.0170,0.0173,0.0059,1,ACTIVE,6,3,3
4186,5282,14:30:30,0,89.00,0,0.5700,0.0431,0.0523,0.0173,1,ACTIVE,6,3,3
4186,5283,14:31:00,0,218.00,0,0.7000,0.0679,0.0622,0.0070,1,ACTIVE,6,3,3
4186,5284,14:31:30,0,95.00,0,0.6800,0.0596,0.0622,0.0070,1,ACTIVE,6,3,3
4186,5285,14:32:00,0,30.00,0,0.0300,0.0099,0.0000,0.0059,1,ACTIVE,6,3,3
4186,5286,14:32:30,0,257.00,0,2.9800,0.3920,0.2380,0.0256,1,ACTIVE,6,3,3
4186,5287,14:33:00,0,31.00,0,1.2400,0.0596,0.1220,0.0412,1,ACTIVE,6,3,3
4186,5288,14:33:30,0,43.00,0,0.9600,0.0807,0.0880,0.0115,1,ACTIVE,6,3,3
4186,5289,14:34:00,0,31.00,0,5.0300,0.8560,0.3520,0.0480,1,ACTIVE,6,3,3
4186,5290,14:34:30,0,179.00,0,6.6400,1.0400,0.4870,0.0679,1,ACTIVE,6,3,3
4186,5291,14:35:00,0,92.00,0,9.9200,1.0400,0.8560,0.1190,1,ACTIVE,6,3,3
4186,5292,14:35:30,0,52.00,0,4.7400,0.5310,0.4010,0.0480,1,ACTIVE,6,3,3
4186,5293,14:36:00,0,226.00,0,2.5200,0.3370,0.2000,0.0162,1,ACTIVE,6,3,3
4186,5294,14:36:30,0,40.00,0,2.0700,0.2330,0.1760,0.0115,1,ACTIVE,6,3,3
4186,5295,14:37:00,0,140.00,0,4.1000,0.5310,0.3300,0.0347,1,ACTIVE,6,3,3
4186,5296,14:37:30,0,65.00,0,2.4500,0.2490,0.2140,0.0206,1,ACTIVE,6,3,3
4186,5297,14:38:00,0,234.00,0,0.4400,0.0470,0.0378,0.0023,1,ACTIVE,6,3,3
4186,5298,14:38:30,0,167.00,0,0.2200,0.0298,0.0173,0.0059,1,ACTIVE,6,3,3
4186,5299,14:39:00,0,38.00,0,0.9500,0.0596,0.0880,0.0412,1,ACTIVE,6,3,3
4186,5300,14:39:30,0,30.00,0,0.5700,0.0431,0.0523,0.0173,1,ACTIVE,6,3,3
4186,5301,14:40:00,0,109.00,0,3.0100,0.3160,0.2600,0.0298,1,ACTIVE,6,3,3
4186,5302,14:40:30,0,28.00,0,4.9300,0.7200,0.3760,0.0480,1,ACTIVE,6,3,3
4186,5303,14:41:00,0,52.00,0,3.7300,0.3030,0.3370,0.0981,1,ACTIVE,6,3,3
4186,5304,14:41:30,0,20.00,0,0.2100,0.0215,0.0173,0.0059,1,ACTIVE,6,3,3
4186,5305,14:42:00,0,92.00,0,1.1800,0.1330,0.1000,0.0115,1,ACTIVE,6,3,3
4186,5306,14:42:30,0,122.00,0,4.0600,0.4190,0.3520,0.0440,1,ACTIVE,6,3,3
4186,5307,14:43:00,0,52.00,0,2.5200,0.2770,0.2140,0.0256,1,ACTIVE,6,3,3
4186,5308,14:43:30,0,1.00,0,0.9900,0.0939,0.0880,0.0115,1,ACTIVE,6,3,3
4186,5309,14:44:00,0,38.00,0,2.4500,0.3030,0.2000,0.0256,1,ACTIVE,6,3,3
4186,5310,14:44:30,0,70.00,0,3.8900,0.4870,0.3160,0.0395,1,ACTIVE,6,3,3
4186,5311,14:45:00,0,2.00,0,2.3800,0.2720,0.2000,0.0206,1,ACTIVE,6,3,3
4186,5312,14:45:30,0,31.00,0,3.0600,0.3370,0.2600,0.0347,1,ACTIVE,6,3,3
4186,5313,14:46:00,0,49.00,0,0.9600,0.0807,0.0880,0.0115,1,ACTIVE,6,3,3
4186,5314,14:46:30,0,191.00,0,0.2100,0.0215,0.0173,0.0059,1,ACTIVE,6,3,3
4186,5315,14:47:00,0,12.00,0,0.2200,0.0298,0.0173,0.0059,1,ACTIVE,6,3,3
4186,5316,14:47:30,0,38.00,0,4.2900,0.5200,0.3520,0.0480,1,ACTIVE,6,3,3
4186,5317,14:48:00,0,167.00,0,8.1800,1.0400,0.6600,0.0939,1,ACTIVE,6,3,3
4186,5318,14:48:30,0,49.00,0,2.3100,0.3370,0.1760,0.0206,1,ACTIVE,6,3,3
4186,5319,14:49:00,0,28.00,0,0.7900,0.1070,0.0622,0.0070,1,ACTIVE,6,3,3
4186,5320,14:49:30,0,85.00,0,6.0300,0.7680,0.4870,0.0622,1,ACTIVE,6,3,3
4186,5321,14:50:00,0,33.00,0,5.6200,0.8200,0.4280,0.0535,1,ACTIVE,6,3,3
4186,5322,14:50:30,0,24.00,0,5.9100,0.9130,0.4370,0.0535,1,ACTIVE,6,3,3
4186,5323,14:51:00,0,49.00,0,3.2800,0.4370,0.2600,0.0347,1,ACTIVE,6,3,3
4186,5324,14:51:30,0,140.00,0,2.5400,0.3450,0.2000,0.0206,1,ACTIVE,6,3,3
4186,5325,14:52:00,0,58.00,0,10.8700,1.2400,0.9130,0.1220,1,ACTIVE,6,3,3
4186,5326,14:52:30,0,75.00,0,13.6500,1.2100,1.2100,0.3450,1,ACTIVE,6,3,3
4186,5327,14:53:00,0,75.00,0,1.2200,0.1450,0.1000,0.0162,1,ACTIVE,6,3,3
4186,5328,14:53:30,0,85.00,0,2.1100,0.2440,0.1760,0.0256,1,ACTIVE,6,3,3
4186,5329,14:54:00,0,234.00,0,3.9400,0.3680,0.3520,0.0395,1,ACTIVE,6,3,3
4186,5330,14:54:30,0,284.00,0,1.2100,0.1450,0.1000,0.0115,1,ACTIVE,6,3,3
4186,5331,14:55:00,0,284.00,0,0.5400,0.0298,0.0523,0.0173,1,ACTIVE,6,3,3
4186,5332,14:55:30,0,92.00,0,1.8600,0.2380,0.1510,0.0115,1,ACTIVE,6,3,3
4186,5333,14:56:00,0,191.00,0,13.8500,1.0900,1.2600,0.3520,1,ACTIVE,6,3,3
4186,5334,14:56:30,0,131.00,0,3.8600,0.4190,0.3300,0.0440,1,ACTIVE,6,3,3
4186,5335,14:57:00,0,79.00,0,1.7400,0.2900,0.1240,0.0115,1,ACTIVE,6,3,3
4186,5336,14:57:30,0,184.00,0,1.9800,0.1720,0.1760,0.0523,1,ACTIVE,6,3,3
4186,5337,14:58:00,0,145.00,0,2.5200,0.1330,0.2440,0.0880,1,ACTIVE,6,3,3
4186,5338,14:58:30,0,82.00,0,6.9900,0.3160,0.6890,0.2380,1,ACTIVE,6,3,3
4186,5339,14:59:00,0,136.00,0,2.1500,0.1120,0.2090,0.0650,1,ACTIVE,6,3,3
4186,5340,14:59:30,0,191.00,0,0.4300,0.0431,0.0378,0.0023,1,ACTIVE,6,3,3
4186,5341,15:00:00,0,293.00,0,6.1200,0.2660,0.6050,0.2140,1,ACTIVE,6,3,3
4186,5342,15:00:30,0,275.00,0,0.2500,0.0431,0.0173,0.0059,1,ACTIVE,6,3,3
4186,5343,15:01:00,0,167.00,0,0.1100,0.0339,0.0012,0.0215,1,ACTIVE,6,3,3
4186,5344,15:01:30,0,26.00,0,2.4800,0.3160,0.2000,0.0256,1,ACTIVE,6,3,3
4186,5345,15:02:00,0,34.00,0,1.9900,0.4010,0.1240,0.0115,1,ACTIVE,6,3,3
4186,5346,15:02:30,0,85.00,0,6.8600,0.7680,0.5790,0.0773,1,ACTIVE,6,3,3
4186,5347,15:03:00,0,72.00,0,8.4400,1.0400,0.6890,0.0939,1,ACTIVE,6,3,3
4186,5348,15:03:30,0,7.00,0,6.6700,0.8370,0.5430,0.0571,1,ACTIVE,6,3,3
4186,5349,15:04:00,0,28.00,0,6.0200,0.7680,0.4870,0.0535,1,ACTIVE,6,3,3
4186,5350,15:04:30,0,31.00,0,5.4400,0.7040,0.4370,0.0535,1,ACTIVE,6,3,3
4186,5351,15:05:00,0,28.00,0,5.7700,0.7350,0.4670,0.0535,1,ACTIVE,6,3,3
4186,5352,15:05:30,0,99.00,0,4.4900,0.5200,0.3760,0.0480,1,ACTIVE,6,3,3
4186,5353,15:06:00,0,140.00,0,13.2800,1.2400,1.1800,0.1610,1,ACTIVE,6,3,3
4186,5354,15:06:30,0,35.00,0,14.9700,1.3500,1.3200,0.3920,1,ACTIVE,6,3,3
4186,5355,15:07:00,0,35.00,0,16.8600,1.3200,1.5400,0.4470,1,ACTIVE,6,3,3
4186,5356,15:07:30,0,28.00,0,16.8600,1.3200,1.5400,0.4470,1,ACTIVE,6,3,3
4186,5357,15:08:00,0,31.00,0,6.2600,1.3200,0.3760,0.0440,1,ACTIVE,6,3,3
4186,5358,15:08:30,0,49.00,0,11.7300,1.3800,0.9750,0.1360,1,ACTIVE,6,3,3
4186,5359,15:09:00,0,25.00,0,21.6900,2.1300,1.9100,0.2660,1,ACTIVE,6,3,3
4186,5360,15:09:30,0,61.00,0,8.6200,0.9330,0.7350,0.1050,1,ACTIVE,6,3,3
4186,5361,15:10:00,0,102.00,0,9.1000,1.0200,0.7680,0.1140,1,ACTIVE,6,3,3
4186,5362,15:10:30,0,2.00,0,6.2000,0.6180,0.5430,0.0724,1,ACTIVE,6,3,3
4186,5363,15:11:00,0,122.00,0,6.5300,0.7200,0.5550,0.0724,1,ACTIVE,6,3,3
4186,5364,15:11:30,0,22.00,0,0.2200,0.0298,0.0173,0.0059,1,ACTIVE,6,3,3
4186,5365,15:12:00,0,2.00,0,0.2100,0.0215,0.0173,0.0059,1,ACTIVE,6,3,3
4186,5366,15:12:30,0,30.00,0,0.2100,0.0215,0.0173,0.0059,1,ACTIVE,6,3,3
4186,5367,15:13:00,0,127.00,0,0.2100,0.0215,0.0173,0.0059,1,ACTIVE,6,3,3
4186,5368,15:13:30,0,30.00,0,0.5400,0.0298,0.0523,0.0173,1,ACTIVE,6,3,3
4186,5369,15:14:00,0,9.00,0,0.2000,0.0170,0.0173,0.0059,1,ACTIVE,6,3,3
4186,5370,15:14:30,0,1.00,0,0.2000,0.0170,0.0173,0.0059,0,ACTIVE,6,3,3
4186,5371,15:15:00,0,1.00,0,0.2000,0.0170,0.0173,0.0059,0,ACTIVE,6,3,3
4186,5372,15:15:30,0,13.00,0,0.0300,0.0099,0.0000,0.0059,0,ACTIVE,6,3,3
4186,5373,15:16:00,0,0.00,0,0.0300,0.0099,0.0000,0.0059,0,ACTIVE,6,3,3
4186,5374,15:16:30,0,1.00,0,0.1800,0.0085,0.0173,0.0059,0,ACTIVE,6,3,3
4186,5375,15:17:00,0,1.00,0,0.0300,0.0099,0.0000,0.0059,0,ACTIVE,6,3,3
4186,5376,15:17:30,0,1.00,0,0.1800,0.0085,0.0173,0.0059,0,ACTIVE,6,3,3
4186,5377,15:18:00,0,1.00,0,0.0300,0.0099,0.0000,0.0059,0,ACTIVE,6,3,3
4186,5378,15:18:30,0,21.00,0,0.2500,0.0431,0.0173,0.0059,1,ACTIVE,6,3,3
4186,5379,15:19:00,0,18.00,0,1.8900,0.2440,0.1510,0.0206,1,ACTIVE,6,3,3
4186,5380,15:19:30,0,6.00,0,2.6400,0.3300,0.2140,0.0298,0,ACTIVE,6,3,3
4186,5381,15:20:00,0,4.00,0,3.3200,0.4570,0.2600,0.0347,0,ACTIVE,6,3,3
4186,5382,15:20:30,0,6.00,0,2.9200,0.3600,0.2380,0.0298,0,ACTIVE,6,3,3
4186,5383,15:21:00,0,19.00,0,7.7700,0.4190,0.7510,0.2380,1,ACTIVE,6,3,3
4186,5384,15:21:30,0,0.00,0,7.5400,0.4370,0.7200,0.2490,0,ACTIVE,6,3,3
4186,5385,15:22:00,0,15.00,0,5.3900,0.4370,0.4870,0.1450,0,ACTIVE,6,3,3
4186,5386,15:22:30,0,7.00,0,11.2200,0.7040,1.0600,0.3230,0,ACTIVE,6,3,3
4186,5387,15:23:00,0,10.00,0,9.4900,0.9130,0.8370,0.1220,0,ACTIVE,6,3,3
4186,5388,15:23:30,0,4.00,0,13.2400,0.8020,1.2600,0.3680,0,ACTIVE,6,3,3
4186,5389,15:24:00,0,7.00,0,12.6400,0.7510,1.2100,0.3450,0,ACTIVE,6,3,3
4186,5390,15:24:30,0,1.00,0,7.4100,0.6890,0.6600,0.1000,0,ACTIVE,6,3,3
4186,5391,15:25:00,0,4.00,0,6.9200,0.6890,0.6050,0.0861,0,ACTIVE,6,3,3
4186,5392,15:25:30,0,0.00,0,6.9500,0.7040,0.6050,0.0861,0,ACTIVE,6,3,3
4186,5393,15:26:00,0,4.00,0,6.2900,0.6600,0.5430,0.0724,0,ACTIVE,6,3,3
4186,5394,15:26:30,0,15.00,0,6.4300,0.6740,0.5550,0.0773,0,ACTIVE,6,3,3
4186,5395,15:27:00,0,13.00,0,1.6800,0.2600,0.1240,0.0115,0,ACTIVE,6,3,3
4186,5396,15:27:30,0,4.00,0,1.8700,0.2440,0.1510,0.0070,0,ACTIVE,6,3,3
4186,5397,15:28:00,0,1.00,0,2.5000,0.2770,0.2140,0.0115,0,ACTIVE,6,3,3
4186,5398,15:28:30,0,0.00,0,2.5300,0.2900,0.2140,0.0115,0,ACTIVE,6,3,3
4186,5399,15:29:00,0,16.00,0,4.5700,0.6600,0.3520,0.0256,1,ACTIVE,6,3,3
4186,5400,15:29:30,0,17.00,0,4.9200,0.7200,0.3760,0.0347,1,ACTIVE,6,3,3
4186,5401,15:30:00,0,21.00,0,13.1100,1.7500,1.0400,0.1270,1,ACTIVE,6,3,3
4186,5402,15:30:30,0,3.00,0,11.9100,1.7100,0.9130,0.1220,0,ACTIVE,6,3,3
4186,5403,15:31:00,0,0.00,0,12.5300,1.8300,0.9540,0.1330,0,ACTIVE,6,3,3
4186,5404,15:31:30,0,2.00,0,3.2600,0.9750,0.1240,0.0162,1,ACTIVE,6,3,3
4186,5405,15:32:00,0,70.00,0,3.9700,0.4670,0.3300,0.0480,1,ACTIVE,6,3,3
4186,5406,15:32:30,0,79.00,0,1.3400,0.1070,0.1240,0.0162,1,ACTIVE,6,3,3
4186,5407,15:33:00,0,102.00,0,0.4100,0.0339,0.0378,0.0023,1,ACTIVE,6,3,3
4186,5408,15:33:30,0,89.00,0,0.0500,0.0197,0.0000,0.0059,1,ACTIVE,6,3,3
4186,5409,15:34:00,0,85.00,0,0.0200,0.0049,0.0000,0.0059,1,ACTIVE,6,3,3
4186,5410,15:34:30,0,118.00,0,0.6600,0.0470,0.0622,0.0070,1,ACTIVE,6,3,3
4186,5411,15:35:00,0,85.00,0,2.2900,0.4280,0.1510,0.0162,1,ACTIVE,6,3,3
4186,5412,15:35:30,0,127.00,0,0.0100,0.0049,0.0000,0.0000,1,ACTIVE,6,3,3
4186,5413,15:36:00,0,26.00,0,0.0300,0.0099,0.0000,0.0059,1,ACTIVE,6,3,3
4186,5414,15:36:30,0,179.00,0,0.9700,0.0861,0.0880,0.0115,1,ACTIVE,6,3,3
4186,5415,15:37:00,0,85.00,0,3.1500,0.1760,0.3030,0.0981,1,ACTIVE,6,3,3
4186,5416,15:37:30,0,241.00,0,0.2300,0.0339,0.0173,0.0059,1,ACTIVE,6,3,3
4186,5417,15:38:00,0,150.00,0,17.3800,1.9900,1.4100,0.5920,1,ACTIVE,6,3,3
4186,5418,15:38:30,0,249.00,0,0.7400,0.0861,0.0622,0.0070,1,ACTIVE,6,3,3
4186,5419,15:39:00,0,109.00,0,1.1800,0.1330,0.1000,0.0115,1,ACTIVE,6,3,3
4186,5420,15:39:30,0,150.00,0,0.0300,0.0099,0.0000,0.0059,1,ACTIVE,6,3,3
4186,5421,15:40:00,0,218.00,0,1.0500,0.1190,0.0880,0.0115,1,ACTIVE,6,3,3
4186,5422,15:40:30,0,198.00,0,0.2000,0.0170,0.0173,0.0059,1,ACTIVE,6,3,3
4186,5423,15:41:00,0,179.00,0,0.2000,0.0170,0.0173,0.0059,1,ACTIVE,6,3,3
4186,5424,15:41:30,0,204.00,0,1.0200,0.0981,0.0880,0.0292,1,ACTIVE,6,3,3
4186,5425,15:42:00,0,257.00,0,5.8200,0.3230,0.5550,0.2280,1,ACTIVE,6,3,3
4186,5426,15:42:30,0,313.00,0,105.0100,5.3900,10.1000,4.1600,1,ACTIVE,6,3,3
4186,5427,15:43:00,0,275.00,0,365.8000,15.9000,37.1000,5.2800,1,ACTIVE,6,3,3
4186,5428,15:43:30,0,241.00,0,1878.410,86.3000,184.0000,68.0000,1,ACTIVE,6,3,3
4186,5429,15:44:00,0,284.00,0,230.5900,10.6000,22.5000,9.0700,1,ACTIVE,6,3,3
4186,5430,15:44:30,0,102.00,0,1234.990,51.3000,122.0000,48.1000,1,ACTIVE,6,3,3
4186,5431,15:45:00,0,89.00,0,982.5400,35.5000,98.3000,39.6000,1,ACTIVE,6,3,3
4186,5432,15:45:30,0,67.00,0,2308.210,48.1000,239.0000,100.0000,1,ACTIVE,6,3,3
4186,5433,15:46:00,0,162.00,0,4172.850,192.0000,411.0000,139.0000,1,ACTIVE,6,3,3
4186,5434,15:46:30,0,106.00,0,1619.710,53.6000,162.0000,77.5000,1,ACTIVE,6,3,3
4186,5435,15:47:00,0,156.00,0,2254.960,110.0000,219.0000,86.3000,1,ACTIVE,6,3,3
4186,5436,15:47:30,0,67.00,0,672.2300,21.1000,68.0000,27.4000,1,ACTIVE,6,3,3
4186,5437,15:48:00,0,31.00,0,690.8400,17.0000,71.0000,28.6000,1,ACTIVE,6,3,3
4186,5438,15:48:30,0,92.00,0,571.7000,20.7000,57.2000,23.0000,1,ACTIVE,6,3,3
4186,5439,15:49:00,0,70.00,0,547.7600,24.6000,53.6000,22.1000,1,ACTIVE,6,3,3
4186,5440,15:49:30,0,72.00,0,1252.700,57.2000,122.0000,52.4000,1,ACTIVE,6,3,3
4186,5441,15:50:00,0,82.00,0,1248.530,35.5000,127.0000,49.1000,1,ACTIVE,6,3,3
4186,5442,15:50:30,0,198.00,0,306.5700,15.6000,29.9000,9.6800,1,ACTIVE,6,3,3
4186,5443,15:51:00,0,118.00,0,4807.170,165.0000,488.0000,152.0000,1,ACTIVE,6,3,3
4186,5444,15:51:30,0,52.00,0,7065.640,272.0000,706.0000,261.0000,1,ACTIVE,6,3,3
4186,5445,15:52:00,0,150.00,0,8691.150,278.0000,876.0000,368.0000,1,ACTIVE,6,3,3
4186,5446,15:52:30,0,102.00,0,308.7000,18.5000,29.2000,10.8000,1,ACTIVE,6,3,3
4186,5447,15:53:00,0,118.00,0,292.6800,10.6000,29.2000,12.3000,1,ACTIVE,6,3,3
4186,5448,15:53:30,0,65.00,0,690.1500,23.0000,69.5000,28.0000,1,ACTIVE,6,3,3
4186,5449,15:54:00,0,72.00,0,420.4800,18.9000,41.3000,15.3000,1,ACTIVE,6,3,3
4186,5450,15:54:30,0,40.00,0,290.3300,12.8000,28.6000,10.6000,1,ACTIVE,6,3,3
4186,5451,15:55:00,0,75.00,0,243.6300,10.6000,24.0000,8.8800,1,ACTIVE,6,3,3
4186,5452,15:55:30,0,75.00,0,337.4500,14.6000,33.3000,12.6000,1,ACTIVE,6,3,3
4186,5453,15:56:00,0,61.00,0,282.0000,14.3000,27.4000,9.6800,1,ACTIVE,6,3,3
4186,5454,15:56:30,0,36.00,0,231.7300,12.0000,22.5000,7.1500,1,ACTIVE,6,3,3
4186,5455,15:57:00,0,43.00,0,335.4000,17.4000,32.6000,10.8000,1,ACTIVE,6,3,3
4186,5456,15:57:30,0,79.00,0,161.1700,11.5000,14.9000,4.5400,1,ACTIVE,6,3,3
4186,5457,15:58:00,0,89.00,0,1228.170,74.2000,117.0000,37.1000,1,ACTIVE,6,3,3
4186,5458,15:58:30,0,54.00,0,2987.210,119.0000,297.0000,114.0000,1,ACTIVE,6,3,3
4186,5459,15:59:00,0,72.00,0,2227.250,71.0000,224.0000,100.0000,1,ACTIVE,6,3,3
4186,5460,15:59:30,0,58.00,0,2130.780,86.3000,210.0000,94.1000,1,ACTIVE,6,3,3
4186,5461,16:00:00,0,40.00,0,153.2000,6.0100,15.3000,5.7600,1,ACTIVE,6,3,3
4186,5462,16:00:30,0,72.00,0,2610.070,92.1000,261.0000,114.0000,1,ACTIVE,6,3,3
4186,5463,16:01:00,0,113.00,0,7055.100,249.0000,706.0000,297.0000,1,ACTIVE,6,3,3
4186,5464,16:01:30,0,95.00,0,10581.36,361.0000,1060.000,420.0000,1,ACTIVE,6,3,3
4186,5465,16:02:00,0,95.00,0,9439.120,310.0000,956.0000,353.0000,1,ACTIVE,6,3,3
4186,5466,16:02:30,0,54.00,0,5622.300,249.0000,556.0000,184.0000,1,ACTIVE,6,3,3
4186,5467,16:03:00,0,85.00,0,5323.690,224.0000,532.0000,152.0000,1,ACTIVE,6,3,3
4186,5468,16:03:30,0,40.00,0,6220.810,266.0000,620.0000,188.0000,1,ACTIVE,6,3,3
4186,5469,16:04:00,0,47.00,0,8827.180,368.0000,876.0000,310.0000,1,ACTIVE,6,3,3
4186,5470,16:04:30,0,118.00,0,10774.32,368.0000,1090.000,393.0000,1,ACTIVE,6,3,3
4186,5471,16:05:00,0,58.00,0,8011.280,303.0000,804.0000,278.0000,1,ACTIVE,6,3,3
4186,5472,16:05:30,0,95.00,0,6791.580,272.0000,676.0000,249.0000,1,ACTIVE,6,3,3
4186,5473,16:06:00,0,156.00,0,5191.430,331.0000,488.0000,169.0000,1,ACTIVE,6,3,3
4186,5474,16:06:30,0,191.00,0,5953.140,219.0000,593.0000,249.0000,1,ACTIVE,6,3,3
4186,5475,16:07:00,0,92.00,0,2768.800,92.1000,278.0000,119.0000,1,ACTIVE,6,3,3
4186,5476,16:07:30,0,27.00,0,3926.000,133.0000,393.0000,173.0000,1,ACTIVE,6,3,3
4186,5477,16:08:00,0,54.00,0,2494.360,88.2000,249.0000,105.0000,1,ACTIVE,6,3,3
4186,5478,16:08:30,0,72.00,0,1209.470,38.7000,122.0000,50.2000,1,ACTIVE,6,3,3
4186,5479,16:09:00,0,54.00,0,3016.350,100.0000,303.0000,127.0000,1,ACTIVE,6,3,3
4186,5480,16:09:30,0,34.00,0,3618.270,130.0000,361.0000,158.0000,1,ACTIVE,6,3,3
4186,5481,16:10:00,0,30.00,0,3785.050,139.0000,377.0000,165.0000,1,ACTIVE,6,3,3
4186,5482,16:10:30,0,65.00,0,4766.170,162.0000,478.0000,205.0000,1,ACTIVE,6,3,3
4186,5483,16:11:00,0,61.00,0,1764.400,61.0000,176.0000,77.5000,1,ACTIVE,6,3,3
4186,5484,16:11:30,0,109.00,0,5231.670,205.0000,521.0000,197.0000,1,ACTIVE,6,3,3
4186,5485,16:12:00,0,21.00,0,2180.590,71.0000,219.0000,96.2000,1,ACTIVE,6,3,3
4186,5486,16:12:30,0,38.00,0,1660.540,69.5000,162.0000,82.7000,1,ACTIVE,6,3,3
4186,5487,16:13:00,0,54.00,0,1789.750,57.2000,180.0000,77.5000,1,ACTIVE,6,3,3
4186,5488,16:13:30,0,67.00,0,3169.890,110.0000,317.0000,142.0000,1,ACTIVE,6,3,3
4186,5489,16:14:00,0,63.00,0,3037.400,107.0000,303.0000,133.0000,1,ACTIVE,6,3,3
4186,5490,16:14:30,0,43.00,0,879.2500,31.9000,88.2000,33.3000,1,ACTIVE,6,3,3
4186,5491,16:15:00,0,173.00,0,3536.750,107.0000,361.0000,130.0000,1,ACTIVE,6,3,3
4186,5492,16:15:30,0,75.00,0,5772.690,145.0000,593.0000,234.0000,1,ACTIVE,6,3,3
4186,5493,16:16:00,0,79.00,0,9692.510,345.0000,977.0000,345.0000,1,ACTIVE,6,3,3
4186,5494,16:16:30,0,226.00,0,8790.530,239.0000,896.0000,385.0000,1,ACTIVE,6,3,3
4186,5495,16:17:00,0,99.00,0,2034.370,165.0000,180.0000,82.7000,1,ACTIVE,6,3,3
4186,5496,16:17:30,0,67.00,0,1783.310,62.4000,180.0000,61.0000,1,ACTIVE,6,3,3
4186,5497,16:18:00,0,43.00,0,4612.770,205.0000,458.0000,139.0000,1,ACTIVE,6,3,3
4186,5498,16:18:30,0,106.00,0,4113.420,145.0000,411.0000,180.0000,1,ACTIVE,6,3,3
4186,5499,16:19:00,0,82.00,0,923.4300,33.3000,92.1000,39.6000,1,ACTIVE,6,3,3
4186,5500,16:19:30,0,89.00,0,395.5500,14.9000,39.6000,14.6000,1,ACTIVE,6,3,3
4186,5501,16:20:00,0,65.00,0,548.5300,19.8000,54.8000,23.0000,1,ACTIVE,6,3,3
4186,5502,16:20:30,0,99.00,0,841.0000,22.1000,86.3000,33.3000,1,ACTIVE,6,3,3
4186,5503,16:21:00,0,106.00,0,450.3000,15.6000,45.1000,19.4000,1,ACTIVE,6,3,3
4186,5504,16:21:30,0,162.00,0,4887.880,290.0000,458.0000,219.0000,1,ACTIVE,6,3,3
4186,5505,16:22:00,0,67.00,0,5876.520,284.0000,568.0000,249.0000,1,ACTIVE,6,3,3
4186,5506,16:22:30,0,109.00,0,2122.350,84.5000,210.0000,90.1000,1,ACTIVE,6,3,3
4186,5507,16:23:00,0,140.00,0,1385.810,57.2000,136.0000,62.4000,1,ACTIVE,6,3,3
4186,5508,16:23:30,0,63.00,0,757.0700,26.8000,75.8000,31.2000,1,ACTIVE,6,3,3
4186,5509,16:24:00,0,22.00,0,967.9900,35.5000,96.2000,43.2000,1,ACTIVE,6,3,3
4186,5510,16:24:30,0,75.00,0,1201.290,41.3000,125.0000,15.9000,1,ACTIVE,6,3,3
4186,5511,16:25:00,0,85.00,0,2538.240,125.0000,249.0000,71.0000,1,ACTIVE,6,3,3
4186,5512,16:25:30,0,79.00,0,3923.940,173.0000,385.0000,158.0000,1,ACTIVE,6,3,3
4186,5513,16:26:00,0,211.00,0,4133.790,284.0000,385.0000,125.0000,1,ACTIVE,6,3,3
4186,5514,16:26:30,0,368.00,0,1043.650,39.6000,103.0000,52.4000,1,ACTIVE,6,3,3
4186,5515,16:27:00,0,313.00,0,1.8500,0.1070,0.1760,0.0650,1,ACTIVE,6,3,3
4186,5516,16:27:30,0,140.00,0,2619.550,122.0000,255.0000,107.0000,1,ACTIVE,6,3,3
4186,5517,16:28:00,0,218.00,0,4310.390,214.0000,420.0000,148.0000,1,ACTIVE,6,3,3
4186,5518,16:28:30,0,89.00,0,230.3100,7.9700,23.0000,10.1000,1,ACTIVE,6,3,3
4186,5519,16:29:00,0,72.00,0,124.4300,4.9500,12.3000,5.3900,1,ACTIVE,6,3,3
4186,5520,16:29:30,0,109.00,0,161.9600,3.8100,16.6000,7.1500,1,ACTIVE,6,3,3
4186,5521,16:30:00,0,99.00,0,102.0200,2.8800,10.3000,4.7400,1,ACTIVE,6,3,3
4186,5522,16:30:30,0,61.00,0,272.0200,8.8800,27.4000,11.5000,1,ACTIVE,6,3,3
4186,5523,16:31:00,0,226.00,0,279.2100,7.8000,28.6000,10.6000,1,ACTIVE,6,3,3
4186,5524,16:31:30,0,109.00,0,2423.750,94.1000,244.0000,71.0000,1,ACTIVE,6,3,3
4186,5525,16:32:00,0,198.00,0,5699.600,255.0000,556.0000,244.0000,1,ACTIVE,6,3,3
4186,5526,16:32:30,0,82.00,0,985.7500,33.3000,98.3000,47.1000,1,ACTIVE,6,3,3
4186,5527,16:33:00,0,109.00,0,1304.080,35.5000,133.0000,54.8000,1,ACTIVE,6,3,3
4186,5528,16:33:30,0,113.00,0,741.5800,26.2000,74.2000,31.2000,1,ACTIVE,6,3,3
4186,5529,16:34:00,0,162.00,0,3232.010,169.0000,310.0000,133.0000,1,ACTIVE,6,3,3
4186,5530,16:34:30,0,102.00,0,3561.850,165.0000,345.0000,158.0000,1,ACTIVE,6,3,3
4186,5531,16:35:00,0,234.00,0,5412.880,244.0000,532.0000,192.0000,1,ACTIVE,6,3,3
4186,5532,16:35:30,0,204.00,0,7754.520,393.0000,753.0000,266.0000,1,ACTIVE,6,3,3
4186,5533,16:36:00,0,198.00,0,115.2500,4.9500,11.3000,5.1700,1,ACTIVE,6,3,3
4186,5534,16:36:30,0,184.00,0,640.5800,39.6000,61.0000,17.0000,1,ACTIVE,6,3,3
4186,5535,16:37:00,0,89.00,0,91.6100,5.0600,8.6900,3.9800,1,ACTIVE,6,3,3
4186,5536,16:37:30,0,38.00,0,224.6500,9.2700,22.1000,10.1000,1,ACTIVE,6,3,3
4186,5537,16:38:00,0,109.00,0,155.7600,6.5600,15.3000,7.0000,1,ACTIVE,6,3,3
4186,5538,16:38:30,0,184.00,0,1318.430,50.2000,130.0000,61.0000,1,ACTIVE,6,3,3
4186,5539,16:39:00,0,140.00,0,1732.480,80.9000,169.0000,68.0000,1,ACTIVE,6,3,3
4186,5540,16:39:30,0,275.00,0,2370.520,41.3000,249.0000,86.3000,1,ACTIVE,6,3,3
4186,5541,16:40:00,0,198.00,0,116.9400,6.5600,11.0000,5.3900,1,ACTIVE,6,3,3
4186,5542,16:40:30,0,226.00,0,70.9100,3.6500,6.8500,2.6400,1,ACTIVE,6,3,3
4186,5543,16:41:00,0,99.00,0,73.3700,4.2500,7.0000,2.4700,1,ACTIVE,6,3,3
4186,5544,16:41:30,0,218.00,0,140.3600,7.9700,13.4000,4.9500,1,ACTIVE,6,3,3
4186,5545,16:42:00,0,357.00,0,7.2400,1.0900,0.5310,0.1690,1,ACTIVE,6,3,3
4186,5546,16:42:30,0,293.00,0,8.3900,0.4670,0.8020,0.3090,1,ACTIVE,6,3,3
4186,5547,16:43:00,0,335.00,0,48.3400,2.2200,4.7400,1.7900,1,ACTIVE,6,3,3
4186,5548,16:43:30,0,335.00,0,38.6800,1.6700,3.8100,1.4400,1,ACTIVE,6,3,3
4186,5549,16:44:00,0,241.00,0,40.0700,2.3200,3.8100,1.4100,1,ACTIVE,6,3,3
4186,5550,16:44:30,0,162.00,0,11.7200,1.3800,0.9540,0.2960,1,ACTIVE,6,3,3
4186,5551,16:45:00,0,293.00,0,18.2100,0.9750,1.7500,0.6740,1,ACTIVE,6,3,3
4186,5552,16:45:30,0,150.00,0,8.1200,1.1600,0.6050,0.2380,1,ACTIVE,6,3,3
4186,5553,16:46:00,0,113.00,0,10.6600,1.1100,0.8940,0.3520,1,ACTIVE,6,3,3
4186,5554,16:46:30,0,85.00,0,39.0700,1.4400,3.9000,1.6000,1,ACTIVE,6,3,3
4186,5555,16:47:00,0,52.00,0,39.2100,1.5400,3.9000,1.5400,1,ACTIVE,6,3,3
4186,5556,16:47:30,0,85.00,0,48.6500,2.3200,4.7400,1.8700,1,ACTIVE,6,3,3
4186,5557,16:48:00,0,72.00,0,4.4700,0.3520,0.4010,0.1690,1,ACTIVE,6,3,3
4186,5558,16:48:30,0,15.00,0,1.0200,0.0981,0.0880,0.0292,1,ACTIVE,6,3,3
4186,5559,16:49:00,0,122.00,0,0.9900,0.0724,0.0880,0.0523,1,ACTIVE,6,3,3
4186,5560,16:49:30,0,52.00,0,4.0100,0.2900,0.3680,0.1330,1,ACTIVE,6,3,3
4186,5561,16:50:00,0,49.00,0,6.0700,1.6400,0.0664,1.7100,1,ACTIVE,6,3,3
4186,5562,16:50:30,0,140.00,0,165.7500,8.6900,15.9000,6.4200,1,ACTIVE,6,3,3
4186,5563,16:51:00,0,24.00,0,133.1600,9.2700,12.3000,4.6400,1,ACTIVE,6,3,3
4186,5564,16:51:30,0,106.00,0,84.6700,7.9700,7.3100,2.8200,1,ACTIVE,6,3,3
4186,5565,16:52:00,0,36.00,0,27.9700,1.1600,2.7600,1.1600,1,ACTIVE,6,3,3
4186,5566,16:52:30,0,29.00,0,66.7000,3.0100,6.5600,2.4200,1,ACTIVE,6,3,3
4186,5567,16:53:00,0,35.00,0,58.5000,3.1400,5.5100,3.0100,1,ACTIVE,6,3,3
4186,5568,16:53:30,0,8.00,0,52.8100,2.6400,5.0600,2.4700,1,ACTIVE,6,3,3
4186,5569,16:54:00,0,47.00,0,47.0600,1.7100,4.7400,1.6400,1,ACTIVE,6,3,3
4186,5570,16:54:30,0,49.00,0,12.8700,0.7850,1.2100,0.4870,1,ACTIVE,6,3,3
4186,5571,16:55:00,0,20.00,0,13.9900,0.8560,1.3200,0.4980,1,ACTIVE,6,3,3
4186,5572,16:55:30,0,7.00,0,15.0600,0.9750,1.4100,0.5200,0,ACTIVE,6,3,3
4186,5573,16:56:00,0,0.00,0,14.0600,0.8750,1.3200,0.5200,0,ACTIVE,6,3,3
4186,5574,16:56:30,0,18.00,0,16.5300,1.2400,1.5000,0.5790,1,ACTIVE,6,3,3
4186,5575,16:57:00,0,13.00,0,14.6600,0.9130,1.3800,0.5200,0,ACTIVE,6,3,3
4186,5576,16:57:30,0,9.00,0,29.2500,1.5400,2.8200,1.0900,1,ACTIVE,6,3,3
4186,5577,16:58:00,0,1.00,0,15.5000,0.9130,1.4700,0.5550,0,ACTIVE,6,3,3
4186,5578,16:58:30,0,89.00,0,12.7800,0.7680,1.2100,0.4470,1,ACTIVE,6,3,3
4186,5579,16:59:00,0,21.00,0,8.4100,0.4670,0.8020,0.3300,1,ACTIVE,6,3,3
4186,5580,16:59:30,0,13.00,0,26.2300,1.1100,2.5800,1.0600,1,ACTIVE,6,3,3
4186,5581,17:00:00,0,61.00,0,26.2900,1.1100,2.5800,1.1100,1,ACTIVE,6,3,3
4186,5582,17:00:30,0,72.00,0,9.1100,0.4770,0.8750,0.3680,1,ACTIVE,6,3,3
4186,5583,17:01:00,0,266.00,0,20.2900,1.6000,1.8300,0.6890,1,ACTIVE,6,3,3
4186,5584,17:01:30,0,63.00,0,36.8800,1.8300,3.5700,1.4100,1,ACTIVE,6,3,3
4186,5585,17:02:00,0,179.00,0,48.7400,1.9100,4.8400,1.9500,1,ACTIVE,6,3,3
4186,5586,17:02:30,0,211.00,0,10.8300,0.4770,1.0600,0.4280,1,ACTIVE,6,3,3
4186,5587,17:03:00,0,127.00,0,24.0000,1.0400,2.3700,0.8750,1,ACTIVE,6,3,3
4186,5588,17:03:30,0,47.00,0,20.7900,0.9540,2.0400,0.7850,1,ACTIVE,6,3,3
4186,5589,17:04:00,0,122.00,0,38.6900,1.3500,3.9000,1.4400,1,ACTIVE,6,3,3
4186,5590,17:04:30,0,65.00,0,10.7300,0.4370,1.0600,0.4190,1,ACTIVE,6,3,3
4186,5591,17:05:00,0,61.00,0,15.0600,0.7040,1.4700,0.5670,1,ACTIVE,6,3,3
4186,5592,17:05:30,0,82.00,0,20.0100,0.9750,1.9500,0.7200,1,ACTIVE,6,3,3
4186,5593,17:06:00,0,156.00,0,3.7800,0.1720,0.3680,0.1690,1,ACTIVE,6,3,3
4186,5594,17:06:30,0,72.00,0,0.5700,0.0431,0.0523,0.0173,1,ACTIVE,6,3,3
4186,5595,17:07:00,0,167.00,0,1.8300,0.0981,0.1760,0.0650,1,ACTIVE,6,3,3
4186,5596,17:07:30,0,150.00,0,4.0600,0.1580,0.4010,0.1800,1,ACTIVE,6,3,3
4186,5597,17:08:00,0,72.00,0,0.5700,0.0431,0.0523,0.0173,1,ACTIVE,6,3,3
4186,5598,17:08:30,0,85.00,0,1.8100,0.0861,0.1760,0.0756,1,ACTIVE,6,3,3
4186,5599,17:09:00,0,191.00,0,5.6800,0.2600,0.5550,0.2280,1,ACTIVE,6,3,3
4186,5600,17:09:30,0,131.00,0,6.4000,0.3230,0.6180,0.2490,1,ACTIVE,6,3,3
4186,5601,17:10:00,0,234.00,0,10.7600,0.9750,0.9330,0.3920,1,ACTIVE,6,3,3
4186,5602,17:10:30,0,43.00,0,12.3600,0.5550,1.2100,0.4870,1,ACTIVE,6,3,3
4186,5603,17:11:00,0,25.00,0,12.2800,0.5310,1.2100,0.4670,1,ACTIVE,6,3,3
4186,5604,17:11:30,0,24.00,0,1.2800,0.0724,0.1220,0.0523,1,ACTIVE,6,3,3
4186,5605,17:12:00,0,122.00,0,1.4400,0.0679,0.1390,0.0650,1,ACTIVE,6,3,3
4186,5606,17:12:30,0,204.00,0,4.9600,0.3450,0.4570,0.1800,1,ACTIVE,6,3,3
4186,5607,17:13:00,0,257.00,0,21.2900,1.6000,1.9500,0.6180,1,ACTIVE,6,3,3
4186,5608,17:13:30,0,43.00,0,0.2000,0.0170,0.0173,0.0059,1,ACTIVE,6,3,3
4186,5609,17:14:00,0,33.00,0,0.0300,0.0099,0.0000,0.0059,1,ACTIVE,6,3,3
4186,5610,17:14:30,0,0.00,0,0.0100,0.0049,0.0000,0.0000,1,ACTIVE,6,3,3
4186,5611,17:15:00,0,15.00,0,0.0200,0.0049,0.0000,0.0059,1,ACTIVE,6,3,3
4186,5612,17:15:30,0,38.00,0,0.2000,0.0170,0.0173,0.0059,1,ACTIVE,6,3,3
4186,5613,17:16:00,0,9.00,0,0.0300,0.0099,0.0000,0.0059,1,ACTIVE,6,3,3
4186,5614,17:16:30,0,61.00,0,0.1100,0.0339,0.0012,0.0215,1,ACTIVE,6,3,3
4186,5615,17:17:00,0,17.00,0,0.6300,0.0679,0.0523,0.0173,1,ACTIVE,6,3,3
4186,5616,17:17:30,0,45.00,0,0.2300,0.0339,0.0173,0.0059,1,ACTIVE,6,3,3
4186,5617,17:18:00,0,19.00,0,0.2000,0.0170,0.0173,0.0059,1,ACTIVE,6,3,3
4186,5618,17:18:30,0,12.00,0,0.2000,0.0170,0.0173,0.0059,1,ACTIVE,6,3,3
4186,5619,17:19:00,0,56.00,0,0.2100,0.0215,0.0173,0.0059,1,ACTIVE,6,3,3
4186,5620,17:19:30,0,27.00,0,0.2200,0.0298,0.0173,0.0059,1,ACTIVE,6,3,3
4186,5621,17:20:00,0,36.00,0,0.2000,0.0170,0.0173,0.0059,1,ACTIVE,6,3,3
4186,5622,17:20:30,0,47.00,0,118.5200,11.5000,10.6000,0.5430,1,ACTIVE,6,3,3
4186,5623,17:21:00,0,67.00,0,9.9100,0.6320,0.9330,0.3090,1,ACTIVE,6,3,3
4186,5624,17:21:30,0,99.00,0,2.6300,0.1760,0.2440,0.0981,1,ACTIVE,6,3,3
4186,5625,17:22:00,0,45.00,0,0.1100,0.0339,0.0012,0.0215,1,ACTIVE,6,3,3
4186,5626,17:22:30,0,30.00,0,0.6000,0.0559,0.0523,0.0173,1,ACTIVE,6,3,3
4186,5627,17:23:00,0,36.00,0,1.8500,0.1070,0.1760,0.0650,1,ACTIVE,6,3,3
4186,5628,17:23:30,0,38.00,0,4.0900,0.2000,0.4010,0.1220,1,ACTIVE,6,3,3
4186,5629,17:24:00,0,82.00,0,6.3300,0.3600,0.6050,0.2140,1,ACTIVE,6,3,3
4186,5630,17:24:30,0,95.00,0,6.7100,0.3520,0.6460,0.2490,1,ACTIVE,6,3,3
4186,5631,17:25:00,0,109.00,0,13.5400,0.6600,1.3200,0.4770,1,ACTIVE,6,3,3
4186,5632,17:25:30,0,54.00,0,24.5700,1.1100,2.4200,0.8370,1,ACTIVE,6,3,3
4186,5633,17:26:00,0,167.00,0,9.8800,0.5090,0.9540,0.3680,1,ACTIVE,6,3,3
4186,5634,17:26:30,0,204.00,0,6.1200,0.4570,0.5550,0.2280,1,ACTIVE,6,3,3
4186,5635,17:27:00,0,67.00,0,10.1700,0.4870,0.9960,0.3450,1,ACTIVE,6,3,3
4186,5636,17:27:30,0,20.00,0,2.8900,0.1610,0.2770,0.0981,1,ACTIVE,6,3,3
4186,5637,17:28:00,0,26.00,0,0.9800,0.0724,0.0880,0.0412,1,ACTIVE,6,3,3
4186,5638,17:28:30,0,79.00,0,4.6100,0.2900,0.4370,0.1330,1,ACTIVE,6,3,3
4186,5639,17:29:00,0,113.00,0,1.5100,0.1070,0.1390,0.0523,1,ACTIVE,6,3,3
4186,5640,17:29:30,0,85.00,0,2.5200,0.1220,0.2440,0.1120,1,ACTIVE,6,3,3
4186,5641,17:30:00,0,56.00,0,6.8600,0.2280,0.6890,0.2960,1,ACTIVE,6,3,3
4186,5642,17:30:30,0,75.00,0,7.9600,0.4010,0.7680,0.3230,1,ACTIVE,6,3,3
4186,5643,17:31:00,0,38.00,0,5.5800,0.3300,0.5310,0.1800,1,ACTIVE,6,3,3
4186,5644,17:31:30,0,92.00,0,5.7700,0.3160,0.5550,0.1920,1,ACTIVE,6,3,3
4186,5645,17:32:00,0,102.00,0,8.0800,0.4770,0.7680,0.2720,1,ACTIVE,6,3,3
4186,5646,17:32:30,0,99.00,0,2.2100,0.1330,0.2090,0.0756,1,ACTIVE,6,3,3
4186,5647,17:33:00,0,127.00,0,1.5400,0.1960,0.1240,0.0162,1,ACTIVE,6,3,3
4186,5648,17:33:30,0,184.00,0,13.2000,0.9750,1.2100,0.4100,1,ACTIVE,6,3,3
4186,5649,17:34:00,0,184.00,0,16.0300,0.7510,1.5700,0.5670,1,ACTIVE,6,3,3
4186,5650,17:34:30,0,106.00,0,14.4200,0.6740,1.4100,0.5430,1,ACTIVE,6,3,3
4186,5651,17:35:00,0,27.00,0,10.6100,0.4870,1.0400,0.3920,1,ACTIVE,6,3,3
4186,5652,17:35:30,0,16.00,0,41.8800,1.6400,4.1600,1.6700,1,ACTIVE,6,3,3
4186,5653,17:36:00,0,75.00,0,55.3200,1.8300,5.5100,2.7600,1,ACTIVE,6,3,3
4186,5654,17:36:30,0,136.00,0,4.6100,0.3600,0.4280,0.0622,1,ACTIVE,6,3,3
4186,5655,17:37:00,0,131.00,0,6.2200,0.3230,0.6050,0.1920,1,ACTIVE,6,3,3
4186,5656,17:37:30,0,63.00,0,19.9400,0.9130,1.9500,0.7850,1,ACTIVE,6,3,3
4186,5657,17:38:00,0,127.00,0,22.0400,0.9540,2.1700,0.8370,1,ACTIVE,6,3,3
4186,5658,17:38:30,0,36.00,0,28.3900,1.1100,2.8200,1.1600,1,ACTIVE,6,3,3
4186,5659,17:39:00,0,92.00,0,163.9700,3.5700,17.0000,6.5600,1,ACTIVE,6,3,3
4186,5660,17:39:30,0,54.00,0,10.5000,0.4370,1.0400,0.3920,1,ACTIVE,6,3,3
4186,5661,17:40:00,0,95.00,0,6.2600,0.3230,0.6050,0.2280,1,ACTIVE,6,3,3
4186,5662,17:40:30,0,191.00,0,3.2800,0.3300,0.2900,0.0162,1,ACTIVE,6,3,3
4186,5663,17:41:00,0,191.00,0,48.0200,1.4700,4.8400,2.1700,1,ACTIVE,6,3,3
4186,5664,17:41:30,0,184.00,0,401.5500,16.3000,39.6000,17.4000,1,ACTIVE,6,3,3
4186,5665,17:42:00,0,293.00,0,0.9800,0.0807,0.0880,0.0292,1,ACTIVE,6,3,3
4186,5666,17:42:30,0,191.00,0,8.3100,0.4280,0.8020,0.3090,1,ACTIVE,6,3,3
4186,5667,17:43:00,0,241.00,0,1.8800,0.1190,0.1760,0.0650,1,ACTIVE,6,3,3
4186,5668,17:43:30,0,173.00,0,54.6900,1.5700,5.5100,2.7000,1,ACTIVE,6,3,3
4186,5669,17:44:00,0,198.00,0,0.2200,0.0298,0.0173,0.0059,1,ACTIVE,6,3,3
4186,5670,17:44:30,0,249.00,0,16.7700,1.3200,1.5000,0.6320,1,ACTIVE,6,3,3
4186,5671,17:45:00,0,218.00,0,6.7000,0.3680,0.6460,0.2140,1,ACTIVE,6,3,3
4186,5672,17:45:30,0,109.00,0,542.3700,17.0000,54.8000,23.0000,1,ACTIVE,6,3,3
4186,5673,17:46:00,0,27.00,0,53.3300,2.7000,5.1700,1.9500,1,ACTIVE,6,3,3
4186,5674,17:46:30,0,18.00,0,45.6800,2.7600,4.3400,1.4100,1,ACTIVE,6,3,3
4186,5675,17:47:00,0,72.00,0,50.7400,1.6000,5.1700,1.7900,1,ACTIVE,6,3,3
4186,5676,17:47:30,0,1.00,0,72.7200,3.3500,7.1500,2.4700,0,ACTIVE,6,3,3
4186,5677,17:48:00,0,1.00,0,72.4000,3.2100,7.1500,2.4700,0,ACTIVE,6,3,3
4186,5678,17:48:30,0,13.00,0,66.6300,3.2100,6.5600,1.9500,0,ACTIVE,6,3,3
4186,5679,17:49:00,0,10.00,0,64.2000,3.2100,6.2800,1.9500,1,ACTIVE,6,3,3
4186,5680,17:49:30,0,20.00,0,59.9800,2.9400,5.8800,1.7900,1,ACTIVE,6,3,3
4186,5681,17:50:00,0,61.00,0,164.5000,5.3900,16.6000,6.2800,1,ACTIVE,6,3,3
4186,5682,17:50:30,0,15.00,0,51.8900,2.1300,5.1700,1.7900,1,ACTIVE,6,3,3
4186,5683,17:51:00,0,19.00,0,51.7900,2.0800,5.1700,1.7900,1,ACTIVE,6,3,3
4186,5684,17:51:30,0,368.00,0,337.4500,14.6000,33.3000,12.6000,1,ACTIVE,6,3,3
4186,5685,17:52:00,0,211.00,0,515.9300,14.0000,52.4000,23.5000,1,ACTIVE,6,3,3
4186,5686,17:52:30,0,113.00,0,55.3600,3.2100,5.2800,1.8700,1,ACTIVE,6,3,3
4186,5687,17:53:00,0,118.00,0,230.6100,13.1000,22.1000,7.8000,1,ACTIVE,6,3,3
4186,5688,17:53:30,0,179.00,0,810.4400,35.5000,79.2000,35.5000,1,ACTIVE,6,3,3
4186,5689,17:54:00,0,95.00,0,1119.310,49.1000,110.0000,47.1000,1,ACTIVE,6,3,3
4186,5690,17:54:30,0,184.00,0,481.3100,22.1000,46.1000,26.8000,1,ACTIVE,6,3,3
4186,5691,17:55:00,0,118.00,0,202.0000,8.8800,19.8000,8.3200,1,ACTIVE,6,3,3
4186,5692,17:55:30,0,150.00,0,839.8900,44.1000,80.9000,31.2000,1,ACTIVE,6,3,3
4186,5693,17:56:00,0,28.00,0,1364.040,82.7000,130.0000,37.1000,1,ACTIVE,6,3,3
4186,5694,17:56:30,0,156.00,0,1678.340,74.2000,165.0000,61.0000,1,ACTIVE,6,3,3
4186,5695,17:57:00,0,95.00,0,1121.960,44.1000,112.0000,40.4000,1,ACTIVE,6,3,3
4186,5696,17:57:30,0,127.00,0,1685.080,80.9000,165.0000,53.6000,1,ACTIVE,6,3,3
4186,5697,17:58:00,0,162.00,0,1551.220,71.0000,152.0000,61.0000,1,ACTIVE,6,3,3
4186,5698,17:58:30,0,54.00,0,1593.300,66.6000,158.0000,54.8000,1,ACTIVE,6,3,3
4186,5699,17:59:00,0,99.00,0,1630.900,79.2000,158.0000,63.7000,1,ACTIVE,6,3,3
4186,5700,17:59:30,0,52.00,0,919.2300,37.1000,92.1000,28.0000,1,ACTIVE,6,3,3
4186,5701,18:00:00,0,82.00,0,988.0800,31.9000,100.0000,34.8000,1,ACTIVE,6,3,3
4186,5702,18:00:30,0,102.00,0,1243.750,54.8000,122.0000,49.1000,1,ACTIVE,6,3,3
4186,5703,18:01:00,0,113.00,0,1300.350,52.4000,127.0000,62.4000,1,ACTIVE,6,3,3
4186,5704,18:01:30,0,106.00,0,1157.180,47.1000,114.0000,47.1000,1,ACTIVE,6,3,3
4186,5705,18:02:00,0,85.00,0,987.8200,38.7000,98.3000,37.9000,1,ACTIVE,6,3,3
4186,5706,18:02:30,0,49.00,0,1120.590,50.2000,110.0000,46.1000,1,ACTIVE,6,3,3
4186,5707,18:03:00,0,82.00,0,734.5700,35.5000,71.0000,31.2000,1,ACTIVE,6,3,3
4186,5708,18:03:30,0,70.00,0,953.0900,35.5000,94.1000,46.1000,1,ACTIVE,6,3,3
4186,5709,18:04:00,0,79.00,0,143.9600,4.9500,14.3000,7.1500,1,ACTIVE,6,3,3
4186,5710,18:04:30,0,162.00,0,787.4900,30.5000,79.2000,24.6000,1,ACTIVE,6,3,3
4186,5711,18:05:00,0,118.00,0,1168.390,53.6000,114.0000,44.1000,1,ACTIVE,6,3,3
4186,5712,18:05:30,0,162.00,0,1047.110,50.2000,103.0000,34.0000,1,ACTIVE,6,3,3
4186,5713,18:06:00,0,191.00,0,56.1200,1.9500,5.6300,2.2700,1,ACTIVE,6,3,3
4186,5714,18:06:30,0,167.00,0,25.2600,0.6460,2.5800,1.1100,1,ACTIVE,6,3,3
4186,5715,18:07:00,0,136.00,0,104.6900,3.1400,10.6000,4.8400,1,ACTIVE,6,3,3
4186,5716,18:07:30,0,122.00,0,482.7800,24.6000,46.1000,23.0000,1,ACTIVE,6,3,3
4186,5717,18:08:00,0,323.00,0,545.6900,21.6000,53.6000,26.2000,1,ACTIVE,6,3,3
4186,5718,18:08:30,0,249.00,0,151.6800,4.6400,15.3000,7.1500,1,ACTIVE,6,3,3
4186,5719,18:09:00,0,145.00,0,788.2100,33.3000,77.5000,33.3000,1,ACTIVE,6,3,3
4186,5720,18:09:30,0,266.00,0,853.7500,31.2000,84.5000,41.3000,1,ACTIVE,6,3,3
4186,5721,18:10:00,0,173.00,0,380.5300,16.6000,37.1000,17.4000,1,ACTIVE,6,3,3
4186,5722,18:10:30,0,75.00,0,33.2600,1.1100,3.3500,1.3500,1,ACTIVE,6,3,3
4186,5723,18:11:00,0,167.00,0,185.8800,4.4400,18.9000,9.2700,1,ACTIVE,6,3,3
4186,5724,18:11:30,0,29.00,0,449.0600,17.4000,45.1000,14.6000,1,ACTIVE,6,3,3
4186,5725,18:12:00,0,150.00,0,438.9400,15.3000,44.1000,17.4000,1,ACTIVE,6,3,3
4186,5726,18:12:30,0,122.00,0,103.6700,18.9000,2.6400,35.5000,1,ACTIVE,6,3,3
4186,5727,18:13:00,0,127.00,0,306.2700,9.8900,31.2000,10.3000,1,ACTIVE,6,3,3
4186,5728,18:13:30,0,140.00,0,317.8200,8.6900,32.6000,12.3000,1,ACTIVE,6,3,3
4186,5729,18:14:00,0,82.00,0,433.6300,13.4000,44.1000,16.3000,1,ACTIVE,6,3,3
4186,5730,18:14:30,0,40.00,0,228.7000,6.8500,23.5000,6.8500,1,ACTIVE,6,3,3
4186,5731,18:15:00,0,109.00,0,254.6100,7.0000,26.2000,8.6900,1,ACTIVE,6,3,3
4186,5732,18:15:30,0,17.00,0,280.4500,8.6900,28.6000,9.8900,1,ACTIVE,6,3,3
4186,5733,18:16:00,0,95.00,0,358.2300,11.5000,36.3000,13.7000,1,ACTIVE,6,3,3
4186,5734,18:16:30,0,109.00,0,366.2800,10.6000,37.1000,16.6000,1,ACTIVE,6,3,3
4186,5735,18:17:00,0,249.00,0,148.3500,3.8100,15.3000,5.7600,1,ACTIVE,6,3,3
4186,5736,18:17:30,0,173.00,0,11.1100,0.1070,1.1600,0.6600,1,ACTIVE,6,3,3
4186,5737,18:18:00,0,89.00,0,13.4500,0.2000,1.4100,0.6180,1,ACTIVE,6,3,3
4186,5738,18:18:30,0,106.00,0,8.3000,0.1190,0.8750,0.3450,1,ACTIVE,6,3,3
4186,5739,18:19:00,0,150.00,0,12.1500,0.2330,1.2600,0.5200,1,ACTIVE,6,3,3
4186,5740,18:19:30,0,118.00,0,102.1200,3.0700,10.3000,4.4400,1,ACTIVE,6,3,3
4186,5741,18:20:00,0,150.00,0,98.4300,3.1400,9.8900,4.4400,1,ACTIVE,6,3,3
4186,5742,18:20:30,0,106.00,0,13.4500,0.6600,1.3500,0.1610,1,ACTIVE,6,3,3
4186,5743,18:21:00,0,92.00,0,8.1400,0.4570,0.8020,0.1000,1,ACTIVE,6,3,3
4186,5744,18:21:30,0,127.00,0,104.8800,3.7300,10.6000,3.8100,1,ACTIVE,6,3,3
4186,5745,18:22:00,0,89.00,0,27.8900,1.1800,2.7600,1.0400,1,ACTIVE,6,3,3
4186,5746,18:22:30,0,156.00,0,86.9300,3.1400,8.6900,3.5700,1,ACTIVE,6,3,3
4186,5747,18:23:00,0,136.00,0,3.5900,0.0939,0.3680,0.1450,1,ACTIVE,6,3,3
4186,5748,18:23:30,0,113.00,0,1.4100,0.0431,0.1390,0.0880,1,ACTIVE,6,3,3
4186,5749,18:24:00,0,156.00,0,11.8000,0.2770,1.2100,0.5430,1,ACTIVE,6,3,3
4186,5750,18:24:30,0,70.00,0,31.5500,0.8560,3.2100,1.4400,1,ACTIVE,6,3,3
4186,5751,18:25:00,0,58.00,0,66.6200,2.0800,6.7000,3.0700,1,ACTIVE,6,3,3
4186,5752,18:25:30,0,26.00,0,4.6900,0.0981,0.4870,0.1920,1,ACTIVE,6,3,3
4186,5753,18:26:00,0,49.00,0,14.4400,0.4670,1.4700,0.4870,1,ACTIVE,6,3,3
4186,5754,18:26:30,0,56.00,0,20.4200,0.7040,2.0800,0.5920,1,ACTIVE,6,3,3
4186,5755,18:27:00,0,106.00,0,51.4600,1.5400,5.1700,2.5800,1,ACTIVE,6,3,3
4186,5756,18:27:30,0,52.00,0,37.6600,1.6700,3.7300,1.1600,1,ACTIVE,6,3,3
4186,5757,18:28:00,0,226.00,0,12.6900,0.3680,1.2900,0.5200,1,ACTIVE,6,3,3
4186,5758,18:28:30,0,75.00,0,13.2200,0.3520,1.3500,0.5790,1,ACTIVE,6,3,3
4186,5759,18:29:00,0,109.00,0,11.9200,0.4100,1.2100,0.3760,1,ACTIVE,6,3,3
4186,5760,18:29:30,0,122.00,0,4.8600,0.1840,0.4870,0.1690,1,ACTIVE,6,3,3
4186,5761,18:30:00,0,122.00,0,19.6800,0.6050,1.9900,0.8200,1,ACTIVE,6,3,3
4186,5762,18:30:30,0,118.00,0,5.2400,0.1880,0.5310,0.1580,1,ACTIVE,6,3,3
4186,5763,18:31:00,0,99.00,0,11.4800,0.3450,1.1600,0.5200,1,ACTIVE,6,3,3
4186,5764,18:31:30,0,191.00,0,18.2600,0.6890,1.8300,0.6740,1,ACTIVE,6,3,3
4186,5765,18:32:00,0,82.00,0,6.0000,0.1960,0.6050,0.2490,1,ACTIVE,6,3,3
4186,5766,18:32:30,0,38.00,0,0.9400,0.0724,0.0880,0.0115,1,ACTIVE,6,3,3
4186,5767,18:33:00,0,85.00,0,13.2100,0.4670,1.3200,0.5670,1,ACTIVE,6,3,3
4186,5768,18:33:30,0,122.00,0,16.6400,0.5430,1.6700,0.7040,1,ACTIVE,6,3,3
4186,5769,18:34:00,0,131.00,0,7.6200,0.2440,0.7680,0.3230,1,ACTIVE,6,3,3
4186,5770,18:34:30,0,70.00,0,1.7400,0.0470,0.1760,0.0880,1,ACTIVE,6,3,3
4186,5771,18:35:00,0,131.00,0,4.8200,0.1720,0.4870,0.1580,1,ACTIVE,6,3,3
4186,5772,18:35:30,0,56.00,0,2.4000,0.0596,0.2440,0.1220,1,ACTIVE,6,3,3
4186,5773,18:36:00,0,150.00,0,2.0400,0.0470,0.2090,0.0981,1,ACTIVE,6,3,3
4186,5774,18:36:30,0,95.00,0,1.1800,0.0298,0.1220,0.0412,1,ACTIVE,6,3,3
4186,5775,18:37:00,0,92.00,0,0.8600,0.0215,0.0880,0.0412,1,ACTIVE,6,3,3
4186,5776,18:37:30,0,82.00,0,1.2000,0.0339,0.1220,0.0523,1,ACTIVE,6,3,3
4186,5777,18:38:00,0,79.00,0,0.8800,0.0298,0.0880,0.0412,1,ACTIVE,6,3,3
4186,5778,18:38:30,0,95.00,0,0.5300,0.0170,0.0523,0.0292,1,ACTIVE,6,3,3
4186,5779,18:39:00,0,54.00,0,0.5700,0.0339,0.0523,0.0292,1,ACTIVE,6,3,3
4186,5780,18:39:30,0,95.00,0,1.3700,0.0339,0.1390,0.0756,1,ACTIVE,6,3,3
4186,5781,18:40:00,0,109.00,0,0.1300,0.0215,0.0035,0.0501,1,ACTIVE,6,3,3
4186,5782,18:40:30,0,99.00,0,0.5100,0.0170,0.0523,0.0173,1,ACTIVE,6,3,3
4186,5783,18:41:00,0,106.00,0,0.1800,0.0085,0.0173,0.0059,1,ACTIVE,6,3,3
4186,5784,18:41:30,0,127.00,0,0.5100,0.0170,0.0523,0.0173,1,ACTIVE,6,3,3
4186,5785,18:42:00,0,72.00,0,0.1800,0.0085,0.0173,0.0059,1,ACTIVE,6,3,3
4186,5786,18:42:30,0,70.00,0,0.2000,0.0170,0.0173,0.0059,1,ACTIVE,6,3,3
4186,5787,18:43:00,0,47.00,0,0.1800,0.0085,0.0173,0.0059,1,ACTIVE,6,3,3
4186,5788,18:43:30,0,38.00,0,0.5200,0.0215,0.0523,0.0173,1,ACTIVE,6,3,3
4186,5789,18:44:00,0,140.00,0,0.5900,0.0431,0.0523,0.0292,1,ACTIVE,6,3,3
4186,5790,18:44:30,0,109.00,0,0.1700,0.0596,0.0012,0.0215,1,ACTIVE,6,3,3
4186,5791,18:45:00,0,131.00,0,0.1800,0.0085,0.0173,0.0059,1,ACTIVE,6,3,3
4186,5792,18:45:30,0,122.00,0,0.5900,0.0431,0.0523,0.0292,1,ACTIVE,6,3,3
4186,5793,18:46:00,0,79.00,0,0.0700,0.0170,0.0012,0.0215,1,ACTIVE,6,3,3
4186,5794,18:46:30,0,136.00,0,0.0500,0.0085,0.0012,0.0215,1,ACTIVE,6,3,3
4186,5795,18:47:00,0,61.00,0,0.0200,0.0049,0.0000,0.0059,1,ACTIVE,6,3,3
4186,5796,18:47:30,0,58.00,0,0.2300,0.0339,0.0173,0.0059,1,ACTIVE,6,3,3
4186,5797,18:48:00,0,140.00,0,0.1800,0.0085,0.0173,0.0059,1,ACTIVE,6,3,3
4186,5798,18:48:30,0,109.00,0,0.0500,0.0085,0.0012,0.0215,1,ACTIVE,6,3,3
4186,5799,18:49:00,0,43.00,0,0.0500,0.0085,0.0012,0.0215,1,ACTIVE,6,3,3
4186,5800,18:49:30,0,36.00,0,0.1800,0.0085,0.0173,0.0059,1,ACTIVE,6,3,3
4186,5801,18:50:00,0,140.00,0,0.1700,0.0042,0.0173,0.0059,1,ACTIVE,6,3,3
4186,5802,18:50:30,0,92.00,0,0.1700,0.0042,0.0173,0.0059,1,ACTIVE,6,3,3
4186,5803,18:51:00,0,52.00,0,0.0200,0.0049,0.0000,0.0059,1,ACTIVE,6,3,3
4186,5804,18:51:30,0,118.00,0,0.0200,0.0049,0.0000,0.0059,1,ACTIVE,6,3,3
4186,5805,18:52:00,0,52.00,0,0.0200,0.0049,0.0000,0.0059,1,ACTIVE,6,3,3
4186,5806,18:52:30,0,95.00,0,0.0200,0.0049,0.0000,0.0059,1,ACTIVE,6,3,3
4186,5807,18:53:00,0,58.00,0,0.0200,0.0049,0.0000,0.0059,1,ACTIVE,6,3,3
4186,5808,18:53:30,0,113.00,0,0.0200,0.0049,0.0000,0.0059,1,ACTIVE,6,3,3
4186,5809,18:54:00,0,113.00,0,0.2200,0.0981,0.0000,0.0059,1,ACTIVE,6,3,3
4186,5810,18:54:30,0,67.00,0,0.0300,0.0099,0.0000,0.0059,1,ACTIVE,6,3,3
4186,5811,18:55:00,0,6.00,0,0.0200,0.0049,0.0000,0.0059,1,ACTIVE,6,3,3
4186,5812,18:55:30,0,2.00,0,0.0200,0.0049,0.0000,0.0059,1,ACTIVE,6,3,3
4186,5813,18:56:00,0,11.00,0,0.0100,0.0049,0.0000,0.0000,1,ACTIVE,6,3,3
4186,5814,18:56:30,0,40.00,0,0.0200,0.0049,0.0000,0.0059,1,ACTIVE,6,3,3
4186,5815,18:57:00,0,106.00,0,0.0200,0.0049,0.0000,0.0059,1,ACTIVE,6,3,3
4186,5816,18:57:30,0,89.00,0,0.0200,0.0049,0.0000,0.0059,1,ACTIVE,6,3,3
4186,5817,18:58:00,0,85.00,0,0.0200,0.0049,0.0000,0.0059,1,ACTIVE,6,3,3
4186,5818,18:58:30,0,72.00,0,0.0200,0.0049,0.0000,0.0059,1,ACTIVE,6,3,3
4186,5819,18:59:00,0,21.00,0,0.0200,0.0049,0.0000,0.0059,1,ACTIVE,6,3,3
4186,5820,18:59:30,0,54.00,0,0.0200,0.0049,0.0000,0.0059,1,ACTIVE,6,3,3
4186,5821,19:00:00,0,56.00,0,0.0100,0.0049,0.0000,0.0000,1,ACTIVE,6,3,3
4186,5822,19:00:30,0,61.00,0,0.0200,0.0049,0.0000,0.0059,1,ACTIVE,6,3,3
4186,5823,19:01:00,0,85.00,0,0.0200,0.0049,0.0000,0.0059,1,ACTIVE,6,3,3
4186,5824,19:01:30,0,79.00,0,0.0100,0.0049,0.0000,0.0000,1,ACTIVE,6,3,3
4186,5825,19:02:00,0,85.00,0,0.0200,0.0049,0.0000,0.0059,1,ACTIVE,6,3,3
4186,5826,19:02:30,0,45.00,0,0.0200,0.0049,0.0000,0.0059,1,ACTIVE,6,3,3
4186,5827,19:03:00,0,79.00,0,0.0100,0.0049,0.0000,0.0000,1,ACTIVE,6,3,3
4186,5828,19:03:30,0,79.00,0,0.0200,0.0049,0.0000,0.0059,1,ACTIVE,6,3,3
4186,5829,19:04:00,0,82.00,0,0.0100,0.0049,0.0000,0.0000,1,ACTIVE,6,3,3
4186,5830,19:04:30,0,99.00,0,0.0200,0.0049,0.0000,0.0059,1,ACTIVE,6,3,3
4186,5831,19:05:00,0,150.00,0,0.0100,0.0049,0.0000,0.0000,1,ACTIVE,6,3,3
4186,5832,19:05:30,0,54.00,0,0.0300,0.0099,0.0000,0.0059,1,ACTIVE,6,3,3
4186,5833,19:06:00,0,79.00,0,0.0200,0.0049,0.0000,0.0059,1,ACTIVE,6,3,3
4186,5834,19:06:30,0,54.00,0,0.0200,0.0049,0.0000,0.0059,1,ACTIVE,6,3,3
4186,5835,19:07:00,0,47.00,0,0.0200,0.0049,0.0000,0.0059,1,ACTIVE,6,3,3
4186,5836,19:07:30,0,102.00,0,0.0100,0.0049,0.0000,0.0000,1,ACTIVE,6,3,3
4186,5837,19:08:00,0,122.00,0,0.0500,0.0197,0.0000,0.0059,1,ACTIVE,6,3,3
4186,5838,19:08:30,0,45.00,0,0.0200,0.0049,0.0000,0.0059,1,ACTIVE,6,3,3
4186,5839,19:09:00,0,20.00,0,0.0200,0.0049,0.0000,0.0059,1,ACTIVE,6,3,3
4186,5840,19:09:30,0,35.00,0,0.0100,0.0049,0.0000,0.0000,1,ACTIVE,6,3,3
4186,5841,19:10:00,0,29.00,0,0.0200,0.0049,0.0000,0.0059,1,ACTIVE,6,3,3
4186,5842,19:10:30,0,47.00,0,0.0200,0.0049,0.0000,0.0059,1,ACTIVE,6,3,3
4186,5843,19:11:00,0,65.00,0,0.0200,0.0049,0.0000,0.0059,1,ACTIVE,6,3,3
4186,5844,19:11:30,0,63.00,0,0.0200,0.0049,0.0000,0.0059,1,ACTIVE,6,3,3
4186,5845,19:12:00,0,45.00,0,0.0200,0.0049,0.0000,0.0059,1,ACTIVE,6,3,3
4186,5846,19:12:30,0,61.00,0,0.0500,0.0197,0.0000,0.0059,1,ACTIVE,6,3,3
4186,5847,19:13:00,0,70.00,0,0.0200,0.0049,0.0000,0.0059,1,ACTIVE,6,3,3
4186,5848,19:13:30,0,49.00,0,0.0100,0.0049,0.0000,0.0000,1,ACTIVE,6,3,3
4186,5849,19:14:00,0,22.00,0,0.0100,0.0049,0.0000,0.0000,1,ACTIVE,6,3,3
4186,5850,19:14:30,0,56.00,0,0.0200,0.0049,0.0000,0.0059,1,ACTIVE,6,3,3
4186,5851,19:15:00,0,38.00,0,0.0100,0.0049,0.0000,0.0000,1,ACTIVE,6,3,3
4186,5852,19:15:30,0,54.00,0,1.0500,0.1120,0.0880,0.0292,1,ACTIVE,6,3,3
4186,5853,19:16:00,0,31.00,0,0.0200,0.0049,0.0000,0.0059,1,ACTIVE,6,3,3
4186,5854,19:16:30,0,33.00,0,0.0100,0.0049,0.0000,0.0000,1,ACTIVE,6,3,3
4186,5855,19:17:00,0,82.00,0,0.0200,0.0049,0.0000,0.0059,1,ACTIVE,6,3,3
4186,5856,19:17:30,0,58.00,0,0.0200,0.0049,0.0000,0.0059,1,ACTIVE,6,3,3
4186,5857,19:18:00,0,34.00,0,0.5000,0.0085,0.0523,0.0173,1,ACTIVE,6,3,3
4186,5858,19:18:30,0,204.00,0,4.3900,0.0724,0.4570,0.2140,1,ACTIVE,6,3,3
4186,5859,19:19:00,0,303.00,0,0.2200,0.0298,0.0173,0.0059,1,ACTIVE,6,3,3
4186,5860,19:19:30,0,293.00,0,1.2300,0.0559,0.1240,0.0162,1,ACTIVE,6,3,3
4186,5861,19:20:00,0,184.00,0,0.5100,0.0170,0.0523,0.0173,1,ACTIVE,6,3,3
4186,5862,19:20:30,0,118.00,0,0.1700,0.0042,0.0173,0.0059,1,ACTIVE,6,3,3
4186,5863,19:21:00,0,140.00,0,0.1200,0.0042,0.0125,0.0000,1,ACTIVE,6,3,3
4186,5864,19:21:30,0,150.00,0,0.0200,0.0099,0.0000,0.0000,1,ACTIVE,6,3,3
4186,5865,19:22:00,0,13.00,0,0.1800,0.0085,0.0173,0.0059,1,ACTIVE,6,3,3
4186,5866,19:22:30,0,95.00,0,0.1100,0.0339,0.0012,0.0215,1,ACTIVE,6,3,3
4186,5867,19:23:00,0,70.00,0,0.0300,0.0099,0.0000,0.0059,1,ACTIVE,6,3,3
4186,5868,19:23:30,0,156.00,0,0.0600,0.0245,0.0000,0.0059,1,ACTIVE,6,3,3
4186,5869,19:24:00,0,127.00,0,0.0500,0.0197,0.0000,0.0059,1,ACTIVE,6,3,3
4186,5870,19:24:30,0,179.00,0,1.0500,0.1220,0.0880,0.0115,1,ACTIVE,6,3,3
4186,5871,19:25:00,0,173.00,0,0.2500,0.0431,0.0173,0.0059,1,ACTIVE,6,3,3
4186,5872,19:25:30,0,122.00,0,0.6400,0.0724,0.0523,0.0173,1,ACTIVE,6,3,3
4186,5873,19:26:00,0,21.00,0,0.0900,0.0395,0.0000,0.0059,1,ACTIVE,6,3,3
4186,5874,19:26:30,0,122.00,0,0.2200,0.0298,0.0173,0.0059,1,ACTIVE,6,3,3
4186,5875,19:27:00,0,191.00,0,1.6000,0.2230,0.1240,0.0162,1,ACTIVE,6,3,3
4186,5876,19:27:30,0,8.00,0,0.8000,0.1120,0.0622,0.0070,1,ACTIVE,6,3,3
4186,5877,19:28:00,0,92.00,0,2.5100,0.3300,0.2000,0.0206,1,ACTIVE,6,3,3
4186,5878,19:28:30,0,102.00,0,3.1300,0.4570,0.2380,0.0256,1,ACTIVE,6,3,3
4186,5879,19:29:00,0,15.00,0,3.0400,0.5200,0.2140,0.0162,1,ACTIVE,6,3,3
4186,5880,19:29:30,0,89.00,0,0.8200,0.1190,0.0622,0.0070,1,ACTIVE,6,3,3
4186,5881,19:30:00,0,241.00,0,0.7100,0.0724,0.0622,0.0070,1,ACTIVE,6,3,3
4186,5882,19:30:30,0,266.00,0,18.4900,1.7900,1.6400,0.1720,1,ACTIVE,6,3,3
4186,5883,19:31:00,0,204.00,0,2.3100,0.2380,0.2000,0.0256,1,ACTIVE,6,3,3
4186,5884,19:31:30,0,179.00,0,12.7900,1.9500,0.9540,0.1190,1,ACTIVE,6,3,3
4186,5885,19:32:00,0,191.00,0,8.0000,1.2900,0.5790,0.0679,1,ACTIVE,6,3,3
4186,5886,19:32:30,0,204.00,0,1.8500,0.2280,0.1510,0.0162,1,ACTIVE,6,3,3
4186,5887,19:33:00,0,284.00,0,0.6100,0.0596,0.0523,0.0173,1,ACTIVE,6,3,3
4186,5888,19:33:30,0,293.00,0,2.1200,0.1510,0.2000,0.0256,1,ACTIVE,6,3,3
4186,5889,19:34:00,0,33.00,0,2.5900,0.2090,0.2380,0.0347,1,ACTIVE,6,3,3
4186,5890,19:34:30,0,218.00,0,2.0000,0.1960,0.1760,0.0256,1,ACTIVE,6,3,3
4186,5891,19:35:00,0,30.00,0,19.0300,1.7500,1.6700,0.4570,1,ACTIVE,6,3,3
4186,5892,19:35:30,0,43.00,0,7.1000,0.8750,0.5790,0.0861,1,ACTIVE,6,3,3
4186,5893,19:36:00,0,9.00,0,1.0400,0.1070,0.0880,0.0292,1,ACTIVE,6,3,3
4186,5894,19:36:30,0,22.00,0,8.1900,1.0400,0.6600,0.1000,1,ACTIVE,6,3,3
4186,5895,19:37:00,0,30.00,0,6.9400,0.8020,0.5790,0.0861,1,ACTIVE,6,3,3
4186,5896,19:37:30,0,43.00,0,10.7100,1.4700,0.8370,0.1140,1,ACTIVE,6,3,3
4186,5897,19:38:00,0,79.00,0,7.7700,1.2400,0.5550,0.1580,1,ACTIVE,6,3,3
4186,5898,19:38:30,0,65.00,0,4.9200,0.3520,0.4570,0.1330,1,ACTIVE,6,3,3
4186,5899,19:39:00,0,179.00,0,1.9500,0.1510,0.1760,0.0650,1,ACTIVE,6,3,3
4186,5900,19:39:30,0,109.00,0,1.6700,0.1450,0.1510,0.0206,1,ACTIVE,6,3,3
4186,5901,19:40:00,0,145.00,0,0.5900,0.0470,0.0523,0.0292,1,ACTIVE,6,3,3
4186,5902,19:40:30,0,63.00,0,0.9600,0.0596,0.0880,0.0523,1,ACTIVE,6,3,3
4186,5903,19:41:00,0,122.00,0,1.0300,0.1120,0.0880,0.0115,1,ACTIVE,6,3,3
4186,5904,19:41:30,0,65.00,0,4.4400,0.5920,0.3520,0.0395,1,ACTIVE,6,3,3
4186,5905,19:42:00,0,127.00,0,5.9000,0.9540,0.4280,0.0440,1,ACTIVE,6,3,3
4186,5906,19:42:30,0,102.00,0,0.9900,0.0939,0.0880,0.0070,1,ACTIVE,6,3,3
4186,5907,19:43:00,0,54.00,0,1.9500,0.1720,0.1760,0.0206,1,ACTIVE,6,3,3
4186,5908,19:43:30,0,102.00,0,1.0700,0.0807,0.1000,0.0162,1,ACTIVE,6,3,3
4186,5909,19:44:00,0,82.00,0,4.8900,0.2490,0.4870,0.0679,1,ACTIVE,6,3,3
4186,5910,19:44:30,0,56.00,0,11.7800,0.9540,1.0900,0.1510,1,ACTIVE,6,3,3
4186,5911,19:45:00,0,102.00,0,3.5500,0.2770,0.3300,0.0440,1,ACTIVE,6,3,3
4186,5912,19:45:30,0,61.00,0,7.3100,0.5310,0.6890,0.0900,1,ACTIVE,6,3,3
4186,5913,19:46:00,0,357.00,0,5.6000,1.0200,0.3760,0.0535,1,ACTIVE,6,3,3
4186,5914,19:46:30,0,92.00,0,4.9600,0.6320,0.4010,0.0480,1,ACTIVE,6,3,3
4186,5915,19:47:00,0,102.00,0,1.6700,0.1510,0.1510,0.0115,1,ACTIVE,6,3,3
4186,5916,19:47:30,0,56.00,0,5.4900,0.6050,0.4670,0.0571,1,ACTIVE,6,3,3
4186,5917,19:48:00,0,34.00,0,4.2300,0.4980,0.3520,0.0440,1,ACTIVE,6,3,3
4186,5918,19:48:30,0,234.00,0,1.5500,0.2000,0.1240,0.0162,1,ACTIVE,6,3,3
4186,5919,19:49:00,0,92.00,0,1.6800,0.2600,0.1240,0.0115,1,ACTIVE,6,3,3
4186,5920,19:49:30,0,173.00,0,0.0300,0.0099,0.0000,0.0059,1,ACTIVE,6,3,3
4186,5921,19:50:00,0,6.00,0,0.7400,0.0861,0.0622,0.0070,1,ACTIVE,6,3,3
4186,5922,19:50:30,0,113.00,0,1.5700,0.2090,0.1240,0.0162,1,ACTIVE,6,3,3
4186,5923,19:51:00,0,6.00,0,0.8500,0.1360,0.0622,0.0023,1,ACTIVE,6,3,3
4186,5924,19:51:30,0,204.00,0,0.5100,0.0807,0.0378,0.0023,1,ACTIVE,6,3,3
4186,5925,19:52:00,0,313.00,0,3.5800,0.4570,0.2900,0.0347,1,ACTIVE,6,3,3
4186,5926,19:52:30,0,211.00,0,0.4600,0.0559,0.0378,0.0023,1,ACTIVE,6,3,3
4186,5927,19:53:00,0,156.00,0,0.0300,0.0099,0.0000,0.0059,1,ACTIVE,6,3,3
4186,5928,19:53:30,0,122.00,0,0.0200,0.0049,0.0000,0.0059,1,ACTIVE,6,3,3
4186,5929,19:54:00,0,303.00,0,0.0300,0.0099,0.0000,0.0059,1,ACTIVE,6,3,3
4186,5930,19:54:30,0,38.00,0,0.0500,0.0197,0.0000,0.0059,1,ACTIVE,6,3,3
4186,5931,19:55:00,0,89.00,0,0.0300,0.0099,0.0000,0.0059,1,ACTIVE,6,3,3
4186,5932,19:55:30,0,40.00,0,0.0100,0.0049,0.0000,0.0000,1,ACTIVE,6,3,3
4186,5933,19:56:00,0,92.00,0,0.2500,0.0431,0.0173,0.0059,1,ACTIVE,6,3,3
4186,5934,19:56:30,0,127.00,0,0.2600,0.0470,0.0173,0.0059,1,ACTIVE,6,3,3
4186,5935,19:57:00,0,198.00,0,0.2100,0.0215,0.0173,0.0059,1,ACTIVE,6,3,3
4186,5936,19:57:30,0,49.00,0,0.0300,0.0099,0.0000,0.0059,1,ACTIVE,6,3,3
4186,5937,19:58:00,0,85.00,0,0.0200,0.0049,0.0000,0.0059,1,ACTIVE,6,3,3
4186,5938,19:58:30,0,226.00,0,0.0200,0.0099,0.0000,0.0000,1,ACTIVE,6,3,3
4186,5939,19:59:00,0,335.00,0,16.1200,0.3300,1.6700,0.6600,1,ACTIVE,6,3,3
4186,5940,19:59:30,0,249.00,0,10.3800,0.3370,1.0900,0.1090,1,ACTIVE,6,3,3
4186,5941,20:00:00,0,102.00,0,0.0200,0.0049,0.0000,0.0059,1,ACTIVE,6,3,3
4186,5942,20:00:30,0,85.00,0,0.1800,0.0085,0.0173,0.0059,1,ACTIVE,6,3,3
4186,5943,20:01:00,0,85.00,0,0.0200,0.0049,0.0000,0.0059,1,ACTIVE,6,3,3
4186,5944,20:01:30,0,72.00,0,0.0200,0.0049,0.0000,0.0059,1,ACTIVE,6,3,3
4186,5945,20:02:00,0,36.00,0,0.0200,0.0049,0.0000,0.0059,1,ACTIVE,6,3,3
4186,5946,20:02:30,0,67.00,0,0.0200,0.0049,0.0000,0.0059,1,ACTIVE,6,3,3
4186,5947,20:03:00,0,36.00,0,0.0100,0.0049,0.0000,0.0000,1,ACTIVE,6,3,3
4186,5948,20:03:30,0,54.00,0,0.0200,0.0049,0.0000,0.0059,1,ACTIVE,6,3,3
4186,5949,20:04:00,0,47.00,0,0.0200,0.0049,0.0000,0.0059,1,ACTIVE,6,3,3
4186,5950,20:04:30,0,82.00,0,0.0100,0.0049,0.0000,0.0000,1,ACTIVE,6,3,3
4186,5951,20:05:00,0,61.00,0,0.0200,0.0049,0.0000,0.0059,1,ACTIVE,6,3,3
4186,5952,20:05:30,0,18.00,0,0.0200,0.0049,0.0000,0.0059,1,ACTIVE,6,3,3
4186,5953,20:06:00,0,35.00,0,0.0100,0.0049,0.0000,0.0000,1,ACTIVE,6,3,3
4186,5954,20:06:30,0,45.00,0,0.0100,0.0049,0.0000,0.0000,1,ACTIVE,6,3,3
4186,5955,20:07:00,0,10.00,0,0.0200,0.0049,0.0000,0.0059,1,ACTIVE,6,3,3
4186,5956,20:07:30,0,70.00,0,0.0200,0.0049,0.0000,0.0059,1,ACTIVE,6,3,3
4186,5957,20:08:00,0,58.00,0,0.0200,0.0049,0.0000,0.0059,1,ACTIVE,6,3,3
4186,5958,20:08:30,0,38.00,0,0.0200,0.0049,0.0000,0.0059,1,ACTIVE,6,3,3
4186,5959,20:09:00,0,28.00,0,0.0400,0.0197,0.0000,0.0000,1,ACTIVE,6,3,3
4186,5960,20:09:30,0,49.00,0,0.5600,0.1840,0.0173,0.0059,1,ACTIVE,6,3,3
4186,5961,20:10:00,0,70.00,0,0.0300,0.0099,0.0000,0.0059,1,ACTIVE,6,3,3
4186,5962,20:10:30,0,40.00,0,0.0100,0.0049,0.0000,0.0000,1,ACTIVE,6,3,3
4186,5963,20:11:00,0,95.00,0,0.0100,0.0049,0.0000,0.0000,1,ACTIVE,6,3,3
4186,5964,20:11:30,0,136.00,0,0.0200,0.0049,0.0000,0.0059,1,ACTIVE,6,3,3
4186,5965,20:12:00,0,85.00,0,0.0100,0.0049,0.0000,0.0000,1,ACTIVE,6,3,3
4186,5966,20:12:30,0,156.00,0,0.0100,0.0049,0.0000,0.0000,1,ACTIVE,6,3,3
4186,5967,20:13:00,0,191.00,0,0.0200,0.0049,0.0000,0.0059,1,ACTIVE,6,3,3
4186,5968,20:13:30,0,79.00,0,0.0200,0.0049,0.0000,0.0059,1,ACTIVE,6,3,3
4186,5969,20:14:00,0,72.00,0,0.0200,0.0049,0.0000,0.0059,1,ACTIVE,6,3,3
4186,5970,20:14:30,0,79.00,0,0.0200,0.0049,0.0000,0.0059,1,ACTIVE,6,3,3
4186,5971,20:15:00,0,75.00,0,0.0200,0.0049,0.0000,0.0059,1,ACTIVE,6,3,3
4186,5972,20:15:30,0,109.00,0,0.2600,0.0470,0.0173,0.0059,1,ACTIVE,6,3,3
4186,5973,20:16:00,0,13.00,0,0.3400,0.0807,0.0173,0.0059,1,ACTIVE,6,3,3
4186,5974,20:16:30,0,82.00,0,0.3200,0.0724,0.0173,0.0059,1,ACTIVE,6,3,3
4186,5975,20:17:00,0,0.00,0,0.2900,0.0596,0.0173,0.0059,1,ACTIVE,6,3,3
4186,5976,20:17:30,0,36.00,0,0.2600,0.0470,0.0173,0.0059,1,ACTIVE,6,3,3
4186,5977,20:18:00,0,54.00,0,0.0200,0.0049,0.0000,0.0059,1,ACTIVE,6,3,3
4186,5978,20:18:30,0,198.00,0,0.0200,0.0049,0.0000,0.0059,1,ACTIVE,6,3,3
4186,5979,20:19:00,0,167.00,0,1.2800,0.2140,0.0880,0.0292,1,ACTIVE,6,3,3
4186,5980,20:19:30,0,156.00,0,0.0300,0.0099,0.0000,0.0059,1,ACTIVE,6,3,3
4186,5981,20:20:00,0,92.00,0,0.0100,0.0049,0.0000,0.0000,1,ACTIVE,6,3,3
4186,5982,20:20:30,0,67.00,0,0.0300,0.0099,0.0000,0.0059,1,ACTIVE,6,3,3
4186,5983,20:21:00,0,54.00,0,0.0300,0.0099,0.0000,0.0059,1,ACTIVE,6,3,3
4186,5984,20:21:30,0,72.00,0,0.0300,0.0099,0.0000,0.0059,1,ACTIVE,6,3,3
4186,5985,20:22:00,0,82.00,0,0.0300,0.0099,0.0000,0.0059,1,ACTIVE,6,3,3
4186,5986,20:22:30,0,63.00,0,0.1800,0.0085,0.0173,0.0059,1,ACTIVE,6,3,3
4186,5987,20:23:00,0,89.00,0,0.0200,0.0049,0.0000,0.0059,1,ACTIVE,6,3,3
4186,5988,20:23:30,0,113.00,0,0.1800,0.0085,0.0173,0.0059,1,ACTIVE,6,3,3
4186,5989,20:24:00,0,140.00,0,0.0300,0.0099,0.0000,0.0059,1,ACTIVE,6,3,3
4186,5990,20:24:30,0,49.00,0,0.0300,0.0099,0.0000,0.0059,1,ACTIVE,6,3,3
4186,5991,20:25:00,0,70.00,0,0.0300,0.0099,0.0000,0.0059,1,ACTIVE,6,3,3
4186,5992,20:25:30,0,47.00,0,0.0300,0.0099,0.0000,0.0059,1,ACTIVE,6,3,3
4186,5993,20:26:00,0,95.00,0,0.0200,0.0049,0.0000,0.0059,1,ACTIVE,6,3,3
4186,5994,20:26:30,0,102.00,0,0.0300,0.0099,0.0000,0.0059,1,ACTIVE,6,3,3
4186,5995,20:27:00,0,65.00,0,0.3400,0.0807,0.0173,0.0059,1,ACTIVE,6,3,3
4186,5996,20:27:30,0,58.00,0,0.0800,0.0339,0.0000,0.0059,1,ACTIVE,6,3,3
4186,5997,20:28:00,0,99.00,0,0.0500,0.0197,0.0000,0.0059,1,ACTIVE,6,3,3
4186,5998,20:28:30,0,118.00,0,0.0300,0.0099,0.0000,0.0059,1,ACTIVE,6,3,3
4186,5999,20:29:00,0,92.00,0,0.0200,0.0099,0.0000,0.0000,1,ACTIVE,6,3,3
4186,6000,20:29:30,0,131.00,0,0.0200,0.0049,0.0000,0.0059,1,ACTIVE,6,3,3
4186,6001,20:30:00,0,52.00,0,0.0300,0.0099,0.0000,0.0059,1,ACTIVE,6,3,3
4186,6002,20:30:30,0,150.00,0,0.0500,0.0197,0.0000,0.0059,1,ACTIVE,6,3,3
4186,6003,20:31:00,0,89.00,0,0.0300,0.0099,0.0000,0.0059,1,ACTIVE,6,3,3
4186,6004,20:31:30,0,303.00,0,0.0200,0.0099,0.0000,0.0000,1,ACTIVE,6,3,3
4186,6005,20:32:00,0,65.00,0,0.0100,0.0049,0.0000,0.0000,1,ACTIVE,6,3,3
4186,6006,20:32:30,0,357.00,0,0.0100,0.0049,0.0000,0.0000,1,ACTIVE,6,3,3
4186,6007,20:33:00,0,249.00,0,0.0100,0.0049,0.0000,0.0000,1,ACTIVE,6,3,3
4186,6008,20:33:30,0,218.00,0,0.0200,0.0049,0.0000,0.0059,1,ACTIVE,6,3,3
4186,6009,20:34:00,0,122.00,0,0.9000,0.0559,0.0880,0.0070,1,ACTIVE,6,3,3
4186,6010,20:34:30,0,47.00,0,0.0100,0.0049,0.0000,0.0000,1,ACTIVE,6,3,3
4186,6011,20:35:00,0,56.00,0,0.0200,0.0049,0.0000,0.0059,1,ACTIVE,6,3,3
4186,6012,20:35:30,0,79.00,0,0.0300,0.0099,0.0000,0.0059,1,ACTIVE,6,3,3
4186,6013,20:36:00,0,106.00,0,0.0900,0.0395,0.0000,0.0059,1,ACTIVE,6,3,3
4186,6014,20:36:30,0,173.00,0,5.7900,1.9100,0.1760,0.0292,1,ACTIVE,6,3,3
4186,6015,20:37:00,0,145.00,0,0.9000,0.1580,0.0622,0.0070,1,ACTIVE,6,3,3
4186,6016,20:37:30,0,52.00,0,2.0400,0.2140,0.1760,0.0256,1,ACTIVE,6,3,3
4186,6017,20:38:00,0,28.00,0,0.8500,0.1330,0.0622,0.0070,1,ACTIVE,6,3,3
4186,6018,20:38:30,0,70.00,0,0.6800,0.0939,0.0523,0.0173,1,ACTIVE,6,3,3
4186,6019,20:39:00,0,234.00,0,2.9000,0.4570,0.2140,0.0162,1,ACTIVE,6,3,3
4186,6020,20:39:30,0,335.00,0,2.7200,0.2280,0.2440,0.0756,1,ACTIVE,6,3,3
4186,6021,20:40:00,0,109.00,0,4.9200,0.3450,0.4670,0.0679,1,ACTIVE,6,3,3
4186,6022,20:40:30,0,162.00,0,1.2600,0.0679,0.1220,0.0412,1,ACTIVE,6,3,3
4186,6023,20:41:00,0,61.00,0,3.1600,0.1880,0.3030,0.0880,1,ACTIVE,6,3,3
4186,6024,20:41:30,0,162.00,0,2.7800,0.2090,0.2600,0.0347,1,ACTIVE,6,3,3
4186,6025,20:42:00,0,54.00,0,1.8700,0.1360,0.1760,0.0256,1,ACTIVE,6,3,3
4186,6026,20:42:30,0,89.00,0,2.2500,0.1580,0.2140,0.0256,1,ACTIVE,6,3,3
4186,6027,20:43:00,0,70.00,0,10.7300,0.4980,1.0600,0.2960,1,ACTIVE,6,3,3
4186,6028,20:43:30,0,156.00,0,3.7200,0.1720,0.3680,0.1120,1,ACTIVE,6,3,3
4186,6029,20:44:00,0,145.00,0,1.1000,0.0939,0.1000,0.0162,1,ACTIVE,6,3,3
4186,6030,20:44:30,0,106.00,0,9.7900,2.4700,0.4870,0.0535,1,ACTIVE,6,3,3
4186,6031,20:45:00,0,79.00,0,0.9900,0.0939,0.0880,0.0115,1,ACTIVE,6,3,3
4186,6032,20:45:30,0,191.00,0,9.8000,0.5200,0.9540,0.2720,1,ACTIVE,6,3,3
4186,6033,20:46:00,0,184.00,0,2.7100,0.1760,0.2600,0.0395,1,ACTIVE,6,3,3
4186,6034,20:46:30,0,131.00,0,1.8500,0.1120,0.1760,0.0523,1,ACTIVE,6,3,3
4186,6035,20:47:00,0,38.00,0,3.3800,0.1960,0.3300,0.0480,1,ACTIVE,6,3,3
4186,6036,20:47:30,0,136.00,0,3.1300,0.1720,0.3030,0.0880,1,ACTIVE,6,3,3
4186,6037,20:48:00,0,72.00,0,6.7200,0.4370,0.6460,0.0939,1,ACTIVE,6,3,3
4186,6038,20:48:30,0,49.00,0,5.6200,0.3520,0.5430,0.0807,1,ACTIVE,6,3,3
4186,6039,20:49:00,0,65.00,0,6.5700,0.3230,0.6460,0.1800,1,ACTIVE,6,3,3
4186,6040,20:49:30,0,79.00,0,6.4900,0.2900,0.6460,0.1800,1,ACTIVE,6,3,3
4186,6041,20:50:00,0,179.00,0,166.4700,6.4200,16.3000,8.8800,1,ACTIVE,6,3,3
4186,6042,20:50:30,0,67.00,0,463.1700,19.4000,46.1000,15.6000,1,ACTIVE,6,3,3
4186,6043,20:51:00,0,75.00,0,22.3500,1.7500,2.0800,0.2440,1,ACTIVE,6,3,3
4186,6044,20:51:30,0,63.00,0,30.0200,3.9000,2.4200,0.1880,1,ACTIVE,6,3,3
4186,6045,20:52:00,0,24.00,0,94.1800,6.1400,9.0700,1.0400,1,ACTIVE,6,3,3
4186,6046,20:52:30,0,82.00,0,134.4900,14.6000,11.0000,5.1700,1,ACTIVE,6,3,3
4186,6047,20:53:00,0,241.00,0,0.0200,0.0049,0.0000,0.0059,1,ACTIVE,6,3,3
4186,6048,20:53:30,0,162.00,0,0.6000,0.0559,0.0523,0.0173,1,ACTIVE,6,3,3
4186,6049,20:54:00,0,109.00,0,3.4300,0.2230,0.3300,0.0395,1,ACTIVE,6,3,3
4186,6050,20:54:30,0,234.00,0,259.9100,12.3000,26.2000,2.8200,1,ACTIVE,6,3,3
4186,6051,20:55:00,0,241.00,0,9.1000,0.8940,0.8020,0.0900,1,ACTIVE,6,3,3
4186,6052,20:55:30,0,145.00,0,0.5700,0.0431,0.0523,0.0173,1,ACTIVE,6,3,3
4186,6053,20:56:00,0,167.00,0,9.2200,0.7200,0.8560,0.1220,1,ACTIVE,6,3,3
4186,6054,20:56:30,0,4.00,0,20.1800,1.4400,1.9100,0.2660,1,ACTIVE,6,3,3
4186,6055,20:57:00,0,122.00,0,15.9600,1.2900,1.4700,0.2050,1,ACTIVE,6,3,3
4186,6056,20:57:30,0,89.00,0,2.9700,0.1760,0.2900,0.0440,1,ACTIVE,6,3,3
4186,6057,20:58:00,0,70.00,0,1.2400,0.0596,0.1220,0.0412,1,ACTIVE,6,3,3
4186,6058,20:58:30,0,54.00,0,0.3200,0.0724,0.0173,0.0059,1,ACTIVE,6,3,3
4186,6059,20:59:00,0,61.00,0,0.0100,0.0049,0.0000,0.0000,1,ACTIVE,6,3,3
4186,6060,20:59:30,0,109.00,0,0.0100,0.0049,0.0000,0.0000,1,ACTIVE,6,3,3
4186,6061,21:00:00,0,61.00,0,0.0200,0.0049,0.0000,0.0059,1,ACTIVE,6,3,3
4186,6062,21:00:30,0,156.00,0,0.0200,0.0049,0.0000,0.0059,1,ACTIVE,6,3,3
4186,6063,21:01:00,0,476.00,0,0.2200,0.0298,0.0173,0.0059,1,ACTIVE,6,3,3
4186,6064,21:01:30,0,275.00,0,0.2800,0.0559,0.0173,0.0059,1,ACTIVE,6,3,3
4186,6065,21:02:00,0,167.00,0,0.8000,0.1450,0.0523,0.0173,1,ACTIVE,6,3,3
4186,6066,21:02:30,0,131.00,0,0.6800,0.1580,0.0378,0.0023,1,ACTIVE,6,3,3
4186,6067,21:03:00,0,136.00,0,0.7700,0.1960,0.0378,0.0023,1,ACTIVE,6,3,3
4186,6068,21:03:30,0,109.00,0,0.8700,0.1760,0.0523,0.0173,1,ACTIVE,6,3,3
4186,6069,21:04:00,0,21.00,0,0.0800,0.0339,0.0000,0.0059,1,ACTIVE,6,3,3
4186,6070,21:04:30,0,18.00,0,0.0500,0.0197,0.0000,0.0059,1,ACTIVE,6,3,3
4186,6071,21:05:00,0,9.00,0,0.3100,0.0679,0.0173,0.0059,1,ACTIVE,6,3,3
4186,6072,21:05:30,0,95.00,0,0.7700,0.1330,0.0523,0.0173,1,ACTIVE,6,3,3
4186,6073,21:06:00,0,25.00,0,0.3500,0.0861,0.0173,0.0059,1,ACTIVE,6,3,3
4186,6074,21:06:30,0,25.00,0,0.9100,0.1610,0.0622,0.0070,1,ACTIVE,6,3,3
4186,6075,21:07:00,0,173.00,0,0.7500,0.1220,0.0523,0.0173,1,ACTIVE,6,3,3
4186,6076,21:07:30,0,61.00,0,0.0500,0.0197,0.0000,0.0059,1,ACTIVE,6,3,3
4186,6077,21:08:00,0,82.00,0,0.0500,0.0245,0.0000,0.0000,1,ACTIVE,6,3,3
4186,6078,21:08:30,0,198.00,0,0.2100,0.0215,0.0173,0.0059,1,ACTIVE,6,3,3
4186,6079,21:09:00,0,36.00,0,0.9600,0.1840,0.0622,0.0070,1,ACTIVE,6,3,3
4186,6080,21:09:30,0,16.00,0,0.0300,0.0099,0.0000,0.0059,1,ACTIVE,6,3,3
4186,6081,21:10:00,0,4.00,0,0.0600,0.0245,0.0000,0.0059,0,ACTIVE,6,3,3
4186,6082,21:10:30,0,4.00,0,0.0300,0.0099,0.0000,0.0059,0,ACTIVE,6,3,3
4186,6083,21:11:00,0,0.00,0,0.0200,0.0049,0.0000,0.0059,0,ACTIVE,6,3,3
4186,6084,21:11:30,0,20.00,0,0.0200,0.0049,0.0000,0.0059,1,ACTIVE,6,3,3
4186,6085,21:12:00,0,4.00,0,0.0200,0.0049,0.0000,0.0059,0,ACTIVE,6,3,3
4186,6086,21:12:30,0,12.00,0,0.8300,0.1580,0.0523,0.0173,1,ACTIVE,6,3,3
4186,6087,21:13:00,0,8.00,0,0.0300,0.0099,0.0000,0.0059,1,ACTIVE,6,3,3
4186,6088,21:13:30,0,131.00,0,0.0200,0.0049,0.0000,0.0059,1,ACTIVE,6,3,3
4186,6089,21:14:00,0,335.00,0,0.0200,0.0049,0.0000,0.0059,1,ACTIVE,6,3,3
4186,6090,21:14:30,0,323.00,0,0.0600,0.0245,0.0000,0.0059,1,ACTIVE,6,3,3
4186,6091,21:15:00,0,162.00,0,7.6300,2.0400,0.3520,0.0480,1,ACTIVE,6,3,3
4186,6092,21:15:30,0,92.00,0,9.0900,2.8800,0.3030,0.0756,1,ACTIVE,6,3,3
4186,6093,21:16:00,0,476.00,0,0.9400,0.1760,0.0622,0.0070,1,ACTIVE,6,3,3
4186,6094,21:16:30,0,47.00,0,7.3100,1.3500,0.4870,0.0535,1,ACTIVE,6,3,3
4186,6095,21:17:00,0,13.00,0,1.2100,0.1960,0.0880,0.0070,1,ACTIVE,6,3,3
4186,6096,21:17:30,0,492.00,0,4.8200,1.3800,0.2000,0.0206,1,ACTIVE,6,3,3
4186,6097,21:18:00,0,106.00,0,0.0600,0.0245,0.0000,0.0059,1,ACTIVE,6,3,3
4186,6098,21:18:30,0,102.00,0,0.0600,0.0245,0.0000,0.0059,1,ACTIVE,6,3,3
4186,6099,21:19:00,0,75.00,0,0.0500,0.0197,0.0000,0.0059,1,ACTIVE,6,3,3
4186,6100,21:19:30,0,118.00,0,0.0200,0.0049,0.0000,0.0059,1,ACTIVE,6,3,3
4186,6101,21:20:00,0,102.00,0,0.0300,0.0099,0.0000,0.0059,1,ACTIVE,6,3,3
4186,6102,21:20:30,0,35.00,0,0.3200,0.0724,0.0173,0.0059,1,ACTIVE,6,3,3
4186,6103,21:21:00,0,58.00,0,0.9100,0.1610,0.0622,0.0070,1,ACTIVE,6,3,3
4186,6104,21:21:30,0,218.00,0,6.0500,0.4980,0.5550,0.0807,1,ACTIVE,6,3,3
4186,6105,21:22:00,0,184.00,0,13.7800,0.7040,1.3500,0.3760,1,ACTIVE,6,3,3
4186,6106,21:22:30,0,40.00,0,12.6700,0.5430,1.2600,0.3680,1,ACTIVE,6,3,3
4186,6107,21:23:00,0,52.00,0,5.8100,0.3920,0.5550,0.0773,1,ACTIVE,6,3,3
4186,6108,21:23:30,0,17.00,0,5.4800,0.3030,0.5310,0.1450,1,ACTIVE,6,3,3
4186,6109,21:24:00,0,49.00,0,4.3300,0.3450,0.4010,0.0535,1,ACTIVE,6,3,3
4186,6110,21:24:30,0,18.00,0,7.3100,0.7040,0.6460,0.0900,1,ACTIVE,6,3,3
4186,6111,21:25:00,0,49.00,0,7.2100,0.6600,0.6460,0.0900,1,ACTIVE,6,3,3
4186,6112,21:25:30,0,102.00,0,30.2100,1.9900,2.9400,0.0440,1,ACTIVE,6,3,3
4186,6113,21:26:00,0,140.00,0,6.1600,0.4470,0.5790,0.0861,1,ACTIVE,6,3,3
4186,6114,21:26:30,0,266.00,0,1.6200,0.1220,0.1510,0.0206,1,ACTIVE,6,3,3
4186,6115,21:27:00,0,184.00,0,0.1800,0.0085,0.0173,0.0059,1,ACTIVE,6,3,3
4186,6116,21:27:30,0,24.00,0,0.0200,0.0049,0.0000,0.0059,1,ACTIVE,6,3,3
4186,6117,21:28:00,0,156.00,0,0.1800,0.0085,0.0173,0.0059,1,ACTIVE,6,3,3
4186,6118,21:28:30,0,26.00,0,4.3500,0.3520,0.4010,0.0571,1,ACTIVE,6,3,3
4186,6119,21:29:00,0,4.00,0,4.8000,0.4100,0.4370,0.0622,1,ACTIVE,6,3,3
4186,6120,21:29:30,0,58.00,0,2.6500,0.2380,0.2380,0.0298,1,ACTIVE,6,3,3
4186,6121,21:30:00,0,118.00,0,0.2000,0.0170,0.0173,0.0059,1,ACTIVE,6,3,3
4186,6122,21:30:30,0,61.00,0,0.0200,0.0049,0.0000,0.0059,1,ACTIVE,6,3,3
4186,6123,21:31:00,0,102.00,0,1.0900,0.0861,0.1000,0.0162,1,ACTIVE,6,3,3
4186,6124,21:31:30,0,140.00,0,0.0500,0.0197,0.0000,0.0059,1,ACTIVE,6,3,3
4186,6125,21:32:00,0,145.00,0,0.2000,0.0170,0.0173,0.0059,1,ACTIVE,6,3,3
4186,6126,21:32:30,0,67.00,0,0.2000,0.0170,0.0173,0.0059,1,ACTIVE,6,3,3
4186,6127,21:33:00,0,63.00,0,0.6600,0.0470,0.0622,0.0070,1,ACTIVE,6,3,3
4186,6128,21:33:30,0,136.00,0,3.3700,0.1960,0.3300,0.0395,1,ACTIVE,6,3,3
4186,6129,21:34:00,0,36.00,0,6.3500,0.3370,0.6180,0.1690,1,ACTIVE,6,3,3
4186,6130,21:34:30,0,118.00,0,0.2000,0.0170,0.0173,0.0059,1,ACTIVE,6,3,3
4186,6131,21:35:00,0,19.00,0,0.5700,0.0431,0.0523,0.0173,1,ACTIVE,6,3,3
4186,6132,21:35:30,0,18.00,0,1.3200,0.0939,0.1240,0.0162,1,ACTIVE,6,3,3
4186,6133,21:36:00,0,16.00,0,1.7800,0.0807,0.1760,0.0523,1,ACTIVE,6,3,3
4186,6134,21:36:30,0,11.00,0,3.0300,0.2000,0.2900,0.0440,1,ACTIVE,6,3,3
4186,6135,21:37:00,0,30.00,0,0.2100,0.0215,0.0173,0.0059,1,ACTIVE,6,3,3
4186,6136,21:37:30,0,6.00,0,0.5200,0.0215,0.0523,0.0173,1,ACTIVE,6,3,3
4186,6137,21:38:00,0,72.00,0,4.4000,0.1960,0.4370,0.1220,1,ACTIVE,6,3,3
4186,6138,21:38:30,0,9.00,0,0.5700,0.0431,0.0523,0.0173,1,ACTIVE,6,3,3
4186,6139,21:39:00,0,52.00,0,0.1800,0.0085,0.0173,0.0059,1,ACTIVE,6,3,3
4186,6140,21:39:30,0,20.00,0,0.0300,0.0099,0.0000,0.0059,1,ACTIVE,6,3,3
4186,6141,21:40:00,0,145.00,0,1.2400,0.0559,0.1220,0.0412,1,ACTIVE,6,3,3
4186,6142,21:40:30,0,92.00,0,0.0300,0.0099,0.0000,0.0059,1,ACTIVE,6,3,3
4186,6143,21:41:00,0,61.00,0,12.5900,2.4700,0.8020,0.0939,1,ACTIVE,6,3,3
4186,6144,21:41:30,0,122.00,0,0.0900,0.0395,0.0000,0.0059,1,ACTIVE,6,3,3
4186,6145,21:42:00,0,47.00,0,0.0300,0.0099,0.0000,0.0059,1,ACTIVE,6,3,3
4186,6146,21:42:30,0,40.00,0,0.1200,0.0535,0.0000,0.0059,1,ACTIVE,6,3,3
4186,6147,21:43:00,0,22.00,0,0.0300,0.0099,0.0000,0.0059,1,ACTIVE,6,3,3
4186,6148,21:43:30,0,61.00,0,0.0200,0.0049,0.0000,0.0059,1,ACTIVE,6,3,3
4186,6149,21:44:00,0,11.00,0,0.0300,0.0099,0.0000,0.0059,1,ACTIVE,6,3,3
4186,6150,21:44:30,0,82.00,0,0.0200,0.0049,0.0000,0.0059,1,ACTIVE,6,3,3
4186,6151,21:45:00,0,95.00,0,0.0300,0.0099,0.0000,0.0059,1,ACTIVE,6,3,3
4186,6152,21:45:30,0,131.00,0,0.0200,0.0049,0.0000,0.0059,1,ACTIVE,6,3,3
4186,6153,21:46:00,0,49.00,0,0.0200,0.0049,0.0000,0.0059,1,ACTIVE,6,3,3
4186,6154,21:46:30,0,156.00,0,0.0200,0.0049,0.0000,0.0059,1,ACTIVE,6,3,3
4186,6155,21:47:00,0,249.00,0,0.0100,0.0049,0.0000,0.0000,1,ACTIVE,6,3,3
4186,6156,21:47:30,0,284.00,0,0.2100,0.0215,0.0173,0.0059,1,ACTIVE,6,3,3
4186,6157,21:48:00,0,218.00,0,0.6000,0.2000,0.0173,0.0000,1,ACTIVE,6,3,3
4186,6158,21:48:30,0,405.00,0,0.2100,0.0215,0.0173,0.0059,1,ACTIVE,6,3,3
4186,6159,21:49:00,0,447.00,0,0.0500,0.0197,0.0000,0.0059,1,ACTIVE,6,3,3
4186,6160,21:49:30,0,113.00,0,0.0200,0.0099,0.0000,0.0000,1,ACTIVE,6,3,3
4186,6161,21:50:00,0,92.00,0,0.0100,0.0049,0.0000,0.0000,1,ACTIVE,6,3,3
4186,6162,21:50:30,0,99.00,0,0.0600,0.0245,0.0000,0.0059,1,ACTIVE,6,3,3
4186,6163,21:51:00,0,106.00,0,0.7700,0.1330,0.0523,0.0173,1,ACTIVE,6,3,3
4186,6164,21:51:30,0,99.00,0,2.2000,0.1880,0.2000,0.0298,1,ACTIVE,6,3,3
4186,6165,21:52:00,0,54.00,0,0.0200,0.0049,0.0000,0.0059,1,ACTIVE,6,3,3
4186,6166,21:52:30,0,40.00,0,0.0200,0.0049,0.0000,0.0059,1,ACTIVE,6,3,3
4186,6167,21:53:00,0,75.00,0,0.0200,0.0049,0.0000,0.0059,1,ACTIVE,6,3,3
4186,6168,21:53:30,0,20.00,0,0.0300,0.0099,0.0000,0.0059,1,ACTIVE,6,3,3
4186,6169,21:54:00,0,179.00,0,0.3100,0.0679,0.0173,0.0059,1,ACTIVE,6,3,3
4186,6170,21:54:30,0,335.00,0,0.9300,0.1720,0.0622,0.0070,1,ACTIVE,6,3,3
4186,6171,21:55:00,0,72.00,0,0.0300,0.0099,0.0000,0.0059,1,ACTIVE,6,3,3
4186,6172,21:55:30,0,19.00,0,0.9100,0.1610,0.0622,0.0070,1,ACTIVE,6,3,3
4186,6173,21:56:00,0,85.00,0,1.3000,0.2330,0.0880,0.0115,1,ACTIVE,6,3,3
4186,6174,21:56:30,0,40.00,0,0.3200,0.0724,0.0173,0.0059,1,ACTIVE,6,3,3
4186,6175,21:57:00,0,113.00,0,0.5200,0.0861,0.0378,0.0023,1,ACTIVE,6,3,3
4186,6176,21:57:30,0,109.00,0,0.3100,0.0679,0.0173,0.0059,1,ACTIVE,6,3,3
4186,6177,21:58:00,0,346.00,0,0.2900,0.0596,0.0173,0.0059,1,ACTIVE,6,3,3
4186,6178,21:58:30,0,313.00,0,0.0300,0.0099,0.0000,0.0059,1,ACTIVE,6,3,3
4186,6179,21:59:00,0,150.00,0,0.0200,0.0049,0.0000,0.0059,1,ACTIVE,6,3,3
4186,6180,21:59:30,0,257.00,0,0.0200,0.0049,0.0000,0.0059,1,ACTIVE,6,3,3
4186,6181,22:00:00,0,218.00,0,0.0200,0.0049,0.0000,0.0059,1,ACTIVE,6,3,3
4186,6182,22:00:30,0,92.00,0,10.2600,1.4100,0.8020,0.1090,1,ACTIVE,6,3,3
4186,6183,22:01:00,0,173.00,0,2.3100,0.1840,0.2090,0.0650,1,ACTIVE,6,3,3
4186,6184,22:01:30,0,241.00,0,1.8800,0.1450,0.1760,0.0206,1,ACTIVE,6,3,3
4186,6185,22:02:00,0,173.00,0,4.5400,0.3300,0.4280,0.0571,1,ACTIVE,6,3,3
4186,6186,22:02:30,0,162.00,0,7.8000,0.5670,0.7350,0.0939,1,ACTIVE,6,3,3
4186,6187,22:03:00,0,184.00,0,0.7100,0.0724,0.0622,0.0023,1,ACTIVE,6,3,3
4186,6188,22:03:30,0,34.00,0,0.9900,0.0939,0.0880,0.0070,1,ACTIVE,6,3,3
4186,6189,22:04:00,0,184.00,0,0.2000,0.0170,0.0173,0.0059,1,ACTIVE,6,3,3
4186,6190,22:04:30,0,234.00,0,0.2500,0.0431,0.0173,0.0059,1,ACTIVE,6,3,3
4186,6191,22:05:00,0,145.00,0,0.0200,0.0099,0.0000,0.0000,1,ACTIVE,6,3,3
4186,6192,22:05:30,0,33.00,0,0.0200,0.0049,0.0000,0.0059,1,ACTIVE,6,3,3
4186,6193,22:06:00,0,99.00,0,0.0200,0.0049,0.0000,0.0059,1,ACTIVE,6,3,3
4186,6194,22:06:30,0,257.00,0,0.9900,0.0431,0.1000,0.0115,1,ACTIVE,6,3,3
4186,6195,22:07:00,0,218.00,0,0.8900,0.1880,0.0523,0.0173,1,ACTIVE,6,3,3
4186,6196,22:07:30,0,234.00,0,2.5700,0.3030,0.2140,0.0256,1,ACTIVE,6,3,3
4186,6197,22:08:00,0,346.00,0,9.0300,1.6000,0.6050,0.1690,1,ACTIVE,6,3,3
4186,6198,22:08:30,0,303.00,0,0.0200,0.0099,0.0000,0.0000,1,ACTIVE,6,3,3
4186,6199,22:09:00,0,492.00,0,0.3400,0.0807,0.0173,0.0059,1,ACTIVE,6,3,3
4186,6200,22:09:30,0,226.00,0,0.2300,0.0339,0.0173,0.0059,1,ACTIVE,6,3,3
4186,6201,22:10:00,0,156.00,0,3.4400,0.1720,0.3370,0.0981,1,ACTIVE,6,3,3
4186,6202,22:10:30,0,136.00,0,1.1400,0.1120,0.1000,0.0162,1,ACTIVE,6,3,3
4186,6203,22:11:00,0,113.00,0,0.2100,0.0215,0.0173,0.0059,1,ACTIVE,6,3,3
4186,6204,22:11:30,0,167.00,0,0.0500,0.0197,0.0000,0.0059,1,ACTIVE,6,3,3
4186,6205,22:12:00,0,167.00,0,0.0100,0.0049,0.0000,0.0000,1,ACTIVE,6,3,3
4186,6206,22:12:30,0,284.00,0,0.0200,0.0049,0.0000,0.0059,1,ACTIVE,6,3,3
4186,6207,22:13:00,0,241.00,0,0.0500,0.0197,0.0000,0.0059,1,ACTIVE,6,3,3
4186,6208,22:13:30,0,184.00,0,0.0100,0.0049,0.0000,0.0000,1,ACTIVE,6,3,3
4186,6209,22:14:00,0,131.00,0,0.4300,0.0431,0.0378,0.0023,1,ACTIVE,6,3,3
4186,6210,22:14:30,0,85.00,0,0.0500,0.0197,0.0000,0.0059,1,ACTIVE,6,3,3
4186,6211,22:15:00,0,31.00,0,0.1800,0.0085,0.0173,0.0059,1,ACTIVE,6,3,3
4186,6212,22:15:30,0,72.00,0,0.0200,0.0049,0.0000,0.0059,1,ACTIVE,6,3,3
4186,6213,22:16:00,0,102.00,0,0.0200,0.0049,0.0000,0.0059,1,ACTIVE,6,3,3
4186,6214,22:16:30,0,131.00,0,0.0200,0.0049,0.0000,0.0059,1,ACTIVE,6,3,3
4186,6215,22:17:00,0,136.00,0,0.0200,0.0049,0.0000,0.0059,1,ACTIVE,6,3,3
4186,6216,22:17:30,0,173.00,0,0.1800,0.0085,0.0173,0.0059,1,ACTIVE,6,3,3
4186,6217,22:18:00,0,99.00,0,0.0200,0.0049,0.0000,0.0059,1,ACTIVE,6,3,3
4186,6218,22:18:30,0,136.00,0,0.0200,0.0049,0.0000,0.0059,1,ACTIVE,6,3,3
4186,6219,22:19:00,0,85.00,0,0.0500,0.0197,0.0000,0.0059,1,ACTIVE,6,3,3
4186,6220,22:19:30,0,92.00,0,0.0600,0.0245,0.0000,0.0059,1,ACTIVE,6,3,3
4186,6221,22:20:00,0,122.00,0,0.0200,0.0049,0.0000,0.0059,1,ACTIVE,6,3,3
4186,6222,22:20:30,0,85.00,0,0.0200,0.0049,0.0000,0.0059,1,ACTIVE,6,3,3
4186,6223,22:21:00,0,113.00,0,0.0100,0.0049,0.0000,0.0000,1,ACTIVE,6,3,3
4186,6224,22:21:30,0,127.00,0,0.0200,0.0049,0.0000,0.0059,1,ACTIVE,6,3,3
4186,6225,22:22:00,0,85.00,0,0.0200,0.0049,0.0000,0.0059,1,ACTIVE,6,3,3
4186,6226,22:22:30,0,79.00,0,0.0200,0.0049,0.0000,0.0059,1,ACTIVE,6,3,3
4186,6227,22:23:00,0,63.00,0,0.0200,0.0049,0.0000,0.0059,1,ACTIVE,6,3,3
4186,6228,22:23:30,0,79.00,0,0.0200,0.0049,0.0000,0.0059,1,ACTIVE,6,3,3
4186,6229,22:24:00,0,72.00,0,0.0100,0.0049,0.0000,0.0000,1,ACTIVE,6,3,3
4186,6230,22:24:30,0,89.00,0,0.0100,0.0049,0.0000,0.0000,1,ACTIVE,6,3,3
4186,6231,22:25:00,0,99.00,0,0.0200,0.0049,0.0000,0.0059,1,ACTIVE,6,3,3
4186,6232,22:25:30,0,156.00,0,0.0100,0.0049,0.0000,0.0000,1,ACTIVE,6,3,3
4186,6233,22:26:00,0,85.00,0,0.0100,0.0049,0.0000,0.0000,1,ACTIVE,6,3,3
4186,6234,22:26:30,0,79.00,0,0.0200,0.0049,0.0000,0.0059,1,ACTIVE,6,3,3
4186,6235,22:27:00,0,102.00,0,0.1700,0.0042,0.0173,0.0059,1,ACTIVE,6,3,3
4186,6236,22:27:30,0,70.00,0,0.0200,0.0049,0.0000,0.0059,1,ACTIVE,6,3,3
4186,6237,22:28:00,0,79.00,0,0.0100,0.0049,0.0000,0.0000,1,ACTIVE,6,3,3
4186,6238,22:28:30,0,72.00,0,0.0200,0.0049,0.0000,0.0059,1,ACTIVE,6,3,3
4186,6239,22:29:00,0,72.00,0,0.0200,0.0049,0.0000,0.0059,1,ACTIVE,6,3,3
4186,6240,22:29:30,0,113.00,0,0.0200,0.0049,0.0000,0.0059,1,ACTIVE,6,3,3
4186,6241,22:30:00,0,122.00,0,0.0200,0.0049,0.0000,0.0059,1,ACTIVE,6,3,3
4186,6242,22:30:30,0,145.00,0,0.0200,0.0049,0.0000,0.0059,1,ACTIVE,6,3,3
4186,6243,22:31:00,0,140.00,0,0.0100,0.0049,0.0000,0.0000,1,ACTIVE,6,3,3
4186,6244,22:31:30,0,140.00,0,0.8200,0.1220,0.0622,0.0070,1,ACTIVE,6,3,3
4186,6245,22:32:00,0,106.00,0,0.3100,0.0679,0.0173,0.0059,1,ACTIVE,6,3,3
4186,6246,22:32:30,0,179.00,0,0.0200,0.0049,0.0000,0.0059,1,ACTIVE,6,3,3
4186,6247,22:33:00,0,63.00,0,0.5200,0.0861,0.0378,0.0023,1,ACTIVE,6,3,3
4186,6248,22:33:30,0,118.00,0,0.0100,0.0049,0.0000,0.0000,1,ACTIVE,6,3,3
4186,6249,22:34:00,0,150.00,0,0.0200,0.0049,0.0000,0.0059,1,ACTIVE,6,3,3
4186,6250,22:34:30,0,109.00,0,0.0100,0.0049,0.0000,0.0000,1,ACTIVE,6,3,3
4186,6251,22:35:00,0,127.00,0,0.0200,0.0049,0.0000,0.0059,1,ACTIVE,6,3,3
4186,6252,22:35:30,0,85.00,0,0.0300,0.0099,0.0000,0.0059,1,ACTIVE,6,3,3
4186,6253,22:36:00,0,92.00,0,0.0200,0.0049,0.0000,0.0059,1,ACTIVE,6,3,3
4186,6254,22:36:30,0,61.00,0,0.0200,0.0049,0.0000,0.0059,1,ACTIVE,6,3,3
4186,6255,22:37:00,0,118.00,0,0.0300,0.0099,0.0000,0.0059,1,ACTIVE,6,3,3
4186,6256,22:37:30,0,179.00,0,0.2000,0.0170,0.0173,0.0059,1,ACTIVE,6,3,3
4186,6257,22:38:00,0,122.00,0,0.1700,0.0042,0.0173,0.0059,1,ACTIVE,6,3,3
4186,6258,22:38:30,0,95.00,0,0.9800,0.0724,0.0880,0.0412,1,ACTIVE,6,3,3
4186,6259,22:39:00,0,211.00,0,0.5700,0.0431,0.0523,0.0173,1,ACTIVE,6,3,3
4186,6260,22:39:30,0,131.00,0,0.0600,0.0042,0.0012,0.0354,1,ACTIVE,6,3,3
4186,6261,22:40:00,0,156.00,0,5.4100,0.1330,0.5550,0.2380,1,ACTIVE,6,3,3
4186,6262,22:40:30,0,89.00,0,0.8400,0.0170,0.0880,0.0292,1,ACTIVE,6,3,3
4186,6263,22:41:00,0,131.00,0,0.0200,0.0049,0.0000,0.0059,1,ACTIVE,6,3,3
4186,6264,22:41:30,0,92.00,0,1.4300,0.1450,0.1220,0.0412,1,ACTIVE,6,3,3
4186,6265,22:42:00,0,99.00,0,0.0300,0.0099,0.0000,0.0059,1,ACTIVE,6,3,3
4186,6266,22:42:30,0,63.00,0,0.0300,0.0099,0.0000,0.0059,1,ACTIVE,6,3,3
4186,6267,22:43:00,0,65.00,0,0.0200,0.0049,0.0000,0.0059,1,ACTIVE,6,3,3
4186,6268,22:43:30,0,118.00,0,0.0200,0.0049,0.0000,0.0059,1,ACTIVE,6,3,3
4186,6269,22:44:00,0,106.00,0,0.0200,0.0049,0.0000,0.0059,1,ACTIVE,6,3,3
4186,6270,22:44:30,0,218.00,0,0.0200,0.0049,0.0000,0.0059,1,ACTIVE,6,3,3
4186,6271,22:45:00,0,140.00,0,0.1800,0.0085,0.0173,0.0059,1,ACTIVE,6,3,3
4186,6272,22:45:30,0,150.00,0,0.1800,0.0085,0.0173,0.0059,1,ACTIVE,6,3,3
4186,6273,22:46:00,0,140.00,0,0.0300,0.0099,0.0000,0.0059,1,ACTIVE,6,3,3
4186,6274,22:46:30,0,150.00,0,0.7200,0.1120,0.0523,0.0173,1,ACTIVE,6,3,3
4186,6275,22:47:00,0,79.00,0,0.0200,0.0049,0.0000,0.0059,1,ACTIVE,6,3,3
4186,6276,22:47:30,0,184.00,0,0.0300,0.0099,0.0000,0.0059,1,ACTIVE,6,3,3
4186,6277,22:48:00,0,75.00,0,0.0200,0.0049,0.0000,0.0059,1,ACTIVE,6,3,3
4186,6278,22:48:30,0,136.00,0,0.0200,0.0049,0.0000,0.0059,1,ACTIVE,6,3,3
4186,6279,22:49:00,0,85.00,0,0.0300,0.0099,0.0000,0.0059,1,ACTIVE,6,3,3
4186,6280,22:49:30,0,113.00,0,0.0200,0.0049,0.0000,0.0059,1,ACTIVE,6,3,3
4186,6281,22:50:00,0,145.00,0,0.0200,0.0049,0.0000,0.0059,1,ACTIVE,6,3,3
4186,6282,22:50:30,0,75.00,0,0.0200,0.0049,0.0000,0.0059,1,ACTIVE,6,3,3
4186,6283,22:51:00,0,106.00,0,0.0200,0.0049,0.0000,0.0059,1,ACTIVE,6,3,3
4186,6284,22:51:30,0,45.00,0,0.6800,0.0596,0.0622,0.0023,1,ACTIVE,6,3,3
4186,6285,22:52:00,0,92.00,0,0.2200,0.0298,0.0173,0.0059,1,ACTIVE,6,3,3
4186,6286,22:52:30,0,118.00,0,1.6900,0.0339,0.1760,0.0650,1,ACTIVE,6,3,3
4186,6287,22:53:00,0,156.00,0,0.1800,0.0085,0.0173,0.0059,1,ACTIVE,6,3,3
4186,6288,22:53:30,0,140.00,0,0.0200,0.0049,0.0000,0.0059,1,ACTIVE,6,3,3
4186,6289,22:54:00,0,167.00,0,0.0300,0.0099,0.0000,0.0059,1,ACTIVE,6,3,3
4186,6290,22:54:30,0,140.00,0,0.0200,0.0049,0.0000,0.0059,1,ACTIVE,6,3,3
4186,6291,22:55:00,0,95.00,0,0.0200,0.0049,0.0000,0.0059,1,ACTIVE,6,3,3
4186,6292,22:55:30,0,89.00,0,0.0200,0.0049,0.0000,0.0059,1,ACTIVE,6,3,3
4186,6293,22:56:00,0,145.00,0,0.0300,0.0099,0.0000,0.0059,1,ACTIVE,6,3,3
4186,6294,22:56:30,0,113.00,0,0.0200,0.0049,0.0000,0.0059,1,ACTIVE,6,3,3
4186,6295,22:57:00,0,191.00,0,0.1200,0.0042,0.0125,0.0000,1,ACTIVE,6,3,3
4186,6296,22:57:30,0,89.00,0,0.0200,0.0049,0.0000,0.0059,1,ACTIVE,6,3,3
4186,6297,22:58:00,0,35.00,0,0.6000,0.0559,0.0523,0.0173,1,ACTIVE,6,3,3
4186,6298,22:58:30,0,40.00,0,0.0200,0.0049,0.0000,0.0059,1,ACTIVE,6,3,3
4186,6299,22:59:00,0,122.00,0,0.0200,0.0049,0.0000,0.0059,1,ACTIVE,6,3,3
4186,6300,22:59:30,0,122.00,0,0.2500,0.0431,0.0173,0.0059,1,ACTIVE,6,3,3
4186,6301,23:00:00,0,173.00,0,0.0200,0.0049,0.0000,0.0059,1,ACTIVE,6,3,3
4186,6302,23:00:30,0,89.00,0,0.1800,0.0085,0.0173,0.0059,1,ACTIVE,6,3,3
4186,6303,23:01:00,0,56.00,0,0.3400,0.0807,0.0173,0.0059,1,ACTIVE,6,3,3
4186,6304,23:01:30,0,43.00,0,0.6000,0.1190,0.0378,0.0023,1,ACTIVE,6,3,3
4186,6305,23:02:00,0,40.00,0,0.2000,0.0170,0.0173,0.0059,1,ACTIVE,6,3,3
4186,6306,23:02:30,0,67.00,0,0.1800,0.0085,0.0173,0.0059,1,ACTIVE,6,3,3
4186,6307,23:03:00,0,145.00,0,0.1800,0.0085,0.0173,0.0059,1,ACTIVE,6,3,3
4186,6308,23:03:30,0,218.00,0,0.1300,0.0085,0.0125,0.0000,1,ACTIVE,6,3,3
4186,6309,23:04:00,0,167.00,0,0.2300,0.0339,0.0173,0.0059,1,ACTIVE,6,3,3
4186,6310,23:04:30,0,70.00,0,0.0200,0.0049,0.0000,0.0059,1,ACTIVE,6,3,3
4186,6311,23:05:00,0,184.00,0,0.0200,0.0049,0.0000,0.0059,1,ACTIVE,6,3,3
4186,6312,23:05:30,0,75.00,0,0.0300,0.0099,0.0000,0.0059,1,ACTIVE,6,3,3
4186,6313,23:06:00,0,92.00,0,0.0200,0.0049,0.0000,0.0059,1,ACTIVE,6,3,3
4186,6314,23:06:30,0,102.00,0,0.0200,0.0049,0.0000,0.0059,1,ACTIVE,6,3,3
4186,6315,23:07:00,0,92.00,0,0.0200,0.0049,0.0000,0.0059,1,ACTIVE,6,3,3
4186,6316,23:07:30,0,156.00,0,0.0200,0.0049,0.0000,0.0059,1,ACTIVE,6,3,3
4186,6317,23:08:00,0,89.00,0,4.9900,0.1610,0.5200,0.0679,1,ACTIVE,6,3,3
4186,6318,23:08:30,0,40.00,0,1.7200,0.0559,0.1760,0.0523,1,ACTIVE,6,3,3
4186,6319,23:09:00,0,4.00,0,1.7400,0.0596,0.1760,0.0650,1,ACTIVE,6,3,3
4186,6320,23:09:30,0,249.00,0,2.1600,0.1190,0.2140,0.0162,1,ACTIVE,6,3,3
4186,6321,23:10:00,0,184.00,0,0.5400,0.0939,0.0378,0.0023,1,ACTIVE,6,3,3
4186,6322,23:10:30,0,145.00,0,0.1800,0.0085,0.0173,0.0059,1,ACTIVE,6,3,3
4186,6323,23:11:00,0,63.00,0,0.0300,0.0099,0.0000,0.0059,1,ACTIVE,6,3,3
4186,6324,23:11:30,0,82.00,0,0.0200,0.0049,0.0000,0.0059,1,ACTIVE,6,3,3
4186,6325,23:12:00,0,89.00,0,0.0200,0.0049,0.0000,0.0059,1,ACTIVE,6,3,3
4186,6326,23:12:30,0,113.00,0,0.0200,0.0049,0.0000,0.0059,1,ACTIVE,6,3,3
4186,6327,23:13:00,0,218.00,0,0.0200,0.0049,0.0000,0.0059,1,ACTIVE,6,3,3
4186,6328,23:13:30,0,122.00,0,0.0200,0.0049,0.0000,0.0059,1,ACTIVE,6,3,3
4186,6329,23:14:00,0,184.00,0,0.0200,0.0049,0.0000,0.0059,1,ACTIVE,6,3,3
4186,6330,23:14:30,0,293.00,0,0.5400,0.0298,0.0523,0.0173,1,ACTIVE,6,3,3
4186,6331,23:15:00,0,323.00,0,0.0300,0.0099,0.0000,0.0059,1,ACTIVE,6,3,3
4186,6332,23:15:30,0,284.00,0,0.0200,0.0049,0.0000,0.0059,1,ACTIVE,6,3,3
4186,6333,23:16:00,0,72.00,0,0.5300,0.0170,0.0523,0.0292,1,ACTIVE,6,3,3
4186,6334,23:16:30,0,10.00,0,0.0200,0.0049,0.0000,0.0059,1,ACTIVE,6,3,3
4186,6335,23:17:00,0,31.00,0,0.0200,0.0049,0.0000,0.0059,1,ACTIVE,6,3,3
4186,6336,23:17:30,0,9.00,0,0.0100,0.0049,0.0000,0.0000,1,ACTIVE,6,3,3
4186,6337,23:18:00,0,0.00,0,0.0200,0.0049,0.0000,0.0059,1,ACTIVE,6,3,3
4186,6338,23:18:30,0,72.00,0,0.0200,0.0049,0.0000,0.0059,1,ACTIVE,6,3,3
4186,6339,23:19:00,0,249.00,0,0.5000,0.0085,0.0523,0.0173,1,ACTIVE,6,3,3
4186,6340,23:19:30,0,335.00,0,0.6100,0.0559,0.0523,0.0292,1,ACTIVE,6,3,3
4186,6341,23:20:00,0,313.00,0,0.0200,0.0049,0.0000,0.0059,1,ACTIVE,6,3,3
4186,6342,23:20:30,0,249.00,0,0.1800,0.0085,0.0173,0.0059,1,ACTIVE,6,3,3
4186,6343,23:21:00,0,89.00,0,0.2100,0.0215,0.0173,0.0059,1,ACTIVE,6,3,3
4186,6344,23:21:30,0,109.00,0,0.0300,0.0099,0.0000,0.0059,1,ACTIVE,6,3,3
4186,6345,23:22:00,0,67.00,0,0.0300,0.0099,0.0000,0.0059,1,ACTIVE,6,3,3
4186,6346,23:22:30,0,56.00,0,0.2000,0.0170,0.0173,0.0059,1,ACTIVE,6,3,3
4186,6347,23:23:00,0,249.00,0,1.2400,0.1580,0.1000,0.0162,1,ACTIVE,6,3,3
4186,6348,23:23:30,0,52.00,0,0.1800,0.0085,0.0173,0.0059,1,ACTIVE,6,3,3
4186,6349,23:24:00,0,218.00,0,1.0200,0.0981,0.0880,0.0292,1,ACTIVE,6,3,3
4186,6350,23:24:30,0,99.00,0,4.9000,0.2090,0.4870,0.1580,1,ACTIVE,6,3,3
4186,6351,23:25:00,0,13.00,0,11.9100,0.3600,1.2100,0.4770,1,ACTIVE,6,3,3
4186,6352,23:25:30,0,70.00,0,3.1400,0.1720,0.3030,0.0981,1,ACTIVE,6,3,3
4186,6353,23:26:00,0,184.00,0,12.2000,0.2140,1.2600,0.6050,1,ACTIVE,6,3,3
4186,6354,23:26:30,0,109.00,0,2.5300,0.1360,0.2440,0.0880,1,ACTIVE,6,3,3
4186,6355,23:27:00,0,191.00,0,2.6100,0.3760,0.2000,0.0206,1,ACTIVE,6,3,3
4186,6356,23:27:30,0,145.00,0,2.1600,0.2660,0.1760,0.0256,1,ACTIVE,6,3,3
4186,6357,23:28:00,0,156.00,0,1.5100,0.1070,0.1390,0.0523,1,ACTIVE,6,3,3
4186,6358,23:28:30,0,65.00,0,1.4300,0.1450,0.1220,0.0412,1,ACTIVE,6,3,3
4186,6359,23:29:00,0,136.00,0,9.0100,0.1840,0.9330,0.3920,1,ACTIVE,6,3,3
4186,6360,23:29:30,0,113.00,0,2.1900,0.1120,0.2090,0.0981,1,ACTIVE,6,3,3
4186,6361,23:30:00,0,45.00,0,1.5000,0.0981,0.1390,0.0650,1,ACTIVE,6,3,3
4186,6362,23:30:30,0,145.00,0,6.0600,0.2090,0.6180,0.1690,1,ACTIVE,6,3,3
4186,6363,23:31:00,0,293.00,0,13.3400,1.2600,1.1600,0.3680,1,ACTIVE,6,3,3
4186,6364,23:31:30,0,79.00,0,1.4900,0.1610,0.1220,0.0650,1,ACTIVE,6,3,3
4186,6365,23:32:00,0,54.00,0,0.2000,0.0170,0.0173,0.0059,1,ACTIVE,6,3,3
4186,6366,23:32:30,0,122.00,0,0.5200,0.0215,0.0523,0.0173,1,ACTIVE,6,3,3
4186,6367,23:33:00,0,75.00,0,0.3100,0.0679,0.0173,0.0059,1,ACTIVE,6,3,3
4186,6368,23:33:30,0,56.00,0,3.7800,1.6400,0.0173,0.0059,1,ACTIVE,6,3,3
4186,6369,23:34:00,0,140.00,0,1.7700,0.0724,0.1760,0.0650,1,ACTIVE,6,3,3
4186,6370,23:34:30,0,56.00,0,0.6300,0.0679,0.0523,0.0173,1,ACTIVE,6,3,3
4186,6371,23:35:00,0,323.00,0,4.2400,0.3030,0.4010,0.0571,1,ACTIVE,6,3,3
4186,6372,23:35:30,0,266.00,0,1.9600,0.1760,0.1760,0.0256,1,ACTIVE,6,3,3
4186,6373,23:36:00,0,284.00,0,0.2300,0.0339,0.0173,0.0059,1,ACTIVE,6,3,3
4186,6374,23:36:30,0,9.00,0,0.2500,0.0431,0.0173,0.0059,1,ACTIVE,6,3,3
4186,6375,23:37:00,0,323.00,0,0.2100,0.0807,0.0012,0.0215,1,ACTIVE,6,3,3
4186,6376,23:37:30,0,211.00,0,1.5600,0.1960,0.1220,0.0523,1,ACTIVE,6,3,3
4186,6377,23:38:00,0,40.00,0,0.7100,0.1070,0.0523,0.0173,1,ACTIVE,6,3,3
4186,6378,23:38:30,0,63.00,0,0.0900,0.0395,0.0000,0.0059,1,ACTIVE,6,3,3
4186,6379,23:39:00,0,36.00,0,0.0300,0.0099,0.0000,0.0059,1,ACTIVE,6,3,3
4186,6380,23:39:30,0,12.00,0,0.0300,0.0099,0.0000,0.0059,1,ACTIVE,6,3,3
4186,6381,23:40:00,0,0.00,0,0.0500,0.0197,0.0000,0.0059,0,ACTIVE,6,3,3
4186,6382,23:40:30,0,0.00,0,0.0500,0.0197,0.0000,0.0059,0,ACTIVE,6,3,3
4186,6383,23:41:00,0,0.00,0,0.0500,0.0197,0.0000,0.0059,0,ACTIVE,6,3,3
4186,6384,23:41:30,0,72.00,0,0.0300,0.0099,0.0000,0.0059,1,ACTIVE,6,3,3
4186,6385,23:42:00,0,13.00,0,0.0200,0.0049,0.0000,0.0059,1,ACTIVE,6,3,3
4186,6386,23:42:30,0,9.00,0,0.0300,0.0099,0.0000,0.0059,1,ACTIVE,6,3,3
4186,6387,23:43:00,0,2.00,0,0.0300,0.0099,0.0000,0.0059,0,ACTIVE,6,3,3
4186,6388,23:43:30,0,17.00,0,0.0300,0.0099,0.0000,0.0059,1,ACTIVE,6,3,3
4186,6389,23:44:00,0,40.00,0,0.0500,0.0197,0.0000,0.0059,1,ACTIVE,6,3,3
4186,6390,23:44:30,0,35.00,0,0.2500,0.0431,0.0173,0.0059,1,ACTIVE,6,3,3
4186,6391,23:45:00,0,30.00,0,0.2800,0.0559,0.0173,0.0059,1,ACTIVE,6,3,3
4186,6392,23:45:30,0,266.00,0,7.0100,0.2090,0.7200,0.2280,1,ACTIVE,6,3,3
4186,6393,23:46:00,0,249.00,0,0.0300,0.0099,0.0000,0.0059,1,ACTIVE,6,3,3
4186,6394,23:46:30,0,102.00,0,0.0200,0.0049,0.0000,0.0059,1,ACTIVE,6,3,3
4186,6395,23:47:00,0,1.00,0,0.0200,0.0049,0.0000,0.0059,1,ACTIVE,6,3,3
4186,6396,23:47:30,0,52.00,0,0.0000,0.0000,0.0000,0.0000,1,ACTIVE,6,3,3
4186,6397,23:48:00,0,218.00,0,0.0300,0.0099,0.0000,0.0059,1,ACTIVE,6,3,3
4186,6398,23:48:30,0,234.00,0,1.1900,0.0298,0.1220,0.0523,1,ACTIVE,6,3,3
4186,6399,23:49:00,0,313.00,0,1.1800,0.0170,0.1220,0.0650,1,ACTIVE,6,3,3
4186,6400,23:49:30,0,191.00,0,0.1800,0.0085,0.0173,0.0059,1,ACTIVE,6,3,3
4186,6401,23:50:00,0,122.00,0,0.0300,0.0099,0.0000,0.0059,1,ACTIVE,6,3,3
4186,6402,23:50:30,0,85.00,0,0.0200,0.0049,0.0000,0.0059,1,ACTIVE,6,3,3
4186,6403,23:51:00,0,79.00,0,0.0100,0.0049,0.0000,0.0000,1,ACTIVE,6,3,3
4186,6404,23:51:30,0,122.00,0,0.0100,0.0049,0.0000,0.0000,1,ACTIVE,6,3,3
4186,6405,23:52:00,0,140.00,0,0.0200,0.0049,0.0000,0.0059,1,ACTIVE,6,3,3
4186,6406,23:52:30,0,99.00,0,0.0100,0.0049,0.0000,0.0000,1,ACTIVE,6,3,3
4186,6407,23:53:00,0,89.00,0,0.0200,0.0049,0.0000,0.0059,1,ACTIVE,6,3,3
4186,6408,23:53:30,0,47.00,0,0.0200,0.0049,0.0000,0.0059,1,ACTIVE,6,3,3
4186,6409,23:54:00,0,72.00,0,0.0200,0.0049,0.0000,0.0059,1,ACTIVE,6,3,3
4186,6410,23:54:30,0,56.00,0,0.0200,0.0049,0.0000,0.0059,1,ACTIVE,6,3,3
4186,6411,23:55:00,0,38.00,0,0.0100,0.0049,0.0000,0.0000,1,ACTIVE,6,3,3
4186,6412,23:55:30,0,72.00,0,0.0200,0.0049,0.0000,0.0059,1,ACTIVE,6,3,3
4186,6413,23:56:00,0,99.00,0,0.0200,0.0049,0.0000,0.0059,1,ACTIVE,6,3,3
4186,6414,23:56:30,0,113.00,0,0.0200,0.0049,0.0000,0.0059,1,ACTIVE,6,3,3
4186,6415,23:57:00,0,113.00,0,0.0100,0.0049,0.0000,0.0000,1,ACTIVE,6,3,3
4186,6416,23:57:30,0,145.00,0,0.0200,0.0099,0.0000,0.0000,1,ACTIVE,6,3,3
4186,6417,23:58:00,0,113.00,0,0.0200,0.0049,0.0000,0.0059,1,ACTIVE,6,3,3
4186,6418,23:58:30,0,109.00,0,0.0200,0.0049,0.0000,0.0059,1,ACTIVE,6,3,3
4186,6419,23:59:00,0,56.00,0,0.1800,0.0085,0.0173,0.0059,1,ACTIVE,6,3,3
4186,6420,23:59:30,0,49.00,0,0.0300,0.0099,0.0000,0.0059,1,ACTIVE,6,3,3
4186,6421,0:00:00,0,52.00,0,0.0200,0.0049,0.0000,0.0059,1,ACTIVE,7,4,3
4186,6422,0:00:30,0,49.00,0,0.0200,0.0049,0.0000,0.0059,1,ACTIVE,7,4,3
4186,6423,0:01:00,0,34.00,0,0.0200,0.0049,0.0000,0.0059,1,ACTIVE,7,4,3
4186,6424,0:01:30,0,75.00,0,0.0200,0.0049,0.0000,0.0059,1,ACTIVE,7,4,3
4186,6425,0:02:00,0,61.00,0,0.0300,0.0099,0.0000,0.0059,1,ACTIVE,7,4,3
4186,6426,0:02:30,0,127.00,0,0.0300,0.0099,0.0000,0.0059,1,ACTIVE,7,4,3
4186,6427,0:03:00,0,127.00,0,0.0300,0.0099,0.0000,0.0059,1,ACTIVE,7,4,3
4186,6428,0:03:30,0,162.00,0,0.2800,0.0559,0.0173,0.0059,1,ACTIVE,7,4,3
4186,6429,0:04:00,0,54.00,0,0.0300,0.0099,0.0000,0.0059,1,ACTIVE,7,4,3
4186,6430,0:04:30,0,49.00,0,0.0200,0.0049,0.0000,0.0059,1,ACTIVE,7,4,3
4186,6431,0:05:00,0,75.00,0,1.0500,0.1220,0.0880,0.0115,1,ACTIVE,7,4,3
4186,6432,0:05:30,0,118.00,0,0.0300,0.0099,0.0000,0.0059,1,ACTIVE,7,4,3
4186,6433,0:06:00,0,40.00,0,0.0300,0.0099,0.0000,0.0059,1,ACTIVE,7,4,3
4186,6434,0:06:30,0,18.00,0,0.0200,0.0049,0.0000,0.0059,1,ACTIVE,7,4,3
4186,6435,0:07:00,0,102.00,0,0.0200,0.0049,0.0000,0.0059,1,ACTIVE,7,4,3
4186,6436,0:07:30,0,118.00,0,0.0300,0.0099,0.0000,0.0059,1,ACTIVE,7,4,3
4186,6437,0:08:00,0,47.00,0,0.0200,0.0049,0.0000,0.0059,1,ACTIVE,7,4,3
4186,6438,0:08:30,0,89.00,0,0.0300,0.0099,0.0000,0.0059,1,ACTIVE,7,4,3
4186,6439,0:09:00,0,99.00,0,0.0200,0.0049,0.0000,0.0059,1,ACTIVE,7,4,3
4186,6440,0:09:30,0,179.00,0,0.0200,0.0049,0.0000,0.0059,1,ACTIVE,7,4,3
4186,6441,0:10:00,0,145.00,0,0.0300,0.0099,0.0000,0.0059,1,ACTIVE,7,4,3
4186,6442,0:10:30,0,106.00,0,0.0200,0.0049,0.0000,0.0059,1,ACTIVE,7,4,3
4186,6443,0:11:00,0,140.00,0,0.4100,0.0339,0.0378,0.0023,1,ACTIVE,7,4,3
4186,6444,0:11:30,0,173.00,0,0.1300,0.0085,0.0125,0.0000,1,ACTIVE,7,4,3
4186,6445,0:12:00,0,150.00,0,0.0300,0.0099,0.0000,0.0059,1,ACTIVE,7,4,3
4186,6446,0:12:30,0,75.00,0,0.0200,0.0049,0.0000,0.0059,1,ACTIVE,7,4,3
4186,6447,0:13:00,0,109.00,0,0.0300,0.0099,0.0000,0.0059,1,ACTIVE,7,4,3
4186,6448,0:13:30,0,257.00,0,0.4100,0.0339,0.0378,0.0023,1,ACTIVE,7,4,3
4186,6449,0:14:00,0,257.00,0,0.0200,0.0049,0.0000,0.0059,1,ACTIVE,7,4,3
4186,6450,0:14:30,0,75.00,0,0.0200,0.0049,0.0000,0.0059,1,ACTIVE,7,4,3
4186,6451,0:15:00,0,92.00,0,0.0200,0.0049,0.0000,0.0059,1,ACTIVE,7,4,3
4186,6452,0:15:30,0,85.00,0,0.0100,0.0049,0.0000,0.0000,1,ACTIVE,7,4,3
4186,6453,0:16:00,0,211.00,0,0.0200,0.0049,0.0000,0.0059,1,ACTIVE,7,4,3
4186,6454,0:16:30,0,266.00,0,0.0300,0.0099,0.0000,0.0059,1,ACTIVE,7,4,3
4186,6455,0:17:00,0,257.00,0,0.0200,0.0049,0.0000,0.0059,1,ACTIVE,7,4,3
4186,6456,0:17:30,0,218.00,0,0.0200,0.0049,0.0000,0.0059,1,ACTIVE,7,4,3
4186,6457,0:18:00,0,118.00,0,0.0100,0.0049,0.0000,0.0000,1,ACTIVE,7,4,3
4186,6458,0:18:30,0,162.00,0,0.0400,0.0197,0.0000,0.0000,1,ACTIVE,7,4,3
4186,6459,0:19:00,0,31.00,0,0.8300,0.1580,0.0523,0.0173,1,ACTIVE,7,4,3
4186,6460,0:19:30,0,0.00,0,0.7700,0.1330,0.0523,0.0173,1,ACTIVE,7,4,3
4186,6461,0:20:00,0,2.00,0,0.7700,0.1330,0.0523,0.0173,1,ACTIVE,7,4,3
4186,6462,0:20:30,0,31.00,0,0.7400,0.1190,0.0523,0.0173,1,ACTIVE,7,4,3
4186,6463,0:21:00,0,61.00,0,0.2600,0.0470,0.0173,0.0059,1,ACTIVE,7,4,3
4186,6464,0:21:30,0,122.00,0,0.2200,0.0298,0.0173,0.0059,1,ACTIVE,7,4,3
4186,6465,0:22:00,0,21.00,0,0.0200,0.0049,0.0000,0.0059,1,ACTIVE,7,4,3
4186,6466,0:22:30,0,40.00,0,0.0200,0.0049,0.0000,0.0059,1,ACTIVE,7,4,3
4186,6467,0:23:00,0,56.00,0,0.0200,0.0049,0.0000,0.0059,1,ACTIVE,7,4,3
4186,6468,0:23:30,0,85.00,0,0.0200,0.0049,0.0000,0.0059,1,ACTIVE,7,4,3
4186,6469,0:24:00,0,2.00,0,0.0200,0.0049,0.0000,0.0059,1,ACTIVE,7,4,3
4186,6470,0:24:30,0,58.00,0,0.0200,0.0049,0.0000,0.0059,1,ACTIVE,7,4,3
4186,6471,0:25:00,0,72.00,0,0.0100,0.0049,0.0000,0.0000,1,ACTIVE,7,4,3
4186,6472,0:25:30,0,36.00,0,0.0200,0.0049,0.0000,0.0059,1,ACTIVE,7,4,3
4186,6473,0:26:00,0,82.00,0,0.0200,0.0049,0.0000,0.0059,1,ACTIVE,7,4,3
4186,6474,0:26:30,0,8.00,0,0.0200,0.0049,0.0000,0.0059,1,ACTIVE,7,4,3
4186,6475,0:27:00,0,4.00,0,0.0200,0.0049,0.0000,0.0059,1,ACTIVE,7,4,3
4186,6476,0:27:30,0,61.00,0,0.0200,0.0049,0.0000,0.0059,1,ACTIVE,7,4,3
4186,6477,0:28:00,0,204.00,0,0.9800,0.0807,0.0880,0.0292,1,ACTIVE,7,4,3
4186,6478,0:28:30,0,89.00,0,0.1700,0.0042,0.0173,0.0059,1,ACTIVE,7,4,3
4186,6479,0:29:00,0,102.00,0,0.0200,0.0049,0.0000,0.0059,1,ACTIVE,7,4,3
4186,6480,0:29:30,0,38.00,0,0.4000,0.0298,0.0378,0.0023,1,ACTIVE,7,4,3
4186,6481,0:30:00,0,13.00,0,0.2200,0.0298,0.0173,0.0059,1,ACTIVE,7,4,3
4186,6482,0:30:30,0,49.00,0,0.7100,0.0724,0.0622,0.0023,1,ACTIVE,7,4,3
4186,6483,0:31:00,0,82.00,0,1.5000,0.0981,0.1390,0.0650,1,ACTIVE,7,4,3
4186,6484,0:31:30,0,70.00,0,1.4400,0.1450,0.1220,0.0523,1,ACTIVE,7,4,3
4186,6485,0:32:00,0,191.00,0,1.9900,0.1580,0.1760,0.0880,1,ACTIVE,7,4,3
4186,6486,0:32:30,0,10.00,0,0.0300,0.0099,0.0000,0.0059,1,ACTIVE,7,4,3
4186,6487,0:33:00,0,45.00,0,0.0200,0.0049,0.0000,0.0059,1,ACTIVE,7,4,3
4186,6488,0:33:30,0,65.00,0,0.0200,0.0049,0.0000,0.0059,1,ACTIVE,7,4,3
4186,6489,0:34:00,0,49.00,0,0.0100,0.0049,0.0000,0.0000,1,ACTIVE,7,4,3
4186,6490,0:34:30,0,49.00,0,0.0200,0.0049,0.0000,0.0059,1,ACTIVE,7,4,3
4186,6491,0:35:00,0,7.00,0,0.0200,0.0049,0.0000,0.0059,1,ACTIVE,7,4,3
4186,6492,0:35:30,0,17.00,0,0.0200,0.0049,0.0000,0.0059,1,ACTIVE,7,4,3
4186,6493,0:36:00,0,102.00,0,0.1800,0.0085,0.0173,0.0059,1,ACTIVE,7,4,3
4186,6494,0:36:30,0,7.00,0,0.0200,0.0049,0.0000,0.0059,1,ACTIVE,7,4,3
4186,6495,0:37:00,0,9.00,0,0.0200,0.0049,0.0000,0.0059,1,ACTIVE,7,4,3
4186,6496,0:37:30,0,1.00,0,0.0200,0.0049,0.0000,0.0059,0,ACTIVE,7,4,3
4186,6497,0:38:00,0,63.00,0,0.0200,0.0049,0.0000,0.0059,1,ACTIVE,7,4,3
4186,6498,0:38:30,0,13.00,0,0.0200,0.0049,0.0000,0.0059,1,ACTIVE,7,4,3
4186,6499,0:39:00,0,56.00,0,0.0200,0.0049,0.0000,0.0059,1,ACTIVE,7,4,3
4186,6500,0:39:30,0,54.00,0,0.1700,0.0042,0.0173,0.0059,1,ACTIVE,7,4,3
4186,6501,0:40:00,0,61.00,0,0.0200,0.0049,0.0000,0.0059,1,ACTIVE,7,4,3
4186,6502,0:40:30,0,249.00,0,0.0100,0.0049,0.0000,0.0000,1,ACTIVE,7,4,3
4186,6503,0:41:00,0,234.00,0,0.6800,0.0596,0.0622,0.0070,1,ACTIVE,7,4,3
4186,6504,0:41:30,0,541.00,0,0.0200,0.0049,0.0000,0.0059,1,ACTIVE,7,4,3
4186,6505,0:42:00,0,118.00,0,0.0200,0.0049,0.0000,0.0059,1,ACTIVE,7,4,3
4186,6506,0:42:30,0,25.00,0,0.0200,0.0049,0.0000,0.0059,1,ACTIVE,7,4,3
4186,6507,0:43:00,0,36.00,0,0.0200,0.0049,0.0000,0.0059,1,ACTIVE,7,4,3
4186,6508,0:43:30,0,99.00,0,0.0200,0.0049,0.0000,0.0059,1,ACTIVE,7,4,3
4186,6509,0:44:00,0,156.00,0,0.0300,0.0099,0.0000,0.0059,1,ACTIVE,7,4,3
4186,6510,0:44:30,0,198.00,0,0.0600,0.0245,0.0000,0.0059,1,ACTIVE,7,4,3
4186,6511,0:45:00,0,99.00,0,0.9300,0.0559,0.0880,0.0292,1,ACTIVE,7,4,3
4186,6512,0:45:30,0,58.00,0,0.0200,0.0049,0.0000,0.0059,1,ACTIVE,7,4,3
4186,6513,0:46:00,0,102.00,0,0.0500,0.0197,0.0000,0.0059,1,ACTIVE,7,4,3
4186,6514,0:46:30,0,2.00,0,0.0300,0.0099,0.0000,0.0059,1,ACTIVE,7,4,3
4186,6515,0:47:00,0,1.00,0,0.0300,0.0099,0.0000,0.0059,0,ACTIVE,7,4,3
4186,6516,0:47:30,0,1.00,0,0.0300,0.0099,0.0000,0.0059,0,ACTIVE,7,4,3
4186,6517,0:48:00,0,1.00,0,0.0300,0.0099,0.0000,0.0059,0,ACTIVE,7,4,3
4186,6518,0:48:30,0,11.00,0,0.0300,0.0099,0.0000,0.0059,0,ACTIVE,7,4,3
4186,6519,0:49:00,0,21.00,0,0.0300,0.0099,0.0000,0.0059,1,ACTIVE,7,4,3
4186,6520,0:49:30,0,0.00,0,0.0300,0.0099,0.0000,0.0059,0,ACTIVE,7,4,3
4186,6521,0:50:00,0,4.00,0,0.0300,0.0099,0.0000,0.0059,1,ACTIVE,7,4,3
4186,6522,0:50:30,0,47.00,0,0.0300,0.0099,0.0000,0.0059,1,ACTIVE,7,4,3
4186,6523,0:51:00,0,198.00,0,0.2000,0.0170,0.0173,0.0059,1,ACTIVE,7,4,3
4186,6524,0:51:30,0,179.00,0,0.0200,0.0049,0.0000,0.0059,1,ACTIVE,7,4,3
4186,6525,0:52:00,0,249.00,0,0.0200,0.0049,0.0000,0.0059,1,ACTIVE,7,4,3
4186,6526,0:52:30,0,118.00,0,0.2500,0.0431,0.0173,0.0059,1,ACTIVE,7,4,3
4186,6527,0:53:00,0,89.00,0,0.0200,0.0049,0.0000,0.0059,1,ACTIVE,7,4,3
4186,6528,0:53:30,0,241.00,0,0.0100,0.0049,0.0000,0.0000,1,ACTIVE,7,4,3
4186,6529,0:54:00,0,368.00,0,0.0100,0.0049,0.0000,0.0000,1,ACTIVE,7,4,3
4186,6530,0:54:30,0,257.00,0,0.2200,0.0298,0.0173,0.0059,1,ACTIVE,7,4,3
4186,6531,0:55:00,0,63.00,0,0.0300,0.0099,0.0000,0.0059,1,ACTIVE,7,4,3
4186,6532,0:55:30,0,2.00,0,0.0200,0.0049,0.0000,0.0059,1,ACTIVE,7,4,3
4186,6533,0:56:00,0,70.00,0,0.0300,0.0099,0.0000,0.0059,1,ACTIVE,7,4,3
4186,6534,0:56:30,0,113.00,0,0.0200,0.0049,0.0000,0.0059,1,ACTIVE,7,4,3
4186,6535,0:57:00,0,541.00,0,0.0200,0.0049,0.0000,0.0059,1,ACTIVE,7,4,3
4186,6536,0:57:30,0,150.00,0,0.0100,0.0049,0.0000,0.0000,1,ACTIVE,7,4,3
4186,6537,0:58:00,0,173.00,0,0.0200,0.0049,0.0000,0.0059,1,ACTIVE,7,4,3
4186,6538,0:58:30,0,136.00,0,0.0300,0.0099,0.0000,0.0059,1,ACTIVE,7,4,3
4186,6539,0:59:00,0,95.00,0,0.0300,0.0099,0.0000,0.0059,1,ACTIVE,7,4,3
4186,6540,0:59:30,0,106.00,0,0.0200,0.0049,0.0000,0.0059,1,ACTIVE,7,4,3
4186,6541,1:00:00,0,140.00,0,0.5400,0.0298,0.0523,0.0173,1,ACTIVE,7,4,3
4186,6542,1:00:30,0,45.00,0,0.0200,0.0049,0.0000,0.0059,1,ACTIVE,7,4,3
4186,6543,1:01:00,0,70.00,0,0.0200,0.0049,0.0000,0.0059,1,ACTIVE,7,4,3
4186,6544,1:01:30,0,38.00,0,0.0300,0.0099,0.0000,0.0059,1,ACTIVE,7,4,3
4186,6545,1:02:00,0,27.00,0,0.0100,0.0049,0.0000,0.0000,1,ACTIVE,7,4,3
4186,6546,1:02:30,0,56.00,0,0.0200,0.0049,0.0000,0.0059,1,ACTIVE,7,4,3
4186,6547,1:03:00,0,162.00,0,0.0200,0.0049,0.0000,0.0059,1,ACTIVE,7,4,3
4186,6548,1:03:30,0,63.00,0,0.0200,0.0049,0.0000,0.0059,1,ACTIVE,7,4,3
4186,6549,1:04:00,0,95.00,0,0.8700,0.1760,0.0523,0.0173,1,ACTIVE,7,4,3
4186,6550,1:04:30,0,49.00,0,1.4300,0.0724,0.1390,0.0523,1,ACTIVE,7,4,3
4186,6551,1:05:00,0,25.00,0,0.0200,0.0049,0.0000,0.0059,1,ACTIVE,7,4,3
4186,6552,1:05:30,0,11.00,0,0.0200,0.0049,0.0000,0.0059,1,ACTIVE,7,4,3
4186,6553,1:06:00,0,11.00,0,0.0200,0.0049,0.0000,0.0059,1,ACTIVE,7,4,3
4186,6554,1:06:30,0,22.00,0,0.0200,0.0049,0.0000,0.0059,1,ACTIVE,7,4,3
4186,6555,1:07:00,0,72.00,0,0.0200,0.0049,0.0000,0.0059,1,ACTIVE,7,4,3
4186,6556,1:07:30,0,52.00,0,0.0100,0.0049,0.0000,0.0000,1,ACTIVE,7,4,3
4186,6557,1:08:00,0,34.00,0,0.0200,0.0049,0.0000,0.0059,1,ACTIVE,7,4,3
4186,6558,1:08:30,0,12.00,0,0.0100,0.0049,0.0000,0.0000,1,ACTIVE,7,4,3
4186,6559,1:09:00,0,79.00,0,0.0200,0.0049,0.0000,0.0059,1,ACTIVE,7,4,3
4186,6560,1:09:30,0,36.00,0,0.0100,0.0049,0.0000,0.0000,1,ACTIVE,7,4,3
4186,6561,1:10:00,0,38.00,0,0.0200,0.0049,0.0000,0.0059,1,ACTIVE,7,4,3
4186,6562,1:10:30,0,61.00,0,0.0200,0.0049,0.0000,0.0059,1,ACTIVE,7,4,3
4186,6563,1:11:00,0,85.00,0,0.0200,0.0049,0.0000,0.0059,1,ACTIVE,7,4,3
4186,6564,1:11:30,0,54.00,0,0.0200,0.0049,0.0000,0.0059,1,ACTIVE,7,4,3
4186,6565,1:12:00,0,40.00,0,0.0200,0.0049,0.0000,0.0059,1,ACTIVE,7,4,3
4186,6566,1:12:30,0,65.00,0,0.0100,0.0049,0.0000,0.0000,1,ACTIVE,7,4,3
4186,6567,1:13:00,0,99.00,0,0.0200,0.0049,0.0000,0.0059,1,ACTIVE,7,4,3
4186,6568,1:13:30,0,150.00,0,0.0200,0.0049,0.0000,0.0059,1,ACTIVE,7,4,3
4186,6569,1:14:00,0,122.00,0,0.0100,0.0049,0.0000,0.0000,1,ACTIVE,7,4,3
4186,6570,1:14:30,0,79.00,0,0.0200,0.0049,0.0000,0.0059,1,ACTIVE,7,4,3
4186,6571,1:15:00,0,25.00,0,0.0200,0.0049,0.0000,0.0059,1,ACTIVE,7,4,3
4186,6572,1:15:30,0,75.00,0,0.0200,0.0049,0.0000,0.0059,1,ACTIVE,7,4,3
4186,6573,1:16:00,0,303.00,0,0.0200,0.0049,0.0000,0.0059,1,ACTIVE,7,4,3
4186,6574,1:16:30,0,218.00,0,0.0200,0.0049,0.0000,0.0059,1,ACTIVE,7,4,3
4186,6575,1:17:00,0,9.00,0,0.0200,0.0049,0.0000,0.0059,1,ACTIVE,7,4,3
4186,6576,1:17:30,0,15.00,0,0.0200,0.0049,0.0000,0.0059,1,ACTIVE,7,4,3
4186,6577,1:18:00,0,28.00,0,0.0200,0.0049,0.0000,0.0059,1,ACTIVE,7,4,3
4186,6578,1:18:30,0,241.00,0,0.0200,0.0049,0.0000,0.0059,1,ACTIVE,7,4,3
4186,6579,1:19:00,0,56.00,0,0.0200,0.0049,0.0000,0.0059,1,ACTIVE,7,4,3
4186,6580,1:19:30,0,136.00,0,0.0200,0.0049,0.0000,0.0059,1,ACTIVE,7,4,3
4186,6581,1:20:00,0,173.00,0,0.0200,0.0049,0.0000,0.0059,1,ACTIVE,7,4,3
4186,6582,1:20:30,0,21.00,0,0.0200,0.0049,0.0000,0.0059,1,ACTIVE,7,4,3
4186,6583,1:21:00,0,27.00,0,0.0200,0.0049,0.0000,0.0059,1,ACTIVE,7,4,3
4186,6584,1:21:30,0,11.00,0,0.0200,0.0049,0.0000,0.0059,1,ACTIVE,7,4,3
4186,6585,1:22:00,0,150.00,0,0.0200,0.0049,0.0000,0.0059,1,ACTIVE,7,4,3
4186,6586,1:22:30,0,54.00,0,0.0200,0.0049,0.0000,0.0059,1,ACTIVE,7,4,3
4186,6587,1:23:00,0,34.00,0,0.0100,0.0049,0.0000,0.0000,1,ACTIVE,7,4,3
4186,6588,1:23:30,0,61.00,0,0.0100,0.0049,0.0000,0.0000,1,ACTIVE,7,4,3
4186,6589,1:24:00,0,16.00,0,0.1700,0.0042,0.0173,0.0059,1,ACTIVE,7,4,3
4186,6590,1:24:30,0,122.00,0,0.0100,0.0049,0.0000,0.0000,1,ACTIVE,7,4,3
4186,6591,1:25:00,0,63.00,0,0.0200,0.0049,0.0000,0.0059,1,ACTIVE,7,4,3
4186,6592,1:25:30,0,127.00,0,0.0200,0.0049,0.0000,0.0059,1,ACTIVE,7,4,3
4186,6593,1:26:00,0,65.00,0,0.0200,0.0049,0.0000,0.0059,1,ACTIVE,7,4,3
4186,6594,1:26:30,0,19.00,0,0.0200,0.0049,0.0000,0.0059,1,ACTIVE,7,4,3
4186,6595,1:27:00,0,75.00,0,0.0200,0.0049,0.0000,0.0059,1,ACTIVE,7,4,3
4186,6596,1:27:30,0,12.00,0,0.0100,0.0049,0.0000,0.0000,1,ACTIVE,7,4,3
4186,6597,1:28:00,0,40.00,0,0.0200,0.0049,0.0000,0.0059,1,ACTIVE,7,4,3
4186,6598,1:28:30,0,0.00,0,0.0200,0.0049,0.0000,0.0059,0,ACTIVE,7,4,3
4186,6599,1:29:00,0,7.00,0,0.0200,0.0049,0.0000,0.0059,1,ACTIVE,7,4,3
4186,6600,1:29:30,0,28.00,0,0.0200,0.0049,0.0000,0.0059,1,ACTIVE,7,4,3
4186,6601,1:30:00,0,156.00,0,0.2000,0.0170,0.0173,0.0059,1,ACTIVE,7,4,3
4186,6602,1:30:30,0,30.00,0,0.1800,0.0085,0.0173,0.0059,1,ACTIVE,7,4,3
4186,6603,1:31:00,0,58.00,0,0.0100,0.0049,0.0000,0.0000,1,ACTIVE,7,4,3
4186,6604,1:31:30,0,136.00,0,0.0100,0.0049,0.0000,0.0000,1,ACTIVE,7,4,3
4186,6605,1:32:00,0,140.00,0,0.1800,0.0085,0.0173,0.0059,1,ACTIVE,7,4,3
4186,6606,1:32:30,0,99.00,0,0.0200,0.0049,0.0000,0.0059,1,ACTIVE,7,4,3
4186,6607,1:33:00,0,95.00,0,0.1700,0.0042,0.0173,0.0059,1,ACTIVE,7,4,3
4186,6608,1:33:30,0,122.00,0,0.5100,0.0170,0.0523,0.0173,1,ACTIVE,7,4,3
4186,6609,1:34:00,0,92.00,0,0.0200,0.0049,0.0000,0.0059,1,ACTIVE,7,4,3
4186,6610,1:34:30,0,92.00,0,0.1700,0.0042,0.0173,0.0059,1,ACTIVE,7,4,3
4186,6611,1:35:00,0,95.00,0,0.0200,0.0049,0.0000,0.0059,1,ACTIVE,7,4,3
4186,6612,1:35:30,0,4.00,0,0.0200,0.0049,0.0000,0.0059,1,ACTIVE,7,4,3
4186,6613,1:36:00,0,36.00,0,0.0200,0.0049,0.0000,0.0059,1,ACTIVE,7,4,3
4186,6614,1:36:30,0,65.00,0,0.0200,0.0049,0.0000,0.0059,1,ACTIVE,7,4,3
4186,6615,1:37:00,0,72.00,0,0.0200,0.0049,0.0000,0.0059,1,ACTIVE,7,4,3
4186,6616,1:37:30,0,92.00,0,0.2000,0.0170,0.0173,0.0059,1,ACTIVE,7,4,3
4186,6617,1:38:00,0,65.00,0,0.0500,0.0085,0.0012,0.0215,1,ACTIVE,7,4,3
4186,6618,1:38:30,0,67.00,0,2.8300,0.1190,0.2770,0.1220,1,ACTIVE,7,4,3
4186,6619,1:39:00,0,118.00,0,0.1800,0.0085,0.0173,0.0059,1,ACTIVE,7,4,3
4186,6620,1:39:30,0,75.00,0,0.0200,0.0049,0.0000,0.0059,1,ACTIVE,7,4,3
4186,6621,1:40:00,0,47.00,0,0.0200,0.0049,0.0000,0.0059,1,ACTIVE,7,4,3
4186,6622,1:40:30,0,150.00,0,0.0200,0.0049,0.0000,0.0059,1,ACTIVE,7,4,3
4186,6623,1:41:00,0,26.00,0,0.1800,0.0085,0.0173,0.0059,1,ACTIVE,7,4,3
4186,6624,1:41:30,0,109.00,0,0.0200,0.0049,0.0000,0.0059,1,ACTIVE,7,4,3
4186,6625,1:42:00,0,43.00,0,0.0300,0.0099,0.0000,0.0059,1,ACTIVE,7,4,3
4186,6626,1:42:30,0,0.00,0,0.0300,0.0099,0.0000,0.0059,1,ACTIVE,7,4,3
4186,6627,1:43:00,0,82.00,0,0.2300,0.0339,0.0173,0.0059,1,ACTIVE,7,4,3
4186,6628,1:43:30,0,275.00,0,0.0200,0.0099,0.0000,0.0000,1,ACTIVE,7,4,3
4186,6629,1:44:00,0,284.00,0,0.0200,0.0049,0.0000,0.0059,1,ACTIVE,7,4,3
4186,6630,1:44:30,0,303.00,0,1.5300,0.1120,0.1390,0.0650,1,ACTIVE,7,4,3
4186,6631,1:45:00,0,323.00,0,0.2000,0.0170,0.0173,0.0059,1,ACTIVE,7,4,3
4186,6632,1:45:30,0,122.00,0,0.1900,0.0825,0.0000,0.0059,1,ACTIVE,7,4,3
4186,6633,1:46:00,0,43.00,0,0.0200,0.0049,0.0000,0.0059,1,ACTIVE,7,4,3
4186,6634,1:46:30,0,0.00,0,0.0200,0.0049,0.0000,0.0059,1,ACTIVE,7,4,3
4186,6635,1:47:00,0,22.00,0,0.0100,0.0049,0.0000,0.0000,1,ACTIVE,7,4,3
4186,6636,1:47:30,0,19.00,0,0.0200,0.0049,0.0000,0.0059,1,ACTIVE,7,4,3
4186,6637,1:48:00,0,21.00,0,0.0200,0.0049,0.0000,0.0059,1,ACTIVE,7,4,3
4186,6638,1:48:30,0,26.00,0,0.0200,0.0049,0.0000,0.0059,1,ACTIVE,7,4,3
4186,6639,1:49:00,0,26.00,0,0.0200,0.0049,0.0000,0.0059,1,ACTIVE,7,4,3
4186,6640,1:49:30,0,43.00,0,0.0200,0.0049,0.0000,0.0059,1,ACTIVE,7,4,3
4186,6641,1:50:00,0,22.00,0,0.0200,0.0049,0.0000,0.0059,1,ACTIVE,7,4,3
4186,6642,1:50:30,0,226.00,0,0.0100,0.0049,0.0000,0.0000,1,ACTIVE,7,4,3
4186,6643,1:51:00,0,293.00,0,0.0100,0.0049,0.0000,0.0000,1,ACTIVE,7,4,3
4186,6644,1:51:30,0,184.00,0,0.2100,0.0215,0.0173,0.0059,1,ACTIVE,7,4,3
4186,6645,1:52:00,0,113.00,0,0.0200,0.0049,0.0000,0.0059,1,ACTIVE,7,4,3
4186,6646,1:52:30,0,249.00,0,0.0200,0.0049,0.0000,0.0059,1,ACTIVE,7,4,3
4186,6647,1:53:00,0,127.00,0,0.0300,0.0099,0.0000,0.0059,1,ACTIVE,7,4,3
4186,6648,1:53:30,0,266.00,0,0.2200,0.0298,0.0173,0.0059,1,ACTIVE,7,4,3
4186,6649,1:54:00,0,218.00,0,1.1400,0.1510,0.0880,0.0292,1,ACTIVE,7,4,3
4186,6650,1:54:30,0,156.00,0,0.6400,0.0724,0.0523,0.0173,1,ACTIVE,7,4,3
4186,6651,1:55:00,0,211.00,0,0.6000,0.0559,0.0523,0.0173,1,ACTIVE,7,4,3
4186,6652,1:55:30,0,198.00,0,1.4700,0.1610,0.1220,0.0412,1,ACTIVE,7,4,3
4186,6653,1:56:00,0,106.00,0,1.4100,0.2330,0.1000,0.0162,1,ACTIVE,7,4,3
4186,6654,1:56:30,0,118.00,0,2.4200,0.2900,0.2000,0.0256,1,ACTIVE,7,4,3
4186,6655,1:57:00,0,92.00,0,0.2200,0.0298,0.0173,0.0059,1,ACTIVE,7,4,3
4186,6656,1:57:30,0,95.00,0,0.0100,0.0049,0.0000,0.0000,1,ACTIVE,7,4,3
4186,6657,1:58:00,0,52.00,0,0.0200,0.0049,0.0000,0.0059,1,ACTIVE,7,4,3
4186,6658,1:58:30,0,75.00,0,0.2100,0.0215,0.0173,0.0059,1,ACTIVE,7,4,3
4186,6659,1:59:00,0,99.00,0,0.0300,0.0099,0.0000,0.0059,1,ACTIVE,7,4,3
4186,6660,1:59:30,0,95.00,0,0.0300,0.0099,0.0000,0.0059,1,ACTIVE,7,4,3
4186,6661,2:00:00,0,226.00,0,0.0200,0.0049,0.0000,0.0059,1,ACTIVE,7,4,3
4186,6662,2:00:30,0,99.00,0,0.0200,0.0049,0.0000,0.0059,1,ACTIVE,7,4,3
4186,6663,2:01:00,0,173.00,0,0.0200,0.0049,0.0000,0.0059,1,ACTIVE,7,4,3
4186,6664,2:01:30,0,40.00,0,0.0200,0.0049,0.0000,0.0059,1,ACTIVE,7,4,3
4186,6665,2:02:00,0,140.00,0,0.0200,0.0049,0.0000,0.0059,1,ACTIVE,7,4,3
4186,6666,2:02:30,0,140.00,0,0.0300,0.0099,0.0000,0.0059,1,ACTIVE,7,4,3
4186,6667,2:03:00,0,43.00,0,0.2300,0.0339,0.0173,0.0059,1,ACTIVE,7,4,3
4186,6668,2:03:30,0,54.00,0,0.0200,0.0049,0.0000,0.0059,1,ACTIVE,7,4,3
4186,6669,2:04:00,0,1.00,0,30.0800,4.8400,2.1300,0.7040,1,ACTIVE,7,4,3
4186,6670,2:04:30,0,0.00,0,30.0500,4.8400,2.1300,0.6740,1,ACTIVE,7,4,3
4186,6671,2:05:00,0,0.00,0,29.2500,4.8400,2.0400,0.6600,1,ACTIVE,7,4,3
4186,6672,2:05:30,0,70.00,0,19.9600,2.4200,1.6000,0.5200,1,ACTIVE,7,4,3
4186,6673,2:06:00,0,204.00,0,0.0300,0.0099,0.0000,0.0059,1,ACTIVE,7,4,3
4186,6674,2:06:30,0,102.00,0,0.0300,0.0099,0.0000,0.0059,1,ACTIVE,7,4,3
4186,6675,2:07:00,0,204.00,0,0.0200,0.0049,0.0000,0.0059,1,ACTIVE,7,4,3
4186,6676,2:07:30,0,179.00,0,0.0900,0.0395,0.0000,0.0059,1,ACTIVE,7,4,3
4186,6677,2:08:00,0,211.00,0,0.0200,0.0049,0.0000,0.0059,1,ACTIVE,7,4,3
4186,6678,2:08:30,0,109.00,0,0.0200,0.0049,0.0000,0.0059,1,ACTIVE,7,4,3
4186,6679,2:09:00,0,15.00,0,15.4100,1.6700,1.2900,0.3680,1,ACTIVE,7,4,3
4186,6680,2:09:30,0,26.00,0,22.3000,3.5000,1.6000,0.4770,1,ACTIVE,7,4,3
4186,6681,2:10:00,0,162.00,0,0.7800,0.1360,0.0523,0.0173,1,ACTIVE,7,4,3
4186,6682,2:10:30,0,140.00,0,0.0600,0.0245,0.0000,0.0059,1,ACTIVE,7,4,3
4186,6683,2:11:00,0,140.00,0,0.2500,0.0431,0.0173,0.0059,1,ACTIVE,7,4,3
4186,6684,2:11:30,0,61.00,0,0.1300,0.0431,0.0012,0.0215,1,ACTIVE,7,4,3
4186,6685,2:12:00,0,79.00,0,0.1600,0.0559,0.0012,0.0215,1,ACTIVE,7,4,3
4186,6686,2:12:30,0,82.00,0,0.0800,0.0339,0.0000,0.0059,1,ACTIVE,7,4,3
4186,6687,2:13:00,0,72.00,0,0.3100,0.0679,0.0173,0.0059,1,ACTIVE,7,4,3
4186,6688,2:13:30,0,89.00,0,0.2200,0.0298,0.0173,0.0059,1,ACTIVE,7,4,3
4186,6689,2:14:00,0,109.00,0,0.2300,0.0339,0.0173,0.0059,1,ACTIVE,7,4,3
4186,6690,2:14:30,0,150.00,0,0.0200,0.0049,0.0000,0.0059,1,ACTIVE,7,4,3
4186,6691,2:15:00,0,145.00,0,0.0200,0.0049,0.0000,0.0059,1,ACTIVE,7,4,3
4186,6692,2:15:30,0,211.00,0,0.0200,0.0049,0.0000,0.0059,1,ACTIVE,7,4,3
4186,6693,2:16:00,0,102.00,0,0.0100,0.0049,0.0000,0.0000,1,ACTIVE,7,4,3
4186,6694,2:16:30,0,106.00,0,0.0100,0.0049,0.0000,0.0000,1,ACTIVE,7,4,3
4186,6695,2:17:00,0,127.00,0,0.0100,0.0049,0.0000,0.0000,1,ACTIVE,7,4,3
4186,6696,2:17:30,0,118.00,0,0.0200,0.0049,0.0000,0.0059,1,ACTIVE,7,4,3
4186,6697,2:18:00,0,241.00,0,0.0100,0.0049,0.0000,0.0000,1,ACTIVE,7,4,3
4186,6698,2:18:30,0,40.00,0,0.0200,0.0049,0.0000,0.0059,1,ACTIVE,7,4,3
4186,6699,2:19:00,0,266.00,0,0.6500,0.0431,0.0622,0.0070,1,ACTIVE,7,4,3
4186,6700,2:19:30,0,393.00,0,2.7300,0.0724,0.2770,0.1330,1,ACTIVE,7,4,3
4186,6701,2:20:00,0,234.00,0,4.2600,0.1360,0.4370,0.1220,1,ACTIVE,7,4,3
4186,6702,2:20:30,0,106.00,0,0.0200,0.0049,0.0000,0.0059,1,ACTIVE,7,4,3
4186,6703,2:21:00,0,99.00,0,0.0300,0.0099,0.0000,0.0059,1,ACTIVE,7,4,3
4186,6704,2:21:30,0,85.00,0,0.0200,0.0049,0.0000,0.0059,1,ACTIVE,7,4,3
4186,6705,2:22:00,0,45.00,0,0.0200,0.0049,0.0000,0.0059,1,ACTIVE,7,4,3
4186,6706,2:22:30,0,70.00,0,0.0200,0.0049,0.0000,0.0059,1,ACTIVE,7,4,3
4186,6707,2:23:00,0,75.00,0,0.0200,0.0049,0.0000,0.0059,1,ACTIVE,7,4,3
4186,6708,2:23:30,0,122.00,0,0.0200,0.0049,0.0000,0.0059,1,ACTIVE,7,4,3
4186,6709,2:24:00,0,122.00,0,0.0300,0.0099,0.0000,0.0059,1,ACTIVE,7,4,3
4186,6710,2:24:30,0,145.00,0,0.1800,0.0085,0.0173,0.0059,1,ACTIVE,7,4,3
4186,6711,2:25:00,0,118.00,0,0.0300,0.0099,0.0000,0.0059,1,ACTIVE,7,4,3
4186,6712,2:25:30,0,106.00,0,0.0800,0.0215,0.0012,0.0215,1,ACTIVE,7,4,3
4186,6713,2:26:00,0,102.00,0,4.1200,0.1960,0.4010,0.1580,1,ACTIVE,7,4,3
4186,6714,2:26:30,0,140.00,0,1.8400,0.1070,0.1760,0.0523,1,ACTIVE,7,4,3
4186,6715,2:27:00,0,122.00,0,0.2000,0.0170,0.0173,0.0059,1,ACTIVE,7,4,3
4186,6716,2:27:30,0,122.00,0,1.3900,0.0470,0.1390,0.0650,1,ACTIVE,7,4,3
4186,6717,2:28:00,0,82.00,0,1.4700,0.0559,0.1510,0.0206,1,ACTIVE,7,4,3
4186,6718,2:28:30,0,106.00,0,1.3000,0.1840,0.1000,0.0115,1,ACTIVE,7,4,3
4186,6719,2:29:00,0,72.00,0,0.0200,0.0099,0.0000,0.0000,1,ACTIVE,7,4,3
4186,6720,2:29:30,0,106.00,0,0.0300,0.0099,0.0000,0.0059,1,ACTIVE,7,4,3
4186,6721,2:30:00,0,99.00,0,0.0300,0.0099,0.0000,0.0059,1,ACTIVE,7,4,3
4186,6722,2:30:30,0,109.00,0,2.2800,0.0298,0.2440,0.0756,1,ACTIVE,7,4,3
4186,6723,2:31:00,0,145.00,0,0.2100,0.0215,0.0173,0.0059,1,ACTIVE,7,4,3
4186,6724,2:31:30,0,145.00,0,0.0300,0.0099,0.0000,0.0059,1,ACTIVE,7,4,3
4186,6725,2:32:00,0,79.00,0,0.2000,0.0170,0.0173,0.0059,1,ACTIVE,7,4,3
4186,6726,2:32:30,0,140.00,0,0.2000,0.0170,0.0173,0.0059,1,ACTIVE,7,4,3
4186,6727,2:33:00,0,173.00,0,0.0300,0.0099,0.0000,0.0059,1,ACTIVE,7,4,3
4186,6728,2:33:30,0,173.00,0,0.0500,0.0197,0.0000,0.0059,1,ACTIVE,7,4,3
4186,6729,2:34:00,0,122.00,0,0.0200,0.0049,0.0000,0.0059,1,ACTIVE,7,4,3
4186,6730,2:34:30,0,131.00,0,0.0100,0.0049,0.0000,0.0000,1,ACTIVE,7,4,3
4186,6731,2:35:00,0,184.00,0,0.0200,0.0049,0.0000,0.0059,1,ACTIVE,7,4,3
4186,6732,2:35:30,0,524.00,0,0.0300,0.0099,0.0000,0.0059,1,ACTIVE,7,4,3
4186,6733,2:36:00,0,102.00,0,0.0100,0.0049,0.0000,0.0000,1,ACTIVE,7,4,3
4186,6734,2:36:30,0,145.00,0,0.0200,0.0049,0.0000,0.0059,1,ACTIVE,7,4,3
4186,6735,2:37:00,0,0.00,0,0.0200,0.0049,0.0000,0.0059,1,ACTIVE,7,4,3
4186,6736,2:37:30,0,27.00,0,0.0200,0.0049,0.0000,0.0059,1,ACTIVE,7,4,3
4186,6737,2:38:00,0,92.00,0,0.0100,0.0049,0.0000,0.0000,1,ACTIVE,7,4,3
4186,6738,2:38:30,0,89.00,0,0.0100,0.0049,0.0000,0.0000,1,ACTIVE,7,4,3
4186,6739,2:39:00,0,43.00,0,0.0200,0.0049,0.0000,0.0059,1,ACTIVE,7,4,3
4186,6740,2:39:30,0,52.00,0,0.0200,0.0049,0.0000,0.0059,1,ACTIVE,7,4,3
4186,6741,2:40:00,0,75.00,0,0.0200,0.0049,0.0000,0.0059,1,ACTIVE,7,4,3
4186,6742,2:40:30,0,38.00,0,0.0200,0.0049,0.0000,0.0059,1,ACTIVE,7,4,3
4186,6743,2:41:00,0,40.00,0,0.0200,0.0049,0.0000,0.0059,1,ACTIVE,7,4,3
4186,6744,2:41:30,0,106.00,0,0.0200,0.0049,0.0000,0.0059,1,ACTIVE,7,4,3
4186,6745,2:42:00,0,79.00,0,0.0200,0.0049,0.0000,0.0059,1,ACTIVE,7,4,3
4186,6746,2:42:30,0,150.00,0,0.0200,0.0049,0.0000,0.0059,1,ACTIVE,7,4,3
4186,6747,2:43:00,0,30.00,0,0.0200,0.0049,0.0000,0.0059,1,ACTIVE,7,4,3
4186,6748,2:43:30,0,0.00,0,0.0200,0.0049,0.0000,0.0059,1,ACTIVE,7,4,3
4186,6749,2:44:00,0,2.00,0,0.0200,0.0049,0.0000,0.0059,1,ACTIVE,7,4,3
4186,6750,2:44:30,0,29.00,0,0.0200,0.0049,0.0000,0.0059,1,ACTIVE,7,4,3
4186,6751,2:45:00,0,218.00,0,0.0100,0.0049,0.0000,0.0000,1,ACTIVE,7,4,3
4186,6752,2:45:30,0,275.00,0,0.0300,0.0099,0.0000,0.0059,1,ACTIVE,7,4,3
4186,6753,2:46:00,0,89.00,0,5.4300,1.7500,0.1760,0.0206,1,ACTIVE,7,4,3
4186,6754,2:46:30,0,43.00,0,4.4100,1.4400,0.1390,0.0173,1,ACTIVE,7,4,3
4186,6755,2:47:00,0,118.00,0,3.5400,1.1100,0.1220,0.0173,1,ACTIVE,7,4,3
4186,6756,2:47:30,0,54.00,0,2.9800,0.5430,0.2000,0.0206,1,ACTIVE,7,4,3
4186,6757,2:48:00,0,184.00,0,0.2900,0.0596,0.0173,0.0059,1,ACTIVE,7,4,3
4186,6758,2:48:30,0,184.00,0,0.0800,0.0339,0.0000,0.0059,1,ACTIVE,7,4,3
4186,6759,2:49:00,0,63.00,0,0.0800,0.0339,0.0000,0.0059,1,ACTIVE,7,4,3
4186,6760,2:49:30,0,26.00,0,0.0500,0.0197,0.0000,0.0059,1,ACTIVE,7,4,3
4186,6761,2:50:00,0,4.00,0,0.0300,0.0099,0.0000,0.0059,1,ACTIVE,7,4,3
4186,6762,2:50:30,0,40.00,0,3.2000,1.0900,0.0880,0.0292,1,ACTIVE,7,4,3
4186,6763,2:51:00,0,28.00,0,0.0200,0.0049,0.0000,0.0059,1,ACTIVE,7,4,3
4186,6764,2:51:30,0,11.00,0,0.0100,0.0049,0.0000,0.0000,0,ACTIVE,7,4,3
4186,6765,2:52:00,0,2.00,0,0.0200,0.0049,0.0000,0.0059,0,ACTIVE,7,4,3
4186,6766,2:52:30,0,1.00,0,0.0200,0.0049,0.0000,0.0059,0,ACTIVE,7,4,3
4186,6767,2:53:00,0,1.00,0,0.0200,0.0049,0.0000,0.0059,0,ACTIVE,7,4,3
4186,6768,2:53:30,0,2.00,0,0.0200,0.0049,0.0000,0.0059,0,ACTIVE,7,4,3
4186,6769,2:54:00,0,9.00,0,0.0200,0.0049,0.0000,0.0059,1,ACTIVE,7,4,3
4186,6770,2:54:30,0,38.00,0,0.0200,0.0049,0.0000,0.0059,1,ACTIVE,7,4,3
4186,6771,2:55:00,0,118.00,0,0.6200,0.2090,0.0173,0.0059,1,ACTIVE,7,4,3
4186,6772,2:55:30,0,2.00,0,0.5100,0.1580,0.0173,0.0059,1,ACTIVE,7,4,3
4186,6773,2:56:00,0,43.00,0,0.2800,0.0559,0.0173,0.0059,1,ACTIVE,7,4,3
4186,6774,2:56:30,0,19.00,0,0.0600,0.0245,0.0000,0.0059,1,ACTIVE,7,4,3
4186,6775,2:57:00,0,7.00,0,0.0200,0.0049,0.0000,0.0059,1,ACTIVE,7,4,3
4186,6776,2:57:30,0,16.00,0,0.0200,0.0049,0.0000,0.0059,1,ACTIVE,7,4,3
4186,6777,2:58:00,0,54.00,0,0.0200,0.0049,0.0000,0.0059,1,ACTIVE,7,4,3
4186,6778,2:58:30,0,16.00,0,0.0500,0.0197,0.0000,0.0059,1,ACTIVE,7,4,3
4186,6779,2:59:00,0,43.00,0,0.0600,0.0245,0.0000,0.0059,1,ACTIVE,7,4,3
4186,6780,2:59:30,0,2.00,0,0.0600,0.0245,0.0000,0.0059,0,ACTIVE,7,4,3
4186,6781,3:00:00,0,72.00,0,0.0600,0.0245,0.0000,0.0059,1,ACTIVE,7,4,3
4186,6782,3:00:30,0,1.00,0,0.0500,0.0197,0.0000,0.0059,0,ACTIVE,7,4,3
4186,6783,3:01:00,0,9.00,0,0.0600,0.0245,0.0000,0.0059,1,ACTIVE,7,4,3
4186,6784,3:01:30,0,15.00,0,0.2200,0.0298,0.0173,0.0059,1,ACTIVE,7,4,3
4186,6785,3:02:00,0,40.00,0,0.0500,0.0197,0.0000,0.0059,1,ACTIVE,7,4,3
4186,6786,3:02:30,0,211.00,0,0.0400,0.0197,0.0000,0.0000,1,ACTIVE,7,4,3
4186,6787,3:03:00,0,75.00,0,0.0200,0.0049,0.0000,0.0059,1,ACTIVE,7,4,3
4186,6788,3:03:30,0,156.00,0,0.0200,0.0049,0.0000,0.0059,1,ACTIVE,7,4,3
4186,6789,3:04:00,0,198.00,0,0.0200,0.0049,0.0000,0.0059,1,ACTIVE,7,4,3
4186,6790,3:04:30,0,65.00,0,0.0100,0.0049,0.0000,0.0000,1,ACTIVE,7,4,3
4186,6791,3:05:00,0,226.00,0,0.0300,0.0099,0.0000,0.0059,1,ACTIVE,7,4,3
4186,6792,3:05:30,0,4.00,0,0.0500,0.0197,0.0000,0.0059,1,ACTIVE,7,4,3
4186,6793,3:06:00,0,13.00,0,0.2000,0.0170,0.0173,0.0059,1,ACTIVE,7,4,3
4186,6794,3:06:30,0,9.00,0,0.0200,0.0049,0.0000,0.0059,1,ACTIVE,7,4,3
4186,6795,3:07:00,0,13.00,0,0.0200,0.0049,0.0000,0.0059,1,ACTIVE,7,4,3
4186,6796,3:07:30,0,145.00,0,0.0200,0.0049,0.0000,0.0059,1,ACTIVE,7,4,3
4186,6797,3:08:00,0,19.00,0,0.0200,0.0049,0.0000,0.0059,1,ACTIVE,7,4,3
4186,6798,3:08:30,0,218.00,0,0.0000,0.0000,0.0000,0.0000,1,ACTIVE,7,4,3
4186,6799,3:09:00,0,4.00,0,0.0200,0.0049,0.0000,0.0059,1,ACTIVE,7,4,3
4186,6800,3:09:30,0,2.00,0,0.0200,0.0049,0.0000,0.0059,1,ACTIVE,7,4,3
4186,6801,3:10:00,0,0.00,0,0.0200,0.0049,0.0000,0.0059,0,ACTIVE,7,4,3
4186,6802,3:10:30,0,0.00,0,0.0200,0.0049,0.0000,0.0059,0,ACTIVE,7,4,3
4186,6803,3:11:00,0,0.00,0,0.0200,0.0049,0.0000,0.0059,0,ACTIVE,7,4,3
4186,6804,3:11:30,0,0.00,0,0.0200,0.0049,0.0000,0.0059,0,ACTIVE,7,4,3
4186,6805,3:12:00,0,0.00,0,0.0200,0.0049,0.0000,0.0059,0,ACTIVE,7,4,3
4186,6806,3:12:30,0,1.00,0,0.0200,0.0049,0.0000,0.0059,0,ACTIVE,7,4,3
4186,6807,3:13:00,0,28.00,0,0.0200,0.0049,0.0000,0.0059,1,ACTIVE,7,4,3
4186,6808,3:13:30,0,0.00,0,0.0200,0.0049,0.0000,0.0059,0,ACTIVE,7,4,3
4186,6809,3:14:00,0,0.00,0,0.0200,0.0049,0.0000,0.0059,0,ACTIVE,7,4,3
4186,6810,3:14:30,0,0.00,0,0.0200,0.0049,0.0000,0.0059,0,ACTIVE,7,4,3
4186,6811,3:15:00,0,0.00,0,0.0200,0.0049,0.0000,0.0059,0,ACTIVE,7,4,3
4186,6812,3:15:30,0,0.00,0,0.0200,0.0049,0.0000,0.0059,0,ACTIVE,7,4,3
4186,6813,3:16:00,0,22.00,0,0.0200,0.0049,0.0000,0.0059,1,REST,7,4,3
4186,6814,3:16:30,0,1.00,0,0.0200,0.0049,0.0000,0.0059,1,REST,7,4,3
4186,6815,3:17:00,0,0.00,0,0.0200,0.0049,0.0000,0.0059,1,REST,7,4,3
4186,6816,3:17:30,0,9.00,0,0.0200,0.0049,0.0000,0.0059,1,REST,7,4,3
4186,6817,3:18:00,0,0.00,0,0.0200,0.0049,0.0000,0.0059,0,REST-S,7,4,3
4186,6818,3:18:30,0,1.00,0,0.0200,0.0049,0.0000,0.0059,0,REST-S,7,4,3
4186,6819,3:19:00,0,2.00,0,0.0200,0.0049,0.0000,0.0059,0,REST-S,7,4,3
4186,6820,3:19:30,0,0.00,0,0.0200,0.0049,0.0000,0.0059,0,REST-S,7,4,3
4186,6821,3:20:00,0,0.00,0,0.0200,0.0049,0.0000,0.0059,0,REST-S,7,4,3
4186,6822,3:20:30,0,0.00,0,0.0200,0.0049,0.0000,0.0059,0,REST-S,7,4,3
4186,6823,3:21:00,0,0.00,0,0.0200,0.0049,0.0000,0.0059,0,REST-S,7,4,3
4186,6824,3:21:30,0,0.00,0,0.0200,0.0049,0.0000,0.0059,0,REST-S,7,4,3
4186,6825,3:22:00,0,0.00,0,0.0200,0.0049,0.0000,0.0059,0,REST-S,7,4,3
4186,6826,3:22:30,0,0.00,0,0.0900,0.0395,0.0000,0.0059,0,REST-S,7,4,3
4186,6827,3:23:00,0,0.00,0,0.8700,0.1760,0.0523,0.0173,0,REST-S,7,4,3
4186,6828,3:23:30,0,0.00,0,0.8800,0.1840,0.0523,0.0173,0,REST-S,7,4,3
4186,6829,3:24:00,0,0.00,0,0.8900,0.1880,0.0523,0.0173,0,REST-S,7,4,3
4186,6830,3:24:30,0,4.00,0,0.9100,0.1960,0.0523,0.0173,0,REST-S,7,4,3
4186,6831,3:25:00,0,0.00,0,0.9200,0.2000,0.0523,0.0173,0,REST-S,7,4,3
4186,6832,3:25:30,0,0.00,0,0.2900,0.0596,0.0173,0.0059,0,REST-S,7,4,3
4186,6833,3:26:00,0,0.00,0,0.0200,0.0049,0.0000,0.0059,0,REST-S,7,4,3
4186,6834,3:26:30,0,0.00,0,0.0200,0.0049,0.0000,0.0059,0,REST-S,7,4,3
4186,6835,3:27:00,0,1.00,0,0.0200,0.0049,0.0000,0.0059,0,REST-S,7,4,3
4186,6836,3:27:30,0,56.00,0,0.0200,0.0049,0.0000,0.0059,1,REST-S,7,4,3
4186,6837,3:28:00,0,99.00,0,0.0200,0.0049,0.0000,0.0059,1,REST-S,7,4,3
4186,6838,3:28:30,0,79.00,0,0.0200,0.0049,0.0000,0.0059,1,REST-S,7,4,3
4186,6839,3:29:00,0,30.00,0,0.0200,0.0049,0.0000,0.0059,1,REST-S,7,4,3
4186,6840,3:29:30,0,7.00,0,0.0200,0.0049,0.0000,0.0059,1,REST-S,7,4,3
4186,6841,3:30:00,0,0.00,0,0.0200,0.0049,0.0000,0.0059,0,REST-S,7,4,3
4186,6842,3:30:30,0,1.00,0,0.0200,0.0049,0.0000,0.0059,0,REST-S,7,4,3
4186,6843,3:31:00,0,1.00,0,0.0200,0.0049,0.0000,0.0059,0,REST-S,7,4,3
4186,6844,3:31:30,0,0.00,0,0.0200,0.0049,0.0000,0.0059,0,REST-S,7,4,3
4186,6845,3:32:00,0,0.00,0,0.0200,0.0049,0.0000,0.0059,0,REST-S,7,4,3
4186,6846,3:32:30,0,0.00,0,0.0200,0.0049,0.0000,0.0059,0,REST-S,7,4,3
4186,6847,3:33:00,0,0.00,0,0.0200,0.0049,0.0000,0.0059,0,REST-S,7,4,3
4186,6848,3:33:30,0,0.00,0,0.0200,0.0049,0.0000,0.0059,0,REST-S,7,4,3
4186,6849,3:34:00,0,0.00,0,0.0200,0.0049,0.0000,0.0059,0,REST-S,7,4,3
4186,6850,3:34:30,0,0.00,0,0.0200,0.0049,0.0000,0.0059,0,REST-S,7,4,3
4186,6851,3:35:00,0,0.00,0,0.0200,0.0049,0.0000,0.0059,0,REST-S,7,4,3
4186,6852,3:35:30,0,0.00,0,0.0200,0.0049,0.0000,0.0059,0,REST-S,7,4,3
4186,6853,3:36:00,0,0.00,0,0.0200,0.0049,0.0000,0.0059,0,REST-S,7,4,3
4186,6854,3:36:30,0,0.00,0,0.0200,0.0049,0.0000,0.0059,0,REST-S,7,4,3
4186,6855,3:37:00,0,0.00,0,0.0200,0.0049,0.0000,0.0059,0,REST-S,7,4,3
4186,6856,3:37:30,0,0.00,0,0.0200,0.0049,0.0000,0.0059,0,REST-S,7,4,3
4186,6857,3:38:00,0,0.00,0,0.0200,0.0049,0.0000,0.0059,0,REST-S,7,4,3
4186,6858,3:38:30,0,0.00,0,0.0200,0.0049,0.0000,0.0059,0,REST-S,7,4,3
4186,6859,3:39:00,0,0.00,0,0.0200,0.0049,0.0000,0.0059,0,REST-S,7,4,3
4186,6860,3:39:30,0,0.00,0,0.0200,0.0049,0.0000,0.0059,0,REST-S,7,4,3
4186,6861,3:40:00,0,0.00,0,0.0200,0.0049,0.0000,0.0059,0,REST-S,7,4,3
4186,6862,3:40:30,0,0.00,0,0.0200,0.0049,0.0000,0.0059,0,REST-S,7,4,3
4186,6863,3:41:00,0,0.00,0,0.0200,0.0049,0.0000,0.0059,0,REST-S,7,4,3
4186,6864,3:41:30,0,0.00,0,0.0200,0.0049,0.0000,0.0059,0,REST-S,7,4,3
4186,6865,3:42:00,0,0.00,0,0.0200,0.0049,0.0000,0.0059,0,REST-S,7,4,3
4186,6866,3:42:30,0,0.00,0,0.0200,0.0049,0.0000,0.0059,0,REST-S,7,4,3
4186,6867,3:43:00,0,0.00,0,0.0200,0.0049,0.0000,0.0059,0,REST-S,7,4,3
4186,6868,3:43:30,0,0.00,0,0.0200,0.0049,0.0000,0.0059,0,REST-S,7,4,3
4186,6869,3:44:00,0,0.00,0,0.0200,0.0049,0.0000,0.0059,0,REST-S,7,4,3
4186,6870,3:44:30,0,0.00,0,0.0200,0.0049,0.0000,0.0059,0,REST-S,7,4,3
4186,6871,3:45:00,0,0.00,0,0.0200,0.0049,0.0000,0.0059,0,REST-S,7,4,3
4186,6872,3:45:30,0,0.00,0,0.0200,0.0049,0.0000,0.0059,0,REST-S,7,4,3
4186,6873,3:46:00,0,0.00,0,0.0200,0.0049,0.0000,0.0059,0,REST-S,7,4,3
4186,6874,3:46:30,0,0.00,0,0.0200,0.0049,0.0000,0.0059,0,REST-S,7,4,3
4186,6875,3:47:00,0,0.00,0,0.0200,0.0049,0.0000,0.0059,0,REST-S,7,4,3
4186,6876,3:47:30,0,0.00,0,0.0200,0.0049,0.0000,0.0059,0,REST-S,7,4,3
4186,6877,3:48:00,0,0.00,0,0.0200,0.0049,0.0000,0.0059,0,REST-S,7,4,3
4186,6878,3:48:30,0,0.00,0,0.0200,0.0049,0.0000,0.0059,0,REST-S,7,4,3
4186,6879,3:49:00,0,0.00,0,0.0200,0.0049,0.0000,0.0059,0,REST-S,7,4,3
4186,6880,3:49:30,0,0.00,0,0.0200,0.0049,0.0000,0.0059,0,REST-S,7,4,3
4186,6881,3:50:00,0,0.00,0,0.0200,0.0049,0.0000,0.0059,0,REST-S,7,4,3
4186,6882,3:50:30,0,0.00,0,0.0200,0.0049,0.0000,0.0059,0,REST-S,7,4,3
4186,6883,3:51:00,0,0.00,0,0.0200,0.0049,0.0000,0.0059,0,REST-S,7,4,3
4186,6884,3:51:30,0,0.00,0,0.0200,0.0049,0.0000,0.0059,0,REST-S,7,4,3
4186,6885,3:52:00,0,0.00,0,0.0200,0.0049,0.0000,0.0059,0,REST-S,7,4,3
4186,6886,3:52:30,0,0.00,0,0.0200,0.0049,0.0000,0.0059,0,REST-S,7,4,3
4186,6887,3:53:00,0,0.00,0,0.0200,0.0049,0.0000,0.0059,0,REST-S,7,4,3
4186,6888,3:53:30,0,0.00,0,0.0200,0.0049,0.0000,0.0059,0,REST-S,7,4,3
4186,6889,3:54:00,0,0.00,0,0.0200,0.0049,0.0000,0.0059,0,REST-S,7,4,3
4186,6890,3:54:30,0,0.00,0,0.0200,0.0049,0.0000,0.0059,0,REST-S,7,4,3
4186,6891,3:55:00,0,0.00,0,0.0200,0.0049,0.0000,0.0059,0,REST-S,7,4,3
4186,6892,3:55:30,0,0.00,0,0.0200,0.0049,0.0000,0.0059,0,REST-S,7,4,3
4186,6893,3:56:00,0,0.00,0,0.0200,0.0049,0.0000,0.0059,0,REST-S,7,4,3
4186,6894,3:56:30,0,0.00,0,0.0200,0.0049,0.0000,0.0059,0,REST-S,7,4,3
4186,6895,3:57:00,0,0.00,0,0.0200,0.0049,0.0000,0.0059,0,REST-S,7,4,3
4186,6896,3:57:30,0,72.00,0,0.0200,0.0049,0.0000,0.0059,1,REST-S,7,4,3
4186,6897,3:58:00,0,122.00,0,0.0200,0.0049,0.0000,0.0059,1,REST-S,7,4,3
4186,6898,3:58:30,0,0.00,0,0.0200,0.0049,0.0000,0.0059,0,REST-S,7,4,3
4186,6899,3:59:00,0,0.00,0,0.0200,0.0049,0.0000,0.0059,0,REST-S,7,4,3
4186,6900,3:59:30,0,0.00,0,0.0200,0.0049,0.0000,0.0059,0,REST-S,7,4,3
4186,6901,4:00:00,0,2.00,0,0.0200,0.0049,0.0000,0.0059,0,REST-S,7,4,3
4186,6902,4:00:30,0,0.00,0,0.0200,0.0049,0.0000,0.0059,0,REST-S,7,4,3
4186,6903,4:01:00,0,19.00,0,0.0200,0.0049,0.0000,0.0059,0,REST-S,7,4,3
4186,6904,4:01:30,0,0.00,0,0.0200,0.0049,0.0000,0.0059,0,REST-S,7,4,3
4186,6905,4:02:00,0,0.00,0,0.0200,0.0049,0.0000,0.0059,0,REST-S,7,4,3
4186,6906,4:02:30,0,0.00,0,0.0200,0.0049,0.0000,0.0059,0,REST-S,7,4,3
4186,6907,4:03:00,0,0.00,0,0.0200,0.0049,0.0000,0.0059,0,REST-S,7,4,3
4186,6908,4:03:30,0,0.00,0,0.0200,0.0049,0.0000,0.0059,0,REST-S,7,4,3
4186,6909,4:04:00,0,0.00,0,0.0200,0.0049,0.0000,0.0059,0,REST-S,7,4,3
4186,6910,4:04:30,0,0.00,0,0.0100,0.0049,0.0000,0.0000,0,REST-S,7,4,3
4186,6911,4:05:00,0,0.00,0,0.0200,0.0049,0.0000,0.0059,0,REST-S,7,4,3
4186,6912,4:05:30,0,0.00,0,0.0200,0.0049,0.0000,0.0059,0,REST-S,7,4,3
4186,6913,4:06:00,0,0.00,0,0.0200,0.0049,0.0000,0.0059,0,REST-S,7,4,3
4186,6914,4:06:30,0,0.00,0,0.0200,0.0049,0.0000,0.0059,0,REST-S,7,4,3
4186,6915,4:07:00,0,0.00,0,0.0200,0.0049,0.0000,0.0059,0,REST-S,7,4,3
4186,6916,4:07:30,0,0.00,0,0.0200,0.0049,0.0000,0.0059,0,REST-S,7,4,3
4186,6917,4:08:00,0,0.00,0,0.0200,0.0049,0.0000,0.0059,0,REST-S,7,4,3
4186,6918,4:08:30,0,0.00,0,0.0200,0.0049,0.0000,0.0059,0,REST-S,7,4,3
4186,6919,4:09:00,0,0.00,0,0.0200,0.0049,0.0000,0.0059,0,REST-S,7,4,3
4186,6920,4:09:30,0,63.00,0,0.0200,0.0049,0.0000,0.0059,1,REST-S,7,4,3
4186,6921,4:10:00,0,0.00,0,0.0200,0.0049,0.0000,0.0059,0,REST-S,7,4,3
4186,6922,4:10:30,0,1.00,0,0.0200,0.0049,0.0000,0.0059,0,REST-S,7,4,3
4186,6923,4:11:00,0,1.00,0,0.0200,0.0049,0.0000,0.0059,0,REST-S,7,4,3
4186,6924,4:11:30,0,75.00,0,0.0200,0.0049,0.0000,0.0059,1,REST-S,7,4,3
4186,6925,4:12:00,0,0.00,0,0.0200,0.0049,0.0000,0.0059,0,REST-S,7,4,3
4186,6926,4:12:30,0,0.00,0,0.0200,0.0049,0.0000,0.0059,0,REST-S,7,4,3
4186,6927,4:13:00,0,0.00,0,0.0200,0.0049,0.0000,0.0059,0,REST-S,7,4,3
4186,6928,4:13:30,0,0.00,0,0.0200,0.0049,0.0000,0.0059,0,REST-S,7,4,3
4186,6929,4:14:00,0,0.00,0,0.0200,0.0049,0.0000,0.0059,0,REST-S,7,4,3
4186,6930,4:14:30,0,0.00,0,0.0100,0.0049,0.0000,0.0000,0,REST-S,7,4,3
4186,6931,4:15:00,0,0.00,0,0.0200,0.0049,0.0000,0.0059,0,REST-S,7,4,3
4186,6932,4:15:30,0,0.00,0,0.0200,0.0049,0.0000,0.0059,0,REST-S,7,4,3
4186,6933,4:16:00,0,0.00,0,0.0200,0.0049,0.0000,0.0059,0,REST-S,7,4,3
4186,6934,4:16:30,0,0.00,0,0.0200,0.0049,0.0000,0.0059,0,REST-S,7,4,3
4186,6935,4:17:00,0,0.00,0,0.0200,0.0049,0.0000,0.0059,0,REST-S,7,4,3
4186,6936,4:17:30,0,0.00,0,0.0200,0.0049,0.0000,0.0059,0,REST-S,7,4,3
4186,6937,4:18:00,0,0.00,0,0.0200,0.0049,0.0000,0.0059,0,REST-S,7,4,3
4186,6938,4:18:30,0,0.00,0,0.0100,0.0049,0.0000,0.0000,0,REST-S,7,4,3
4186,6939,4:19:00,0,0.00,0,0.0200,0.0049,0.0000,0.0059,0,REST-S,7,4,3
4186,6940,4:19:30,0,0.00,0,0.0200,0.0049,0.0000,0.0059,0,REST-S,7,4,3
4186,6941,4:20:00,0,0.00,0,0.0200,0.0049,0.0000,0.0059,0,REST-S,7,4,3
4186,6942,4:20:30,0,0.00,0,0.0100,0.0049,0.0000,0.0000,0,REST-S,7,4,3
4186,6943,4:21:00,0,0.00,0,0.0200,0.0049,0.0000,0.0059,0,REST-S,7,4,3
4186,6944,4:21:30,0,0.00,0,0.0200,0.0049,0.0000,0.0059,0,REST-S,7,4,3
4186,6945,4:22:00,0,0.00,0,0.0200,0.0049,0.0000,0.0059,0,REST-S,7,4,3
4186,6946,4:22:30,0,0.00,0,0.0200,0.0049,0.0000,0.0059,0,REST-S,7,4,3
4186,6947,4:23:00,0,0.00,0,0.0200,0.0049,0.0000,0.0059,0,REST-S,7,4,3
4186,6948,4:23:30,0,0.00,0,0.0200,0.0049,0.0000,0.0059,0,REST-S,7,4,3
4186,6949,4:24:00,0,0.00,0,0.0200,0.0049,0.0000,0.0059,0,REST-S,7,4,3
4186,6950,4:24:30,0,0.00,0,0.0200,0.0049,0.0000,0.0059,0,REST-S,7,4,3
4186,6951,4:25:00,0,0.00,0,0.0200,0.0049,0.0000,0.0059,0,REST-S,7,4,3
4186,6952,4:25:30,0,0.00,0,0.0100,0.0049,0.0000,0.0000,0,REST-S,7,4,3
4186,6953,4:26:00,0,0.00,0,0.0200,0.0049,0.0000,0.0059,0,REST-S,7,4,3
4186,6954,4:26:30,0,0.00,0,0.0100,0.0049,0.0000,0.0000,0,REST-S,7,4,3
4186,6955,4:27:00,0,0.00,0,0.0200,0.0049,0.0000,0.0059,1,REST-S,7,4,3
4186,6956,4:27:30,0,0.00,0,0.0200,0.0049,0.0000,0.0059,1,REST-S,7,4,3
4186,6957,4:28:00,0,204.00,0,0.0200,0.0049,0.0000,0.0059,1,REST-S,7,4,3
4186,6958,4:28:30,0,7.00,0,0.0200,0.0049,0.0000,0.0059,1,REST-S,7,4,3
4186,6959,4:29:00,0,0.00,0,0.0200,0.0049,0.0000,0.0059,1,REST-S,7,4,3
4186,6960,4:29:30,0,0.00,0,0.0200,0.0049,0.0000,0.0059,0,REST-S,7,4,3
4186,6961,4:30:00,0,0.00,0,0.0200,0.0049,0.0000,0.0059,0,REST-S,7,4,3
4186,6962,4:30:30,0,2.00,0,0.0200,0.0049,0.0000,0.0059,0,REST-S,7,4,3
4186,6963,4:31:00,0,0.00,0,0.0200,0.0049,0.0000,0.0059,0,REST-S,7,4,3
4186,6964,4:31:30,0,1.00,0,0.0200,0.0049,0.0000,0.0059,0,REST-S,7,4,3
4186,6965,4:32:00,0,0.00,0,0.0200,0.0049,0.0000,0.0059,0,REST-S,7,4,3
4186,6966,4:32:30,0,0.00,0,0.0200,0.0049,0.0000,0.0059,0,REST-S,7,4,3
4186,6967,4:33:00,0,0.00,0,0.0200,0.0049,0.0000,0.0059,0,REST-S,7,4,3
4186,6968,4:33:30,0,0.00,0,0.0200,0.0049,0.0000,0.0059,0,REST-S,7,4,3
4186,6969,4:34:00,0,0.00,0,0.0200,0.0049,0.0000,0.0059,0,REST-S,7,4,3
4186,6970,4:34:30,0,0.00,0,0.0200,0.0049,0.0000,0.0059,0,REST-S,7,4,3
4186,6971,4:35:00,0,0.00,0,0.0200,0.0049,0.0000,0.0059,0,REST-S,7,4,3
4186,6972,4:35:30,0,0.00,0,0.0200,0.0049,0.0000,0.0059,0,REST-S,7,4,3
4186,6973,4:36:00,0,0.00,0,0.0200,0.0049,0.0000,0.0059,0,REST-S,7,4,3
4186,6974,4:36:30,0,0.00,0,0.0200,0.0049,0.0000,0.0059,0,REST-S,7,4,3
4186,6975,4:37:00,0,0.00,0,0.0200,0.0049,0.0000,0.0059,0,REST-S,7,4,3
4186,6976,4:37:30,0,0.00,0,0.0200,0.0049,0.0000,0.0059,0,REST-S,7,4,3
4186,6977,4:38:00,0,1.00,0,0.0200,0.0049,0.0000,0.0059,0,REST-S,7,4,3
4186,6978,4:38:30,0,162.00,0,0.0200,0.0049,0.0000,0.0059,1,REST-S,7,4,3
4186,6979,4:39:00,0,0.00,0,0.0200,0.0049,0.0000,0.0059,0,REST-S,7,4,3
4186,6980,4:39:30,0,0.00,0,0.0100,0.0049,0.0000,0.0000,0,REST-S,7,4,3
4186,6981,4:40:00,0,0.00,0,0.0200,0.0049,0.0000,0.0059,0,REST-S,7,4,3
4186,6982,4:40:30,0,0.00,0,0.0200,0.0049,0.0000,0.0059,0,REST-S,7,4,3
4186,6983,4:41:00,0,0.00,0,0.0200,0.0049,0.0000,0.0059,0,REST-S,7,4,3
4186,6984,4:41:30,0,0.00,0,0.0200,0.0049,0.0000,0.0059,0,REST-S,7,4,3
4186,6985,4:42:00,0,0.00,0,0.0200,0.0049,0.0000,0.0059,0,REST-S,7,4,3
4186,6986,4:42:30,0,0.00,0,0.0200,0.0049,0.0000,0.0059,0,REST-S,7,4,3
4186,6987,4:43:00,0,0.00,0,0.1700,0.0042,0.0173,0.0059,0,REST-S,7,4,3
4186,6988,4:43:30,0,1.00,0,0.0200,0.0049,0.0000,0.0059,0,REST-S,7,4,3
4186,6989,4:44:00,0,0.00,0,0.0200,0.0049,0.0000,0.0059,0,REST-S,7,4,3
4186,6990,4:44:30,0,0.00,0,0.1700,0.0042,0.0173,0.0059,0,REST-S,7,4,3
4186,6991,4:45:00,0,0.00,0,0.0200,0.0049,0.0000,0.0059,0,REST-S,7,4,3
4186,6992,4:45:30,0,0.00,0,0.0200,0.0049,0.0000,0.0059,0,REST-S,7,4,3
4186,6993,4:46:00,0,0.00,0,0.0200,0.0049,0.0000,0.0059,0,REST-S,7,4,3
4186,6994,4:46:30,0,0.00,0,0.0200,0.0049,0.0000,0.0059,0,REST-S,7,4,3
4186,6995,4:47:00,0,0.00,0,0.0200,0.0049,0.0000,0.0059,0,REST-S,7,4,3
4186,6996,4:47:30,0,0.00,0,0.0200,0.0049,0.0000,0.0059,0,REST-S,7,4,3
4186,6997,4:48:00,0,0.00,0,0.0200,0.0049,0.0000,0.0059,0,REST-S,7,4,3
4186,6998,4:48:30,0,1.00,0,0.0200,0.0049,0.0000,0.0059,0,REST-S,7,4,3
4186,6999,4:49:00,0,0.00,0,0.0200,0.0049,0.0000,0.0059,0,REST-S,7,4,3
4186,7000,4:49:30,0,0.00,0,0.0200,0.0049,0.0000,0.0059,0,REST-S,7,4,3
4186,7001,4:50:00,0,0.00,0,0.0200,0.0049,0.0000,0.0059,0,REST-S,7,4,3
4186,7002,4:50:30,0,0.00,0,0.0200,0.0049,0.0000,0.0059,0,REST-S,7,4,3
4186,7003,4:51:00,0,0.00,0,0.0200,0.0049,0.0000,0.0059,0,REST-S,7,4,3
4186,7004,4:51:30,0,0.00,0,0.0200,0.0049,0.0000,0.0059,0,REST-S,7,4,3
4186,7005,4:52:00,0,0.00,0,0.0200,0.0049,0.0000,0.0059,0,REST-S,7,4,3
4186,7006,4:52:30,0,0.00,0,0.0200,0.0049,0.0000,0.0059,0,REST-S,7,4,3
4186,7007,4:53:00,0,0.00,0,0.0200,0.0049,0.0000,0.0059,0,REST-S,7,4,3
4186,7008,4:53:30,0,0.00,0,0.0200,0.0049,0.0000,0.0059,0,REST-S,7,4,3
4186,7009,4:54:00,0,0.00,0,0.0200,0.0049,0.0000,0.0059,0,REST-S,7,4,3
4186,7010,4:54:30,0,0.00,0,0.0200,0.0049,0.0000,0.0059,0,REST-S,7,4,3
4186,7011,4:55:00,0,0.00,0,0.0200,0.0049,0.0000,0.0059,0,REST-S,7,4,3
4186,7012,4:55:30,0,0.00,0,0.0200,0.0049,0.0000,0.0059,0,REST-S,7,4,3
4186,7013,4:56:00,0,0.00,0,0.0200,0.0049,0.0000,0.0059,0,REST-S,7,4,3
4186,7014,4:56:30,0,0.00,0,0.0200,0.0049,0.0000,0.0059,0,REST-S,7,4,3
4186,7015,4:57:00,0,0.00,0,0.0200,0.0049,0.0000,0.0059,0,REST-S,7,4,3
4186,7016,4:57:30,0,0.00,0,0.0200,0.0049,0.0000,0.0059,0,REST-S,7,4,3
4186,7017,4:58:00,0,0.00,0,0.0200,0.0049,0.0000,0.0059,0,REST-S,7,4,3
4186,7018,4:58:30,0,0.00,0,0.0200,0.0049,0.0000,0.0059,0,REST-S,7,4,3
4186,7019,4:59:00,0,0.00,0,0.0200,0.0049,0.0000,0.0059,0,REST-S,7,4,3
4186,7020,4:59:30,0,0.00,0,0.0200,0.0049,0.0000,0.0059,0,REST-S,7,4,3
4186,7021,5:00:00,0,0.00,0,0.0200,0.0049,0.0000,0.0059,0,REST-S,7,4,3
4186,7022,5:00:30,0,0.00,0,0.0200,0.0049,0.0000,0.0059,0,REST-S,7,4,3
4186,7023,5:01:00,0,1.00,0,0.0200,0.0049,0.0000,0.0059,0,REST-S,7,4,3
4186,7024,5:01:30,0,0.00,0,0.0200,0.0049,0.0000,0.0059,0,REST-S,7,4,3
4186,7025,5:02:00,0,0.00,0,0.0200,0.0049,0.0000,0.0059,0,REST-S,7,4,3
4186,7026,5:02:30,0,0.00,0,0.0200,0.0049,0.0000,0.0059,0,REST-S,7,4,3
4186,7027,5:03:00,0,0.00,0,0.0200,0.0049,0.0000,0.0059,0,REST-S,7,4,3
4186,7028,5:03:30,0,0.00,0,0.0200,0.0049,0.0000,0.0059,0,REST-S,7,4,3
4186,7029,5:04:00,0,0.00,0,0.1700,0.0042,0.0173,0.0059,0,REST-S,7,4,3
4186,7030,5:04:30,0,0.00,0,0.0200,0.0049,0.0000,0.0059,0,REST-S,7,4,3
4186,7031,5:05:00,0,0.00,0,0.0200,0.0049,0.0000,0.0059,0,REST-S,7,4,3
4186,7032,5:05:30,0,0.00,0,0.0200,0.0049,0.0000,0.0059,0,REST-S,7,4,3
4186,7033,5:06:00,0,0.00,0,0.0200,0.0049,0.0000,0.0059,0,REST-S,7,4,3
4186,7034,5:06:30,0,0.00,0,0.0200,0.0049,0.0000,0.0059,0,REST-S,7,4,3
4186,7035,5:07:00,0,0.00,0,0.0200,0.0049,0.0000,0.0059,0,REST-S,7,4,3
4186,7036,5:07:30,0,0.00,0,0.0200,0.0049,0.0000,0.0059,0,REST-S,7,4,3
4186,7037,5:08:00,0,0.00,0,0.0200,0.0049,0.0000,0.0059,0,REST-S,7,4,3
4186,7038,5:08:30,0,0.00,0,0.0200,0.0049,0.0000,0.0059,0,REST-S,7,4,3
4186,7039,5:09:00,0,0.00,0,0.0200,0.0049,0.0000,0.0059,0,REST-S,7,4,3
4186,7040,5:09:30,0,0.00,0,0.0200,0.0049,0.0000,0.0059,0,REST-S,7,4,3
4186,7041,5:10:00,0,0.00,0,0.0200,0.0049,0.0000,0.0059,0,REST-S,7,4,3
4186,7042,5:10:30,0,0.00,0,0.0200,0.0049,0.0000,0.0059,0,REST-S,7,4,3
4186,7043,5:11:00,0,7.00,0,0.1700,0.0042,0.0173,0.0059,1,REST-S,7,4,3
4186,7044,5:11:30,0,127.00,0,0.0200,0.0049,0.0000,0.0059,1,REST-S,7,4,3
4186,7045,5:12:00,0,102.00,0,0.0200,0.0049,0.0000,0.0059,1,REST-S,7,4,3
4186,7046,5:12:30,0,7.00,0,0.0200,0.0049,0.0000,0.0059,1,REST-S,7,4,3
4186,7047,5:13:00,0,0.00,0,0.0200,0.0049,0.0000,0.0059,0,REST-S,7,4,3
4186,7048,5:13:30,0,0.00,0,0.0200,0.0049,0.0000,0.0059,0,REST-S,7,4,3
4186,7049,5:14:00,0,0.00,0,0.0200,0.0049,0.0000,0.0059,0,REST-S,7,4,3
4186,7050,5:14:30,0,0.00,0,0.0200,0.0049,0.0000,0.0059,0,REST-S,7,4,3
4186,7051,5:15:00,0,0.00,0,0.0200,0.0049,0.0000,0.0059,0,REST-S,7,4,3
4186,7052,5:15:30,0,0.00,0,0.0200,0.0049,0.0000,0.0059,0,REST-S,7,4,3
4186,7053,5:16:00,0,0.00,0,0.0200,0.0049,0.0000,0.0059,0,REST-S,7,4,3
4186,7054,5:16:30,0,0.00,0,0.0200,0.0049,0.0000,0.0059,0,REST-S,7,4,3
4186,7055,5:17:00,0,0.00,0,0.0200,0.0049,0.0000,0.0059,0,REST-S,7,4,3
4186,7056,5:17:30,0,0.00,0,0.0200,0.0049,0.0000,0.0059,1,REST-S,7,4,3
4186,7057,5:18:00,0,0.00,0,0.0200,0.0049,0.0000,0.0059,1,REST-S,7,4,3
4186,7058,5:18:30,0,150.00,0,0.0200,0.0049,0.0000,0.0059,1,REST-S,7,4,3
4186,7059,5:19:00,0,150.00,0,0.0200,0.0049,0.0000,0.0059,1,REST-S,7,4,3
4186,7060,5:19:30,0,293.00,0,2.9300,0.1720,0.2900,0.0115,1,REST-S,7,4,3
4186,7061,5:20:00,0,136.00,0,1.8300,0.2230,0.1510,0.0115,1,REST-S,7,4,3
4186,7062,5:20:30,0,61.00,0,0.2500,0.0431,0.0173,0.0059,1,REST-S,7,4,3
4186,7063,5:21:00,0,249.00,0,6.4500,0.4870,0.6050,0.0679,1,REST-S,7,4,3
4186,7064,5:21:30,0,323.00,0,0.0200,0.0049,0.0000,0.0059,1,REST-S,7,4,3
4186,7065,5:22:00,0,204.00,0,0.0200,0.0049,0.0000,0.0059,1,REST-S,7,4,3
4186,7066,5:22:30,0,303.00,0,0.0200,0.0049,0.0000,0.0059,1,REST-S,7,4,3
4186,7067,5:23:00,0,18.00,0,0.0200,0.0049,0.0000,0.0059,1,REST-S,7,4,3
4186,7068,5:23:30,0,12.00,0,0.0200,0.0049,0.0000,0.0059,1,REST-S,7,4,3
4186,7069,5:24:00,0,0.00,0,0.0200,0.0049,0.0000,0.0059,0,REST-S,7,4,3
4186,7070,5:24:30,0,0.00,0,0.0200,0.0049,0.0000,0.0059,0,REST-S,7,4,3
4186,7071,5:25:00,0,0.00,0,0.0200,0.0049,0.0000,0.0059,0,REST-S,7,4,3
4186,7072,5:25:30,0,0.00,0,0.0200,0.0049,0.0000,0.0059,0,REST-S,7,4,3
4186,7073,5:26:00,0,0.00,0,0.0200,0.0049,0.0000,0.0059,0,REST-S,7,4,3
4186,7074,5:26:30,0,0.00,0,0.0100,0.0049,0.0000,0.0000,0,REST-S,7,4,3
4186,7075,5:27:00,0,0.00,0,0.0200,0.0049,0.0000,0.0059,0,REST-S,7,4,3
4186,7076,5:27:30,0,0.00,0,0.0200,0.0049,0.0000,0.0059,0,REST-S,7,4,3
4186,7077,5:28:00,0,0.00,0,0.0200,0.0049,0.0000,0.0059,0,REST-S,7,4,3
4186,7078,5:28:30,0,0.00,0,0.0200,0.0049,0.0000,0.0059,0,REST-S,7,4,3
4186,7079,5:29:00,0,0.00,0,0.0200,0.0049,0.0000,0.0059,0,REST-S,7,4,3
4186,7080,5:29:30,0,0.00,0,0.0200,0.0049,0.0000,0.0059,0,REST-S,7,4,3
4186,7081,5:30:00,0,0.00,0,0.0200,0.0049,0.0000,0.0059,0,REST-S,7,4,3
4186,7082,5:30:30,0,0.00,0,0.0200,0.0049,0.0000,0.0059,0,REST-S,7,4,3
4186,7083,5:31:00,0,0.00,0,0.0200,0.0049,0.0000,0.0059,0,REST-S,7,4,3
4186,7084,5:31:30,0,0.00,0,0.0200,0.0049,0.0000,0.0059,0,REST-S,7,4,3
4186,7085,5:32:00,0,0.00,0,0.0200,0.0049,0.0000,0.0059,0,REST-S,7,4,3
4186,7086,5:32:30,0,0.00,0,0.0200,0.0049,0.0000,0.0059,0,REST-S,7,4,3
4186,7087,5:33:00,0,0.00,0,0.0200,0.0049,0.0000,0.0059,0,REST-S,7,4,3
4186,7088,5:33:30,0,0.00,0,0.0200,0.0049,0.0000,0.0059,0,REST-S,7,4,3
4186,7089,5:34:00,0,0.00,0,0.0200,0.0049,0.0000,0.0059,0,REST-S,7,4,3
4186,7090,5:34:30,0,0.00,0,0.0200,0.0049,0.0000,0.0059,0,REST-S,7,4,3
4186,7091,5:35:00,0,0.00,0,0.0200,0.0049,0.0000,0.0059,0,REST-S,7,4,3
4186,7092,5:35:30,0,0.00,0,0.0200,0.0049,0.0000,0.0059,0,REST-S,7,4,3
4186,7093,5:36:00,0,0.00,0,0.0200,0.0049,0.0000,0.0059,0,REST-S,7,4,3
4186,7094,5:36:30,0,0.00,0,0.0200,0.0049,0.0000,0.0059,0,REST-S,7,4,3
4186,7095,5:37:00,0,0.00,0,0.0200,0.0049,0.0000,0.0059,0,REST-S,7,4,3
4186,7096,5:37:30,0,0.00,0,0.0200,0.0049,0.0000,0.0059,0,REST-S,7,4,3
4186,7097,5:38:00,0,0.00,0,0.0200,0.0049,0.0000,0.0059,0,REST-S,7,4,3
4186,7098,5:38:30,0,0.00,0,0.0200,0.0049,0.0000,0.0059,0,REST-S,7,4,3
4186,7099,5:39:00,0,0.00,0,0.0200,0.0049,0.0000,0.0059,0,REST-S,7,4,3
4186,7100,5:39:30,0,0.00,0,0.0200,0.0049,0.0000,0.0059,0,REST-S,7,4,3
4186,7101,5:40:00,0,0.00,0,0.0200,0.0049,0.0000,0.0059,0,REST-S,7,4,3
4186,7102,5:40:30,0,0.00,0,0.0200,0.0049,0.0000,0.0059,0,REST-S,7,4,3
4186,7103,5:41:00,0,0.00,0,0.0200,0.0049,0.0000,0.0059,0,REST-S,7,4,3
4186,7104,5:41:30,0,0.00,0,0.0200,0.0049,0.0000,0.0059,0,REST-S,7,4,3
4186,7105,5:42:00,0,65.00,0,0.0200,0.0049,0.0000,0.0059,1,REST-S,7,4,3
4186,7106,5:42:30,0,0.00,0,0.0200,0.0049,0.0000,0.0059,0,REST-S,7,4,3
4186,7107,5:43:00,0,0.00,0,0.0200,0.0049,0.0000,0.0059,0,REST-S,7,4,3
4186,7108,5:43:30,0,0.00,0,0.0200,0.0049,0.0000,0.0059,0,REST-S,7,4,3
4186,7109,5:44:00,0,0.00,0,0.0200,0.0049,0.0000,0.0059,0,REST-S,7,4,3
4186,7110,5:44:30,0,0.00,0,0.0200,0.0049,0.0000,0.0059,0,REST-S,7,4,3
4186,7111,5:45:00,0,0.00,0,0.0200,0.0049,0.0000,0.0059,0,REST-S,7,4,3
4186,7112,5:45:30,0,0.00,0,0.0200,0.0049,0.0000,0.0059,0,REST-S,7,4,3
4186,7113,5:46:00,0,0.00,0,0.0200,0.0049,0.0000,0.0059,0,REST-S,7,4,3
4186,7114,5:46:30,0,0.00,0,0.0200,0.0049,0.0000,0.0059,0,REST-S,7,4,3
4186,7115,5:47:00,0,0.00,0,0.0200,0.0049,0.0000,0.0059,0,REST-S,7,4,3
4186,7116,5:47:30,0,0.00,0,0.0200,0.0049,0.0000,0.0059,0,REST-S,7,4,3
4186,7117,5:48:00,0,0.00,0,0.0200,0.0049,0.0000,0.0059,0,REST-S,7,4,3
4186,7118,5:48:30,0,0.00,0,0.0200,0.0049,0.0000,0.0059,0,REST-S,7,4,3
4186,7119,5:49:00,0,0.00,0,0.0200,0.0049,0.0000,0.0059,0,REST-S,7,4,3
4186,7120,5:49:30,0,0.00,0,0.0200,0.0049,0.0000,0.0059,0,REST-S,7,4,3
4186,7121,5:50:00,0,0.00,0,0.0200,0.0049,0.0000,0.0059,0,REST-S,7,4,3
4186,7122,5:50:30,0,0.00,0,0.0200,0.0049,0.0000,0.0059,0,REST-S,7,4,3
4186,7123,5:51:00,0,0.00,0,0.0200,0.0049,0.0000,0.0059,0,REST-S,7,4,3
4186,7124,5:51:30,0,0.00,0,0.0200,0.0049,0.0000,0.0059,0,REST-S,7,4,3
4186,7125,5:52:00,0,0.00,0,0.0200,0.0049,0.0000,0.0059,0,REST-S,7,4,3
4186,7126,5:52:30,0,0.00,0,0.0200,0.0049,0.0000,0.0059,0,REST-S,7,4,3
4186,7127,5:53:00,0,0.00,0,0.0200,0.0049,0.0000,0.0059,0,REST-S,7,4,3
4186,7128,5:53:30,0,0.00,0,0.0200,0.0049,0.0000,0.0059,0,REST-S,7,4,3
4186,7129,5:54:00,0,0.00,0,0.0200,0.0049,0.0000,0.0059,0,REST-S,7,4,3
4186,7130,5:54:30,0,0.00,0,0.0200,0.0049,0.0000,0.0059,0,REST-S,7,4,3
4186,7131,5:55:00,0,0.00,0,0.0200,0.0049,0.0000,0.0059,0,REST-S,7,4,3
4186,7132,5:55:30,0,0.00,0,0.0200,0.0049,0.0000,0.0059,0,REST-S,7,4,3
4186,7133,5:56:00,0,0.00,0,0.0200,0.0049,0.0000,0.0059,0,REST-S,7,4,3
4186,7134,5:56:30,0,0.00,0,0.0200,0.0049,0.0000,0.0059,0,REST-S,7,4,3
4186,7135,5:57:00,0,0.00,0,0.0200,0.0049,0.0000,0.0059,0,REST-S,7,4,3
4186,7136,5:57:30,0,0.00,0,0.0200,0.0049,0.0000,0.0059,0,REST-S,7,4,3
4186,7137,5:58:00,0,0.00,0,0.0200,0.0049,0.0000,0.0059,0,REST-S,7,4,3
4186,7138,5:58:30,0,0.00,0,0.0200,0.0049,0.0000,0.0059,0,REST-S,7,4,3
4186,7139,5:59:00,0,0.00,0,0.0200,0.0049,0.0000,0.0059,0,REST-S,7,4,3
4186,7140,5:59:30,0,0.00,0,0.0200,0.0049,0.0000,0.0059,0,REST-S,7,4,3
4186,7141,6:00:00,0,0.00,0,0.0200,0.0049,0.0000,0.0059,0,REST-S,7,4,3
4186,7142,6:00:30,0,0.00,0,0.0200,0.0049,0.0000,0.0059,0,REST-S,7,4,3
4186,7143,6:01:00,0,0.00,0,0.0200,0.0049,0.0000,0.0059,0,REST-S,7,4,3
4186,7144,6:01:30,0,0.00,0,0.0200,0.0049,0.0000,0.0059,0,REST-S,7,4,3
4186,7145,6:02:00,0,0.00,0,0.0200,0.0049,0.0000,0.0059,0,REST-S,7,4,3
4186,7146,6:02:30,0,0.00,0,0.0200,0.0049,0.0000,0.0059,0,REST-S,7,4,3
4186,7147,6:03:00,0,0.00,0,0.0200,0.0049,0.0000,0.0059,0,REST-S,7,4,3
4186,7148,6:03:30,0,0.00,0,0.0200,0.0049,0.0000,0.0059,0,REST-S,7,4,3
4186,7149,6:04:00,0,0.00,0,0.0200,0.0049,0.0000,0.0059,0,REST-S,7,4,3
4186,7150,6:04:30,0,0.00,0,0.0200,0.0049,0.0000,0.0059,0,REST-S,7,4,3
4186,7151,6:05:00,0,0.00,0,0.0200,0.0049,0.0000,0.0059,0,REST-S,7,4,3
4186,7152,6:05:30,0,0.00,0,0.0200,0.0049,0.0000,0.0059,0,REST-S,7,4,3
4186,7153,6:06:00,0,0.00,0,0.0200,0.0049,0.0000,0.0059,0,REST-S,7,4,3
4186,7154,6:06:30,0,0.00,0,0.0200,0.0049,0.0000,0.0059,0,REST-S,7,4,3
4186,7155,6:07:00,0,0.00,0,0.0200,0.0049,0.0000,0.0059,0,REST-S,7,4,3
4186,7156,6:07:30,0,0.00,0,0.0200,0.0049,0.0000,0.0059,0,REST-S,7,4,3
4186,7157,6:08:00,0,0.00,0,0.0200,0.0049,0.0000,0.0059,0,REST-S,7,4,3
4186,7158,6:08:30,0,0.00,0,0.0200,0.0049,0.0000,0.0059,0,REST-S,7,4,3
4186,7159,6:09:00,0,0.00,0,0.0200,0.0049,0.0000,0.0059,0,REST-S,7,4,3
4186,7160,6:09:30,0,0.00,0,0.0200,0.0049,0.0000,0.0059,0,REST-S,7,4,3
4186,7161,6:10:00,0,0.00,0,0.0200,0.0049,0.0000,0.0059,0,REST-S,7,4,3
4186,7162,6:10:30,0,0.00,0,0.0200,0.0049,0.0000,0.0059,0,REST-S,7,4,3
4186,7163,6:11:00,0,0.00,0,0.0200,0.0049,0.0000,0.0059,0,REST-S,7,4,3
4186,7164,6:11:30,0,0.00,0,0.0200,0.0049,0.0000,0.0059,0,REST-S,7,4,3
4186,7165,6:12:00,0,0.00,0,0.0200,0.0049,0.0000,0.0059,0,REST-S,7,4,3
4186,7166,6:12:30,0,0.00,0,0.0200,0.0049,0.0000,0.0059,0,REST-S,7,4,3
4186,7167,6:13:00,0,0.00,0,0.0200,0.0049,0.0000,0.0059,0,REST-S,7,4,3
4186,7168,6:13:30,0,0.00,0,0.0200,0.0049,0.0000,0.0059,0,REST-S,7,4,3
4186,7169,6:14:00,0,0.00,0,0.0200,0.0049,0.0000,0.0059,0,REST-S,7,4,3
4186,7170,6:14:30,0,0.00,0,0.0200,0.0049,0.0000,0.0059,0,REST-S,7,4,3
4186,7171,6:15:00,0,0.00,0,0.0200,0.0049,0.0000,0.0059,0,REST-S,7,4,3
4186,7172,6:15:30,0,0.00,0,0.0200,0.0049,0.0000,0.0059,0,REST-S,7,4,3
4186,7173,6:16:00,0,0.00,0,0.0200,0.0049,0.0000,0.0059,0,REST-S,7,4,3
4186,7174,6:16:30,0,1.00,0,0.0200,0.0049,0.0000,0.0059,0,REST-S,7,4,3
4186,7175,6:17:00,0,0.00,0,0.0200,0.0049,0.0000,0.0059,0,REST-S,7,4,3
4186,7176,6:17:30,0,0.00,0,0.0200,0.0049,0.0000,0.0059,0,REST-S,7,4,3
4186,7177,6:18:00,0,61.00,0,0.0200,0.0049,0.0000,0.0059,1,REST-S,7,4,3
4186,7178,6:18:30,0,0.00,0,0.0200,0.0049,0.0000,0.0059,0,REST-S,7,4,3
4186,7179,6:19:00,0,0.00,0,0.0200,0.0049,0.0000,0.0059,0,REST-S,7,4,3
4186,7180,6:19:30,0,0.00,0,0.0200,0.0049,0.0000,0.0059,0,REST-S,7,4,3
4186,7181,6:20:00,0,0.00,0,0.0200,0.0049,0.0000,0.0059,0,REST-S,7,4,3
4186,7182,6:20:30,0,0.00,0,0.0200,0.0049,0.0000,0.0059,0,REST-S,7,4,3
4186,7183,6:21:00,0,0.00,0,0.0200,0.0049,0.0000,0.0059,0,REST-S,7,4,3
4186,7184,6:21:30,0,0.00,0,0.0200,0.0049,0.0000,0.0059,0,REST-S,7,4,3
4186,7185,6:22:00,0,0.00,0,0.0200,0.0049,0.0000,0.0059,0,REST-S,7,4,3
4186,7186,6:22:30,0,0.00,0,0.0200,0.0049,0.0000,0.0059,0,REST-S,7,4,3
4186,7187,6:23:00,0,0.00,0,0.0200,0.0049,0.0000,0.0059,0,REST-S,7,4,3
4186,7188,6:23:30,0,0.00,0,0.0200,0.0049,0.0000,0.0059,0,REST-S,7,4,3
4186,7189,6:24:00,0,0.00,0,0.0200,0.0049,0.0000,0.0059,0,REST-S,7,4,3
4186,7190,6:24:30,0,1.00,0,0.0200,0.0049,0.0000,0.0059,0,REST-S,7,4,3
4186,7191,6:25:00,0,0.00,0,0.0200,0.0049,0.0000,0.0059,0,REST-S,7,4,3
4186,7192,6:25:30,0,0.00,0,0.0200,0.0049,0.0000,0.0059,0,REST-S,7,4,3
4186,7193,6:26:00,0,0.00,0,0.0200,0.0049,0.0000,0.0059,0,REST-S,7,4,3
4186,7194,6:26:30,0,0.00,0,0.0200,0.0049,0.0000,0.0059,0,REST-S,7,4,3
4186,7195,6:27:00,0,0.00,0,0.0200,0.0049,0.0000,0.0059,0,REST-S,7,4,3
4186,7196,6:27:30,0,0.00,0,0.0200,0.0049,0.0000,0.0059,0,REST-S,7,4,3
4186,7197,6:28:00,0,0.00,0,0.0200,0.0049,0.0000,0.0059,0,REST-S,7,4,3
4186,7198,6:28:30,0,0.00,0,0.0200,0.0049,0.0000,0.0059,0,REST-S,7,4,3
4186,7199,6:29:00,0,0.00,0,0.0200,0.0049,0.0000,0.0059,0,REST-S,7,4,3
4186,7200,6:29:30,0,0.00,0,0.0200,0.0049,0.0000,0.0059,0,REST-S,7,4,3
4186,7201,6:30:00,0,0.00,0,0.0200,0.0049,0.0000,0.0059,0,REST-S,7,4,3
4186,7202,6:30:30,0,1.00,0,0.0200,0.0049,0.0000,0.0059,0,REST-S,7,4,3
4186,7203,6:31:00,0,0.00,0,0.0200,0.0049,0.0000,0.0059,0,REST-S,7,4,3
4186,7204,6:31:30,0,1.00,0,0.0200,0.0049,0.0000,0.0059,0,REST-S,7,4,3
4186,7205,6:32:00,0,0.00,0,0.0200,0.0049,0.0000,0.0059,0,REST-S,7,4,3
4186,7206,6:32:30,0,0.00,0,0.0200,0.0049,0.0000,0.0059,0,REST-S,7,4,3
4186,7207,6:33:00,0,0.00,0,0.0200,0.0049,0.0000,0.0059,0,REST-S,7,4,3
4186,7208,6:33:30,0,0.00,0,0.0200,0.0049,0.0000,0.0059,0,REST-S,7,4,3
4186,7209,6:34:00,0,0.00,0,0.0200,0.0049,0.0000,0.0059,0,REST-S,7,4,3
4186,7210,6:34:30,0,0.00,0,0.0200,0.0049,0.0000,0.0059,0,REST-S,7,4,3
4186,7211,6:35:00,0,0.00,0,0.0200,0.0049,0.0000,0.0059,0,REST-S,7,4,3
4186,7212,6:35:30,0,0.00,0,0.0200,0.0049,0.0000,0.0059,0,REST-S,7,4,3
4186,7213,6:36:00,0,0.00,0,0.0200,0.0049,0.0000,0.0059,0,REST-S,7,4,3
4186,7214,6:36:30,0,0.00,0,0.0200,0.0049,0.0000,0.0059,0,REST-S,7,4,3
4186,7215,6:37:00,0,0.00,0,0.0200,0.0049,0.0000,0.0059,0,REST-S,7,4,3
4186,7216,6:37:30,0,0.00,0,0.0200,0.0049,0.0000,0.0059,0,REST-S,7,4,3
4186,7217,6:38:00,0,0.00,0,0.0200,0.0049,0.0000,0.0059,0,REST-S,7,4,3
4186,7218,6:38:30,0,0.00,0,0.0200,0.0049,0.0000,0.0059,1,REST,7,4,3
4186,7219,6:39:00,0,26.00,0,0.0200,0.0049,0.0000,0.0059,1,REST,7,4,3
4186,7220,6:39:30,0,162.00,0,0.1700,0.0042,0.0173,0.0059,1,REST,7,4,3
4186,7221,6:40:00,0,95.00,0,0.0200,0.0049,0.0000,0.0059,1,REST,7,4,3
4186,7222,6:40:30,0,432.00,0,0.0200,0.0049,0.0000,0.0059,1,REST,7,4,3
4186,7223,6:41:00,0,109.00,0,0.0100,0.0049,0.0000,0.0000,1,REST,7,4,3
4186,7224,6:41:30,0,0.00,0,0.0200,0.0049,0.0000,0.0059,1,REST,7,4,3
4186,7225,6:42:00,0,368.00,0,0.0200,0.0049,0.0000,0.0059,1,REST,7,4,3
4186,7226,6:42:30,0,150.00,0,81.9400,9.8900,6.8500,0.0939,1,REST,7,4,3
4186,7227,6:43:00,0,75.00,0,8.1000,1.9100,0.4370,0.0535,1,REST,7,4,3
4186,7228,6:43:30,0,17.00,0,0.5700,0.0431,0.0523,0.0173,1,REST,7,4,3
4186,7229,6:44:00,0,140.00,0,1.9900,0.1880,0.1760,0.0256,1,REST,7,4,3
4186,7230,6:44:30,0,234.00,0,5.0100,1.4100,0.2140,0.0256,1,REST,7,4,3
4186,7231,6:45:00,0,167.00,0,0.0200,0.0049,0.0000,0.0059,1,ACTIVE,7,4,3
4186,7232,6:45:30,0,335.00,0,0.0200,0.0049,0.0000,0.0059,1,ACTIVE,7,4,3
4186,7233,6:46:00,0,313.00,0,0.0300,0.0099,0.0000,0.0059,1,ACTIVE,7,4,3
4186,7234,6:46:30,0,293.00,0,0.0200,0.0049,0.0000,0.0059,1,ACTIVE,7,4,3
4186,7235,6:47:00,0,335.00,0,0.0300,0.0099,0.0000,0.0059,1,ACTIVE,7,4,3
4186,7236,6:47:30,0,275.00,0,0.0500,0.0085,0.0012,0.0215,1,ACTIVE,7,4,3
4186,7237,6:48:00,0,191.00,0,0.8900,0.0298,0.0880,0.0523,1,ACTIVE,7,4,3
4186,7238,6:48:30,0,234.00,0,0.0700,0.0170,0.0012,0.0215,1,ACTIVE,7,4,3
4186,7239,6:49:00,0,17.00,0,0.0200,0.0049,0.0000,0.0059,1,ACTIVE,7,4,3
4186,7240,6:49:30,0,47.00,0,0.0200,0.0049,0.0000,0.0059,1,ACTIVE,7,4,3
4186,7241,6:50:00,0,241.00,0,2.7200,0.0724,0.2770,0.1220,1,ACTIVE,7,4,3
4186,7242,6:50:30,0,257.00,0,44.3800,1.1800,4.5400,1.8700,1,ACTIVE,7,4,3
4186,7243,6:51:00,0,303.00,0,13.8500,0.2440,1.4400,0.6460,1,ACTIVE,7,4,3
4186,7244,6:51:30,0,167.00,0,2.9900,0.0861,0.3030,0.1330,1,ACTIVE,7,4,3
4186,7245,6:52:00,0,234.00,0,7.0000,0.2090,0.7200,0.2140,1,ACTIVE,7,4,3
4186,7246,6:52:30,0,118.00,0,33.2600,0.8200,3.4200,1.3500,1,ACTIVE,7,4,3
4186,7247,6:53:00,0,167.00,0,34.1200,0.8020,3.4200,2.1700,1,ACTIVE,7,4,3
4186,7248,6:53:30,0,113.00,0,66.5600,1.6000,6.7000,3.9800,1,ACTIVE,7,4,3
4186,7249,6:54:00,0,204.00,0,59.9200,1.4100,6.1400,2.7600,1,ACTIVE,7,4,3
4186,7250,6:54:30,0,145.00,0,89.3200,2.1300,9.0700,4.7400,1,ACTIVE,7,4,3
4186,7251,6:55:00,0,92.00,0,98.8400,2.3200,10.1000,4.7400,1,ACTIVE,7,4,3
4186,7252,6:55:30,0,95.00,0,75.7100,2.2200,7.6300,3.6500,1,ACTIVE,7,4,3
4186,7253,6:56:00,0,63.00,0,69.2900,2.0800,7.0000,3.1400,1,ACTIVE,7,4,3
4186,7254,6:56:30,0,109.00,0,80.8700,2.5300,8.1400,3.6500,1,ACTIVE,7,4,3
4186,7255,6:57:00,0,145.00,0,6.3900,0.2000,0.6460,0.2720,1,ACTIVE,7,4,3
4186,7256,6:57:30,0,43.00,0,13.9100,0.4370,1.4100,0.5550,1,ACTIVE,7,4,3
4186,7257,6:58:00,0,85.00,0,72.9000,1.7100,7.4700,3.4200,1,ACTIVE,7,4,3
4186,7258,6:58:30,0,127.00,1,58.2700,1.7500,5.8800,2.6400,1,ACTIVE,7,4,3
4186,7259,6:59:00,0,52.00,0,73.6300,2.9400,7.3100,2.8800,1,ACTIVE,7,4,3
4186,7260,6:59:30,0,70.00,0,21.5600,0.7350,2.1700,0.8370,1,ACTIVE,7,4,3
4186,7261,7:00:00,0,54.00,0,16.6600,0.5670,1.6700,0.6740,1,ACTIVE,7,4,3
4186,7262,7:00:30,0,79.00,0,17.3900,0.6050,1.7500,0.6740,1,ACTIVE,7,4,3
4186,7263,7:01:00,0,70.00,0,14.0300,0.5090,1.4100,0.5200,1,ACTIVE,7,4,3
4186,7264,7:01:30,0,58.00,0,56.5500,1.4700,5.7600,2.6400,1,ACTIVE,7,4,3
4186,7265,7:02:00,0,34.00,0,30.3400,1.2900,3.0100,1.0600,1,ACTIVE,7,4,3
4186,7266,7:02:30,0,49.00,0,16.6800,0.6050,1.6700,0.6180,1,ACTIVE,7,4,3
4186,7267,7:03:00,0,63.00,0,12.0800,0.4770,1.2100,0.3920,1,ACTIVE,7,4,3
4186,7268,7:03:30,0,36.00,0,18.2600,0.6890,1.8300,0.6740,1,ACTIVE,7,4,3
4186,7269,7:04:00,0,56.00,0,18.9300,0.6600,1.9100,0.7040,1,ACTIVE,7,4,3
4186,7270,7:04:30,0,79.00,0,24.5500,1.0900,2.4200,0.8750,1,ACTIVE,7,4,3
4186,7271,7:05:00,0,45.00,0,26.7900,0.9540,2.7000,0.9750,1,ACTIVE,7,4,3
4186,7272,7:05:30,0,75.00,0,29.8400,1.0400,3.0100,1.1100,1,ACTIVE,7,4,3
4186,7273,7:06:00,0,54.00,0,29.8900,1.0600,3.0100,1.1100,1,ACTIVE,7,4,3
4186,7274,7:06:30,0,82.00,0,49.6400,1.7100,4.9500,2.3200,1,ACTIVE,7,4,3
4186,7275,7:07:00,0,40.00,0,38.1900,1.7100,3.6500,2.2200,1,ACTIVE,7,4,3
4186,7276,7:07:30,0,70.00,0,55.1400,1.8300,5.5100,2.5800,1,ACTIVE,7,4,3
4186,7277,7:08:00,0,99.00,0,49.9000,1.6000,5.0600,1.9100,1,ACTIVE,7,4,3
4186,7278,7:08:30,0,30.00,0,55.1500,2.1300,5.5100,1.9900,1,ACTIVE,7,4,3
4186,7279,7:09:00,0,95.00,0,86.2600,3.5700,8.5000,3.5700,1,ACTIVE,7,4,3
4186,7280,7:09:30,0,43.00,0,60.1400,2.2200,6.0100,2.3700,1,ACTIVE,7,4,3
4186,7281,7:10:00,0,45.00,0,140.3300,4.9500,14.0000,6.2800,1,ACTIVE,7,4,3
4186,7282,7:10:30,0,54.00,0,55.0300,1.9100,5.5100,2.3200,1,ACTIVE,7,4,3
4186,7283,7:11:00,0,52.00,0,43.7000,1.7100,4.3400,1.7100,1,ACTIVE,7,4,3
4186,7284,7:11:30,0,54.00,0,67.2900,1.8700,6.8500,2.9400,1,ACTIVE,7,4,3
4186,7285,7:12:00,0,45.00,0,67.4100,2.7600,6.7000,2.4200,1,ACTIVE,7,4,3
4186,7286,7:12:30,0,40.00,0,97.1000,3.4200,9.6800,4.3400,1,ACTIVE,7,4,3
4186,7287,7:13:00,0,45.00,0,85.0100,3.3500,8.3200,4.3400,1,ACTIVE,7,4,3
4186,7288,7:13:30,0,25.00,0,42.3800,1.7900,4.1600,1.8300,1,ACTIVE,7,4,3
4186,7289,7:14:00,0,30.00,0,25.7100,0.9540,2.5800,0.8940,1,ACTIVE,7,4,3
4186,7290,7:14:30,0,30.00,0,17.9200,0.7200,1.7900,0.6180,1,ACTIVE,7,4,3
4186,7291,7:15:00,0,38.00,0,12.0600,0.4670,1.2100,0.3920,1,ACTIVE,7,4,3
4186,7292,7:15:30,0,65.00,0,27.9600,0.9750,2.8200,1.0400,1,ACTIVE,7,4,3
4186,7293,7:16:00,0,52.00,0,25.6200,0.8560,2.5800,1.0200,1,ACTIVE,7,4,3
4186,7294,7:16:30,0,63.00,0,88.6000,2.9400,8.8800,3.9800,1,ACTIVE,7,4,3
4186,7295,7:17:00,0,63.00,0,125.3000,4.1600,12.6000,5.6300,1,ACTIVE,7,4,3
4186,7296,7:17:30,0,102.00,0,21.0300,0.7040,2.1300,0.7850,1,ACTIVE,7,4,3
4186,7297,7:18:00,0,70.00,0,27.8700,0.8750,2.8200,1.1600,1,ACTIVE,7,4,3
4186,7298,7:18:30,0,45.00,0,17.2800,0.5550,1.7500,0.6740,1,ACTIVE,7,4,3
4186,7299,7:19:00,0,65.00,0,9.8500,0.3300,0.9960,0.3680,1,ACTIVE,7,4,3
4186,7300,7:19:30,0,45.00,0,16.1600,0.4980,1.6400,0.6460,1,ACTIVE,7,4,3
4186,7301,7:20:00,0,33.00,0,8.3100,0.2900,0.8370,0.3090,1,ACTIVE,7,4,3
4186,7302,7:20:30,0,45.00,0,14.1800,0.4570,1.4400,0.5200,1,ACTIVE,7,4,3
4186,7303,7:21:00,0,13.00,0,13.0300,0.4190,1.3200,0.4980,1,ACTIVE,7,4,3
4186,7304,7:21:30,0,16.00,0,25.4900,0.7850,2.5800,1.0400,1,ACTIVE,7,4,3
4186,7305,7:22:00,0,36.00,0,21.8600,0.6740,2.2200,0.8560,1,ACTIVE,7,4,3
4186,7306,7:22:30,0,38.00,0,13.3300,0.4570,1.3500,0.4670,1,ACTIVE,7,4,3
4186,7307,7:23:00,0,52.00,0,17.2800,0.5550,1.7500,0.6740,1,ACTIVE,7,4,3
4186,7308,7:23:30,0,38.00,0,16.1600,0.5310,1.6400,0.5790,1,ACTIVE,7,4,3
4186,7309,7:24:00,0,11.00,0,14.8100,0.4670,1.5000,0.5670,1,ACTIVE,7,4,3
4186,7310,7:24:30,0,30.00,0,16.5100,0.5090,1.6700,0.6600,1,ACTIVE,7,4,3
4186,7311,7:25:00,0,47.00,0,8.8200,0.2770,0.8940,0.3450,1,ACTIVE,7,4,3
4186,7312,7:25:30,0,54.00,0,6.4000,0.2140,0.6460,0.2490,1,ACTIVE,7,4,3
4186,7313,7:26:00,0,54.00,0,9.8700,0.3160,0.9960,0.4100,1,ACTIVE,7,4,3
4186,7314,7:26:30,0,58.00,0,10.7400,0.3520,1.0900,0.4100,1,ACTIVE,7,4,3
4186,7315,7:27:00,0,19.00,0,10.2900,0.3520,1.0400,0.3680,1,ACTIVE,7,4,3
4186,7316,7:27:30,0,109.00,0,18.0500,0.5790,1.8300,0.7040,1,ACTIVE,7,4,3
4186,7317,7:28:00,0,113.00,0,140.2400,4.0700,14.3000,5.5100,1,ACTIVE,7,4,3
4186,7318,7:28:30,0,82.00,0,422.3200,12.0000,43.2000,16.3000,1,ACTIVE,7,4,3
4186,7319,7:29:00,0,67.00,0,494.4500,14.9000,50.2000,19.8000,1,ACTIVE,7,4,3
4186,7320,7:29:30,0,92.00,0,526.4000,15.6000,53.6000,20.7000,1,ACTIVE,7,4,3
4186,7321,7:30:00,0,109.00,0,539.4900,16.6000,54.8000,21.1000,1,ACTIVE,7,4,3
4186,7322,7:30:30,0,47.00,0,472.6100,14.3000,48.1000,18.1000,1,ACTIVE,7,4,3
4186,7323,7:31:00,0,47.00,0,395.8000,11.8000,40.4000,14.3000,1,ACTIVE,7,4,3
4186,7324,7:31:30,0,234.00,0,254.2700,7.8000,25.7000,11.3000,1,ACTIVE,7,4,3
4186,7325,7:32:00,0,145.00,0,254.1200,7.9700,25.7000,10.8000,1,ACTIVE,7,4,3
4186,7326,7:32:30,0,323.00,0,335.7900,10.1000,34.0000,14.3000,1,ACTIVE,7,4,3
4186,7327,7:33:00,0,461.00,0,156.9000,7.0000,15.3000,7.1500,1,ACTIVE,7,4,3
4186,7328,7:33:30,0,346.00,0,15.1000,0.4870,1.5400,0.5200,1,ACTIVE,7,4,3
4186,7329,7:34:00,0,150.00,0,7.0400,0.2090,0.7200,0.2490,1,ACTIVE,7,4,3
4186,7330,7:34:30,0,109.00,0,6.3400,0.1960,0.6460,0.2280,1,ACTIVE,7,4,3
4186,7331,7:35:00,0,67.00,0,0.5100,0.0170,0.0523,0.0173,1,ACTIVE,7,4,3
4186,7332,7:35:30,0,34.00,0,0.8800,0.0339,0.0880,0.0292,1,ACTIVE,7,4,3
4186,7333,7:36:00,0,393.00,0,0.5300,0.0170,0.0523,0.0292,1,ACTIVE,7,4,3
4186,7334,7:36:30,0,461.00,0,202.7200,7.3100,20.2000,8.6900,1,ACTIVE,7,4,3
4186,7335,7:37:00,0,293.00,0,404.7500,14.3000,40.4000,17.4000,1,ACTIVE,7,4,3
4186,7336,7:37:30,0,145.00,0,654.6700,18.9000,66.6000,27.4000,1,ACTIVE,7,4,3
4186,7337,7:38:00,0,150.00,0,784.8100,15.9000,82.7000,23.5000,1,ACTIVE,7,4,3
4186,7338,7:38:30,0,293.00,0,892.1900,27.4000,90.1000,38.7000,1,ACTIVE,7,4,3
4186,7339,7:39:00,0,204.00,0,644.2300,23.5000,63.7000,31.2000,1,ACTIVE,7,4,3
4186,7340,7:39:30,0,140.00,0,402.1200,11.3000,40.4000,21.1000,1,ACTIVE,7,4,3
4186,7341,7:40:00,0,184.00,0,1054.310,31.9000,107.0000,41.3000,1,ACTIVE,7,4,3
4186,7342,7:40:30,0,204.00,0,1028.810,35.5000,103.0000,47.1000,1,ACTIVE,7,4,3
4186,7343,7:41:00,0,218.00,0,693.3100,23.5000,69.5000,29.9000,1,ACTIVE,7,4,3
4186,7344,7:41:30,0,323.00,0,609.7500,20.2000,61.0000,28.0000,1,ACTIVE,7,4,3
4186,7345,7:42:00,0,524.00,0,970.2600,31.2000,98.3000,37.1000,1,ACTIVE,7,4,3
4186,7346,7:42:30,0,184.00,0,509.4100,17.8000,51.3000,18.9000,1,ACTIVE,7,4,3
4186,7347,7:43:00,0,140.00,0,1349.280,41.3000,136.0000,61.0000,1,ACTIVE,7,4,3
4186,7348,7:43:30,0,156.00,0,650.8600,21.6000,66.6000,18.5000,1,ACTIVE,7,4,3
4186,7349,7:44:00,0,127.00,0,737.6800,25.1000,74.2000,29.9000,1,ACTIVE,7,4,3
4186,7350,7:44:30,0,204.00,0,46.1100,3.3500,4.3400,0.6050,1,ACTIVE,7,4,3
4186,7351,7:45:00,0,405.00,0,447.0900,28.6000,43.2000,5.3900,1,ACTIVE,7,4,3
4186,7352,7:45:30,0,346.00,0,107.1200,4.4400,10.6000,4.4400,1,ACTIVE,7,4,3
4186,7353,7:46:00,0,346.00,0,4.9900,0.2440,0.4870,0.1690,1,ACTIVE,7,4,3
4186,7354,7:46:30,0,476.00,0,76.3000,5.1700,7.1500,2.0800,1,ACTIVE,7,4,3
4186,7355,7:47:00,0,335.00,0,144.8500,10.6000,13.4000,3.8100,1,ACTIVE,7,4,3
4186,7356,7:47:30,0,156.00,0,79.4100,8.3200,6.8500,0.9750,1,ACTIVE,7,4,3
4186,7357,7:48:00,0,293.00,0,106.5100,11.0000,9.2700,0.8560,1,ACTIVE,7,4,3
4186,7358,7:48:30,0,508.00,0,85.5600,7.1500,7.6300,2.7000,1,ACTIVE,7,4,3
4186,7359,7:49:00,0,266.00,0,318.7000,24.6000,29.9000,2.5800,1,ACTIVE,7,4,3
4186,7360,7:49:30,0,346.00,0,254.4100,26.8000,22.1000,1.8700,1,ACTIVE,7,4,3
4186,7361,7:50:00,0,461.00,0,184.7500,11.8000,17.4000,6.0100,1,ACTIVE,7,4,3
4186,7362,7:50:30,0,266.00,0,218.5400,19.4000,19.4000,5.6300,1,ACTIVE,7,4,3
4186,7363,7:51:00,0,405.00,0,187.6700,11.5000,17.8000,6.1400,1,ACTIVE,7,4,3
4186,7364,7:51:30,0,357.00,0,159.2800,10.6000,14.9000,4.7400,1,ACTIVE,7,4,3
4186,7365,7:52:00,0,346.00,0,0.4400,0.0470,0.0378,0.0023,1,ACTIVE,7,4,3
4186,7366,7:52:30,0,266.00,0,1.2200,0.1510,0.1000,0.0070,1,ACTIVE,7,4,3
4186,7367,7:53:00,0,0.00,0,0.9700,0.0861,0.0880,0.0070,1,ACTIVE,7,4,3
4186,7368,7:53:30,0,1.00,0,0.9700,0.0861,0.0880,0.0070,1,ACTIVE,7,4,3
4186,7369,7:54:00,0,0.00,0,1.0900,0.0939,0.1000,0.0070,0,ACTIVE,7,4,3
4186,7370,7:54:30,0,2.00,0,0.9900,0.0939,0.0880,0.0070,0,ACTIVE,7,4,3
4186,7371,7:55:00,0,2.00,0,1.1000,0.0981,0.1000,0.0070,1,ACTIVE,7,4,3
4186,7372,7:55:30,0,1.00,0,1.1500,0.1190,0.1000,0.0070,1,ACTIVE,7,4,3
4186,7373,7:56:00,0,122.00,0,0.9900,0.0939,0.0880,0.0070,1,ACTIVE,7,4,3
4186,7374,7:56:30,0,275.00,0,13.1300,1.1800,1.1800,0.1270,1,ACTIVE,7,4,3
4186,7375,7:57:00,0,173.00,0,0.0200,0.0049,0.0000,0.0059,1,ACTIVE,7,4,3
4186,7376,7:57:30,0,79.00,0,0.0300,0.0099,0.0000,0.0059,1,ACTIVE,7,4,3
4186,7377,7:58:00,0,22.00,0,0.0300,0.0099,0.0000,0.0059,1,ACTIVE,7,4,3
4186,7378,7:58:30,0,2.00,0,0.0300,0.0099,0.0000,0.0059,1,ACTIVE,7,4,3
4186,7379,7:59:00,0,4.00,0,0.0300,0.0099,0.0000,0.0059,1,ACTIVE,7,4,3
4186,7380,7:59:30,0,156.00,0,45.6700,2.5300,4.3400,1.8700,1,ACTIVE,7,4,3
4186,7381,8:00:00,0,191.00,0,104.3900,5.5100,10.1000,3.3500,1,ACTIVE,7,4,3
4186,7382,8:00:30,0,357.00,0,98.2000,6.4200,9.2700,2.5800,1,ACTIVE,7,4,3
4186,7383,8:01:00,0,405.00,0,104.9900,7.6300,9.8900,1.3500,1,ACTIVE,7,4,3
4186,7384,8:01:30,0,113.00,0,154.7200,8.6900,14.9000,4.3400,1,ACTIVE,7,4,3
4186,7385,8:02:00,0,113.00,0,203.8200,11.0000,19.8000,5.6300,1,ACTIVE,7,4,3
4186,7386,8:02:30,0,156.00,0,203.2800,10.1000,19.8000,7.0000,1,ACTIVE,7,4,3
4186,7387,8:03:00,0,419.00,0,179.0200,8.6900,17.4000,7.0000,1,ACTIVE,7,4,3
4186,7388,8:03:30,0,234.00,0,185.9700,9.2700,18.1000,6.0100,1,ACTIVE,7,4,3
4186,7389,8:04:00,0,249.00,0,133.7100,8.6900,12.6000,4.1600,1,ACTIVE,7,4,3
4186,7390,8:04:30,0,346.00,0,167.6800,8.5000,16.3000,5.7600,1,ACTIVE,7,4,3
4186,7391,8:05:00,0,335.00,0,71.1200,4.8400,6.5600,2.7600,1,ACTIVE,7,4,3
4186,7392,8:05:30,0,368.00,0,44.6000,3.5000,4.0700,1.1100,1,ACTIVE,7,4,3
4186,7393,8:06:00,0,257.00,0,196.6800,8.8800,19.4000,6.8500,1,ACTIVE,7,4,3
4186,7394,8:06:30,0,447.00,0,137.5000,7.1500,13.4000,3.9800,1,ACTIVE,7,4,3
4186,7395,8:07:00,0,266.00,0,169.8800,8.3200,16.6000,5.2800,1,ACTIVE,7,4,3
4186,7396,8:07:30,0,211.00,0,181.8400,8.8800,17.8000,6.1400,1,ACTIVE,7,4,3
4186,7397,8:08:00,0,109.00,0,166.4000,8.3200,16.3000,4.9500,1,ACTIVE,7,4,3
4186,7398,8:08:30,0,284.00,0,115.9300,7.0000,11.0000,3.5700,1,ACTIVE,7,4,3
4186,7399,8:09:00,0,541.00,0,104.9200,4.9500,10.3000,3.2100,1,ACTIVE,7,4,3
4186,7400,8:09:30,0,596.00,0,156.7800,7.6300,15.3000,5.7600,1,ACTIVE,7,4,3
4186,7401,8:10:00,0,303.00,0,138.8900,7.3100,13.4000,4.9500,1,ACTIVE,7,4,3
4186,7402,8:10:30,0,234.00,0,166.8800,8.3200,16.3000,5.3900,1,ACTIVE,7,4,3
4186,7403,8:11:00,0,234.00,0,189.1600,9.0700,18.5000,6.1400,1,ACTIVE,7,4,3
4186,7404,8:11:30,0,198.00,0,189.7400,9.2700,18.5000,6.2800,1,ACTIVE,7,4,3
4186,7405,8:12:00,0,393.00,0,214.3100,9.6800,21.1000,7.3100,1,ACTIVE,7,4,3
4186,7406,8:12:30,0,323.00,0,201.5600,9.4700,19.8000,6.7000,1,ACTIVE,7,4,3
4186,7407,8:13:00,0,266.00,0,147.1300,7.4700,14.3000,4.9500,1,ACTIVE,7,4,3
4186,7408,8:13:30,0,234.00,0,122.3200,7.8000,11.5000,3.9000,1,ACTIVE,7,4,3
4186,7409,8:14:00,0,173.00,0,166.5000,7.9700,16.3000,5.7600,1,ACTIVE,7,4,3
4186,7410,8:14:30,0,179.00,0,177.9500,8.6900,17.4000,6.0100,1,ACTIVE,7,4,3
4186,7411,8:15:00,0,211.00,0,111.3800,7.8000,10.6000,1.5400,1,ACTIVE,7,4,3
4186,7412,8:15:30,0,346.00,0,121.0400,7.0000,11.5000,4.3400,1,ACTIVE,7,4,3
4186,7413,8:16:00,0,257.00,0,189.6000,9.2700,18.5000,6.1400,1,ACTIVE,7,4,3
4186,7414,8:16:30,0,393.00,0,189.3300,8.8800,18.5000,6.7000,1,ACTIVE,7,4,3
4186,7415,8:17:00,0,335.00,0,185.2500,8.8800,18.1000,6.1400,1,ACTIVE,7,4,3
4186,7416,8:17:30,0,211.00,0,152.7900,7.4700,14.9000,5.0600,1,ACTIVE,7,4,3
4186,7417,8:18:00,0,284.00,0,129.5800,7.8000,12.3000,4.3400,1,ACTIVE,7,4,3
4186,7418,8:18:30,0,167.00,0,155.4100,7.8000,15.3000,4.1600,1,ACTIVE,7,4,3
4186,7419,8:19:00,0,323.00,0,111.6200,7.8000,10.3000,3.5700,1,ACTIVE,7,4,3
4186,7420,8:19:30,0,226.00,0,152.7200,7.1500,14.9000,5.6300,1,ACTIVE,7,4,3
4186,7421,8:20:00,0,198.00,0,146.2400,6.8500,14.3000,5.3900,1,ACTIVE,7,4,3
4186,7422,8:20:30,0,234.00,0,129.3800,7.9700,12.3000,3.8100,1,ACTIVE,7,4,3
4186,7423,8:21:00,0,405.00,0,158.9500,7.4700,15.6000,5.3900,1,ACTIVE,7,4,3
4186,7424,8:21:30,0,211.00,0,197.5500,9.2700,19.4000,6.8500,1,ACTIVE,7,4,3
4186,7425,8:22:00,0,335.00,0,185.9700,9.0700,18.1000,6.4200,1,ACTIVE,7,4,3
4186,7426,8:22:30,0,266.00,0,215.7500,10.3000,21.1000,7.3100,1,ACTIVE,7,4,3
4186,7427,8:23:00,0,335.00,0,119.8700,6.5600,11.5000,4.1600,1,ACTIVE,7,4,3
4186,7428,8:23:30,0,249.00,0,197.5500,9.2700,19.4000,6.8500,1,ACTIVE,7,4,3
4186,7429,8:24:00,0,447.00,0,133.9100,8.6900,12.6000,4.3400,1,ACTIVE,7,4,3
4186,7430,8:24:30,0,173.00,0,231.8800,11.5000,22.5000,8.3200,1,ACTIVE,7,4,3
4186,7431,8:25:00,0,136.00,0,168.8100,9.0700,16.3000,5.6300,1,ACTIVE,7,4,3
4186,7432,8:25:30,0,6.00,0,119.3700,6.4200,11.5000,3.9800,1,ACTIVE,7,4,3
4186,7433,8:26:00,0,191.00,0,144.2300,7.1500,14.0000,5.3900,1,ACTIVE,7,4,3
4186,7434,8:26:30,0,136.00,0,167.5600,8.3200,16.3000,6.0100,1,ACTIVE,7,4,3
4186,7435,8:27:00,0,167.00,0,129.6400,6.8500,12.6000,4.1600,1,ACTIVE,7,4,3
4186,7436,8:27:30,0,323.00,0,137.8200,9.2700,12.8000,4.5400,1,ACTIVE,7,4,3
4186,7437,8:28:00,0,257.00,0,249.0700,13.1000,24.0000,8.6900,1,ACTIVE,7,4,3
4186,7438,8:28:30,0,284.00,0,242.5300,12.3000,23.5000,8.5000,1,ACTIVE,7,4,3
4186,7439,8:29:00,0,275.00,0,273.1700,12.8000,26.8000,9.2700,1,ACTIVE,7,4,3
4186,7440,8:29:30,0,241.00,0,241.7500,12.0000,23.5000,8.3200,1,ACTIVE,7,4,3
4186,7441,8:30:00,0,234.00,0,265.1300,13.7000,25.7000,9.2700,1,ACTIVE,7,4,3
4186,7442,8:30:30,0,303.00,0,232.6400,11.8000,22.5000,8.5000,1,ACTIVE,7,4,3
4186,7443,8:31:00,0,131.00,0,252.4500,12.6000,24.6000,8.6900,1,ACTIVE,7,4,3
4186,7444,8:31:30,0,191.00,0,233.2100,12.3000,22.5000,7.9700,1,ACTIVE,7,4,3
4186,7445,8:32:00,0,559.00,0,276.4200,14.0000,26.8000,9.8900,1,ACTIVE,7,4,3
4186,7446,8:32:30,0,357.00,0,275.7600,13.7000,26.8000,9.8900,1,ACTIVE,7,4,3
4186,7447,8:33:00,0,323.00,0,247.6400,12.6000,24.0000,8.5000,1,ACTIVE,7,4,3
4186,7448,8:33:30,0,234.00,0,241.1800,12.0000,23.5000,7.8000,1,ACTIVE,7,4,3
4186,7449,8:34:00,0,226.00,0,241.1100,11.3000,23.5000,9.2700,1,ACTIVE,7,4,3
4186,7450,8:34:30,0,293.00,0,218.3800,11.0000,21.1000,8.3200,1,ACTIVE,7,4,3
4186,7451,8:35:00,0,218.00,0,236.7600,12.0000,23.0000,7.8000,1,ACTIVE,7,4,3
4186,7452,8:35:30,0,303.00,0,227.6400,11.8000,22.1000,7.8000,1,ACTIVE,7,4,3
4186,7453,8:36:00,0,284.00,0,232.0800,12.0000,22.5000,7.4700,1,ACTIVE,7,4,3
4186,7454,8:36:30,0,335.00,0,236.7600,12.0000,23.0000,7.8000,1,ACTIVE,7,4,3
4186,7455,8:37:00,0,249.00,0,223.3200,11.8000,21.6000,7.6300,1,ACTIVE,7,4,3
4186,7456,8:37:30,0,284.00,0,243.7400,12.6000,23.5000,9.0700,1,ACTIVE,7,4,3
4186,7457,8:38:00,0,293.00,0,157.1900,11.0000,14.9000,1.8700,1,ACTIVE,7,4,3
4186,7458,8:38:30,0,303.00,0,262.7000,12.3000,25.7000,9.8900,1,ACTIVE,7,4,3
4186,7459,8:39:00,0,145.00,0,276.9900,13.7000,26.8000,11.0000,1,ACTIVE,7,4,3
4186,7460,8:39:30,0,167.00,0,151.1400,10.3000,14.0000,5.2800,1,ACTIVE,7,4,3
4186,7461,8:40:00,0,541.00,0,253.0600,12.0000,24.6000,10.3000,1,ACTIVE,7,4,3
4186,7462,8:40:30,0,218.00,0,243.5300,12.6000,23.5000,8.8800,1,ACTIVE,7,4,3
4186,7463,8:41:00,0,313.00,0,222.4300,11.0000,21.6000,8.3200,1,ACTIVE,7,4,3
4186,7464,8:41:30,0,293.00,0,212.1400,10.3000,20.7000,7.6300,1,ACTIVE,7,4,3
4186,7465,8:42:00,0,432.00,0,230.7800,11.5000,22.5000,7.3100,1,ACTIVE,7,4,3
4186,7466,8:42:30,0,313.00,0,212.2800,10.6000,20.7000,7.3100,1,ACTIVE,7,4,3
4186,7467,8:43:00,0,524.00,0,189.8200,8.8800,18.5000,7.1500,1,ACTIVE,7,4,3
4186,7468,8:43:30,0,313.00,0,221.1600,10.8000,21.6000,7.6300,1,ACTIVE,7,4,3
4186,7469,8:44:00,0,266.00,0,221.3400,10.8000,21.6000,7.8000,1,ACTIVE,7,4,3
4186,7470,8:44:30,0,335.00,0,136.3300,8.5000,12.8000,4.7400,1,ACTIVE,7,4,3
4186,7471,8:45:00,0,234.00,0,135.2500,7.6300,12.8000,5.5100,1,ACTIVE,7,4,3
4186,7472,8:45:30,0,266.00,0,212.1100,10.6000,20.7000,7.1500,1,ACTIVE,7,4,3
4186,7473,8:46:00,0,275.00,0,221.3400,10.8000,21.6000,7.8000,1,ACTIVE,7,4,3
4186,7474,8:46:30,0,335.00,0,112.4400,6.2800,10.8000,3.7300,1,ACTIVE,7,4,3
4186,7475,8:47:00,0,211.00,0,122.9100,7.8000,11.5000,4.4400,1,ACTIVE,7,4,3
4186,7476,8:47:30,0,218.00,0,207.9100,10.3000,20.2000,7.3100,1,ACTIVE,7,4,3
4186,7477,8:48:00,0,204.00,0,198.4600,9.6800,19.4000,6.8500,1,ACTIVE,7,4,3
4186,7478,8:48:30,0,102.00,0,217.3500,10.6000,21.1000,8.3200,1,ACTIVE,7,4,3
4186,7479,8:49:00,0,184.00,0,236.7600,11.8000,23.0000,8.3200,1,ACTIVE,7,4,3
4186,7480,8:49:30,0,432.00,0,149.4600,9.6800,14.0000,5.0600,1,ACTIVE,7,4,3
4186,7481,8:50:00,0,198.00,0,273.2400,12.6000,26.8000,9.8900,1,ACTIVE,7,4,3
4186,7482,8:50:30,0,211.00,0,231.8800,11.5000,22.5000,8.3200,1,ACTIVE,7,4,3
4186,7483,8:51:00,0,191.00,0,246.4600,12.0000,24.0000,8.5000,1,ACTIVE,7,4,3
4186,7484,8:51:30,0,303.00,0,144.4500,7.3100,14.0000,5.2800,1,ACTIVE,7,4,3
4186,7485,8:52:00,0,198.00,0,101.7600,6.8500,9.4700,3.3500,1,ACTIVE,7,4,3
4186,7486,8:52:30,0,218.00,0,178.8100,8.8800,17.4000,6.4200,1,ACTIVE,7,4,3
4186,7487,8:53:00,0,113.00,0,99.1100,7.3100,9.0700,3.2100,1,ACTIVE,7,4,3
4186,7488,8:53:30,0,109.00,0,134.2700,7.4700,12.8000,4.9500,1,ACTIVE,7,4,3
4186,7489,8:54:00,0,7.00,0,289.5800,11.8000,28.6000,12.0000,1,ACTIVE,7,4,3
4186,7490,8:54:30,0,99.00,0,245.7700,11.0000,24.0000,9.8900,1,ACTIVE,7,4,3
4186,7491,8:55:00,0,89.00,0,200.4000,10.3000,19.4000,7.3100,1,ACTIVE,7,4,3
4186,7492,8:55:30,0,173.00,0,193.3400,9.8900,18.5000,8.3200,1,ACTIVE,7,4,3
4186,7493,8:56:00,0,49.00,0,185.8300,10.1000,17.8000,7.3100,1,ACTIVE,7,4,3
4186,7494,8:56:30,0,136.00,0,209.6100,11.0000,20.2000,7.4700,1,ACTIVE,7,4,3
4186,7495,8:57:00,0,191.00,0,156.5400,8.8800,14.9000,5.6300,1,ACTIVE,7,4,3
4186,7496,8:57:30,0,211.00,0,161.7100,13.1000,14.9000,1.7900,1,ACTIVE,7,4,3
4186,7497,8:58:00,0,346.00,0,261.5000,14.6000,25.1000,8.5000,1,ACTIVE,7,4,3
4186,7498,8:58:30,0,357.00,0,372.3300,22.1000,35.5000,11.5000,1,ACTIVE,7,4,3
4186,7499,8:59:00,0,257.00,0,530.0000,26.2000,51.3000,20.7000,1,ACTIVE,7,4,3
4186,7500,8:59:30,0,393.00,0,423.5700,20.7000,41.3000,14.6000,1,ACTIVE,7,4,3
4186,7501,9:00:00,0,313.00,0,341.2800,23.0000,31.9000,10.3000,1,ACTIVE,7,4,3
4186,7502,9:00:30,0,381.00,0,471.2700,23.0000,46.1000,15.6000,1,ACTIVE,7,4,3
4186,7503,9:01:00,0,357.00,0,361.8000,19.8000,34.8000,12.6000,1,ACTIVE,7,4,3
4186,7504,9:01:30,0,204.00,0,331.2200,20.2000,31.2000,12.3000,1,ACTIVE,7,4,3
4186,7505,9:02:00,0,541.00,0,284.8300,15.3000,27.4000,10.3000,1,ACTIVE,7,4,3
4186,7506,9:02:30,0,204.00,0,244.4000,13.4000,23.5000,7.9700,1,ACTIVE,7,4,3
4186,7507,9:03:00,0,211.00,0,230.8900,13.4000,22.1000,7.4700,1,ACTIVE,7,4,3
4186,7508,9:03:30,0,293.00,0,290.8700,15.9000,28.0000,9.6800,1,ACTIVE,7,4,3
4186,7509,9:04:00,0,204.00,0,266.7300,14.6000,25.7000,8.8800,1,ACTIVE,7,4,3
4186,7510,9:04:30,0,313.00,0,273.2900,15.3000,26.2000,9.0700,1,ACTIVE,7,4,3
4186,7511,9:05:00,0,266.00,0,278.4900,14.9000,26.8000,9.8900,1,ACTIVE,7,4,3
4186,7512,9:05:30,0,226.00,0,266.0400,14.3000,25.7000,8.8800,1,ACTIVE,7,4,3
4186,7513,9:06:00,0,257.00,0,237.9400,12.6000,23.0000,7.8000,1,ACTIVE,7,4,3
4186,7514,9:06:30,0,284.00,0,240.3700,13.4000,23.0000,8.3200,1,ACTIVE,7,4,3
4186,7515,9:07:00,0,335.00,0,143.6600,9.8900,13.4000,4.0700,1,ACTIVE,7,4,3
4186,7516,9:07:30,0,357.00,0,248.9200,12.6000,24.0000,9.6800,1,ACTIVE,7,4,3
4186,7517,9:08:00,0,405.00,0,172.1100,9.2700,16.6000,5.3900,1,ACTIVE,7,4,3
4186,7518,9:08:30,0,346.00,0,232.9100,12.6000,22.5000,7.1500,1,ACTIVE,7,4,3
4186,7519,9:09:00,0,508.00,0,255.1700,13.7000,24.6000,8.8800,1,ACTIVE,7,4,3
4186,7520,9:09:30,0,368.00,0,92.9300,5.2800,8.8800,3.2100,1,ACTIVE,7,4,3
4186,7521,9:10:00,0,419.00,0,301.6900,15.3000,29.2000,11.0000,1,ACTIVE,7,4,3
4186,7522,9:10:30,0,346.00,0,272.5300,14.6000,26.2000,9.6800,1,ACTIVE,7,4,3
4186,7523,9:11:00,0,293.00,0,233.8000,12.6000,22.5000,7.9700,1,ACTIVE,7,4,3
4186,7524,9:11:30,0,266.00,0,193.7700,11.0000,18.5000,6.4200,1,ACTIVE,7,4,3
4186,7525,9:12:00,0,249.00,0,206.0600,11.5000,19.8000,6.7000,1,ACTIVE,7,4,3
4186,7526,9:12:30,0,508.00,0,228.7900,12.3000,22.1000,7.8000,1,ACTIVE,7,4,3
4186,7527,9:13:00,0,293.00,0,223.3200,11.8000,21.6000,7.6300,1,ACTIVE,7,4,3
4186,7528,9:13:30,0,293.00,0,229.2000,12.6000,22.1000,7.6300,1,ACTIVE,7,4,3
4186,7529,9:14:00,0,249.00,0,262.2100,14.9000,25.1000,8.5000,1,ACTIVE,7,4,3
4186,7530,9:14:30,0,204.00,0,286.3900,16.3000,27.4000,9.6800,1,ACTIVE,7,4,3
4186,7531,9:15:00,0,241.00,0,239.1200,12.6000,23.0000,8.8800,1,ACTIVE,7,4,3
4186,7532,9:15:30,0,275.00,0,255.9000,14.3000,24.6000,8.3200,1,ACTIVE,7,4,3
4186,7533,9:16:00,0,218.00,0,290.5800,15.6000,28.0000,10.1000,1,ACTIVE,7,4,3
4186,7534,9:16:30,0,293.00,0,291.0700,15.6000,28.0000,10.6000,1,ACTIVE,7,4,3
4186,7535,9:17:00,0,191.00,0,359.9000,17.8000,34.8000,14.9000,1,ACTIVE,7,4,3
4186,7536,9:17:30,0,303.00,0,214.0600,11.5000,20.7000,7.0000,1,ACTIVE,7,4,3
4186,7537,9:18:00,0,167.00,0,254.7600,13.7000,24.6000,8.5000,1,ACTIVE,7,4,3
4186,7538,9:18:30,0,198.00,0,238.7300,12.8000,23.0000,7.9700,1,ACTIVE,7,4,3
4186,7539,9:19:00,0,131.00,0,117.3200,7.4700,11.0000,3.9000,1,ACTIVE,7,4,3
4186,7540,9:19:30,0,204.00,0,222.4000,11.3000,21.6000,7.8000,1,ACTIVE,7,4,3
4186,7541,9:20:00,0,145.00,0,191.3100,10.1000,18.5000,6.0100,1,ACTIVE,7,4,3
4186,7542,9:20:30,0,89.00,0,158.3600,8.6900,15.3000,5.0600,1,ACTIVE,7,4,3
4186,7543,9:21:00,0,150.00,0,123.7200,6.2800,12.0000,4.1600,1,ACTIVE,7,4,3
4186,7544,9:21:30,0,241.00,0,214.6200,11.8000,20.7000,7.0000,1,ACTIVE,7,4,3
4186,7545,9:22:00,0,275.00,0,224.3800,12.6000,21.6000,7.0000,1,ACTIVE,7,4,3
4186,7546,9:22:30,0,179.00,0,136.8100,10.1000,12.8000,1.9100,1,ACTIVE,7,4,3
4186,7547,9:23:00,0,419.00,0,199.9300,10.6000,19.4000,6.4200,1,ACTIVE,7,4,3
4186,7548,9:23:30,0,234.00,0,281.3800,13.1000,27.4000,11.5000,1,ACTIVE,7,4,3
4186,7549,9:24:00,0,335.00,0,187.6400,9.8900,18.1000,6.2800,1,ACTIVE,7,4,3
4186,7550,9:24:30,0,323.00,0,238.1500,12.0000,23.0000,9.0700,1,ACTIVE,7,4,3
4186,7551,9:25:00,0,257.00,0,204.2700,10.6000,19.8000,7.0000,1,ACTIVE,7,4,3
4186,7552,9:25:30,0,698.00,0,225.0300,12.3000,21.6000,8.1400,1,ACTIVE,7,4,3
4186,7553,9:26:00,0,524.00,0,179.3500,8.6900,17.4000,7.3100,1,ACTIVE,7,4,3
4186,7554,9:26:30,0,303.00,0,212.3500,11.0000,20.7000,6.4200,1,ACTIVE,7,4,3
4186,7555,9:27:00,0,432.00,0,168.9000,13.1000,15.3000,5.7600,1,ACTIVE,7,4,3
4186,7556,9:27:30,0,419.00,0,268.9000,17.4000,25.1000,9.6800,1,ACTIVE,7,4,3
4186,7557,9:28:00,0,524.00,0,242.9600,12.8000,23.5000,7.8000,1,ACTIVE,7,4,3
4186,7558,9:28:30,0,218.00,0,253.8900,13.1000,24.6000,8.8800,1,ACTIVE,7,4,3
4186,7559,9:29:00,0,266.00,0,218.7500,11.8000,21.1000,7.1500,1,ACTIVE,7,4,3
4186,7560,9:29:30,0,226.00,0,228.0900,12.3000,22.1000,7.1500,1,ACTIVE,7,4,3
4186,7561,9:30:00,0,275.00,0,264.9200,13.4000,25.7000,9.6800,1,ACTIVE,7,4,3
4186,7562,9:30:30,0,241.00,0,244.1500,13.1000,23.5000,8.3200,1,ACTIVE,7,4,3
4186,7563,9:31:00,0,313.00,0,301.6900,15.3000,29.2000,11.0000,1,ACTIVE,7,4,3
4186,7564,9:31:30,0,357.00,0,253.6800,13.1000,24.6000,8.6900,1,ACTIVE,7,4,3
4186,7565,9:32:00,0,381.00,0,254.3100,13.4000,24.6000,8.6900,1,ACTIVE,7,4,3
4186,7566,9:32:30,0,303.00,0,213.1900,11.3000,20.7000,6.7000,1,ACTIVE,7,4,3
4186,7567,9:33:00,0,184.00,0,256.2600,14.0000,24.6000,9.2700,1,ACTIVE,7,4,3
4186,7568,9:33:30,0,249.00,0,200.4000,10.3000,19.4000,7.3100,1,ACTIVE,7,4,3
4186,7569,9:34:00,0,357.00,0,228.0300,12.0000,22.1000,7.6300,1,ACTIVE,7,4,3
4186,7570,9:34:30,0,303.00,0,237.7300,12.0000,23.0000,8.6900,1,ACTIVE,7,4,3
4186,7571,9:35:00,0,249.00,0,200.2300,10.3000,19.4000,7.1500,1,ACTIVE,7,4,3
4186,7572,9:35:30,0,293.00,0,222.9700,11.8000,21.6000,7.3100,1,ACTIVE,7,4,3
4186,7573,9:36:00,0,368.00,0,263.2900,12.6000,25.7000,9.8900,1,ACTIVE,7,4,3
4186,7574,9:36:30,0,541.00,0,231.3400,11.3000,22.5000,8.3200,1,ACTIVE,7,4,3
4186,7575,9:37:00,0,323.00,0,280.4800,13.4000,27.4000,10.1000,1,ACTIVE,7,4,3
4186,7576,9:37:30,0,335.00,0,226.1900,11.0000,22.1000,7.9700,1,ACTIVE,7,4,3
4186,7577,9:38:00,0,541.00,0,186.6400,12.6000,17.4000,6.1400,1,ACTIVE,7,4,3
4186,7578,9:38:30,0,405.00,0,223.7800,12.3000,21.6000,7.0000,1,ACTIVE,7,4,3
4186,7579,9:39:00,0,476.00,0,189.7700,10.8000,18.1000,6.4200,1,ACTIVE,7,4,3
4186,7580,9:39:30,0,257.00,0,249.7000,13.4000,24.0000,8.6900,1,ACTIVE,7,4,3
4186,7581,9:40:00,0,293.00,0,225.2500,12.6000,21.6000,7.8000,1,ACTIVE,7,4,3
4186,7582,9:40:30,0,419.00,0,255.7100,14.3000,24.6000,8.1400,1,ACTIVE,7,4,3
4186,7583,9:41:00,0,476.00,0,297.1900,15.9000,28.6000,10.6000,1,ACTIVE,7,4,3
4186,7584,9:41:30,0,284.00,0,238.7100,12.6000,23.0000,8.5000,1,ACTIVE,7,4,3
4186,7585,9:42:00,0,293.00,0,186.0000,14.0000,17.0000,5.6300,1,ACTIVE,7,4,3
4186,7586,9:42:30,0,405.00,0,256.3000,14.3000,24.6000,8.6900,1,ACTIVE,7,4,3
4186,7587,9:43:00,0,198.00,0,284.1300,15.3000,27.4000,9.6800,1,ACTIVE,7,4,3
4186,7588,9:43:30,0,257.00,0,171.6700,9.0700,16.6000,5.3900,1,ACTIVE,7,4,3
4186,7589,9:44:00,0,293.00,0,254.9500,13.4000,24.6000,9.2700,1,ACTIVE,7,4,3
4186,7590,9:44:30,0,303.00,0,235.1200,13.4000,22.5000,7.4700,1,ACTIVE,7,4,3
4186,7591,9:45:00,0,249.00,0,331.5000,18.1000,31.9000,11.3000,1,ACTIVE,7,4,3
4186,7592,9:45:30,0,323.00,0,311.9800,17.4000,29.9000,11.0000,1,ACTIVE,7,4,3
4186,7593,9:46:00,0,184.00,0,284.8600,15.6000,27.4000,9.6800,1,ACTIVE,7,4,3
4186,7594,9:46:30,0,226.00,0,311.2000,19.8000,29.2000,10.6000,1,ACTIVE,7,4,3
4186,7595,9:47:00,0,405.00,0,324.9300,17.8000,31.2000,11.5000,1,ACTIVE,7,4,3
4186,7596,9:47:30,0,218.00,0,295.7600,18.5000,28.0000,8.8800,1,ACTIVE,7,4,3
4186,7597,9:48:00,0,218.00,0,163.6100,9.2700,15.6000,6.0100,1,ACTIVE,7,4,3
4186,7598,9:48:30,0,89.00,0,248.8600,12.8000,24.0000,9.0700,1,ACTIVE,7,4,3
4186,7599,9:49:00,0,102.00,0,188.8200,10.6000,18.1000,6.0100,1,ACTIVE,7,4,3
4186,7600,9:49:30,0,79.00,0,164.2400,9.6800,15.6000,5.7600,1,ACTIVE,7,4,3
4186,7601,9:50:00,0,249.00,0,127.7200,10.1000,11.5000,4.1600,1,ACTIVE,7,4,3
4186,7602,9:50:30,0,131.00,0,135.5000,8.3200,12.8000,4.3400,1,ACTIVE,7,4,3
4186,7603,9:51:00,0,92.00,0,84.5600,5.8800,7.8000,3.0100,1,ACTIVE,7,4,3
4186,7604,9:51:30,0,85.00,0,120.2900,7.0000,11.5000,3.6500,1,ACTIVE,7,4,3
4186,7605,9:52:00,0,113.00,0,266.6000,11.3000,26.2000,11.0000,1,ACTIVE,7,4,3
4186,7606,9:52:30,0,109.00,0,226.3600,10.6000,22.1000,9.0700,1,ACTIVE,7,4,3
4186,7607,9:53:00,0,43.00,0,245.0900,11.0000,24.0000,9.2700,1,ACTIVE,7,4,3
4186,7608,9:53:30,0,19.00,0,150.8000,9.0700,14.3000,5.0600,1,ACTIVE,7,4,3
4186,7609,9:54:00,0,184.00,0,107.9500,9.6800,9.4700,3.2800,1,ACTIVE,7,4,3
4186,7610,9:54:30,0,136.00,0,221.9100,10.8000,21.6000,8.3200,1,ACTIVE,7,4,3
4186,7611,9:55:00,0,173.00,0,135.3900,10.8000,12.6000,1.4400,1,ACTIVE,7,4,3
4186,7612,9:55:30,0,173.00,0,224.9700,13.1000,21.6000,6.4200,1,ACTIVE,7,4,3
4186,7613,9:56:00,0,346.00,0,203.7500,12.3000,19.4000,6.4200,1,ACTIVE,7,4,3
4186,7614,9:56:30,0,218.00,0,279.0300,17.8000,26.2000,9.2700,1,ACTIVE,7,4,3
4186,7615,9:57:00,0,179.00,0,396.9200,19.4000,38.7000,13.7000,1,ACTIVE,7,4,3
4186,7616,9:57:30,0,211.00,0,410.2400,21.6000,39.6000,14.6000,1,ACTIVE,7,4,3
4186,7617,9:58:00,0,136.00,0,381.3500,22.5000,36.3000,12.6000,1,ACTIVE,7,4,3
4186,7618,9:58:30,0,368.00,0,406.2400,20.2000,39.6000,13.7000,1,ACTIVE,7,4,3
4186,7619,9:59:00,0,191.00,0,496.8900,25.7000,48.1000,17.4000,1,ACTIVE,7,4,3
4186,7620,9:59:30,0,211.00,0,296.0700,20.7000,27.4000,9.6800,1,ACTIVE,7,4,3
4186,7621,10:00:00,0,346.00,0,466.0400,24.6000,45.1000,15.6000,1,ACTIVE,7,4,3
4186,7622,10:00:30,0,335.00,0,498.3600,21.6000,49.1000,18.5000,1,ACTIVE,7,4,3
4186,7623,10:01:00,0,241.00,0,258.9300,17.8000,24.0000,8.3200,1,ACTIVE,7,4,3
4186,7624,10:01:30,0,346.00,0,486.3600,28.6000,46.1000,18.1000,1,ACTIVE,7,4,3
4186,7625,10:02:00,0,249.00,0,322.2800,19.8000,30.5000,10.3000,1,ACTIVE,7,4,3
4186,7626,10:02:30,0,461.00,0,443.2300,29.9000,41.3000,14.0000,1,ACTIVE,7,4,3
4186,7627,10:03:00,0,381.00,0,566.7700,23.5000,56.0000,22.5000,1,ACTIVE,7,4,3
4186,7628,10:03:30,0,241.00,0,437.4200,23.0000,42.2000,15.3000,1,ACTIVE,7,4,3
4186,7629,10:04:00,0,335.00,0,365.4700,21.6000,34.8000,12.3000,1,ACTIVE,7,4,3
4186,7630,10:04:30,0,447.00,0,287.9800,17.0000,27.4000,9.6800,1,ACTIVE,7,4,3
4186,7631,10:05:00,0,419.00,0,299.0700,17.0000,28.6000,10.1000,1,ACTIVE,7,4,3
4186,7632,10:05:30,0,476.00,0,347.3800,19.4000,33.3000,12.0000,1,ACTIVE,7,4,3
4186,7633,10:06:00,0,559.00,0,217.9800,15.3000,20.2000,6.5600,1,ACTIVE,7,4,3
4186,7634,10:06:30,0,113.00,0,422.4800,23.0000,40.4000,15.9000,1,ACTIVE,7,4,3
4186,7635,10:07:00,0,461.00,0,302.4300,15.6000,29.2000,11.0000,1,ACTIVE,7,4,3
4186,7636,10:07:30,0,357.00,0,322.0400,15.9000,31.2000,12.6000,1,ACTIVE,7,4,3
4186,7637,10:08:00,0,284.00,0,270.5500,13.4000,26.2000,10.3000,1,ACTIVE,7,4,3
4186,7638,10:08:30,0,419.00,0,317.9700,17.0000,30.5000,12.0000,1,ACTIVE,7,4,3
4186,7639,10:09:00,0,577.00,0,135.8500,9.2700,12.6000,4.9500,1,ACTIVE,7,4,3
4186,7640,10:09:30,0,405.00,0,336.5000,17.0000,32.6000,12.6000,1,ACTIVE,7,4,3
4186,7641,10:10:00,0,82.00,0,422.1500,22.5000,40.4000,16.6000,1,ACTIVE,7,4,3
4186,7642,10:10:30,0,249.00,0,284.6100,14.9000,27.4000,10.8000,1,ACTIVE,7,4,3
4186,7643,10:11:00,0,368.00,0,411.6800,21.6000,39.6000,15.9000,1,ACTIVE,7,4,3
4186,7644,10:11:30,0,266.00,0,316.3800,16.3000,30.5000,12.0000,1,ACTIVE,7,4,3
4186,7645,10:12:00,0,293.00,0,297.2400,16.3000,28.6000,9.8900,1,ACTIVE,7,4,3
4186,7646,10:12:30,0,257.00,0,345.0100,17.8000,33.3000,13.1000,1,ACTIVE,7,4,3
4186,7647,10:13:00,0,257.00,0,428.4100,22.5000,41.3000,15.3000,1,ACTIVE,7,4,3
4186,7648,10:13:30,0,72.00,0,522.4500,23.0000,51.3000,20.2000,1,ACTIVE,7,4,3
4186,7649,10:14:00,0,266.00,0,444.6300,21.6000,43.2000,17.4000,1,ACTIVE,7,4,3
4186,7650,10:14:30,0,405.00,0,480.7200,22.1000,47.1000,18.1000,1,ACTIVE,7,4,3
4186,7651,10:15:00,0,524.00,0,613.1000,28.6000,59.7000,24.6000,1,ACTIVE,7,4,3
4186,7652,10:15:30,0,191.00,0,479.0900,21.1000,47.1000,18.5000,1,ACTIVE,7,4,3
4186,7653,10:16:00,0,67.00,0,406.6300,19.8000,39.6000,14.9000,1,ACTIVE,7,4,3
4186,7654,10:16:30,0,293.00,0,416.0800,19.8000,40.4000,16.6000,1,ACTIVE,7,4,3
4186,7655,10:17:00,0,313.00,0,369.3800,19.8000,35.5000,13.4000,1,ACTIVE,7,4,3
4186,7656,10:17:30,0,492.00,0,401.0700,19.8000,38.7000,16.6000,1,ACTIVE,7,4,3
4186,7657,10:18:00,0,508.00,0,377.8600,19.8000,36.3000,14.9000,1,ACTIVE,7,4,3
4186,7658,10:18:30,0,241.00,0,417.5200,21.1000,40.4000,15.3000,1,ACTIVE,7,4,3
4186,7659,10:19:00,0,95.00,0,302.4300,15.6000,29.2000,11.0000,1,ACTIVE,7,4,3
4186,7660,10:19:30,0,234.00,0,386.7400,21.1000,37.1000,14.0000,1,ACTIVE,7,4,3
4186,7661,10:20:00,0,198.00,0,426.1700,20.7000,41.3000,17.0000,1,ACTIVE,7,4,3
4186,7662,10:20:30,0,241.00,0,369.7700,19.4000,35.5000,14.6000,1,ACTIVE,7,4,3
4186,7663,10:21:00,0,145.00,0,233.5900,12.3000,22.5000,8.3200,1,ACTIVE,7,4,3
4186,7664,10:21:30,0,106.00,0,188.1200,10.1000,18.1000,6.2800,1,ACTIVE,7,4,3
4186,7665,10:22:00,0,150.00,0,211.1200,10.1000,20.7000,7.1500,1,ACTIVE,7,4,3
4186,7666,10:22:30,0,102.00,0,199.3100,9.6800,19.4000,7.6300,1,ACTIVE,7,4,3
4186,7667,10:23:00,0,266.00,0,111.7600,6.8500,10.6000,3.8100,1,ACTIVE,7,4,3
4186,7668,10:23:30,0,249.00,0,264.4800,13.4000,25.7000,9.2700,1,ACTIVE,7,4,3
4186,7669,10:24:00,0,275.00,0,265.1300,13.7000,25.7000,9.2700,1,ACTIVE,7,4,3
4186,7670,10:24:30,0,335.00,0,222.0500,11.0000,21.6000,7.9700,1,ACTIVE,7,4,3
4186,7671,10:25:00,0,113.00,0,330.9900,17.0000,31.9000,13.1000,1,ACTIVE,7,4,3
4186,7672,10:25:30,0,323.00,0,301.7800,14.9000,29.2000,11.8000,1,ACTIVE,7,4,3
4186,7673,10:26:00,0,204.00,0,290.5800,15.3000,28.0000,10.8000,1,ACTIVE,7,4,3
4186,7674,10:26:30,0,357.00,0,281.5600,14.0000,27.4000,9.8900,1,ACTIVE,7,4,3
4186,7675,10:27:00,0,266.00,0,222.9400,11.5000,21.6000,7.8000,1,ACTIVE,7,4,3
4186,7676,10:27:30,0,293.00,0,247.8800,12.3000,24.0000,9.2700,1,ACTIVE,7,4,3
4186,7677,10:28:00,0,249.00,0,158.8200,11.5000,14.6000,4.9500,1,ACTIVE,7,4,3
4186,7678,10:28:30,0,368.00,0,222.2400,11.0000,21.6000,8.1400,1,ACTIVE,7,4,3
4186,7679,10:29:00,0,405.00,0,252.9400,12.3000,24.6000,9.6800,1,ACTIVE,7,4,3
4186,7680,10:29:30,0,241.00,0,246.8400,12.3000,24.0000,8.3200,1,ACTIVE,7,4,3
4186,7681,10:30:00,0,118.00,0,296.4700,15.3000,28.6000,11.3000,1,ACTIVE,7,4,3
4186,7682,10:30:30,0,335.00,0,237.3300,12.0000,23.0000,8.3200,1,ACTIVE,7,4,3
4186,7683,10:31:00,0,204.00,0,241.6600,11.5000,23.5000,9.2700,1,ACTIVE,7,4,3
4186,7684,10:31:30,0,303.00,0,218.3800,11.0000,21.1000,8.3200,1,ACTIVE,7,4,3
4186,7685,10:32:00,0,173.00,0,167.2800,11.5000,15.9000,2.0800,1,ACTIVE,7,4,3
4186,7686,10:32:30,0,323.00,0,241.7900,11.8000,23.5000,8.8800,1,ACTIVE,7,4,3
4186,7687,10:33:00,0,447.00,0,218.3800,11.0000,21.1000,8.3200,1,ACTIVE,7,4,3
4186,7688,10:33:30,0,393.00,0,281.7900,14.0000,27.4000,10.1000,1,ACTIVE,7,4,3
4186,7689,10:34:00,0,524.00,0,274.7100,13.1000,26.8000,10.1000,1,ACTIVE,7,4,3
4186,7690,10:34:30,0,211.00,0,172.1400,12.0000,15.9000,5.5100,1,ACTIVE,7,4,3
4186,7691,10:35:00,0,405.00,0,268.7700,13.1000,26.2000,9.2700,1,ACTIVE,7,4,3
4186,7692,10:35:30,0,179.00,0,271.2000,13.7000,26.2000,10.3000,1,ACTIVE,7,4,3
4186,7693,10:36:00,0,419.00,0,248.3300,12.3000,24.0000,9.6800,1,ACTIVE,7,4,3
4186,7694,10:36:30,0,335.00,0,253.6900,12.8000,24.6000,9.2700,1,ACTIVE,7,4,3
4186,7695,10:37:00,0,249.00,0,165.5300,11.8000,15.3000,5.3900,1,ACTIVE,7,4,3
4186,7696,10:37:30,0,179.00,0,282.7100,14.3000,27.4000,10.3000,1,ACTIVE,7,4,3
4186,7697,10:38:00,0,381.00,0,152.7300,9.8900,14.3000,5.1700,1,ACTIVE,7,4,3
4186,7698,10:38:30,0,293.00,0,172.3200,13.4000,15.6000,5.6300,1,ACTIVE,7,4,3
4186,7699,10:39:00,0,323.00,0,247.6600,12.3000,24.0000,9.0700,1,ACTIVE,7,4,3
4186,7700,10:39:30,0,226.00,0,291.1000,15.3000,28.0000,11.3000,1,ACTIVE,7,4,3
4186,7701,10:40:00,0,346.00,0,213.0000,10.6000,20.7000,7.9700,1,ACTIVE,7,4,3
4186,7702,10:40:30,0,656.00,0,134.9700,9.0700,12.6000,4.5400,1,ACTIVE,7,4,3
4186,7703,10:41:00,0,249.00,0,282.0000,14.3000,27.4000,9.6800,1,ACTIVE,7,4,3
4186,7704,10:41:30,0,241.00,0,265.1600,13.4000,25.7000,9.8900,1,ACTIVE,7,4,3
4186,7705,10:42:00,0,393.00,0,222.7700,11.3000,21.6000,8.1400,1,ACTIVE,7,4,3
4186,7706,10:42:30,0,323.00,0,231.8800,11.5000,22.5000,8.3200,1,ACTIVE,7,4,3
4186,7707,10:43:00,0,419.00,0,316.1000,16.3000,30.5000,11.8000,1,ACTIVE,7,4,3
4186,7708,10:43:30,0,381.00,0,260.3400,13.4000,25.1000,9.8900,1,ACTIVE,7,4,3
4186,7709,10:44:00,0,524.00,0,260.1100,13.4000,25.1000,9.6800,1,ACTIVE,7,4,3
4186,7710,10:44:30,0,335.00,0,284.8700,14.9000,27.4000,11.0000,1,ACTIVE,7,4,3
4186,7711,10:45:00,0,184.00,0,323.3000,16.6000,31.2000,12.3000,1,ACTIVE,7,4,3
4186,7712,10:45:30,0,109.00,0,360.4100,18.1000,34.8000,14.6000,1,ACTIVE,7,4,3
4186,7713,10:46:00,0,257.00,0,254.7300,13.4000,24.6000,9.0700,1,ACTIVE,7,4,3
4186,7714,10:46:30,0,249.00,0,232.8100,12.0000,22.5000,8.1400,1,ACTIVE,7,4,3
4186,7715,10:47:00,0,323.00,0,222.9400,11.5000,21.6000,7.8000,1,ACTIVE,7,4,3
4186,7716,10:47:30,0,381.00,0,339.6000,18.5000,32.6000,12.3000,1,ACTIVE,7,4,3
4186,7717,10:48:00,0,52.00,0,512.8200,23.0000,50.2000,20.2000,1,ACTIVE,7,4,3
4186,7718,10:48:30,0,293.00,0,233.9900,12.6000,22.5000,8.1400,1,ACTIVE,7,4,3
4186,7719,10:49:00,0,275.00,0,277.5600,14.6000,26.8000,9.6800,1,ACTIVE,7,4,3
4186,7720,10:49:30,0,419.00,0,207.2900,9.8900,20.2000,7.6300,1,ACTIVE,7,4,3
4186,7721,10:50:00,0,150.00,0,301.4400,15.3000,29.2000,10.8000,1,ACTIVE,7,4,3
4186,7722,10:50:30,0,179.00,0,326.0700,17.8000,31.2000,12.6000,1,ACTIVE,7,4,3
4186,7723,10:51:00,0,368.00,0,139.6300,8.8800,13.1000,4.7400,1,ACTIVE,7,4,3
4186,7724,10:51:30,0,275.00,0,254.1400,12.8000,24.6000,9.6800,1,ACTIVE,7,4,3
4186,7725,10:52:00,0,461.00,0,232.6200,12.0000,22.5000,7.9700,1,ACTIVE,7,4,3
4186,7726,10:52:30,0,432.00,0,241.2600,11.0000,23.5000,9.8900,1,ACTIVE,7,4,3
4186,7727,10:53:00,0,218.00,0,283.1600,14.6000,27.4000,10.1000,1,ACTIVE,7,4,3
4186,7728,10:53:30,0,162.00,0,153.4800,8.8800,14.6000,5.3900,1,ACTIVE,7,4,3
4186,7729,10:54:00,0,109.00,0,179.8300,9.2700,17.4000,6.5600,1,ACTIVE,7,4,3
4186,7730,10:54:30,0,27.00,0,128.8100,7.3100,12.3000,4.6400,1,ACTIVE,7,4,3
4186,7731,10:55:00,0,122.00,0,152.6400,8.3200,14.6000,5.7600,1,ACTIVE,7,4,3
4186,7732,10:55:30,0,127.00,0,169.5200,9.2700,16.3000,5.8800,1,ACTIVE,7,4,3
4186,7733,10:56:00,0,167.00,0,186.3400,8.8800,18.1000,7.1500,1,ACTIVE,7,4,3
4186,7734,10:56:30,0,95.00,0,231.6900,11.5000,22.5000,8.1400,1,ACTIVE,7,4,3
4186,7735,10:57:00,0,63.00,0,105.8200,7.6300,9.6800,3.8100,1,ACTIVE,7,4,3
4186,7736,10:57:30,0,36.00,0,149.2400,8.1400,14.3000,5.5100,1,ACTIVE,7,4,3
4186,7737,10:58:00,0,72.00,0,172.9400,9.0700,16.6000,6.5600,1,ACTIVE,7,4,3
4186,7738,10:58:30,0,476.00,0,133.6100,9.4700,12.3000,4.6400,1,ACTIVE,7,4,3
4186,7739,10:59:00,0,508.00,0,148.5400,10.6000,13.7000,4.8400,1,ACTIVE,7,4,3
4186,7740,10:59:30,0,393.00,0,171.2000,12.8000,15.6000,5.7600,1,ACTIVE,7,4,3
4186,7741,11:00:00,0,335.00,0,279.0500,19.8000,25.7000,9.6800,1,ACTIVE,7,4,3
4186,7742,11:00:30,0,226.00,0,214.0600,11.5000,20.7000,7.0000,1,ACTIVE,7,4,3
4186,7743,11:01:00,0,275.00,0,148.8300,11.0000,13.7000,4.1600,1,ACTIVE,7,4,3
4186,7744,11:01:30,0,323.00,0,223.5000,11.8000,21.6000,7.8000,1,ACTIVE,7,4,3
4186,7745,11:02:00,0,524.00,0,204.6100,10.6000,19.8000,7.3100,1,ACTIVE,7,4,3
4186,7746,11:02:30,0,234.00,0,228.0300,12.0000,22.1000,7.6300,1,ACTIVE,7,4,3
4186,7747,11:03:00,0,335.00,0,113.6700,8.8800,10.6000,1.4400,1,ACTIVE,7,4,3
4186,7748,11:03:30,0,284.00,0,248.4700,13.1000,24.0000,8.1400,1,ACTIVE,7,4,3
4186,7749,11:04:00,0,293.00,0,147.7100,10.3000,13.7000,4.5400,1,ACTIVE,7,4,3
4186,7750,11:04:30,0,145.00,0,237.9400,12.6000,23.0000,7.8000,1,ACTIVE,7,4,3
4186,7751,11:05:00,0,226.00,0,255.3800,13.7000,24.6000,9.0700,1,ACTIVE,7,4,3
4186,7752,11:05:30,0,346.00,0,169.6500,17.4000,14.3000,5.5100,1,ACTIVE,7,4,3
4186,7753,11:06:00,0,335.00,0,219.1500,12.0000,21.1000,7.0000,1,ACTIVE,7,4,3
4186,7754,11:06:30,0,249.00,0,272.0800,14.6000,26.2000,9.2700,1,ACTIVE,7,4,3
4186,7755,11:07:00,0,241.00,0,217.4800,11.3000,21.1000,7.0000,1,ACTIVE,7,4,3
4186,7756,11:07:30,0,346.00,0,151.8600,11.0000,14.0000,4.5400,1,ACTIVE,7,4,3
4186,7757,11:08:00,0,335.00,0,219.0900,11.8000,21.1000,7.4700,1,ACTIVE,7,4,3
4186,7758,11:08:30,0,226.00,0,200.0800,10.6000,19.4000,6.5600,1,ACTIVE,7,4,3
4186,7759,11:09:00,0,198.00,0,233.0200,12.3000,22.5000,7.8000,1,ACTIVE,7,4,3
4186,7760,11:09:30,0,211.00,0,224.3800,12.6000,21.6000,7.0000,1,ACTIVE,7,4,3
4186,7761,11:10:00,0,211.00,0,213.3200,11.0000,20.7000,7.3100,1,ACTIVE,7,4,3
4186,7762,11:10:30,0,249.00,0,118.4800,5.8800,11.5000,4.2500,1,ACTIVE,7,4,3
4186,7763,11:11:00,0,191.00,0,227.4600,11.8000,22.1000,7.6300,1,ACTIVE,7,4,3
4186,7764,11:11:30,0,198.00,0,208.0800,10.3000,20.2000,7.4700,1,ACTIVE,7,4,3
4186,7765,11:12:00,0,381.00,0,282.9600,14.3000,27.4000,10.6000,1,ACTIVE,7,4,3
4186,7766,11:12:30,0,275.00,0,297.2100,15.6000,28.6000,11.3000,1,ACTIVE,7,4,3
4186,7767,11:13:00,0,323.00,0,302.6900,15.6000,29.2000,11.3000,1,ACTIVE,7,4,3
4186,7768,11:13:30,0,162.00,0,323.0200,16.6000,31.2000,12.0000,1,ACTIVE,7,4,3
4186,7769,11:14:00,0,218.00,0,336.7400,17.4000,32.6000,12.0000,1,ACTIVE,7,4,3
4186,7770,11:14:30,0,393.00,0,283.2100,14.3000,27.4000,10.8000,1,ACTIVE,7,4,3
4186,7771,11:15:00,0,419.00,0,282.7100,14.3000,27.4000,10.3000,1,ACTIVE,7,4,3
4186,7772,11:15:30,0,95.00,0,317.9800,14.6000,31.2000,11.5000,1,ACTIVE,7,4,3
4186,7773,11:16:00,0,234.00,0,204.6800,14.0000,18.9000,7.1500,1,ACTIVE,7,4,3
4186,7774,11:16:30,0,249.00,0,323.9000,16.6000,31.2000,12.8000,1,ACTIVE,7,4,3
4186,7775,11:17:00,0,211.00,0,323.5600,17.4000,31.2000,11.0000,1,ACTIVE,7,4,3
4186,7776,11:17:30,0,524.00,0,314.5200,15.9000,30.5000,11.0000,1,ACTIVE,7,4,3
4186,7777,11:18:00,0,204.00,0,330.9100,17.4000,31.9000,12.3000,1,ACTIVE,7,4,3
4186,7778,11:18:30,0,335.00,0,343.2700,17.4000,33.3000,12.3000,1,ACTIVE,7,4,3
4186,7779,11:19:00,0,162.00,0,316.3400,16.6000,30.5000,11.3000,1,ACTIVE,7,4,3
4186,7780,11:19:30,0,335.00,0,308.3800,15.3000,29.9000,12.0000,1,ACTIVE,7,4,3
4186,7781,11:20:00,0,313.00,0,277.7900,14.6000,26.8000,9.8900,1,ACTIVE,7,4,3
4186,7782,11:20:30,0,303.00,0,358.5500,17.8000,34.8000,13.7000,1,ACTIVE,7,4,3
4186,7783,11:21:00,0,226.00,0,401.1400,20.7000,38.7000,14.9000,1,ACTIVE,7,4,3
4186,7784,11:21:30,0,275.00,0,344.4100,17.8000,33.3000,12.6000,1,ACTIVE,7,4,3
4186,7785,11:22:00,0,346.00,0,308.3000,15.6000,29.9000,11.3000,1,ACTIVE,7,4,3
4186,7786,11:22:30,0,313.00,0,279.4200,14.3000,27.4000,7.3100,1,ACTIVE,7,4,3
4186,7787,11:23:00,0,211.00,0,232.2800,19.4000,20.7000,7.8000,1,ACTIVE,7,4,3
4186,7788,11:23:30,0,241.00,0,384.1300,19.8000,37.1000,14.3000,1,ACTIVE,7,4,3
4186,7789,11:24:00,0,335.00,0,346.1400,18.5000,33.3000,12.6000,1,ACTIVE,7,4,3
4186,7790,11:24:30,0,303.00,0,132.4900,9.2700,12.0000,6.1400,1,ACTIVE,7,4,3
4186,7791,11:25:00,0,156.00,0,268.2100,12.6000,26.2000,9.8900,1,ACTIVE,7,4,3
4186,7792,11:25:30,0,20.00,0,378.2200,16.6000,37.1000,15.3000,1,ACTIVE,7,4,3
4186,7793,11:26:00,0,33.00,0,374.4200,18.5000,36.3000,14.3000,1,ACTIVE,7,4,3
4186,7794,11:26:30,0,38.00,0,342.7400,17.0000,33.3000,12.6000,1,ACTIVE,7,4,3
4186,7795,11:27:00,0,284.00,0,189.2300,12.3000,17.8000,6.0100,1,ACTIVE,7,4,3
4186,7796,11:27:30,0,226.00,0,286.5200,16.6000,27.4000,9.0700,1,ACTIVE,7,4,3
4186,7797,11:28:00,0,266.00,0,257.9100,14.9000,24.6000,8.8800,1,ACTIVE,7,4,3
4186,7798,11:28:30,0,357.00,0,244.6800,13.7000,23.5000,7.6300,1,ACTIVE,7,4,3
4186,7799,11:29:00,0,204.00,0,299.3100,17.0000,28.6000,10.3000,1,ACTIVE,7,4,3
4186,7800,11:29:30,0,335.00,0,283.6800,15.3000,27.4000,9.2700,1,ACTIVE,7,4,3
4186,7801,11:30:00,0,204.00,0,305.6200,17.4000,29.2000,10.3000,1,ACTIVE,7,4,3
4186,7802,11:30:30,0,368.00,0,312.8200,17.8000,29.9000,11.0000,1,ACTIVE,7,4,3
4186,7803,11:31:00,0,335.00,0,302.9300,15.9000,29.2000,10.8000,1,ACTIVE,7,4,3
4186,7804,11:31:30,0,335.00,0,234.9900,12.8000,22.5000,8.5000,1,ACTIVE,7,4,3
4186,7805,11:32:00,0,204.00,0,321.7400,17.0000,31.2000,10.1000,1,ACTIVE,7,4,3
4186,7806,11:32:30,0,266.00,0,279.2800,15.6000,26.8000,9.2700,1,ACTIVE,7,4,3
4186,7807,11:33:00,0,335.00,0,361.1300,21.6000,34.0000,14.3000,1,ACTIVE,7,4,3
4186,7808,11:33:30,0,226.00,0,267.9500,15.3000,25.7000,8.6900,1,ACTIVE,7,4,3
4186,7809,11:34:00,0,131.00,0,267.9500,15.3000,25.7000,8.6900,1,ACTIVE,7,4,3
4186,7810,11:34:30,0,184.00,0,330.6400,17.8000,31.9000,11.3000,1,ACTIVE,7,4,3
4186,7811,11:35:00,0,357.00,0,322.9400,17.8000,31.2000,9.6800,1,ACTIVE,7,4,3
4186,7812,11:35:30,0,257.00,0,317.1600,16.6000,30.5000,12.0000,1,ACTIVE,7,4,3
4186,7813,11:36:00,0,204.00,0,286.3300,15.9000,27.4000,10.3000,1,ACTIVE,7,4,3
4186,7814,11:36:30,0,234.00,0,263.3400,15.3000,25.1000,8.8800,1,ACTIVE,7,4,3
4186,7815,11:37:00,0,122.00,0,329.7000,19.8000,31.2000,11.8000,1,ACTIVE,7,4,3
4186,7816,11:37:30,0,368.00,0,257.2000,14.6000,24.6000,8.8800,1,ACTIVE,7,4,3
4186,7817,11:38:00,0,257.00,0,285.6200,15.9000,27.4000,9.6800,1,ACTIVE,7,4,3
4186,7818,11:38:30,0,313.00,0,254.3700,13.7000,24.6000,8.1400,1,ACTIVE,7,4,3
4186,7819,11:39:00,0,99.00,0,360.8600,18.9000,34.8000,13.4000,1,ACTIVE,7,4,3
4186,7820,11:39:30,0,136.00,0,310.3500,16.6000,29.9000,11.0000,1,ACTIVE,7,4,3
4186,7821,11:40:00,0,191.00,0,255.6200,14.0000,24.6000,8.6900,1,ACTIVE,7,4,3
4186,7822,11:40:30,0,234.00,0,233.8000,12.6000,22.5000,7.9700,1,ACTIVE,7,4,3
4186,7823,11:41:00,0,184.00,0,238.8100,13.1000,23.0000,7.4700,1,ACTIVE,7,4,3
4186,7824,11:41:30,0,275.00,0,245.0500,13.7000,23.5000,7.9700,1,ACTIVE,7,4,3
4186,7825,11:42:00,0,266.00,0,285.1000,15.6000,27.4000,9.8900,1,ACTIVE,7,4,3
4186,7826,11:42:30,0,293.00,0,239.6200,13.4000,23.0000,7.6300,1,ACTIVE,7,4,3
4186,7827,11:43:00,0,323.00,0,279.2200,15.3000,26.8000,9.8900,1,ACTIVE,7,4,3
4186,7828,11:43:30,0,293.00,0,297.9600,16.3000,28.6000,10.6000,1,ACTIVE,7,4,3
4186,7829,11:44:00,0,257.00,0,311.6900,17.0000,29.9000,11.5000,1,ACTIVE,7,4,3
4186,7830,11:44:30,0,218.00,0,245.2400,13.7000,23.5000,8.1400,1,ACTIVE,7,4,3
4186,7831,11:45:00,0,241.00,0,304.8000,17.0000,29.2000,10.3000,1,ACTIVE,7,4,3
4186,7832,11:45:30,0,162.00,0,327.4400,19.4000,31.2000,10.6000,1,ACTIVE,7,4,3
4186,7833,11:46:00,0,313.00,0,293.7000,17.0000,28.0000,10.1000,1,ACTIVE,7,4,3
4186,7834,11:46:30,0,303.00,0,338.7300,18.1000,32.6000,12.3000,1,ACTIVE,7,4,3
4186,7835,11:47:00,0,275.00,0,386.8000,21.6000,37.1000,13.1000,1,ACTIVE,7,4,3
4186,7836,11:47:30,0,184.00,0,418.6300,22.5000,40.4000,13.4000,1,ACTIVE,7,4,3
4186,7837,11:48:00,0,226.00,0,385.4700,21.1000,37.1000,12.8000,1,ACTIVE,7,4,3
4186,7838,11:48:30,0,323.00,0,507.3900,25.7000,49.1000,18.5000,1,ACTIVE,7,4,3
4186,7839,11:49:00,0,145.00,0,287.8900,16.6000,27.4000,10.3000,1,ACTIVE,7,4,3
4186,7840,11:49:30,0,335.00,0,361.5800,25.7000,33.3000,12.3000,1,ACTIVE,7,4,3
4186,7841,11:50:00,0,419.00,0,334.6100,19.8000,31.9000,10.8000,1,ACTIVE,7,4,3
4186,7842,11:50:30,0,234.00,0,285.5700,15.6000,27.4000,10.3000,1,ACTIVE,7,4,3
4186,7843,11:51:00,0,381.00,0,231.0900,15.6000,21.6000,7.0000,1,ACTIVE,7,4,3
4186,7844,11:51:30,0,381.00,0,328.4100,18.9000,31.2000,12.3000,1,ACTIVE,7,4,3
4186,7845,11:52:00,0,335.00,0,306.4600,17.8000,29.2000,10.3000,1,ACTIVE,7,4,3
4186,7846,11:52:30,0,346.00,0,274.7900,15.9000,26.2000,9.0700,1,ACTIVE,7,4,3
4186,7847,11:53:00,0,191.00,0,233.5700,14.6000,22.1000,7.4700,1,ACTIVE,7,4,3
4186,7848,11:53:30,0,381.00,0,363.0400,19.8000,34.8000,13.7000,1,ACTIVE,7,4,3
4186,7849,11:54:00,0,72.00,0,332.1200,20.2000,31.2000,13.1000,1,ACTIVE,7,4,3
4186,7850,11:54:30,0,173.00,0,370.3400,20.2000,35.5000,13.4000,1,ACTIVE,7,4,3
4186,7851,11:55:00,0,432.00,0,278.8500,15.6000,26.8000,8.8800,1,ACTIVE,7,4,3
4186,7852,11:55:30,0,257.00,0,419.6000,22.5000,40.4000,14.3000,1,ACTIVE,7,4,3
4186,7853,11:56:00,0,249.00,0,164.5800,9.8900,15.6000,5.6300,1,ACTIVE,7,4,3
4186,7854,11:56:30,0,40.00,0,127.1200,7.6300,12.0000,4.5400,1,ACTIVE,7,4,3
4186,7855,11:57:00,0,16.00,0,129.5800,7.8000,12.3000,4.3400,1,ACTIVE,7,4,3
4186,7856,11:57:30,0,70.00,0,368.4700,19.8000,35.5000,12.6000,1,ACTIVE,7,4,3
4186,7857,11:58:00,0,79.00,0,183.7700,15.6000,16.3000,6.1400,1,ACTIVE,7,4,3
4186,7858,11:58:30,0,85.00,0,230.4300,13.1000,22.1000,7.6300,1,ACTIVE,7,4,3
4186,7859,11:59:00,0,140.00,0,308.4400,16.6000,29.9000,9.2700,1,ACTIVE,7,4,3
4186,7860,11:59:30,0,89.00,0,217.6200,7.9700,21.6000,10.1000,1,ACTIVE,7,4,3
4186,7861,12:00:00,0,173.00,0,388.1200,21.1000,37.1000,15.3000,1,ACTIVE,7,4,4
4186,7862,12:00:30,0,162.00,0,282.0400,16.6000,26.8000,9.6800,1,ACTIVE,7,4,4
4186,7863,12:01:00,0,99.00,0,453.7100,25.1000,43.2000,18.5000,1,ACTIVE,7,4,4
4186,7864,12:01:30,0,335.00,0,464.7500,22.5000,45.1000,18.5000,1,ACTIVE,7,4,4
4186,7865,12:02:00,0,241.00,0,368.7700,19.4000,35.5000,13.7000,1,ACTIVE,7,4,4
4186,7866,12:02:30,0,184.00,0,423.2900,20.2000,41.3000,15.3000,1,ACTIVE,7,4,4
4186,7867,12:03:00,0,234.00,0,402.1400,21.1000,38.7000,14.9000,1,ACTIVE,7,4,4
4186,7868,12:03:30,0,184.00,0,308.8800,18.1000,29.2000,11.8000,1,ACTIVE,7,4,4
4186,7869,12:04:00,0,284.00,0,366.0100,18.5000,35.5000,12.8000,1,ACTIVE,7,4,4
4186,7870,12:04:30,0,198.00,0,418.9000,21.6000,40.4000,15.6000,1,ACTIVE,7,4,4
4186,7871,12:05:00,0,405.00,0,423.2200,23.5000,40.4000,15.6000,1,ACTIVE,7,4,4
4186,7872,12:05:30,0,249.00,0,401.7900,21.1000,38.7000,14.6000,1,ACTIVE,7,4,4
4186,7873,12:06:00,0,204.00,0,418.5400,21.6000,40.4000,15.3000,1,ACTIVE,7,4,4
4186,7874,12:06:30,0,167.00,0,305.0100,16.6000,29.2000,11.3000,1,ACTIVE,7,4,4
4186,7875,12:07:00,0,393.00,0,283.8700,14.9000,27.4000,10.1000,1,ACTIVE,7,4,4
4186,7876,12:07:30,0,461.00,0,342.3200,19.4000,32.6000,13.1000,1,ACTIVE,7,4,4
4186,7877,12:08:00,0,357.00,0,321.1800,15.9000,31.2000,11.8000,1,ACTIVE,7,4,4
4186,7878,12:08:30,0,476.00,0,349.2000,19.4000,33.3000,13.7000,1,ACTIVE,7,4,4
4186,7879,12:09:00,0,313.00,0,414.0100,19.4000,40.4000,15.6000,1,ACTIVE,7,4,4
4186,7880,12:09:30,0,303.00,0,339.8000,15.3000,33.3000,13.4000,1,ACTIVE,7,4,4
4186,7881,12:10:00,0,313.00,0,391.9400,19.8000,37.9000,14.9000,1,ACTIVE,7,4,4
4186,7882,12:10:30,0,211.00,0,433.9400,21.1000,42.2000,15.9000,1,ACTIVE,7,4,4
4186,7883,12:11:00,0,167.00,0,437.0700,22.5000,42.2000,15.9000,1,ACTIVE,7,4,4
4186,7884,12:11:30,0,303.00,0,465.6800,23.5000,45.1000,17.4000,1,ACTIVE,7,4,4
4186,7885,12:12:00,0,368.00,0,326.6300,18.1000,31.2000,12.3000,1,ACTIVE,7,4,4
4186,7886,12:12:30,0,156.00,0,401.6600,17.4000,39.6000,15.3000,1,ACTIVE,7,4,4
4186,7887,12:13:00,0,184.00,0,647.9600,27.4000,63.7000,26.8000,1,ACTIVE,7,4,4
4186,7888,12:13:30,0,257.00,0,497.5800,24.6000,48.1000,20.2000,1,ACTIVE,7,4,4
4186,7889,12:14:00,0,419.00,0,194.8900,16.6000,17.8000,2.3700,1,ACTIVE,7,4,4
4186,7890,12:14:30,0,405.00,0,441.7500,35.5000,39.6000,15.3000,1,ACTIVE,7,4,4
4186,7891,12:15:00,0,381.00,0,241.6800,14.0000,23.0000,8.3200,1,ACTIVE,7,4,4
4186,7892,12:15:30,0,218.00,0,327.7000,19.4000,31.2000,10.8000,1,ACTIVE,7,4,4
4186,7893,12:16:00,0,447.00,0,231.7200,13.7000,22.1000,7.6300,1,ACTIVE,7,4,4
4186,7894,12:16:30,0,323.00,0,326.7800,18.9000,31.2000,10.8000,1,ACTIVE,7,4,4
4186,7895,12:17:00,0,257.00,0,312.9200,18.1000,29.9000,10.3000,1,ACTIVE,7,4,4
4186,7896,12:17:30,0,136.00,0,292.2000,16.6000,28.0000,9.4700,1,ACTIVE,7,4,4
4186,7897,12:18:00,0,198.00,0,305.1400,17.4000,29.2000,9.8900,1,ACTIVE,7,4,4
4186,7898,12:18:30,0,131.00,0,270.3000,15.9000,25.7000,9.4700,1,ACTIVE,7,4,4
4186,7899,12:19:00,0,656.00,0,340.3100,19.4000,32.6000,11.3000,1,ACTIVE,7,4,4
4186,7900,12:19:30,0,323.00,0,298.8300,17.0000,28.6000,9.8900,1,ACTIVE,7,4,4
4186,7901,12:20:00,0,323.00,0,301.8200,18.9000,28.6000,8.6900,1,ACTIVE,7,4,4
4186,7902,12:20:30,0,249.00,0,328.2200,19.4000,31.2000,11.3000,1,ACTIVE,7,4,4
4186,7903,12:21:00,0,577.00,0,391.3600,19.4000,37.9000,15.3000,1,ACTIVE,7,4,4
4186,7904,12:21:30,0,284.00,0,281.3800,16.6000,26.8000,9.0700,1,ACTIVE,7,4,4
4186,7905,12:22:00,0,313.00,0,299.5600,17.0000,28.6000,10.6000,1,ACTIVE,7,4,4
4186,7906,12:22:30,0,275.00,0,322.9100,19.4000,30.5000,11.8000,1,ACTIVE,7,4,4
4186,7907,12:23:00,0,419.00,0,362.7200,19.8000,34.8000,13.4000,1,ACTIVE,7,4,4
4186,7908,12:23:30,0,381.00,0,444.6700,30.5000,41.3000,14.0000,1,ACTIVE,7,4,4
4186,7909,12:24:00,0,335.00,0,329.1500,19.8000,31.2000,11.3000,1,ACTIVE,7,4,4
4186,7910,12:24:30,0,313.00,0,321.1800,18.9000,30.5000,11.0000,1,ACTIVE,7,4,4
4186,7911,12:25:00,0,284.00,0,363.8800,21.1000,34.8000,11.8000,1,ACTIVE,7,4,4
4186,7912,12:25:30,0,323.00,0,268.8100,15.3000,25.7000,9.4700,1,ACTIVE,7,4,4
4186,7913,12:26:00,0,179.00,0,288.2100,17.0000,27.4000,9.8900,1,ACTIVE,7,4,4
4186,7914,12:26:30,0,191.00,0,308.2000,18.5000,29.2000,10.3000,1,ACTIVE,7,4,4
4186,7915,12:27:00,0,303.00,0,292.6600,16.6000,28.0000,9.8900,1,ACTIVE,7,4,4
4186,7916,12:27:30,0,346.00,0,301.9200,15.6000,29.2000,10.6000,1,ACTIVE,7,4,4
4186,7917,12:28:00,0,218.00,0,653.3600,33.3000,63.7000,19.8000,1,ACTIVE,7,4,4
4186,7918,12:28:30,0,89.00,0,86.1900,10.3000,7.0000,1.9100,1,ACTIVE,7,4,4
4186,7919,12:29:00,0,43.00,0,103.7600,6.7000,9.6800,3.8100,1,ACTIVE,7,4,4
4186,7920,12:29:30,0,34.00,0,20.8700,3.9000,1.3500,0.4100,1,ACTIVE,7,4,4
4186,7921,12:30:00,0,99.00,0,305.0500,20.2000,28.6000,9.0700,1,ACTIVE,7,4,4
4186,7922,12:30:30,0,405.00,0,299.8100,17.0000,28.6000,10.8000,1,ACTIVE,7,4,4
4186,7923,12:31:00,0,524.00,0,199.3600,19.8000,17.0000,6.1400,1,ACTIVE,7,4,4
4186,7924,12:31:30,0,346.00,0,510.7600,27.4000,49.1000,18.1000,1,ACTIVE,7,4,4
4186,7925,12:32:00,0,335.00,0,453.0700,22.5000,44.1000,15.6000,1,ACTIVE,7,4,4
4186,7926,12:32:30,0,357.00,0,434.5600,22.1000,42.2000,14.6000,1,ACTIVE,7,4,4
4186,7927,12:33:00,0,432.00,0,377.0400,23.5000,35.5000,12.8000,1,ACTIVE,7,4,4
4186,7928,12:33:30,0,284.00,0,322.3600,19.4000,30.5000,11.3000,1,ACTIVE,7,4,4
4186,7929,12:34:00,0,249.00,0,561.7900,27.4000,54.8000,19.8000,1,ACTIVE,7,4,4
4186,7930,12:34:30,0,234.00,0,427.1600,23.0000,41.3000,13.1000,1,ACTIVE,7,4,4
4186,7931,12:35:00,0,257.00,0,398.4100,23.0000,37.9000,14.3000,1,ACTIVE,7,4,4
4186,7932,12:35:30,0,241.00,0,305.4100,20.7000,28.6000,8.5000,1,ACTIVE,7,4,4
4186,7933,12:36:00,0,234.00,0,480.9500,22.5000,47.1000,17.4000,1,ACTIVE,7,4,4
4186,7934,12:36:30,0,241.00,0,416.2000,21.6000,40.4000,13.1000,1,ACTIVE,7,4,4
4186,7935,12:37:00,0,313.00,0,451.6400,22.1000,44.1000,15.3000,1,ACTIVE,7,4,4
4186,7936,12:37:30,0,131.00,0,521.2000,24.6000,51.3000,15.9000,1,ACTIVE,7,4,4
4186,7937,12:38:00,0,218.00,0,492.1800,23.5000,48.1000,17.4000,1,ACTIVE,7,4,4
4186,7938,12:38:30,0,191.00,0,426.3800,22.5000,41.3000,13.4000,1,ACTIVE,7,4,4
4186,7939,12:39:00,0,303.00,0,455.7000,24.0000,44.1000,14.9000,1,ACTIVE,7,4,4
4186,7940,12:39:30,0,368.00,0,508.9200,23.0000,50.2000,16.6000,1,ACTIVE,7,4,4
4186,7941,12:40:00,0,127.00,0,261.5000,14.6000,25.1000,8.5000,1,ACTIVE,7,4,4
4186,7942,12:40:30,0,303.00,0,464.4900,23.5000,45.1000,16.3000,1,ACTIVE,7,4,4
4186,7943,12:41:00,0,346.00,0,365.7500,18.9000,35.5000,11.8000,1,ACTIVE,7,4,4
4186,7944,12:41:30,0,303.00,0,230.4800,20.2000,20.2000,7.9700,1,ACTIVE,7,4,4
4186,7945,12:42:00,0,432.00,0,317.7100,17.4000,30.5000,11.0000,1,ACTIVE,7,4,4
4186,7946,12:42:30,0,419.00,0,290.7200,21.6000,26.8000,7.6300,1,ACTIVE,7,4,4
4186,7947,12:43:00,0,323.00,0,211.3100,12.0000,20.2000,7.0000,1,ACTIVE,7,4,4
4186,7948,12:43:30,0,303.00,0,483.8900,24.6000,47.1000,15.9000,1,ACTIVE,7,4,4
4186,7949,12:44:00,0,204.00,0,485.5700,24.0000,47.1000,18.5000,1,ACTIVE,7,4,4
4186,7950,12:44:30,0,257.00,0,426.3900,21.1000,41.3000,16.3000,1,ACTIVE,7,4,4
4186,7951,12:45:00,0,234.00,0,304.0900,17.0000,29.2000,9.6800,1,ACTIVE,7,4,4
4186,7952,12:45:30,0,293.00,0,329.1500,19.8000,31.2000,11.3000,1,ACTIVE,7,4,4
4186,7953,12:46:00,0,275.00,0,346.4600,18.9000,33.3000,12.0000,1,ACTIVE,7,4,4
4186,7954,12:46:30,0,432.00,0,327.0400,18.9000,31.2000,11.0000,1,ACTIVE,7,4,4
4186,7955,12:47:00,0,346.00,0,354.9500,19.4000,34.0000,13.1000,1,ACTIVE,7,4,4
4186,7956,12:47:30,0,419.00,0,476.7800,32.6000,44.1000,17.0000,1,ACTIVE,7,4,4
4186,7957,12:48:00,0,508.00,0,239.1500,19.4000,22.1000,2.9400,1,ACTIVE,7,4,4
4186,7958,12:48:30,0,257.00,0,189.4200,17.4000,16.6000,4.8400,1,ACTIVE,7,4,4
4186,7959,12:49:00,0,368.00,0,419.2700,21.6000,40.4000,15.9000,1,ACTIVE,7,4,4
4186,7960,12:49:30,0,211.00,0,361.4700,19.4000,34.8000,13.1000,1,ACTIVE,7,4,4
4186,7961,12:50:00,0,313.00,0,404.5900,22.5000,38.7000,14.3000,1,ACTIVE,7,4,4
4186,7962,12:50:30,0,234.00,0,346.1400,18.5000,33.3000,12.6000,1,ACTIVE,7,4,4
4186,7963,12:51:00,0,204.00,0,323.8200,17.0000,31.2000,12.0000,1,ACTIVE,7,4,4
4186,7964,12:51:30,0,257.00,0,154.6300,12.0000,14.0000,5.0600,1,ACTIVE,7,4,4
4186,7965,12:52:00,0,218.00,0,385.0900,20.2000,37.1000,14.3000,1,ACTIVE,7,4,4
4186,7966,12:52:30,0,266.00,0,486.7300,24.6000,47.1000,18.5000,1,ACTIVE,7,4,4
4186,7967,12:53:00,0,293.00,0,402.5000,21.1000,38.7000,15.3000,1,ACTIVE,7,4,4
4186,7968,12:53:30,0,204.00,0,343.0400,17.0000,33.3000,12.8000,1,ACTIVE,7,4,4
4186,7969,12:54:00,0,524.00,0,283.3200,14.0000,27.4000,11.5000,1,ACTIVE,7,4,4
4186,7970,12:54:30,0,257.00,0,369.7000,19.8000,35.5000,13.7000,1,ACTIVE,7,4,4
4186,7971,12:55:00,0,218.00,0,344.9700,18.1000,33.3000,12.3000,1,ACTIVE,7,4,4
4186,7972,12:55:30,0,381.00,0,255.4000,13.4000,24.6000,9.6800,1,ACTIVE,7,4,4
4186,7973,12:56:00,0,492.00,0,219.9000,15.3000,20.2000,8.3200,1,ACTIVE,7,4,4
4186,7974,12:56:30,0,266.00,0,358.7800,18.1000,34.8000,13.1000,1,ACTIVE,7,4,4
4186,7975,12:57:00,0,234.00,0,291.6500,15.3000,28.0000,11.8000,1,ACTIVE,7,4,4
4186,7976,12:57:30,0,266.00,0,394.2300,20.7000,37.9000,15.3000,1,ACTIVE,7,4,4
4186,7977,12:58:00,0,184.00,0,548.9500,25.1000,53.6000,22.1000,1,ACTIVE,7,4,4
4186,7978,12:58:30,0,293.00,0,370.3400,20.2000,35.5000,13.4000,1,ACTIVE,7,4,4
4186,7979,12:59:00,0,150.00,0,333.0200,18.9000,31.9000,11.0000,1,ACTIVE,7,4,4
4186,7980,12:59:30,0,275.00,0,430.2300,23.0000,41.3000,15.9000,1,ACTIVE,7,4,4
4186,7981,13:00:00,0,249.00,0,346.7500,18.5000,33.3000,13.1000,1,ACTIVE,7,4,4
4186,7982,13:00:30,0,167.00,0,376.5100,19.8000,36.3000,13.7000,1,ACTIVE,7,4,4
4186,7983,13:01:00,0,368.00,0,256.0400,13.7000,24.6000,9.6800,1,ACTIVE,7,4,4
4186,7984,13:01:30,0,173.00,0,495.4900,24.0000,48.1000,19.4000,1,ACTIVE,7,4,4
4186,7985,13:02:00,0,249.00,0,403.8800,21.6000,38.7000,15.6000,1,ACTIVE,7,4,4
4186,7986,13:02:30,0,179.00,0,255.6000,13.7000,24.6000,9.2700,1,ACTIVE,7,4,4
4186,7987,13:03:00,0,249.00,0,493.0800,22.5000,48.1000,20.2000,1,ACTIVE,7,4,4
4186,7988,13:03:30,0,58.00,0,717.4200,34.8000,69.5000,29.2000,1,ACTIVE,7,4,4
4186,7989,13:04:00,0,234.00,0,407.8400,23.5000,38.7000,15.3000,1,ACTIVE,7,4,4
4186,7990,13:04:30,0,184.00,0,498.1600,20.2000,49.1000,21.1000,1,ACTIVE,7,4,4
4186,7991,13:05:00,0,293.00,0,230.8400,18.5000,20.7000,8.1400,1,ACTIVE,7,4,4
4186,7992,13:05:30,0,405.00,0,301.3500,14.6000,29.2000,12.0000,1,ACTIVE,7,4,4
4186,7993,13:06:00,0,275.00,0,351.5100,17.4000,34.0000,14.0000,1,ACTIVE,7,4,4
4186,7994,13:06:30,0,204.00,0,614.5300,24.6000,61.0000,23.5000,1,ACTIVE,7,4,4
4186,7995,13:07:00,0,241.00,0,400.5200,20.2000,38.7000,15.3000,1,ACTIVE,7,4,4
4186,7996,13:07:30,0,323.00,0,731.4400,34.8000,71.0000,29.9000,1,ACTIVE,7,4,4
4186,7997,13:08:00,0,323.00,0,370.8600,23.0000,34.8000,14.3000,1,ACTIVE,7,4,4
4186,7998,13:08:30,0,275.00,0,401.8600,20.7000,38.7000,15.6000,1,ACTIVE,7,4,4
4186,7999,13:09:00,0,122.00,0,114.3300,5.2800,11.3000,3.6500,1,ACTIVE,7,4,4
4186,8000,13:09:30,0,234.00,0,135.9700,10.1000,12.3000,5.5100,1,ACTIVE,7,4,4
4186,8001,13:10:00,0,102.00,0,315.0500,15.9000,30.5000,11.5000,1,ACTIVE,7,4,4
4186,8002,13:10:30,0,191.00,0,391.6500,24.0000,37.1000,12.6000,1,ACTIVE,7,4,4
4186,8003,13:11:00,0,122.00,0,250.5800,10.8000,24.6000,10.6000,1,ACTIVE,7,4,4
4186,8004,13:11:30,0,113.00,0,150.4600,8.3200,14.3000,6.2800,1,ACTIVE,7,4,4
4186,8005,13:12:00,0,179.00,0,226.7700,11.0000,22.1000,8.5000,1,ACTIVE,7,4,4
4186,8006,13:12:30,0,313.00,0,431.1600,17.0000,43.2000,14.3000,1,ACTIVE,7,4,4
4186,8007,13:13:00,0,335.00,0,389.3300,19.4000,37.9000,13.4000,1,ACTIVE,7,4,4
4186,8008,13:13:30,0,432.00,0,146.6700,14.6000,12.8000,1.8300,1,ACTIVE,7,4,4
4186,8009,13:14:00,0,368.00,0,471.4700,22.1000,46.1000,17.8000,1,ACTIVE,7,4,4
4186,8010,13:14:30,0,131.00,0,473.2100,23.0000,46.1000,17.4000,1,ACTIVE,7,4,4
4186,8011,13:15:00,0,241.00,0,493.6900,23.0000,48.1000,19.8000,1,ACTIVE,7,4,4
4186,8012,13:15:30,0,162.00,0,410.7500,17.4000,40.4000,16.6000,1,ACTIVE,7,4,4
4186,8013,13:16:00,0,393.00,0,504.7100,24.0000,49.1000,19.4000,1,ACTIVE,7,4,4
4186,8014,13:16:30,0,234.00,0,546.0800,24.0000,53.6000,21.6000,1,ACTIVE,7,4,4
4186,8015,13:17:00,0,393.00,0,434.3100,21.1000,42.2000,16.3000,1,ACTIVE,7,4,4
4186,8016,13:17:30,0,226.00,0,533.6100,24.0000,52.4000,19.4000,1,ACTIVE,7,4,4
4186,8017,13:18:00,0,191.00,0,516.2300,24.6000,50.2000,20.2000,1,ACTIVE,7,4,4
4186,8018,13:18:30,0,211.00,0,522.4500,23.0000,51.3000,20.2000,1,ACTIVE,7,4,4
4186,8019,13:19:00,0,335.00,0,592.4200,24.6000,58.4000,24.0000,1,ACTIVE,7,4,4
4186,8020,13:19:30,0,275.00,0,511.8800,23.0000,50.2000,19.4000,1,ACTIVE,7,4,4
4186,8021,13:20:00,0,249.00,0,501.5600,23.0000,49.1000,18.5000,1,ACTIVE,7,4,4
4186,8022,13:20:30,0,405.00,0,426.3200,29.9000,39.6000,12.6000,1,ACTIVE,7,4,4
4186,8023,13:21:00,0,211.00,0,322.7400,16.6000,31.2000,11.8000,1,ACTIVE,7,4,4
4186,8024,13:21:30,0,432.00,0,121.1800,6.2800,11.8000,3.9000,1,ACTIVE,7,4,4
4186,8025,13:22:00,0,393.00,0,278.5800,19.4000,25.7000,10.1000,1,ACTIVE,7,4,4
4186,8026,13:22:30,0,284.00,0,556.5300,24.6000,54.8000,20.7000,1,ACTIVE,7,4,4
4186,8027,13:23:00,0,218.00,0,501.5600,23.0000,49.1000,18.5000,1,ACTIVE,7,4,4
4186,8028,13:23:30,0,461.00,0,560.5400,20.2000,56.0000,23.5000,1,ACTIVE,7,4,4
4186,8029,13:24:00,0,419.00,0,398.6200,19.4000,38.7000,15.3000,1,ACTIVE,7,4,4
4186,8030,13:24:30,0,405.00,0,465.9200,18.5000,46.1000,19.8000,1,ACTIVE,7,4,4
4186,8031,13:25:00,0,381.00,0,464.4600,21.6000,45.1000,20.2000,1,ACTIVE,7,4,4
4186,8032,13:25:30,0,234.00,0,544.3500,23.0000,53.6000,22.1000,1,ACTIVE,7,4,4
4186,8033,13:26:00,0,211.00,0,473.2200,22.1000,46.1000,19.4000,1,ACTIVE,7,4,4
4186,8034,13:26:30,0,198.00,0,560.9700,25.7000,54.8000,22.5000,1,ACTIVE,7,4,4
4186,8035,13:27:00,0,45.00,0,908.0900,42.2000,88.2000,38.7000,1,ACTIVE,7,4,4
4186,8036,13:27:30,0,249.00,0,570.9500,25.7000,56.0000,22.1000,1,ACTIVE,7,4,4
4186,8037,13:28:00,0,249.00,0,406.9900,19.8000,39.6000,15.3000,1,ACTIVE,7,4,4
4186,8038,13:28:30,0,303.00,0,595.6900,26.8000,58.4000,22.5000,1,ACTIVE,7,4,4
4186,8039,13:29:00,0,357.00,0,362.1000,19.8000,34.8000,12.8000,1,ACTIVE,7,4,4
4186,8040,13:29:30,0,303.00,0,360.2500,18.9000,34.8000,12.8000,1,ACTIVE,7,4,4
4186,8041,13:30:00,0,357.00,0,388.0900,21.6000,37.1000,14.3000,1,ACTIVE,7,4,4
4186,8042,13:30:30,0,303.00,0,406.7200,23.0000,38.7000,15.3000,1,ACTIVE,7,4,4
4186,8043,13:31:00,0,559.00,0,417.1600,21.1000,40.4000,14.9000,1,ACTIVE,7,4,4
4186,8044,13:31:30,0,447.00,0,431.8400,20.7000,42.2000,14.9000,1,ACTIVE,7,4,4
4186,8045,13:32:00,0,492.00,0,171.4600,10.3000,16.3000,5.5100,1,ACTIVE,7,4,4
4186,8046,13:32:30,0,313.00,0,371.5100,17.4000,36.3000,14.0000,1,ACTIVE,7,4,4
4186,8047,13:33:00,0,145.00,0,361.7800,19.4000,34.8000,13.4000,1,ACTIVE,7,4,4
4186,8048,13:33:30,0,241.00,0,390.1800,22.1000,37.1000,15.3000,1,ACTIVE,7,4,4
4186,8049,13:34:00,0,284.00,0,414.1700,22.5000,39.6000,16.3000,1,ACTIVE,7,4,4
4186,8050,13:34:30,0,419.00,0,425.8900,24.0000,40.4000,17.0000,1,ACTIVE,7,4,4
4186,8051,13:35:00,0,184.00,0,359.6500,18.5000,34.8000,13.1000,1,ACTIVE,7,4,4
4186,8052,13:35:30,0,447.00,0,231.1300,11.5000,22.5000,7.6300,1,ACTIVE,7,4,4
4186,8053,13:36:00,0,293.00,0,357.8900,17.0000,34.8000,14.6000,1,ACTIVE,7,4,4
4186,8054,13:36:30,0,419.00,0,279.8500,13.1000,27.4000,10.1000,1,ACTIVE,7,4,4
4186,8055,13:37:00,0,323.00,0,433.8400,19.8000,42.2000,18.5000,1,ACTIVE,7,4,4
4186,8056,13:37:30,0,275.00,0,346.8200,19.4000,33.3000,11.5000,1,ACTIVE,7,4,4
4186,8057,13:38:00,0,113.00,0,374.8600,15.6000,37.1000,14.3000,1,ACTIVE,7,4,4
4186,8058,13:38:30,0,145.00,0,297.5800,13.4000,29.2000,11.0000,1,ACTIVE,7,4,4
4186,8059,13:39:00,0,313.00,0,379.3100,17.8000,37.1000,14.0000,1,ACTIVE,7,4,4
4186,8060,13:39:30,0,275.00,0,333.2400,15.3000,32.6000,13.1000,1,ACTIVE,7,4,4
4186,8061,13:40:00,0,275.00,0,341.1500,16.3000,33.3000,12.6000,1,ACTIVE,7,4,4
4186,8062,13:40:30,0,293.00,0,190.4200,12.6000,17.8000,6.5600,1,ACTIVE,7,4,4
4186,8063,13:41:00,0,204.00,0,349.1000,16.3000,34.0000,14.0000,1,ACTIVE,7,4,4
4186,8064,13:41:30,0,541.00,0,206.3600,9.4700,20.2000,7.6300,1,ACTIVE,7,4,4
4186,8065,13:42:00,0,198.00,0,314.3000,15.6000,30.5000,11.5000,1,ACTIVE,7,4,4
4186,8066,13:42:30,0,167.00,0,306.3200,14.9000,29.9000,10.8000,1,ACTIVE,7,4,4
4186,8067,13:43:00,0,323.00,0,180.8600,13.1000,16.6000,5.6300,1,ACTIVE,7,4,4
4186,8068,13:43:30,0,323.00,0,346.1800,15.3000,34.0000,13.4000,1,ACTIVE,7,4,4
4186,8069,13:44:00,0,234.00,0,346.8300,15.3000,34.0000,14.0000,1,ACTIVE,7,4,4
4186,8070,13:44:30,0,335.00,0,179.3700,11.0000,16.6000,8.5000,1,ACTIVE,7,4,4
4186,8071,13:45:00,0,346.00,0,332.7500,14.3000,32.6000,14.6000,1,ACTIVE,7,4,4
4186,8072,13:45:30,0,357.00,0,331.2100,14.6000,32.6000,12.6000,1,ACTIVE,7,4,4
4186,8073,13:46:00,0,275.00,0,202.8100,13.7000,19.4000,2.7000,1,ACTIVE,7,4,4
4186,8074,13:46:30,0,293.00,0,300.2600,14.6000,29.2000,11.0000,1,ACTIVE,7,4,4
4186,8075,13:47:00,0,266.00,0,280.0200,13.4000,27.4000,9.6800,1,ACTIVE,7,4,4
4186,8076,13:47:30,0,381.00,0,300.5300,14.6000,29.2000,11.3000,1,ACTIVE,7,4,4
4186,8077,13:48:00,0,266.00,0,263.2200,12.8000,25.7000,9.2700,1,ACTIVE,7,4,4
4186,8078,13:48:30,0,346.00,0,286.7300,13.4000,28.0000,11.0000,1,ACTIVE,7,4,4
4186,8079,13:49:00,0,257.00,0,304.8500,13.4000,29.9000,12.6000,1,ACTIVE,7,4,4
4186,8080,13:49:30,0,249.00,0,293.3600,14.9000,28.6000,9.0700,1,ACTIVE,7,4,4
4186,8081,13:50:00,0,234.00,0,225.9400,10.6000,22.1000,8.6900,1,ACTIVE,7,4,4
4186,8082,13:50:30,0,381.00,0,338.0600,14.6000,33.3000,13.1000,1,ACTIVE,7,4,4
4186,8083,13:51:00,0,218.00,0,305.6100,14.6000,29.9000,10.8000,1,ACTIVE,7,4,4
4186,8084,13:51:30,0,198.00,0,306.4000,14.6000,29.9000,11.5000,1,ACTIVE,7,4,4
4186,8085,13:52:00,0,204.00,0,300.2600,14.6000,29.2000,11.0000,1,ACTIVE,7,4,4
4186,8086,13:52:30,0,226.00,0,257.6500,12.3000,25.1000,9.6800,1,ACTIVE,7,4,4
4186,8087,13:53:00,0,357.00,0,300.2600,14.6000,29.2000,11.0000,1,ACTIVE,7,4,4
4186,8088,13:53:30,0,162.00,0,282.2400,14.3000,27.4000,9.8900,1,ACTIVE,7,4,4
4186,8089,13:54:00,0,492.00,0,297.7200,13.7000,29.2000,10.6000,1,ACTIVE,7,4,4
4186,8090,13:54:30,0,293.00,0,298.9600,13.4000,29.2000,12.3000,1,ACTIVE,7,4,4
4186,8091,13:55:00,0,167.00,0,120.5700,3.5700,12.3000,4.6400,1,ACTIVE,7,4,4
4186,8092,13:55:30,0,184.00,0,299.5700,14.3000,29.2000,11.0000,1,ACTIVE,7,4,4
4186,8093,13:56:00,0,173.00,0,251.9100,12.0000,24.6000,9.2700,1,ACTIVE,7,4,4
4186,8094,13:56:30,0,173.00,0,274.3300,12.8000,26.8000,10.3000,1,ACTIVE,7,4,4
4186,8095,13:57:00,0,275.00,0,361.4000,15.3000,35.5000,15.3000,1,ACTIVE,7,4,4
4186,8096,13:57:30,0,284.00,0,300.2600,14.6000,29.2000,11.0000,1,ACTIVE,7,4,4
4186,8097,13:58:00,0,191.00,0,398.4400,18.9000,38.7000,15.9000,1,ACTIVE,7,4,4
4186,8098,13:58:30,0,167.00,0,459.5700,19.8000,45.1000,19.4000,1,ACTIVE,7,4,4
4186,8099,13:59:00,0,249.00,0,332.8300,14.9000,32.6000,13.4000,1,ACTIVE,7,4,4
4186,8100,13:59:30,0,492.00,0,348.8800,19.4000,33.3000,13.4000,1,ACTIVE,7,4,4
4186,8101,14:00:00,0,313.00,0,325.1200,15.3000,31.9000,11.3000,1,ACTIVE,7,4,4
4186,8102,14:00:30,0,303.00,0,360.9500,18.5000,34.8000,14.3000,1,ACTIVE,7,4,4
4186,8103,14:01:00,0,249.00,0,298.1400,14.0000,29.2000,10.3000,1,ACTIVE,7,4,4
4186,8104,14:01:30,0,293.00,0,287.2900,14.0000,28.0000,10.3000,1,ACTIVE,7,4,4
4186,8105,14:02:00,0,241.00,0,299.5700,14.3000,29.2000,11.0000,1,ACTIVE,7,4,4
4186,8106,14:02:30,0,323.00,0,286.7300,13.4000,28.0000,11.0000,1,ACTIVE,7,4,4
4186,8107,14:03:00,0,234.00,0,347.5700,15.6000,34.0000,14.0000,1,ACTIVE,7,4,4
4186,8108,14:03:30,0,70.00,0,429.3500,17.8000,42.2000,18.5000,1,ACTIVE,7,4,4
4186,8109,14:04:00,0,82.00,0,255.5000,11.5000,25.1000,9.2700,1,ACTIVE,7,4,4
4186,8110,14:04:30,0,275.00,0,277.1500,13.1000,27.4000,7.6300,1,ACTIVE,7,4,4
4186,8111,14:05:00,0,346.00,0,240.8900,8.1400,24.0000,11.3000,1,ACTIVE,7,4,4
4186,8112,14:05:30,0,156.00,0,0.0200,0.0049,0.0000,0.0059,1,ACTIVE,7,4,4
4186,8113,14:06:00,0,179.00,0,0.0100,0.0049,0.0000,0.0000,1,ACTIVE,7,4,4
4186,8114,14:06:30,0,70.00,0,0.5200,0.1650,0.0173,0.0059,1,ACTIVE,7,4,4
4186,8115,14:07:00,0,43.00,0,0.5600,0.1840,0.0173,0.0059,1,ACTIVE,7,4,4
4186,8116,14:07:30,0,65.00,0,1.2600,0.2050,0.0880,0.0292,1,ACTIVE,7,4,4
4186,8117,14:08:00,0,167.00,0,0.8100,0.1510,0.0523,0.0173,1,ACTIVE,7,4,4
4186,8118,14:08:30,0,293.00,0,0.0500,0.0197,0.0000,0.0059,1,ACTIVE,7,4,4
4186,8119,14:09:00,0,234.00,0,11.4500,2.4200,0.6890,0.0622,1,ACTIVE,7,4,4
4186,8120,14:09:30,0,303.00,0,6.2600,1.6700,0.2900,0.0206,1,ACTIVE,7,4,4
4186,8121,14:10:00,0,145.00,0,47.8800,2.1300,4.6400,2.3700,1,ACTIVE,7,4,4
4186,8122,14:10:30,0,191.00,0,264.3700,11.8000,26.2000,7.9700,1,ACTIVE,7,4,4
4186,8123,14:11:00,0,109.00,0,510.8000,17.8000,51.3000,20.2000,1,ACTIVE,7,4,4
4186,8124,14:11:30,0,79.00,0,472.1500,13.7000,48.1000,18.9000,1,ACTIVE,7,4,4
4186,8125,14:12:00,0,99.00,0,499.4000,26.8000,48.1000,17.4000,1,ACTIVE,7,4,4
4186,8126,14:12:30,0,122.00,0,822.5200,29.2000,82.7000,31.2000,1,ACTIVE,7,4,4
4186,8127,14:13:00,0,145.00,0,557.4200,20.2000,56.0000,20.7000,1,ACTIVE,7,4,4
4186,8128,14:13:30,0,118.00,0,281.4500,18.9000,26.2000,9.0700,1,ACTIVE,7,4,4
4186,8129,14:14:00,0,150.00,0,145.7000,9.6800,14.0000,1.6000,1,ACTIVE,7,4,4
4186,8130,14:14:30,0,284.00,0,153.8700,5.1700,15.6000,5.3900,1,ACTIVE,7,4,4
4186,8131,14:15:00,0,257.00,0,12.7400,3.9000,0.4670,0.0298,1,ACTIVE,7,4,4
4186,8132,14:15:30,0,131.00,0,0.0200,0.0099,0.0000,0.0000,1,ACTIVE,7,4,4
4186,8133,14:16:00,0,54.00,0,0.0300,0.0099,0.0000,0.0059,1,ACTIVE,7,4,4
4186,8134,14:16:30,0,156.00,0,178.9200,16.6000,15.9000,2.3700,1,ACTIVE,7,4,4
4186,8135,14:17:00,0,234.00,0,577.4300,25.7000,57.2000,18.1000,1,ACTIVE,7,4,4
4186,8136,14:17:30,0,303.00,0,608.2000,27.4000,59.7000,22.5000,1,ACTIVE,7,4,4
4186,8137,14:18:00,0,234.00,0,57.6900,7.6300,4.6400,0.2090,1,ACTIVE,7,4,4
4186,8138,14:18:30,0,211.00,0,0.2500,0.1120,0.0000,0.0059,1,ACTIVE,7,4,4
4186,8139,14:19:00,0,198.00,0,271.7000,40.4000,20.7000,1.2100,1,ACTIVE,7,4,4
4186,8140,14:19:30,0,284.00,0,28929.74,977.0000,2950.000,876.0000,1,ACTIVE,7,4,4
4186,8141,14:20:00,0,198.00,0,22562.86,1640.000,2130.000,255.0000,1,ACTIVE,7,4,4
4186,8142,14:20:30,0,508.00,0,36460.78,1090.000,3740.000,1190.000,1,ACTIVE,7,4,4
4186,8143,14:21:00,0,275.00,0,10211.68,468.0000,998.0000,402.0000,1,ACTIVE,7,4,4
4186,8144,14:21:30,0,249.00,0,10579.85,411.0000,1060.000,317.0000,1,ACTIVE,7,4,4
4186,8145,14:22:00,0,127.00,0,3470.060,324.0000,310.0000,37.9000,1,ACTIVE,7,4,4
4186,8146,14:22:30,0,118.00,0,13144.88,633.0000,1290.000,377.0000,1,ACTIVE,7,4,4
4186,8147,14:23:00,0,162.00,0,5429.150,205.0000,544.0000,192.0000,1,ACTIVE,7,4,4
4186,8148,14:23:30,0,156.00,0,43047.88,3510.000,3990.000,310.0000,1,ACTIVE,7,4,4
4186,8149,14:24:00,0,92.00,0,2526.900,155.0000,239.0000,84.5000,1,ACTIVE,7,4,4
4186,8150,14:24:30,0,65.00,0,6649.090,353.0000,633.0000,297.0000,1,ACTIVE,7,4,4
4186,8151,14:25:00,0,58.00,0,6325.980,310.0000,606.0000,303.0000,1,ACTIVE,7,4,4
4186,8152,14:25:30,0,54.00,0,5164.940,331.0000,478.0000,229.0000,1,ACTIVE,7,4,4
4186,8153,14:26:00,0,61.00,0,5195.930,303.0000,488.0000,229.0000,1,ACTIVE,7,4,4
4186,8154,14:26:30,0,61.00,0,8751.350,402.0000,858.0000,324.0000,1,ACTIVE,7,4,4
4186,8155,14:27:00,0,45.00,0,13116.88,691.0000,1270.000,458.0000,1,ACTIVE,7,4,4
4186,8156,14:27:30,0,67.00,0,4431.610,606.0000,88.2000,2130.000,1,ACTIVE,7,4,4
4186,8157,14:28:00,0,79.00,0,20648.35,1320.000,2000.000,224.0000,1,ACTIVE,7,4,4
4186,8158,14:28:30,0,65.00,0,11481.97,606.0000,1110.000,368.0000,1,ACTIVE,7,4,4
4186,8159,14:29:00,0,72.00,0,10327.57,544.0000,998.0000,353.0000,1,ACTIVE,7,4,4
4186,8160,14:29:30,0,52.00,0,5865.010,284.0000,568.0000,239.0000,1,ACTIVE,7,4,4
4186,8161,14:30:00,0,38.00,0,5053.570,234.0000,488.0000,239.0000,1,ACTIVE,7,4,4
4186,8162,14:30:30,0,63.00,0,4934.500,229.0000,478.0000,224.0000,1,ACTIVE,7,4,4
4186,8163,14:31:00,0,61.00,0,4078.480,192.0000,393.0000,192.0000,1,ACTIVE,7,4,4
4186,8164,14:31:30,0,65.00,0,6607.100,331.0000,633.0000,303.0000,1,ACTIVE,7,4,4
4186,8165,14:32:00,0,67.00,0,4687.240,249.0000,448.0000,197.0000,1,ACTIVE,7,4,4
4186,8166,14:32:30,0,99.00,0,2134.340,79.2000,210.0000,112.0000,1,ACTIVE,7,4,4
4186,8167,14:33:00,0,36.00,0,2549.030,100.0000,249.0000,130.0000,1,ACTIVE,7,4,4
4186,8168,14:33:30,0,38.00,0,2059.760,86.3000,201.0000,100.0000,1,ACTIVE,7,4,4
4186,8169,14:34:00,0,82.00,0,2968.490,119.0000,290.0000,148.0000,1,ACTIVE,7,4,4
4186,8170,14:34:30,0,156.00,0,3140.720,117.0000,310.0000,155.0000,1,ACTIVE,7,4,4
4186,8171,14:35:00,0,145.00,0,3620.680,155.0000,353.0000,173.0000,1,ACTIVE,7,4,4
4186,8172,14:35:30,0,113.00,0,6606.340,272.0000,647.0000,310.0000,1,ACTIVE,7,4,4
4186,8173,14:36:00,0,85.00,0,59250.37,1140.000,6160.000,2590.000,1,ACTIVE,7,4,4
4186,8174,14:36:30,0,89.00,0,116818.0,3740.000,11800.00,4850.000,1,ACTIVE,7,4,4
4186,8175,14:37:00,0,131.00,0,68283.67,2220.000,6860.000,3010.000,1,ACTIVE,7,4,4
4186,8176,14:37:30,0,162.00,0,30845.88,1270.000,3080.000,998.0000,1,ACTIVE,7,4,4
4186,8177,14:38:00,0,335.00,0,7573.000,429.0000,721.0000,284.0000,1,ACTIVE,7,4,4
4186,8178,14:38:30,0,508.00,0,77866.50,5650.000,7160.000,2430.000,1,ACTIVE,7,4,4
4186,8179,14:39:00,0,167.00,0,0.1700,0.0042,0.0173,0.0059,1,ACTIVE,7,4,4
4186,8180,14:39:30,0,241.00,0,140.6400,4.6400,14.3000,4.7400,1,ACTIVE,7,4,4
4186,8181,14:40:00,0,275.00,0,138.4700,5.2800,14.0000,3.9000,1,ACTIVE,7,4,4
4186,8182,14:40:30,0,122.00,0,0.0200,0.0049,0.0000,0.0059,1,ACTIVE,7,4,4
4186,8183,14:41:00,0,140.00,0,70.4700,3.1400,6.8500,3.2800,1,ACTIVE,7,4,4
4186,8184,14:41:30,0,63.00,0,443.5100,26.8000,43.2000,5.7600,1,ACTIVE,7,4,4
4186,8185,14:42:00,0,75.00,0,314.7400,22.1000,29.9000,4.0700,1,ACTIVE,7,4,4
4186,8186,14:42:30,0,95.00,0,3.4000,0.3300,0.3030,0.0206,1,ACTIVE,7,4,4
4186,8187,14:43:00,0,432.00,0,1.1400,0.1610,0.0880,0.0115,1,ACTIVE,7,4,4
4186,8188,14:43:30,0,226.00,0,960.5700,48.1000,94.1000,27.4000,1,ACTIVE,7,4,4
4186,8189,14:44:00,0,313.00,0,3.0800,0.8200,0.1390,0.0523,1,ACTIVE,7,4,4
4186,8190,14:44:30,0,346.00,0,0.3000,0.0981,0.0035,0.0501,1,ACTIVE,7,4,4
4186,8191,14:45:00,0,266.00,0,2881.830,105.0000,284.0000,148.0000,1,ACTIVE,7,4,4
4186,8192,14:45:30,0,226.00,0,8514.050,353.0000,839.0000,353.0000,1,ACTIVE,7,4,4
4186,8193,14:46:00,0,167.00,0,3196.850,130.0000,317.0000,125.0000,1,ACTIVE,7,4,4
4186,8194,14:46:30,0,173.00,0,8611.960,317.0000,858.0000,368.0000,1,ACTIVE,7,4,4
4186,8195,14:47:00,0,179.00,0,20867.35,429.0000,2130.000,1160.000,1,ACTIVE,7,4,4
4186,8196,14:47:30,0,405.00,0,14524.07,544.0000,1440.000,633.0000,1,ACTIVE,7,4,4
4186,8197,14:48:00,0,346.00,0,11587.19,633.0000,1110.000,411.0000,1,ACTIVE,7,4,4
4186,8198,14:48:30,0,249.00,0,2499.150,84.5000,249.0000,117.0000,1,ACTIVE,7,4,4
4186,8199,14:49:00,0,122.00,0,18166.83,661.0000,1830.000,620.0000,1,ACTIVE,7,4,4
4186,8200,14:49:30,0,67.00,0,1157.580,36.3000,117.0000,49.1000,1,ACTIVE,7,4,4
4186,8201,14:50:00,0,150.00,0,17122.82,1020.000,1680.000,155.0000,1,ACTIVE,7,4,4
4186,8202,14:50:30,0,92.00,0,45259.58,2700.000,4450.000,297.0000,1,ACTIVE,7,4,4
4186,8203,14:51:00,0,92.00,0,24876.42,1320.000,2480.000,224.0000,1,ACTIVE,7,4,4
4186,8204,14:51:30,0,61.00,0,39699.04,1830.000,3910.000,1320.000,1,ACTIVE,7,4,4
4186,8205,14:52:00,0,99.00,0,23862.91,1060.000,2370.000,661.0000,1,ACTIVE,7,4,4
4186,8206,14:52:30,0,167.00,0,24362.70,1470.000,2370.000,290.0000,1,ACTIVE,7,4,4
4186,8207,14:53:00,0,218.00,0,30075.10,1750.000,2950.000,353.0000,1,ACTIVE,7,4,4
4186,8208,14:53:30,0,118.00,0,2969.280,105.0000,297.0000,127.0000,1,ACTIVE,7,4,4
4186,8209,14:54:00,0,131.00,0,3095.670,77.5000,317.0000,139.0000,1,ACTIVE,7,4,4
4186,8210,14:54:30,0,113.00,0,51.5000,2.8200,4.8400,2.6400,1,ACTIVE,7,4,4
4186,8211,14:55:00,0,150.00,0,24.5300,2.0800,2.1700,0.8370,1,ACTIVE,7,4,4
4186,8212,14:55:30,0,109.00,0,161.5700,9.4700,15.3000,6.4200,1,ACTIVE,7,4,4
4186,8213,14:56:00,0,156.00,0,3.0900,0.1450,0.3030,0.1120,1,ACTIVE,7,4,4
4186,8214,14:56:30,0,211.00,0,9183.250,420.0000,935.0000,59.7000,1,ACTIVE,7,4,4
4186,8215,14:57:00,0,179.00,0,14508.95,770.0000,1440.000,162.0000,1,ACTIVE,7,4,4
4186,8216,14:57:30,0,82.00,0,9699.230,297.0000,998.0000,278.0000,1,ACTIVE,7,4,4
4186,8217,14:58:00,0,218.00,0,2924.730,48.1000,310.0000,96.2000,1,ACTIVE,7,4,4
4186,8218,14:58:30,0,99.00,0,233.3600,11.5000,22.5000,9.6800,1,ACTIVE,7,4,4
4186,8219,14:59:00,0,122.00,0,115.5000,6.2800,11.0000,4.6400,1,ACTIVE,7,4,4
4186,8220,14:59:30,0,122.00,0,5817.380,173.0000,593.0000,219.0000,1,ACTIVE,7,4,4
4186,8221,15:00:00,0,72.00,0,5937.540,201.0000,593.0000,272.0000,1,ACTIVE,7,4,4
4186,8222,15:00:30,0,211.00,0,3186.650,98.3000,317.0000,180.0000,1,ACTIVE,7,4,4
4186,8223,15:01:00,0,198.00,0,77.9500,4.7400,7.3100,3.2100,1,ACTIVE,7,4,4
4186,8224,15:01:30,0,184.00,0,5495.800,165.0000,556.0000,239.0000,1,ACTIVE,7,4,4
4186,8225,15:02:00,0,99.00,0,12386.33,458.0000,1240.000,478.0000,1,ACTIVE,7,4,4
4186,8226,15:02:30,0,113.00,0,8387.130,310.0000,839.0000,324.0000,1,ACTIVE,7,4,4
4186,8227,15:03:00,0,140.00,0,4853.700,148.0000,488.0000,229.0000,1,ACTIVE,7,4,4
4186,8228,15:03:30,0,85.00,0,100.3600,5.2800,9.6800,3.5700,1,ACTIVE,7,4,4
4186,8229,15:04:00,0,38.00,0,34.0000,1.5400,3.3500,1.1600,1,ACTIVE,7,4,4
4186,8230,15:04:30,0,43.00,0,28.5700,1.7100,2.7000,1.0600,1,ACTIVE,7,4,4
4186,8231,15:05:00,0,109.00,0,74.3200,3.8100,7.1500,3.0100,1,ACTIVE,7,4,4
4186,8232,15:05:30,0,127.00,0,5275.910,162.0000,532.0000,234.0000,1,ACTIVE,7,4,4
4186,8233,15:06:00,0,82.00,0,1803.890,61.0000,180.0000,82.7000,1,ACTIVE,7,4,4
4186,8234,15:06:30,0,43.00,0,2340.780,77.5000,234.0000,112.0000,1,ACTIVE,7,4,4
4186,8235,15:07:00,0,22.00,0,1430.600,53.6000,142.0000,62.4000,1,ACTIVE,7,4,4
4186,8236,15:07:30,0,52.00,0,1197.970,42.2000,119.0000,53.6000,1,ACTIVE,7,4,4
4186,8237,15:08:00,0,34.00,0,1017.130,27.4000,105.0000,34.8000,1,ACTIVE,7,4,4
4186,8238,15:08:30,0,47.00,0,1562.250,72.6000,152.0000,68.0000,1,ACTIVE,7,4,4
4186,8239,15:09:00,0,75.00,0,1585.940,56.0000,158.0000,69.5000,1,ACTIVE,7,4,4
4186,8240,15:09:30,0,67.00,0,579.1700,16.6000,58.4000,28.0000,1,ACTIVE,7,4,4
4186,8241,15:10:00,0,67.00,0,1140.990,37.1000,114.0000,52.4000,1,ACTIVE,7,4,4
4186,8242,15:10:30,0,56.00,0,2108.480,56.0000,214.0000,98.3000,1,ACTIVE,7,4,4
4186,8243,15:11:00,0,47.00,0,4300.030,152.0000,429.0000,192.0000,1,ACTIVE,7,4,4
4186,8244,15:11:30,0,28.00,0,3114.630,114.0000,310.0000,136.0000,1,ACTIVE,7,4,4
4186,8245,15:12:00,0,25.00,0,1815.510,68.0000,180.0000,79.2000,1,ACTIVE,7,4,4
4186,8246,15:12:30,0,56.00,0,1792.700,56.0000,180.0000,82.7000,1,ACTIVE,7,4,4
4186,8247,15:13:00,0,82.00,0,8973.840,244.0000,915.0000,385.0000,1,ACTIVE,7,4,4
4186,8248,15:13:30,0,58.00,0,12835.31,411.0000,1290.000,544.0000,1,ACTIVE,7,4,4
4186,8249,15:14:00,0,49.00,0,2921.710,107.0000,290.0000,130.0000,1,ACTIVE,7,4,4
4186,8250,15:14:30,0,85.00,0,13411.08,438.0000,1350.000,556.0000,1,ACTIVE,7,4,4
4186,8251,15:15:00,0,85.00,0,13424.33,438.0000,1350.000,568.0000,1,ACTIVE,7,4,4
4186,8252,15:15:30,0,65.00,0,2519.670,96.2000,249.0000,112.0000,1,ACTIVE,7,4,4
4186,8253,15:16:00,0,63.00,0,1180.300,48.1000,117.0000,46.1000,1,ACTIVE,7,4,4
4186,8254,15:16:30,0,36.00,0,1435.690,58.4000,142.0000,57.2000,1,ACTIVE,7,4,4
4186,8255,15:17:00,0,43.00,0,1351.930,56.0000,133.0000,57.2000,1,ACTIVE,7,4,4
4186,8256,15:17:30,0,56.00,0,1816.950,69.5000,180.0000,77.5000,1,ACTIVE,7,4,4
4186,8257,15:18:00,0,22.00,0,2799.340,107.0000,278.0000,117.0000,1,ACTIVE,7,4,4
4186,8258,15:18:30,0,25.00,0,4403.710,165.0000,438.0000,184.0000,1,ACTIVE,7,4,4
4186,8259,15:19:00,0,34.00,0,3329.660,125.0000,331.0000,145.0000,1,ACTIVE,7,4,4
4186,8260,15:19:30,0,11.00,0,10619.03,368.0000,1060.000,438.0000,1,ACTIVE,7,4,4
4186,8261,15:20:00,0,38.00,0,4964.620,214.0000,488.0000,197.0000,1,ACTIVE,7,4,4
4186,8262,15:20:30,0,33.00,0,1438.560,57.2000,142.0000,62.4000,1,ACTIVE,7,4,4
4186,8263,15:21:00,0,45.00,0,1349.280,54.8000,133.0000,57.2000,1,ACTIVE,7,4,4
4186,8264,15:21:30,0,38.00,0,1149.540,44.1000,114.0000,46.1000,1,ACTIVE,7,4,4
4186,8265,15:22:00,0,38.00,0,2980.500,107.0000,297.0000,133.0000,1,ACTIVE,7,4,4
4186,8266,15:22:30,0,45.00,0,5692.600,201.0000,568.0000,249.0000,1,ACTIVE,7,4,4
4186,8267,15:23:00,0,45.00,0,6058.440,210.0000,606.0000,261.0000,1,ACTIVE,7,4,4
4186,8268,15:23:30,0,49.00,0,2252.950,82.7000,224.0000,100.0000,1,ACTIVE,7,4,4
4186,8269,15:24:00,0,75.00,0,3252.530,119.0000,324.0000,142.0000,1,ACTIVE,7,4,4
4186,8270,15:24:30,0,47.00,0,3772.020,133.0000,377.0000,165.0000,1,ACTIVE,7,4,4
4186,8271,15:25:00,0,45.00,0,5127.800,184.0000,510.0000,234.0000,1,ACTIVE,7,4,4
4186,8272,15:25:30,0,36.00,0,3193.760,125.0000,317.0000,133.0000,1,ACTIVE,7,4,4
4186,8273,15:26:00,0,34.00,0,3333.120,125.0000,331.0000,148.0000,1,ACTIVE,7,4,4
4186,8274,15:26:30,0,52.00,0,6207.830,219.0000,620.0000,272.0000,1,ACTIVE,7,4,4
4186,8275,15:27:00,0,22.00,0,3546.060,133.0000,353.0000,148.0000,1,ACTIVE,7,4,4
4186,8276,15:27:30,0,54.00,0,2264.850,90.1000,224.0000,96.2000,1,ACTIVE,7,4,4
4186,8277,15:28:00,0,40.00,0,2026.530,79.2000,201.0000,84.5000,1,ACTIVE,7,4,4
4186,8278,15:28:30,0,29.00,0,8971.440,317.0000,896.0000,393.0000,1,ACTIVE,7,4,4
4186,8279,15:29:00,0,19.00,0,8600.050,303.0000,858.0000,385.0000,1,ACTIVE,7,4,4
4186,8280,15:29:30,0,54.00,0,7856.030,261.0000,786.0000,361.0000,1,ACTIVE,7,4,4
4186,8281,15:30:00,0,21.00,0,6329.410,214.0000,633.0000,284.0000,1,ACTIVE,7,4,4
4186,8282,15:30:30,0,33.00,0,4893.870,169.0000,488.0000,224.0000,1,ACTIVE,7,4,4
4186,8283,15:31:00,0,22.00,0,3679.130,119.0000,368.0000,173.0000,1,ACTIVE,7,4,4
4186,8284,15:31:30,0,45.00,0,4678.720,158.0000,468.0000,214.0000,1,ACTIVE,7,4,4
4186,8285,15:32:00,0,40.00,0,6891.200,229.0000,691.0000,310.0000,1,ACTIVE,7,4,4
4186,8286,15:32:30,0,35.00,0,4454.490,142.0000,448.0000,201.0000,1,ACTIVE,7,4,4
4186,8287,15:33:00,0,63.00,0,3951.640,139.0000,393.0000,184.0000,1,ACTIVE,7,4,4
4186,8288,15:33:30,0,95.00,0,4990.310,165.0000,499.0000,234.0000,1,ACTIVE,7,4,4
4186,8289,15:34:00,0,85.00,0,4445.220,142.0000,448.0000,192.0000,1,ACTIVE,7,4,4
4186,8290,15:34:30,0,61.00,0,1093.160,36.3000,110.0000,49.1000,1,ACTIVE,7,4,4
4186,8291,15:35:00,0,106.00,0,4907.430,184.0000,488.0000,205.0000,1,ACTIVE,7,4,4
4186,8292,15:35:30,0,106.00,0,4772.520,169.0000,478.0000,197.0000,1,ACTIVE,7,4,4
4186,8293,15:36:00,0,82.00,0,3290.870,107.0000,331.0000,145.0000,1,ACTIVE,7,4,4
4186,8294,15:36:30,0,61.00,0,1968.780,77.5000,197.0000,69.5000,1,ACTIVE,7,4,4
4186,8295,15:37:00,0,198.00,0,1681.940,214.0000,136.0000,15.3000,1,ACTIVE,7,4,4
4186,8296,15:37:30,0,122.00,0,2359.840,133.0000,224.0000,96.2000,1,ACTIVE,7,4,4
4186,8297,15:38:00,0,150.00,0,9.1200,0.4570,0.8940,0.2600,1,ACTIVE,7,4,4
4186,8298,15:38:30,0,140.00,0,4.6900,0.2490,0.4570,0.1330,1,ACTIVE,7,4,4
4186,8299,15:39:00,0,234.00,0,15.8100,5.1700,0.4980,0.0298,1,ACTIVE,7,4,4
4186,8300,15:39:30,0,167.00,0,3.3600,0.3600,0.2900,0.0206,1,ACTIVE,7,4,4
4186,8301,15:40:00,0,106.00,0,52.2000,2.3200,5.1700,1.6700,1,ACTIVE,7,4,4
4186,8302,15:40:30,0,75.00,0,33.3700,1.0600,3.4200,0.9540,1,ACTIVE,7,4,4
4186,8303,15:41:00,0,40.00,0,17.8100,1.3200,1.6700,0.2050,1,ACTIVE,7,4,4
4186,8304,15:41:30,0,1.00,0,15.2200,0.7200,1.5000,0.4280,0,ACTIVE,7,4,4
4186,8305,15:42:00,0,1.00,0,15.5300,0.7200,1.5400,0.4470,0,ACTIVE,7,4,4
4186,8306,15:42:30,0,0.00,0,15.8300,0.7200,1.5700,0.4570,0,ACTIVE,7,4,4
4186,8307,15:43:00,0,1.00,0,15.8300,0.7200,1.5700,0.4570,0,ACTIVE,7,4,4
4186,8308,15:43:30,0,0.00,0,15.5100,0.7040,1.5400,0.4570,0,ACTIVE,7,4,4
4186,8309,15:44:00,0,0.00,0,15.1200,0.6740,1.5000,0.4280,0,ACTIVE,7,4,4
4186,8310,15:44:30,0,0.00,0,14.2200,0.6600,1.4100,0.3920,0,ACTIVE,7,4,4
4186,8311,15:45:00,0,0.00,0,9.0000,0.6180,0.8560,0.1240,0,ACTIVE,7,4,4
4186,8312,15:45:30,0,0.00,0,12.3000,0.6050,1.2100,0.3300,0,ACTIVE,7,4,4
4186,8313,15:46:00,0,21.00,0,12.9100,0.5200,1.2900,0.4100,1,ACTIVE,7,4,4
4186,8314,15:46:30,0,9.00,0,13.7900,0.4190,1.4100,0.4870,0,ACTIVE,7,4,4
4186,8315,15:47:00,0,15.00,0,4.1900,0.1580,0.4190,0.1580,0,ACTIVE,7,4,4
4186,8316,15:47:30,0,0.00,0,0.6000,0.0559,0.0523,0.0173,0,ACTIVE,7,4,4
4186,8317,15:48:00,0,1.00,0,0.6100,0.0596,0.0523,0.0173,0,ACTIVE,7,4,4
4186,8318,15:48:30,0,27.00,0,0.5800,0.0470,0.0523,0.0173,1,ACTIVE,7,4,4
4186,8319,15:49:00,0,10.00,0,53.8300,2.4700,5.2800,1.9500,1,ACTIVE,7,4,4
4186,8320,15:49:30,0,226.00,0,14.6900,1.3200,1.2900,0.4190,1,ACTIVE,7,4,4
4186,8321,15:50:00,0,131.00,0,4.2400,0.2720,0.4010,0.1220,1,ACTIVE,7,4,4
4186,8322,15:50:30,0,0.00,0,0.9300,0.0679,0.0880,0.0070,1,ACTIVE,7,4,4
4186,8323,15:51:00,0,0.00,0,0.9500,0.0679,0.0880,0.0292,0,ACTIVE,7,4,4
4186,8324,15:51:30,0,0.00,0,0.9500,0.0679,0.0880,0.0292,0,ACTIVE,7,4,4
4186,8325,15:52:00,0,4.00,0,0.6300,0.0679,0.0523,0.0173,0,ACTIVE,7,4,4
4186,8326,15:52:30,0,0.00,0,0.4700,0.0596,0.0378,0.0023,0,ACTIVE,7,4,4
4186,8327,15:53:00,0,17.00,0,0.2100,0.0215,0.0173,0.0059,0,ACTIVE,7,4,4
4186,8328,15:53:30,0,18.00,0,0.4600,0.0559,0.0378,0.0023,1,ACTIVE,7,4,4
4186,8329,15:54:00,0,0.00,0,0.4300,0.0431,0.0378,0.0023,0,ACTIVE,7,4,4
4186,8330,15:54:30,0,0.00,0,0.2300,0.0339,0.0173,0.0059,0,ACTIVE,7,4,4
4186,8331,15:55:00,0,1.00,0,0.2300,0.0339,0.0173,0.0059,1,ACTIVE,7,4,4
4186,8332,15:55:30,0,79.00,0,54.4600,1.5000,5.7600,0.6600,1,ACTIVE,7,4,4
4186,8333,15:56:00,0,99.00,0,26.5800,1.0900,2.6400,0.9750,1,ACTIVE,7,4,4
4186,8334,15:56:30,0,75.00,0,17.7800,0.7350,1.7500,0.7680,1,ACTIVE,7,4,4
4186,8335,15:57:00,0,67.00,0,65.2400,1.7500,6.7000,2.4700,1,ACTIVE,7,4,4
4186,8336,15:57:30,0,34.00,0,76.2800,2.3200,7.8000,2.6400,1,ACTIVE,7,4,4
4186,8337,15:58:00,0,36.00,0,67.6200,2.8800,6.7000,2.3700,1,ACTIVE,7,4,4
4186,8338,15:58:30,0,70.00,0,79.5700,3.0700,7.9700,2.7600,1,ACTIVE,7,4,4
4186,8339,15:59:00,0,58.00,0,5.0600,0.9960,0.0843,1.9500,1,ACTIVE,7,4,4
4186,8340,15:59:30,0,82.00,0,19.6400,0.8560,1.9500,0.6180,1,ACTIVE,7,4,4
4186,8341,16:00:00,0,11.00,0,8.0400,0.3370,0.8020,0.2490,1,ACTIVE,7,4,4
4186,8342,16:00:30,0,70.00,0,26.0500,1.1100,2.5800,0.8940,1,ACTIVE,7,4,4
4186,8343,16:01:00,0,113.00,0,29.1400,1.2600,2.8800,1.0400,1,ACTIVE,7,4,4
4186,8344,16:01:30,0,49.00,0,21.3800,0.9330,2.1300,0.6460,1,ACTIVE,7,4,4
4186,8345,16:02:00,0,106.00,0,29.9000,1.3500,2.9400,1.0600,1,ACTIVE,7,4,4
4186,8346,16:02:30,0,162.00,0,80.9500,2.8200,8.1400,3.1400,1,ACTIVE,7,4,4
4186,8347,16:03:00,0,12.00,0,23.1900,0.9540,2.3200,0.7200,1,ACTIVE,7,4,4
4186,8348,16:03:30,0,47.00,0,23.7500,1.0200,2.3700,0.6890,1,ACTIVE,7,4,4
4186,8349,16:04:00,0,56.00,0,9.4600,0.3450,0.9540,0.3160,1,ACTIVE,7,4,4
4186,8350,16:04:30,0,6.00,0,6.0900,0.1880,0.6180,0.2380,1,ACTIVE,7,4,4
4186,8351,16:05:00,0,1.00,0,4.5300,0.1510,0.4570,0.1800,0,ACTIVE,7,4,4
4186,8352,16:05:30,0,31.00,0,14.2400,1.0900,1.2900,0.4870,1,ACTIVE,7,4,4
4186,8353,16:06:00,0,10.00,0,12.3800,0.3840,1.2600,0.4280,0,ACTIVE,7,4,4
4186,8354,16:06:30,0,33.00,0,2.0900,0.0807,0.2090,0.0756,1,ACTIVE,7,4,4
4186,8355,16:07:00,0,11.00,0,0.6800,0.0559,0.0622,0.0070,0,ACTIVE,7,4,4
4186,8356,16:07:30,0,0.00,0,0.9300,0.0559,0.0880,0.0292,0,ACTIVE,7,4,4
4186,8357,16:08:00,0,2.00,0,1.7900,0.0807,0.1760,0.0650,0,ACTIVE,7,4,4
4186,8358,16:08:30,0,12.00,0,19.4100,0.7040,1.9500,0.7200,0,ACTIVE,7,4,4
4186,8359,16:09:00,0,0.00,0,34.5300,1.1100,3.5000,1.3200,0,ACTIVE,7,4,4
4186,8360,16:09:30,0,0.00,0,37.5400,1.1600,3.8100,1.4400,0,ACTIVE,7,4,4
4186,8361,16:10:00,0,0.00,0,36.7900,1.1600,3.7300,1.4100,0,ACTIVE,7,4,4
4186,8362,16:10:30,0,0.00,0,38.3100,1.1600,3.9000,1.4700,0,ACTIVE,7,4,4
4186,8363,16:11:00,0,0.00,0,40.6900,1.1800,4.1600,1.5000,0,ACTIVE,7,4,4
4186,8364,16:11:30,0,6.00,0,16.7900,0.7040,1.6700,0.5200,0,ACTIVE,7,4,4
4186,8365,16:12:00,0,0.00,0,14.1900,0.6460,1.4100,0.3920,0,ACTIVE,7,4,4
4186,8366,16:12:30,0,1.00,0,13.9300,0.6460,1.3800,0.3920,0,ACTIVE,7,4,4
4186,8367,16:13:00,0,0.00,0,14.8100,0.6600,1.4700,0.4280,0,ACTIVE,7,4,4
4186,8368,16:13:30,0,0.00,0,14.5200,0.6600,1.4400,0.4190,0,ACTIVE,7,4,4
4186,8369,16:14:00,0,0.00,0,14.4800,0.6460,1.4400,0.4100,0,ACTIVE,7,4,4
4186,8370,16:14:30,0,0.00,0,13.9300,0.6460,1.3800,0.3920,0,ACTIVE,7,4,4
4186,8371,16:15:00,0,0.00,0,12.7900,0.6050,1.2600,0.3520,0,ACTIVE,7,4,4
4186,8372,16:15:30,0,7.00,0,17.6000,0.7680,1.7500,0.5310,0,ACTIVE,7,4,4
4186,8373,16:16:00,0,0.00,0,18.3200,0.7850,1.8300,0.5430,0,ACTIVE,7,4,4
4186,8374,16:16:30,0,0.00,0,16.1800,0.7350,1.6000,0.4670,0,ACTIVE,7,4,4
4186,8375,16:17:00,0,0.00,0,16.1900,0.7350,1.6000,0.4770,0,ACTIVE,7,4,4
4186,8376,16:17:30,0,0.00,0,16.8600,0.7510,1.6700,0.4870,0,ACTIVE,7,4,4
4186,8377,16:18:00,0,1.00,0,16.8300,0.7350,1.6700,0.4870,0,ACTIVE,7,4,4
4186,8378,16:18:30,0,25.00,0,32.8200,0.9540,3.3500,1.2600,1,ACTIVE,7,4,4
4186,8379,16:19:00,0,24.00,0,17.5200,0.7040,1.7500,0.5920,1,ACTIVE,7,4,4
4186,8380,16:19:30,0,70.00,0,24.6500,0.8370,2.4700,1.0400,1,ACTIVE,7,4,4
4186,8381,16:20:00,0,18.00,0,4.2800,0.2050,0.4190,0.1450,1,ACTIVE,7,4,4
4186,8382,16:20:30,0,1.00,0,4.6000,0.2050,0.4570,0.1330,0,ACTIVE,7,4,4
4186,8383,16:21:00,0,6.00,0,8.6300,0.2960,0.8750,0.2900,0,ACTIVE,7,4,4
4186,8384,16:21:30,0,1.00,0,8.7700,0.3760,0.8750,0.2600,1,ACTIVE,7,4,4
4186,8385,16:22:00,0,0.00,0,8.9700,0.3840,0.8940,0.2660,1,ACTIVE,7,4,4
4186,8386,16:22:30,0,95.00,0,9.5800,0.4010,0.9540,0.3160,1,ACTIVE,7,4,4
4186,8387,16:23:00,0,218.00,0,43.6500,6.7000,3.2800,0.1190,1,ACTIVE,7,4,4
4186,8388,16:23:30,0,167.00,0,262.4700,43.2000,18.9000,1.0200,1,ACTIVE,7,4,4
4186,8389,16:24:00,0,284.00,0,4274.070,180.0000,420.0000,184.0000,1,ACTIVE,7,4,4
4186,8390,16:24:30,0,249.00,0,3290.870,107.0000,331.0000,145.0000,1,ACTIVE,7,4,4
4186,8391,16:25:00,0,179.00,0,2956.650,119.0000,297.0000,86.3000,1,ACTIVE,7,4,4
4186,8392,16:25:30,0,381.00,0,3557.230,103.0000,361.0000,158.0000,1,ACTIVE,7,4,4
4186,8393,16:26:00,0,122.00,0,79.8500,4.5400,7.6300,2.7600,1,ACTIVE,7,4,4
4186,8394,16:26:30,0,313.00,0,0.0300,0.0099,0.0000,0.0059,1,ACTIVE,7,4,4
4186,8395,16:27:00,0,136.00,0,93.7000,5.8800,8.8800,2.7000,1,ACTIVE,7,4,4
4186,8396,16:27:30,0,58.00,0,71.1800,5.2800,6.7000,0.7680,1,ACTIVE,7,4,4
4186,8397,16:28:00,0,122.00,0,1466.270,51.3000,148.0000,49.1000,1,ACTIVE,7,4,4
4186,8398,16:28:30,0,89.00,0,250.9800,13.7000,24.0000,9.2700,1,ACTIVE,7,4,4
4186,8399,16:29:00,0,131.00,0,6.9500,0.5550,0.6460,0.0622,1,ACTIVE,7,4,4
4186,8400,16:29:30,0,275.00,0,9.6000,0.3450,0.9750,0.2770,1,ACTIVE,7,4,4
4186,8401,16:30:00,0,92.00,0,1.8900,0.1330,0.1760,0.0523,1,ACTIVE,7,4,4
4186,8402,16:30:30,0,118.00,0,0.5800,0.0470,0.0523,0.0173,1,ACTIVE,7,4,4
4186,8403,16:31:00,0,156.00,0,0.2300,0.0339,0.0173,0.0059,1,ACTIVE,7,4,4
4186,8404,16:31:30,0,72.00,0,0.0200,0.0049,0.0000,0.0059,1,ACTIVE,7,4,4
4186,8405,16:32:00,0,106.00,0,0.0300,0.0099,0.0000,0.0059,1,ACTIVE,7,4,4
4186,8406,16:32:30,0,70.00,0,0.0500,0.0197,0.0000,0.0059,1,ACTIVE,7,4,4
4186,8407,16:33:00,0,122.00,0,0.0600,0.0245,0.0000,0.0059,1,ACTIVE,7,4,4
4186,8408,16:33:30,0,136.00,0,0.2200,0.0298,0.0173,0.0059,1,ACTIVE,7,4,4
4186,8409,16:34:00,0,82.00,0,0.6100,0.0596,0.0523,0.0173,1,ACTIVE,7,4,4
4186,8410,16:34:30,0,113.00,0,0.2100,0.0215,0.0173,0.0059,1,ACTIVE,7,4,4
4186,8411,16:35:00,0,67.00,0,0.8700,0.0431,0.0880,0.0070,1,ACTIVE,7,4,4
4186,8412,16:35:30,0,92.00,0,5.5700,0.2000,0.5790,0.0440,1,ACTIVE,7,4,4
4186,8413,16:36:00,0,70.00,0,63.0800,4.5400,6.0100,0.3680,1,ACTIVE,7,4,4
4186,8414,16:36:30,0,184.00,0,41.8200,2.7600,4.0700,0.0679,1,ACTIVE,7,4,4
4186,8415,16:37:00,0,173.00,0,613.1600,21.1000,62.4000,18.5000,1,ACTIVE,7,4,4
4186,8416,16:37:30,0,191.00,0,2058.600,61.0000,210.0000,79.2000,1,ACTIVE,7,4,4
4186,8417,16:38:00,0,122.00,0,2130.780,71.0000,214.0000,88.2000,1,ACTIVE,7,4,4
4186,8418,16:38:30,0,381.00,0,3229.360,112.0000,324.0000,136.0000,1,ACTIVE,7,4,4
4186,8419,16:39:00,0,79.00,0,5316.810,180.0000,532.0000,234.0000,1,ACTIVE,7,4,4
4186,8420,16:39:30,0,257.00,0,1318.190,56.0000,130.0000,49.1000,1,ACTIVE,7,4,4
4186,8421,16:40:00,0,323.00,0,11.4900,2.1700,0.7510,0.0939,1,ACTIVE,7,4,4
4186,8422,16:40:30,0,191.00,0,2252.300,68.0000,229.0000,90.1000,1,ACTIVE,7,4,4
4186,8423,16:41:00,0,113.00,0,5738.920,180.0000,581.0000,234.0000,1,ACTIVE,7,4,4
4186,8424,16:41:30,0,113.00,0,5859.010,184.0000,593.0000,234.0000,1,ACTIVE,7,4,4
4186,8425,16:42:00,0,204.00,0,6109.570,205.0000,620.0000,210.0000,1,ACTIVE,7,4,4
4186,8426,16:42:30,0,63.00,0,6385.320,219.0000,647.0000,214.0000,1,ACTIVE,7,4,4
4186,8427,16:43:00,0,72.00,0,6244.500,219.0000,633.0000,197.0000,1,ACTIVE,7,4,4
4186,8428,16:43:30,0,72.00,0,6691.640,244.0000,676.0000,214.0000,1,ACTIVE,7,4,4
4186,8429,16:44:00,0,89.00,0,6703.460,249.0000,676.0000,214.0000,1,ACTIVE,7,4,4
4186,8430,16:44:30,0,67.00,0,5628.590,210.0000,568.0000,173.0000,1,ACTIVE,7,4,4
4186,8431,16:45:00,0,99.00,0,1774.940,92.1000,176.0000,24.0000,1,ACTIVE,7,4,4
4186,8432,16:45:30,0,106.00,0,1556.330,79.2000,155.0000,22.5000,1,ACTIVE,7,4,4
4186,8433,16:46:00,0,140.00,0,4340.240,162.0000,438.0000,133.0000,1,ACTIVE,7,4,4
4186,8434,16:46:30,0,368.00,0,4091.500,139.0000,411.0000,173.0000,1,ACTIVE,7,4,4
4186,8435,16:47:00,0,95.00,0,2525.420,94.1000,255.0000,77.5000,1,ACTIVE,7,4,4
4186,8436,16:47:30,0,72.00,0,5041.930,184.0000,510.0000,155.0000,1,ACTIVE,7,4,4
4186,8437,16:48:00,0,145.00,0,2225.830,79.2000,224.0000,82.7000,1,ACTIVE,7,4,4
4186,8438,16:48:30,0,145.00,0,889.7400,44.1000,86.3000,33.3000,1,ACTIVE,7,4,4
4186,8439,16:49:00,0,113.00,0,2451.800,90.1000,244.0000,105.0000,1,ACTIVE,7,4,4
4186,8440,16:49:30,0,122.00,0,4774.000,165.0000,478.0000,205.0000,1,ACTIVE,7,4,4
4186,8441,16:50:00,0,54.00,0,4674.840,165.0000,468.0000,197.0000,1,ACTIVE,7,4,4
4186,8442,16:50:30,0,63.00,0,4389.600,155.0000,438.0000,192.0000,1,ACTIVE,7,4,4
4186,8443,16:51:00,0,75.00,0,4298.480,155.0000,429.0000,184.0000,1,ACTIVE,7,4,4
4186,8444,16:51:30,0,95.00,0,4472.250,158.0000,448.0000,184.0000,1,ACTIVE,7,4,4
4186,8445,16:52:00,0,131.00,0,3927.200,139.0000,393.0000,162.0000,1,ACTIVE,7,4,4
4186,8446,16:52:30,0,122.00,0,3575.910,122.0000,361.0000,136.0000,1,ACTIVE,7,4,4
4186,8447,16:53:00,0,89.00,0,1253.870,54.8000,122.0000,58.4000,1,ACTIVE,7,4,4
4186,8448,16:53:30,0,79.00,0,167.8500,7.9700,16.3000,7.0000,1,ACTIVE,7,4,4
4186,8449,16:54:00,0,36.00,0,127.3000,6.4200,12.3000,5.0600,1,ACTIVE,7,4,4
4186,8450,16:54:30,0,35.00,0,183.1100,8.8800,17.8000,7.3100,1,ACTIVE,7,4,4
4186,8451,16:55:00,0,145.00,0,2189.620,80.9000,219.0000,84.5000,1,ACTIVE,7,4,4
4186,8452,16:55:30,0,167.00,0,3407.380,125.0000,338.0000,158.0000,1,ACTIVE,7,4,4
4186,8453,16:56:00,0,89.00,0,4423.060,201.0000,429.0000,205.0000,1,ACTIVE,7,4,4
4186,8454,16:56:30,0,303.00,0,4561.390,188.0000,448.0000,205.0000,1,ACTIVE,7,4,4
4186,8455,16:57:00,0,109.00,0,4939.830,229.0000,478.0000,229.0000,1,ACTIVE,7,4,4
4186,8456,16:57:30,0,145.00,0,4385.310,266.0000,411.0000,184.0000,1,ACTIVE,7,4,4
4186,8457,16:58:00,0,150.00,0,4372.180,188.0000,429.0000,184.0000,1,ACTIVE,7,4,4
4186,8458,16:58:30,0,167.00,0,2414.210,119.0000,234.0000,94.1000,1,ACTIVE,7,4,4
4186,8459,16:59:00,0,368.00,0,1990.780,82.7000,197.0000,79.2000,1,ACTIVE,7,4,4
4186,8460,16:59:30,0,275.00,0,3977.500,162.0000,393.0000,162.0000,1,ACTIVE,7,4,4
4186,8461,17:00:00,0,293.00,0,2451.280,229.0000,219.0000,24.6000,1,ACTIVE,7,4,4
4186,8462,17:00:30,0,368.00,0,0.2600,0.0470,0.0173,0.0059,1,ACTIVE,7,4,4
4186,8463,17:01:00,0,257.00,0,0.0200,0.0049,0.0000,0.0059,1,ACTIVE,7,4,4
4186,8464,17:01:30,0,122.00,0,0.0100,0.0049,0.0000,0.0000,1,ACTIVE,7,4,4
4186,8465,17:02:00,0,335.00,0,0.0200,0.0049,0.0000,0.0059,1,ACTIVE,7,4,4
4186,8466,17:02:30,0,167.00,0,0.0100,0.0049,0.0000,0.0000,1,ACTIVE,7,4,4
4186,8467,17:03:00,0,241.00,0,0.0100,0.0049,0.0000,0.0000,1,ACTIVE,7,4,4
4186,8468,17:03:30,0,257.00,0,9.4300,1.6000,0.6600,0.1000,1,ACTIVE,7,4,4
4186,8469,17:04:00,0,45.00,0,0.2100,0.0215,0.0173,0.0059,1,ACTIVE,7,4,4
4186,8470,17:04:30,1,,,,,,,1,EXCLUDED,7,4,4
4186,8471,17:05:00,1,,,,,,,1,EXCLUDED,7,4,4
4186,8472,17:05:30,1,,,,,,,1,EXCLUDED,7,4,4
4186,8473,17:06:00,1,,,,,,,1,EXCLUDED,7,4,4
4186,8474,17:06:30,1,,,,,,,,EXCLUDED,7,4,4
4186,8475,17:07:00,1,,,,,,,,EXCLUDED,7,4,4
4186,8476,17:07:30,1,,,,,,,,EXCLUDED,7,4,4
4186,8477,17:08:00,1,,,,,,,,EXCLUDED,7,4,4
4186,8478,17:08:30,1,,,,,,,,EXCLUDED,7,4,4
4186,8479,17:09:00,1,,,,,,,,EXCLUDED,7,4,4
4186,8480,17:09:30,1,,,,,,,,EXCLUDED,7,4,4
4186,8481,17:10:00,1,,,,,,,,EXCLUDED,7,4,4
4186,8482,17:10:30,1,,,,,,,,EXCLUDED,7,4,4
4186,8483,17:11:00,1,,,,,,,,EXCLUDED,7,4,4
4186,8484,17:11:30,1,,,,,,,,EXCLUDED,7,4,4
4186,8485,17:12:00,1,,,,,,,,EXCLUDED,7,4,4
4186,8486,17:12:30,1,,,,,,,,EXCLUDED,7,4,4
4186,8487,17:13:00,1,,,,,,,,EXCLUDED,7,4,4
4186,8488,17:13:30,1,,,,,,,,EXCLUDED,7,4,4
4186,8489,17:14:00,1,,,,,,,,EXCLUDED,7,4,4
4186,8490,17:14:30,1,,,,,,,,EXCLUDED,7,4,4
4186,8491,17:15:00,1,,,,,,,,EXCLUDED,7,4,4
4186,8492,17:15:30,1,,,,,,,,EXCLUDED,7,4,4
4186,8493,17:16:00,1,,,,,,,,EXCLUDED,7,4,4
4186,8494,17:16:30,1,,,,,,,,EXCLUDED,7,4,4
4186,8495,17:17:00,1,,,,,,,,EXCLUDED,7,4,4
4186,8496,17:17:30,1,,,,,,,,EXCLUDED,7,4,4
4186,8497,17:18:00,1,,,,,,,,EXCLUDED,7,4,4
4186,8498,17:18:30,1,,,,,,,,EXCLUDED,7,4,4
4186,8499,17:19:00,1,,,,,,,,EXCLUDED,7,4,4
4186,8500,17:19:30,1,,,,,,,,EXCLUDED,7,4,4
4186,8501,17:20:00,1,,,,,,,,EXCLUDED,7,4,4
4186,8502,17:20:30,1,,,,,,,,EXCLUDED,7,4,4
4186,8503,17:21:00,1,,,,,,,,EXCLUDED,7,4,4
4186,8504,17:21:30,1,,,,,,,,EXCLUDED,7,4,4
4186,8505,17:22:00,1,,,,,,,,EXCLUDED,7,4,4
4186,8506,17:22:30,1,,,,,,,,EXCLUDED,7,4,4
4186,8507,17:23:00,1,,,,,,,,EXCLUDED,7,4,4
4186,8508,17:23:30,1,,,,,,,,EXCLUDED,7,4,4
4186,8509,17:24:00,1,,,,,,,,EXCLUDED,7,4,4
4186,8510,17:24:30,1,,,,,,,,EXCLUDED,7,4,4
4186,8511,17:25:00,1,,,,,,,,EXCLUDED,7,4,4
4186,8512,17:25:30,1,,,,,,,,EXCLUDED,7,4,4
4186,8513,17:26:00,1,,,,,,,,EXCLUDED,7,4,4
4186,8514,17:26:30,1,,,,,,,,EXCLUDED,7,4,4
4186,8515,17:27:00,1,,,,,,,,EXCLUDED,7,4,4
4186,8516,17:27:30,1,,,,,,,,EXCLUDED,7,4,4
4186,8517,17:28:00,1,,,,,,,,EXCLUDED,7,4,4
4186,8518,17:28:30,1,,,,,,,,EXCLUDED,7,4,4
4186,8519,17:29:00,1,,,,,,,,EXCLUDED,7,4,4
4186,8520,17:29:30,1,,,,,,,,EXCLUDED,7,4,4
4186,8521,17:30:00,1,,,,,,,,EXCLUDED,7,4,4
4186,8522,17:30:30,1,,,,,,,,EXCLUDED,7,4,4
4186,8523,17:31:00,1,,,,,,,,EXCLUDED,7,4,4
4186,8524,17:31:30,1,,,,,,,,EXCLUDED,7,4,4
4186,8525,17:32:00,1,,,,,,,,EXCLUDED,7,4,4
4186,8526,17:32:30,1,,,,,,,,EXCLUDED,7,4,4
4186,8527,17:33:00,1,,,,,,,,EXCLUDED,7,4,4
4186,8528,17:33:30,1,,,,,,,,EXCLUDED,7,4,4
4186,8529,17:34:00,1,,,,,,,,EXCLUDED,7,4,4
4186,8530,17:34:30,1,,,,,,,,EXCLUDED,7,4,4
4186,8531,17:35:00,1,,,,,,,,EXCLUDED,7,4,4
4186,8532,17:35:30,1,,,,,,,,EXCLUDED,7,4,4
4186,8533,17:36:00,1,,,,,,,,EXCLUDED,7,4,4
4186,8534,17:36:30,1,,,,,,,,EXCLUDED,7,4,4
4186,8535,17:37:00,1,,,,,,,,EXCLUDED,7,4,4
4186,8536,17:37:30,1,,,,,,,,EXCLUDED,7,4,4
4186,8537,17:38:00,1,,,,,,,,EXCLUDED,7,4,4
4186,8538,17:38:30,1,,,,,,,,EXCLUDED,7,4,4
4186,8539,17:39:00,1,,,,,,,,EXCLUDED,7,4,4
4186,8540,17:39:30,1,,,,,,,,EXCLUDED,7,4,4
4186,8541,17:40:00,1,,,,,,,,EXCLUDED,7,4,4
4186,8542,17:40:30,1,,,,,,,,EXCLUDED,7,4,4
4186,8543,17:41:00,1,,,,,,,,EXCLUDED,7,4,4
4186,8544,17:41:30,1,,,,,,,,EXCLUDED,7,4,4
4186,8545,17:42:00,1,,,,,,,,EXCLUDED,7,4,4
4186,8546,17:42:30,1,,,,,,,,EXCLUDED,7,4,4
4186,8547,17:43:00,1,,,,,,,,EXCLUDED,7,4,4
4186,8548,17:43:30,1,,,,,,,,EXCLUDED,7,4,4
4186,8549,17:44:00,1,,,,,,,,EXCLUDED,7,4,4
4186,8550,17:44:30,1,,,,,,,,EXCLUDED,7,4,4
4186,8551,17:45:00,1,,,,,,,,EXCLUDED,7,4,4
4186,8552,17:45:30,1,,,,,,,,EXCLUDED,7,4,4
4186,8553,17:46:00,1,,,,,,,,EXCLUDED,7,4,4
4186,8554,17:46:30,1,,,,,,,,EXCLUDED,7,4,4
4186,8555,17:47:00,1,,,,,,,,EXCLUDED,7,4,4
4186,8556,17:47:30,1,,,,,,,,EXCLUDED,7,4,4
4186,8557,17:48:00,1,,,,,,,,EXCLUDED,7,4,4
4186,8558,17:48:30,1,,,,,,,,EXCLUDED,7,4,4
4186,8559,17:49:00,1,,,,,,,,EXCLUDED,7,4,4
4186,8560,17:49:30,1,,,,,,,,EXCLUDED,7,4,4
4186,8561,17:50:00,1,,,,,,,,EXCLUDED,7,4,4
4186,8562,17:50:30,1,,,,,,,,EXCLUDED,7,4,4
4186,8563,17:51:00,1,,,,,,,,EXCLUDED,7,4,4
4186,8564,17:51:30,1,,,,,,,,EXCLUDED,7,4,4
4186,8565,17:52:00,1,,,,,,,,EXCLUDED,7,4,4
4186,8566,17:52:30,1,,,,,,,,EXCLUDED,7,4,4
4186,8567,17:53:00,1,,,,,,,,EXCLUDED,7,4,4
4186,8568,17:53:30,1,,,,,,,,EXCLUDED,7,4,4
4186,8569,17:54:00,1,,,,,,,,EXCLUDED,7,4,4
4186,8570,17:54:30,1,,,,,,,,EXCLUDED,7,4,4
4186,8571,17:55:00,1,,,,,,,,EXCLUDED,7,4,4
4186,8572,17:55:30,1,,,,,,,,EXCLUDED,7,4,4
4186,8573,17:56:00,1,,,,,,,,EXCLUDED,7,4,4
4186,8574,17:56:30,1,,,,,,,,EXCLUDED,7,4,4
4186,8575,17:57:00,1,,,,,,,,EXCLUDED,7,4,4
4186,8576,17:57:30,1,,,,,,,,EXCLUDED,7,4,4
4186,8577,17:58:00,1,,,,,,,,EXCLUDED,7,4,4
4186,8578,17:58:30,1,,,,,,,,EXCLUDED,7,4,4
4186,8579,17:59:00,1,,,,,,,,EXCLUDED,7,4,4
4186,8580,17:59:30,1,,,,,,,,EXCLUDED,7,4,4
4186,8581,18:00:00,1,,,,,,,,EXCLUDED,7,4,4
4186,8582,18:00:30,1,,,,,,,,EXCLUDED,7,4,4
4186,8583,18:01:00,1,,,,,,,,EXCLUDED,7,4,4
4186,8584,18:01:30,1,,,,,,,,EXCLUDED,7,4,4
4186,8585,18:02:00,1,,,,,,,,EXCLUDED,7,4,4
4186,8586,18:02:30,1,,,,,,,,EXCLUDED,7,4,4
4186,8587,18:03:00,1,,,,,,,,EXCLUDED,7,4,4
4186,8588,18:03:30,1,,,,,,,,EXCLUDED,7,4,4
4186,8589,18:04:00,1,,,,,,,,EXCLUDED,7,4,4
4186,8590,18:04:30,1,,,,,,,,EXCLUDED,7,4,4
4186,8591,18:05:00,1,,,,,,,,EXCLUDED,7,4,4
4186,8592,18:05:30,1,,,,,,,,EXCLUDED,7,4,4
4186,8593,18:06:00,1,,,,,,,,EXCLUDED,7,4,4
4186,8594,18:06:30,1,,,,,,,,EXCLUDED,7,4,4
4186,8595,18:07:00,1,,,,,,,,EXCLUDED,7,4,4
4186,8596,18:07:30,1,,,,,,,,EXCLUDED,7,4,4
4186,8597,18:08:00,1,,,,,,,,EXCLUDED,7,4,4
4186,8598,18:08:30,1,,,,,,,,EXCLUDED,7,4,4
4186,8599,18:09:00,1,,,,,,,,EXCLUDED,7,4,4
4186,8600,18:09:30,1,,,,,,,,EXCLUDED,7,4,4
4186,8601,18:10:00,1,,,,,,,,EXCLUDED,7,4,4
4186,8602,18:10:30,1,,,,,,,,EXCLUDED,7,4,4
4186,8603,18:11:00,1,,,,,,,,EXCLUDED,7,4,4
4186,8604,18:11:30,1,,,,,,,,EXCLUDED,7,4,4
4186,8605,18:12:00,1,,,,,,,,EXCLUDED,7,4,4
4186,8606,18:12:30,1,,,,,,,,EXCLUDED,7,4,4
4186,8607,18:13:00,1,,,,,,,,EXCLUDED,7,4,4
4186,8608,18:13:30,1,,,,,,,,EXCLUDED,7,4,4
4186,8609,18:14:00,1,,,,,,,,EXCLUDED,7,4,4
4186,8610,18:14:30,1,,,,,,,,EXCLUDED,7,4,4
4186,8611,18:15:00,1,,,,,,,,EXCLUDED,7,4,4
4186,8612,18:15:30,1,,,,,,,,EXCLUDED,7,4,4
4186,8613,18:16:00,1,,,,,,,,EXCLUDED,7,4,4
4186,8614,18:16:30,1,,,,,,,,EXCLUDED,7,4,4
4186,8615,18:17:00,1,,,,,,,,EXCLUDED,7,4,4
4186,8616,18:17:30,1,,,,,,,,EXCLUDED,7,4,4
4186,8617,18:18:00,1,,,,,,,,EXCLUDED,7,4,4
4186,8618,18:18:30,1,,,,,,,,EXCLUDED,7,4,4
4186,8619,18:19:00,1,,,,,,,,EXCLUDED,7,4,4
4186,8620,18:19:30,1,,,,,,,,EXCLUDED,7,4,4
4186,8621,18:20:00,1,,,,,,,,EXCLUDED,7,4,4
4186,8622,18:20:30,1,,,,,,,,EXCLUDED,7,4,4
4186,8623,18:21:00,1,,,,,,,,EXCLUDED,7,4,4
4186,8624,18:21:30,1,,,,,,,,EXCLUDED,7,4,4
4186,8625,18:22:00,1,,,,,,,,EXCLUDED,7,4,4
4186,8626,18:22:30,1,,,,,,,,EXCLUDED,7,4,4
4186,8627,18:23:00,1,,,,,,,,EXCLUDED,7,4,4
4186,8628,18:23:30,1,,,,,,,,EXCLUDED,7,4,4
4186,8629,18:24:00,1,,,,,,,,EXCLUDED,7,4,4
4186,8630,18:24:30,1,,,,,,,,EXCLUDED,7,4,4
4186,8631,18:25:00,1,,,,,,,,EXCLUDED,7,4,4
4186,8632,18:25:30,1,,,,,,,,EXCLUDED,7,4,4
4186,8633,18:26:00,1,,,,,,,,EXCLUDED,7,4,4
4186,8634,18:26:30,1,,,,,,,,EXCLUDED,7,4,4
4186,8635,18:27:00,1,,,,,,,,EXCLUDED,7,4,4
4186,8636,18:27:30,1,,,,,,,,EXCLUDED,7,4,4
4186,8637,18:28:00,1,,,,,,,,EXCLUDED,7,4,4
4186,8638,18:28:30,1,,,,,,,,EXCLUDED,7,4,4
4186,8639,18:29:00,1,,,,,,,,EXCLUDED,7,4,4
4186,8640,18:29:30,1,,,,,,,,EXCLUDED,7,4,4
4186,8641,18:30:00,1,,,,,,,,EXCLUDED,7,4,4
4186,8642,18:30:30,1,,,,,,,,EXCLUDED,7,4,4
4186,8643,18:31:00,1,,,,,,,,EXCLUDED,7,4,4
4186,8644,18:31:30,1,,,,,,,,EXCLUDED,7,4,4
4186,8645,18:32:00,1,,,,,,,,EXCLUDED,7,4,4
4186,8646,18:32:30,1,,,,,,,,EXCLUDED,7,4,4
4186,8647,18:33:00,1,,,,,,,,EXCLUDED,7,4,4
4186,8648,18:33:30,1,,,,,,,,EXCLUDED,7,4,4
4186,8649,18:34:00,1,,,,,,,,EXCLUDED,7,4,4
4186,8650,18:34:30,1,,,,,,,,EXCLUDED,7,4,4
4186,8651,18:35:00,1,,,,,,,,EXCLUDED,7,4,4
4186,8652,18:35:30,1,,,,,,,,EXCLUDED,7,4,4
4186,8653,18:36:00,1,,,,,,,,EXCLUDED,7,4,4
4186,8654,18:36:30,1,,,,,,,,EXCLUDED,7,4,4
4186,8655,18:37:00,1,,,,,,,,EXCLUDED,7,4,4
4186,8656,18:37:30,1,,,,,,,,EXCLUDED,7,4,4
4186,8657,18:38:00,1,,,,,,,,EXCLUDED,7,4,4
4186,8658,18:38:30,1,,,,,,,,EXCLUDED,7,4,4
4186,8659,18:39:00,1,,,,,,,,EXCLUDED,7,4,4
4186,8660,18:39:30,1,,,,,,,,EXCLUDED,7,4,4
4186,8661,18:40:00,1,,,,,,,,EXCLUDED,7,4,4
4186,8662,18:40:30,1,,,,,,,,EXCLUDED,7,4,4
4186,8663,18:41:00,1,,,,,,,,EXCLUDED,7,4,4
4186,8664,18:41:30,1,,,,,,,,EXCLUDED,7,4,4
4186,8665,18:42:00,1,,,,,,,,EXCLUDED,7,4,4
4186,8666,18:42:30,1,,,,,,,,EXCLUDED,7,4,4
4186,8667,18:43:00,1,,,,,,,,EXCLUDED,7,4,4
4186,8668,18:43:30,1,,,,,,,,EXCLUDED,7,4,4
4186,8669,18:44:00,1,,,,,,,,EXCLUDED,7,4,4
4186,8670,18:44:30,1,,,,,,,,EXCLUDED,7,4,4
4186,8671,18:45:00,1,,,,,,,,EXCLUDED,7,4,4
4186,8672,18:45:30,1,,,,,,,,EXCLUDED,7,4,4
4186,8673,18:46:00,1,,,,,,,,EXCLUDED,7,4,4
4186,8674,18:46:30,1,,,,,,,,EXCLUDED,7,4,4
4186,8675,18:47:00,1,,,,,,,,EXCLUDED,7,4,4
4186,8676,18:47:30,1,,,,,,,,EXCLUDED,7,4,4
4186,8677,18:48:00,1,,,,,,,,EXCLUDED,7,4,4
4186,8678,18:48:30,1,,,,,,,,EXCLUDED,7,4,4
4186,8679,18:49:00,1,,,,,,,,EXCLUDED,7,4,4
4186,8680,18:49:30,1,,,,,,,,EXCLUDED,7,4,4
4186,8681,18:50:00,1,,,,,,,,EXCLUDED,7,4,4
4186,8682,18:50:30,1,,,,,,,,EXCLUDED,7,4,4
4186,8683,18:51:00,1,,,,,,,,EXCLUDED,7,4,4
4186,8684,18:51:30,1,,,,,,,,EXCLUDED,7,4,4
4186,8685,18:52:00,1,,,,,,,,EXCLUDED,7,4,4
4186,8686,18:52:30,1,,,,,,,,EXCLUDED,7,4,4
4186,8687,18:53:00,1,,,,,,,,EXCLUDED,7,4,4
4186,8688,18:53:30,1,,,,,,,,EXCLUDED,7,4,4
4186,8689,18:54:00,1,,,,,,,,EXCLUDED,7,4,4
4186,8690,18:54:30,1,,,,,,,,EXCLUDED,7,4,4
4186,8691,18:55:00,1,,,,,,,,EXCLUDED,7,4,4
4186,8692,18:55:30,1,,,,,,,,EXCLUDED,7,4,4
4186,8693,18:56:00,1,,,,,,,,EXCLUDED,7,4,4
4186,8694,18:56:30,1,,,,,,,,EXCLUDED,7,4,4
4186,8695,18:57:00,1,,,,,,,,EXCLUDED,7,4,4
4186,8696,18:57:30,1,,,,,,,,EXCLUDED,7,4,4
4186,8697,18:58:00,1,,,,,,,,EXCLUDED,7,4,4
4186,8698,18:58:30,1,,,,,,,,EXCLUDED,7,4,4
4186,8699,18:59:00,1,,,,,,,,EXCLUDED,7,4,4
4186,8700,18:59:30,1,,,,,,,,EXCLUDED,7,4,4
4186,8701,19:00:00,1,,,,,,,,EXCLUDED,7,4,4
4186,8702,19:00:30,1,,,,,,,,EXCLUDED,7,4,4
4186,8703,19:01:00,1,,,,,,,,EXCLUDED,7,4,4
4186,8704,19:01:30,1,,,,,,,,EXCLUDED,7,4,4
4186,8705,19:02:00,1,,,,,,,,EXCLUDED,7,4,4
4186,8706,19:02:30,1,,,,,,,,EXCLUDED,7,4,4
4186,8707,19:03:00,1,,,,,,,,EXCLUDED,7,4,4
4186,8708,19:03:30,1,,,,,,,,EXCLUDED,7,4,4
4186,8709,19:04:00,1,,,,,,,,EXCLUDED,7,4,4
4186,8710,19:04:30,1,,,,,,,,EXCLUDED,7,4,4
4186,8711,19:05:00,1,,,,,,,,EXCLUDED,7,4,4
4186,8712,19:05:30,1,,,,,,,,EXCLUDED,7,4,4
4186,8713,19:06:00,1,,,,,,,,EXCLUDED,7,4,4
4186,8714,19:06:30,1,,,,,,,,EXCLUDED,7,4,4
4186,8715,19:07:00,1,,,,,,,,EXCLUDED,7,4,4
4186,8716,19:07:30,1,,,,,,,,EXCLUDED,7,4,4
4186,8717,19:08:00,1,,,,,,,,EXCLUDED,7,4,4
4186,8718,19:08:30,1,,,,,,,,EXCLUDED,7,4,4
4186,8719,19:09:00,1,,,,,,,,EXCLUDED,7,4,4
4186,8720,19:09:30,1,,,,,,,,EXCLUDED,7,4,4
4186,8721,19:10:00,1,,,,,,,,EXCLUDED,7,4,4
4186,8722,19:10:30,1,,,,,,,,EXCLUDED,7,4,4
4186,8723,19:11:00,1,,,,,,,,EXCLUDED,7,4,4
4186,8724,19:11:30,1,,,,,,,,EXCLUDED,7,4,4
4186,8725,19:12:00,1,,,,,,,,EXCLUDED,7,4,4
4186,8726,19:12:30,1,,,,,,,,EXCLUDED,7,4,4
4186,8727,19:13:00,1,,,,,,,,EXCLUDED,7,4,4
4186,8728,19:13:30,1,,,,,,,,EXCLUDED,7,4,4
4186,8729,19:14:00,1,,,,,,,,EXCLUDED,7,4,4
4186,8730,19:14:30,1,,,,,,,,EXCLUDED,7,4,4
4186,8731,19:15:00,1,,,,,,,,EXCLUDED,7,4,4
4186,8732,19:15:30,1,,,,,,,,EXCLUDED,7,4,4
4186,8733,19:16:00,1,,,,,,,,EXCLUDED,7,4,4
4186,8734,19:16:30,1,,,,,,,,EXCLUDED,7,4,4
4186,8735,19:17:00,1,,,,,,,,EXCLUDED,7,4,4
4186,8736,19:17:30,1,,,,,,,,EXCLUDED,7,4,4
4186,8737,19:18:00,1,,,,,,,,EXCLUDED,7,4,4
4186,8738,19:18:30,1,,,,,,,,EXCLUDED,7,4,4
4186,8739,19:19:00,1,,,,,,,,EXCLUDED,7,4,4
4186,8740,19:19:30,1,,,,,,,,EXCLUDED,7,4,4
4186,8741,19:20:00,1,,,,,,,,EXCLUDED,7,4,4
4186,8742,19:20:30,1,,,,,,,,EXCLUDED,7,4,4
4186,8743,19:21:00,1,,,,,,,,EXCLUDED,7,4,4
4186,8744,19:21:30,1,,,,,,,,EXCLUDED,7,4,4
4186,8745,19:22:00,1,,,,,,,,EXCLUDED,7,4,4
4186,8746,19:22:30,1,,,,,,,,EXCLUDED,7,4,4
4186,8747,19:23:00,1,,,,,,,,EXCLUDED,7,4,4
4186,8748,19:23:30,1,,,,,,,,EXCLUDED,7,4,4
4186,8749,19:24:00,1,,,,,,,,EXCLUDED,7,4,4
4186,8750,19:24:30,1,,,,,,,,EXCLUDED,7,4,4
4186,8751,19:25:00,1,,,,,,,,EXCLUDED,7,4,4
4186,8752,19:25:30,1,,,,,,,,EXCLUDED,7,4,4
4186,8753,19:26:00,1,,,,,,,,EXCLUDED,7,4,4
4186,8754,19:26:30,1,,,,,,,,EXCLUDED,7,4,4
4186,8755,19:27:00,1,,,,,,,,EXCLUDED,7,4,4
4186,8756,19:27:30,1,,,,,,,,EXCLUDED,7,4,4
4186,8757,19:28:00,1,,,,,,,,EXCLUDED,7,4,4
4186,8758,19:28:30,1,,,,,,,,EXCLUDED,7,4,4
4186,8759,19:29:00,1,,,,,,,,EXCLUDED,7,4,4
4186,8760,19:29:30,1,,,,,,,,EXCLUDED,7,4,4
4186,8761,19:30:00,1,,,,,,,,EXCLUDED,7,4,4
4186,8762,19:30:30,1,,,,,,,,EXCLUDED,7,4,4
4186,8763,19:31:00,1,,,,,,,,EXCLUDED,7,4,4
4186,8764,19:31:30,1,,,,,,,,EXCLUDED,7,4,4
4186,8765,19:32:00,1,,,,,,,,EXCLUDED,7,4,4
4186,8766,19:32:30,1,,,,,,,,EXCLUDED,7,4,4
4186,8767,19:33:00,1,,,,,,,,EXCLUDED,7,4,4
4186,8768,19:33:30,1,,,,,,,,EXCLUDED,7,4,4
4186,8769,19:34:00,1,,,,,,,,EXCLUDED,7,4,4
4186,8770,19:34:30,1,,,,,,,,EXCLUDED,7,4,4
4186,8771,19:35:00,1,,,,,,,,EXCLUDED,7,4,4
4186,8772,19:35:30,1,,,,,,,,EXCLUDED,7,4,4
4186,8773,19:36:00,1,,,,,,,,EXCLUDED,7,4,4
4186,8774,19:36:30,1,,,,,,,,EXCLUDED,7,4,4
4186,8775,19:37:00,1,,,,,,,,EXCLUDED,7,4,4
4186,8776,19:37:30,1,,,,,,,,EXCLUDED,7,4,4
4186,8777,19:38:00,1,,,,,,,,EXCLUDED,7,4,4
4186,8778,19:38:30,1,,,,,,,,EXCLUDED,7,4,4
4186,8779,19:39:00,1,,,,,,,,EXCLUDED,7,4,4
4186,8780,19:39:30,1,,,,,,,,EXCLUDED,7,4,4
4186,8781,19:40:00,1,,,,,,,,EXCLUDED,7,4,4
4186,8782,19:40:30,1,,,,,,,,EXCLUDED,7,4,4
4186,8783,19:41:00,1,,,,,,,,EXCLUDED,7,4,4
4186,8784,19:41:30,1,,,,,,,,EXCLUDED,7,4,4
4186,8785,19:42:00,1,,,,,,,,EXCLUDED,7,4,4
4186,8786,19:42:30,1,,,,,,,,EXCLUDED,7,4,4
4186,8787,19:43:00,1,,,,,,,,EXCLUDED,7,4,4
4186,8788,19:43:30,1,,,,,,,,EXCLUDED,7,4,4
4186,8789,19:44:00,1,,,,,,,,EXCLUDED,7,4,4
4186,8790,19:44:30,1,,,,,,,,EXCLUDED,7,4,4
4186,8791,19:45:00,1,,,,,,,,EXCLUDED,7,4,4
4186,8792,19:45:30,1,,,,,,,,EXCLUDED,7,4,4
4186,8793,19:46:00,1,,,,,,,,EXCLUDED,7,4,4
4186,8794,19:46:30,1,,,,,,,,EXCLUDED,7,4,4
4186,8795,19:47:00,1,,,,,,,,EXCLUDED,7,4,4
4186,8796,19:47:30,1,,,,,,,,EXCLUDED,7,4,4
4186,8797,19:48:00,1,,,,,,,,EXCLUDED,7,4,4
4186,8798,19:48:30,1,,,,,,,,EXCLUDED,7,4,4
4186,8799,19:49:00,1,,,,,,,,EXCLUDED,7,4,4
4186,8800,19:49:30,1,,,,,,,,EXCLUDED,7,4,4
4186,8801,19:50:00,1,,,,,,,,EXCLUDED,7,4,4
4186,8802,19:50:30,1,,,,,,,,EXCLUDED,7,4,4
4186,8803,19:51:00,1,,,,,,,,EXCLUDED,7,4,4
4186,8804,19:51:30,1,,,,,,,,EXCLUDED,7,4,4
4186,8805,19:52:00,1,,,,,,,,EXCLUDED,7,4,4
4186,8806,19:52:30,1,,,,,,,,EXCLUDED,7,4,4
4186,8807,19:53:00,1,,,,,,,,EXCLUDED,7,4,4
4186,8808,19:53:30,1,,,,,,,,EXCLUDED,7,4,4
4186,8809,19:54:00,1,,,,,,,,EXCLUDED,7,4,4
4186,8810,19:54:30,1,,,,,,,,EXCLUDED,7,4,4
4186,8811,19:55:00,1,,,,,,,,EXCLUDED,7,4,4
4186,8812,19:55:30,1,,,,,,,,EXCLUDED,7,4,4
4186,8813,19:56:00,1,,,,,,,,EXCLUDED,7,4,4
4186,8814,19:56:30,1,,,,,,,,EXCLUDED,7,4,4
4186,8815,19:57:00,1,,,,,,,,EXCLUDED,7,4,4
4186,8816,19:57:30,1,,,,,,,,EXCLUDED,7,4,4
4186,8817,19:58:00,1,,,,,,,,EXCLUDED,7,4,4
4186,8818,19:58:30,1,,,,,,,,EXCLUDED,7,4,4
4186,8819,19:59:00,1,,,,,,,,EXCLUDED,7,4,4
4186,8820,19:59:30,1,,,,,,,,EXCLUDED,7,4,4
4186,8821,20:00:00,1,,,,,,,,EXCLUDED,7,4,4
4186,8822,20:00:30,1,,,,,,,,EXCLUDED,7,4,4
4186,8823,20:01:00,1,,,,,,,,EXCLUDED,7,4,4
4186,8824,20:01:30,1,,,,,,,,EXCLUDED,7,4,4
4186,8825,20:02:00,1,,,,,,,,EXCLUDED,7,4,4
4186,8826,20:02:30,1,,,,,,,,EXCLUDED,7,4,4
4186,8827,20:03:00,1,,,,,,,,EXCLUDED,7,4,4
4186,8828,20:03:30,1,,,,,,,,EXCLUDED,7,4,4
4186,8829,20:04:00,1,,,,,,,,EXCLUDED,7,4,4
4186,8830,20:04:30,1,,,,,,,,EXCLUDED,7,4,4
4186,8831,20:05:00,1,,,,,,,,EXCLUDED,7,4,4
4186,8832,20:05:30,1,,,,,,,,EXCLUDED,7,4,4
4186,8833,20:06:00,1,,,,,,,,EXCLUDED,7,4,4
4186,8834,20:06:30,1,,,,,,,,EXCLUDED,7,4,4
4186,8835,20:07:00,1,,,,,,,,EXCLUDED,7,4,4
4186,8836,20:07:30,1,,,,,,,,EXCLUDED,7,4,4
4186,8837,20:08:00,1,,,,,,,,EXCLUDED,7,4,4
4186,8838,20:08:30,1,,,,,,,,EXCLUDED,7,4,4
4186,8839,20:09:00,1,,,,,,,,EXCLUDED,7,4,4
4186,8840,20:09:30,1,,,,,,,,EXCLUDED,7,4,4
4186,8841,20:10:00,1,,,,,,,,EXCLUDED,7,4,4
4186,8842,20:10:30,1,,,,,,,,EXCLUDED,7,4,4
4186,8843,20:11:00,1,,,,,,,,EXCLUDED,7,4,4
4186,8844,20:11:30,1,,,,,,,,EXCLUDED,7,4,4
4186,8845,20:12:00,1,,,,,,,,EXCLUDED,7,4,4
4186,8846,20:12:30,1,,,,,,,,EXCLUDED,7,4,4
4186,8847,20:13:00,1,,,,,,,,EXCLUDED,7,4,4
4186,8848,20:13:30,1,,,,,,,,EXCLUDED,7,4,4
4186,8849,20:14:00,1,,,,,,,,EXCLUDED,7,4,4
4186,8850,20:14:30,1,,,,,,,,EXCLUDED,7,4,4
4186,8851,20:15:00,1,,,,,,,,EXCLUDED,7,4,4
4186,8852,20:15:30,1,,,,,,,,EXCLUDED,7,4,4
4186,8853,20:16:00,1,,,,,,,,EXCLUDED,7,4,4
4186,8854,20:16:30,1,,,,,,,,EXCLUDED,7,4,4
4186,8855,20:17:00,1,,,,,,,,EXCLUDED,7,4,4
4186,8856,20:17:30,1,,,,,,,,EXCLUDED,7,4,4
4186,8857,20:18:00,1,,,,,,,,EXCLUDED,7,4,4
4186,8858,20:18:30,1,,,,,,,,EXCLUDED,7,4,4
4186,8859,20:19:00,1,,,,,,,,EXCLUDED,7,4,4
4186,8860,20:19:30,1,,,,,,,,EXCLUDED,7,4,4
4186,8861,20:20:00,1,,,,,,,,EXCLUDED,7,4,4
4186,8862,20:20:30,1,,,,,,,,EXCLUDED,7,4,4
4186,8863,20:21:00,1,,,,,,,,EXCLUDED,7,4,4
4186,8864,20:21:30,1,,,,,,,,EXCLUDED,7,4,4
4186,8865,20:22:00,1,,,,,,,,EXCLUDED,7,4,4
4186,8866,20:22:30,1,,,,,,,,EXCLUDED,7,4,4
4186,8867,20:23:00,1,,,,,,,,EXCLUDED,7,4,4
4186,8868,20:23:30,1,,,,,,,,EXCLUDED,7,4,4
4186,8869,20:24:00,1,,,,,,,,EXCLUDED,7,4,4
4186,8870,20:24:30,1,,,,,,,,EXCLUDED,7,4,4
4186,8871,20:25:00,1,,,,,,,,EXCLUDED,7,4,4
4186,8872,20:25:30,1,,,,,,,,EXCLUDED,7,4,4
4186,8873,20:26:00,1,,,,,,,,EXCLUDED,7,4,4
4186,8874,20:26:30,1,,,,,,,,EXCLUDED,7,4,4
4186,8875,20:27:00,1,,,,,,,,EXCLUDED,7,4,4
4186,8876,20:27:30,1,,,,,,,,EXCLUDED,7,4,4
4186,8877,20:28:00,1,,,,,,,,EXCLUDED,7,4,4
4186,8878,20:28:30,1,,,,,,,,EXCLUDED,7,4,4
4186,8879,20:29:00,1,,,,,,,,EXCLUDED,7,4,4
4186,8880,20:29:30,1,,,,,,,,EXCLUDED,7,4,4
4186,8881,20:30:00,1,,,,,,,,EXCLUDED,7,4,4
4186,8882,20:30:30,1,,,,,,,,EXCLUDED,7,4,4
4186,8883,20:31:00,1,,,,,,,,EXCLUDED,7,4,4
4186,8884,20:31:30,1,,,,,,,,EXCLUDED,7,4,4
4186,8885,20:32:00,1,,,,,,,,EXCLUDED,7,4,4
4186,8886,20:32:30,1,,,,,,,,EXCLUDED,7,4,4
4186,8887,20:33:00,1,,,,,,,,EXCLUDED,7,4,4
4186,8888,20:33:30,1,,,,,,,,EXCLUDED,7,4,4
4186,8889,20:34:00,1,,,,,,,,EXCLUDED,7,4,4
4186,8890,20:34:30,1,,,,,,,,EXCLUDED,7,4,4
4186,8891,20:35:00,1,,,,,,,,EXCLUDED,7,4,4
4186,8892,20:35:30,1,,,,,,,,EXCLUDED,7,4,4
4186,8893,20:36:00,1,,,,,,,,EXCLUDED,7,4,4
4186,8894,20:36:30,1,,,,,,,,EXCLUDED,7,4,4
4186,8895,20:37:00,1,,,,,,,,EXCLUDED,7,4,4
4186,8896,20:37:30,1,,,,,,,,EXCLUDED,7,4,4
4186,8897,20:38:00,1,,,,,,,,EXCLUDED,7,4,4
4186,8898,20:38:30,1,,,,,,,,EXCLUDED,7,4,4
4186,8899,20:39:00,1,,,,,,,,EXCLUDED,7,4,4
4186,8900,20:39:30,1,,,,,,,,EXCLUDED,7,4,4
4186,8901,20:40:00,1,,,,,,,,EXCLUDED,7,4,4
4186,8902,20:40:30,1,,,,,,,,EXCLUDED,7,4,4
4186,8903,20:41:00,1,,,,,,,,EXCLUDED,7,4,4
4186,8904,20:41:30,1,,,,,,,,EXCLUDED,7,4,4
4186,8905,20:42:00,1,,,,,,,,EXCLUDED,7,4,4
4186,8906,20:42:30,1,,,,,,,,EXCLUDED,7,4,4
4186,8907,20:43:00,1,,,,,,,,EXCLUDED,7,4,4
4186,8908,20:43:30,1,,,,,,,,EXCLUDED,7,4,4
4186,8909,20:44:00,1,,,,,,,,EXCLUDED,7,4,4
4186,8910,20:44:30,1,,,,,,,,EXCLUDED,7,4,4
4186,8911,20:45:00,1,,,,,,,,EXCLUDED,7,4,4
4186,8912,20:45:30,1,,,,,,,,EXCLUDED,7,4,4
4186,8913,20:46:00,1,,,,,,,,EXCLUDED,7,4,4
4186,8914,20:46:30,1,,,,,,,,EXCLUDED,7,4,4
4186,8915,20:47:00,1,,,,,,,,EXCLUDED,7,4,4
4186,8916,20:47:30,1,,,,,,,,EXCLUDED,7,4,4
4186,8917,20:48:00,1,,,,,,,,EXCLUDED,7,4,4
4186,8918,20:48:30,1,,,,,,,,EXCLUDED,7,4,4
4186,8919,20:49:00,1,,,,,,,,EXCLUDED,7,4,4
4186,8920,20:49:30,1,,,,,,,,EXCLUDED,7,4,4
4186,8921,20:50:00,1,,,,,,,,EXCLUDED,7,4,4
4186,8922,20:50:30,1,,,,,,,,EXCLUDED,7,4,4
4186,8923,20:51:00,1,,,,,,,,EXCLUDED,7,4,4
4186,8924,20:51:30,1,,,,,,,,EXCLUDED,7,4,4
4186,8925,20:52:00,1,,,,,,,,EXCLUDED,7,4,4
4186,8926,20:52:30,1,,,,,,,,EXCLUDED,7,4,4
4186,8927,20:53:00,1,,,,,,,,EXCLUDED,7,4,4
4186,8928,20:53:30,1,,,,,,,,EXCLUDED,7,4,4
4186,8929,20:54:00,1,,,,,,,,EXCLUDED,7,4,4
4186,8930,20:54:30,1,,,,,,,,EXCLUDED,7,4,4
4186,8931,20:55:00,1,,,,,,,,EXCLUDED,7,4,4
4186,8932,20:55:30,1,,,,,,,,EXCLUDED,7,4,4
4186,8933,20:56:00,1,,,,,,,,EXCLUDED,7,4,4
4186,8934,20:56:30,1,,,,,,,,EXCLUDED,7,4,4
4186,8935,20:57:00,1,,,,,,,,EXCLUDED,7,4,4
4186,8936,20:57:30,1,,,,,,,,EXCLUDED,7,4,4
4186,8937,20:58:00,1,,,,,,,,EXCLUDED,7,4,4
4186,8938,20:58:30,1,,,,,,,,EXCLUDED,7,4,4
4186,8939,20:59:00,1,,,,,,,,EXCLUDED,7,4,4
4186,8940,20:59:30,1,,,,,,,,EXCLUDED,7,4,4
4186,8941,21:00:00,1,,,,,,,,EXCLUDED,7,4,4
4186,8942,21:00:30,1,,,,,,,,EXCLUDED,7,4,4
4186,8943,21:01:00,1,,,,,,,,EXCLUDED,7,4,4
4186,8944,21:01:30,1,,,,,,,,EXCLUDED,7,4,4
4186,8945,21:02:00,1,,,,,,,,EXCLUDED,7,4,4
4186,8946,21:02:30,1,,,,,,,,EXCLUDED,7,4,4
4186,8947,21:03:00,1,,,,,,,,EXCLUDED,7,4,4
4186,8948,21:03:30,1,,,,,,,,EXCLUDED,7,4,4
4186,8949,21:04:00,1,,,,,,,,EXCLUDED,7,4,4
4186,8950,21:04:30,1,,,,,,,,EXCLUDED,7,4,4
4186,8951,21:05:00,1,,,,,,,,EXCLUDED,7,4,4
4186,8952,21:05:30,1,,,,,,,,EXCLUDED,7,4,4
4186,8953,21:06:00,1,,,,,,,,EXCLUDED,7,4,4
4186,8954,21:06:30,1,,,,,,,,EXCLUDED,7,4,4
4186,8955,21:07:00,1,,,,,,,,EXCLUDED,7,4,4
4186,8956,21:07:30,1,,,,,,,,EXCLUDED,7,4,4
4186,8957,21:08:00,1,,,,,,,,EXCLUDED,7,4,4
4186,8958,21:08:30,1,,,,,,,,EXCLUDED,7,4,4
4186,8959,21:09:00,1,,,,,,,,EXCLUDED,7,4,4
4186,8960,21:09:30,1,,,,,,,,EXCLUDED,7,4,4
4186,8961,21:10:00,1,,,,,,,,EXCLUDED,7,4,4
4186,8962,21:10:30,1,,,,,,,,EXCLUDED,7,4,4
4186,8963,21:11:00,1,,,,,,,,EXCLUDED,7,4,4
4186,8964,21:11:30,1,,,,,,,,EXCLUDED,7,4,4
4186,8965,21:12:00,1,,,,,,,,EXCLUDED,7,4,4
4186,8966,21:12:30,1,,,,,,,,EXCLUDED,7,4,4
4186,8967,21:13:00,1,,,,,,,,EXCLUDED,7,4,4
4186,8968,21:13:30,1,,,,,,,,EXCLUDED,7,4,4
4186,8969,21:14:00,1,,,,,,,,EXCLUDED,7,4,4
4186,8970,21:14:30,1,,,,,,,,EXCLUDED,7,4,4
4186,8971,21:15:00,1,,,,,,,,EXCLUDED,7,4,4
4186,8972,21:15:30,1,,,,,,,,EXCLUDED,7,4,4
4186,8973,21:16:00,1,,,,,,,,EXCLUDED,7,4,4
4186,8974,21:16:30,1,,,,,,,,EXCLUDED,7,4,4
4186,8975,21:17:00,1,,,,,,,,EXCLUDED,7,4,4
4186,8976,21:17:30,1,,,,,,,,EXCLUDED,7,4,4
4186,8977,21:18:00,1,,,,,,,,EXCLUDED,7,4,4
4186,8978,21:18:30,1,,,,,,,,EXCLUDED,7,4,4
4186,8979,21:19:00,1,,,,,,,,EXCLUDED,7,4,4
4186,8980,21:19:30,1,,,,,,,,EXCLUDED,7,4,4
4186,8981,21:20:00,1,,,,,,,,EXCLUDED,7,4,4
4186,8982,21:20:30,1,,,,,,,,EXCLUDED,7,4,4
4186,8983,21:21:00,1,,,,,,,,EXCLUDED,7,4,4
4186,8984,21:21:30,1,,,,,,,,EXCLUDED,7,4,4
4186,8985,21:22:00,1,,,,,,,,EXCLUDED,7,4,4
4186,8986,21:22:30,1,,,,,,,,EXCLUDED,7,4,4
4186,8987,21:23:00,1,,,,,,,,EXCLUDED,7,4,4
4186,8988,21:23:30,1,,,,,,,,EXCLUDED,7,4,4
4186,8989,21:24:00,1,,,,,,,,EXCLUDED,7,4,4
4186,8990,21:24:30,1,,,,,,,,EXCLUDED,7,4,4
4186,8991,21:25:00,1,,,,,,,,EXCLUDED,7,4,4
4186,8992,21:25:30,1,,,,,,,,EXCLUDED,7,4,4
4186,8993,21:26:00,1,,,,,,,,EXCLUDED,7,4,4
4186,8994,21:26:30,1,,,,,,,,EXCLUDED,7,4,4
4186,8995,21:27:00,1,,,,,,,,EXCLUDED,7,4,4
4186,8996,21:27:30,1,,,,,,,,EXCLUDED,7,4,4
4186,8997,21:28:00,1,,,,,,,,EXCLUDED,7,4,4
4186,8998,21:28:30,1,,,,,,,,EXCLUDED,7,4,4
4186,8999,21:29:00,1,,,,,,,,EXCLUDED,7,4,4
4186,9000,21:29:30,1,,,,,,,,EXCLUDED,7,4,4
4186,9001,21:30:00,1,,,,,,,,EXCLUDED,7,4,4
4186,9002,21:30:30,1,,,,,,,,EXCLUDED,7,4,4
4186,9003,21:31:00,1,,,,,,,,EXCLUDED,7,4,4
4186,9004,21:31:30,1,,,,,,,,EXCLUDED,7,4,4
4186,9005,21:32:00,1,,,,,,,,EXCLUDED,7,4,4
4186,9006,21:32:30,1,,,,,,,,EXCLUDED,7,4,4
4186,9007,21:33:00,1,,,,,,,,EXCLUDED,7,4,4
4186,9008,21:33:30,1,,,,,,,,EXCLUDED,7,4,4
4186,9009,21:34:00,1,,,,,,,,EXCLUDED,7,4,4
4186,9010,21:34:30,1,,,,,,,,EXCLUDED,7,4,4
4186,9011,21:35:00,1,,,,,,,,EXCLUDED,7,4,4
4186,9012,21:35:30,1,,,,,,,,EXCLUDED,7,4,4
4186,9013,21:36:00,1,,,,,,,,EXCLUDED,7,4,4
4186,9014,21:36:30,1,,,,,,,,EXCLUDED,7,4,4
4186,9015,21:37:00,1,,,,,,,,EXCLUDED,7,4,4
4186,9016,21:37:30,1,,,,,,,,EXCLUDED,7,4,4
4186,9017,21:38:00,1,,,,,,,,EXCLUDED,7,4,4
4186,9018,21:38:30,1,,,,,,,,EXCLUDED,7,4,4
4186,9019,21:39:00,1,,,,,,,,EXCLUDED,7,4,4
4186,9020,21:39:30,1,,,,,,,,EXCLUDED,7,4,4
4186,9021,21:40:00,1,,,,,,,,EXCLUDED,7,4,4
4186,9022,21:40:30,1,,,,,,,,EXCLUDED,7,4,4
4186,9023,21:41:00,1,,,,,,,,EXCLUDED,7,4,4
4186,9024,21:41:30,1,,,,,,,,EXCLUDED,7,4,4
4186,9025,21:42:00,1,,,,,,,,EXCLUDED,7,4,4
4186,9026,21:42:30,1,,,,,,,,EXCLUDED,7,4,4
4186,9027,21:43:00,1,,,,,,,,EXCLUDED,7,4,4
4186,9028,21:43:30,1,,,,,,,,EXCLUDED,7,4,4
4186,9029,21:44:00,1,,,,,,,,EXCLUDED,7,4,4
4186,9030,21:44:30,1,,,,,,,,EXCLUDED,7,4,4
4186,9031,21:45:00,1,,,,,,,,EXCLUDED,7,4,4
4186,9032,21:45:30,1,,,,,,,,EXCLUDED,7,4,4
4186,9033,21:46:00,1,,,,,,,,EXCLUDED,7,4,4
4186,9034,21:46:30,1,,,,,,,,EXCLUDED,7,4,4
4186,9035,21:47:00,1,,,,,,,,EXCLUDED,7,4,4
4186,9036,21:47:30,1,,,,,,,,EXCLUDED,7,4,4
4186,9037,21:48:00,1,,,,,,,,EXCLUDED,7,4,4
4186,9038,21:48:30,1,,,,,,,,EXCLUDED,7,4,4
4186,9039,21:49:00,1,,,,,,,,EXCLUDED,7,4,4
4186,9040,21:49:30,1,,,,,,,,EXCLUDED,7,4,4
4186,9041,21:50:00,1,,,,,,,,EXCLUDED,7,4,4
4186,9042,21:50:30,1,,,,,,,,EXCLUDED,7,4,4
4186,9043,21:51:00,1,,,,,,,,EXCLUDED,7,4,4
4186,9044,21:51:30,1,,,,,,,,EXCLUDED,7,4,4
4186,9045,21:52:00,1,,,,,,,,EXCLUDED,7,4,4
4186,9046,21:52:30,1,,,,,,,,EXCLUDED,7,4,4
4186,9047,21:53:00,1,,,,,,,,EXCLUDED,7,4,4
4186,9048,21:53:30,1,,,,,,,,EXCLUDED,7,4,4
4186,9049,21:54:00,1,,,,,,,,EXCLUDED,7,4,4
4186,9050,21:54:30,1,,,,,,,,EXCLUDED,7,4,4
4186,9051,21:55:00,1,,,,,,,,EXCLUDED,7,4,4
4186,9052,21:55:30,1,,,,,,,,EXCLUDED,7,4,4
4186,9053,21:56:00,1,,,,,,,,EXCLUDED,7,4,4
4186,9054,21:56:30,1,,,,,,,,EXCLUDED,7,4,4
4186,9055,21:57:00,1,,,,,,,,EXCLUDED,7,4,4
4186,9056,21:57:30,1,,,,,,,,EXCLUDED,7,4,4
4186,9057,21:58:00,1,,,,,,,,EXCLUDED,7,4,4
4186,9058,21:58:30,1,,,,,,,,EXCLUDED,7,4,4
4186,9059,21:59:00,1,,,,,,,,EXCLUDED,7,4,4
4186,9060,21:59:30,1,,,,,,,1,EXCLUDED,7,4,4
4186,9061,22:00:00,1,,,,,,,1,EXCLUDED,7,4,4
4186,9062,22:00:30,1,,,,,,,1,EXCLUDED,7,4,4
4186,9063,22:01:00,1,,,,,,,1,EXCLUDED,7,4,4
4186,9064,22:01:30,0,85.00,0,6.8800,1.2400,0.4670,0.0535,1,ACTIVE,7,4,4
4186,9065,22:02:00,0,72.00,0,9.4100,2.0400,0.5550,0.0480,1,ACTIVE,7,4,4
4186,9066,22:02:30,0,63.00,0,6.5900,1.4700,0.3760,0.0440,1,ACTIVE,7,4,4
4186,9067,22:03:00,0,75.00,0,0.0900,0.0395,0.0000,0.0059,1,ACTIVE,7,4,4
4186,9068,22:03:30,0,61.00,0,2.8000,0.9130,0.0880,0.0115,1,ACTIVE,7,4,4
4186,9069,22:04:00,0,99.00,0,7.1400,1.4700,0.4370,0.0535,1,ACTIVE,7,4,4
4186,9070,22:04:30,0,95.00,0,11.2700,1.5000,0.8940,0.1140,1,ACTIVE,7,4,4
4186,9071,22:05:00,0,7.00,0,28.9500,2.2200,2.7000,0.3840,1,ACTIVE,7,4,4
4186,9072,22:05:30,0,6.00,0,33.5700,1.7500,3.2800,0.9130,0,ACTIVE,7,4,4
4186,9073,22:06:00,0,0.00,0,14.8700,0.7040,1.4700,0.3920,0,ACTIVE,7,4,4
4186,9074,22:06:30,0,1.00,0,13.9300,0.6460,1.3800,0.3920,0,ACTIVE,7,4,4
4186,9075,22:07:00,0,0.00,0,13.6300,0.6320,1.3500,0.3840,0,ACTIVE,7,4,4
4186,9076,22:07:30,0,0.00,0,14.1900,0.6460,1.4100,0.3920,0,ACTIVE,7,4,4
4186,9077,22:08:00,0,43.00,1,359.3000,14.9000,35.5000,14.0000,1,ACTIVE,7,4,4
4186,9078,22:08:30,0,34.00,0,399.4600,9.2700,41.3000,15.6000,1,ACTIVE,7,4,4
4186,9079,22:09:00,0,13.00,0,5.8000,0.3840,0.5550,0.0807,1,ACTIVE,7,4,4
4186,9080,22:09:30,0,0.00,0,7.1500,0.3450,0.7040,0.2050,0,ACTIVE,7,4,4
4186,9081,22:10:00,0,0.00,0,7.1400,0.3370,0.7040,0.2050,0,ACTIVE,7,4,4
4186,9082,22:10:30,0,0.00,0,4.2600,0.2000,0.4190,0.1330,0,ACTIVE,7,4,4
4186,9083,22:11:00,0,0.00,0,4.0600,0.1880,0.4010,0.1220,0,ACTIVE,7,4,4
4186,9084,22:11:30,0,0.00,0,4.2200,0.1880,0.4190,0.1220,0,ACTIVE,7,4,4
4186,9085,22:12:00,0,0.00,0,4.0600,0.1880,0.4010,0.1220,0,ACTIVE,7,4,4
4186,9086,22:12:30,0,0.00,0,3.7200,0.1720,0.3680,0.1120,0,ACTIVE,7,4,4
4186,9087,22:13:00,0,0.00,0,2.6800,0.1220,0.2660,0.0756,0,ACTIVE,7,4,4
4186,9088,22:13:30,0,1.00,0,4.0600,0.1880,0.4010,0.1220,0,ACTIVE,7,4,4
4186,9089,22:14:00,0,4.00,0,9.7900,0.4100,0.9750,0.3160,0,ACTIVE,7,4,4
4186,9090,22:14:30,0,2.00,0,7.8100,0.3840,0.7680,0.2140,0,ACTIVE,7,4,4
4186,9091,22:15:00,0,0.00,0,5.3600,0.2440,0.5310,0.1580,0,ACTIVE,7,4,4
4186,9092,22:15:30,0,1.00,0,4.6200,0.2140,0.4570,0.1330,0,ACTIVE,7,4,4
4186,9093,22:16:00,0,0.00,0,4.6300,0.2190,0.4570,0.1330,0,ACTIVE,7,4,4
4186,9094,22:16:30,0,0.00,0,5.8600,0.2720,0.5790,0.1690,0,ACTIVE,7,4,4
4186,9095,22:17:00,0,30.00,0,6.9700,0.3230,0.6890,0.2050,1,ACTIVE,7,4,4
4186,9096,22:17:30,0,40.00,0,9.0800,0.4370,0.8940,0.2600,1,ACTIVE,7,4,4
4186,9097,22:18:00,0,15.00,0,13.8100,0.9330,1.3200,0.1760,1,ACTIVE,7,4,4
4186,9098,22:18:30,0,11.00,0,20.0900,1.4100,1.9100,0.2490,0,ACTIVE,7,4,4
4186,9099,22:19:00,0,6.00,0,9.9100,0.4870,0.9750,0.2770,0,ACTIVE,7,4,4
4186,9100,22:19:30,0,2.00,0,10.6300,0.7040,1.0200,0.1480,0,ACTIVE,7,4,4
4186,9101,22:20:00,0,0.00,0,10.4100,0.6890,0.9960,0.1480,0,ACTIVE,7,4,4
4186,9102,22:20:30,0,0.00,0,13.1300,0.6460,1.2900,0.3600,0,ACTIVE,7,4,4
4186,9103,22:21:00,0,2.00,0,10.6600,0.7200,1.0200,0.1450,0,ACTIVE,7,4,4
4186,9104,22:21:30,0,4.00,0,11.8800,0.8020,1.1300,0.1610,0,ACTIVE,7,4,4
4186,9105,22:22:00,0,0.00,0,13.8300,0.9330,1.3200,0.1920,0,ACTIVE,7,4,4
4186,9106,22:22:30,0,0.00,0,13.7900,0.9130,1.3200,0.1920,0,ACTIVE,7,4,4
4186,9107,22:23:00,0,0.00,0,20.9600,0.9540,2.0800,0.5790,0,ACTIVE,7,4,4
4186,9108,22:23:30,0,0.00,0,14.6200,0.9330,1.4100,0.2050,0,ACTIVE,7,4,4
4186,9109,22:24:00,0,0.00,0,14.6200,0.9330,1.4100,0.2050,0,ACTIVE,7,4,4
4186,9110,22:24:30,0,0.00,0,19.2900,0.9130,1.9100,0.5200,0,ACTIVE,7,4,4
4186,9111,22:25:00,0,1.00,0,18.0300,0.8370,1.7900,0.4770,0,ACTIVE,7,4,4
4186,9112,22:25:30,0,3.00,0,6.2300,0.2770,0.6180,0.1800,0,ACTIVE,7,4,4
4186,9113,22:26:00,0,2.00,0,5.3500,0.2380,0.5310,0.1580,0,ACTIVE,7,4,4
4186,9114,22:26:30,0,1.00,0,12.2500,0.5790,1.2100,0.3370,0,ACTIVE,7,4,4
4186,9115,22:27:00,0,0.00,0,11.0200,0.4010,1.1100,0.3760,0,ACTIVE,7,4,4
4186,9116,22:27:30,0,16.00,0,10.1400,0.4010,1.0200,0.3160,0,ACTIVE,7,4,4
4186,9117,22:28:00,0,0.00,0,15.3600,0.6180,1.5400,0.4980,0,ACTIVE,7,4,4
4186,9118,22:28:30,0,0.00,0,15.1200,0.6740,1.5000,0.4280,0,ACTIVE,7,4,4
4186,9119,22:29:00,0,0.00,0,13.9400,0.6460,1.3800,0.4100,0,ACTIVE,7,4,4
4186,9120,22:29:30,0,12.00,0,12.0800,0.4980,1.2100,0.3520,0,ACTIVE,7,4,4
4186,9121,22:30:00,0,6.00,0,6.9900,0.2600,0.7040,0.2280,0,ACTIVE,7,4,4
4186,9122,22:30:30,0,8.00,0,8.7000,0.3160,0.8750,0.3160,0,ACTIVE,7,4,4
4186,9123,22:31:00,0,0.00,0,4.1000,0.1360,0.4190,0.1220,0,ACTIVE,7,4,4
4186,9124,22:31:30,0,0.00,0,2.2000,0.1330,0.2140,0.0298,0,ACTIVE,7,4,4
4186,9125,22:32:00,0,6.00,0,10.8600,0.4470,1.0900,0.3300,0,ACTIVE,7,4,4
4186,9126,22:32:30,0,1.00,0,14.6900,0.4100,1.5000,0.5670,0,ACTIVE,7,4,4
4186,9127,22:33:00,0,0.00,0,11.6700,0.3840,1.1800,0.4100,0,ACTIVE,7,4,4
4186,9128,22:33:30,0,3.00,0,9.2500,0.3520,0.9330,0.2770,0,ACTIVE,7,4,4
4186,9129,22:34:00,0,6.00,0,6.8700,0.2840,0.6890,0.1920,0,ACTIVE,7,4,4
4186,9130,22:34:30,0,30.00,0,10.7200,0.4980,1.0600,0.2900,1,ACTIVE,7,4,4
4186,9131,22:35:00,0,0.00,0,11.0100,0.5200,1.0900,0.3160,0,ACTIVE,7,4,4
4186,9132,22:35:30,0,0.00,0,10.9600,0.4980,1.0900,0.3160,0,ACTIVE,7,4,4
4186,9133,22:36:00,0,1.00,0,10.2800,0.4770,1.0200,0.2900,0,ACTIVE,7,4,4
4186,9134,22:36:30,0,0.00,0,9.6400,0.4470,0.9540,0.2770,0,ACTIVE,7,4,4
4186,9135,22:37:00,0,16.00,0,73.9700,3.4200,7.3100,2.2200,0,ACTIVE,7,4,4
4186,9136,22:37:30,0,8.00,0,85.0400,1.9900,8.8800,2.6400,0,ACTIVE,7,4,4
4186,9137,22:38:00,0,0.00,0,10.6300,0.7040,1.0200,0.1480,0,ACTIVE,7,4,4
4186,9138,22:38:30,0,1.00,0,15.2000,0.7200,1.5000,0.4100,0,ACTIVE,7,4,4
4186,9139,22:39:00,0,0.00,0,16.9300,0.8020,1.6700,0.4470,0,ACTIVE,7,4,4
4186,9140,22:39:30,0,0.00,0,12.5600,0.8020,1.2100,0.1760,0,ACTIVE,7,4,4
4186,9141,22:40:00,0,0.00,0,17.6800,0.8370,1.7500,0.4670,0,ACTIVE,7,4,4
4186,9142,22:40:30,0,0.00,0,13.4500,0.8750,1.2900,0.1840,0,ACTIVE,7,4,4
4186,9143,22:41:00,0,0.00,0,14.6600,0.9540,1.4100,0.2000,0,ACTIVE,7,4,4
4186,9144,22:41:30,0,1.00,0,14.7600,1.2400,1.3500,0.1920,0,ACTIVE,7,4,4
4186,9145,22:42:00,0,6.00,0,11.3800,0.7680,1.0900,0.1580,0,ACTIVE,7,4,4
4186,9146,22:42:30,0,43.00,0,21.9600,2.0800,1.9500,0.2720,1,REST-S,7,4,4
4186,9147,22:43:00,0,0.00,0,34.6500,3.0100,3.1400,0.4670,0,REST-S,7,4,4
4186,9148,22:43:30,0,1.00,0,31.5000,2.6400,2.8800,0.4190,0,REST-S,7,4,4
4186,9149,22:44:00,0,0.00,0,14.3800,0.9540,1.3800,0.1800,0,REST-S,7,4,4
4186,9150,22:44:30,0,0.00,0,12.0500,0.7850,1.1600,0.1550,0,REST-S,7,4,4
4186,9151,22:45:00,0,0.00,0,11.0600,0.7200,1.0600,0.1450,0,REST-S,7,4,4
4186,9152,22:45:30,0,1.00,0,9.2900,0.6050,0.8940,0.1190,0,REST-S,7,4,4
4186,9153,22:46:00,0,0.00,0,3.7300,0.1760,0.3680,0.1120,0,REST-S,7,4,4
4186,9154,22:46:30,0,0.00,0,8.8400,0.4190,0.8750,0.2380,0,REST-S,7,4,4
4186,9155,22:47:00,0,0.00,0,11.3300,0.7510,1.0900,0.1480,0,REST-S,7,4,4
4186,9156,22:47:30,0,0.00,0,12.1000,0.8020,1.1600,0.1580,0,REST-S,7,4,4
4186,9157,22:48:00,0,1.00,0,10.3900,0.6890,0.9960,0.1360,0,REST-S,7,4,4
4186,9158,22:48:30,0,0.00,0,11.8000,0.7680,1.1300,0.1580,0,REST-S,7,4,4
4186,9159,22:49:00,0,1.00,0,13.2300,0.8940,1.2600,0.1720,0,REST-S,7,4,4
4186,9160,22:49:30,0,4.00,0,0.9300,0.0679,0.0880,0.0115,0,REST-S,7,4,4
4186,9161,22:50:00,0,0.00,0,0.5500,0.0339,0.0523,0.0173,0,REST-S,7,4,4
4186,9162,22:50:30,0,0.00,0,0.2000,0.0170,0.0173,0.0059,0,REST-S,7,4,4
4186,9163,22:51:00,0,0.00,0,0.2000,0.0170,0.0173,0.0059,0,REST-S,7,4,4
4186,9164,22:51:30,0,0.00,0,0.2000,0.0170,0.0173,0.0059,0,REST-S,7,4,4
4186,9165,22:52:00,0,1.00,0,0.1800,0.0085,0.0173,0.0059,0,REST-S,7,4,4
4186,9166,22:52:30,0,0.00,0,0.1800,0.0085,0.0173,0.0059,0,REST-S,7,4,4
4186,9167,22:53:00,0,0.00,0,0.1800,0.0085,0.0173,0.0059,0,REST-S,7,4,4
4186,9168,22:53:30,0,0.00,0,0.1800,0.0085,0.0173,0.0059,0,REST-S,7,4,4
4186,9169,22:54:00,0,0.00,0,0.1800,0.0085,0.0173,0.0059,0,REST-S,7,4,4
4186,9170,22:54:30,0,0.00,0,0.2000,0.0170,0.0173,0.0059,0,REST-S,7,4,4
4186,9171,22:55:00,0,1.00,0,5.8100,0.3920,0.5550,0.0773,0,REST-S,7,4,4
4186,9172,22:55:30,0,0.00,0,3.7500,0.1840,0.3680,0.1120,0,REST-S,7,4,4
4186,9173,22:56:00,0,3.00,0,0.2000,0.0170,0.0173,0.0059,0,REST-S,7,4,4
4186,9174,22:56:30,0,0.00,0,0.1800,0.0085,0.0173,0.0059,0,REST-S,7,4,4
4186,9175,22:57:00,0,0.00,0,0.1800,0.0085,0.0173,0.0059,0,REST-S,7,4,4
4186,9176,22:57:30,0,0.00,0,0.1800,0.0085,0.0173,0.0059,0,REST-S,7,4,4
4186,9177,22:58:00,0,2.00,0,0.1800,0.0085,0.0173,0.0059,0,REST-S,7,4,4
4186,9178,22:58:30,0,0.00,0,2.4800,0.1610,0.2380,0.0298,0,REST-S,7,4,4
4186,9179,22:59:00,0,0.00,0,8.4600,0.3920,0.8370,0.2380,0,REST-S,7,4,4
4186,9180,22:59:30,0,0.00,0,2.6800,0.1220,0.2660,0.0756,0,REST-S,7,4,4
4186,9181,23:00:00,0,2.00,0,1.0500,0.0679,0.1000,0.0162,0,REST-S,7,4,4
4186,9182,23:00:30,0,0.00,0,0.9100,0.0559,0.0880,0.0115,0,REST-S,7,4,4
4186,9183,23:01:00,0,0.00,0,1.2400,0.0596,0.1220,0.0412,0,REST-S,7,4,4
4186,9184,23:01:30,0,0.00,0,0.9000,0.0431,0.0880,0.0292,0,REST-S,7,4,4
4186,9185,23:02:00,0,0.00,0,0.9100,0.0559,0.0880,0.0115,0,REST-S,7,4,4
4186,9186,23:02:30,0,0.00,0,3.1700,0.2140,0.3030,0.0440,0,REST-S,7,4,4
4186,9187,23:03:00,0,4.00,0,4.3800,0.2960,0.4190,0.0571,0,REST-S,7,4,4
4186,9188,23:03:30,0,85.00,0,1.8400,0.1220,0.1760,0.0256,1,REST-S,7,4,4
4186,9189,23:04:00,0,0.00,0,591.8300,24.0000,58.4000,24.6000,0,REST-S,7,4,4
4186,9190,23:04:30,0,0.00,0,615.6800,24.0000,61.0000,25.7000,0,REST-S,7,4,4
4186,9191,23:05:00,0,0.00,0,615.0800,24.0000,61.0000,25.1000,0,REST-S,7,4,4
4186,9192,23:05:30,0,0.00,0,615.0800,24.0000,61.0000,25.1000,0,REST-S,7,4,4
4186,9193,23:06:00,0,0.00,0,615.0800,24.0000,61.0000,25.1000,0,REST-S,7,4,4
4186,9194,23:06:30,0,0.00,0,615.0800,24.0000,61.0000,25.1000,0,REST-S,7,4,4
4186,9195,23:07:00,0,65.00,0,591.2600,24.0000,58.4000,24.0000,1,REST-S,7,4,4
4186,9196,23:07:30,0,0.00,0,588.4500,23.0000,58.4000,23.5000,0,REST-S,7,4,4
4186,9197,23:08:00,0,0.00,0,578.0400,23.0000,57.2000,24.0000,0,REST-S,7,4,4
4186,9198,23:08:30,0,0.00,0,578.0400,23.0000,57.2000,24.0000,0,REST-S,7,4,4
4186,9199,23:09:00,0,0.00,0,578.0400,23.0000,57.2000,24.0000,0,REST-S,7,4,4
4186,9200,23:09:30,0,0.00,0,580.2900,24.0000,57.2000,24.0000,0,REST-S,7,4,4
4186,9201,23:10:00,0,0.00,0,591.2600,24.0000,58.4000,24.0000,0,REST-S,7,4,4
4186,9202,23:10:30,0,0.00,0,580.2900,24.0000,57.2000,24.0000,0,REST-S,7,4,4
4186,9203,23:11:00,0,0.00,0,580.8600,24.0000,57.2000,24.6000,0,REST-S,7,4,4
4186,9204,23:11:30,0,0.00,0,580.2900,24.0000,57.2000,24.0000,0,REST-S,7,4,4
4186,9205,23:12:00,0,0.00,0,578.0400,23.0000,57.2000,24.0000,1,REST-S,7,4,4
4186,9206,23:12:30,0,11.00,0,577.4800,23.0000,57.2000,23.5000,1,REST-S,7,4,4
4186,9207,23:13:00,0,156.00,0,631.5700,25.7000,62.4000,26.2000,1,REST-S,7,4,4
4186,9208,23:13:30,0,249.00,0,613.4300,23.0000,61.0000,25.7000,1,REST-S,7,4,4
4186,9209,23:14:00,0,184.00,0,672.6800,27.4000,66.6000,26.8000,1,REST-S,7,4,4
4186,9210,23:14:30,0,17.00,0,342.0700,13.4000,34.0000,13.4000,1,REST-S,7,4,4
4186,9211,23:15:00,0,211.00,0,29.6600,2.3200,2.7600,0.3600,1,REST-S,7,4,4
4186,9212,23:15:30,0,419.00,0,389.7300,18.9000,37.9000,14.6000,1,REST-S,7,4,4
4186,9213,23:16:00,0,82.00,0,273.3600,17.0000,25.7000,10.1000,1,REST-S,7,4,4
4186,9214,23:16:30,0,95.00,0,213.8500,11.0000,20.7000,7.8000,1,REST-S,7,4,4
4186,9215,23:17:00,0,7.00,0,6.8900,1.9100,0.3030,0.0256,1,REST-S,7,4,4
4186,9216,23:17:30,0,0.00,0,8.2700,2.4200,0.3300,0.0256,1,REST-S,7,4,4
4186,9217,23:18:00,0,0.00,0,8.2700,2.4200,0.3300,0.0256,0,REST-S,7,4,4
4186,9218,23:18:30,0,0.00,0,8.0400,2.3200,0.3300,0.0256,0,REST-S,7,4,4
4186,9219,23:19:00,0,0.00,0,8.7500,2.6400,0.3300,0.0256,0,REST-S,7,4,4
4186,9220,23:19:30,0,0.00,0,8.0400,2.3200,0.3300,0.0256,0,REST-S,7,4,4
4186,9221,23:20:00,0,0.00,0,9.4700,2.8800,0.3520,0.0256,0,REST-S,7,4,4
4186,9222,23:20:30,0,0.00,0,9.7600,3.0100,0.3520,0.0298,0,REST-S,7,4,4
4186,9223,23:21:00,0,0.00,0,9.7600,3.0100,0.3520,0.0256,0,REST-S,7,4,4
4186,9224,23:21:30,0,0.00,0,9.7600,3.0100,0.3520,0.0298,0,REST-S,7,4,4
4186,9225,23:22:00,0,0.00,0,9.7600,3.0100,0.3520,0.0298,0,REST-S,7,4,4
4186,9226,23:22:30,0,0.00,0,9.4800,2.8800,0.3520,0.0298,0,REST-S,7,4,4
4186,9227,23:23:00,0,0.00,0,9.3400,2.8200,0.3520,0.0256,0,REST-S,7,4,4
4186,9228,23:23:30,0,0.00,0,9.0700,2.7000,0.3520,0.0256,0,REST-S,7,4,4
4186,9229,23:24:00,0,0.00,0,9.3400,2.8200,0.3520,0.0298,0,REST-S,7,4,4
4186,9230,23:24:30,0,0.00,0,10.4100,3.2100,0.3760,0.0298,0,REST-S,7,4,4
4186,9231,23:25:00,0,0.00,0,10.4100,3.2100,0.3760,0.0298,0,REST-S,7,4,4
4186,9232,23:25:30,0,0.00,0,10.1100,3.0700,0.3760,0.0298,0,REST-S,7,4,4
4186,9233,23:26:00,0,0.00,0,10.5700,3.2800,0.3760,0.0298,0,REST-S,7,4,4
4186,9234,23:26:30,0,0.00,0,10.2100,3.2100,0.3520,0.0298,0,REST-S,7,4,4
4186,9235,23:27:00,0,0.00,0,10.5700,3.2800,0.3760,0.0298,0,REST-S,7,4,4
4186,9236,23:27:30,0,0.00,0,10.5700,3.2800,0.3760,0.0298,0,REST-S,7,4,4
4186,9237,23:28:00,0,0.00,0,10.5700,3.2800,0.3760,0.0298,0,REST-S,7,4,4
4186,9238,23:28:30,0,0.00,0,10.4100,3.2100,0.3760,0.0298,0,REST-S,7,4,4
4186,9239,23:29:00,0,0.00,0,10.4100,3.2100,0.3760,0.0298,0,REST-S,7,4,4
4186,9240,23:29:30,0,0.00,0,10.2100,3.2100,0.3520,0.0298,0,REST-S,7,4,4
4186,9241,23:30:00,0,0.00,0,10.4100,3.2100,0.3760,0.0298,0,REST-S,7,4,4
4186,9242,23:30:30,0,1.00,0,10.4100,3.2100,0.3760,0.0298,0,REST-S,7,4,4
4186,9243,23:31:00,0,0.00,0,10.4100,3.2100,0.3760,0.0298,0,REST-S,7,4,4
4186,9244,23:31:30,0,0.00,0,10.2000,3.2100,0.3520,0.0256,0,REST-S,7,4,4
4186,9245,23:32:00,0,0.00,0,10.1100,3.0700,0.3760,0.0298,0,REST-S,7,4,4
4186,9246,23:32:30,0,0.00,0,9.9000,3.0700,0.3520,0.0256,0,REST-S,7,4,4
4186,9247,23:33:00,0,0.00,0,9.9100,3.0700,0.3520,0.0298,0,REST-S,7,4,4
4186,9248,23:33:30,0,0.00,0,9.9000,3.0700,0.3520,0.0256,0,REST-S,7,4,4
4186,9249,23:34:00,0,0.00,0,9.9100,3.0700,0.3520,0.0298,0,REST-S,7,4,4
4186,9250,23:34:30,0,0.00,0,9.9100,3.0700,0.3520,0.0298,0,REST-S,7,4,4
4186,9251,23:35:00,0,0.00,0,9.9100,3.0700,0.3520,0.0298,0,REST-S,7,4,4
4186,9252,23:35:30,0,0.00,0,9.9100,3.0700,0.3520,0.0298,0,REST-S,7,4,4
4186,9253,23:36:00,0,0.00,0,10.1100,3.0700,0.3760,0.0298,0,REST-S,7,4,4
4186,9254,23:36:30,0,0.00,0,10.1100,3.0700,0.3760,0.0298,0,REST-S,7,4,4
4186,9255,23:37:00,0,1.00,0,9.9000,3.0700,0.3520,0.0256,0,REST-S,7,4,4
4186,9256,23:37:30,0,0.00,0,9.9000,3.0700,0.3520,0.0256,0,REST-S,7,4,4
4186,9257,23:38:00,0,0.00,0,9.9100,3.0700,0.3520,0.0298,0,REST-S,7,4,4
4186,9258,23:38:30,0,0.00,0,9.9100,3.0700,0.3520,0.0298,0,REST-S,7,4,4
4186,9259,23:39:00,0,0.00,0,10.1100,3.0700,0.3760,0.0298,0,REST-S,7,4,4
4186,9260,23:39:30,0,0.00,0,9.9100,3.0700,0.3520,0.0298,0,REST-S,7,4,4
4186,9261,23:40:00,0,0.00,0,10.5600,3.2800,0.3760,0.0256,0,REST-S,7,4,4
4186,9262,23:40:30,0,0.00,0,10.5700,3.2800,0.3760,0.0298,0,REST-S,7,4,4
4186,9263,23:41:00,0,0.00,0,10.5200,3.3500,0.3520,0.0298,0,REST-S,7,4,4
4186,9264,23:41:30,0,0.00,0,10.5700,3.2800,0.3760,0.0298,0,REST-S,7,4,4
4186,9265,23:42:00,0,0.00,0,10.5600,3.2800,0.3760,0.0256,0,REST-S,7,4,4
4186,9266,23:42:30,0,0.00,0,10.3600,3.2800,0.3520,0.0298,0,REST-S,7,4,4
4186,9267,23:43:00,0,0.00,0,10.7200,3.3500,0.3760,0.0256,0,REST-S,7,4,4
4186,9268,23:43:30,0,0.00,0,10.5700,3.2800,0.3760,0.0298,0,REST-S,7,4,4
4186,9269,23:44:00,0,82.00,0,16.8300,5.2800,0.5790,0.0756,1,REST-S,7,4,4
4186,9270,23:44:30,0,0.00,0,712.0800,28.6000,71.0000,24.6000,0,REST-S,7,4,4
4186,9271,23:45:00,0,0.00,0,713.8800,28.6000,71.0000,26.2000,0,REST-S,7,4,4
4186,9272,23:45:30,0,0.00,0,713.8800,28.6000,71.0000,26.2000,0,REST-S,7,4,4
4186,9273,23:46:00,0,0.00,0,713.8800,28.6000,71.0000,26.2000,0,REST-S,7,4,4
4186,9274,23:46:30,0,0.00,0,713.8800,28.6000,71.0000,26.2000,0,REST-S,7,4,4
4186,9275,23:47:00,0,0.00,0,713.8800,28.6000,71.0000,26.2000,0,REST-S,7,4,4
4186,9276,23:47:30,0,0.00,0,718.7500,30.5000,71.0000,26.8000,0,REST-S,7,4,4
4186,9277,23:48:00,0,0.00,0,713.8800,28.6000,71.0000,26.2000,0,REST-S,7,4,4
4186,9278,23:48:30,0,0.00,0,718.7500,30.5000,71.0000,26.8000,0,REST-S,7,4,4
4186,9279,23:49:00,0,0.00,0,727.5000,28.6000,72.6000,26.2000,0,REST-S,7,4,4
4186,9280,23:49:30,0,0.00,0,714.5000,28.6000,71.0000,26.8000,0,REST-S,7,4,4
4186,9281,23:50:00,0,0.00,0,714.5000,28.6000,71.0000,26.8000,0,REST-S,7,4,4
4186,9282,23:50:30,0,0.00,0,715.1400,28.6000,71.0000,27.4000,0,REST-S,7,4,4
4186,9283,23:51:00,0,0.00,0,715.7900,28.6000,71.0000,28.0000,0,REST-S,7,4,4
4186,9284,23:51:30,0,0.00,0,715.1400,28.6000,71.0000,27.4000,0,REST-S,7,4,4
4186,9285,23:52:00,0,0.00,0,715.1400,28.6000,71.0000,27.4000,0,REST-S,7,4,4
4186,9286,23:52:30,0,0.00,0,728.1200,28.6000,72.6000,26.8000,0,REST-S,7,4,4
4186,9287,23:53:00,0,0.00,0,715.1400,28.6000,71.0000,27.4000,0,REST-S,7,4,4
4186,9288,23:53:30,0,0.00,0,720.0400,30.5000,71.0000,28.0000,0,REST-S,7,4,4
4186,9289,23:54:00,0,0.00,0,715.7900,28.6000,71.0000,28.0000,0,REST-S,7,4,4
4186,9290,23:54:30,0,0.00,0,715.1400,28.6000,71.0000,27.4000,0,REST-S,7,4,4
4186,9291,23:55:00,0,0.00,0,715.7900,28.6000,71.0000,28.0000,0,REST-S,7,4,4
4186,9292,23:55:30,0,0.00,0,715.7900,28.6000,71.0000,28.0000,0,REST-S,7,4,4
4186,9293,23:56:00,0,0.00,0,720.0400,30.5000,71.0000,28.0000,0,REST-S,7,4,4
4186,9294,23:56:30,0,0.00,0,720.0400,30.5000,71.0000,28.0000,0,REST-S,7,4,4
4186,9295,23:57:00,0,0.00,0,728.1200,28.6000,72.6000,26.8000,0,REST-S,7,4,4
4186,9296,23:57:30,0,0.00,0,720.0400,30.5000,71.0000,28.0000,0,REST-S,7,4,4
4186,9297,23:58:00,0,0.00,0,715.1400,28.6000,71.0000,27.4000,0,REST-S,7,4,4
4186,9298,23:58:30,0,0.00,0,715.7900,28.6000,71.0000,28.0000,0,REST-S,7,4,4
4186,9299,23:59:00,0,0.00,0,715.1400,28.6000,71.0000,27.4000,0,REST-S,7,4,4
4186,9300,23:59:30,0,1.00,0,728.7600,28.6000,72.6000,27.4000,0,REST-S,7,4,4
4186,9301,0:00:00,0,0.00,0,715.7900,28.6000,71.0000,28.0000,0,REST-S,1,5,4
4186,9302,0:00:30,0,0.00,0,715.7900,28.6000,71.0000,28.0000,0,REST-S,1,5,4
4186,9303,0:01:00,0,0.00,0,715.7900,28.6000,71.0000,28.0000,0,REST-S,1,5,4
4186,9304,0:01:30,0,0.00,0,720.0400,30.5000,71.0000,28.0000,0,REST-S,1,5,4
4186,9305,0:02:00,0,0.00,0,715.1400,28.6000,71.0000,27.4000,0,REST-S,1,5,4
4186,9306,0:02:30,0,0.00,0,720.7000,30.5000,71.0000,28.6000,0,REST-S,1,5,4
4186,9307,0:03:00,0,0.00,0,715.7900,28.6000,71.0000,28.0000,0,REST-S,1,5,4
4186,9308,0:03:30,0,0.00,0,720.0400,30.5000,71.0000,28.0000,0,REST-S,1,5,4
4186,9309,0:04:00,0,0.00,0,715.7900,28.6000,71.0000,28.0000,0,REST-S,1,5,4
4186,9310,0:04:30,0,0.00,0,715.7900,28.6000,71.0000,28.0000,0,REST-S,1,5,4
4186,9311,0:05:00,0,0.00,0,720.7000,30.5000,71.0000,28.6000,0,REST-S,1,5,4
4186,9312,0:05:30,0,0.00,0,733.6600,30.5000,72.6000,28.0000,0,REST-S,1,5,4
4186,9313,0:06:00,0,0.00,0,715.7900,28.6000,71.0000,28.0000,0,REST-S,1,5,4
4186,9314,0:06:30,0,0.00,0,715.7900,28.6000,71.0000,28.0000,0,REST-S,1,5,4
4186,9315,0:07:00,0,0.00,0,715.7900,28.6000,71.0000,28.0000,0,REST-S,1,5,4
4186,9316,0:07:30,0,0.00,0,715.7900,28.6000,71.0000,28.0000,0,REST-S,1,5,4
4186,9317,0:08:00,0,0.00,0,715.7900,28.6000,71.0000,28.0000,0,REST-S,1,5,4
4186,9318,0:08:30,0,0.00,0,720.0400,30.5000,71.0000,28.0000,0,REST-S,1,5,4
4186,9319,0:09:00,0,0.00,0,715.7900,28.6000,71.0000,28.0000,0,REST-S,1,5,4
4186,9320,0:09:30,0,0.00,0,715.7900,28.6000,71.0000,28.0000,0,REST-S,1,5,4
4186,9321,0:10:00,0,0.00,0,716.4600,28.6000,71.0000,28.6000,0,REST-S,1,5,4
4186,9322,0:10:30,0,0.00,0,716.4600,28.6000,71.0000,28.6000,0,REST-S,1,5,4
4186,9323,0:11:00,0,0.00,0,720.7000,30.5000,71.0000,28.6000,0,REST-S,1,5,4
4186,9324,0:11:30,0,0.00,0,720.7000,30.5000,71.0000,28.6000,0,REST-S,1,5,4
4186,9325,0:12:00,0,0.00,0,720.7000,30.5000,71.0000,28.6000,0,REST-S,1,5,4
4186,9326,0:12:30,0,0.00,0,733.6600,30.5000,72.6000,28.0000,1,REST-S,1,5,4
4186,9327,0:13:00,0,43.00,0,498.3000,25.1000,48.1000,19.8000,1,REST-S,1,5,4
4186,9328,0:13:30,0,357.00,0,257.3300,7.6300,26.2000,9.8900,1,REST-S,1,5,4
4186,9329,0:14:00,0,198.00,0,236.8000,14.6000,23.0000,2.5800,1,REST-S,1,5,4
4186,9330,0:14:30,0,0.00,0,394.2300,17.4000,38.7000,15.3000,1,REST-S,1,5,4
4186,9331,0:15:00,0,0.00,0,392.2500,16.6000,38.7000,14.9000,1,REST-S,1,5,4
4186,9332,0:15:30,0,0.00,0,393.4100,17.0000,38.7000,15.3000,0,REST-S,1,5,4
4186,9333,0:16:00,0,0.00,0,393.4100,17.0000,38.7000,15.3000,0,REST-S,1,5,4
4186,9334,0:16:30,0,0.00,0,386.1400,17.0000,37.9000,15.3000,0,REST-S,1,5,4
4186,9335,0:17:00,0,0.00,0,393.0500,17.0000,38.7000,14.9000,0,REST-S,1,5,4
4186,9336,0:17:30,0,0.00,0,393.4100,17.0000,38.7000,15.3000,0,REST-S,1,5,4
4186,9337,0:18:00,0,0.00,0,386.1400,17.0000,37.9000,15.3000,0,REST-S,1,5,4
4186,9338,0:18:30,0,0.00,0,386.1400,17.0000,37.9000,15.3000,0,REST-S,1,5,4
4186,9339,0:19:00,0,0.00,0,393.4100,17.0000,38.7000,15.3000,0,REST-S,1,5,4
4186,9340,0:19:30,0,0.00,0,393.4100,17.0000,38.7000,15.3000,0,REST-S,1,5,4
4186,9341,0:20:00,0,0.00,0,386.1400,17.0000,37.9000,15.3000,0,REST-S,1,5,4
4186,9342,0:20:30,0,0.00,0,393.4100,17.0000,38.7000,15.3000,0,REST-S,1,5,4
4186,9343,0:21:00,0,0.00,0,393.4100,17.0000,38.7000,15.3000,0,REST-S,1,5,4
4186,9344,0:21:30,0,0.00,0,393.0500,17.0000,38.7000,14.9000,0,REST-S,1,5,4
4186,9345,0:22:00,0,0.00,0,392.2500,16.6000,38.7000,14.9000,0,REST-S,1,5,4
4186,9346,0:22:30,0,0.00,0,393.4100,17.0000,38.7000,15.3000,0,REST-S,1,5,4
4186,9347,0:23:00,0,0.00,0,386.1400,17.0000,37.9000,15.3000,0,REST-S,1,5,4
4186,9348,0:23:30,0,0.00,0,392.2500,16.6000,38.7000,14.9000,0,REST-S,1,5,4
4186,9349,0:24:00,0,0.00,0,393.4100,17.0000,38.7000,15.3000,0,REST-S,1,5,4
4186,9350,0:24:30,0,0.00,0,393.4100,17.0000,38.7000,15.3000,0,REST-S,1,5,4
4186,9351,0:25:00,0,0.00,0,393.4100,17.0000,38.7000,15.3000,0,REST-S,1,5,4
4186,9352,0:25:30,0,0.00,0,393.4100,17.0000,38.7000,15.3000,0,REST-S,1,5,4
4186,9353,0:26:00,0,0.00,0,393.4100,17.0000,38.7000,15.3000,0,REST-S,1,5,4
4186,9354,0:26:30,0,0.00,0,393.4100,17.0000,38.7000,15.3000,0,REST-S,1,5,4
4186,9355,0:27:00,0,0.00,0,393.4100,17.0000,38.7000,15.3000,0,REST-S,1,5,4
4186,9356,0:27:30,0,0.00,0,393.4100,17.0000,38.7000,15.3000,0,REST-S,1,5,4
4186,9357,0:28:00,0,0.00,0,393.4100,17.0000,38.7000,15.3000,0,REST-S,1,5,4
4186,9358,0:28:30,0,0.00,0,386.1400,17.0000,37.9000,15.3000,0,REST-S,1,5,4
4186,9359,0:29:00,0,0.00,0,392.6000,16.6000,38.7000,15.3000,0,REST-S,1,5,4
4186,9360,0:29:30,0,0.00,0,393.0500,17.0000,38.7000,14.9000,0,REST-S,1,5,4
4186,9361,0:30:00,0,0.00,0,393.4100,17.0000,38.7000,15.3000,0,REST-S,1,5,4
4186,9362,0:30:30,0,1.00,0,393.4100,17.0000,38.7000,15.3000,0,REST-S,1,5,4
4186,9363,0:31:00,0,0.00,0,393.4100,17.0000,38.7000,15.3000,0,REST-S,1,5,4
4186,9364,0:31:30,0,0.00,0,393.0500,17.0000,38.7000,14.9000,0,REST-S,1,5,4
4186,9365,0:32:00,0,0.00,0,386.1400,17.0000,37.9000,15.3000,0,REST-S,1,5,4
4186,9366,0:32:30,0,0.00,0,393.4100,17.0000,38.7000,15.3000,0,REST-S,1,5,4
4186,9367,0:33:00,0,0.00,0,386.1400,17.0000,37.9000,15.3000,0,REST-S,1,5,4
4186,9368,0:33:30,0,0.00,0,394.2300,17.4000,38.7000,15.3000,0,REST-S,1,5,4
4186,9369,0:34:00,0,0.00,0,393.0500,17.0000,38.7000,14.9000,0,REST-S,1,5,4
4186,9370,0:34:30,0,0.00,0,394.2300,17.4000,38.7000,15.3000,0,REST-S,1,5,4
4186,9371,0:35:00,0,0.00,0,393.4100,17.0000,38.7000,15.3000,0,REST-S,1,5,4
4186,9372,0:35:30,0,0.00,0,393.4100,17.0000,38.7000,15.3000,0,REST-S,1,5,4
4186,9373,0:36:00,0,0.00,0,393.4100,17.0000,38.7000,15.3000,0,REST-S,1,5,4
4186,9374,0:36:30,0,0.00,0,393.4100,17.0000,38.7000,15.3000,0,REST-S,1,5,4
4186,9375,0:37:00,0,0.00,0,393.4100,17.0000,38.7000,15.3000,0,REST-S,1,5,4
4186,9376,0:37:30,0,0.00,0,393.4100,17.0000,38.7000,15.3000,0,REST-S,1,5,4
4186,9377,0:38:00,0,0.00,0,386.9600,17.4000,37.9000,15.3000,0,REST-S,1,5,4
4186,9378,0:38:30,0,0.00,0,393.4100,17.0000,38.7000,15.3000,0,REST-S,1,5,4
4186,9379,0:39:00,0,0.00,0,393.0500,17.0000,38.7000,14.9000,0,REST-S,1,5,4
4186,9380,0:39:30,0,0.00,0,393.4100,17.0000,38.7000,15.3000,0,REST-S,1,5,4
4186,9381,0:40:00,0,0.00,0,393.4100,17.0000,38.7000,15.3000,0,REST-S,1,5,4
4186,9382,0:40:30,0,0.00,0,394.2300,17.4000,38.7000,15.3000,0,REST-S,1,5,4
4186,9383,0:41:00,0,0.00,0,394.2300,17.4000,38.7000,15.3000,0,REST-S,1,5,4
4186,9384,0:41:30,0,0.00,0,394.2300,17.4000,38.7000,15.3000,0,REST-S,1,5,4
4186,9385,0:42:00,0,0.00,0,394.2300,17.4000,38.7000,15.3000,0,REST-S,1,5,4
4186,9386,0:42:30,0,49.00,0,353.3500,15.3000,34.8000,14.0000,1,REST-S,1,5,4
4186,9387,0:43:00,0,0.00,0,317.5600,14.3000,31.2000,11.8000,0,REST-S,1,5,4
4186,9388,0:43:30,0,0.00,0,316.8900,14.0000,31.2000,11.8000,0,REST-S,1,5,4
4186,9389,0:44:00,0,0.00,0,318.1300,14.3000,31.2000,12.3000,0,REST-S,1,5,4
4186,9390,0:44:30,0,0.00,0,323.5400,14.3000,31.9000,11.8000,0,REST-S,1,5,4
4186,9391,0:45:00,0,0.00,0,318.1300,14.3000,31.2000,12.3000,0,REST-S,1,5,4
4186,9392,0:45:30,0,0.00,0,317.5600,14.3000,31.2000,11.8000,0,REST-S,1,5,4
4186,9393,0:46:00,0,0.00,0,322.8700,14.0000,31.9000,11.8000,0,REST-S,1,5,4
4186,9394,0:46:30,0,0.00,0,322.8700,14.0000,31.9000,11.8000,0,REST-S,1,5,4
4186,9395,0:47:00,0,0.00,0,317.8400,14.3000,31.2000,12.0000,0,REST-S,1,5,4
4186,9396,0:47:30,0,0.00,0,317.8400,14.3000,31.2000,12.0000,0,REST-S,1,5,4
4186,9397,0:48:00,0,0.00,0,317.8400,14.3000,31.2000,12.0000,0,REST-S,1,5,4
4186,9398,0:48:30,0,0.00,0,317.8400,14.3000,31.2000,12.0000,0,REST-S,1,5,4
4186,9399,0:49:00,0,0.00,0,317.8400,14.3000,31.2000,12.0000,0,REST-S,1,5,4
4186,9400,0:49:30,0,0.00,0,317.8400,14.3000,31.2000,12.0000,0,REST-S,1,5,4
4186,9401,0:50:00,0,0.00,0,317.8400,14.3000,31.2000,12.0000,0,REST-S,1,5,4
4186,9402,0:50:30,0,56.00,0,394.2300,17.4000,38.7000,15.3000,1,REST-S,1,5,4
4186,9403,0:51:00,0,0.00,0,413.3300,18.5000,40.4000,16.6000,0,REST-S,1,5,4
4186,9404,0:51:30,0,0.00,0,420.3200,18.5000,41.3000,15.9000,0,REST-S,1,5,4
4186,9405,0:52:00,0,0.00,0,412.9400,18.5000,40.4000,16.3000,0,REST-S,1,5,4
4186,9406,0:52:30,0,0.00,0,412.5600,18.5000,40.4000,15.9000,0,REST-S,1,5,4
4186,9407,0:53:00,0,0.00,0,420.3200,18.5000,41.3000,15.9000,0,REST-S,1,5,4
4186,9408,0:53:30,0,0.00,0,412.9400,18.5000,40.4000,16.3000,0,REST-S,1,5,4
4186,9409,0:54:00,0,0.00,0,420.3200,18.5000,41.3000,15.9000,0,REST-S,1,5,4
4186,9410,0:54:30,0,0.00,0,420.7000,18.5000,41.3000,16.3000,0,REST-S,1,5,4
4186,9411,0:55:00,0,0.00,0,420.7000,18.5000,41.3000,16.3000,0,REST-S,1,5,4
4186,9412,0:55:30,0,0.00,0,420.7000,18.5000,41.3000,16.3000,0,REST-S,1,5,4
4186,9413,0:56:00,0,0.00,0,420.3200,18.5000,41.3000,15.9000,0,REST-S,1,5,4
4186,9414,0:56:30,0,0.00,0,421.0900,18.5000,41.3000,16.6000,0,REST-S,1,5,4
4186,9415,0:57:00,0,0.00,0,420.7000,18.5000,41.3000,16.3000,0,REST-S,1,5,4
4186,9416,0:57:30,0,0.00,0,421.0900,18.5000,41.3000,16.6000,0,REST-S,1,5,4
4186,9417,0:58:00,0,0.00,0,421.9900,18.9000,41.3000,16.6000,0,REST-S,1,5,4
4186,9418,0:58:30,0,0.00,0,421.0900,18.5000,41.3000,16.6000,0,REST-S,1,5,4
4186,9419,0:59:00,0,0.00,0,421.0900,18.5000,41.3000,16.6000,0,REST-S,1,5,4
4186,9420,0:59:30,0,0.00,0,420.7000,18.5000,41.3000,16.3000,0,REST-S,1,5,4
4186,9421,1:00:00,0,0.00,0,421.0900,18.5000,41.3000,16.6000,0,REST-S,1,5,4
4186,9422,1:00:30,0,0.00,0,421.0900,18.5000,41.3000,16.6000,0,REST-S,1,5,4
4186,9423,1:01:00,0,0.00,0,421.0900,18.5000,41.3000,16.6000,0,REST-S,1,5,4
4186,9424,1:01:30,0,0.00,0,420.7000,18.5000,41.3000,16.3000,0,REST-S,1,5,4
4186,9425,1:02:00,0,0.00,0,421.0900,18.5000,41.3000,16.6000,0,REST-S,1,5,4
4186,9426,1:02:30,0,0.00,0,429.9100,18.9000,42.2000,16.6000,0,REST-S,1,5,4
4186,9427,1:03:00,0,0.00,0,429.9100,18.9000,42.2000,16.6000,0,REST-S,1,5,4
4186,9428,1:03:30,0,0.00,0,421.9900,18.9000,41.3000,16.6000,0,REST-S,1,5,4
4186,9429,1:04:00,0,0.00,0,421.9900,18.9000,41.3000,16.6000,0,REST-S,1,5,4
4186,9430,1:04:30,0,0.00,0,429.0100,18.5000,42.2000,16.6000,0,REST-S,1,5,4
4186,9431,1:05:00,0,0.00,0,428.6300,18.5000,42.2000,16.3000,0,REST-S,1,5,4
4186,9432,1:05:30,0,0.00,0,429.9100,18.9000,42.2000,16.6000,0,REST-S,1,5,4
4186,9433,1:06:00,0,0.00,0,429.9100,18.9000,42.2000,16.6000,0,REST-S,1,5,4
4186,9434,1:06:30,0,0.00,0,429.9100,18.9000,42.2000,16.6000,0,REST-S,1,5,4
4186,9435,1:07:00,0,0.00,0,429.9100,18.9000,42.2000,16.6000,0,REST-S,1,5,4
4186,9436,1:07:30,0,0.00,0,429.9100,18.9000,42.2000,16.6000,0,REST-S,1,5,4
4186,9437,1:08:00,0,0.00,0,429.9100,18.9000,42.2000,16.6000,0,REST-S,1,5,4
4186,9438,1:08:30,0,0.00,0,429.9100,18.9000,42.2000,16.6000,0,REST-S,1,5,4
4186,9439,1:09:00,0,0.00,0,429.9100,18.9000,42.2000,16.6000,0,REST-S,1,5,4
4186,9440,1:09:30,0,0.00,0,429.9100,18.9000,42.2000,16.6000,0,REST-S,1,5,4
4186,9441,1:10:00,0,0.00,0,421.9900,18.9000,41.3000,16.6000,0,REST-S,1,5,4
4186,9442,1:10:30,0,0.00,0,429.0100,18.5000,42.2000,16.6000,0,REST-S,1,5,4
4186,9443,1:11:00,0,0.00,0,421.9900,18.9000,41.3000,16.6000,0,REST-S,1,5,4
4186,9444,1:11:30,0,0.00,0,428.6300,18.5000,42.2000,16.3000,0,REST-S,1,5,4
4186,9445,1:12:00,0,0.00,0,421.9900,18.9000,41.3000,16.6000,0,REST-S,1,5,4
4186,9446,1:12:30,0,0.00,0,421.0900,18.5000,41.3000,16.6000,0,REST-S,1,5,4
4186,9447,1:13:00,0,0.00,0,421.9900,18.9000,41.3000,16.6000,0,REST-S,1,5,4
4186,9448,1:13:30,0,0.00,0,429.0100,18.5000,42.2000,16.6000,0,REST-S,1,5,4
4186,9449,1:14:00,0,0.00,0,421.9900,18.9000,41.3000,16.6000,0,REST-S,1,5,4
4186,9450,1:14:30,0,0.00,0,422.3800,18.9000,41.3000,17.0000,0,REST-S,1,5,4
4186,9451,1:15:00,0,0.00,0,421.9900,18.9000,41.3000,16.6000,0,REST-S,1,5,4
4186,9452,1:15:30,0,0.00,0,421.9900,18.9000,41.3000,16.6000,0,REST-S,1,5,4
4186,9453,1:16:00,0,0.00,0,429.0100,18.5000,42.2000,16.6000,0,REST-S,1,5,4
4186,9454,1:16:30,0,0.00,0,429.0100,18.5000,42.2000,16.6000,0,REST-S,1,5,4
4186,9455,1:17:00,0,0.00,0,429.9100,18.9000,42.2000,16.6000,0,REST-S,1,5,4
4186,9456,1:17:30,0,0.00,0,429.0100,18.5000,42.2000,16.6000,0,REST-S,1,5,4
4186,9457,1:18:00,0,0.00,0,429.9100,18.9000,42.2000,16.6000,0,REST-S,1,5,4
4186,9458,1:18:30,0,0.00,0,429.9100,18.9000,42.2000,16.6000,0,REST-S,1,5,4
4186,9459,1:19:00,0,0.00,0,422.3800,18.9000,41.3000,17.0000,0,REST-S,1,5,4
4186,9460,1:19:30,0,0.00,0,429.9100,18.9000,42.2000,16.6000,0,REST-S,1,5,4
4186,9461,1:20:00,0,0.00,0,429.9100,18.9000,42.2000,16.6000,0,REST-S,1,5,4
4186,9462,1:20:30,0,0.00,0,421.9900,18.9000,41.3000,16.6000,0,REST-S,1,5,4
4186,9463,1:21:00,0,0.00,0,429.9100,18.9000,42.2000,16.6000,0,REST-S,1,5,4
4186,9464,1:21:30,0,0.00,0,429.9100,18.9000,42.2000,16.6000,0,REST-S,1,5,4
4186,9465,1:22:00,0,0.00,0,429.0100,18.5000,42.2000,16.6000,0,REST-S,1,5,4
4186,9466,1:22:30,0,0.00,0,428.6300,18.5000,42.2000,16.3000,0,REST-S,1,5,4
4186,9467,1:23:00,0,0.00,0,429.9100,18.9000,42.2000,16.6000,0,REST-S,1,5,4
4186,9468,1:23:30,0,0.00,0,429.9100,18.9000,42.2000,16.6000,0,REST-S,1,5,4
4186,9469,1:24:00,0,0.00,0,422.3800,18.9000,41.3000,17.0000,0,REST-S,1,5,4
4186,9470,1:24:30,0,0.00,0,421.9900,18.9000,41.3000,16.6000,0,REST-S,1,5,4
4186,9471,1:25:00,0,0.00,0,429.9100,18.9000,42.2000,16.6000,0,REST-S,1,5,4
4186,9472,1:25:30,0,0.00,0,429.9100,18.9000,42.2000,16.6000,0,REST-S,1,5,4
4186,9473,1:26:00,0,0.00,0,421.9900,18.9000,41.3000,16.6000,0,REST-S,1,5,4
4186,9474,1:26:30,0,0.00,0,429.9100,18.9000,42.2000,16.6000,0,REST-S,1,5,4
4186,9475,1:27:00,0,0.00,0,429.9100,18.9000,42.2000,16.6000,0,REST-S,1,5,4
4186,9476,1:27:30,0,0.00,0,429.9100,18.9000,42.2000,16.6000,0,REST-S,1,5,4
4186,9477,1:28:00,0,0.00,0,429.0100,18.5000,42.2000,16.6000,0,REST-S,1,5,4
4186,9478,1:28:30,0,0.00,0,429.0100,18.5000,42.2000,16.6000,0,REST-S,1,5,4
4186,9479,1:29:00,0,0.00,0,421.9900,18.9000,41.3000,16.6000,0,REST-S,1,5,4
4186,9480,1:29:30,0,0.00,0,422.3800,18.9000,41.3000,17.0000,0,REST-S,1,5,4
4186,9481,1:30:00,0,0.00,0,429.9100,18.9000,42.2000,16.6000,0,REST-S,1,5,4
4186,9482,1:30:30,0,1.00,0,422.3800,18.9000,41.3000,17.0000,0,REST-S,1,5,4
4186,9483,1:31:00,0,0.00,0,429.0100,18.5000,42.2000,16.6000,0,REST-S,1,5,4
4186,9484,1:31:30,0,0.00,0,428.6300,18.5000,42.2000,16.3000,0,REST-S,1,5,4
4186,9485,1:32:00,0,0.00,0,429.0100,18.5000,42.2000,16.6000,0,REST-S,1,5,4
4186,9486,1:32:30,0,0.00,0,429.0100,18.5000,42.2000,16.6000,0,REST-S,1,5,4
4186,9487,1:33:00,0,0.00,0,429.9100,18.9000,42.2000,16.6000,0,REST-S,1,5,4
4186,9488,1:33:30,0,0.00,0,421.9900,18.9000,41.3000,16.6000,0,REST-S,1,5,4
4186,9489,1:34:00,0,0.00,0,429.0100,18.5000,42.2000,16.6000,0,REST-S,1,5,4
4186,9490,1:34:30,0,0.00,0,429.0100,18.5000,42.2000,16.6000,0,REST-S,1,5,4
4186,9491,1:35:00,0,0.00,0,421.9900,18.9000,41.3000,16.6000,0,REST-S,1,5,4
4186,9492,1:35:30,0,0.00,0,429.0100,18.5000,42.2000,16.6000,0,REST-S,1,5,4
4186,9493,1:36:00,0,0.00,0,422.3800,18.9000,41.3000,17.0000,0,REST-S,1,5,4
4186,9494,1:36:30,0,0.00,0,429.0100,18.5000,42.2000,16.6000,0,REST-S,1,5,4
4186,9495,1:37:00,0,0.00,0,429.9100,18.9000,42.2000,16.6000,0,REST-S,1,5,4
4186,9496,1:37:30,0,0.00,0,429.9100,18.9000,42.2000,16.6000,0,REST-S,1,5,4
4186,9497,1:38:00,0,0.00,0,429.9100,18.9000,42.2000,16.6000,0,REST-S,1,5,4
4186,9498,1:38:30,0,0.00,0,429.9100,18.9000,42.2000,16.6000,0,REST-S,1,5,4
4186,9499,1:39:00,0,0.00,0,429.9100,18.9000,42.2000,16.6000,0,REST-S,1,5,4
4186,9500,1:39:30,0,0.00,0,429.9100,18.9000,42.2000,16.6000,0,REST-S,1,5,4
4186,9501,1:40:00,0,0.00,0,429.9100,18.9000,42.2000,16.6000,0,REST-S,1,5,4
4186,9502,1:40:30,0,0.00,0,429.9100,18.9000,42.2000,16.6000,0,REST-S,1,5,4
4186,9503,1:41:00,0,1.00,0,429.9100,18.9000,42.2000,16.6000,0,REST-S,1,5,4
4186,9504,1:41:30,0,0.00,0,422.3800,18.9000,41.3000,17.0000,0,REST-S,1,5,4
4186,9505,1:42:00,0,0.00,0,429.9100,18.9000,42.2000,16.6000,0,REST-S,1,5,4
4186,9506,1:42:30,0,0.00,0,429.9100,18.9000,42.2000,16.6000,0,REST-S,1,5,4
4186,9507,1:43:00,0,0.00,0,429.9100,18.9000,42.2000,16.6000,0,REST-S,1,5,4
4186,9508,1:43:30,0,0.00,0,429.0100,18.5000,42.2000,16.6000,0,REST-S,1,5,4
4186,9509,1:44:00,0,0.00,0,429.9100,18.9000,42.2000,16.6000,0,REST-S,1,5,4
4186,9510,1:44:30,0,0.00,0,429.9100,18.9000,42.2000,16.6000,0,REST-S,1,5,4
4186,9511,1:45:00,0,0.00,0,429.9100,18.9000,42.2000,16.6000,0,REST-S,1,5,4
4186,9512,1:45:30,0,0.00,0,422.3800,18.9000,41.3000,17.0000,0,REST-S,1,5,4
4186,9513,1:46:00,0,0.00,0,421.9900,18.9000,41.3000,16.6000,0,REST-S,1,5,4
4186,9514,1:46:30,0,0.00,0,429.0100,18.5000,42.2000,16.6000,0,REST-S,1,5,4
4186,9515,1:47:00,0,0.00,0,429.9100,18.9000,42.2000,16.6000,0,REST-S,1,5,4
4186,9516,1:47:30,0,0.00,0,429.0100,18.5000,42.2000,16.6000,0,REST-S,1,5,4
4186,9517,1:48:00,0,0.00,0,421.9900,18.9000,41.3000,16.6000,0,REST-S,1,5,4
4186,9518,1:48:30,0,0.00,0,429.9100,18.9000,42.2000,16.6000,0,REST-S,1,5,4
4186,9519,1:49:00,0,0.00,0,429.9100,18.9000,42.2000,16.6000,0,REST-S,1,5,4
4186,9520,1:49:30,0,1.00,0,429.9100,18.9000,42.2000,16.6000,0,REST-S,1,5,4
4186,9521,1:50:00,0,82.00,0,127.8100,5.6300,12.6000,4.9500,1,REST-S,1,5,4
4186,9522,1:50:30,0,0.00,0,2.2500,0.2660,0.1880,0.0162,0,REST-S,1,5,4
4186,9523,1:51:00,0,0.00,0,2.1300,0.2600,0.1760,0.0162,0,REST-S,1,5,4
4186,9524,1:51:30,0,0.00,0,2.1100,0.2490,0.1760,0.0162,0,REST-S,1,5,4
4186,9525,1:52:00,0,0.00,0,2.2400,0.2600,0.1880,0.0162,0,REST-S,1,5,4
4186,9526,1:52:30,0,0.00,0,2.1100,0.2490,0.1760,0.0162,0,REST-S,1,5,4
4186,9527,1:53:00,0,0.00,0,2.1100,0.2490,0.1760,0.0162,0,REST-S,1,5,4
4186,9528,1:53:30,0,0.00,0,2.1100,0.2490,0.1760,0.0162,0,REST-S,1,5,4
4186,9529,1:54:00,0,0.00,0,2.1100,0.2490,0.1760,0.0162,0,REST-S,1,5,4
4186,9530,1:54:30,0,0.00,0,2.1100,0.2490,0.1760,0.0162,0,REST-S,1,5,4
4186,9531,1:55:00,0,0.00,0,2.2100,0.2490,0.1880,0.0162,0,REST-S,1,5,4
4186,9532,1:55:30,0,0.00,0,2.1100,0.2490,0.1760,0.0162,0,REST-S,1,5,4
4186,9533,1:56:00,0,0.00,0,2.2400,0.2600,0.1880,0.0162,0,REST-S,1,5,4
4186,9534,1:56:30,0,0.00,0,2.1300,0.2600,0.1760,0.0162,0,REST-S,1,5,4
4186,9535,1:57:00,0,0.00,0,2.2400,0.2600,0.1880,0.0162,0,REST-S,1,5,4
4186,9536,1:57:30,0,0.00,0,2.2400,0.2600,0.1880,0.0162,0,REST-S,1,5,4
4186,9537,1:58:00,0,0.00,0,2.2100,0.2490,0.1880,0.0162,0,REST-S,1,5,4
4186,9538,1:58:30,0,0.00,0,2.1300,0.2600,0.1760,0.0162,0,REST-S,1,5,4
4186,9539,1:59:00,0,0.00,0,2.2100,0.2490,0.1880,0.0162,0,REST-S,1,5,4
4186,9540,1:59:30,0,0.00,0,2.1100,0.2490,0.1760,0.0162,0,REST-S,1,5,4
4186,9541,2:00:00,0,0.00,0,2.2100,0.2490,0.1880,0.0162,0,REST-S,1,5,4
4186,9542,2:00:30,0,0.00,0,2.2100,0.2490,0.1880,0.0162,0,REST-S,1,5,4
4186,9543,2:01:00,0,0.00,0,2.2100,0.2490,0.1880,0.0162,0,REST-S,1,5,4
4186,9544,2:01:30,0,0.00,0,2.1100,0.2490,0.1760,0.0162,0,REST-S,1,5,4
4186,9545,2:02:00,0,0.00,0,2.1100,0.2490,0.1760,0.0162,0,REST-S,1,5,4
4186,9546,2:02:30,0,0.00,0,2.1100,0.2490,0.1760,0.0162,0,REST-S,1,5,4
4186,9547,2:03:00,0,0.00,0,2.1100,0.2490,0.1760,0.0162,0,REST-S,1,5,4
4186,9548,2:03:30,0,0.00,0,2.2100,0.2490,0.1880,0.0162,0,REST-S,1,5,4
4186,9549,2:04:00,0,0.00,0,2.2100,0.2490,0.1880,0.0162,0,REST-S,1,5,4
4186,9550,2:04:30,0,0.00,0,2.1100,0.2490,0.1760,0.0162,0,REST-S,1,5,4
4186,9551,2:05:00,0,0.00,0,2.2100,0.2490,0.1880,0.0162,0,REST-S,1,5,4
4186,9552,2:05:30,0,0.00,0,2.2100,0.2490,0.1880,0.0162,0,REST-S,1,5,4
4186,9553,2:06:00,0,0.00,0,2.2100,0.2490,0.1880,0.0162,0,REST-S,1,5,4
4186,9554,2:06:30,0,0.00,0,2.1100,0.2490,0.1760,0.0162,0,REST-S,1,5,4
4186,9555,2:07:00,0,0.00,0,2.2100,0.2490,0.1880,0.0162,0,REST-S,1,5,4
4186,9556,2:07:30,0,0.00,0,2.2100,0.2490,0.1880,0.0162,0,REST-S,1,5,4
4186,9557,2:08:00,0,0.00,0,2.1100,0.2490,0.1760,0.0162,0,REST-S,1,5,4
4186,9558,2:08:30,0,0.00,0,2.1100,0.2490,0.1760,0.0162,0,REST-S,1,5,4
4186,9559,2:09:00,0,0.00,0,2.2100,0.2490,0.1880,0.0162,0,REST-S,1,5,4
4186,9560,2:09:30,0,0.00,0,2.2100,0.2490,0.1880,0.0162,0,REST-S,1,5,4
4186,9561,2:10:00,0,0.00,0,2.2100,0.2490,0.1880,0.0162,0,REST-S,1,5,4
4186,9562,2:10:30,0,0.00,0,2.2100,0.2490,0.1880,0.0162,0,REST-S,1,5,4
4186,9563,2:11:00,0,0.00,0,2.1100,0.2490,0.1760,0.0162,0,REST-S,1,5,4
4186,9564,2:11:30,0,0.00,0,2.2100,0.2490,0.1880,0.0162,0,REST-S,1,5,4
4186,9565,2:12:00,0,0.00,0,2.2100,0.2490,0.1880,0.0162,0,REST-S,1,5,4
4186,9566,2:12:30,0,0.00,0,2.1100,0.2490,0.1760,0.0162,0,REST-S,1,5,4
4186,9567,2:13:00,0,0.00,0,2.1100,0.2490,0.1760,0.0162,0,REST-S,1,5,4
4186,9568,2:13:30,0,0.00,0,2.2100,0.2490,0.1880,0.0162,0,REST-S,1,5,4
4186,9569,2:14:00,0,0.00,0,2.2100,0.2490,0.1880,0.0162,0,REST-S,1,5,4
4186,9570,2:14:30,0,0.00,0,2.1100,0.2490,0.1760,0.0162,0,REST-S,1,5,4
4186,9571,2:15:00,0,0.00,0,2.1100,0.2490,0.1760,0.0162,0,REST-S,1,5,4
4186,9572,2:15:30,0,0.00,0,2.1000,0.2440,0.1760,0.0162,0,REST-S,1,5,4
4186,9573,2:16:00,0,0.00,0,2.1000,0.2440,0.1760,0.0162,0,REST-S,1,5,4
4186,9574,2:16:30,0,0.00,0,2.2000,0.2440,0.1880,0.0162,0,REST-S,1,5,4
4186,9575,2:17:00,0,0.00,0,2.2000,0.2440,0.1880,0.0162,0,REST-S,1,5,4
4186,9576,2:17:30,0,0.00,0,2.1000,0.2440,0.1760,0.0162,0,REST-S,1,5,4
4186,9577,2:18:00,0,0.00,0,2.1000,0.2440,0.1760,0.0162,0,REST-S,1,5,4
4186,9578,2:18:30,0,0.00,0,2.1000,0.2440,0.1760,0.0162,0,REST-S,1,5,4
4186,9579,2:19:00,0,0.00,0,2.1000,0.2440,0.1760,0.0162,0,REST-S,1,5,4
4186,9580,2:19:30,0,0.00,0,2.1000,0.2440,0.1760,0.0162,0,REST-S,1,5,4
4186,9581,2:20:00,0,0.00,0,2.1000,0.2440,0.1760,0.0162,0,REST-S,1,5,4
4186,9582,2:20:30,0,0.00,0,2.1000,0.2440,0.1760,0.0162,0,REST-S,1,5,4
4186,9583,2:21:00,0,70.00,0,162.0000,1.5400,17.0000,8.8800,1,REST-S,1,5,4
4186,9584,2:21:30,0,0.00,0,2.6200,0.2280,0.2380,0.0256,0,REST-S,1,5,4
4186,9585,2:22:00,0,0.00,0,2.6200,0.2280,0.2380,0.0256,0,REST-S,1,5,4
4186,9586,2:22:30,0,0.00,0,2.6200,0.2280,0.2380,0.0256,0,REST-S,1,5,4
4186,9587,2:23:00,0,0.00,0,2.6200,0.2280,0.2380,0.0256,0,REST-S,1,5,4
4186,9588,2:23:30,0,0.00,0,2.6200,0.2280,0.2380,0.0256,0,REST-S,1,5,4
4186,9589,2:24:00,0,0.00,0,2.6200,0.2280,0.2380,0.0256,0,REST-S,1,5,4
4186,9590,2:24:30,0,0.00,0,2.6200,0.2280,0.2380,0.0256,0,REST-S,1,5,4
4186,9591,2:25:00,0,0.00,0,2.6200,0.2280,0.2380,0.0256,0,REST-S,1,5,4
4186,9592,2:25:30,0,0.00,0,2.6200,0.2280,0.2380,0.0256,0,REST-S,1,5,4
4186,9593,2:26:00,0,0.00,0,2.6200,0.2280,0.2380,0.0256,0,REST-S,1,5,4
4186,9594,2:26:30,0,0.00,0,2.6200,0.2280,0.2380,0.0256,0,REST-S,1,5,4
4186,9595,2:27:00,0,0.00,0,2.6200,0.2280,0.2380,0.0256,0,REST-S,1,5,4
4186,9596,2:27:30,0,0.00,0,2.6200,0.2280,0.2380,0.0256,0,REST-S,1,5,4
4186,9597,2:28:00,0,1.00,0,2.6200,0.2280,0.2380,0.0256,0,REST-S,1,5,4
4186,9598,2:28:30,0,0.00,0,2.6200,0.2280,0.2380,0.0256,0,REST-S,1,5,4
4186,9599,2:29:00,0,0.00,0,2.6200,0.2280,0.2380,0.0256,0,REST-S,1,5,4
4186,9600,2:29:30,0,0.00,0,2.6200,0.2280,0.2380,0.0256,0,REST-S,1,5,4
4186,9601,2:30:00,0,0.00,0,2.6200,0.2280,0.2380,0.0256,0,REST-S,1,5,4
4186,9602,2:30:30,0,1.00,0,2.6200,0.2280,0.2380,0.0256,0,REST-S,1,5,4
4186,9603,2:31:00,0,0.00,0,2.6200,0.2280,0.2380,0.0256,0,REST-S,1,5,4
4186,9604,2:31:30,0,0.00,0,2.6200,0.2280,0.2380,0.0256,0,REST-S,1,5,4
4186,9605,2:32:00,0,0.00,0,2.6200,0.2280,0.2380,0.0256,0,REST-S,1,5,4
4186,9606,2:32:30,0,0.00,0,2.6200,0.2280,0.2380,0.0256,0,REST-S,1,5,4
4186,9607,2:33:00,0,0.00,0,2.6200,0.2280,0.2380,0.0256,0,REST-S,1,5,4
4186,9608,2:33:30,0,0.00,0,2.6200,0.2280,0.2380,0.0256,0,REST-S,1,5,4
4186,9609,2:34:00,0,0.00,0,2.6200,0.2280,0.2380,0.0256,0,REST-S,1,5,4
4186,9610,2:34:30,0,0.00,0,2.6200,0.2280,0.2380,0.0256,0,REST-S,1,5,4
4186,9611,2:35:00,0,0.00,0,2.6200,0.2280,0.2380,0.0256,0,REST-S,1,5,4
4186,9612,2:35:30,0,0.00,0,2.6200,0.2280,0.2380,0.0256,0,REST-S,1,5,4
4186,9613,2:36:00,0,0.00,0,2.6200,0.2280,0.2380,0.0256,0,REST-S,1,5,4
4186,9614,2:36:30,0,0.00,0,2.6200,0.2280,0.2380,0.0256,0,REST-S,1,5,4
4186,9615,2:37:00,0,0.00,0,2.6200,0.2280,0.2380,0.0256,0,REST-S,1,5,4
4186,9616,2:37:30,0,0.00,0,2.6200,0.2280,0.2380,0.0256,0,REST-S,1,5,4
4186,9617,2:38:00,0,0.00,0,2.6200,0.2280,0.2380,0.0256,0,REST-S,1,5,4
4186,9618,2:38:30,0,0.00,0,2.6200,0.2280,0.2380,0.0256,0,REST-S,1,5,4
4186,9619,2:39:00,0,0.00,0,2.6200,0.2280,0.2380,0.0256,0,REST-S,1,5,4
4186,9620,2:39:30,0,0.00,0,2.6200,0.2280,0.2380,0.0256,0,REST-S,1,5,4
4186,9621,2:40:00,0,0.00,0,2.6200,0.2280,0.2380,0.0256,0,REST-S,1,5,4
4186,9622,2:40:30,0,0.00,0,2.6200,0.2280,0.2380,0.0256,0,REST-S,1,5,4
4186,9623,2:41:00,0,0.00,0,2.6200,0.2280,0.2380,0.0256,0,REST-S,1,5,4
4186,9624,2:41:30,0,0.00,0,2.6200,0.2280,0.2380,0.0256,0,REST-S,1,5,4
4186,9625,2:42:00,0,0.00,0,2.6200,0.2280,0.2380,0.0256,0,REST-S,1,5,4
4186,9626,2:42:30,0,0.00,0,2.6200,0.2280,0.2380,0.0256,0,REST-S,1,5,4
4186,9627,2:43:00,0,0.00,0,2.6200,0.2280,0.2380,0.0256,0,REST-S,1,5,4
4186,9628,2:43:30,0,0.00,0,2.6200,0.2280,0.2380,0.0256,0,REST-S,1,5,4
4186,9629,2:44:00,0,0.00,0,2.6200,0.2280,0.2380,0.0256,0,REST-S,1,5,4
4186,9630,2:44:30,0,0.00,0,2.6200,0.2280,0.2380,0.0256,0,REST-S,1,5,4
4186,9631,2:45:00,0,0.00,0,2.6200,0.2280,0.2380,0.0256,0,REST-S,1,5,4
4186,9632,2:45:30,0,0.00,0,2.6200,0.2280,0.2380,0.0256,0,REST-S,1,5,4
4186,9633,2:46:00,0,0.00,0,2.6200,0.2280,0.2380,0.0256,0,REST-S,1,5,4
4186,9634,2:46:30,0,0.00,0,2.6200,0.2280,0.2380,0.0256,0,REST-S,1,5,4
4186,9635,2:47:00,0,0.00,0,2.6200,0.2280,0.2380,0.0256,0,REST-S,1,5,4
4186,9636,2:47:30,0,0.00,0,2.6200,0.2280,0.2380,0.0256,0,REST-S,1,5,4
4186,9637,2:48:00,0,0.00,0,2.6200,0.2280,0.2380,0.0256,0,REST-S,1,5,4
4186,9638,2:48:30,0,0.00,0,2.6200,0.2280,0.2380,0.0256,0,REST-S,1,5,4
4186,9639,2:49:00,0,0.00,0,2.6200,0.2280,0.2380,0.0256,0,REST-S,1,5,4
4186,9640,2:49:30,0,0.00,0,2.6200,0.2280,0.2380,0.0256,0,REST-S,1,5,4
4186,9641,2:50:00,0,1.00,0,2.6200,0.2280,0.2380,0.0256,0,REST-S,1,5,4
4186,9642,2:50:30,0,0.00,0,2.6200,0.2280,0.2380,0.0256,0,REST-S,1,5,4
4186,9643,2:51:00,0,0.00,0,2.6200,0.2280,0.2380,0.0256,0,REST-S,1,5,4
4186,9644,2:51:30,0,0.00,0,2.6200,0.2280,0.2380,0.0256,0,REST-S,1,5,4
4186,9645,2:52:00,0,0.00,0,2.6200,0.2280,0.2380,0.0256,0,REST-S,1,5,4
4186,9646,2:52:30,0,0.00,0,2.6200,0.2280,0.2380,0.0256,0,REST-S,1,5,4
4186,9647,2:53:00,0,0.00,0,2.6200,0.2280,0.2380,0.0256,0,REST-S,1,5,4
4186,9648,2:53:30,0,0.00,0,2.6200,0.2280,0.2380,0.0256,0,REST-S,1,5,4
4186,9649,2:54:00,0,0.00,0,2.6200,0.2280,0.2380,0.0256,0,REST-S,1,5,4
4186,9650,2:54:30,0,0.00,0,2.6200,0.2280,0.2380,0.0256,0,REST-S,1,5,4
4186,9651,2:55:00,0,0.00,0,2.6000,0.2190,0.2380,0.0256,0,REST-S,1,5,4
4186,9652,2:55:30,0,0.00,0,2.6200,0.2280,0.2380,0.0256,0,REST-S,1,5,4
4186,9653,2:56:00,0,0.00,0,2.6200,0.2280,0.2380,0.0256,0,REST-S,1,5,4
4186,9654,2:56:30,0,0.00,0,2.6200,0.2280,0.2380,0.0256,0,REST-S,1,5,4
4186,9655,2:57:00,0,0.00,0,2.6200,0.2280,0.2380,0.0256,0,REST-S,1,5,4
4186,9656,2:57:30,0,0.00,0,2.6200,0.2280,0.2380,0.0256,0,REST-S,1,5,4
4186,9657,2:58:00,0,0.00,0,2.6200,0.2280,0.2380,0.0256,0,REST-S,1,5,4
4186,9658,2:58:30,0,0.00,0,2.6200,0.2280,0.2380,0.0256,0,REST-S,1,5,4
4186,9659,2:59:00,0,0.00,0,2.6200,0.2280,0.2380,0.0256,0,REST-S,1,5,4
4186,9660,2:59:30,0,0.00,0,2.6200,0.2280,0.2380,0.0256,0,REST-S,1,5,4
4186,9661,3:00:00,0,0.00,0,2.6200,0.2280,0.2380,0.0256,0,REST-S,1,5,4
4186,9662,3:00:30,0,0.00,0,2.6200,0.2280,0.2380,0.0256,0,REST-S,1,5,4
4186,9663,3:01:00,0,0.00,0,2.6200,0.2280,0.2380,0.0256,0,REST-S,1,5,4
4186,9664,3:01:30,0,0.00,0,2.6200,0.2280,0.2380,0.0256,0,REST-S,1,5,4
4186,9665,3:02:00,0,0.00,0,2.6200,0.2280,0.2380,0.0256,0,REST-S,1,5,4
4186,9666,3:02:30,0,0.00,0,2.6200,0.2280,0.2380,0.0256,0,REST-S,1,5,4
4186,9667,3:03:00,0,0.00,0,2.6200,0.2280,0.2380,0.0256,0,REST-S,1,5,4
4186,9668,3:03:30,0,0.00,0,2.6200,0.2280,0.2380,0.0256,0,REST-S,1,5,4
4186,9669,3:04:00,0,0.00,0,2.6200,0.2280,0.2380,0.0256,0,REST-S,1,5,4
4186,9670,3:04:30,0,0.00,0,2.6200,0.2280,0.2380,0.0256,0,REST-S,1,5,4
4186,9671,3:05:00,0,0.00,0,2.6200,0.2280,0.2380,0.0256,0,REST-S,1,5,4
4186,9672,3:05:30,0,0.00,0,2.6200,0.2280,0.2380,0.0256,0,REST-S,1,5,4
4186,9673,3:06:00,0,0.00,0,2.6200,0.2280,0.2380,0.0256,0,REST-S,1,5,4
4186,9674,3:06:30,0,0.00,0,2.6200,0.2280,0.2380,0.0256,0,REST-S,1,5,4
4186,9675,3:07:00,0,0.00,0,2.0800,0.1880,0.1880,0.0206,0,REST-S,1,5,4
4186,9676,3:07:30,0,10.00,0,1.4000,0.1330,0.1240,0.0162,0,REST-S,1,5,4
4186,9677,3:08:00,0,0.00,0,1.3700,0.1190,0.1240,0.0162,0,REST-S,1,5,4
4186,9678,3:08:30,0,0.00,0,1.3700,0.1190,0.1240,0.0162,0,REST-S,1,5,4
4186,9679,3:09:00,0,0.00,0,1.3700,0.1190,0.1240,0.0162,0,REST-S,1,5,4
4186,9680,3:09:30,0,0.00,0,1.3700,0.1190,0.1240,0.0162,0,REST-S,1,5,4
4186,9681,3:10:00,0,0.00,0,1.3700,0.1190,0.1240,0.0162,0,REST-S,1,5,4
4186,9682,3:10:30,0,0.00,0,1.3800,0.1220,0.1240,0.0162,0,REST-S,1,5,4
4186,9683,3:11:00,0,0.00,0,1.3700,0.1190,0.1240,0.0162,0,REST-S,1,5,4
4186,9684,3:11:30,0,0.00,0,1.3700,0.1190,0.1240,0.0162,0,REST-S,1,5,4
4186,9685,3:12:00,0,0.00,0,1.3800,0.1220,0.1240,0.0162,0,REST-S,1,5,4
4186,9686,3:12:30,0,0.00,0,1.3800,0.1220,0.1240,0.0162,0,REST-S,1,5,4
4186,9687,3:13:00,0,0.00,0,1.3700,0.1190,0.1240,0.0162,0,REST-S,1,5,4
4186,9688,3:13:30,0,0.00,0,1.3800,0.1220,0.1240,0.0162,0,REST-S,1,5,4
4186,9689,3:14:00,0,0.00,0,1.3800,0.1220,0.1240,0.0162,0,REST-S,1,5,4
4186,9690,3:14:30,0,0.00,0,1.8600,0.1190,0.1760,0.0523,0,REST-S,1,5,4
4186,9691,3:15:00,0,0.00,0,1.3800,0.1220,0.1240,0.0162,0,REST-S,1,5,4
4186,9692,3:15:30,0,0.00,0,1.3800,0.1220,0.1240,0.0162,0,REST-S,1,5,4
4186,9693,3:16:00,0,0.00,0,1.3800,0.1220,0.1240,0.0162,0,REST-S,1,5,4
4186,9694,3:16:30,0,0.00,0,1.3700,0.1190,0.1240,0.0162,0,REST-S,1,5,4
4186,9695,3:17:00,0,0.00,0,1.3800,0.1220,0.1240,0.0162,0,REST-S,1,5,4
4186,9696,3:17:30,0,1.00,0,1.8700,0.1220,0.1760,0.0523,0,REST-S,1,5,4
4186,9697,3:18:00,0,0.00,0,1.6400,0.1330,0.1510,0.0206,0,REST-S,1,5,4
4186,9698,3:18:30,0,0.00,0,1.6400,0.1330,0.1510,0.0206,0,REST-S,1,5,4
4186,9699,3:19:00,0,0.00,0,1.6400,0.1330,0.1510,0.0206,0,REST-S,1,5,4
4186,9700,3:19:30,0,0.00,0,1.6400,0.1330,0.1510,0.0206,0,REST-S,1,5,4
4186,9701,3:20:00,0,0.00,0,1.6400,0.1330,0.1510,0.0206,0,REST-S,1,5,4
4186,9702,3:20:30,0,0.00,0,1.6400,0.1330,0.1510,0.0206,0,REST-S,1,5,4
4186,9703,3:21:00,0,0.00,0,1.6400,0.1330,0.1510,0.0206,0,REST-S,1,5,4
4186,9704,3:21:30,0,0.00,0,1.6400,0.1330,0.1510,0.0206,0,REST-S,1,5,4
4186,9705,3:22:00,0,0.00,0,1.6400,0.1330,0.1510,0.0206,0,REST-S,1,5,4
4186,9706,3:22:30,0,24.00,0,1.6700,0.1450,0.1510,0.0206,1,REST-S,1,5,4
4186,9707,3:23:00,0,33.00,0,32.3300,2.8200,2.9400,0.3160,1,REST-S,1,5,4
4186,9708,3:23:30,0,0.00,0,34.2200,2.8800,3.1400,0.3300,0,REST-S,1,5,4
4186,9709,3:24:00,0,0.00,0,34.2100,2.8800,3.1400,0.3230,0,REST-S,1,5,4
4186,9710,3:24:30,0,0.00,0,33.6100,2.8800,3.0700,0.3160,0,REST-S,1,5,4
4186,9711,3:25:00,0,0.00,0,33.6100,2.8800,3.0700,0.3160,0,REST-S,1,5,4
4186,9712,3:25:30,0,0.00,0,33.6100,2.8800,3.0700,0.3160,0,REST-S,1,5,4
4186,9713,3:26:00,0,0.00,0,33.6100,2.8800,3.0700,0.3160,0,REST-S,1,5,4
4186,9714,3:26:30,0,0.00,0,32.9000,2.8200,3.0100,0.3160,0,REST-S,1,5,4
4186,9715,3:27:00,0,0.00,0,32.9000,2.8200,3.0100,0.3160,0,REST-S,1,5,4
4186,9716,3:27:30,0,0.00,0,32.9000,2.8200,3.0100,0.3160,0,REST-S,1,5,4
4186,9717,3:28:00,0,0.00,0,32.8900,2.8200,3.0100,0.3090,0,REST-S,1,5,4
4186,9718,3:28:30,0,0.00,0,32.8900,2.8200,3.0100,0.3090,0,REST-S,1,5,4
4186,9719,3:29:00,0,0.00,0,32.8900,2.8200,3.0100,0.3090,0,REST-S,1,5,4
4186,9720,3:29:30,0,0.00,0,33.0300,2.8800,3.0100,0.3160,0,REST-S,1,5,4
4186,9721,3:30:00,0,0.00,0,33.0300,2.8800,3.0100,0.3160,0,REST-S,1,5,4
4186,9722,3:30:30,0,1.00,0,33.0300,2.8800,3.0100,0.3160,0,REST-S,1,5,4
4186,9723,3:31:00,0,0.00,0,33.0300,2.8800,3.0100,0.3160,0,REST-S,1,5,4
4186,9724,3:31:30,0,0.00,0,32.8900,2.8200,3.0100,0.3090,0,REST-S,1,5,4
4186,9725,3:32:00,0,0.00,0,32.8900,2.8200,3.0100,0.3090,0,REST-S,1,5,4
4186,9726,3:32:30,0,0.00,0,32.9000,2.8200,3.0100,0.3160,0,REST-S,1,5,4
4186,9727,3:33:00,0,0.00,0,32.9000,2.8200,3.0100,0.3160,0,REST-S,1,5,4
4186,9728,3:33:30,0,0.00,0,32.9000,2.8200,3.0100,0.3160,0,REST-S,1,5,4
4186,9729,3:34:00,0,0.00,0,33.6100,2.8800,3.0700,0.3160,0,REST-S,1,5,4
4186,9730,3:34:30,0,0.00,0,33.0300,2.8800,3.0100,0.3160,0,REST-S,1,5,4
4186,9731,3:35:00,0,0.00,0,33.4700,2.8200,3.0700,0.3160,0,REST-S,1,5,4
4186,9732,3:35:30,0,0.00,0,33.4700,2.8200,3.0700,0.3160,0,REST-S,1,5,4
4186,9733,3:36:00,0,0.00,0,33.0300,2.8800,3.0100,0.3160,0,REST-S,1,5,4
4186,9734,3:36:30,0,0.00,0,33.0300,2.8800,3.0100,0.3160,0,REST-S,1,5,4
4186,9735,3:37:00,0,0.00,0,32.9000,2.8200,3.0100,0.3160,0,REST-S,1,5,4
4186,9736,3:37:30,0,0.00,0,32.9000,2.8200,3.0100,0.3160,0,REST-S,1,5,4
4186,9737,3:38:00,0,0.00,0,32.9000,2.8200,3.0100,0.3160,0,REST-S,1,5,4
4186,9738,3:38:30,0,0.00,0,32.9000,2.8200,3.0100,0.3160,0,REST-S,1,5,4
4186,9739,3:39:00,0,0.00,0,32.8900,2.8200,3.0100,0.3090,0,REST-S,1,5,4
4186,9740,3:39:30,0,0.00,0,32.9000,2.8200,3.0100,0.3160,0,REST-S,1,5,4
4186,9741,3:40:00,0,0.00,0,32.9000,2.8200,3.0100,0.3160,0,REST-S,1,5,4
4186,9742,3:40:30,0,0.00,0,33.6100,2.8800,3.0700,0.3160,0,REST-S,1,5,4
4186,9743,3:41:00,0,0.00,0,34.4900,3.0100,3.1400,0.3230,0,REST-S,1,5,4
4186,9744,3:41:30,0,0.00,0,34.2100,2.8800,3.1400,0.3230,0,REST-S,1,5,4
4186,9745,3:42:00,0,0.00,0,34.2100,2.8800,3.1400,0.3230,0,REST-S,1,5,4
4186,9746,3:42:30,0,0.00,0,34.4900,3.0100,3.1400,0.3230,0,REST-S,1,5,4
4186,9747,3:43:00,0,0.00,0,34.2100,2.8800,3.1400,0.3230,0,REST-S,1,5,4
4186,9748,3:43:30,0,0.00,0,34.4900,3.0100,3.1400,0.3230,0,REST-S,1,5,4
4186,9749,3:44:00,0,0.00,0,34.4900,3.0100,3.1400,0.3230,0,REST-S,1,5,4
4186,9750,3:44:30,0,0.00,0,34.4900,3.0100,3.1400,0.3230,0,REST-S,1,5,4
4186,9751,3:45:00,0,0.00,0,34.4900,3.0100,3.1400,0.3230,0,REST-S,1,5,4
4186,9752,3:45:30,0,0.00,0,34.4900,3.0100,3.1400,0.3230,0,REST-S,1,5,4
4186,9753,3:46:00,0,0.00,0,34.2100,2.8800,3.1400,0.3230,0,REST-S,1,5,4
4186,9754,3:46:30,0,0.00,0,37.4600,3.2100,3.4200,0.3520,0,REST-S,1,5,4
4186,9755,3:47:00,0,0.00,0,40.5100,3.3500,3.7300,0.3760,0,REST-S,1,5,4
4186,9756,3:47:30,0,0.00,0,39.8100,3.3500,3.6500,0.3760,0,REST-S,1,5,4
4186,9757,3:48:00,0,0.00,0,39.8100,3.3500,3.6500,0.3760,0,REST-S,1,5,4
4186,9758,3:48:30,0,0.00,0,39.8100,3.3500,3.6500,0.3760,0,REST-S,1,5,4
4186,9759,3:49:00,0,0.00,0,39.8100,3.3500,3.6500,0.3760,0,REST-S,1,5,4
4186,9760,3:49:30,0,0.00,0,39.8100,3.3500,3.6500,0.3760,0,REST-S,1,5,4
4186,9761,3:50:00,0,0.00,0,39.8100,3.3500,3.6500,0.3760,0,REST-S,1,5,4
4186,9762,3:50:30,0,0.00,0,40.5100,3.3500,3.7300,0.3760,0,REST-S,1,5,4
4186,9763,3:51:00,0,0.00,0,39.8100,3.3500,3.6500,0.3760,0,REST-S,1,5,4
4186,9764,3:51:30,0,0.00,0,39.8100,3.3500,3.6500,0.3760,0,REST-S,1,5,4
4186,9765,3:52:00,0,0.00,0,40.1400,3.5000,3.6500,0.3760,0,REST-S,1,5,4
4186,9766,3:52:30,0,0.00,0,39.8100,3.3500,3.6500,0.3760,0,REST-S,1,5,4
4186,9767,3:53:00,0,0.00,0,40.5100,3.3500,3.7300,0.3760,0,REST-S,1,5,4
4186,9768,3:53:30,0,0.00,0,39.8100,3.3500,3.6500,0.3760,0,REST-S,1,5,4
4186,9769,3:54:00,0,0.00,0,40.8400,3.5000,3.7300,0.3760,0,REST-S,1,5,4
4186,9770,3:54:30,0,0.00,0,40.8400,3.5000,3.7300,0.3760,0,REST-S,1,5,4
4186,9771,3:55:00,0,0.00,0,40.5100,3.3500,3.7300,0.3760,0,REST-S,1,5,4
4186,9772,3:55:30,0,0.00,0,40.5100,3.3500,3.7300,0.3760,0,REST-S,1,5,4
4186,9773,3:56:00,0,0.00,0,40.5100,3.3500,3.7300,0.3760,0,REST-S,1,5,4
4186,9774,3:56:30,0,0.00,0,40.5100,3.3500,3.7300,0.3760,0,REST-S,1,5,4
4186,9775,3:57:00,0,0.00,0,39.8100,3.3500,3.6500,0.3760,0,REST-S,1,5,4
4186,9776,3:57:30,0,0.00,0,40.5100,3.3500,3.7300,0.3760,0,REST-S,1,5,4
4186,9777,3:58:00,0,0.00,0,40.8400,3.5000,3.7300,0.3760,0,REST-S,1,5,4
4186,9778,3:58:30,0,0.00,0,40.8400,3.5000,3.7300,0.3760,0,REST-S,1,5,4
4186,9779,3:59:00,0,0.00,0,40.1400,3.5000,3.6500,0.3760,0,REST-S,1,5,4
4186,9780,3:59:30,0,0.00,0,40.5100,3.3500,3.7300,0.3760,0,REST-S,1,5,4
4186,9781,4:00:00,0,0.00,0,40.5100,3.3500,3.7300,0.3760,0,REST-S,1,5,4
4186,9782,4:00:30,0,0.00,0,40.5100,3.3500,3.7300,0.3760,0,REST-S,1,5,4
4186,9783,4:01:00,0,0.00,0,40.5100,3.3500,3.7300,0.3760,0,REST-S,1,5,4
4186,9784,4:01:30,0,0.00,0,40.5100,3.3500,3.7300,0.3760,0,REST-S,1,5,4
4186,9785,4:02:00,0,0.00,0,39.8100,3.3500,3.6500,0.3760,0,REST-S,1,5,4
4186,9786,4:02:30,0,0.00,0,39.8100,3.3500,3.6500,0.3760,0,REST-S,1,5,4
4186,9787,4:03:00,0,0.00,0,40.1400,3.5000,3.6500,0.3760,0,REST-S,1,5,4
4186,9788,4:03:30,0,0.00,0,40.8400,3.5000,3.7300,0.3760,0,REST-S,1,5,4
4186,9789,4:04:00,0,0.00,0,40.5100,3.3500,3.7300,0.3760,0,REST-S,1,5,4
4186,9790,4:04:30,0,0.00,0,39.8100,3.3500,3.6500,0.3760,0,REST-S,1,5,4
4186,9791,4:05:00,0,0.00,0,39.8100,3.3500,3.6500,0.3760,0,REST-S,1,5,4
4186,9792,4:05:30,0,0.00,0,40.8400,3.5000,3.7300,0.3760,0,REST-S,1,5,4
4186,9793,4:06:00,0,0.00,0,40.1400,3.5000,3.6500,0.3760,0,REST-S,1,5,4
4186,9794,4:06:30,0,0.00,0,40.5100,3.3500,3.7300,0.3760,0,REST-S,1,5,4
4186,9795,4:07:00,0,0.00,0,40.5100,3.3500,3.7300,0.3760,0,REST-S,1,5,4
4186,9796,4:07:30,0,0.00,0,40.5100,3.3500,3.7300,0.3760,0,REST-S,1,5,4
4186,9797,4:08:00,0,0.00,0,40.5100,3.3500,3.7300,0.3760,0,REST-S,1,5,4
4186,9798,4:08:30,0,0.00,0,40.8400,3.5000,3.7300,0.3760,0,REST-S,1,5,4
4186,9799,4:09:00,0,0.00,0,40.8400,3.5000,3.7300,0.3760,0,REST-S,1,5,4
4186,9800,4:09:30,0,0.00,0,40.8400,3.5000,3.7300,0.3760,0,REST-S,1,5,4
4186,9801,4:10:00,0,0.00,0,40.8500,3.5000,3.7300,0.3840,0,REST-S,1,5,4
4186,9802,4:10:30,0,0.00,0,40.8400,3.5000,3.7300,0.3760,0,REST-S,1,5,4
4186,9803,4:11:00,0,0.00,0,40.8400,3.5000,3.7300,0.3760,0,REST-S,1,5,4
4186,9804,4:11:30,0,0.00,0,40.8400,3.5000,3.7300,0.3760,1,REST,1,5,4
4186,9805,4:12:00,0,30.00,0,235.4200,3.8100,24.6000,10.8000,1,ACTIVE,1,5,4
4186,9806,4:12:30,0,92.00,0,589.0100,23.0000,58.4000,24.0000,1,ACTIVE,1,5,4
4186,9807,4:13:00,0,323.00,0,8.4200,0.3600,0.8370,0.2660,1,ACTIVE,1,5,4
4186,9808,4:13:30,0,476.00,0,8.0900,0.3680,0.8020,0.2280,1,ACTIVE,1,5,4
4186,9809,4:14:00,0,346.00,0,0.0200,0.0049,0.0000,0.0059,1,ACTIVE,1,5,4
4186,9810,4:14:30,0,184.00,0,0.7000,0.0679,0.0622,0.0070,1,ACTIVE,1,5,4
4186,9811,4:15:00,0,461.00,0,0.2500,0.0431,0.0173,0.0059,1,ACTIVE,1,5,4
4186,9812,4:15:30,0,156.00,0,0.2300,0.0339,0.0173,0.0059,1,ACTIVE,1,5,4
4186,9813,4:16:00,0,198.00,0,1.1100,0.1510,0.0880,0.0070,1,ACTIVE,1,5,4
4186,9814,4:16:30,0,156.00,0,5.3700,1.5700,0.2140,0.0256,1,ACTIVE,1,5,4
4186,9815,4:17:00,0,35.00,0,170.9200,5.7600,17.4000,5.5100,1,ACTIVE,1,5,4
4186,9816,4:17:30,0,109.00,0,9.8800,1.7100,0.6890,0.0571,1,ACTIVE,1,5,4
4186,9817,4:18:00,0,47.00,0,0.2300,0.0339,0.0173,0.0059,1,ACTIVE,1,5,4
4186,9818,4:18:30,0,226.00,0,18.6000,5.8800,0.6180,0.1690,1,ACTIVE,1,5,4
4186,9819,4:19:00,0,92.00,0,13.0600,3.0700,0.7040,0.0939,1,ACTIVE,1,5,4
4186,9820,4:19:30,0,335.00,0,0.5700,0.0431,0.0523,0.0173,1,ACTIVE,1,5,4
4186,9821,4:20:00,0,275.00,0,1.4000,0.1330,0.1240,0.0162,1,ACTIVE,1,5,4
4186,9822,4:20:30,0,284.00,0,0.0200,0.0049,0.0000,0.0059,1,ACTIVE,1,5,4
4186,9823,4:21:00,0,162.00,0,0.0200,0.0049,0.0000,0.0059,1,ACTIVE,1,5,4
4186,9824,4:21:30,0,293.00,0,0.8500,0.1330,0.0622,0.0070,1,ACTIVE,1,5,4
4186,9825,4:22:00,0,122.00,0,11.1700,1.6000,0.8560,0.1220,1,ACTIVE,1,5,4
4186,9826,4:22:30,0,313.00,0,0.0200,0.0049,0.0000,0.0059,1,ACTIVE,1,5,4
4186,9827,4:23:00,0,113.00,0,0.0100,0.0049,0.0000,0.0000,1,ACTIVE,1,5,4
4186,9828,4:23:30,0,1.00,0,0.0200,0.0049,0.0000,0.0059,1,ACTIVE,1,5,4
4186,9829,4:24:00,0,3.00,0,0.0100,0.0049,0.0000,0.0000,1,ACTIVE,1,5,4
4186,9830,4:24:30,0,24.00,0,0.0200,0.0049,0.0000,0.0059,1,REST,1,5,4
4186,9831,4:25:00,0,1.00,0,0.0200,0.0049,0.0000,0.0059,0,REST-S,1,5,4
4186,9832,4:25:30,0,4.00,0,0.0200,0.0049,0.0000,0.0059,0,REST-S,1,5,4
4186,9833,4:26:00,0,1.00,0,0.0200,0.0049,0.0000,0.0059,0,REST-S,1,5,4
4186,9834,4:26:30,0,0.00,0,0.0200,0.0049,0.0000,0.0059,0,REST-S,1,5,4
4186,9835,4:27:00,0,0.00,0,0.0200,0.0049,0.0000,0.0059,0,REST-S,1,5,4
4186,9836,4:27:30,0,0.00,0,0.0200,0.0049,0.0000,0.0059,0,REST-S,1,5,4
4186,9837,4:28:00,0,0.00,0,0.0200,0.0049,0.0000,0.0059,0,REST-S,1,5,4
4186,9838,4:28:30,0,1.00,0,0.0200,0.0049,0.0000,0.0059,0,REST-S,1,5,4
4186,9839,4:29:00,0,0.00,0,0.0200,0.0049,0.0000,0.0059,0,REST-S,1,5,4
4186,9840,4:29:30,0,0.00,0,0.0200,0.0049,0.0000,0.0059,0,REST-S,1,5,4
4186,9841,4:30:00,0,0.00,0,0.0200,0.0049,0.0000,0.0059,0,REST-S,1,5,4
4186,9842,4:30:30,0,1.00,0,0.0200,0.0049,0.0000,0.0059,0,REST-S,1,5,4
4186,9843,4:31:00,0,0.00,0,0.0200,0.0049,0.0000,0.0059,0,REST-S,1,5,4
4186,9844,4:31:30,0,0.00,0,0.0200,0.0049,0.0000,0.0059,0,REST-S,1,5,4
4186,9845,4:32:00,0,1.00,0,0.0200,0.0049,0.0000,0.0059,0,REST-S,1,5,4
4186,9846,4:32:30,0,0.00,0,0.0200,0.0049,0.0000,0.0059,0,REST-S,1,5,4
4186,9847,4:33:00,0,0.00,0,0.0200,0.0049,0.0000,0.0059,0,REST-S,1,5,4
4186,9848,4:33:30,0,0.00,0,0.0200,0.0049,0.0000,0.0059,0,REST-S,1,5,4
4186,9849,4:34:00,0,0.00,0,0.0200,0.0049,0.0000,0.0059,0,REST-S,1,5,4
4186,9850,4:34:30,0,0.00,0,0.0200,0.0049,0.0000,0.0059,0,REST-S,1,5,4
4186,9851,4:35:00,0,0.00,0,0.0200,0.0049,0.0000,0.0059,0,REST-S,1,5,4
4186,9852,4:35:30,0,0.00,0,0.0200,0.0049,0.0000,0.0059,0,REST-S,1,5,4
4186,9853,4:36:00,0,0.00,0,0.0200,0.0049,0.0000,0.0059,0,REST-S,1,5,4
4186,9854,4:36:30,0,0.00,0,0.0200,0.0049,0.0000,0.0059,0,REST-S,1,5,4
4186,9855,4:37:00,0,0.00,0,0.0200,0.0049,0.0000,0.0059,0,REST-S,1,5,4
4186,9856,4:37:30,0,0.00,0,0.0200,0.0049,0.0000,0.0059,0,REST-S,1,5,4
4186,9857,4:38:00,0,0.00,0,0.0200,0.0049,0.0000,0.0059,0,REST-S,1,5,4
4186,9858,4:38:30,0,0.00,0,0.0200,0.0049,0.0000,0.0059,0,REST-S,1,5,4
4186,9859,4:39:00,0,10.00,0,0.0200,0.0049,0.0000,0.0059,0,REST-S,1,5,4
4186,9860,4:39:30,0,0.00,0,0.0200,0.0049,0.0000,0.0059,0,REST-S,1,5,4
4186,9861,4:40:00,0,0.00,0,0.0200,0.0049,0.0000,0.0059,0,REST-S,1,5,4
4186,9862,4:40:30,0,0.00,0,0.0200,0.0049,0.0000,0.0059,0,REST-S,1,5,4
4186,9863,4:41:00,0,0.00,0,0.0200,0.0049,0.0000,0.0059,0,REST-S,1,5,4
4186,9864,4:41:30,0,58.00,0,0.0200,0.0049,0.0000,0.0059,1,REST-S,1,5,4
4186,9865,4:42:00,0,1.00,0,0.0200,0.0049,0.0000,0.0059,0,REST-S,1,5,4
4186,9866,4:42:30,0,0.00,0,0.0200,0.0049,0.0000,0.0059,0,REST-S,1,5,4
4186,9867,4:43:00,0,0.00,0,0.0200,0.0049,0.0000,0.0059,0,REST-S,1,5,4
4186,9868,4:43:30,0,0.00,0,0.0200,0.0049,0.0000,0.0059,0,REST-S,1,5,4
4186,9869,4:44:00,0,0.00,0,0.0200,0.0049,0.0000,0.0059,0,REST-S,1,5,4
4186,9870,4:44:30,0,0.00,0,0.0200,0.0049,0.0000,0.0059,0,REST-S,1,5,4
4186,9871,4:45:00,0,0.00,0,0.0200,0.0049,0.0000,0.0059,0,REST-S,1,5,4
4186,9872,4:45:30,0,0.00,0,0.0200,0.0049,0.0000,0.0059,0,REST-S,1,5,4
4186,9873,4:46:00,0,0.00,0,0.0200,0.0049,0.0000,0.0059,0,REST-S,1,5,4
4186,9874,4:46:30,0,0.00,0,0.0200,0.0049,0.0000,0.0059,0,REST-S,1,5,4
4186,9875,4:47:00,0,0.00,0,0.0200,0.0049,0.0000,0.0059,0,REST-S,1,5,4
4186,9876,4:47:30,0,0.00,0,0.0200,0.0049,0.0000,0.0059,0,REST-S,1,5,4
4186,9877,4:48:00,0,0.00,0,0.0200,0.0049,0.0000,0.0059,0,REST-S,1,5,4
4186,9878,4:48:30,0,0.00,0,0.0200,0.0049,0.0000,0.0059,0,REST-S,1,5,4
4186,9879,4:49:00,0,0.00,0,0.0200,0.0049,0.0000,0.0059,0,REST-S,1,5,4
4186,9880,4:49:30,0,0.00,0,0.0200,0.0049,0.0000,0.0059,0,REST-S,1,5,4
4186,9881,4:50:00,0,0.00,0,0.0200,0.0049,0.0000,0.0059,0,REST-S,1,5,4
4186,9882,4:50:30,0,0.00,0,0.0200,0.0049,0.0000,0.0059,0,REST-S,1,5,4
4186,9883,4:51:00,0,0.00,0,0.0200,0.0049,0.0000,0.0059,0,REST-S,1,5,4
4186,9884,4:51:30,0,0.00,0,0.0200,0.0049,0.0000,0.0059,0,REST-S,1,5,4
4186,9885,4:52:00,0,0.00,0,0.0200,0.0049,0.0000,0.0059,0,REST-S,1,5,4
4186,9886,4:52:30,0,0.00,0,0.0200,0.0049,0.0000,0.0059,0,REST-S,1,5,4
4186,9887,4:53:00,0,0.00,0,0.0200,0.0049,0.0000,0.0059,1,REST-S,1,5,4
4186,9888,4:53:30,0,0.00,0,0.1700,0.0042,0.0173,0.0059,1,REST-S,1,5,4
4186,9889,4:54:00,0,218.00,0,0.0100,0.0049,0.0000,0.0000,1,REST-S,1,5,4
4186,9890,4:54:30,0,122.00,0,0.0100,0.0049,0.0000,0.0000,1,REST-S,1,5,4
4186,9891,4:55:00,0,0.00,0,0.1700,0.0042,0.0173,0.0059,1,REST-S,1,5,4
4186,9892,4:55:30,0,0.00,0,0.0200,0.0049,0.0000,0.0059,0,REST-S,1,5,4
4186,9893,4:56:00,0,0.00,0,0.0200,0.0049,0.0000,0.0059,0,REST-S,1,5,4
4186,9894,4:56:30,0,0.00,0,0.0200,0.0049,0.0000,0.0059,0,REST-S,1,5,4
4186,9895,4:57:00,0,0.00,0,0.1700,0.0042,0.0173,0.0059,0,REST-S,1,5,4
4186,9896,4:57:30,0,0.00,0,0.0200,0.0049,0.0000,0.0059,0,REST-S,1,5,4
4186,9897,4:58:00,0,0.00,0,0.0200,0.0049,0.0000,0.0059,0,REST-S,1,5,4
4186,9898,4:58:30,0,0.00,0,0.0200,0.0049,0.0000,0.0059,0,REST-S,1,5,4
4186,9899,4:59:00,0,0.00,0,0.0200,0.0049,0.0000,0.0059,0,REST-S,1,5,4
4186,9900,4:59:30,0,8.00,0,0.0200,0.0049,0.0000,0.0059,0,REST-S,1,5,4
4186,9901,5:00:00,0,89.00,0,0.0200,0.0049,0.0000,0.0059,1,REST-S,1,5,4
4186,9902,5:00:30,0,0.00,0,0.0200,0.0049,0.0000,0.0059,0,REST-S,1,5,4
4186,9903,5:01:00,0,0.00,0,0.0200,0.0049,0.0000,0.0059,0,REST-S,1,5,4
4186,9904,5:01:30,0,70.00,0,0.0200,0.0049,0.0000,0.0059,1,REST-S,1,5,4
4186,9905,5:02:00,0,0.00,0,0.0200,0.0049,0.0000,0.0059,0,REST-S,1,5,4
4186,9906,5:02:30,0,0.00,0,0.0200,0.0049,0.0000,0.0059,0,REST-S,1,5,4
4186,9907,5:03:00,0,0.00,0,0.0200,0.0049,0.0000,0.0059,0,REST-S,1,5,4
4186,9908,5:03:30,0,0.00,0,0.0200,0.0049,0.0000,0.0059,0,REST-S,1,5,4
4186,9909,5:04:00,0,0.00,0,0.0200,0.0049,0.0000,0.0059,0,REST-S,1,5,4
4186,9910,5:04:30,0,0.00,0,0.0200,0.0049,0.0000,0.0059,0,REST-S,1,5,4
4186,9911,5:05:00,0,0.00,0,0.0200,0.0049,0.0000,0.0059,0,REST-S,1,5,4
4186,9912,5:05:30,0,0.00,0,0.0200,0.0049,0.0000,0.0059,0,REST-S,1,5,4
4186,9913,5:06:00,0,0.00,0,0.0200,0.0049,0.0000,0.0059,0,REST-S,1,5,4
4186,9914,5:06:30,0,0.00,0,0.0200,0.0049,0.0000,0.0059,0,REST-S,1,5,4
4186,9915,5:07:00,0,0.00,0,0.0200,0.0049,0.0000,0.0059,0,REST-S,1,5,4
4186,9916,5:07:30,0,0.00,0,0.0200,0.0049,0.0000,0.0059,0,REST-S,1,5,4
4186,9917,5:08:00,0,0.00,0,0.0200,0.0049,0.0000,0.0059,0,REST-S,1,5,4
4186,9918,5:08:30,0,0.00,0,0.0200,0.0049,0.0000,0.0059,0,REST-S,1,5,4
4186,9919,5:09:00,0,0.00,0,0.0200,0.0049,0.0000,0.0059,0,REST-S,1,5,4
4186,9920,5:09:30,0,0.00,0,0.0200,0.0049,0.0000,0.0059,0,REST-S,1,5,4
4186,9921,5:10:00,0,0.00,0,0.0200,0.0049,0.0000,0.0059,0,REST-S,1,5,4
4186,9922,5:10:30,0,0.00,0,0.0200,0.0049,0.0000,0.0059,0,REST-S,1,5,4
4186,9923,5:11:00,0,0.00,0,0.0200,0.0049,0.0000,0.0059,0,REST-S,1,5,4
4186,9924,5:11:30,0,0.00,0,0.0200,0.0049,0.0000,0.0059,0,REST-S,1,5,4
4186,9925,5:12:00,0,0.00,0,0.1700,0.0042,0.0173,0.0059,0,REST-S,1,5,4
4186,9926,5:12:30,0,0.00,0,0.0200,0.0049,0.0000,0.0059,0,REST-S,1,5,4
4186,9927,5:13:00,0,0.00,0,0.0200,0.0049,0.0000,0.0059,0,REST-S,1,5,4
4186,9928,5:13:30,0,72.00,0,0.0200,0.0049,0.0000,0.0059,1,ACTIVE,1,5,4
4186,9929,5:14:00,0,0.00,0,0.0200,0.0049,0.0000,0.0059,0,ACTIVE,1,5,4
4186,9930,5:14:30,0,0.00,0,0.0200,0.0049,0.0000,0.0059,0,ACTIVE,1,5,4
4186,9931,5:15:00,0,0.00,0,0.0200,0.0049,0.0000,0.0059,0,ACTIVE,1,5,4
4186,9932,5:15:30,0,0.00,0,0.0200,0.0049,0.0000,0.0059,0,ACTIVE,1,5,4
4186,9933,5:16:00,0,0.00,0,0.0200,0.0049,0.0000,0.0059,0,ACTIVE,1,5,4
4186,9934,5:16:30,0,0.00,0,0.0200,0.0049,0.0000,0.0059,0,ACTIVE,1,5,4
4186,9935,5:17:00,0,11.00,0,0.0200,0.0049,0.0000,0.0059,0,ACTIVE,1,5,4
4186,9936,5:17:30,0,72.00,0,0.0200,0.0049,0.0000,0.0059,1,ACTIVE,1,5,4
4186,9937,5:18:00,0,0.00,0,0.0200,0.0049,0.0000,0.0059,0,ACTIVE,1,5,4
4186,9938,5:18:30,0,0.00,0,0.0200,0.0049,0.0000,0.0059,0,ACTIVE,1,5,4
4186,9939,5:19:00,0,0.00,0,0.0200,0.0049,0.0000,0.0059,0,ACTIVE,1,5,4
4186,9940,5:19:30,0,0.00,0,0.0200,0.0049,0.0000,0.0059,0,ACTIVE,1,5,4
4186,9941,5:20:00,0,173.00,0,0.0200,0.0049,0.0000,0.0059,1,ACTIVE,1,5,4
4186,9942,5:20:30,0,0.00,0,0.0200,0.0049,0.0000,0.0059,0,ACTIVE,1,5,4
4186,9943,5:21:00,0,0.00,0,0.0200,0.0049,0.0000,0.0059,0,ACTIVE,1,5,4
4186,9944,5:21:30,0,0.00,0,0.0200,0.0049,0.0000,0.0059,0,ACTIVE,1,5,4
4186,9945,5:22:00,0,0.00,0,0.0200,0.0049,0.0000,0.0059,0,ACTIVE,1,5,4
4186,9946,5:22:30,0,0.00,0,0.0200,0.0049,0.0000,0.0059,0,ACTIVE,1,5,4
4186,9947,5:23:00,0,0.00,0,0.0200,0.0049,0.0000,0.0059,0,ACTIVE,1,5,4
4186,9948,5:23:30,0,0.00,0,0.0200,0.0049,0.0000,0.0059,0,ACTIVE,1,5,4
4186,9949,5:24:00,0,0.00,0,0.0200,0.0049,0.0000,0.0059,0,ACTIVE,1,5,4
4186,9950,5:24:30,0,0.00,0,0.0200,0.0049,0.0000,0.0059,0,ACTIVE,1,5,4
4186,9951,5:25:00,0,79.00,0,0.0100,0.0049,0.0000,0.0000,1,ACTIVE,1,5,4
4186,9952,5:25:30,0,0.00,0,0.0200,0.0049,0.0000,0.0059,0,ACTIVE,1,5,4
4186,9953,5:26:00,0,0.00,0,0.0200,0.0049,0.0000,0.0059,0,ACTIVE,1,5,4
4186,9954,5:26:30,0,0.00,0,0.0200,0.0049,0.0000,0.0059,0,ACTIVE,1,5,4
4186,9955,5:27:00,0,0.00,0,0.0200,0.0049,0.0000,0.0059,0,ACTIVE,1,5,4
4186,9956,5:27:30,0,0.00,0,0.0200,0.0049,0.0000,0.0059,0,ACTIVE,1,5,4
4186,9957,5:28:00,0,0.00,0,0.0200,0.0049,0.0000,0.0059,0,ACTIVE,1,5,4
4186,9958,5:28:30,0,0.00,0,0.0200,0.0049,0.0000,0.0059,0,ACTIVE,1,5,4
4186,9959,5:29:00,0,0.00,0,0.0200,0.0049,0.0000,0.0059,0,ACTIVE,1,5,4
4186,9960,5:29:30,0,0.00,0,0.0200,0.0049,0.0000,0.0059,0,ACTIVE,1,5,4
4186,9961,5:30:00,0,0.00,0,0.0200,0.0049,0.0000,0.0059,0,ACTIVE,1,5,4
4186,9962,5:30:30,0,1.00,0,0.0200,0.0049,0.0000,0.0059,0,ACTIVE,1,5,4
4186,9963,5:31:00,0,0.00,0,0.0200,0.0049,0.0000,0.0059,0,ACTIVE,1,5,4
4186,9964,5:31:30,0,0.00,0,0.0200,0.0049,0.0000,0.0059,0,ACTIVE,1,5,4
4186,9965,5:32:00,0,0.00,0,0.0200,0.0049,0.0000,0.0059,0,ACTIVE,1,5,4
4186,9966,5:32:30,0,0.00,0,0.0200,0.0049,0.0000,0.0059,0,ACTIVE,1,5,4
4186,9967,5:33:00,0,0.00,0,0.0200,0.0049,0.0000,0.0059,0,ACTIVE,1,5,4
4186,9968,5:33:30,0,0.00,0,0.0300,0.0099,0.0000,0.0059,0,ACTIVE,1,5,4
4186,9969,5:34:00,0,0.00,0,0.0200,0.0049,0.0000,0.0059,0,ACTIVE,1,5,4
4186,9970,5:34:30,0,0.00,0,0.0300,0.0099,0.0000,0.0059,0,ACTIVE,1,5,4
4186,9971,5:35:00,0,0.00,0,0.0200,0.0049,0.0000,0.0059,0,ACTIVE,1,5,4
4186,9972,5:35:30,0,0.00,0,0.1700,0.0042,0.0173,0.0059,0,ACTIVE,1,5,4
4186,9973,5:36:00,0,0.00,0,0.0200,0.0049,0.0000,0.0059,0,ACTIVE,1,5,4
4186,9974,5:36:30,0,0.00,0,0.0200,0.0049,0.0000,0.0059,0,ACTIVE,1,5,4
4186,9975,5:37:00,0,0.00,0,0.0200,0.0049,0.0000,0.0059,0,ACTIVE,1,5,4
4186,9976,5:37:30,0,0.00,0,0.0200,0.0049,0.0000,0.0059,0,ACTIVE,1,5,4
4186,9977,5:38:00,0,0.00,0,0.0200,0.0049,0.0000,0.0059,0,ACTIVE,1,5,4
4186,9978,5:38:30,0,0.00,0,0.0200,0.0049,0.0000,0.0059,0,ACTIVE,1,5,4
4186,9979,5:39:00,0,0.00,0,0.0200,0.0049,0.0000,0.0059,0,ACTIVE,1,5,4
4186,9980,5:39:30,0,0.00,0,0.0200,0.0049,0.0000,0.0059,0,ACTIVE,1,5,4
4186,9981,5:40:00,0,0.00,0,0.0200,0.0049,0.0000,0.0059,0,ACTIVE,1,5,4
4186,9982,5:40:30,0,0.00,0,0.0200,0.0049,0.0000,0.0059,0,ACTIVE,1,5,4
4186,9983,5:41:00,0,0.00,0,0.0200,0.0049,0.0000,0.0059,0,ACTIVE,1,5,4
4186,9984,5:41:30,0,0.00,0,0.1700,0.0042,0.0173,0.0059,0,ACTIVE,1,5,4
4186,9985,5:42:00,0,173.00,0,0.0100,0.0049,0.0000,0.0000,1,ACTIVE,1,5,4
4186,9986,5:42:30,0,0.00,0,0.0200,0.0049,0.0000,0.0059,1,ACTIVE,1,5,4
4186,9987,5:43:00,0,0.00,0,0.0200,0.0049,0.0000,0.0059,1,ACTIVE,1,5,4
4186,9988,5:43:30,0,40.00,0,0.0100,0.0049,0.0000,0.0000,1,ACTIVE,1,5,4
4186,9989,5:44:00,0,0.00,0,0.1800,0.0085,0.0173,0.0059,0,ACTIVE,1,5,4
4186,9990,5:44:30,0,10.00,0,0.0200,0.0049,0.0000,0.0059,0,ACTIVE,1,5,4
4186,9991,5:45:00,0,0.00,0,0.0200,0.0049,0.0000,0.0059,0,ACTIVE,1,5,4
4186,9992,5:45:30,0,8.00,0,0.0200,0.0049,0.0000,0.0059,0,ACTIVE,1,5,4
4186,9993,5:46:00,0,0.00,0,0.0200,0.0049,0.0000,0.0059,0,ACTIVE,1,5,4
4186,9994,5:46:30,0,0.00,0,0.0200,0.0049,0.0000,0.0059,0,ACTIVE,1,5,4
4186,9995,5:47:00,0,0.00,0,0.0200,0.0049,0.0000,0.0059,0,ACTIVE,1,5,4
4186,9996,5:47:30,0,9.00,0,0.0200,0.0049,0.0000,0.0059,0,ACTIVE,1,5,4
4186,9997,5:48:00,0,16.00,0,0.0200,0.0049,0.0000,0.0059,0,ACTIVE,1,5,4
4186,9998,5:48:30,0,0.00,0,0.0200,0.0049,0.0000,0.0059,0,ACTIVE,1,5,4
4186,9999,5:49:00,0,0.00,0,0.0200,0.0049,0.0000,0.0059,0,ACTIVE,1,5,4
4186,10000,5:49:30,0,0.00,0,0.0200,0.0049,0.0000,0.0059,0,ACTIVE,1,5,4
4186,10001,5:50:00,0,2.00,0,0.0200,0.0049,0.0000,0.0059,0,ACTIVE,1,5,4
4186,10002,5:50:30,0,1.00,0,0.0200,0.0049,0.0000,0.0059,0,ACTIVE,1,5,4
4186,10003,5:51:00,0,0.00,0,0.0200,0.0049,0.0000,0.0059,0,ACTIVE,1,5,4
4186,10004,5:51:30,0,4.00,0,0.0200,0.0049,0.0000,0.0059,0,ACTIVE,1,5,4
4186,10005,5:52:00,0,0.00,0,0.0200,0.0049,0.0000,0.0059,0,ACTIVE,1,5,4
4186,10006,5:52:30,0,16.00,0,0.0200,0.0049,0.0000,0.0059,0,ACTIVE,1,5,4
4186,10007,5:53:00,0,0.00,0,0.0200,0.0049,0.0000,0.0059,0,ACTIVE,1,5,4
4186,10008,5:53:30,0,0.00,0,0.0200,0.0049,0.0000,0.0059,0,ACTIVE,1,5,4
4186,10009,5:54:00,0,0.00,0,0.0200,0.0049,0.0000,0.0059,0,ACTIVE,1,5,4
4186,10010,5:54:30,0,10.00,0,0.0200,0.0049,0.0000,0.0059,0,ACTIVE,1,5,4
4186,10011,5:55:00,0,0.00,0,0.0200,0.0049,0.0000,0.0059,0,ACTIVE,1,5,4
4186,10012,5:55:30,0,0.00,0,0.0200,0.0049,0.0000,0.0059,0,ACTIVE,1,5,4
4186,10013,5:56:00,0,0.00,0,0.0200,0.0049,0.0000,0.0059,0,ACTIVE,1,5,4
4186,10014,5:56:30,0,35.00,0,0.0200,0.0049,0.0000,0.0059,1,ACTIVE,1,5,4
4186,10015,5:57:00,0,0.00,0,0.0200,0.0049,0.0000,0.0059,0,ACTIVE,1,5,4
4186,10016,5:57:30,0,0.00,0,0.0200,0.0049,0.0000,0.0059,0,ACTIVE,1,5,4
4186,10017,5:58:00,0,0.00,0,0.0200,0.0049,0.0000,0.0059,0,ACTIVE,1,5,4
4186,10018,5:58:30,0,145.00,0,0.0200,0.0049,0.0000,0.0059,1,ACTIVE,1,5,4
4186,10019,5:59:00,0,12.00,0,0.0200,0.0049,0.0000,0.0059,1,REST-S,1,5,4
4186,10020,5:59:30,0,0.00,0,0.0200,0.0049,0.0000,0.0059,0,REST-S,1,5,4
4186,10021,6:00:00,0,0.00,0,0.0200,0.0049,0.0000,0.0059,0,REST-S,1,5,4
4186,10022,6:00:30,0,0.00,0,0.0200,0.0049,0.0000,0.0059,0,REST-S,1,5,4
4186,10023,6:01:00,0,0.00,0,0.0200,0.0049,0.0000,0.0059,0,REST-S,1,5,4
4186,10024,6:01:30,0,0.00,0,0.0200,0.0049,0.0000,0.0059,0,REST-S,1,5,4
4186,10025,6:02:00,0,0.00,0,0.0200,0.0049,0.0000,0.0059,0,REST-S,1,5,4
4186,10026,6:02:30,0,1.00,0,0.0200,0.0049,0.0000,0.0059,0,REST-S,1,5,4
4186,10027,6:03:00,0,0.00,0,0.0200,0.0049,0.0000,0.0059,0,REST-S,1,5,4
4186,10028,6:03:30,0,0.00,0,0.0200,0.0049,0.0000,0.0059,0,REST-S,1,5,4
4186,10029,6:04:00,0,0.00,0,0.0200,0.0049,0.0000,0.0059,0,REST-S,1,5,4
4186,10030,6:04:30,0,0.00,0,0.0200,0.0049,0.0000,0.0059,0,REST-S,1,5,4
4186,10031,6:05:00,0,0.00,0,0.0200,0.0049,0.0000,0.0059,0,REST-S,1,5,4
4186,10032,6:05:30,0,0.00,0,0.0200,0.0049,0.0000,0.0059,0,REST-S,1,5,4
4186,10033,6:06:00,0,1.00,0,0.0200,0.0049,0.0000,0.0059,0,REST-S,1,5,4
4186,10034,6:06:30,0,0.00,0,0.0200,0.0049,0.0000,0.0059,0,REST-S,1,5,4
4186,10035,6:07:00,0,0.00,0,0.0200,0.0049,0.0000,0.0059,0,REST-S,1,5,4
4186,10036,6:07:30,0,0.00,0,0.0200,0.0049,0.0000,0.0059,0,REST-S,1,5,4
4186,10037,6:08:00,0,0.00,0,0.0200,0.0049,0.0000,0.0059,0,REST-S,1,5,4
4186,10038,6:08:30,0,0.00,0,0.0200,0.0049,0.0000,0.0059,0,REST-S,1,5,4
4186,10039,6:09:00,0,0.00,0,0.0200,0.0049,0.0000,0.0059,0,REST-S,1,5,4
4186,10040,6:09:30,0,0.00,0,0.0200,0.0049,0.0000,0.0059,0,REST-S,1,5,4
4186,10041,6:10:00,0,0.00,0,0.0200,0.0049,0.0000,0.0059,0,REST-S,1,5,4
4186,10042,6:10:30,0,0.00,0,0.0200,0.0049,0.0000,0.0059,0,REST-S,1,5,4
4186,10043,6:11:00,0,45.00,0,0.0200,0.0049,0.0000,0.0059,1,REST-S,1,5,4
4186,10044,6:11:30,0,0.00,0,0.0200,0.0049,0.0000,0.0059,0,REST-S,1,5,4
4186,10045,6:12:00,0,0.00,0,0.0200,0.0049,0.0000,0.0059,0,REST-S,1,5,4
4186,10046,6:12:30,0,0.00,0,0.0200,0.0049,0.0000,0.0059,0,REST-S,1,5,4
4186,10047,6:13:00,0,0.00,0,0.0200,0.0049,0.0000,0.0059,0,REST-S,1,5,4
4186,10048,6:13:30,0,0.00,0,0.0200,0.0049,0.0000,0.0059,0,REST-S,1,5,4
4186,10049,6:14:00,0,0.00,0,0.0200,0.0049,0.0000,0.0059,0,REST-S,1,5,4
4186,10050,6:14:30,0,0.00,0,0.0200,0.0049,0.0000,0.0059,0,REST-S,1,5,4
4186,10051,6:15:00,0,0.00,0,0.0200,0.0049,0.0000,0.0059,0,REST-S,1,5,4
4186,10052,6:15:30,0,0.00,0,0.0200,0.0049,0.0000,0.0059,0,REST-S,1,5,4
4186,10053,6:16:00,0,0.00,0,0.0200,0.0049,0.0000,0.0059,0,REST-S,1,5,4
4186,10054,6:16:30,0,0.00,0,0.0200,0.0049,0.0000,0.0059,0,REST-S,1,5,4
4186,10055,6:17:00,0,0.00,0,0.0200,0.0049,0.0000,0.0059,0,REST-S,1,5,4
4186,10056,6:17:30,0,0.00,0,0.0200,0.0049,0.0000,0.0059,0,REST-S,1,5,4
4186,10057,6:18:00,0,0.00,0,0.0200,0.0049,0.0000,0.0059,0,REST-S,1,5,4
4186,10058,6:18:30,0,0.00,0,0.0200,0.0049,0.0000,0.0059,0,REST-S,1,5,4
4186,10059,6:19:00,0,0.00,0,0.0200,0.0049,0.0000,0.0059,0,REST-S,1,5,4
4186,10060,6:19:30,0,26.00,0,0.0200,0.0049,0.0000,0.0059,1,REST-S,1,5,4
4186,10061,6:20:00,0,0.00,0,0.0200,0.0049,0.0000,0.0059,0,REST-S,1,5,4
4186,10062,6:20:30,0,0.00,0,0.0200,0.0049,0.0000,0.0059,0,REST-S,1,5,4
4186,10063,6:21:00,0,0.00,0,0.0200,0.0049,0.0000,0.0059,0,REST-S,1,5,4
4186,10064,6:21:30,0,0.00,0,0.0200,0.0049,0.0000,0.0059,0,REST-S,1,5,4
4186,10065,6:22:00,0,0.00,0,0.0200,0.0049,0.0000,0.0059,0,REST-S,1,5,4
4186,10066,6:22:30,0,0.00,0,0.0200,0.0049,0.0000,0.0059,0,REST-S,1,5,4
4186,10067,6:23:00,0,0.00,0,0.0200,0.0049,0.0000,0.0059,0,REST-S,1,5,4
4186,10068,6:23:30,0,22.00,0,0.0200,0.0049,0.0000,0.0059,1,REST-S,1,5,4
4186,10069,6:24:00,0,1.00,0,0.0200,0.0049,0.0000,0.0059,0,REST-S,1,5,4
4186,10070,6:24:30,0,0.00,0,0.0200,0.0049,0.0000,0.0059,0,REST-S,1,5,4
4186,10071,6:25:00,0,0.00,0,0.0200,0.0049,0.0000,0.0059,0,REST-S,1,5,4
4186,10072,6:25:30,0,0.00,0,0.0200,0.0049,0.0000,0.0059,0,REST-S,1,5,4
4186,10073,6:26:00,0,0.00,0,0.0200,0.0049,0.0000,0.0059,0,REST-S,1,5,4
4186,10074,6:26:30,0,0.00,0,0.0200,0.0049,0.0000,0.0059,0,REST-S,1,5,4
4186,10075,6:27:00,0,0.00,0,0.0200,0.0049,0.0000,0.0059,0,REST-S,1,5,4
4186,10076,6:27:30,0,0.00,0,0.0200,0.0049,0.0000,0.0059,0,REST-S,1,5,4
4186,10077,6:28:00,0,0.00,0,0.0200,0.0049,0.0000,0.0059,0,REST-S,1,5,4
4186,10078,6:28:30,0,0.00,0,0.0200,0.0049,0.0000,0.0059,0,REST-S,1,5,4
4186,10079,6:29:00,0,1.00,0,0.0200,0.0049,0.0000,0.0059,0,REST-S,1,5,4
4186,10080,6:29:30,0,0.00,0,0.0200,0.0049,0.0000,0.0059,0,REST-S,1,5,4
4186,10081,6:30:00,0,0.00,0,0.0200,0.0049,0.0000,0.0059,0,REST-S,1,5,4
4186,10082,6:30:30,0,1.00,0,0.0200,0.0049,0.0000,0.0059,0,REST-S,1,5,4
4186,10083,6:31:00,0,0.00,0,0.0200,0.0049,0.0000,0.0059,0,REST-S,1,5,4
4186,10084,6:31:30,0,0.00,0,0.0200,0.0049,0.0000,0.0059,0,REST-S,1,5,4
4186,10085,6:32:00,0,0.00,0,0.0200,0.0049,0.0000,0.0059,0,REST-S,1,5,4
4186,10086,6:32:30,0,0.00,0,0.0200,0.0049,0.0000,0.0059,0,REST-S,1,5,4
4186,10087,6:33:00,0,0.00,0,0.0200,0.0049,0.0000,0.0059,0,REST-S,1,5,4
4186,10088,6:33:30,0,0.00,0,0.0200,0.0049,0.0000,0.0059,0,REST-S,1,5,4
4186,10089,6:34:00,0,0.00,0,0.0200,0.0049,0.0000,0.0059,0,REST-S,1,5,4
4186,10090,6:34:30,0,36.00,0,0.0200,0.0049,0.0000,0.0059,1,REST-S,1,5,4
4186,10091,6:35:00,0,13.00,0,0.0200,0.0049,0.0000,0.0059,0,REST-S,1,5,4
4186,10092,6:35:30,0,0.00,0,0.0200,0.0049,0.0000,0.0059,0,REST-S,1,5,4
4186,10093,6:36:00,0,0.00,0,0.0200,0.0049,0.0000,0.0059,0,REST-S,1,5,4
4186,10094,6:36:30,0,0.00,0,0.0200,0.0049,0.0000,0.0059,0,REST-S,1,5,4
4186,10095,6:37:00,0,1.00,0,0.0200,0.0049,0.0000,0.0059,0,REST-S,1,5,4
4186,10096,6:37:30,0,0.00,0,0.0200,0.0049,0.0000,0.0059,0,REST-S,1,5,4
4186,10097,6:38:00,0,0.00,0,0.0200,0.0049,0.0000,0.0059,0,REST-S,1,5,4
4186,10098,6:38:30,0,0.00,0,0.0200,0.0049,0.0000,0.0059,0,REST-S,1,5,4
4186,10099,6:39:00,0,0.00,0,0.0200,0.0049,0.0000,0.0059,0,REST-S,1,5,4
4186,10100,6:39:30,0,0.00,0,0.0200,0.0049,0.0000,0.0059,0,REST-S,1,5,4
4186,10101,6:40:00,0,0.00,0,0.0200,0.0049,0.0000,0.0059,0,REST-S,1,5,4
4186,10102,6:40:30,0,0.00,0,0.0200,0.0049,0.0000,0.0059,0,REST-S,1,5,4
4186,10103,6:41:00,0,0.00,0,0.0200,0.0049,0.0000,0.0059,0,REST-S,1,5,4
4186,10104,6:41:30,0,0.00,0,0.0200,0.0049,0.0000,0.0059,0,REST-S,1,5,4
4186,10105,6:42:00,0,0.00,0,0.0200,0.0049,0.0000,0.0059,0,REST-S,1,5,4
4186,10106,6:42:30,0,0.00,0,0.0200,0.0049,0.0000,0.0059,0,REST-S,1,5,4
4186,10107,6:43:00,0,0.00,0,0.0200,0.0049,0.0000,0.0059,0,REST-S,1,5,4
4186,10108,6:43:30,0,30.00,0,0.0200,0.0049,0.0000,0.0059,1,REST-S,1,5,4
4186,10109,6:44:00,0,0.00,0,0.0200,0.0049,0.0000,0.0059,0,REST-S,1,5,4
4186,10110,6:44:30,0,0.00,0,0.0200,0.0049,0.0000,0.0059,0,REST-S,1,5,4
4186,10111,6:45:00,0,0.00,0,0.0200,0.0049,0.0000,0.0059,0,REST-S,1,5,4
4186,10112,6:45:30,0,0.00,0,0.0200,0.0049,0.0000,0.0059,0,REST-S,1,5,4
4186,10113,6:46:00,0,0.00,0,0.0200,0.0049,0.0000,0.0059,0,REST-S,1,5,4
4186,10114,6:46:30,0,0.00,0,0.0200,0.0049,0.0000,0.0059,0,REST-S,1,5,4
4186,10115,6:47:00,0,54.00,0,0.0200,0.0049,0.0000,0.0059,1,REST-S,1,5,4
4186,10116,6:47:30,0,8.00,0,0.0200,0.0049,0.0000,0.0059,0,REST-S,1,5,4
4186,10117,6:48:00,0,0.00,0,0.0200,0.0049,0.0000,0.0059,0,REST-S,1,5,4
4186,10118,6:48:30,0,0.00,0,0.0200,0.0049,0.0000,0.0059,0,REST-S,1,5,4
4186,10119,6:49:00,0,0.00,0,0.0200,0.0049,0.0000,0.0059,0,REST-S,1,5,4
4186,10120,6:49:30,0,0.00,0,0.1700,0.0042,0.0173,0.0059,0,REST-S,1,5,4
4186,10121,6:50:00,0,0.00,0,0.0200,0.0049,0.0000,0.0059,0,REST-S,1,5,4
4186,10122,6:50:30,0,0.00,0,0.0200,0.0049,0.0000,0.0059,0,REST-S,1,5,4
4186,10123,6:51:00,0,0.00,0,0.0200,0.0049,0.0000,0.0059,0,REST-S,1,5,4
4186,10124,6:51:30,0,0.00,0,0.1700,0.0042,0.0173,0.0059,0,REST-S,1,5,4
4186,10125,6:52:00,0,6.00,0,0.0200,0.0049,0.0000,0.0059,0,REST-S,1,5,4
4186,10126,6:52:30,0,0.00,0,0.1700,0.0042,0.0173,0.0059,0,REST-S,1,5,4
4186,10127,6:53:00,0,1.00,0,0.0200,0.0049,0.0000,0.0059,0,REST-S,1,5,4
4186,10128,6:53:30,0,0.00,0,0.0200,0.0049,0.0000,0.0059,0,REST-S,1,5,4
4186,10129,6:54:00,0,0.00,0,0.0200,0.0049,0.0000,0.0059,0,REST-S,1,5,4
4186,10130,6:54:30,0,0.00,0,0.0200,0.0049,0.0000,0.0059,0,REST-S,1,5,4
4186,10131,6:55:00,0,0.00,0,0.0200,0.0049,0.0000,0.0059,0,REST-S,1,5,4
4186,10132,6:55:30,0,0.00,0,0.0200,0.0049,0.0000,0.0059,0,REST-S,1,5,4
4186,10133,6:56:00,0,85.00,0,0.0200,0.0049,0.0000,0.0059,1,REST-S,1,5,4
4186,10134,6:56:30,0,0.00,0,0.0300,0.0099,0.0000,0.0059,0,REST-S,1,5,4
4186,10135,6:57:00,0,0.00,0,0.1800,0.0085,0.0173,0.0059,0,REST-S,1,5,4
4186,10136,6:57:30,0,0.00,0,0.0300,0.0099,0.0000,0.0059,0,REST-S,1,5,4
4186,10137,6:58:00,0,0.00,0,0.0300,0.0099,0.0000,0.0059,0,REST-S,1,5,4
4186,10138,6:58:30,0,0.00,0,0.0300,0.0099,0.0000,0.0059,0,REST-S,1,5,4
4186,10139,6:59:00,0,0.00,0,0.0300,0.0099,0.0000,0.0059,0,REST-S,1,5,4
4186,10140,6:59:30,0,0.00,0,0.0300,0.0099,0.0000,0.0059,0,REST-S,1,5,4
4186,10141,7:00:00,0,0.00,0,0.0300,0.0099,0.0000,0.0059,0,REST-S,1,5,4
4186,10142,7:00:30,0,0.00,0,0.0300,0.0099,0.0000,0.0059,0,REST-S,1,5,4
4186,10143,7:01:00,0,1.00,0,0.0300,0.0099,0.0000,0.0059,0,REST-S,1,5,4
4186,10144,7:01:30,0,0.00,0,0.0300,0.0099,0.0000,0.0059,0,REST-S,1,5,4
4186,10145,7:02:00,0,0.00,0,0.0300,0.0099,0.0000,0.0059,0,REST-S,1,5,4
4186,10146,7:02:30,0,0.00,0,0.0300,0.0099,0.0000,0.0059,0,REST-S,1,5,4
4186,10147,7:03:00,0,0.00,0,0.0300,0.0099,0.0000,0.0059,0,REST-S,1,5,4
4186,10148,7:03:30,0,0.00,0,0.0300,0.0099,0.0000,0.0059,0,REST-S,1,5,4
4186,10149,7:04:00,0,0.00,0,0.0300,0.0099,0.0000,0.0059,0,REST-S,1,5,4
4186,10150,7:04:30,0,0.00,0,0.0300,0.0099,0.0000,0.0059,0,REST-S,1,5,4
4186,10151,7:05:00,0,0.00,0,0.0300,0.0099,0.0000,0.0059,0,REST-S,1,5,4
4186,10152,7:05:30,0,0.00,0,0.0300,0.0099,0.0000,0.0059,0,REST-S,1,5,4
4186,10153,7:06:00,0,0.00,0,0.0300,0.0099,0.0000,0.0059,0,REST-S,1,5,4
4186,10154,7:06:30,0,0.00,0,0.0300,0.0099,0.0000,0.0059,0,REST-S,1,5,4
4186,10155,7:07:00,0,0.00,0,0.0300,0.0099,0.0000,0.0059,0,REST-S,1,5,4
4186,10156,7:07:30,0,0.00,0,0.0300,0.0099,0.0000,0.0059,0,REST-S,1,5,4
4186,10157,7:08:00,0,0.00,0,0.0300,0.0099,0.0000,0.0059,0,REST-S,1,5,4
4186,10158,7:08:30,0,0.00,0,0.0300,0.0099,0.0000,0.0059,0,REST-S,1,5,4
4186,10159,7:09:00,0,0.00,0,0.0300,0.0099,0.0000,0.0059,0,REST-S,1,5,4
4186,10160,7:09:30,0,79.00,0,0.0200,0.0049,0.0000,0.0059,1,ACTIVE,1,5,4
4186,10161,7:10:00,0,0.00,0,0.0200,0.0049,0.0000,0.0059,0,ACTIVE,1,5,4
4186,10162,7:10:30,0,0.00,0,0.0200,0.0049,0.0000,0.0059,0,ACTIVE,1,5,4
4186,10163,7:11:00,0,0.00,0,0.0200,0.0049,0.0000,0.0059,0,ACTIVE,1,5,4
4186,10164,7:11:30,0,0.00,0,0.0200,0.0049,0.0000,0.0059,0,ACTIVE,1,5,4
4186,10165,7:12:00,0,0.00,0,0.0200,0.0049,0.0000,0.0059,0,ACTIVE,1,5,4
4186,10166,7:12:30,0,0.00,0,0.0200,0.0049,0.0000,0.0059,0,ACTIVE,1,5,4
4186,10167,7:13:00,0,0.00,0,0.0200,0.0049,0.0000,0.0059,0,ACTIVE,1,5,4
4186,10168,7:13:30,0,0.00,0,0.0200,0.0049,0.0000,0.0059,0,ACTIVE,1,5,4
4186,10169,7:14:00,0,1.00,0,0.0200,0.0049,0.0000,0.0059,0,ACTIVE,1,5,4
4186,10170,7:14:30,0,92.00,0,0.0100,0.0049,0.0000,0.0000,1,ACTIVE,1,5,4
4186,10171,7:15:00,0,0.00,0,0.0200,0.0049,0.0000,0.0059,0,ACTIVE,1,5,4
4186,10172,7:15:30,0,0.00,0,0.0200,0.0049,0.0000,0.0059,0,ACTIVE,1,5,4
4186,10173,7:16:00,0,10.00,0,0.0200,0.0049,0.0000,0.0059,0,ACTIVE,1,5,4
4186,10174,7:16:30,0,8.00,0,0.0200,0.0049,0.0000,0.0059,0,ACTIVE,1,5,4
4186,10175,7:17:00,0,43.00,0,0.0200,0.0049,0.0000,0.0059,1,ACTIVE,1,5,4
4186,10176,7:17:30,0,7.00,0,0.0200,0.0049,0.0000,0.0059,0,ACTIVE,1,5,4
4186,10177,7:18:00,0,0.00,0,0.0300,0.0099,0.0000,0.0059,0,ACTIVE,1,5,4
4186,10178,7:18:30,0,1.00,0,0.0200,0.0049,0.0000,0.0059,0,ACTIVE,1,5,4
4186,10179,7:19:00,0,6.00,0,0.0200,0.0049,0.0000,0.0059,0,ACTIVE,1,5,4
4186,10180,7:19:30,0,0.00,0,0.0300,0.0099,0.0000,0.0059,0,ACTIVE,1,5,4
4186,10181,7:20:00,0,0.00,0,0.0200,0.0049,0.0000,0.0059,0,ACTIVE,1,5,4
4186,10182,7:20:30,0,0.00,0,0.0300,0.0099,0.0000,0.0059,0,ACTIVE,1,5,4
4186,10183,7:21:00,0,0.00,0,0.0300,0.0099,0.0000,0.0059,0,ACTIVE,1,5,4
4186,10184,7:21:30,0,0.00,0,0.0300,0.0099,0.0000,0.0059,0,ACTIVE,1,5,4
4186,10185,7:22:00,0,61.00,0,0.0200,0.0049,0.0000,0.0059,1,ACTIVE,1,5,4
4186,10186,7:22:30,0,0.00,0,0.0200,0.0049,0.0000,0.0059,0,ACTIVE,1,5,4
4186,10187,7:23:00,0,0.00,0,0.0200,0.0049,0.0000,0.0059,0,ACTIVE,1,5,4
4186,10188,7:23:30,0,0.00,0,0.0200,0.0049,0.0000,0.0059,0,ACTIVE,1,5,4
4186,10189,7:24:00,0,0.00,0,0.0200,0.0049,0.0000,0.0059,0,ACTIVE,1,5,4
4186,10190,7:24:30,0,0.00,0,0.0200,0.0049,0.0000,0.0059,0,ACTIVE,1,5,4
4186,10191,7:25:00,0,0.00,0,0.0200,0.0049,0.0000,0.0059,0,ACTIVE,1,5,4
4186,10192,7:25:30,0,85.00,0,0.0300,0.0099,0.0000,0.0059,1,REST,1,5,4
4186,10193,7:26:00,0,0.00,0,0.0300,0.0099,0.0000,0.0059,0,REST-S,1,5,4
4186,10194,7:26:30,0,3.00,0,0.0300,0.0099,0.0000,0.0059,0,REST-S,1,5,4
4186,10195,7:27:00,0,0.00,0,0.0300,0.0099,0.0000,0.0059,0,REST-S,1,5,4
4186,10196,7:27:30,0,0.00,0,0.0300,0.0099,0.0000,0.0059,0,REST-S,1,5,4
4186,10197,7:28:00,0,0.00,0,0.0300,0.0099,0.0000,0.0059,0,REST-S,1,5,4
4186,10198,7:28:30,0,0.00,0,0.0300,0.0099,0.0000,0.0059,0,REST-S,1,5,4
4186,10199,7:29:00,0,0.00,0,0.0300,0.0099,0.0000,0.0059,0,REST-S,1,5,4
4186,10200,7:29:30,0,0.00,0,0.0300,0.0099,0.0000,0.0059,0,REST-S,1,5,4
4186,10201,7:30:00,0,0.00,0,0.0300,0.0099,0.0000,0.0059,0,REST-S,1,5,4
4186,10202,7:30:30,0,0.00,0,0.0300,0.0099,0.0000,0.0059,0,REST-S,1,5,4
4186,10203,7:31:00,0,0.00,0,0.0300,0.0099,0.0000,0.0059,0,REST-S,1,5,4
4186,10204,7:31:30,0,0.00,0,0.1800,0.0085,0.0173,0.0059,0,REST-S,1,5,4
4186,10205,7:32:00,0,0.00,0,0.0300,0.0099,0.0000,0.0059,0,REST-S,1,5,4
4186,10206,7:32:30,0,0.00,0,0.0300,0.0099,0.0000,0.0059,0,REST-S,1,5,4
4186,10207,7:33:00,0,0.00,0,0.0300,0.0099,0.0000,0.0059,0,REST-S,1,5,4
4186,10208,7:33:30,0,0.00,0,0.0300,0.0099,0.0000,0.0059,0,REST-S,1,5,4
4186,10209,7:34:00,0,0.00,0,0.0300,0.0099,0.0000,0.0059,0,REST-S,1,5,4
4186,10210,7:34:30,0,0.00,0,0.1800,0.0085,0.0173,0.0059,0,REST-S,1,5,4
4186,10211,7:35:00,0,0.00,0,0.0300,0.0099,0.0000,0.0059,0,REST-S,1,5,4
4186,10212,7:35:30,0,0.00,0,0.0300,0.0099,0.0000,0.0059,0,REST-S,1,5,4
4186,10213,7:36:00,0,0.00,0,0.0300,0.0099,0.0000,0.0059,0,REST-S,1,5,4
4186,10214,7:36:30,0,0.00,0,0.1800,0.0085,0.0173,0.0059,0,REST-S,1,5,4
4186,10215,7:37:00,0,0.00,0,0.0300,0.0099,0.0000,0.0059,0,REST-S,1,5,4
4186,10216,7:37:30,0,0.00,0,0.0300,0.0099,0.0000,0.0059,0,REST-S,1,5,4
4186,10217,7:38:00,0,0.00,0,0.0300,0.0099,0.0000,0.0059,0,REST-S,1,5,4
4186,10218,7:38:30,0,0.00,0,0.0300,0.0099,0.0000,0.0059,0,REST-S,1,5,4
4186,10219,7:39:00,0,0.00,0,0.0300,0.0099,0.0000,0.0059,0,REST-S,1,5,4
4186,10220,7:39:30,0,0.00,0,0.1800,0.0085,0.0173,0.0059,0,REST-S,1,5,4
4186,10221,7:40:00,0,17.00,0,0.0300,0.0099,0.0000,0.0059,0,REST-S,1,5,4
4186,10222,7:40:30,0,0.00,0,0.0300,0.0099,0.0000,0.0059,0,REST-S,1,5,4
4186,10223,7:41:00,0,0.00,0,0.0300,0.0099,0.0000,0.0059,0,REST-S,1,5,4
4186,10224,7:41:30,0,0.00,0,0.0300,0.0099,0.0000,0.0059,0,REST-S,1,5,4
4186,10225,7:42:00,0,0.00,0,0.0300,0.0099,0.0000,0.0059,0,REST-S,1,5,4
4186,10226,7:42:30,0,0.00,0,0.1800,0.0085,0.0173,0.0059,0,REST-S,1,5,4
4186,10227,7:43:00,0,0.00,0,0.0300,0.0099,0.0000,0.0059,0,REST-S,1,5,4
4186,10228,7:43:30,0,0.00,0,0.0300,0.0099,0.0000,0.0059,0,REST-S,1,5,4
4186,10229,7:44:00,0,0.00,0,0.0300,0.0099,0.0000,0.0059,0,REST-S,1,5,4
4186,10230,7:44:30,0,0.00,0,0.0300,0.0099,0.0000,0.0059,0,REST-S,1,5,4
4186,10231,7:45:00,0,0.00,0,0.0300,0.0099,0.0000,0.0059,0,REST-S,1,5,4
4186,10232,7:45:30,0,0.00,0,0.0300,0.0099,0.0000,0.0059,0,REST-S,1,5,4
4186,10233,7:46:00,0,0.00,0,0.0300,0.0099,0.0000,0.0059,0,REST-S,1,5,4
4186,10234,7:46:30,0,0.00,0,0.0300,0.0099,0.0000,0.0059,0,REST-S,1,5,4
4186,10235,7:47:00,0,0.00,0,0.0300,0.0099,0.0000,0.0059,0,REST-S,1,5,4
4186,10236,7:47:30,0,0.00,0,0.0300,0.0099,0.0000,0.0059,0,REST-S,1,5,4
4186,10237,7:48:00,0,0.00,0,0.0300,0.0099,0.0000,0.0059,0,REST-S,1,5,4
4186,10238,7:48:30,0,0.00,0,0.0300,0.0099,0.0000,0.0059,0,REST-S,1,5,4
4186,10239,7:49:00,0,0.00,0,0.0300,0.0099,0.0000,0.0059,0,REST-S,1,5,4
4186,10240,7:49:30,0,0.00,0,0.0300,0.0099,0.0000,0.0059,0,REST-S,1,5,4
4186,10241,7:50:00,0,0.00,0,0.0300,0.0099,0.0000,0.0059,0,REST-S,1,5,4
4186,10242,7:50:30,0,0.00,0,0.0300,0.0099,0.0000,0.0059,0,REST-S,1,5,4
4186,10243,7:51:00,0,0.00,0,0.1800,0.0085,0.0173,0.0059,0,REST-S,1,5,4
4186,10244,7:51:30,0,0.00,0,0.0300,0.0099,0.0000,0.0059,0,REST-S,1,5,4
4186,10245,7:52:00,0,0.00,0,0.0300,0.0099,0.0000,0.0059,0,REST-S,1,5,4
4186,10246,7:52:30,0,92.00,0,0.0300,0.0099,0.0000,0.0059,1,REST-S,1,5,4
4186,10247,7:53:00,0,0.00,0,0.1800,0.0085,0.0173,0.0059,0,REST-S,1,5,4
4186,10248,7:53:30,0,0.00,0,0.0300,0.0099,0.0000,0.0059,0,REST-S,1,5,4
4186,10249,7:54:00,0,0.00,0,0.0300,0.0099,0.0000,0.0059,0,REST-S,1,5,4
4186,10250,7:54:30,0,0.00,0,0.0300,0.0099,0.0000,0.0059,0,REST-S,1,5,4
4186,10251,7:55:00,0,0.00,0,0.0300,0.0099,0.0000,0.0059,0,REST-S,1,5,4
4186,10252,7:55:30,0,0.00,0,0.0300,0.0099,0.0000,0.0059,0,REST-S,1,5,4
4186,10253,7:56:00,0,1.00,0,0.1800,0.0085,0.0173,0.0059,0,REST-S,1,5,4
4186,10254,7:56:30,0,0.00,0,0.0300,0.0099,0.0000,0.0059,0,REST-S,1,5,4
4186,10255,7:57:00,0,1.00,0,0.0300,0.0099,0.0000,0.0059,0,REST-S,1,5,4
4186,10256,7:57:30,0,0.00,0,0.0300,0.0099,0.0000,0.0059,0,REST-S,1,5,4
4186,10257,7:58:00,0,0.00,0,0.1800,0.0085,0.0173,0.0059,0,REST-S,1,5,4
4186,10258,7:58:30,0,0.00,0,0.0300,0.0099,0.0000,0.0059,0,REST-S,1,5,4
4186,10259,7:59:00,0,0.00,0,0.0300,0.0099,0.0000,0.0059,0,REST-S,1,5,4
4186,10260,7:59:30,0,0.00,0,0.0300,0.0099,0.0000,0.0059,0,REST-S,1,5,4
4186,10261,8:00:00,0,0.00,0,0.0300,0.0099,0.0000,0.0059,0,REST-S,1,5,4
4186,10262,8:00:30,0,0.00,0,0.0300,0.0099,0.0000,0.0059,0,REST-S,1,5,4
4186,10263,8:01:00,0,0.00,0,0.1800,0.0085,0.0173,0.0059,0,REST-S,1,5,4
4186,10264,8:01:30,0,0.00,0,0.1800,0.0085,0.0173,0.0059,0,REST-S,1,5,4
4186,10265,8:02:00,0,0.00,0,0.1800,0.0085,0.0173,0.0059,0,REST-S,1,5,4
4186,10266,8:02:30,0,113.00,0,0.2000,0.0170,0.0173,0.0059,1,REST-S,1,5,4
4186,10267,8:03:00,0,13.00,0,0.2100,0.0215,0.0173,0.0059,1,REST-S,1,5,4
4186,10268,8:03:30,0,1.00,0,0.2200,0.0298,0.0173,0.0059,0,REST-S,1,5,4
4186,10269,8:04:00,0,0.00,0,0.2300,0.0339,0.0173,0.0059,0,REST-S,1,5,4
4186,10270,8:04:30,0,0.00,0,0.2300,0.0339,0.0173,0.0059,0,REST-S,1,5,4
4186,10271,8:05:00,0,0.00,0,0.2300,0.0339,0.0173,0.0059,0,REST-S,1,5,4
4186,10272,8:05:30,0,0.00,0,0.2200,0.0298,0.0173,0.0059,0,REST-S,1,5,4
4186,10273,8:06:00,0,0.00,0,0.2300,0.0339,0.0173,0.0059,0,REST-S,1,5,4
4186,10274,8:06:30,0,0.00,0,0.2500,0.0431,0.0173,0.0059,0,REST-S,1,5,4
4186,10275,8:07:00,0,0.00,0,0.2500,0.0431,0.0173,0.0059,0,REST-S,1,5,4
4186,10276,8:07:30,0,1.00,0,0.2600,0.0470,0.0173,0.0059,0,REST-S,1,5,4
4186,10277,8:08:00,0,1.00,0,0.2600,0.0470,0.0173,0.0059,1,REST-S,1,5,4
4186,10278,8:08:30,0,95.00,0,0.2600,0.0470,0.0173,0.0059,1,REST-S,1,5,4
4186,10279,8:09:00,0,140.00,0,0.0300,0.0099,0.0000,0.0059,1,REST-S,1,5,4
4186,10280,8:09:30,0,0.00,0,0.0200,0.0049,0.0000,0.0059,1,REST-S,1,5,4
4186,10281,8:10:00,0,0.00,0,0.0200,0.0049,0.0000,0.0059,0,REST-S,1,5,4
4186,10282,8:10:30,0,0.00,0,0.0200,0.0049,0.0000,0.0059,0,REST-S,1,5,4
4186,10283,8:11:00,0,0.00,0,0.0200,0.0049,0.0000,0.0059,0,REST-S,1,5,4
4186,10284,8:11:30,0,0.00,0,0.0200,0.0049,0.0000,0.0059,0,REST-S,1,5,4
4186,10285,8:12:00,0,0.00,0,0.0200,0.0049,0.0000,0.0059,0,REST-S,1,5,4
4186,10286,8:12:30,0,0.00,0,0.0200,0.0049,0.0000,0.0059,0,REST-S,1,5,4
4186,10287,8:13:00,0,0.00,0,0.0300,0.0099,0.0000,0.0059,0,REST-S,1,5,4
4186,10288,8:13:30,0,0.00,0,0.0200,0.0049,0.0000,0.0059,0,REST-S,1,5,4
4186,10289,8:14:00,0,0.00,0,0.0200,0.0049,0.0000,0.0059,0,REST-S,1,5,4
4186,10290,8:14:30,0,0.00,0,0.0200,0.0049,0.0000,0.0059,0,REST-S,1,5,4
4186,10291,8:15:00,0,0.00,0,0.0300,0.0099,0.0000,0.0059,0,REST-S,1,5,4
4186,10292,8:15:30,0,0.00,0,0.0200,0.0049,0.0000,0.0059,0,REST-S,1,5,4
4186,10293,8:16:00,0,0.00,0,0.0300,0.0099,0.0000,0.0059,0,REST-S,1,5,4
4186,10294,8:16:30,0,0.00,0,0.0200,0.0049,0.0000,0.0059,0,REST-S,1,5,4
4186,10295,8:17:00,0,0.00,0,0.0200,0.0049,0.0000,0.0059,0,REST-S,1,5,4
4186,10296,8:17:30,0,0.00,0,0.0200,0.0049,0.0000,0.0059,0,REST-S,1,5,4
4186,10297,8:18:00,0,0.00,0,0.0200,0.0049,0.0000,0.0059,0,REST-S,1,5,4
4186,10298,8:18:30,0,1.00,0,0.0200,0.0049,0.0000,0.0059,0,REST-S,1,5,4
4186,10299,8:19:00,0,67.00,0,0.0200,0.0049,0.0000,0.0059,1,REST-S,1,5,4
4186,10300,8:19:30,0,0.00,0,0.0200,0.0049,0.0000,0.0059,0,REST-S,1,5,4
4186,10301,8:20:00,0,0.00,0,0.0200,0.0049,0.0000,0.0059,0,REST-S,1,5,4
4186,10302,8:20:30,0,0.00,0,0.0200,0.0049,0.0000,0.0059,0,REST-S,1,5,4
4186,10303,8:21:00,0,0.00,0,0.0200,0.0049,0.0000,0.0059,0,REST-S,1,5,4
4186,10304,8:21:30,0,0.00,0,0.0200,0.0049,0.0000,0.0059,0,REST-S,1,5,4
4186,10305,8:22:00,0,0.00,0,0.0200,0.0049,0.0000,0.0059,0,REST-S,1,5,4
4186,10306,8:22:30,0,0.00,0,0.0200,0.0049,0.0000,0.0059,0,REST-S,1,5,4
4186,10307,8:23:00,0,0.00,0,0.0200,0.0049,0.0000,0.0059,0,REST-S,1,5,4
4186,10308,8:23:30,0,0.00,0,0.0200,0.0049,0.0000,0.0059,0,REST-S,1,5,4
4186,10309,8:24:00,0,0.00,0,0.0200,0.0049,0.0000,0.0059,0,REST-S,1,5,4
4186,10310,8:24:30,0,0.00,0,0.0200,0.0049,0.0000,0.0059,0,REST-S,1,5,4
4186,10311,8:25:00,0,0.00,0,0.0200,0.0049,0.0000,0.0059,0,REST-S,1,5,4
4186,10312,8:25:30,0,0.00,0,0.0200,0.0049,0.0000,0.0059,0,REST-S,1,5,4
4186,10313,8:26:00,0,0.00,0,0.0200,0.0049,0.0000,0.0059,0,REST-S,1,5,4
4186,10314,8:26:30,0,0.00,0,0.0200,0.0049,0.0000,0.0059,0,REST-S,1,5,4
4186,10315,8:27:00,0,0.00,0,0.0200,0.0049,0.0000,0.0059,0,REST-S,1,5,4
4186,10316,8:27:30,0,0.00,0,0.0200,0.0049,0.0000,0.0059,0,REST-S,1,5,4
4186,10317,8:28:00,0,99.00,0,0.0200,0.0049,0.0000,0.0059,1,REST-S,1,5,4
4186,10318,8:28:30,0,52.00,0,100.0500,2.8200,10.1000,4.8400,1,REST-S,1,5,4
4186,10319,8:29:00,0,0.00,0,203.9500,5.5100,20.7000,9.8900,0,REST-S,1,5,4
4186,10320,8:29:30,0,0.00,0,204.1900,5.5100,20.7000,10.1000,0,REST-S,1,5,4
4186,10321,8:30:00,0,0.00,0,195.0400,5.0600,19.8000,9.6800,0,REST-S,1,5,4
4186,10322,8:30:30,0,1.00,0,182.7600,4.6400,18.5000,9.2700,0,REST-S,1,5,4
4186,10323,8:31:00,0,0.00,0,175.0100,4.4400,17.8000,8.8800,0,REST-S,1,5,4
4186,10324,8:31:30,0,0.00,0,175.4400,4.6400,17.8000,8.8800,0,REST-S,1,5,4
4186,10325,8:32:00,0,0.00,0,175.9000,4.8400,17.8000,8.8800,0,REST-S,1,5,4
4186,10326,8:32:30,0,0.00,0,183.4400,4.9500,18.5000,9.2700,0,REST-S,1,5,4
4186,10327,8:33:00,0,0.00,0,200.1100,5.6300,20.2000,9.6800,0,REST-S,1,5,4
4186,10328,8:33:30,0,0.00,0,219.4500,6.7000,22.1000,10.6000,0,REST-S,1,5,4
4186,10329,8:34:00,0,0.00,0,266.2000,8.3200,26.8000,12.0000,0,REST-S,1,5,4
4186,10330,8:34:30,0,0.00,0,312.5600,10.8000,31.2000,14.3000,0,REST-S,1,5,4
4186,10331,8:35:00,0,0.00,0,422.2500,14.9000,42.2000,17.8000,0,REST-S,1,5,4
4186,10332,8:35:30,0,0.00,0,490.5600,17.0000,49.1000,20.7000,0,REST-S,1,5,4
4186,10333,8:36:00,0,13.00,0,497.8600,15.6000,50.2000,21.6000,0,REST-S,1,5,4
4186,10334,8:36:30,0,0.00,0,460.7300,11.8000,47.1000,20.7000,0,REST-S,1,5,4
4186,10335,8:37:00,0,0.00,0,431.1700,10.6000,44.1000,19.8000,0,REST-S,1,5,4
4186,10336,8:37:30,0,0.00,0,404.4700,9.6800,41.3000,19.4000,0,REST-S,1,5,4
4186,10337,8:38:00,0,0.00,0,396.7300,9.8900,40.4000,18.9000,0,REST-S,1,5,4
4186,10338,8:38:30,0,0.00,0,406.9200,10.8000,41.3000,19.4000,0,REST-S,1,5,4
4186,10339,8:39:00,0,0.00,0,425.5600,11.8000,43.2000,19.8000,0,REST-S,1,5,4
4186,10340,8:39:30,0,0.00,0,408.0700,11.5000,41.3000,18.9000,0,REST-S,1,5,4
4186,10341,8:40:00,0,0.00,0,382.3900,10.8000,38.7000,17.8000,0,REST-S,1,5,4
4186,10342,8:40:30,0,0.00,0,342.2300,9.2700,34.8000,15.9000,0,REST-S,1,5,4
4186,10343,8:41:00,0,0.00,0,342.3100,9.4700,34.8000,15.6000,0,REST-S,1,5,4
4186,10344,8:41:30,0,0.00,0,351.5200,10.1000,35.5000,16.6000,0,REST-S,1,5,4
4186,10345,8:42:00,0,0.00,0,358.8200,10.3000,36.3000,16.6000,0,REST-S,1,5,4
4186,10346,8:42:30,0,0.00,0,371.9300,9.8900,37.9000,16.6000,0,REST-S,1,5,4
4186,10347,8:43:00,0,0.00,0,334.4700,8.8800,34.0000,15.6000,0,REST-S,1,5,4
4186,10348,8:43:30,0,40.00,0,343.2400,9.8900,34.8000,15.6000,1,REST-S,1,5,4
4186,10349,8:44:00,0,4.00,0,404.4900,14.0000,40.4000,17.8000,0,REST-S,1,5,4
4186,10350,8:44:30,0,0.00,0,450.7600,15.6000,45.1000,19.8000,0,REST-S,1,5,4
4186,10351,8:45:00,0,0.00,0,524.9000,18.5000,52.4000,22.5000,0,REST-S,1,5,4
4186,10352,8:45:30,0,0.00,0,574.3900,21.1000,57.2000,24.6000,0,REST-S,1,5,4
4186,10353,8:46:00,0,0.00,0,623.5900,22.1000,62.4000,26.2000,0,REST-S,1,5,4
4186,10354,8:46:30,0,0.00,0,622.1500,21.1000,62.4000,26.8000,0,REST-S,1,5,4
4186,10355,8:47:00,0,0.00,0,607.8400,20.2000,61.0000,26.2000,0,REST-S,1,5,4
4186,10356,8:47:30,0,0.00,0,605.0300,18.9000,61.0000,26.2000,0,REST-S,1,5,4
4186,10357,8:48:00,0,0.00,0,619.8500,19.8000,62.4000,27.4000,0,REST-S,1,5,4
4186,10358,8:48:30,0,0.00,0,629.9600,18.9000,63.7000,27.4000,0,REST-S,1,5,4
4186,10359,8:49:00,0,0.00,0,628.8400,18.1000,63.7000,28.0000,0,REST-S,1,5,4
4186,10360,8:49:30,0,0.00,0,614.5200,17.4000,62.4000,27.4000,0,REST-S,1,5,4
4186,10361,8:50:00,0,0.00,0,614.5200,17.4000,62.4000,27.4000,0,REST-S,1,5,4
4186,10362,8:50:30,0,0.00,0,641.7300,18.1000,65.1000,28.6000,0,REST-S,1,5,4
4186,10363,8:51:00,0,0.00,0,644.4200,19.4000,65.1000,28.6000,0,REST-S,1,5,4
4186,10364,8:51:30,0,0.00,0,677.0000,22.1000,68.0000,29.9000,0,REST-S,1,5,4
4186,10365,8:52:00,0,24.00,0,717.3900,21.6000,72.6000,31.2000,1,ACTIVE,1,5,4
4186,10366,8:52:30,0,31.00,0,532.1500,21.6000,52.4000,23.0000,1,ACTIVE,1,5,4
4186,10367,8:53:00,0,1.00,0,524.5500,12.8000,53.6000,24.6000,1,ACTIVE,1,5,4
4186,10368,8:53:30,0,34.00,0,494.4100,12.6000,50.2000,24.6000,1,ACTIVE,1,5,4
4186,10369,8:54:00,0,156.00,0,197.2700,7.0000,19.8000,7.8000,1,ACTIVE,1,5,4
4186,10370,8:54:30,0,36.00,0,235.4700,7.9700,23.5000,10.8000,1,ACTIVE,1,5,4
4186,10371,8:55:00,0,56.00,0,131.1700,8.3200,12.3000,4.7400,1,ACTIVE,1,5,4
4186,10372,8:55:30,0,70.00,0,73.9300,5.5100,6.7000,2.8200,1,ACTIVE,1,5,4
4186,10373,8:56:00,0,89.00,1,72.2900,6.1400,6.4200,2.3200,1,ACTIVE,1,5,4
4186,10374,8:56:30,0,156.00,0,308.6200,23.5000,28.0000,10.6000,1,ACTIVE,1,5,4
4186,10375,8:57:00,0,127.00,0,152.3800,4.6400,15.3000,7.8000,1,ACTIVE,1,5,4
4186,10376,8:57:30,0,179.00,0,259.3000,8.8800,25.7000,13.7000,1,ACTIVE,1,5,4
4186,10377,8:58:00,0,162.00,0,77.0100,11.8000,2.2700,28.6000,1,ACTIVE,1,5,4
4186,10378,8:58:30,0,368.00,0,11.2700,1.8700,0.8020,0.1140,1,ACTIVE,1,5,4
4186,10379,8:59:00,0,226.00,0,96.5000,8.3200,8.5000,3.3500,1,ACTIVE,1,5,4
4186,10380,8:59:30,0,92.00,0,139.5500,8.6900,13.1000,5.0600,1,ACTIVE,1,5,4
4186,10381,9:00:00,0,226.00,0,50.5300,4.1600,4.6400,0.6740,1,ACTIVE,1,5,4
4186,10382,9:00:30,0,184.00,0,62.5100,4.7400,5.6300,2.4700,1,ACTIVE,1,5,4
4186,10383,9:01:00,0,419.00,0,27.5200,3.9800,0.6740,11.8000,1,ACTIVE,1,5,4
4186,10384,9:01:30,0,167.00,0,213.9200,14.6000,19.8000,7.6300,1,ACTIVE,1,5,4
4186,10385,9:02:00,0,346.00,0,39.4200,2.6400,3.8100,0.1580,1,ACTIVE,1,5,4
4186,10386,9:02:30,0,56.00,0,304.9600,15.3000,29.9000,8.8800,1,ACTIVE,1,5,4
4186,10387,9:03:00,0,16.00,0,332.0800,14.0000,33.3000,8.8800,1,ACTIVE,1,5,4
4186,10388,9:03:30,0,85.00,0,181.7200,11.8000,17.8000,0.1720,1,ACTIVE,1,5,4
4186,10389,9:04:00,0,58.00,0,146.2800,6.5600,14.3000,6.0100,1,ACTIVE,1,5,4
4186,10390,9:04:30,0,56.00,0,125.5800,5.6300,12.3000,5.0600,1,ACTIVE,1,5,4
4186,10391,9:05:00,0,113.00,0,10.7400,0.4870,1.0600,0.3300,1,ACTIVE,1,5,4
4186,10392,9:05:30,0,61.00,0,40.3200,2.4700,3.8100,1.3200,1,ACTIVE,1,5,4
4186,10393,9:06:00,0,85.00,0,64.0800,2.2700,6.4200,2.6400,1,ACTIVE,1,5,4
4186,10394,9:06:30,0,167.00,0,7.8200,0.5790,0.7350,0.0861,1,ACTIVE,1,5,4
4186,10395,9:07:00,0,131.00,0,15.5900,1.1600,1.4400,0.3920,1,ACTIVE,1,5,4
4186,10396,9:07:30,0,65.00,0,291.4100,17.0000,28.6000,3.0700,1,ACTIVE,1,5,4
4186,10397,9:08:00,0,167.00,0,47.7400,1.8700,4.7400,1.9500,1,ACTIVE,1,5,4
4186,10398,9:08:30,0,85.00,0,117.7700,5.1700,11.5000,5.0600,1,ACTIVE,1,5,4
4186,10399,9:09:00,0,313.00,0,21.5500,1.7500,1.9500,0.5670,1,ACTIVE,1,5,4
4186,10400,9:09:30,0,204.00,0,71.9300,2.0800,7.3100,3.0700,1,ACTIVE,1,5,4
4186,10401,9:10:00,0,577.00,0,74.7900,4.8400,7.0000,2.5800,1,ACTIVE,1,5,4
4186,10402,9:10:30,0,241.00,0,29.8900,2.4200,2.7000,0.8370,1,ACTIVE,1,5,4
4186,10403,9:11:00,0,122.00,0,14.7600,0.5920,1.4700,0.5200,1,ACTIVE,1,5,4
4186,10404,9:11:30,0,145.00,0,82.2600,4.6400,7.8000,3.4200,1,ACTIVE,1,5,4
4186,10405,9:12:00,0,368.00,0,276.6000,15.9000,25.7000,15.3000,1,ACTIVE,1,5,4
4186,10406,9:12:30,0,266.00,0,1.1100,0.0981,0.1000,0.0115,1,ACTIVE,1,5,4
4186,10407,9:13:00,0,198.00,0,27.9400,1.9900,2.5800,0.8370,1,ACTIVE,1,5,4
4186,10408,9:13:30,0,156.00,0,12.9200,1.8300,0.9960,0.1450,1,ACTIVE,1,5,4
4186,10409,9:14:00,0,118.00,0,229.0300,12.6000,21.6000,11.3000,1,ACTIVE,1,5,4
4186,10410,9:14:30,0,241.00,0,1544.850,62.4000,155.0000,46.1000,1,ACTIVE,1,5,4
4186,10411,9:15:00,0,432.00,0,6655.170,310.0000,647.0000,278.0000,1,ACTIVE,1,5,4
4186,10412,9:15:30,0,226.00,0,157.0900,6.8500,15.3000,7.6300,1,ACTIVE,1,5,4
4186,10413,9:16:00,0,136.00,0,34.7700,2.2200,3.2800,1.0600,1,ACTIVE,1,5,4
4186,10414,9:16:30,0,184.00,0,24.8900,2.5300,2.1700,0.2600,1,ACTIVE,1,5,4
4186,10415,9:17:00,0,198.00,0,87.4900,12.0000,6.8500,0.8750,1,ACTIVE,1,5,4
4186,10416,9:17:30,0,102.00,0,132.4900,14.9000,11.3000,0.7350,1,ACTIVE,1,5,4
4186,10417,9:18:00,0,63.00,0,131.7000,14.3000,11.3000,1.2900,1,ACTIVE,1,5,4
4186,10418,9:18:30,0,3.00,0,219.2600,17.8000,19.8000,6.1400,1,ACTIVE,1,5,4
4186,10419,9:19:00,0,1.00,0,214.5600,17.4000,19.4000,6.0100,0,ACTIVE,1,5,4
4186,10420,9:19:30,0,0.00,0,228.8100,18.5000,20.7000,6.2800,0,ACTIVE,1,5,4
4186,10421,9:20:00,0,47.00,0,124.0000,11.8000,10.8000,3.2100,1,ACTIVE,1,5,4
4186,10422,9:20:30,0,54.00,0,164.2100,14.3000,14.6000,4.2500,1,ACTIVE,1,5,4
4186,10423,9:21:00,0,1.00,0,263.1000,20.2000,24.0000,7.1500,0,ACTIVE,1,5,4
4186,10424,9:21:30,0,35.00,0,154.7600,12.3000,14.0000,4.6400,1,ACTIVE,1,5,4
4186,10425,9:22:00,0,0.00,0,65.9100,5.0600,6.1400,0.8560,0,ACTIVE,1,5,4
4186,10426,9:22:30,0,0.00,0,70.6000,5.5100,6.5600,0.9130,0,ACTIVE,1,5,4
4186,10427,9:23:00,0,18.00,0,79.4800,5.2800,7.4700,2.2200,1,ACTIVE,1,5,4
4186,10428,9:23:30,0,102.00,0,250.1400,18.5000,23.0000,6.8500,1,ACTIVE,1,5,4
4186,10429,9:24:00,0,15.00,0,218.8800,15.9000,20.2000,6.0100,1,ACTIVE,1,5,4
4186,10430,9:24:30,0,25.00,0,141.1300,7.6300,13.7000,3.9800,1,ACTIVE,1,5,4
4186,10431,9:25:00,0,0.00,0,52.0700,2.8200,5.0600,1.4400,0,ACTIVE,1,5,4
4186,10432,9:25:30,0,0.00,0,56.9300,3.1400,5.5100,1.5700,0,ACTIVE,1,5,4
4186,10433,9:26:00,0,0.00,0,64.7200,3.9800,6.2800,0.8560,0,ACTIVE,1,5,4
4186,10434,9:26:30,0,1.00,0,108.0100,5.5100,10.6000,3.0700,0,ACTIVE,1,5,4
4186,10435,9:27:00,0,16.00,0,196.6700,14.3000,18.1000,5.6300,0,ACTIVE,1,5,4
4186,10436,9:27:30,0,19.00,0,228.5700,16.6000,21.1000,6.2800,1,ACTIVE,1,5,4
4186,10437,9:28:00,0,0.00,0,260.2900,18.9000,24.0000,7.1500,0,ACTIVE,1,5,4
4186,10438,9:28:30,0,4.00,0,261.0400,19.4000,24.0000,7.0000,0,ACTIVE,1,5,4
4186,10439,9:29:00,0,47.00,0,138.8200,13.4000,12.0000,3.5700,1,ACTIVE,1,5,4
4186,10440,9:29:30,0,15.00,0,30.6100,1.7900,2.9400,0.8200,1,ACTIVE,1,5,4
4186,10441,9:30:00,0,9.00,0,20.3500,1.7100,1.8300,0.5200,0,ACTIVE,1,5,4
4186,10442,9:30:30,0,8.00,0,18.5800,1.2400,1.7500,0.4870,0,ACTIVE,1,5,4
4186,10443,9:31:00,0,26.00,0,248.2400,17.8000,23.0000,6.7000,1,ACTIVE,1,5,4
4186,10444,9:31:30,0,15.00,0,134.1100,13.4000,11.5000,3.3500,1,ACTIVE,1,5,4
4186,10445,9:32:00,0,49.00,0,19.8400,1.4700,1.8300,0.5430,1,ACTIVE,1,5,4
4186,10446,9:32:30,0,150.00,0,175.7600,12.6000,16.3000,4.9500,1,ACTIVE,1,5,4
4186,10447,9:33:00,0,226.00,0,179.6100,14.3000,16.3000,4.9500,1,ACTIVE,1,5,4
4186,10448,9:33:30,0,58.00,0,114.2400,15.9000,8.8800,1.1600,1,ACTIVE,1,5,4
4186,10449,9:34:00,0,70.00,0,114.1700,11.8000,9.8900,1.3800,1,ACTIVE,1,5,4
4186,10450,9:34:30,0,173.00,0,143.5300,14.3000,12.6000,1.7900,1,ACTIVE,1,5,4
4186,10451,9:35:00,0,234.00,0,266.8300,26.2000,23.5000,2.5300,1,ACTIVE,1,5,4
4186,10452,9:35:30,0,127.00,0,244.5400,6.1400,25.1000,10.1000,1,ACTIVE,1,5,4
4186,10453,9:36:00,0,122.00,0,38.8900,2.9400,3.6500,0.3600,1,ACTIVE,1,5,4
4186,10454,9:36:30,0,204.00,0,32.9600,2.8200,3.0100,0.3760,1,ACTIVE,1,5,4
4186,10455,9:37:00,0,0.00,0,93.0300,6.0100,8.6900,3.3500,1,ACTIVE,1,5,4
4186,10456,9:37:30,0,11.00,0,92.2600,6.0100,8.6900,2.6400,1,ACTIVE,1,5,4
4186,10457,9:38:00,0,45.00,0,52.9900,5.2800,4.6400,0.6600,1,ACTIVE,1,5,4
4186,10458,9:38:30,0,18.00,0,68.7500,5.7600,6.1400,2.0400,1,ACTIVE,1,5,4
4186,10459,9:39:00,0,70.00,0,44.8000,4.6400,3.9000,0.3760,1,ACTIVE,1,5,4
4186,10460,9:39:30,0,275.00,0,30.9500,3.1400,2.7000,0.3520,1,ACTIVE,1,5,4
4186,10461,9:40:00,0,150.00,0,76.2900,4.3400,7.3100,2.4700,1,ACTIVE,1,5,4
4186,10462,9:40:30,0,191.00,0,28.7700,2.1300,2.6400,0.8750,1,ACTIVE,1,5,4
4186,10463,9:41:00,0,113.00,0,22.3600,2.0800,1.9500,0.6320,1,ACTIVE,1,5,4
4186,10464,9:41:30,0,266.00,0,2267.860,84.5000,229.0000,71.0000,1,ACTIVE,1,5,4
4186,10465,9:42:00,0,226.00,0,243.6100,11.8000,23.5000,10.6000,1,ACTIVE,1,5,4
4186,10466,9:42:30,0,109.00,0,386.0000,18.5000,37.1000,18.5000,1,ACTIVE,1,5,4
4186,10467,9:43:00,0,266.00,0,23.6100,1.7500,2.1700,0.6600,1,ACTIVE,1,5,4
4186,10468,9:43:30,0,145.00,0,26.2900,2.9400,2.2200,0.3160,1,ACTIVE,1,5,4
4186,10469,9:44:00,0,179.00,0,16.8900,1.6000,1.4700,0.4280,1,ACTIVE,1,5,4
4186,10470,9:44:30,0,162.00,0,83.9600,2.8800,8.5000,2.8800,1,ACTIVE,1,5,4
4186,10471,9:45:00,0,95.00,0,23.0900,2.7600,1.9100,0.2720,1,ACTIVE,1,5,4
4186,10472,9:45:30,0,0.00,0,29.1500,2.8200,2.5300,0.7200,1,ACTIVE,1,5,4
4186,10473,9:46:00,0,102.00,0,22.4600,2.6400,1.8700,0.2540,1,ACTIVE,1,5,4
4186,10474,9:46:30,0,2.00,0,20.4900,1.7500,1.8300,0.5790,1,ACTIVE,1,5,4
4186,10475,9:47:00,0,65.00,0,29.5300,2.3200,2.7000,0.7200,1,ACTIVE,1,5,4
4186,10476,9:47:30,0,40.00,0,27.7300,3.0100,2.3700,0.3090,1,ACTIVE,1,5,4
4186,10477,9:48:00,0,1.00,0,21.9200,1.7500,1.9900,0.5550,0,ACTIVE,1,5,4
4186,10478,9:48:30,0,0.00,0,27.0800,2.1300,2.4700,0.6600,0,ACTIVE,1,5,4
4186,10479,9:49:00,0,0.00,0,19.9700,2.1300,1.7100,0.2540,0,ACTIVE,1,5,4
4186,10480,9:49:30,0,0.00,0,24.4100,1.9500,2.2200,0.6050,0,ACTIVE,1,5,4
4186,10481,9:50:00,0,2.00,0,23.9900,1.9500,2.1700,0.6050,0,ACTIVE,1,5,4
4186,10482,9:50:30,0,28.00,0,22.9000,1.8300,2.0800,0.5920,1,ACTIVE,1,5,4
4186,10483,9:51:00,0,30.00,0,30.8400,3.8100,2.5300,0.2490,1,ACTIVE,1,5,4
4186,10484,9:51:30,0,0.00,0,27.8500,3.5000,2.2700,0.2280,0,ACTIVE,1,5,4
4186,10485,9:52:00,0,0.00,0,28.2800,3.5000,2.3200,0.2280,0,ACTIVE,1,5,4
4186,10486,9:52:30,0,0.00,0,30.3600,3.8100,2.4700,0.2380,0,ACTIVE,1,5,4
4186,10487,9:53:00,0,1.00,0,30.3600,3.8100,2.4700,0.2380,0,ACTIVE,1,5,4
4186,10488,9:53:30,0,1.00,0,28.2900,3.5000,2.3200,0.2380,0,ACTIVE,1,5,4
4186,10489,9:54:00,0,0.00,0,27.1100,3.3500,2.2200,0.2440,0,ACTIVE,1,5,4
4186,10490,9:54:30,0,0.00,0,30.8500,3.8100,2.5300,0.2540,0,ACTIVE,1,5,4
4186,10491,9:55:00,0,3.00,0,31.0300,3.9000,2.5300,0.2540,0,ACTIVE,1,5,4
4186,10492,9:55:30,0,36.00,0,27.8700,3.5000,2.2700,0.2490,1,ACTIVE,1,5,4
4186,10493,9:56:00,0,75.00,0,26.2400,2.9400,2.2200,0.2770,1,ACTIVE,1,5,4
4186,10494,9:56:30,0,1.00,0,16.7000,1.3800,1.5000,0.4470,1,ACTIVE,1,5,4
4186,10495,9:57:00,0,54.00,0,14.9700,1.1100,1.3800,0.4100,1,ACTIVE,1,5,4
4186,10496,9:57:30,0,184.00,0,43.7500,7.1500,1.2100,15.9000,1,ACTIVE,1,5,4
4186,10497,9:58:00,0,234.00,0,274.4800,29.9000,23.5000,2.1700,1,ACTIVE,1,5,4
4186,10498,9:58:30,0,109.00,0,14.5600,2.4700,0.3680,5.3900,1,ACTIVE,1,5,4
4186,10499,9:59:00,0,99.00,0,31.0400,2.6400,2.7600,0.9750,1,ACTIVE,1,5,4
4186,10500,9:59:30,0,140.00,0,532.5800,33.3000,49.1000,26.2000,1,ACTIVE,1,5,4
4186,10501,10:00:00,0,102.00,0,23.8700,2.0800,2.1300,0.6050,1,ACTIVE,1,5,4
4186,10502,10:00:30,0,2.00,0,25.0400,2.2200,2.2200,0.6320,1,ACTIVE,1,5,4
4186,10503,10:01:00,0,54.00,0,29.1800,2.8200,2.5300,0.7510,1,ACTIVE,1,5,4
4186,10504,10:01:30,0,102.00,0,32.1600,2.7600,2.8800,0.7850,1,ACTIVE,1,5,4
4186,10505,10:02:00,0,38.00,0,26.7200,3.3500,2.1700,0.2720,1,ACTIVE,1,5,4
4186,10506,10:02:30,0,1.00,0,29.1800,3.9000,2.3200,0.2440,0,ACTIVE,1,5,4
4186,10507,10:03:00,0,0.00,0,31.6300,4.1600,2.5300,0.2720,0,ACTIVE,1,5,4
4186,10508,10:03:30,0,1.00,0,33.1400,4.1600,2.7000,0.2900,1,ACTIVE,1,5,4
4186,10509,10:04:00,0,35.00,0,35.1600,4.3400,2.8800,0.3160,1,ACTIVE,1,5,4
4186,10510,10:04:30,0,95.00,0,27.0300,3.5000,2.1700,0.2540,1,ACTIVE,1,5,4
4186,10511,10:05:00,0,204.00,0,28.1200,3.5700,2.2700,0.3230,1,ACTIVE,1,5,4
4186,10512,10:05:30,0,61.00,0,24.3400,3.5000,1.8700,0.2440,1,ACTIVE,1,5,4
4186,10513,10:06:00,0,67.00,0,24.7200,3.5000,1.9100,0.2600,1,ACTIVE,1,5,4
4186,10514,10:06:30,0,79.00,0,27.0400,2.3200,2.4200,0.6600,1,ACTIVE,1,5,4
4186,10515,10:07:00,0,241.00,0,25.1900,1.9100,2.3200,0.6180,1,ACTIVE,1,5,4
4186,10516,10:07:30,0,140.00,0,23.5000,3.9000,1.6700,0.2000,1,ACTIVE,1,5,4
4186,10517,10:08:00,0,89.00,0,92.5000,3.6500,9.4700,1.3200,1,ACTIVE,1,5,4
4186,10518,10:08:30,0,54.00,0,32.1100,2.8200,2.9400,0.1140,1,ACTIVE,1,5,4
4186,10519,10:09:00,0,0.00,0,34.6900,3.9800,2.9400,0.1140,1,ACTIVE,1,5,4
4186,10520,10:09:30,0,22.00,0,31.8300,3.6500,2.7000,0.1220,1,ACTIVE,1,5,4
4186,10521,10:10:00,0,92.00,0,26.1100,3.4200,2.0800,0.2960,1,ACTIVE,1,5,4
4186,10522,10:10:30,0,136.00,0,16.1000,1.2400,1.4700,0.4470,1,ACTIVE,1,5,4
4186,10523,10:11:00,0,63.00,0,17.3000,1.5000,1.5700,0.2140,1,ACTIVE,1,5,4
4186,10524,10:11:30,0,13.00,0,27.5200,2.3200,2.4700,0.6740,1,ACTIVE,1,5,4
4186,10525,10:12:00,0,52.00,0,27.6100,2.3200,2.4700,0.7510,1,ACTIVE,1,5,4
4186,10526,10:12:30,0,54.00,0,27.4300,2.2200,2.4700,0.7850,1,ACTIVE,1,5,4
4186,10527,10:13:00,0,63.00,0,18.2100,1.0400,1.7500,0.5430,1,ACTIVE,1,5,4
4186,10528,10:13:30,0,40.00,0,29.4100,2.1300,2.7000,0.9960,1,ACTIVE,1,5,4
4186,10529,10:14:00,0,67.00,0,41.5200,3.0100,3.8100,1.3500,1,ACTIVE,1,5,4
4186,10530,10:14:30,0,131.00,0,31.6400,2.2200,2.9400,0.8940,1,ACTIVE,1,5,4
4186,10531,10:15:00,0,31.00,0,105.2900,7.3100,9.6800,3.9800,1,ACTIVE,1,5,4
4186,10532,10:15:30,0,20.00,0,26.0700,2.4700,2.2700,0.6740,1,ACTIVE,1,5,4
4186,10533,10:16:00,0,1.00,0,32.0100,3.6500,2.6400,0.7510,0,ACTIVE,1,5,4
4186,10534,10:16:30,0,8.00,0,29.5200,3.2100,2.4700,0.7040,0,ACTIVE,1,5,4
4186,10535,10:17:00,0,16.00,0,27.5700,2.5300,2.4200,0.7200,1,ACTIVE,1,5,4
4186,10536,10:17:30,0,7.00,0,26.8100,1.9500,2.4700,0.7680,1,ACTIVE,1,5,4
4186,10537,10:18:00,0,19.00,0,27.0800,2.0800,2.4700,0.7510,1,ACTIVE,1,5,4
4186,10538,10:18:30,0,198.00,0,27.4800,3.5000,2.2200,0.2840,1,ACTIVE,1,5,4
4186,10539,10:19:00,0,95.00,0,30.9900,2.6400,2.7600,0.9330,1,ACTIVE,1,5,4
4186,10540,10:19:30,0,122.00,0,36.8100,2.9400,3.3500,0.8940,1,ACTIVE,1,5,4
4186,10541,10:20:00,0,257.00,0,28.6900,3.6500,2.3200,0.2900,1,ACTIVE,1,5,4
4186,10542,10:20:30,0,33.00,0,31.1200,3.5000,2.5800,0.7040,1,ACTIVE,1,5,4
4186,10543,10:21:00,0,36.00,0,28.3400,2.4700,2.5300,0.6740,1,ACTIVE,1,5,4
4186,10544,10:21:30,0,18.00,0,35.6400,2.9400,3.2100,0.9540,1,ACTIVE,1,5,4
4186,10545,10:22:00,0,0.00,0,46.2600,3.9000,4.1600,1.1100,0,ACTIVE,1,5,4
4186,10546,10:22:30,0,1.00,0,51.5500,4.3400,4.6400,1.2400,0,ACTIVE,1,5,4
4186,10547,10:23:00,0,1.00,0,64.9100,5.2800,5.8800,1.5700,0,ACTIVE,1,5,4
4186,10548,10:23:30,0,4.00,0,39.4700,4.3400,3.3500,0.4870,0,ACTIVE,1,5,4
4186,10549,10:24:00,0,20.00,0,43.3700,3.6500,3.9000,1.0600,1,ACTIVE,1,5,4
4186,10550,10:24:30,0,25.00,0,27.0400,2.3200,2.4200,0.6600,1,ACTIVE,1,5,4
4186,10551,10:25:00,0,85.00,0,19.8000,2.0800,1.7100,0.1920,1,ACTIVE,1,5,4
4186,10552,10:25:30,0,0.00,0,26.4700,3.9800,1.9900,0.2050,0,ACTIVE,1,5,4
4186,10553,10:26:00,0,0.00,0,27.2500,3.9800,2.0800,0.2090,1,ACTIVE,1,5,4
4186,10554,10:26:30,0,15.00,0,27.0700,3.9000,2.0800,0.2190,1,ACTIVE,1,5,4
4186,10555,10:27:00,0,145.00,0,26.1900,3.5000,2.0800,0.2190,1,ACTIVE,1,5,4
4186,10556,10:27:30,0,145.00,0,32.0300,3.9000,2.6400,0.2720,1,ACTIVE,1,5,4
4186,10557,10:28:00,0,234.00,0,51.1300,6.1400,4.2500,0.2900,1,ACTIVE,1,5,4
4186,10558,10:28:30,0,218.00,0,15.6300,2.4200,1.1600,0.1190,1,ACTIVE,1,5,4
4186,10559,10:29:00,0,118.00,0,72.4700,2.9400,7.1500,3.0700,1,ACTIVE,1,5,4
4186,10560,10:29:30,0,184.00,0,31.5000,2.1300,2.9400,0.9540,1,ACTIVE,1,5,4
4186,10561,10:30:00,0,145.00,0,73.9800,2.1300,7.4700,3.5700,1,ACTIVE,1,5,4
4186,10562,10:30:30,0,99.00,0,15.0900,1.2900,1.3500,0.3920,1,ACTIVE,1,5,4
4186,10563,10:31:00,0,191.00,0,103.7500,14.3000,7.9700,2.1700,1,ACTIVE,1,5,4
4186,10564,10:31:30,0,40.00,0,22.3900,2.1300,1.9500,0.5670,1,ACTIVE,1,5,4
4186,10565,10:32:00,0,9.00,0,30.1800,4.1600,2.3700,0.2190,1,ACTIVE,1,5,4
4186,10566,10:32:30,0,40.00,0,28.0700,3.9800,2.1700,0.2230,1,ACTIVE,1,5,4
4186,10567,10:33:00,0,0.00,0,31.7300,4.4400,2.4700,0.2280,0,ACTIVE,1,5,4
4186,10568,10:33:30,0,0.00,0,32.6300,4.6400,2.5300,0.2280,0,ACTIVE,1,5,4
4186,10569,10:34:00,0,1.00,0,33.1200,4.6400,2.5800,0.2280,0,ACTIVE,1,5,4
4186,10570,10:34:30,0,0.00,0,34.1400,4.6400,2.7000,0.2440,0,ACTIVE,1,5,4
4186,10571,10:35:00,0,0.00,0,33.1400,4.6400,2.5800,0.2440,0,ACTIVE,1,5,4
4186,10572,10:35:30,0,0.00,0,33.1400,4.6400,2.5800,0.2440,0,ACTIVE,1,5,4
4186,10573,10:36:00,0,6.00,0,33.1300,4.6400,2.5800,0.2380,0,ACTIVE,1,5,4
4186,10574,10:36:30,0,56.00,0,21.5600,3.0100,1.6700,0.2230,1,ACTIVE,1,5,4
4186,10575,10:37:00,0,36.00,0,29.7600,4.1600,2.3200,0.2440,1,ACTIVE,1,5,4
4186,10576,10:37:30,0,102.00,0,18.5200,2.3200,1.5000,0.2140,1,ACTIVE,1,5,4
4186,10577,10:38:00,0,0.00,0,21.5800,1.9500,1.9100,0.5200,0,ACTIVE,1,5,4
4186,10578,10:38:30,0,0.00,0,16.8700,1.9500,1.4100,0.2090,0,ACTIVE,1,5,4
4186,10579,10:39:00,0,3.00,0,24.1700,2.2200,2.1300,0.5920,0,ACTIVE,1,5,4
4186,10580,10:39:30,0,0.00,0,24.4100,2.3200,2.1300,0.6180,0,ACTIVE,1,5,4
4186,10581,10:40:00,0,0.00,0,24.4100,2.3200,2.1300,0.6180,0,ACTIVE,1,5,4
4186,10582,10:40:30,0,1.00,0,24.4000,2.3200,2.1300,0.6050,0,ACTIVE,1,5,4
4186,10583,10:41:00,0,0.00,0,23.7700,2.2200,2.0800,0.5920,0,ACTIVE,1,5,4
4186,10584,10:41:30,0,12.00,0,20.8800,1.9500,1.8300,0.5310,0,ACTIVE,1,5,4
4186,10585,10:42:00,0,13.00,0,19.4800,1.9500,1.6700,0.4570,0,ACTIVE,1,5,4
4186,10586,10:42:30,0,1.00,0,11.6200,1.5700,0.9130,0.1360,0,ACTIVE,1,5,4
4186,10587,10:43:00,0,0.00,0,18.0800,1.7500,1.5700,0.4280,0,ACTIVE,1,5,4
4186,10588,10:43:30,0,0.00,0,18.1000,1.7500,1.5700,0.4470,1,ACTIVE,1,5,4
4186,10589,10:44:00,0,118.00,0,46.8900,3.5000,4.4400,0.2490,1,ACTIVE,1,5,4
4186,10590,10:44:30,0,99.00,0,5.6000,0.5310,0.4870,0.1450,1,ACTIVE,1,5,4
4186,10591,10:45:00,0,0.00,0,5.4700,0.4670,0.4870,0.1580,1,ACTIVE,1,5,4
4186,10592,10:45:30,0,75.00,0,19.7900,2.3700,1.6400,0.1800,1,ACTIVE,1,5,4
4186,10593,10:46:00,0,28.00,0,30.3500,4.6400,2.2700,0.2190,1,ACTIVE,1,5,4
4186,10594,10:46:30,0,54.00,0,27.0700,3.9000,2.0800,0.2140,1,ACTIVE,1,5,4
4186,10595,10:47:00,0,0.00,0,24.4400,3.5700,1.8700,0.1800,0,ACTIVE,1,5,4
4186,10596,10:47:30,0,1.00,0,22.2600,3.3500,1.6700,0.1720,0,ACTIVE,1,5,4
4186,10597,10:48:00,0,2.00,0,21.9400,3.2100,1.6700,0.1650,0,ACTIVE,1,5,4
4186,10598,10:48:30,0,10.00,0,25.7000,3.8100,1.9500,0.1840,0,ACTIVE,1,5,4
4186,10599,10:49:00,0,8.00,0,30.1100,4.3400,2.3200,0.1920,0,ACTIVE,1,5,4
4186,10600,10:49:30,0,0.00,0,30.5700,4.3400,2.3700,0.2000,0,ACTIVE,1,5,4
4186,10601,10:50:00,0,6.00,0,32.1300,4.6400,2.4700,0.2050,1,ACTIVE,1,5,4
4186,10602,10:50:30,0,27.00,0,32.1800,4.4400,2.5300,0.2140,1,ACTIVE,1,5,4
4186,10603,10:51:00,0,118.00,0,47.9100,8.3200,1.2100,17.4000,1,ACTIVE,1,5,4
4186,10604,10:51:30,0,12.00,0,121.9600,7.8000,11.8000,1.5400,1,ACTIVE,1,5,4
4186,10605,10:52:00,0,70.00,0,77.6800,6.2800,7.0000,2.3200,1,ACTIVE,1,5,4
4186,10606,10:52:30,0,167.00,0,25.9500,3.9000,1.9500,0.2380,1,ACTIVE,1,5,4
4186,10607,10:53:00,0,346.00,0,83.8200,16.6000,5.2800,0.7350,1,ACTIVE,1,5,4
4186,10608,10:53:30,0,241.00,0,62.8600,3.4200,6.2800,0.2840,1,ACTIVE,1,5,4
4186,10609,10:54:00,0,249.00,0,126.9300,3.6500,13.4000,1.3800,1,ACTIVE,1,5,4
4186,10610,10:54:30,0,303.00,0,64.7400,3.0100,6.4200,1.7500,1,ACTIVE,1,5,4
4186,10611,10:55:00,0,1.00,0,271.5000,11.8000,26.8000,9.8900,1,ACTIVE,1,5,4
4186,10612,10:55:30,0,1.00,0,270.7100,11.5000,26.8000,9.6800,1,ACTIVE,1,5,4
4186,10613,10:56:00,0,0.00,0,272.0700,12.0000,26.8000,9.8900,0,ACTIVE,1,5,4
4186,10614,10:56:30,0,0.00,0,271.5000,11.8000,26.8000,9.8900,0,ACTIVE,1,5,4
4186,10615,10:57:00,0,1.00,0,259.7700,11.3000,25.7000,9.2700,0,ACTIVE,1,5,4
4186,10616,10:57:30,0,0.00,0,260.5300,11.5000,25.7000,9.4700,0,ACTIVE,1,5,4
4186,10617,10:58:00,0,3.00,0,288.8900,12.3000,28.6000,10.3000,0,ACTIVE,1,5,4
4186,10618,10:58:30,0,24.00,0,160.0200,7.3100,15.6000,6.7000,1,ACTIVE,1,5,4
4186,10619,10:59:00,0,45.00,0,281.8700,3.9800,29.9000,10.6000,1,ACTIVE,1,5,4
4186,10620,10:59:30,0,4.00,0,418.5400,4.8400,44.1000,19.8000,0,ACTIVE,1,5,4
4186,10621,11:00:00,0,4.00,0,428.1800,4.9500,45.1000,20.7000,1,ACTIVE,1,5,4
4186,10622,11:00:30,0,56.00,0,286.7800,4.9500,29.9000,13.1000,1,ACTIVE,1,5,4
4186,10623,11:01:00,0,47.00,0,214.6300,5.0600,22.1000,9.4700,1,ACTIVE,1,5,4
4186,10624,11:01:30,0,99.00,0,599.7500,17.4000,61.0000,24.6000,1,ACTIVE,1,5,4
4186,10625,11:02:00,0,13.00,0,857.6500,29.2000,86.3000,34.0000,1,ACTIVE,1,5,4
4186,10626,11:02:30,0,0.00,0,870.1400,27.4000,88.2000,34.0000,0,ACTIVE,1,5,4
4186,10627,11:03:00,0,0.00,0,850.2200,26.2000,86.3000,33.3000,0,ACTIVE,1,5,4
4186,10628,11:03:30,0,0.00,0,850.2200,26.2000,86.3000,33.3000,0,ACTIVE,1,5,4
4186,10629,11:04:00,0,0.00,0,834.8200,26.2000,84.5000,34.0000,0,ACTIVE,1,5,4
4186,10630,11:04:30,0,0.00,0,853.5800,27.4000,86.3000,34.0000,0,ACTIVE,1,5,4
4186,10631,11:05:00,0,0.00,0,850.2200,26.2000,86.3000,33.3000,0,ACTIVE,1,5,4
4186,10632,11:05:30,0,0.00,0,870.1400,27.4000,88.2000,34.0000,0,ACTIVE,1,5,4
4186,10633,11:06:00,0,0.00,0,853.5800,27.4000,86.3000,34.0000,0,ACTIVE,1,5,4
4186,10634,11:06:30,0,0.00,0,870.1400,27.4000,88.2000,34.0000,0,ACTIVE,1,5,4
4186,10635,11:07:00,0,0.00,0,870.1400,27.4000,88.2000,34.0000,0,ACTIVE,1,5,4
4186,10636,11:07:30,0,0.00,0,870.1400,27.4000,88.2000,34.0000,0,ACTIVE,1,5,4
4186,10637,11:08:00,0,0.00,0,852.7900,27.4000,86.3000,33.3000,0,ACTIVE,1,5,4
4186,10638,11:08:30,0,0.00,0,854.3900,27.4000,86.3000,34.8000,0,ACTIVE,1,5,4
4186,10639,11:09:00,0,34.00,0,834.0200,26.2000,84.5000,33.3000,1,ACTIVE,1,5,4
4186,10640,11:09:30,0,0.00,0,759.3500,21.6000,77.5000,30.5000,0,ACTIVE,1,5,4
4186,10641,11:10:00,0,0.00,0,713.5500,21.1000,72.6000,28.6000,0,ACTIVE,1,5,4
4186,10642,11:10:30,0,6.00,0,711.5700,20.2000,72.6000,28.6000,0,ACTIVE,1,5,4
4186,10643,11:11:00,0,25.00,0,696.7400,19.4000,71.0000,29.2000,1,ACTIVE,1,5,4
4186,10644,11:11:30,0,54.00,0,651.9000,18.5000,66.6000,25.7000,1,ACTIVE,1,5,4
4186,10645,11:12:00,0,0.00,0,812.2400,24.6000,82.7000,31.2000,0,ACTIVE,1,5,4
4186,10646,11:12:30,0,0.00,0,801.1200,26.2000,80.9000,31.9000,0,ACTIVE,1,5,4
4186,10647,11:13:00,0,0.00,0,816.6300,26.2000,82.7000,31.9000,0,ACTIVE,1,5,4
4186,10648,11:13:30,0,0.00,0,816.6300,26.2000,82.7000,31.9000,0,ACTIVE,1,5,4
4186,10649,11:14:00,0,0.00,0,816.6300,26.2000,82.7000,31.9000,0,ACTIVE,1,5,4
4186,10650,11:14:30,0,0.00,0,852.7900,27.4000,86.3000,33.3000,1,ACTIVE,1,5,4
4186,10651,11:15:00,0,113.00,0,330.9100,11.5000,33.3000,12.8000,1,ACTIVE,1,5,4
4186,10652,11:15:30,0,136.00,0,431.6300,11.8000,44.1000,17.8000,1,ACTIVE,1,5,4
4186,10653,11:16:00,0,122.00,0,438.9300,23.0000,42.2000,16.6000,1,ACTIVE,1,5,4
4186,10654,11:16:30,0,156.00,0,769.8600,18.9000,79.2000,31.9000,1,ACTIVE,1,5,4
4186,10655,11:17:00,0,156.00,0,255.8100,7.1500,26.2000,9.4700,1,ACTIVE,1,5,4
4186,10656,11:17:30,0,226.00,0,308.9900,9.8900,31.2000,12.8000,1,ACTIVE,1,5,4
4186,10657,11:18:00,0,113.00,0,333.1000,14.3000,32.6000,14.9000,1,ACTIVE,1,5,4
4186,10658,11:18:30,0,15.00,0,45.0400,3.6500,4.1600,0.4870,1,ACTIVE,1,5,4
4186,10659,11:19:00,0,11.00,0,44.0800,3.5700,4.0700,0.4770,1,ACTIVE,1,5,4
4186,10660,11:19:30,0,0.00,0,44.0800,3.5700,4.0700,0.4770,0,ACTIVE,1,5,4
4186,10661,11:20:00,0,11.00,0,44.8400,3.5700,4.1600,0.4670,0,ACTIVE,1,5,4
4186,10662,11:20:30,0,0.00,0,45.0300,3.6500,4.1600,0.4770,0,ACTIVE,1,5,4
4186,10663,11:21:00,0,0.00,0,44.0600,3.5700,4.0700,0.4670,0,ACTIVE,1,5,4
4186,10664,11:21:30,0,0.00,0,45.8500,3.6500,4.2500,0.4980,0,ACTIVE,1,5,4
4186,10665,11:22:00,0,11.00,0,45.0400,3.6500,4.1600,0.4870,0,ACTIVE,1,5,4
4186,10666,11:22:30,0,0.00,0,47.2300,3.9000,4.3400,0.5200,0,ACTIVE,1,5,4
4186,10667,11:23:00,0,1.00,0,45.8400,3.6500,4.2500,0.4870,1,ACTIVE,1,5,4
4186,10668,11:23:30,0,75.00,0,50.0100,3.9800,4.6400,0.5550,1,ACTIVE,1,5,4
4186,10669,11:24:00,0,173.00,0,323.4000,22.1000,29.9000,12.0000,1,REST,1,5,4
4186,10670,11:24:30,0,211.00,0,0.6100,0.0596,0.0523,0.0173,1,REST,1,5,4
4186,10671,11:25:00,0,15.00,0,0.2100,0.0215,0.0173,0.0059,1,REST,1,5,4
4186,10672,11:25:30,0,0.00,0,0.2000,0.0170,0.0173,0.0059,1,REST,1,5,4
4186,10673,11:26:00,0,19.00,0,0.1000,0.0298,0.0012,0.0215,1,REST,1,5,4
4186,10674,11:26:30,0,1.00,0,0.2100,0.0215,0.0173,0.0059,0,REST-S,1,5,4
4186,10675,11:27:00,0,43.00,0,0.0300,0.0099,0.0000,0.0059,1,REST-S,1,5,4
4186,10676,11:27:30,0,0.00,0,0.0100,0.0049,0.0000,0.0000,0,REST-S,1,5,4
4186,10677,11:28:00,0,1.00,0,0.0200,0.0049,0.0000,0.0059,0,REST-S,1,5,4
4186,10678,11:28:30,0,0.00,0,0.0200,0.0049,0.0000,0.0059,0,REST-S,1,5,4
4186,10679,11:29:00,0,0.00,0,0.0200,0.0049,0.0000,0.0059,0,REST-S,1,5,4
4186,10680,11:29:30,0,0.00,0,0.0200,0.0049,0.0000,0.0059,0,REST-S,1,5,4
4186,10681,11:30:00,0,0.00,0,0.0200,0.0049,0.0000,0.0059,0,REST-S,1,5,4
4186,10682,11:30:30,0,1.00,0,0.0200,0.0049,0.0000,0.0059,0,REST-S,1,5,4
4186,10683,11:31:00,0,0.00,0,0.0200,0.0049,0.0000,0.0059,0,REST-S,1,5,4
4186,10684,11:31:30,0,0.00,0,0.0200,0.0049,0.0000,0.0059,0,REST-S,1,5,4
4186,10685,11:32:00,0,0.00,0,0.0200,0.0049,0.0000,0.0059,0,REST-S,1,5,4
4186,10686,11:32:30,0,1.00,0,0.0200,0.0049,0.0000,0.0059,0,REST-S,1,5,4
4186,10687,11:33:00,0,0.00,0,0.0200,0.0049,0.0000,0.0059,0,REST-S,1,5,4
4186,10688,11:33:30,0,0.00,0,0.0200,0.0049,0.0000,0.0059,0,REST-S,1,5,4
4186,10689,11:34:00,0,0.00,0,0.0200,0.0049,0.0000,0.0059,0,REST-S,1,5,4
4186,10690,11:34:30,0,0.00,0,0.0200,0.0049,0.0000,0.0059,0,REST-S,1,5,4
4186,10691,11:35:00,0,0.00,0,0.0200,0.0049,0.0000,0.0059,0,REST-S,1,5,4
4186,10692,11:35:30,0,0.00,0,0.0200,0.0049,0.0000,0.0059,0,REST-S,1,5,4
4186,10693,11:36:00,0,0.00,0,0.0200,0.0049,0.0000,0.0059,0,REST-S,1,5,4
4186,10694,11:36:30,0,0.00,0,0.0200,0.0049,0.0000,0.0059,0,REST-S,1,5,4
4186,10695,11:37:00,0,0.00,0,0.0200,0.0049,0.0000,0.0059,0,REST-S,1,5,4
4186,10696,11:37:30,0,0.00,0,0.0200,0.0049,0.0000,0.0059,0,REST-S,1,5,4
4186,10697,11:38:00,0,0.00,0,0.0200,0.0049,0.0000,0.0059,0,REST-S,1,5,4
4186,10698,11:38:30,0,0.00,0,0.0200,0.0049,0.0000,0.0059,0,REST-S,1,5,4
4186,10699,11:39:00,0,1.00,0,0.0200,0.0049,0.0000,0.0059,0,REST-S,1,5,4
4186,10700,11:39:30,0,0.00,0,0.0200,0.0049,0.0000,0.0059,0,REST-S,1,5,4
4186,10701,11:40:00,0,0.00,0,0.0200,0.0049,0.0000,0.0059,0,REST-S,1,5,4
4186,10702,11:40:30,0,0.00,0,0.0200,0.0049,0.0000,0.0059,0,REST-S,1,5,4
4186,10703,11:41:00,0,0.00,0,0.0200,0.0049,0.0000,0.0059,0,REST-S,1,5,4
4186,10704,11:41:30,0,0.00,0,0.0200,0.0049,0.0000,0.0059,0,REST-S,1,5,4
4186,10705,11:42:00,0,4.00,0,0.1700,0.0042,0.0173,0.0059,0,REST-S,1,5,4
4186,10706,11:42:30,0,10.00,0,0.0200,0.0049,0.0000,0.0059,0,REST-S,1,5,4
4186,10707,11:43:00,0,0.00,0,0.0200,0.0049,0.0000,0.0059,0,REST-S,1,5,4
4186,10708,11:43:30,0,7.00,0,0.1700,0.0042,0.0173,0.0059,1,REST,1,5,4
4186,10709,11:44:00,0,36.00,0,0.1800,0.0085,0.0173,0.0059,1,REST,1,5,4
4186,10710,11:44:30,0,226.00,0,280.1700,5.2800,29.2000,11.5000,1,ACTIVE,1,5,4
4186,10711,11:45:00,0,113.00,0,318.5100,17.4000,30.5000,11.8000,1,ACTIVE,1,5,4
4186,10712,11:45:30,0,0.00,0,233.5200,10.6000,23.0000,7.8000,1,ACTIVE,1,5,4
4186,10713,11:46:00,0,0.00,0,233.5200,10.6000,23.0000,7.8000,0,ACTIVE,1,5,4
4186,10714,11:46:30,0,0.00,0,233.7100,10.6000,23.0000,7.9700,0,ACTIVE,1,5,4
4186,10715,11:47:00,0,0.00,0,238.1200,10.6000,23.5000,7.9700,0,ACTIVE,1,5,4
4186,10716,11:47:30,0,0.00,0,259.8800,11.5000,25.7000,8.8800,0,ACTIVE,1,5,4
4186,10717,11:48:00,0,0.00,0,260.1000,11.5000,25.7000,9.0700,0,ACTIVE,1,5,4
4186,10718,11:48:30,0,0.00,0,260.1000,11.5000,25.7000,9.0700,0,ACTIVE,1,5,4
4186,10719,11:49:00,0,0.00,0,260.1000,11.5000,25.7000,9.0700,0,ACTIVE,1,5,4
4186,10720,11:49:30,0,0.00,0,259.8800,11.5000,25.7000,8.8800,0,ACTIVE,1,5,4
4186,10721,11:50:00,0,0.00,0,259.6800,11.5000,25.7000,8.6900,0,ACTIVE,1,5,4
4186,10722,11:50:30,0,0.00,0,259.6800,11.5000,25.7000,8.6900,0,ACTIVE,1,5,4
4186,10723,11:51:00,0,7.00,0,254.3100,11.3000,25.1000,8.6900,0,ACTIVE,1,5,4
4186,10724,11:51:30,0,72.00,0,116.6100,3.4200,12.0000,3.4200,1,ACTIVE,1,5,4
4186,10725,11:52:00,0,0.00,0,38.3300,2.9400,3.5700,0.4770,1,ACTIVE,1,5,4
4186,10726,11:52:30,0,140.00,0,197.4300,4.3400,21.1000,2.6400,1,ACTIVE,1,5,4
4186,10727,11:53:00,0,2.00,0,35.9000,2.7600,3.3500,0.4280,1,ACTIVE,1,5,4
4186,10728,11:53:30,0,127.00,0,563.5200,22.5000,56.0000,21.6000,1,ACTIVE,1,5,4
4186,10729,11:54:00,0,47.00,0,308.5400,13.1000,30.5000,11.3000,1,ACTIVE,1,5,4
4186,10730,11:54:30,0,4.00,0,360.7600,15.6000,35.5000,14.0000,1,ACTIVE,1,5,4
4186,10731,11:55:00,0,1.00,0,429.0100,18.5000,42.2000,16.6000,0,ACTIVE,1,5,4
4186,10732,11:55:30,0,0.00,0,437.5100,18.5000,43.2000,17.0000,0,ACTIVE,1,5,4
4186,10733,11:56:00,0,0.00,0,457.8200,19.8000,45.1000,17.8000,0,ACTIVE,1,5,4
4186,10734,11:56:30,0,0.00,0,459.6300,20.2000,45.1000,18.5000,0,ACTIVE,1,5,4
4186,10735,11:57:00,0,0.00,0,468.2800,20.2000,46.1000,18.5000,0,ACTIVE,1,5,4
4186,10736,11:57:30,0,0.00,0,468.2800,20.2000,46.1000,18.5000,0,ACTIVE,1,5,4
4186,10737,11:58:00,0,0.00,0,478.0900,20.7000,47.1000,18.5000,0,ACTIVE,1,5,4
4186,10738,11:58:30,0,11.00,0,242.7800,12.0000,23.5000,9.2700,0,ACTIVE,1,5,4
4186,10739,11:59:00,0,1.00,0,31.9700,2.6400,2.9400,0.3370,0,ACTIVE,1,5,4
4186,10740,11:59:30,0,7.00,0,32.8000,2.7600,3.0100,0.3450,1,ACTIVE,1,5,4
4186,10741,12:00:00,0,30.00,0,32.2200,2.7600,2.9400,0.3370,1,ACTIVE,1,5,5
4186,10742,12:00:30,0,173.00,0,284.8300,10.1000,28.6000,11.0000,1,ACTIVE,1,5,5
4186,10743,12:01:00,0,52.00,0,489.6100,17.0000,49.1000,19.8000,1,ACTIVE,1,5,5
4186,10744,12:01:30,0,49.00,0,633.7600,22.1000,63.7000,24.6000,1,ACTIVE,1,5,5
4186,10745,12:02:00,0,1.00,0,765.2900,30.5000,75.8000,31.2000,1,ACTIVE,1,5,5
4186,10746,12:02:30,0,82.00,0,768.2800,31.9000,75.8000,31.2000,1,ACTIVE,1,5,5
4186,10747,12:03:00,0,0.00,0,645.4000,26.2000,63.7000,26.8000,0,ACTIVE,1,5,5
4186,10748,12:03:30,0,75.00,0,554.2000,18.5000,56.0000,21.1000,1,ACTIVE,1,5,5
4186,10749,12:04:00,0,16.00,0,825.4200,23.0000,84.5000,31.9000,1,ACTIVE,1,5,5
4186,10750,12:04:30,0,24.00,0,807.7300,22.5000,82.7000,31.2000,1,ACTIVE,1,5,5
4186,10751,12:05:00,0,1.00,0,851.0200,26.2000,86.3000,34.0000,0,ACTIVE,1,5,5
4186,10752,12:05:30,0,13.00,0,846.5800,24.6000,86.3000,33.3000,1,ACTIVE,1,5,5
4186,10753,12:06:00,0,4.00,0,812.9900,24.6000,82.7000,31.9000,0,ACTIVE,1,5,5
4186,10754,12:06:30,0,43.00,0,829.6000,24.6000,84.5000,32.6000,1,ACTIVE,1,5,5
4186,10755,12:07:00,0,3.00,0,851.0200,26.2000,86.3000,34.0000,1,ACTIVE,1,5,5
4186,10756,12:07:30,0,1.00,0,869.3400,27.4000,88.2000,33.3000,1,ACTIVE,1,5,5
4186,10757,12:08:00,0,3.00,0,869.3400,27.4000,88.2000,33.3000,1,ACTIVE,1,5,5
4186,10758,12:08:30,0,92.00,0,452.5800,13.7000,46.1000,17.4000,1,ACTIVE,1,5,5
4186,10759,12:09:00,0,508.00,0,28.6400,1.8700,2.7600,0.3370,1,ACTIVE,1,5,5
4186,10760,12:09:30,0,140.00,0,97.7600,3.8100,9.6800,4.1600,1,ACTIVE,1,5,5
4186,10761,12:10:00,0,127.00,0,93.9800,3.8100,9.2700,3.9800,1,ACTIVE,1,5,5
4186,10762,12:10:30,0,102.00,0,50.8600,3.5700,4.7400,1.3500,1,ACTIVE,1,5,5
4186,10763,12:11:00,0,95.00,0,44.4100,2.9400,4.1600,1.3500,1,ACTIVE,1,5,5
4186,10764,12:11:30,0,89.00,0,49.5100,3.3500,4.6400,1.3800,1,ACTIVE,1,5,5
4186,10765,12:12:00,0,70.00,0,13.1800,0.9750,1.2100,0.3920,1,ACTIVE,1,5,5
4186,10766,12:12:30,0,140.00,0,14.9300,1.4400,1.3200,0.1760,1,ACTIVE,1,5,5
4186,10767,12:13:00,0,6.00,0,0.0200,0.0049,0.0000,0.0059,1,ACTIVE,1,5,5
4186,10768,12:13:30,0,1.00,0,0.0200,0.0049,0.0000,0.0059,0,ACTIVE,1,5,5
4186,10769,12:14:00,0,0.00,0,0.0200,0.0049,0.0000,0.0059,0,ACTIVE,1,5,5
4186,10770,12:14:30,0,0.00,0,0.0200,0.0049,0.0000,0.0059,0,ACTIVE,1,5,5
4186,10771,12:15:00,0,2.00,0,0.0200,0.0049,0.0000,0.0059,0,ACTIVE,1,5,5
4186,10772,12:15:30,0,0.00,0,0.0200,0.0049,0.0000,0.0059,0,ACTIVE,1,5,5
4186,10773,12:16:00,0,43.00,0,195.3700,4.7400,20.2000,7.1500,1,ACTIVE,1,5,5
4186,10774,12:16:30,0,18.00,0,749.6300,30.5000,74.2000,29.9000,1,ACTIVE,1,5,5
4186,10775,12:17:00,0,0.00,0,736.4200,30.5000,72.6000,30.5000,0,ACTIVE,1,5,5
4186,10776,12:17:30,0,45.00,0,446.1900,18.5000,44.1000,17.4000,1,ACTIVE,1,5,5
4186,10777,12:18:00,0,6.00,0,17.2100,1.3200,1.6000,0.2280,0,ACTIVE,1,5,5
4186,10778,12:18:30,0,1.00,0,2.5200,0.1330,0.2440,0.0880,0,ACTIVE,1,5,5
4186,10779,12:19:00,0,0.00,0,2.1600,0.1120,0.2090,0.0756,0,ACTIVE,1,5,5
4186,10780,12:19:30,0,0.00,0,1.2600,0.0679,0.1220,0.0412,0,ACTIVE,1,5,5
4186,10781,12:20:00,0,1.00,0,1.8200,0.0981,0.1760,0.0523,0,ACTIVE,1,5,5
4186,10782,12:20:30,0,0.00,0,3.7400,0.1760,0.3680,0.1220,0,ACTIVE,1,5,5
4186,10783,12:21:00,0,0.00,0,3.4600,0.1720,0.3370,0.1120,0,ACTIVE,1,5,5
4186,10784,12:21:30,0,1.00,0,1.7900,0.0861,0.1760,0.0523,0,ACTIVE,1,5,5
4186,10785,12:22:00,0,4.00,0,3.7600,0.1840,0.3680,0.1220,0,ACTIVE,1,5,5
4186,10786,12:22:30,0,0.00,0,4.4200,0.2000,0.4370,0.1330,0,ACTIVE,1,5,5
4186,10787,12:23:00,0,1.00,0,2.8300,0.1360,0.2770,0.0880,0,ACTIVE,1,5,5
4186,10788,12:23:30,0,0.00,0,2.8300,0.1360,0.2770,0.0880,0,ACTIVE,1,5,5
4186,10789,12:24:00,0,2.00,0,0.5700,0.0431,0.0523,0.0173,0,ACTIVE,1,5,5
4186,10790,12:24:30,0,3.00,0,0.5700,0.0431,0.0523,0.0173,0,ACTIVE,1,5,5
4186,10791,12:25:00,0,0.00,0,1.8300,0.0981,0.1760,0.0650,0,ACTIVE,1,5,5
4186,10792,12:25:30,0,0.00,0,2.5100,0.1330,0.2440,0.0756,0,ACTIVE,1,5,5
4186,10793,12:26:00,0,0.00,0,3.7500,0.1840,0.3680,0.1120,0,ACTIVE,1,5,5
4186,10794,12:26:30,0,0.00,0,4.1000,0.2000,0.4010,0.1330,0,ACTIVE,1,5,5
4186,10795,12:27:00,0,4.00,0,3.4600,0.1760,0.3370,0.1120,0,ACTIVE,1,5,5
4186,10796,12:27:30,0,0.00,0,0.1000,0.0298,0.0012,0.0215,0,ACTIVE,1,5,5
4186,10797,12:28:00,0,0.00,0,0.9100,0.0559,0.0880,0.0115,0,ACTIVE,1,5,5
4186,10798,12:28:30,0,0.00,0,0.9200,0.0596,0.0880,0.0115,0,ACTIVE,1,5,5
4186,10799,12:29:00,0,0.00,0,0.5700,0.0431,0.0523,0.0173,0,ACTIVE,1,5,5
4186,10800,12:29:30,0,58.00,0,223.7800,8.8800,22.1000,10.1000,1,ACTIVE,1,5,5
4186,10801,12:30:00,0,33.00,0,300.6700,11.8000,29.9000,12.0000,1,ACTIVE,1,5,5
4186,10802,12:30:30,0,12.00,0,7.4800,0.6050,0.6890,0.0939,1,ACTIVE,1,5,5
4186,10803,12:31:00,0,17.00,0,6.2800,0.5090,0.5790,0.0773,1,ACTIVE,1,5,5
4186,10804,12:31:30,0,1.00,0,9.2500,0.7350,0.8560,0.1140,0,ACTIVE,1,5,5
4186,10805,12:32:00,0,61.00,0,6.0400,0.4980,0.5550,0.0724,1,ACTIVE,1,5,5
4186,10806,12:32:30,0,1.00,0,2.2500,0.2140,0.2000,0.0206,0,ACTIVE,1,5,5
4186,10807,12:33:00,0,0.00,0,2.3700,0.2140,0.2140,0.0256,0,ACTIVE,1,5,5
4186,10808,12:33:30,0,0.00,0,2.6300,0.2330,0.2380,0.0256,0,ACTIVE,1,5,5
4186,10809,12:34:00,0,8.00,0,1.9500,0.1760,0.1760,0.0206,0,ACTIVE,1,5,5
4186,10810,12:34:30,0,1.00,0,2.2100,0.1960,0.2000,0.0206,0,ACTIVE,1,5,5
4186,10811,12:35:00,0,0.00,0,2.2200,0.2000,0.2000,0.0206,0,ACTIVE,1,5,5
4186,10812,12:35:30,0,0.00,0,2.2200,0.2000,0.2000,0.0206,0,ACTIVE,1,5,5
4186,10813,12:36:00,0,0.00,0,2.2500,0.2090,0.2000,0.0256,0,ACTIVE,1,5,5
4186,10814,12:36:30,0,1.00,0,2.2300,0.2000,0.2000,0.0256,0,ACTIVE,1,5,5
4186,10815,12:37:00,0,0.00,0,2.2300,0.2000,0.2000,0.0256,0,ACTIVE,1,5,5
4186,10816,12:37:30,0,0.00,0,1.9800,0.1880,0.1760,0.0206,0,ACTIVE,1,5,5
4186,10817,12:38:00,0,0.00,0,2.3700,0.2140,0.2140,0.0256,0,ACTIVE,1,5,5
4186,10818,12:38:30,0,1.00,0,2.4100,0.2280,0.2140,0.0256,0,ACTIVE,1,5,5
4186,10819,12:39:00,0,0.00,0,2.6400,0.2330,0.2380,0.0298,0,ACTIVE,1,5,5
4186,10820,12:39:30,0,2.00,0,2.4100,0.2280,0.2140,0.0256,0,ACTIVE,1,5,5
4186,10821,12:40:00,0,38.00,0,15.3800,1.5400,1.3500,0.1610,1,ACTIVE,1,5,5
4186,10822,12:40:30,0,7.00,0,25.4500,2.1700,2.3200,0.3160,0,ACTIVE,1,5,5
4186,10823,12:41:00,0,1.00,0,15.2900,1.7100,1.2900,0.1760,0,ACTIVE,1,5,5
4186,10824,12:41:30,0,9.00,0,9.9700,1.0600,0.8560,0.1190,0,ACTIVE,1,5,5
4186,10825,12:42:00,0,8.00,0,9.1100,0.7510,0.8370,0.1090,0,ACTIVE,1,5,5
4186,10826,12:42:30,0,0.00,0,6.3100,0.5200,0.5790,0.0807,0,ACTIVE,1,5,5
4186,10827,12:43:00,0,21.00,0,12.7200,1.3800,1.0900,0.1450,1,ACTIVE,1,5,5
4186,10828,12:43:30,0,0.00,0,14.0600,1.1600,1.2900,0.1720,0,ACTIVE,1,5,5
4186,10829,12:44:00,0,0.00,0,13.7600,1.1300,1.2600,0.1720,0,ACTIVE,1,5,5
4186,10830,12:44:30,0,9.00,0,10.6200,0.8750,0.9750,0.1360,0,ACTIVE,1,5,5
4186,10831,12:45:00,0,0.00,0,11.2900,0.9130,1.0400,0.1510,0,ACTIVE,1,5,5
4186,10832,12:45:30,0,0.00,0,12.5800,1.0200,1.1600,0.1650,0,ACTIVE,1,5,5
4186,10833,12:46:00,0,0.00,0,13.4200,1.0900,1.2400,0.1760,0,ACTIVE,1,5,5
4186,10834,12:46:30,0,0.00,0,14.6400,1.1800,1.3500,0.1880,0,ACTIVE,1,5,5
4186,10835,12:47:00,0,4.00,0,13.4200,1.0900,1.2400,0.1760,0,ACTIVE,1,5,5
4186,10836,12:47:30,0,0.00,0,12.8100,1.0200,1.1800,0.1760,0,ACTIVE,1,5,5
4186,10837,12:48:00,0,11.00,0,13.7100,1.1100,1.2600,0.1760,0,ACTIVE,1,5,5
4186,10838,12:48:30,0,17.00,0,11.2800,0.9130,1.0400,0.1420,0,ACTIVE,1,5,5
4186,10839,12:49:00,0,0.00,0,13.9700,1.1100,1.2900,0.1840,0,ACTIVE,1,5,5
4186,10840,12:49:30,0,0.00,0,13.1300,1.0600,1.2100,0.1650,0,ACTIVE,1,5,5
4186,10841,12:50:00,0,1.00,0,13.7100,1.1100,1.2600,0.1720,0,ACTIVE,1,5,5
4186,10842,12:50:30,0,40.00,0,18.1600,1.7500,1.6000,0.2280,1,ACTIVE,1,5,5
4186,10843,12:51:00,0,82.00,0,359.3700,15.3000,35.5000,13.4000,1,ACTIVE,1,5,5
4186,10844,12:51:30,0,63.00,0,500.7600,22.1000,49.1000,19.8000,1,ACTIVE,1,5,5
4186,10845,12:52:00,0,0.00,0,604.2100,24.6000,59.7000,24.6000,0,ACTIVE,1,5,5
4186,10846,12:52:30,0,0.00,0,615.6600,24.6000,61.0000,24.6000,0,ACTIVE,1,5,5
4186,10847,12:53:00,0,4.00,0,612.2400,23.0000,61.0000,24.6000,0,ACTIVE,1,5,5
4186,10848,12:53:30,0,0.00,0,604.2100,24.6000,59.7000,24.6000,0,ACTIVE,1,5,5
4186,10849,12:54:00,0,3.00,0,604.2100,24.6000,59.7000,24.6000,0,ACTIVE,1,5,5
4186,10850,12:54:30,0,54.00,0,616.8500,24.6000,61.0000,25.7000,1,ACTIVE,1,5,5
4186,10851,12:55:00,0,67.00,0,555.1500,23.0000,54.8000,22.5000,1,ACTIVE,1,5,5
4186,10852,12:55:30,0,2.00,0,541.1400,21.6000,53.6000,22.1000,1,ACTIVE,1,5,5
4186,10853,12:56:00,0,75.00,0,490.4900,21.6000,48.1000,19.8000,1,ACTIVE,1,5,5
4186,10854,12:56:30,0,150.00,0,377.5900,9.6800,38.7000,15.6000,1,ACTIVE,1,5,5
4186,10855,12:57:00,0,4.00,0,501.2300,22.1000,49.1000,20.2000,1,ACTIVE,1,5,5
4186,10856,12:57:30,0,7.00,0,567.3100,23.5000,56.0000,23.0000,1,ACTIVE,1,5,5
4186,10857,12:58:00,0,1.00,0,616.8500,24.6000,61.0000,25.7000,0,ACTIVE,1,5,5
4186,10858,12:58:30,0,2.00,0,616.8500,24.6000,61.0000,25.7000,0,ACTIVE,1,5,5
4186,10859,12:59:00,0,0.00,0,673.3200,27.4000,66.6000,27.4000,0,ACTIVE,1,5,5
4186,10860,12:59:30,0,13.00,0,705.2000,29.2000,69.5000,29.2000,1,ACTIVE,1,5,5
4186,10861,13:00:00,0,75.00,0,718.5300,29.2000,71.0000,29.2000,1,ACTIVE,1,5,5
4186,10862,13:00:30,0,0.00,0,749.6300,30.5000,74.2000,29.9000,0,ACTIVE,1,5,5
4186,10863,13:01:00,0,0.00,0,736.4200,30.5000,72.6000,30.5000,0,ACTIVE,1,5,5
4186,10864,13:01:30,0,0.00,0,749.6300,30.5000,74.2000,29.9000,0,ACTIVE,1,5,5
4186,10865,13:02:00,0,0.00,0,722.7900,30.5000,71.0000,30.5000,0,ACTIVE,1,5,5
4186,10866,13:02:30,0,0.00,0,749.6300,30.5000,74.2000,29.9000,0,ACTIVE,1,5,5
4186,10867,13:03:00,0,0.00,0,736.4200,30.5000,72.6000,30.5000,0,ACTIVE,1,5,5
4186,10868,13:03:30,0,1.00,0,749.6300,30.5000,74.2000,29.9000,0,ACTIVE,1,5,5
4186,10869,13:04:00,0,16.00,0,400.3900,16.6000,39.6000,15.6000,0,ACTIVE,1,5,5
4186,10870,13:04:30,0,16.00,0,24.4000,2.0800,2.2200,0.3300,0,ACTIVE,1,5,5
4186,10871,13:05:00,0,0.00,0,13.0900,1.0400,1.2100,0.1720,0,ACTIVE,1,5,5
4186,10872,13:05:30,0,0.00,0,10.0900,0.8020,0.9330,0.1330,0,ACTIVE,1,5,5
4186,10873,13:06:00,0,12.00,0,15.3300,1.3800,1.3800,0.1920,0,ACTIVE,1,5,5
4186,10874,13:06:30,0,25.00,0,54.3200,3.3500,5.1700,1.5400,1,ACTIVE,1,5,5
4186,10875,13:07:00,0,4.00,0,51.9500,3.2100,4.9500,1.4100,0,ACTIVE,1,5,5
4186,10876,13:07:30,0,15.00,0,16.0200,1.4400,1.4400,0.2090,0,ACTIVE,1,5,5
4186,10877,13:08:00,0,2.00,0,34.0400,1.6700,3.3500,0.9130,0,ACTIVE,1,5,5
4186,10878,13:08:30,0,0.00,0,41.4400,2.7600,3.9000,1.1100,0,ACTIVE,1,5,5
4186,10879,13:09:00,0,11.00,0,43.9000,2.8200,4.1600,1.1300,0,ACTIVE,1,5,5
4186,10880,13:09:30,0,1.00,0,55.5400,3.5000,5.2800,1.4400,0,ACTIVE,1,5,5
4186,10881,13:10:00,0,0.00,0,54.5500,3.5000,5.1700,1.4400,0,ACTIVE,1,5,5
4186,10882,13:10:30,0,0.00,0,54.5500,3.5000,5.1700,1.4400,0,ACTIVE,1,5,5
4186,10883,13:11:00,0,0.00,0,54.5500,3.5000,5.1700,1.4400,0,ACTIVE,1,5,5
4186,10884,13:11:30,0,0.00,0,54.5500,3.5000,5.1700,1.4400,0,ACTIVE,1,5,5
4186,10885,13:12:00,0,1.00,0,54.5500,3.5000,5.1700,1.4400,0,ACTIVE,1,5,5
4186,10886,13:12:30,0,2.00,0,53.3500,3.4200,5.0600,1.3800,0,ACTIVE,1,5,5
4186,10887,13:13:00,0,10.00,0,27.1100,1.6700,2.5800,0.7200,1,ACTIVE,1,5,5
4186,10888,13:13:30,0,56.00,0,28.2300,1.4700,2.7600,0.7680,1,ACTIVE,1,5,5
4186,10889,13:14:00,0,179.00,0,542.7400,22.5000,53.6000,21.6000,1,ACTIVE,1,5,5
4186,10890,13:14:30,0,4.00,0,674.6400,27.4000,66.6000,28.6000,1,ACTIVE,1,5,5
4186,10891,13:15:00,0,10.00,0,673.9700,27.4000,66.6000,28.0000,1,ACTIVE,1,5,5
4186,10892,13:15:30,0,47.00,0,621.1000,26.2000,61.0000,26.2000,1,ACTIVE,1,5,5
4186,10893,13:16:00,0,4.00,0,673.9700,27.4000,66.6000,28.0000,1,ACTIVE,1,5,5
4186,10894,13:16:30,0,56.00,0,696.5600,26.2000,69.5000,27.4000,1,ACTIVE,1,5,5
4186,10895,13:17:00,0,54.00,0,328.4100,18.9000,31.2000,12.3000,1,ACTIVE,1,5,5
4186,10896,13:17:30,0,0.00,0,195.4500,8.3200,19.4000,6.8500,0,ACTIVE,1,5,5
4186,10897,13:18:00,0,0.00,0,188.1000,8.3200,18.5000,6.7000,0,ACTIVE,1,5,5
4186,10898,13:18:30,0,0.00,0,164.5600,7.1500,16.3000,5.6300,0,ACTIVE,1,5,5
4186,10899,13:19:00,0,0.00,0,157.9100,7.0000,15.6000,5.3900,0,ACTIVE,1,5,5
4186,10900,13:19:30,0,0.00,0,164.3000,7.1500,16.3000,5.3900,0,ACTIVE,1,5,5
4186,10901,13:20:00,0,1.00,0,175.2400,7.4700,17.4000,6.0100,0,ACTIVE,1,5,5
4186,10902,13:20:30,0,0.00,0,168.1600,7.3100,16.6000,5.7600,0,ACTIVE,1,5,5
4186,10903,13:21:00,0,0.00,0,165.0400,7.3100,16.3000,5.7600,0,ACTIVE,1,5,5
4186,10904,13:21:30,0,1.00,0,168.1600,7.3100,16.6000,5.7600,0,ACTIVE,1,5,5
4186,10905,13:22:00,0,0.00,0,168.1600,7.3100,16.6000,5.7600,0,ACTIVE,1,5,5
4186,10906,13:22:30,0,67.00,0,225.2500,8.6900,22.5000,7.9700,1,ACTIVE,1,5,5
4186,10907,13:23:00,0,17.00,0,317.8400,14.3000,31.2000,12.0000,1,ACTIVE,1,5,5
4186,10908,13:23:30,0,0.00,0,324.1100,14.3000,31.9000,12.3000,0,ACTIVE,1,5,5
4186,10909,13:24:00,0,0.00,0,317.1700,14.0000,31.2000,12.0000,0,ACTIVE,1,5,5
4186,10910,13:24:30,0,0.00,0,324.1100,14.3000,31.9000,12.3000,0,ACTIVE,1,5,5
4186,10911,13:25:00,0,0.00,0,309.8300,13.7000,30.5000,11.3000,0,ACTIVE,1,5,5
4186,10912,13:25:30,0,0.00,0,323.8200,14.3000,31.9000,12.0000,0,ACTIVE,1,5,5
4186,10913,13:26:00,0,0.00,0,338.1600,14.9000,33.3000,12.6000,0,ACTIVE,1,5,5
4186,10914,13:26:30,0,61.00,0,102.7400,2.6400,10.3000,5.8800,1,ACTIVE,1,5,5
4186,10915,13:27:00,0,17.00,0,57.7300,3.5000,5.5100,1.5700,1,ACTIVE,1,5,5
4186,10916,13:27:30,0,13.00,0,38.9200,3.2100,3.5700,0.4770,1,ACTIVE,1,5,5
4186,10917,13:28:00,0,61.00,0,370.1200,16.3000,36.3000,14.9000,1,ACTIVE,1,5,5
4186,10918,13:28:30,0,25.00,0,704.5100,29.2000,69.5000,28.6000,1,ACTIVE,1,5,5
4186,10919,13:29:00,0,0.00,0,705.2000,29.2000,69.5000,29.2000,0,ACTIVE,1,5,5
4186,10920,13:29:30,0,0.00,0,704.5100,29.2000,69.5000,28.6000,0,ACTIVE,1,5,5
4186,10921,13:30:00,0,102.00,0,722.7900,30.5000,71.0000,30.5000,1,ACTIVE,1,5,5
4186,10922,13:30:30,0,2.00,0,725.7800,31.9000,71.0000,30.5000,1,ACTIVE,1,5,5
4186,10923,13:31:00,0,6.00,0,722.0800,30.5000,71.0000,29.9000,1,ACTIVE,1,5,5
4186,10924,13:31:30,0,89.00,0,718.5300,29.2000,71.0000,29.2000,1,ACTIVE,1,5,5
4186,10925,13:32:00,0,3.00,0,705.2000,29.2000,69.5000,29.2000,0,ACTIVE,1,5,5
4186,10926,13:32:30,0,1.00,0,722.0800,30.5000,71.0000,29.9000,0,ACTIVE,1,5,5
4186,10927,13:33:00,0,1.00,0,721.3900,30.5000,71.0000,29.2000,0,ACTIVE,1,5,5
4186,10928,13:33:30,0,0.00,0,721.3900,30.5000,71.0000,29.2000,0,ACTIVE,1,5,5
4186,10929,13:34:00,0,22.00,0,705.8900,29.2000,69.5000,29.9000,1,ACTIVE,1,5,5
4186,10930,13:34:30,0,79.00,0,651.7000,17.0000,66.6000,28.6000,1,ACTIVE,1,5,5
4186,10931,13:35:00,0,24.00,0,754.0500,31.9000,74.2000,31.2000,1,ACTIVE,1,5,5
4186,10932,13:35:30,0,0.00,0,722.0800,30.5000,71.0000,29.9000,0,ACTIVE,1,5,5
4186,10933,13:36:00,0,1.00,0,722.7900,30.5000,71.0000,30.5000,0,ACTIVE,1,5,5
4186,10934,13:36:30,0,0.00,0,749.6300,30.5000,74.2000,29.9000,0,ACTIVE,1,5,5
4186,10935,13:37:00,0,7.00,0,722.7900,30.5000,71.0000,30.5000,0,ACTIVE,1,5,5
4186,10936,13:37:30,0,1.00,0,735.7100,30.5000,72.6000,29.9000,0,ACTIVE,1,5,5
4186,10937,13:38:00,0,0.00,0,722.7900,30.5000,71.0000,30.5000,0,ACTIVE,1,5,5
4186,10938,13:38:30,0,0.00,0,754.0500,31.9000,74.2000,31.2000,0,ACTIVE,1,5,5
4186,10939,13:39:00,0,95.00,0,154.3800,5.2800,15.6000,5.6300,1,ACTIVE,1,5,5
4186,10940,13:39:30,0,6.00,0,35.8100,3.0100,3.2800,0.4190,0,ACTIVE,1,5,5
4186,10941,13:40:00,0,0.00,0,35.6700,2.9400,3.2800,0.4190,0,ACTIVE,1,5,5
4186,10942,13:40:30,0,0.00,0,35.7000,2.9400,3.2800,0.4470,0,ACTIVE,1,5,5
4186,10943,13:41:00,0,0.00,0,34.4400,2.9400,3.1400,0.4100,0,ACTIVE,1,5,5
4186,10944,13:41:30,0,0.00,0,33.5400,2.8200,3.0700,0.3760,0,ACTIVE,1,5,5
4186,10945,13:42:00,0,0.00,0,34.1300,2.8200,3.1400,0.3760,0,ACTIVE,1,5,5
4186,10946,13:42:30,0,0.00,0,33.8000,2.9400,3.0700,0.3600,0,ACTIVE,1,5,5
4186,10947,13:43:00,0,0.00,0,33.2100,2.9400,3.0100,0.3520,0,ACTIVE,1,5,5
4186,10948,13:43:30,0,1.00,0,33.5200,2.8200,3.0700,0.3600,0,ACTIVE,1,5,5
4186,10949,13:44:00,0,4.00,0,33.5600,2.8200,3.0700,0.3920,0,ACTIVE,1,5,5
4186,10950,13:44:30,0,0.00,0,32.6500,2.9400,2.9400,0.3520,0,ACTIVE,1,5,5
4186,10951,13:45:00,0,0.00,0,32.9500,2.8200,3.0100,0.3680,0,ACTIVE,1,5,5
4186,10952,13:45:30,0,0.00,0,33.5400,2.8200,3.0700,0.3760,0,ACTIVE,1,5,5
4186,10953,13:46:00,0,0.00,0,32.9500,2.8200,3.0100,0.3680,0,ACTIVE,1,5,5
4186,10954,13:46:30,0,1.00,0,32.8300,2.7600,3.0100,0.3760,0,ACTIVE,1,5,5
4186,10955,13:47:00,0,3.00,0,30.6100,2.7600,2.7600,0.3450,0,ACTIVE,1,5,5
4186,10956,13:47:30,0,0.00,0,32.2400,2.7600,2.9400,0.3520,0,ACTIVE,1,5,5
4186,10957,13:48:00,0,0.00,0,32.2500,2.7600,2.9400,0.3600,0,ACTIVE,1,5,5
4186,10958,13:48:30,0,0.00,0,33.5700,2.8200,3.0700,0.4010,0,ACTIVE,1,5,5
4186,10959,13:49:00,0,0.00,0,32.2400,2.7600,2.9400,0.3520,0,ACTIVE,1,5,5
4186,10960,13:49:30,0,0.00,0,32.2400,2.7600,2.9400,0.3520,0,ACTIVE,1,5,5
4186,10961,13:50:00,0,0.00,0,32.9500,2.8200,3.0100,0.3600,0,ACTIVE,1,5,5
4186,10962,13:50:30,0,1.00,0,30.8700,2.6400,2.8200,0.3300,0,ACTIVE,1,5,5
4186,10963,13:51:00,0,0.00,0,32.3900,2.8200,2.9400,0.3680,0,ACTIVE,1,5,5
4186,10964,13:51:30,0,0.00,0,32.2600,2.7600,2.9400,0.3680,0,ACTIVE,1,5,5
4186,10965,13:52:00,0,0.00,0,31.6700,2.7600,2.8800,0.3370,0,ACTIVE,1,5,5
4186,10966,13:52:30,0,0.00,0,32.8300,2.7600,3.0100,0.3760,0,ACTIVE,1,5,5
4186,10967,13:53:00,0,15.00,0,29.0700,2.5300,2.6400,0.3300,0,ACTIVE,1,5,5
4186,10968,13:53:30,0,2.00,0,32.2700,2.7600,2.9400,0.3760,0,ACTIVE,1,5,5
4186,10969,13:54:00,0,4.00,0,30.3400,2.6400,2.7600,0.3300,0,ACTIVE,1,5,5
4186,10970,13:54:30,0,0.00,0,31.1200,2.7600,2.8200,0.3230,0,ACTIVE,1,5,5
4186,10971,13:55:00,0,0.00,0,31.8000,2.8200,2.8800,0.3300,1,ACTIVE,1,5,5
4186,10972,13:55:30,0,131.00,0,380.4000,18.5000,37.1000,13.4000,1,ACTIVE,1,5,5
4186,10973,13:56:00,0,61.00,0,415.7400,16.6000,41.3000,15.6000,1,ACTIVE,1,5,5
4186,10974,13:56:30,0,15.00,0,26.6500,2.3200,2.4200,0.3030,1,ACTIVE,1,5,5
4186,10975,13:57:00,0,6.00,0,32.2800,2.7600,2.9400,0.3920,1,ACTIVE,1,5,5
4186,10976,13:57:30,0,56.00,0,34.0700,2.7600,3.1400,0.4470,1,ACTIVE,1,5,5
4186,10977,13:58:00,0,47.00,0,599.7500,17.4000,61.0000,24.6000,1,ACTIVE,1,5,5
4186,10978,13:58:30,0,6.00,0,673.3200,27.4000,66.6000,27.4000,0,ACTIVE,1,5,5
4186,10979,13:59:00,0,0.00,0,673.3200,27.4000,66.6000,27.4000,0,ACTIVE,1,5,5
4186,10980,13:59:30,0,0.00,0,673.3200,27.4000,66.6000,27.4000,0,ACTIVE,1,5,5
4186,10981,14:00:00,0,1.00,0,664.8900,29.2000,65.1000,27.4000,0,ACTIVE,1,5,5
4186,10982,14:00:30,0,0.00,0,664.8900,29.2000,65.1000,27.4000,0,ACTIVE,1,5,5
4186,10983,14:01:00,0,0.00,0,673.9700,27.4000,66.6000,28.0000,0,ACTIVE,1,5,5
4186,10984,14:01:30,0,0.00,0,673.3200,27.4000,66.6000,27.4000,1,ACTIVE,1,5,5
4186,10985,14:02:00,0,113.00,0,737.1500,30.5000,72.6000,31.2000,1,ACTIVE,1,5,5
4186,10986,14:02:30,0,82.00,0,392.6000,16.6000,38.7000,15.3000,1,ACTIVE,1,5,5
4186,10987,14:03:00,0,1.00,0,722.7900,30.5000,71.0000,30.5000,1,ACTIVE,1,5,5
4186,10988,14:03:30,0,106.00,0,781.3800,31.9000,77.5000,29.9000,1,ACTIVE,1,5,5
4186,10989,14:04:00,0,1.00,0,754.0500,31.9000,74.2000,31.2000,0,ACTIVE,1,5,5
4186,10990,14:04:30,0,8.00,0,750.3400,30.5000,74.2000,30.5000,1,ACTIVE,1,5,5
4186,10991,14:05:00,0,29.00,0,750.3400,30.5000,74.2000,30.5000,1,ACTIVE,1,5,5
4186,10992,14:05:30,0,0.00,0,749.6300,30.5000,74.2000,29.9000,0,ACTIVE,1,5,5
4186,10993,14:06:00,0,0.00,0,750.3400,30.5000,74.2000,30.5000,0,ACTIVE,1,5,5
4186,10994,14:06:30,0,25.00,0,719.2200,29.2000,71.0000,29.9000,1,ACTIVE,1,5,5
4186,10995,14:07:00,0,0.00,0,719.2200,29.2000,71.0000,29.9000,0,ACTIVE,1,5,5
4186,10996,14:07:30,0,20.00,0,768.2800,31.9000,75.8000,31.2000,1,ACTIVE,1,5,5
4186,10997,14:08:00,0,0.00,0,754.0500,31.9000,74.2000,31.2000,0,ACTIVE,1,5,5
4186,10998,14:08:30,0,1.00,0,768.2800,31.9000,75.8000,31.2000,0,ACTIVE,1,5,5
4186,10999,14:09:00,0,1.00,0,769.0200,31.9000,75.8000,31.9000,0,ACTIVE,1,5,5
4186,11000,14:09:30,0,0.00,0,782.8200,31.9000,77.5000,31.2000,0,ACTIVE,1,5,5
4186,11001,14:10:00,0,1.00,0,769.0200,31.9000,75.8000,31.9000,1,ACTIVE,1,5,5
4186,11002,14:10:30,0,167.00,0,408.3600,16.6000,40.4000,15.9000,1,ACTIVE,1,5,5
4186,11003,14:11:00,0,17.00,0,28.1300,2.3200,2.5800,0.3520,1,ACTIVE,1,5,5
4186,11004,14:11:30,0,27.00,0,31.2400,2.5300,2.8800,0.4100,1,ACTIVE,1,5,5
4186,11005,14:12:00,0,20.00,0,45.1500,2.6400,4.3400,1.1600,1,ACTIVE,1,5,5
4186,11006,14:12:30,0,10.00,0,46.0300,2.6400,4.4400,1.2100,0,ACTIVE,1,5,5
4186,11007,14:13:00,0,2.00,0,50.9200,2.7600,4.9500,1.3800,0,ACTIVE,1,5,5
4186,11008,14:13:30,0,4.00,0,48.9900,2.7600,4.7400,1.2900,0,ACTIVE,1,5,5
4186,11009,14:14:00,0,16.00,0,46.0300,2.6400,4.4400,1.2100,0,ACTIVE,1,5,5
4186,11010,14:14:30,0,10.00,0,46.0100,2.6400,4.4400,1.1800,0,ACTIVE,1,5,5
4186,11011,14:15:00,0,9.00,0,46.0300,2.6400,4.4400,1.2100,0,ACTIVE,1,5,5
4186,11012,14:15:30,0,0.00,0,48.1000,2.7600,4.6400,1.2900,0,ACTIVE,1,5,5
4186,11013,14:16:00,0,1.00,0,46.9400,2.6400,4.5400,1.2600,0,ACTIVE,1,5,5
4186,11014,14:16:30,0,7.00,0,48.0700,2.7600,4.6400,1.2600,0,ACTIVE,1,5,5
4186,11015,14:17:00,0,0.00,0,49.9300,2.7600,4.8400,1.3200,0,ACTIVE,1,5,5
4186,11016,14:17:30,0,2.00,0,46.9400,2.6400,4.5400,1.2600,0,ACTIVE,1,5,5
4186,11017,14:18:00,0,0.00,0,49.0200,2.7600,4.7400,1.3200,0,ACTIVE,1,5,5
4186,11018,14:18:30,0,1.00,0,46.2900,2.7600,4.4400,1.2100,0,ACTIVE,1,5,5
4186,11019,14:19:00,0,10.00,0,48.0700,2.7600,4.6400,1.2600,0,ACTIVE,1,5,5
4186,11020,14:19:30,0,13.00,0,50.8900,2.7600,4.9500,1.3500,0,ACTIVE,1,5,5
4186,11021,14:20:00,0,0.00,0,56.4600,2.9400,5.5100,1.5400,0,ACTIVE,1,5,5
4186,11022,14:20:30,0,1.00,0,54.3800,2.9400,5.2800,1.5000,0,ACTIVE,1,5,5
4186,11023,14:21:00,0,1.00,0,54.3800,2.9400,5.2800,1.5000,0,ACTIVE,1,5,5
4186,11024,14:21:30,0,15.00,0,54.3800,2.9400,5.2800,1.5000,1,ACTIVE,1,5,5
4186,11025,14:22:00,0,13.00,0,55.4300,2.9400,5.3900,1.5400,1,ACTIVE,1,5,5
4186,11026,14:22:30,0,75.00,0,35.8400,3.0100,3.2800,0.4470,1,ACTIVE,1,5,5
4186,11027,14:23:00,0,12.00,0,545.4100,23.0000,53.6000,23.0000,1,ACTIVE,1,5,5
4186,11028,14:23:30,0,47.00,0,297.7500,13.1000,29.2000,11.8000,1,ACTIVE,1,5,5
4186,11029,14:24:00,0,9.00,0,577.4800,23.0000,57.2000,23.5000,1,ACTIVE,1,5,5
4186,11030,14:24:30,0,47.00,0,26.9300,1.9900,2.5300,0.3520,1,ACTIVE,1,5,5
4186,11031,14:25:00,0,4.00,0,81.8000,4.3400,7.9700,2.2200,0,ACTIVE,1,5,5
4186,11032,14:25:30,0,56.00,0,391.3600,19.4000,37.9000,15.3000,1,ACTIVE,1,5,5
4186,11033,14:26:00,0,20.00,0,633.4400,26.2000,62.4000,26.8000,1,ACTIVE,1,5,5
4186,11034,14:26:30,0,9.00,0,41.5000,2.8200,3.9000,1.0400,1,ACTIVE,1,5,5
4186,11035,14:27:00,0,12.00,0,25.8100,2.1300,2.3700,0.3370,1,ACTIVE,1,5,5
4186,11036,14:27:30,0,313.00,0,22.6500,1.8700,2.0800,0.2840,1,ACTIVE,1,5,5
4186,11037,14:28:00,0,323.00,0,34.2600,4.4400,2.7000,0.7510,1,ACTIVE,1,5,5
4186,11038,14:28:30,0,211.00,0,40.7800,2.7000,3.7300,1.9500,1,ACTIVE,1,5,5
4186,11039,14:29:00,0,234.00,0,25.9400,2.2200,2.3200,0.6740,1,ACTIVE,1,5,5
4186,11040,14:29:30,0,234.00,0,25.1800,2.0800,2.2700,0.6600,1,ACTIVE,1,5,5
4186,11041,14:30:00,0,257.00,0,2.5100,0.2720,0.2140,0.0298,1,ACTIVE,1,5,5
4186,11042,14:30:30,1,,,,,,,1,EXCLUDED,1,5,5
4186,11043,14:31:00,1,,,,,,,1,EXCLUDED,1,5,5
4186,11044,14:31:30,1,,,,,,,1,EXCLUDED,1,5,5
4186,11045,14:32:00,1,,,,,,,1,EXCLUDED,1,5,5
4186,11046,14:32:30,1,,,,,,,,EXCLUDED,1,5,5
4186,11047,14:33:00,1,,,,,,,,EXCLUDED,1,5,5
4186,11048,14:33:30,1,,,,,,,,EXCLUDED,1,5,5
4186,11049,14:34:00,1,,,,,,,,EXCLUDED,1,5,5
4186,11050,14:34:30,1,,,,,,,,EXCLUDED,1,5,5
4186,11051,14:35:00,1,,,,,,,,EXCLUDED,1,5,5
4186,11052,14:35:30,1,,,,,,,,EXCLUDED,1,5,5
4186,11053,14:36:00,1,,,,,,,,EXCLUDED,1,5,5
4186,11054,14:36:30,1,,,,,,,,EXCLUDED,1,5,5
4186,11055,14:37:00,1,,,,,,,,EXCLUDED,1,5,5
4186,11056,14:37:30,1,,,,,,,,EXCLUDED,1,5,5
4186,11057,14:38:00,1,,,,,,,,EXCLUDED,1,5,5
4186,11058,14:38:30,1,,,,,,,,EXCLUDED,1,5,5
4186,11059,14:39:00,1,,,,,,,,EXCLUDED,1,5,5
4186,11060,14:39:30,1,,,,,,,,EXCLUDED,1,5,5
4186,11061,14:40:00,1,,,,,,,,EXCLUDED,1,5,5
4186,11062,14:40:30,1,,,,,,,1,EXCLUDED,1,5,5
4186,11063,14:41:00,1,,,,,,,1,EXCLUDED,1,5,5
4186,11064,14:41:30,1,,,,,,,1,EXCLUDED,1,5,5
4186,11065,14:42:00,1,,,,,,,1,EXCLUDED,1,5,5
4186,11066,14:42:30,0,249.00,0,7.3000,0.4670,0.6890,0.2140,1,ACTIVE,1,5,5
4186,11067,14:43:00,0,293.00,0,26.4400,1.7500,2.4700,0.8370,1,ACTIVE,1,5,5
4186,11068,14:43:30,0,266.00,0,11.4800,0.7200,1.0900,0.3450,1,ACTIVE,1,5,5
4186,11069,14:44:00,0,95.00,0,15.9800,1.8300,1.3200,0.3520,1,ACTIVE,1,5,5
4186,11070,14:44:30,0,293.00,0,11.8300,2.1300,0.8020,0.1000,1,ACTIVE,1,5,5
4186,11071,14:45:00,0,234.00,0,90.1500,4.4400,8.6900,3.9000,1,ACTIVE,1,5,5
4186,11072,14:45:30,0,476.00,0,18.2300,2.3200,1.4700,0.2050,1,ACTIVE,1,5,5
4186,11073,14:46:00,0,249.00,0,52.0500,2.9400,4.9500,2.0400,1,ACTIVE,1,5,5
4186,11074,14:46:30,0,405.00,0,10.9800,0.6890,1.0400,0.3230,1,ACTIVE,1,5,5
4186,11075,14:47:00,0,419.00,0,79.4400,3.5000,7.8000,3.1400,1,ACTIVE,1,5,5
4186,11076,14:47:30,0,266.00,0,12.7200,0.7200,1.2100,0.4870,1,ACTIVE,1,5,5
4186,11077,14:48:00,0,266.00,0,34.7800,1.8300,3.3500,1.2900,1,ACTIVE,1,5,5
4186,11078,14:48:30,0,447.00,0,98.1500,3.2800,9.8900,3.9000,1,ACTIVE,1,5,5
4186,11079,14:49:00,0,577.00,0,1.4300,0.1450,0.1220,0.0412,1,ACTIVE,1,5,5
4186,11080,14:49:30,0,381.00,0,14.4400,1.1100,1.3200,0.3920,1,ACTIVE,1,5,5
4186,11081,14:50:00,0,381.00,0,18.6000,1.9500,1.6000,0.2280,1,ACTIVE,1,5,5
4186,11082,14:50:30,0,303.00,0,15.0300,1.1300,1.3800,0.4190,1,ACTIVE,1,5,5
4186,11083,14:51:00,0,191.00,0,32.7700,1.6000,3.2100,1.0400,1,ACTIVE,1,5,5
4186,11084,14:51:30,0,335.00,0,7.3700,0.4870,0.6890,0.2380,1,ACTIVE,1,5,5
4186,11085,14:52:00,0,191.00,0,5.8900,0.3760,0.5550,0.1800,1,ACTIVE,1,5,5
4186,11086,14:52:30,0,218.00,0,34.7400,2.5800,3.2100,0.8560,1,ACTIVE,1,5,5
4186,11087,14:53:00,0,284.00,0,67.3900,4.6400,6.4200,0.8750,1,ACTIVE,1,5,5
4186,11088,14:53:30,0,284.00,0,3568.690,176.0000,345.0000,142.0000,1,ACTIVE,1,5,5
4186,11089,14:54:00,0,257.00,0,10802.14,278.0000,1110.000,411.0000,1,ACTIVE,1,5,5
4186,11090,14:54:30,0,257.00,0,7367.630,290.0000,737.0000,249.0000,1,ACTIVE,1,5,5
4186,11091,14:55:00,0,234.00,0,2652.020,103.0000,272.0000,38.7000,1,ACTIVE,1,5,5
4186,11092,14:55:30,0,92.00,0,3232.280,107.0000,324.0000,148.0000,1,ACTIVE,1,5,5
4186,11093,14:56:00,0,118.00,0,1913.910,57.2000,192.0000,94.1000,1,ACTIVE,1,5,5
4186,11094,14:56:30,0,56.00,0,123.5400,5.7600,12.0000,5.0600,1,ACTIVE,1,5,5
4186,11095,14:57:00,0,54.00,0,340.1200,15.3000,33.3000,13.7000,1,ACTIVE,1,5,5
4186,11096,14:57:30,0,85.00,0,5283.740,165.0000,532.0000,234.0000,1,ACTIVE,1,5,5
4186,11097,14:58:00,0,127.00,0,2446.930,84.5000,244.0000,112.0000,1,ACTIVE,1,5,5
4186,11098,14:58:30,0,92.00,0,2843.410,92.1000,284.0000,139.0000,1,ACTIVE,1,5,5
4186,11099,14:59:00,0,61.00,0,5067.390,162.0000,510.0000,224.0000,1,ACTIVE,1,5,5
4186,11100,14:59:30,0,63.00,0,5151.870,148.0000,521.0000,239.0000,1,ACTIVE,1,5,5
4186,11101,15:00:00,0,47.00,0,6309.320,205.0000,633.0000,284.0000,1,ACTIVE,1,5,5
4186,11102,15:00:30,0,35.00,0,5264.680,152.0000,532.0000,244.0000,1,ACTIVE,1,5,5
4186,11103,15:01:00,0,27.00,0,5741.180,165.0000,581.0000,266.0000,1,ACTIVE,1,5,5
4186,11104,15:01:30,0,29.00,0,5883.420,176.0000,593.0000,272.0000,1,ACTIVE,1,5,5
4186,11105,15:02:00,0,109.00,0,5447.840,188.0000,544.0000,244.0000,1,ACTIVE,1,5,5
4186,11106,15:02:30,0,95.00,0,6754.370,229.0000,676.0000,303.0000,1,ACTIVE,1,5,5
4186,11107,15:03:00,0,109.00,0,2964.310,103.0000,297.0000,127.0000,1,ACTIVE,1,5,5
4186,11108,15:03:30,0,99.00,0,2084.920,66.6000,210.0000,92.1000,1,ACTIVE,1,5,5
4186,11109,15:04:00,0,47.00,0,471.4700,22.1000,46.1000,17.8000,1,ACTIVE,1,5,5
4186,11110,15:04:30,0,72.00,0,319.4100,14.6000,31.2000,12.8000,1,ACTIVE,1,5,5
4186,11111,15:05:00,0,113.00,0,4835.660,234.0000,468.0000,205.0000,1,ACTIVE,1,5,5
4186,11112,15:05:30,0,113.00,0,11232.28,338.0000,1140.000,488.0000,1,ACTIVE,1,5,5
4186,11113,15:06:00,0,79.00,0,11445.88,331.0000,1160.000,499.0000,1,ACTIVE,1,5,5
4186,11114,15:06:30,0,106.00,0,10866.46,368.0000,1090.000,478.0000,1,ACTIVE,1,5,5
4186,11115,15:07:00,0,127.00,0,12342.03,411.0000,1240.000,532.0000,1,ACTIVE,1,5,5
4186,11116,15:07:30,0,127.00,0,4447.760,139.0000,448.0000,201.0000,1,ACTIVE,1,5,5
4186,11117,15:08:00,0,72.00,0,9777.290,338.0000,977.0000,438.0000,1,ACTIVE,1,5,5
4186,11118,15:08:30,0,122.00,0,9964.590,338.0000,998.0000,438.0000,1,ACTIVE,1,5,5
4186,11119,15:09:00,0,226.00,0,11529.47,368.0000,1160.000,499.0000,1,ACTIVE,1,5,5
4186,11120,15:09:30,0,204.00,0,1669.040,49.1000,169.0000,74.2000,1,ACTIVE,1,5,5
4186,11121,15:10:00,0,266.00,0,5587.620,411.0000,510.0000,197.0000,1,ACTIVE,1,5,5
4186,11122,15:10:30,0,275.00,0,3869.420,219.0000,368.0000,145.0000,1,ACTIVE,1,5,5
4186,11123,15:11:00,0,150.00,0,1088.350,66.6000,103.0000,38.7000,1,ACTIVE,1,5,5
4186,11124,15:11:30,0,122.00,0,7.7000,0.5310,0.7200,0.2050,1,ACTIVE,1,5,5
4186,11125,15:12:00,0,284.00,0,13.1500,0.6600,1.2900,0.3520,1,ACTIVE,1,5,5
4186,11126,15:12:30,0,335.00,0,17.8500,1.3200,1.6700,0.2380,1,ACTIVE,1,5,5
4186,11127,15:13:00,0,234.00,0,6.4900,0.4010,0.6180,0.1690,1,ACTIVE,1,5,5
4186,11128,15:13:30,0,118.00,0,13.2800,0.5550,1.3200,0.4570,1,ACTIVE,1,5,5
4186,11129,15:14:00,0,27.00,0,21.5200,0.9960,2.1300,0.6460,1,ACTIVE,1,5,5
4186,11130,15:14:30,0,118.00,0,21.5200,0.9960,2.1300,0.6460,1,ACTIVE,1,5,5
4186,11131,15:15:00,0,61.00,0,27.0300,1.4100,2.6400,0.7350,1,ACTIVE,1,5,5
4186,11132,15:15:30,0,173.00,0,28.3600,1.5000,2.7600,0.8200,1,ACTIVE,1,5,5
4186,11133,15:16:00,0,45.00,0,22.4100,1.7500,2.0800,0.3030,1,ACTIVE,1,5,5
4186,11134,15:16:30,0,34.00,0,30.3200,1.6700,2.9400,0.7850,1,ACTIVE,1,5,5
4186,11135,15:17:00,0,92.00,0,30.1300,1.5700,2.9400,0.8200,1,ACTIVE,1,5,5
4186,11136,15:17:30,0,15.00,0,18.1600,1.4700,1.6700,0.2190,1,ACTIVE,1,5,5
4186,11137,15:18:00,0,45.00,0,18.1700,1.4700,1.6700,0.2280,1,ACTIVE,1,5,5
4186,11138,15:18:30,0,16.00,0,19.6200,1.6700,1.7900,0.2380,1,ACTIVE,1,5,5
4186,11139,15:19:00,0,13.00,0,19.9600,1.6700,1.8300,0.2380,1,ACTIVE,1,5,5
4186,11140,15:19:30,0,16.00,0,20.3100,1.6700,1.8700,0.2380,1,ACTIVE,1,5,5
4186,11141,15:20:00,0,24.00,0,19.5100,1.4700,1.8300,0.2380,1,ACTIVE,1,5,5
4186,11142,15:20:30,0,28.00,0,25.6900,2.1300,2.3700,0.2280,1,ACTIVE,1,5,5
4186,11143,15:21:00,0,25.00,0,23.5800,1.9500,2.1700,0.2280,1,ACTIVE,1,5,5
4186,11144,15:21:30,0,15.00,0,22.5000,1.8300,2.0800,0.2280,1,ACTIVE,1,5,5
4186,11145,15:22:00,0,6.00,0,22.5000,1.8300,2.0800,0.2280,0,ACTIVE,1,5,5
4186,11146,15:22:30,0,7.00,0,27.5800,2.1300,2.5800,0.2380,0,ACTIVE,1,5,5
4186,11147,15:23:00,0,25.00,0,35.4600,2.6400,3.3500,0.2660,1,ACTIVE,1,5,5
4186,11148,15:23:30,0,1.00,0,33.9600,2.5300,3.2100,0.2540,0,ACTIVE,1,5,5
4186,11149,15:24:00,0,38.00,0,32.6600,2.4700,3.0700,0.2660,1,ACTIVE,1,5,5
4186,11150,15:24:30,0,10.00,0,38.3800,2.7600,3.6500,0.2720,0,ACTIVE,1,5,5
4186,11151,15:25:00,0,2.00,0,39.0800,2.7600,3.7300,0.2720,0,ACTIVE,1,5,5
4186,11152,15:25:30,0,26.00,0,27.9900,1.7900,2.7000,0.3760,1,ACTIVE,1,5,5
4186,11153,15:26:00,0,1.00,0,39.2200,2.1300,3.8100,1.0200,0,ACTIVE,1,5,5
4186,11154,15:26:30,0,20.00,0,39.2400,2.1300,3.8100,1.0400,1,ACTIVE,1,5,5
4186,11155,15:27:00,0,15.00,0,39.1200,2.0800,3.8100,1.0200,1,ACTIVE,1,5,5
4186,11156,15:27:30,0,4.00,0,38.3800,2.0800,3.7300,0.9960,0,ACTIVE,1,5,5
4186,11157,15:28:00,0,24.00,0,16.8500,1.2900,1.5700,0.2280,1,ACTIVE,1,5,5
4186,11158,15:28:30,0,1.00,0,5.0500,0.4100,0.4670,0.0571,0,ACTIVE,1,5,5
4186,11159,15:29:00,0,1.00,0,5.6400,0.4570,0.5200,0.0679,0,ACTIVE,1,5,5
4186,11160,15:29:30,0,0.00,0,5.0500,0.4100,0.4670,0.0571,0,ACTIVE,1,5,5
4186,11161,15:30:00,0,0.00,0,4.7800,0.4010,0.4370,0.0571,0,ACTIVE,1,5,5
4186,11162,15:30:30,0,2.00,0,4.7800,0.4010,0.4370,0.0571,0,ACTIVE,1,5,5
4186,11163,15:31:00,0,27.00,0,4.8000,0.4100,0.4370,0.0571,1,ACTIVE,1,5,5
4186,11164,15:31:30,0,0.00,0,5.8900,0.5790,0.5200,0.0480,0,ACTIVE,1,5,5
4186,11165,15:32:00,0,45.00,0,6.5600,0.6460,0.5790,0.0535,1,ACTIVE,1,5,5
4186,11166,15:32:30,0,38.00,0,5.0200,0.3920,0.4670,0.0622,1,ACTIVE,1,5,5
4186,11167,15:33:00,0,27.00,0,5.5700,0.5670,0.4870,0.0440,1,ACTIVE,1,5,5
4186,11168,15:33:30,0,1.00,0,5.0400,0.5310,0.4370,0.0347,0,ACTIVE,1,5,5
4186,11169,15:34:00,0,85.00,0,3.7100,0.3520,0.3300,0.0395,1,ACTIVE,1,5,5
4186,11170,15:34:30,0,0.00,0,1.1900,0.1330,0.1000,0.0162,0,ACTIVE,1,5,5
4186,11171,15:35:00,0,0.00,0,1.1900,0.1330,0.1000,0.0162,0,ACTIVE,1,5,5
4186,11172,15:35:30,0,0.00,0,1.4100,0.1360,0.1240,0.0162,0,ACTIVE,1,5,5
4186,11173,15:36:00,0,19.00,0,1.1900,0.1330,0.1000,0.0162,1,ACTIVE,1,5,5
4186,11174,15:36:30,0,89.00,0,5.5200,0.5430,0.4870,0.0480,1,ACTIVE,1,5,5
4186,11175,15:37:00,0,113.00,0,11.1500,0.8560,1.0400,0.1420,1,ACTIVE,1,5,5
4186,11176,15:37:30,0,54.00,0,5.7500,0.6460,0.4870,0.0480,1,ACTIVE,1,5,5
4186,11177,15:38:00,0,4.00,0,3.2800,0.3230,0.2900,0.0298,1,ACTIVE,1,5,5
4186,11178,15:38:30,0,40.00,0,3.7300,0.4190,0.3160,0.0298,1,ACTIVE,1,5,5
4186,11179,15:39:00,0,0.00,0,1.5500,0.3030,0.1000,0.0070,0,ACTIVE,1,5,5
4186,11180,15:39:30,0,1.00,0,1.5300,0.2900,0.1000,0.0070,0,ACTIVE,1,5,5
4186,11181,15:40:00,0,54.00,0,3.8300,0.4670,0.3160,0.0298,1,ACTIVE,1,5,5
4186,11182,15:40:30,0,31.00,0,9.0400,0.8750,0.8020,0.0773,1,ACTIVE,1,5,5
4186,11183,15:41:00,0,34.00,0,9.1700,0.9330,0.8020,0.0773,1,ACTIVE,1,5,5
4186,11184,15:41:30,0,27.00,0,9.2200,0.9540,0.8020,0.0773,1,ACTIVE,1,5,5
4186,11185,15:42:00,0,36.00,0,9.1300,0.9130,0.8020,0.0773,1,ACTIVE,1,5,5
4186,11186,15:42:30,0,19.00,0,9.9800,1.0900,0.8560,0.0807,1,ACTIVE,1,5,5
4186,11187,15:43:00,0,85.00,0,9.4000,0.8940,0.8370,0.0861,1,ACTIVE,1,5,5
4186,11188,15:43:30,0,16.00,0,9.2100,0.8020,0.8370,0.0939,1,ACTIVE,1,5,5
4186,11189,15:44:00,0,0.00,0,8.4000,0.7850,0.7510,0.0807,0,ACTIVE,1,5,5
4186,11190,15:44:30,0,0.00,0,8.2600,0.7850,0.7350,0.0807,0,ACTIVE,1,5,5
4186,11191,15:45:00,0,0.00,0,8.2300,0.7680,0.7350,0.0807,0,ACTIVE,1,5,5
4186,11192,15:45:30,0,89.00,0,4.4000,0.3760,0.4010,0.0535,1,ACTIVE,1,5,5
4186,11193,15:46:00,0,49.00,0,2.4300,0.2380,0.2140,0.0256,1,ACTIVE,1,5,5
4186,11194,15:46:30,0,0.00,0,0.3400,0.0807,0.0173,0.0059,1,ACTIVE,1,5,5
4186,11195,15:47:00,0,29.00,0,1.2100,0.1450,0.1000,0.0070,1,ACTIVE,1,5,5
4186,11196,15:47:30,0,75.00,0,12.9100,1.6700,1.0400,0.0939,1,ACTIVE,1,5,5
4186,11197,15:48:00,0,24.00,0,13.3100,1.6700,1.0900,0.0900,1,ACTIVE,1,5,5
4186,11198,15:48:30,0,24.00,0,17.1600,1.4700,1.5700,0.1450,1,ACTIVE,1,5,5
4186,11199,15:49:00,0,150.00,0,16.2500,1.5700,1.4400,0.1610,1,ACTIVE,1,5,5
4186,11200,15:49:30,0,136.00,0,2.7100,0.2660,0.2380,0.0298,1,ACTIVE,1,5,5
4186,11201,15:50:00,0,17.00,0,7.6700,0.7040,0.6890,0.0724,1,ACTIVE,1,5,5
4186,11202,15:50:30,0,56.00,0,11.5500,0.7680,1.0900,0.3090,1,ACTIVE,1,5,5
4186,11203,15:51:00,0,82.00,0,2.0900,0.2440,0.1760,0.0115,1,ACTIVE,1,5,5
4186,11204,15:51:30,0,109.00,0,4.9600,0.5310,0.4280,0.0347,1,ACTIVE,1,5,5
4186,11205,15:52:00,0,36.00,0,2.0800,0.2330,0.1760,0.0162,1,ACTIVE,1,5,5
4186,11206,15:52:30,0,0.00,0,0.7100,0.0724,0.0622,0.0070,1,ACTIVE,1,5,5
4186,11207,15:53:00,0,33.00,0,3.5100,0.2660,0.3300,0.0256,1,ACTIVE,1,5,5
4186,11208,15:53:30,0,0.00,0,6.2900,0.5200,0.5790,0.0571,0,ACTIVE,1,5,5
4186,11209,15:54:00,0,0.00,0,6.2900,0.5200,0.5790,0.0571,0,ACTIVE,1,5,5
4186,11210,15:54:30,0,6.00,0,6.8800,0.5790,0.6320,0.0571,0,ACTIVE,1,5,5
4186,11211,15:55:00,0,1.00,0,6.8800,0.5790,0.6320,0.0571,0,ACTIVE,1,5,5
4186,11212,15:55:30,0,21.00,0,6.5800,0.5550,0.6050,0.0535,1,ACTIVE,1,5,5
4186,11213,15:56:00,0,17.00,0,5.2100,0.4870,0.4670,0.0395,1,ACTIVE,1,5,5
4186,11214,15:56:30,0,4.00,0,4.8200,0.4670,0.4280,0.0347,0,ACTIVE,1,5,5
4186,11215,15:57:00,0,65.00,0,3.0000,0.3160,0.2600,0.0206,1,ACTIVE,1,5,5
4186,11216,15:57:30,0,12.00,0,0.1800,0.0085,0.0173,0.0059,1,ACTIVE,1,5,5
4186,11217,15:58:00,0,0.00,0,0.1800,0.0085,0.0173,0.0059,0,ACTIVE,1,5,5
4186,11218,15:58:30,0,26.00,0,4.4900,0.2380,0.4370,0.1220,1,ACTIVE,1,5,5
4186,11219,15:59:00,0,16.00,0,3.1000,0.2330,0.2900,0.0440,1,ACTIVE,1,5,5
4186,11220,15:59:30,0,0.00,0,0.2200,0.0298,0.0173,0.0059,0,ACTIVE,1,5,5
4186,11221,16:00:00,0,0.00,0,0.2200,0.0298,0.0173,0.0059,0,ACTIVE,1,5,5
4186,11222,16:00:30,0,0.00,0,0.2200,0.0298,0.0173,0.0059,0,ACTIVE,1,5,5
4186,11223,16:01:00,0,40.00,0,3.4900,0.2490,0.3300,0.0440,1,ACTIVE,1,5,5
4186,11224,16:01:30,0,10.00,0,0.0300,0.0099,0.0000,0.0059,0,ACTIVE,1,5,5
4186,11225,16:02:00,0,4.00,0,0.0300,0.0099,0.0000,0.0059,0,ACTIVE,1,5,5
4186,11226,16:02:30,0,0.00,0,0.0300,0.0099,0.0000,0.0059,0,ACTIVE,1,5,5
4186,11227,16:03:00,0,0.00,0,0.0300,0.0099,0.0000,0.0059,0,ACTIVE,1,5,5
4186,11228,16:03:30,0,34.00,0,1.3700,0.1190,0.1240,0.0162,1,ACTIVE,1,5,5
4186,11229,16:04:00,0,72.00,0,3.9800,0.3840,0.3520,0.0440,1,ACTIVE,1,5,5
4186,11230,16:04:30,0,218.00,0,14.0700,1.3800,1.2400,0.1760,1,ACTIVE,1,5,5
4186,11231,16:05:00,0,89.00,0,4.7000,0.4100,0.4280,0.0395,1,ACTIVE,1,5,5
4186,11232,16:05:30,0,145.00,0,1.7500,0.1880,0.1510,0.0115,1,ACTIVE,1,5,5
4186,11233,16:06:00,0,150.00,0,2.2800,0.2230,0.2000,0.0298,1,ACTIVE,1,5,5
4186,11234,16:06:30,0,150.00,0,9.4000,0.6740,0.8940,0.0773,1,ACTIVE,1,5,5
4186,11235,16:07:00,0,67.00,0,4.8000,0.4570,0.4280,0.0440,1,ACTIVE,1,5,5
4186,11236,16:07:30,0,56.00,0,1.1900,0.1360,0.1000,0.0070,1,ACTIVE,1,5,5
4186,11237,16:08:00,0,4.00,0,0.2500,0.0431,0.0173,0.0059,1,ACTIVE,1,5,5
4186,11238,16:08:30,0,72.00,0,0.6400,0.0724,0.0523,0.0173,1,ACTIVE,1,5,5
4186,11239,16:09:00,0,33.00,0,0.2600,0.0470,0.0173,0.0059,1,ACTIVE,1,5,5
4186,11240,16:09:30,0,0.00,0,1.3700,0.1190,0.1240,0.0115,0,ACTIVE,1,5,5
4186,11241,16:10:00,0,19.00,0,0.9900,0.0939,0.0880,0.0070,1,ACTIVE,1,5,5
4186,11242,16:10:30,0,1.00,0,0.2200,0.0298,0.0173,0.0059,0,ACTIVE,1,5,5
4186,11243,16:11:00,0,36.00,0,0.2100,0.0215,0.0173,0.0059,1,ACTIVE,1,5,5
4186,11244,16:11:30,0,9.00,0,0.2000,0.0170,0.0173,0.0059,0,ACTIVE,1,5,5
4186,11245,16:12:00,0,0.00,0,0.2000,0.0170,0.0173,0.0059,0,ACTIVE,1,5,5
4186,11246,16:12:30,0,0.00,0,0.2000,0.0170,0.0173,0.0059,0,ACTIVE,1,5,5
4186,11247,16:13:00,0,2.00,0,0.2000,0.0170,0.0173,0.0059,0,ACTIVE,1,5,5
4186,11248,16:13:30,0,35.00,0,0.2000,0.0170,0.0173,0.0059,1,ACTIVE,1,5,5
4186,11249,16:14:00,0,0.00,0,0.2000,0.0170,0.0173,0.0059,0,ACTIVE,1,5,5
4186,11250,16:14:30,0,54.00,0,10.0300,0.4470,0.9960,0.2960,1,ACTIVE,1,5,5
4186,11251,16:15:00,0,54.00,0,29.4400,1.5400,2.8800,0.7680,1,ACTIVE,1,5,5
4186,11252,16:15:30,0,38.00,0,22.7700,1.5400,2.1700,0.3230,1,ACTIVE,1,5,5
4186,11253,16:16:00,0,9.00,0,19.2500,1.1800,1.8700,0.2660,1,ACTIVE,1,5,5
4186,11254,16:16:30,0,72.00,0,11.3800,0.7680,1.0900,0.1550,1,ACTIVE,1,5,5
4186,11255,16:17:00,0,43.00,0,9.7100,0.4570,0.9540,0.3230,1,ACTIVE,1,5,5
4186,11256,16:17:30,0,82.00,0,22.8400,0.9130,2.2700,0.8750,1,ACTIVE,1,5,5
4186,11257,16:18:00,0,0.00,0,3.1100,0.2380,0.2900,0.0440,0,ACTIVE,1,5,5
4186,11258,16:18:30,0,0.00,0,2.2000,0.1880,0.2000,0.0256,0,ACTIVE,1,5,5
4186,11259,16:19:00,0,0.00,0,2.2000,0.1880,0.2000,0.0256,0,ACTIVE,1,5,5
4186,11260,16:19:30,0,3.00,0,2.2400,0.2090,0.2000,0.0206,0,ACTIVE,1,5,5
4186,11261,16:20:00,0,0.00,0,2.3600,0.2090,0.2140,0.0256,0,ACTIVE,1,5,5
4186,11262,16:20:30,0,3.00,0,2.2200,0.2000,0.2000,0.0206,0,ACTIVE,1,5,5
4186,11263,16:21:00,0,0.00,0,1.1400,0.1120,0.1000,0.0115,0,ACTIVE,1,5,5
4186,11264,16:21:30,0,0.00,0,1.1400,0.1120,0.1000,0.0115,0,ACTIVE,1,5,5
4186,11265,16:22:00,0,0.00,0,1.1400,0.1120,0.1000,0.0115,0,ACTIVE,1,5,5
4186,11266,16:22:30,0,19.00,0,7.6300,0.3680,0.7510,0.2140,1,ACTIVE,1,5,5
4186,11267,16:23:00,0,17.00,0,28.8600,1.2400,2.8800,0.8370,1,ACTIVE,1,5,5
4186,11268,16:23:30,0,10.00,0,27.9100,0.9540,2.8200,1.0400,1,ACTIVE,1,5,5
4186,11269,16:24:00,0,70.00,0,19.2300,0.8750,1.9100,0.5430,1,ACTIVE,1,5,5
4186,11270,16:24:30,0,26.00,0,12.6700,0.5310,1.2600,0.3920,1,ACTIVE,1,5,5
4186,11271,16:25:00,0,1.00,0,8.1600,0.3920,0.8020,0.2490,0,ACTIVE,1,5,5
4186,11272,16:25:30,0,33.00,0,22.4800,1.0600,2.2200,0.6320,1,ACTIVE,1,5,5
4186,11273,16:26:00,0,12.00,0,58.8400,1.3800,6.1400,1.8300,1,ACTIVE,1,5,5
4186,11274,16:26:30,0,70.00,0,21.9400,0.8200,2.2200,0.6320,1,ACTIVE,1,5,5
4186,11275,16:27:00,0,47.00,0,9.5600,0.3920,0.9540,0.3090,1,ACTIVE,1,5,5
4186,11276,16:27:30,0,136.00,0,5.1000,0.3520,0.4870,0.0535,1,ACTIVE,1,5,5
4186,11277,16:28:00,0,1.00,0,6.1900,0.5790,0.5550,0.0480,1,ACTIVE,1,5,5
4186,11278,16:28:30,0,0.00,0,6.2200,0.5920,0.5550,0.0480,1,ACTIVE,1,5,5
4186,11279,16:29:00,0,7.00,0,8.0300,0.6740,0.7350,0.0861,1,ACTIVE,1,5,5
4186,11280,16:29:30,0,122.00,0,4.1800,0.4770,0.3520,0.0347,1,ACTIVE,1,5,5
4186,11281,16:30:00,0,303.00,0,347.2400,74.2000,20.7000,2.1300,1,ACTIVE,1,5,5
4186,11282,16:30:30,0,405.00,0,1634.190,84.5000,158.0000,56.0000,1,ACTIVE,1,5,5
4186,11283,16:31:00,0,162.00,0,878.0700,43.2000,88.2000,9.2700,1,ACTIVE,1,5,5
4186,11284,16:31:30,0,266.00,0,100.9800,10.1000,8.8800,0.8020,1,ACTIVE,1,5,5
4186,11285,16:32:00,0,184.00,0,305.2800,38.7000,24.0000,8.3200,1,ACTIVE,1,5,5
4186,11286,16:32:30,0,145.00,0,139.1100,7.8000,13.7000,1.7900,1,ACTIVE,1,5,5
4186,11287,16:33:00,0,156.00,0,29.3000,3.5000,2.4200,0.3370,1,ACTIVE,1,5,5
4186,11288,16:33:30,0,65.00,0,0.4100,0.0339,0.0378,0.0023,1,ACTIVE,1,5,5
4186,11289,16:34:00,0,95.00,0,5.6400,1.1300,0.3520,0.0440,1,ACTIVE,1,5,5
4186,11290,16:34:30,0,109.00,0,24.8500,1.9100,2.3200,0.3090,1,ACTIVE,1,5,5
4186,11291,16:35:00,0,106.00,0,69.6500,5.7600,6.4200,0.6740,1,ACTIVE,1,5,5
4186,11292,16:35:30,0,58.00,0,18.8100,1.3500,1.7500,0.4670,1,ACTIVE,1,5,5
4186,11293,16:36:00,0,140.00,0,16.1600,1.7500,1.3800,0.2000,1,ACTIVE,1,5,5
4186,11294,16:36:30,0,145.00,0,18.6200,1.9900,1.5700,0.4280,1,ACTIVE,1,5,5
4186,11295,16:37:00,0,131.00,0,16.8900,2.0800,1.3800,0.2000,1,ACTIVE,1,5,5
4186,11296,16:37:30,0,131.00,0,21.2400,3.0100,1.6400,0.2230,1,ACTIVE,1,5,5
4186,11297,16:38:00,0,145.00,0,18.7900,2.7000,1.4400,0.2050,1,ACTIVE,1,5,5
4186,11298,16:38:30,0,127.00,0,15.3300,1.9500,1.2400,0.1720,1,ACTIVE,1,5,5
4186,11299,16:39:00,0,61.00,0,9.6400,1.2600,0.7680,0.1120,1,ACTIVE,1,5,5
4186,11300,16:39:30,0,75.00,0,13.4000,1.8700,1.0400,0.1550,1,ACTIVE,1,5,5
4186,11301,16:40:00,0,211.00,0,21.1000,3.3500,1.5400,0.2230,1,ACTIVE,1,5,5
4186,11302,16:40:30,0,95.00,0,14.8300,2.4200,1.0600,0.1550,1,ACTIVE,1,5,5
4186,11303,16:41:00,0,122.00,0,16.6200,2.6400,1.2100,0.1720,1,ACTIVE,1,5,5
4186,11304,16:41:30,0,113.00,0,28.8800,4.1600,2.1700,0.6050,1,ACTIVE,1,5,5
4186,11305,16:42:00,0,89.00,0,24.3300,4.2500,1.6700,0.2440,1,ACTIVE,1,5,5
4186,11306,16:42:30,0,75.00,0,27.4700,4.7400,1.9100,0.2660,1,ACTIVE,1,5,5
4186,11307,16:43:00,0,113.00,0,29.4200,5.2800,1.9900,0.2840,1,ACTIVE,1,5,5
4186,11308,16:43:30,0,131.00,0,76.9700,14.6000,5.0600,0.3600,1,ACTIVE,1,5,5
4186,11309,16:44:00,0,150.00,0,21.8200,3.8100,1.5000,0.2050,1,ACTIVE,1,5,5
4186,11310,16:44:30,0,145.00,0,20.9000,3.6500,1.4400,0.2050,1,ACTIVE,1,5,5
4186,11311,16:45:00,0,198.00,0,119.8300,20.7000,8.3200,1.1800,1,ACTIVE,1,5,5
4186,11312,16:45:30,0,118.00,0,2774.270,117.0000,278.0000,74.2000,1,ACTIVE,1,5,5
4186,11313,16:46:00,0,106.00,0,2605.580,176.0000,249.0000,28.0000,1,ACTIVE,1,5,5
4186,11314,16:46:30,0,54.00,0,2895.350,393.0000,229.0000,20.7000,1,ACTIVE,1,5,5
4186,11315,16:47:00,0,249.00,0,1706.420,107.0000,165.0000,19.8000,1,ACTIVE,1,5,5
4186,11316,16:47:30,0,346.00,0,351.6700,56.0000,25.7000,2.9400,1,ACTIVE,1,5,5
4186,11317,16:48:00,0,368.00,0,82.1500,15.9000,5.2800,0.6320,1,ACTIVE,1,5,5
4186,11318,16:48:30,0,447.00,0,1.0800,0.1330,0.0880,0.0115,1,ACTIVE,1,5,5
4186,11319,16:49:00,0,191.00,0,0.7700,0.0981,0.0622,0.0070,1,ACTIVE,1,5,5
4186,11320,16:49:30,0,461.00,0,117.0500,5.2800,11.5000,4.1600,1,ACTIVE,1,5,5
4186,11321,16:50:00,0,335.00,0,164.7500,7.6300,16.3000,4.8400,1,ACTIVE,1,5,5
4186,11322,16:50:30,0,323.00,0,124.9100,9.2700,11.5000,3.2800,1,ACTIVE,1,5,5
4186,11323,16:51:00,0,211.00,0,24.7100,2.8200,2.0800,0.2440,1,ACTIVE,1,5,5
4186,11324,16:51:30,0,249.00,0,252.4700,13.4000,24.6000,7.0000,1,ACTIVE,1,5,5
4186,11325,16:52:00,0,393.00,0,198.2200,10.1000,19.4000,5.7600,1,ACTIVE,1,5,5
4186,11326,16:52:30,0,636.00,0,244.2500,11.8000,24.0000,7.0000,1,ACTIVE,1,5,5
4186,11327,16:53:00,0,393.00,0,150.8400,10.6000,14.3000,2.0800,1,ACTIVE,1,5,5
4186,11328,16:53:30,0,140.00,0,118.0000,6.1400,11.5000,3.2800,1,ACTIVE,1,5,5
4186,11329,16:54:00,0,2.00,0,118.0000,6.1400,11.5000,3.2800,1,ACTIVE,1,5,5
4186,11330,16:54:30,0,49.00,0,136.4100,6.7000,13.4000,3.9000,1,ACTIVE,1,5,5
4186,11331,16:55:00,0,15.00,0,107.2200,4.9500,10.6000,3.5000,1,ACTIVE,1,5,5
4186,11332,16:55:30,0,13.00,0,102.3700,4.6400,10.1000,3.2800,1,ACTIVE,1,5,5
4186,11333,16:56:00,0,45.00,0,117.1400,5.7600,11.5000,3.2800,1,ACTIVE,1,5,5
4186,11334,16:56:30,0,21.00,0,111.8000,5.1700,11.0000,3.5000,1,ACTIVE,1,5,5
4186,11335,16:57:00,0,4.00,0,121.3900,5.3900,12.0000,3.8100,0,ACTIVE,1,5,5
4186,11336,16:57:30,0,1.00,0,130.2000,6.0100,12.8000,4.1600,0,ACTIVE,1,5,5
4186,11337,16:58:00,0,2.00,0,124.5900,5.7600,12.3000,3.9000,0,ACTIVE,1,5,5
4186,11338,16:58:30,0,12.00,0,112.0500,5.2800,11.0000,3.5000,1,ACTIVE,1,5,5
4186,11339,16:59:00,0,43.00,0,130.2400,6.2800,12.8000,3.6500,1,ACTIVE,1,5,5
4186,11340,16:59:30,0,29.00,0,148.3800,7.0000,14.6000,4.5400,1,ACTIVE,1,5,5
4186,11341,17:00:00,0,49.00,0,111.0800,4.8400,11.0000,3.5000,1,ACTIVE,1,5,5
4186,11342,17:00:30,0,241.00,0,84.5000,5.3900,8.1400,1.1600,1,ACTIVE,1,5,5
4186,11343,17:01:00,0,293.00,0,72.6100,5.2800,6.8500,0.8940,1,ACTIVE,1,5,5
4186,11344,17:01:30,0,49.00,0,73.0800,5.5100,6.8500,0.8560,1,ACTIVE,1,5,5
4186,11345,17:02:00,0,2.00,0,73.3700,5.6300,6.8500,0.8750,1,ACTIVE,1,5,5
4186,11346,17:02:30,0,75.00,0,110.8100,6.0100,10.6000,4.6400,1,ACTIVE,1,5,5
4186,11347,17:03:00,0,85.00,0,219.2700,9.6800,21.6000,8.1400,1,ACTIVE,1,5,5
4186,11348,17:03:30,0,368.00,0,128.7300,8.6900,12.3000,1.7500,1,ACTIVE,1,5,5
4186,11349,17:04:00,0,284.00,0,208.0300,17.8000,18.9000,2.5800,1,ACTIVE,1,5,5
4186,11350,17:04:30,0,72.00,0,443.5300,15.9000,44.1000,20.2000,1,ACTIVE,1,5,5
4186,11351,17:05:00,0,43.00,0,87.0600,17.8000,1.8300,29.2000,1,ACTIVE,1,5,5
4186,11352,17:05:30,0,127.00,0,412.3900,17.4000,40.4000,18.1000,1,ACTIVE,1,5,5
4186,11353,17:06:00,0,492.00,0,168.5000,13.4000,15.6000,2.1300,1,ACTIVE,1,5,5
4186,11354,17:06:30,0,241.00,0,271.3400,12.3000,26.8000,8.6900,1,ACTIVE,1,5,5
4186,11355,17:07:00,0,3.00,0,178.7900,12.3000,17.0000,2.4700,1,ACTIVE,1,5,5
4186,11356,17:07:30,0,29.00,0,181.9900,12.3000,17.4000,2.4200,1,ACTIVE,1,5,5
4186,11357,17:08:00,0,106.00,0,179.3200,12.6000,17.0000,2.4200,1,ACTIVE,1,5,5
4186,11358,17:08:30,0,95.00,0,239.6700,12.0000,23.5000,6.4200,1,ACTIVE,1,5,5
4186,11359,17:09:00,0,43.00,0,215.2100,10.8000,21.1000,5.8800,1,ACTIVE,1,5,5
4186,11360,17:09:30,0,28.00,0,149.1800,7.3100,14.6000,4.6400,1,ACTIVE,1,5,5
4186,11361,17:10:00,0,211.00,0,86.7400,4.9500,8.3200,2.7000,1,ACTIVE,1,5,5
4186,11362,17:10:30,0,45.00,0,135.5000,8.3200,12.8000,4.3400,1,ACTIVE,1,5,5
4186,11363,17:11:00,0,156.00,0,164.3400,11.5000,15.6000,2.1300,1,ACTIVE,1,5,5
4186,11364,17:11:30,0,162.00,0,171.2800,9.2700,16.6000,4.6400,1,ACTIVE,1,5,5
4186,11365,17:12:00,0,47.00,0,116.7500,5.3900,11.5000,3.6500,1,ACTIVE,1,5,5
4186,11366,17:12:30,0,35.00,0,121.2300,5.2800,12.0000,3.9000,1,ACTIVE,1,5,5
4186,11367,17:13:00,0,36.00,0,90.3000,6.5600,8.5000,1.2400,1,ACTIVE,1,5,5
4186,11368,17:13:30,0,7.00,0,129.1500,8.8800,12.3000,1.7500,1,ACTIVE,1,5,5
4186,11369,17:14:00,0,1.00,0,135.6900,9.6800,12.8000,1.7500,0,ACTIVE,1,5,5
4186,11370,17:14:30,0,1.00,0,141.1300,9.8900,13.4000,1.7500,0,ACTIVE,1,5,5
4186,11371,17:15:00,0,56.00,0,143.7000,9.8900,13.7000,1.7500,1,ACTIVE,1,5,5
4186,11372,17:15:30,0,67.00,0,222.0800,13.7000,21.6000,2.5800,1,ACTIVE,1,5,5
4186,11373,17:16:00,0,136.00,0,233.5900,11.3000,23.0000,6.4200,1,ACTIVE,1,5,5
4186,11374,17:16:30,0,22.00,0,192.4500,12.3000,18.5000,2.6400,1,ACTIVE,1,5,5
4186,11375,17:17:00,0,21.00,0,184.4100,11.8000,17.8000,2.6400,1,ACTIVE,1,5,5
4186,11376,17:17:30,0,3.00,0,191.8600,12.0000,18.5000,2.6400,0,ACTIVE,1,5,5
4186,11377,17:18:00,0,29.00,0,168.9400,10.8000,16.3000,2.2700,1,ACTIVE,1,5,5
4186,11378,17:18:30,0,17.00,0,184.3500,11.8000,17.8000,2.5800,1,ACTIVE,1,5,5
4186,11379,17:19:00,0,8.00,0,196.7200,12.6000,18.9000,2.7600,0,ACTIVE,1,5,5
4186,11380,17:19:30,0,0.00,0,183.8500,11.5000,17.8000,2.6400,0,ACTIVE,1,5,5
4186,11381,17:20:00,0,26.00,0,111.8100,5.2800,11.0000,3.2800,1,ACTIVE,1,5,5
4186,11382,17:20:30,0,2.00,0,129.8300,6.0100,12.8000,3.8100,0,ACTIVE,1,5,5
4186,11383,17:21:00,0,18.00,0,141.1500,8.8800,13.7000,1.4700,1,ACTIVE,1,5,5
4186,11384,17:21:30,0,13.00,0,167.9300,10.3000,16.3000,2.2700,1,ACTIVE,1,5,5
4186,11385,17:22:00,0,36.00,0,172.7500,11.0000,16.6000,2.4200,1,ACTIVE,1,5,5
4186,11386,17:22:30,0,249.00,0,183.3500,8.5000,18.1000,5.1700,1,ACTIVE,1,5,5
4186,11387,17:23:00,0,122.00,0,219.9000,14.3000,21.1000,3.0700,1,ACTIVE,1,5,5
4186,11388,17:23:30,0,43.00,0,289.5600,18.1000,28.0000,3.9800,1,ACTIVE,1,5,5
4186,11389,17:24:00,0,156.00,0,115.3100,8.6900,10.8000,1.4700,1,ACTIVE,1,5,5
4186,11390,17:24:30,0,249.00,0,131.3100,8.8800,12.6000,1.5700,1,ACTIVE,1,5,5
4186,11391,17:25:00,0,109.00,0,111.5000,6.8500,10.6000,3.5700,1,ACTIVE,1,5,5
4186,11392,17:25:30,0,191.00,0,170.8700,8.8800,16.6000,5.0600,1,ACTIVE,1,5,5
4186,11393,17:26:00,0,275.00,0,298.1800,15.3000,29.2000,7.8000,1,ACTIVE,1,5,5
4186,11394,17:26:30,0,524.00,0,194.2100,13.1000,18.5000,2.5800,1,ACTIVE,1,5,5
4186,11395,17:27:00,0,476.00,0,237.4800,14.6000,23.0000,3.2100,1,ACTIVE,1,5,5
4186,11396,17:27:30,0,541.00,0,166.0100,11.0000,15.9000,1.9100,1,ACTIVE,1,5,5
4186,11397,17:28:00,0,198.00,0,175.7700,11.0000,17.0000,2.2700,1,ACTIVE,1,5,5
4186,11398,17:28:30,0,476.00,0,190.5000,11.5000,18.5000,2.4200,1,ACTIVE,1,5,5
4186,11399,17:29:00,0,335.00,0,179.2600,11.0000,17.4000,2.4700,1,ACTIVE,1,5,5
4186,11400,17:29:30,0,335.00,0,236.6900,14.6000,23.0000,2.4700,1,ACTIVE,1,5,5
4186,11401,17:30:00,0,615.00,0,269.6000,12.0000,26.8000,7.6300,1,ACTIVE,1,5,5
4186,11402,17:30:30,0,596.00,0,300.6400,13.4000,29.9000,8.6900,1,ACTIVE,1,5,5
4186,11403,17:31:00,0,596.00,0,276.8900,12.3000,27.4000,9.0700,1,ACTIVE,1,5,5
4186,11404,17:31:30,0,257.00,0,258.7300,11.8000,25.7000,7.3100,1,ACTIVE,1,5,5
4186,11405,17:32:00,0,405.00,0,275.4900,12.0000,27.4000,8.3200,1,ACTIVE,1,5,5
4186,11406,17:32:30,0,293.00,0,282.1500,12.3000,28.0000,9.0700,1,ACTIVE,1,5,5
4186,11407,17:33:00,0,419.00,0,199.4000,12.3000,19.4000,2.4200,1,ACTIVE,1,5,5
4186,11408,17:33:30,0,335.00,0,248.2800,11.0000,24.6000,7.9700,1,ACTIVE,1,5,5
4186,11409,17:34:00,0,136.00,0,183.6700,11.5000,17.8000,2.4700,1,ACTIVE,1,5,5
4186,11410,17:34:30,0,381.00,0,265.1300,12.0000,26.2000,8.1400,1,ACTIVE,1,5,5
4186,11411,17:35:00,0,284.00,0,294.8200,13.1000,29.2000,9.0700,1,ACTIVE,1,5,5
4186,11412,17:35:30,0,162.00,0,166.4600,11.0000,15.9000,2.3200,1,ACTIVE,1,5,5
4186,11413,17:36:00,0,293.00,0,269.6600,12.3000,26.8000,7.1500,1,ACTIVE,1,5,5
4186,11414,17:36:30,0,313.00,0,200.4900,12.8000,19.4000,2.3200,1,ACTIVE,1,5,5
4186,11415,17:37:00,0,179.00,0,184.0600,11.8000,17.8000,2.3200,1,ACTIVE,1,5,5
4186,11416,17:37:30,0,405.00,0,184.2300,11.8000,17.8000,2.4700,1,ACTIVE,1,5,5
4186,11417,17:38:00,0,541.00,0,222.4700,13.7000,21.6000,2.9400,1,ACTIVE,1,5,5
4186,11418,17:38:30,0,191.00,0,259.7700,11.3000,25.7000,9.2700,1,ACTIVE,1,5,5
4186,11419,17:39:00,0,357.00,0,258.9000,11.8000,25.7000,7.4700,1,ACTIVE,1,5,5
4186,11420,17:39:30,0,524.00,0,294.2000,13.1000,29.2000,8.5000,1,ACTIVE,1,5,5
4186,11421,17:40:00,0,381.00,0,204.0700,12.6000,19.8000,2.7600,1,ACTIVE,1,5,5
4186,11422,17:40:30,0,113.00,0,289.1500,13.4000,28.6000,8.3200,1,ACTIVE,1,5,5
4186,11423,17:41:00,0,405.00,0,260.2300,12.3000,25.7000,7.6300,1,ACTIVE,1,5,5
4186,11424,17:41:30,0,559.00,0,210.2600,12.0000,20.7000,2.4700,1,ACTIVE,1,5,5
4186,11425,17:42:00,0,184.00,0,246.9000,11.0000,24.6000,6.7000,1,ACTIVE,1,5,5
4186,11426,17:42:30,0,381.00,0,273.1700,12.8000,26.8000,9.2700,1,ACTIVE,1,5,5
4186,11427,17:43:00,0,323.00,0,151.8400,9.8900,14.6000,1.8300,1,ACTIVE,1,5,5
4186,11428,17:43:30,0,313.00,0,215.1800,12.3000,21.1000,2.8200,1,ACTIVE,1,5,5
4186,11429,17:44:00,0,346.00,0,212.4200,12.8000,20.7000,2.8200,1,ACTIVE,1,5,5
4186,11430,17:44:30,0,476.00,0,203.8500,12.8000,19.8000,1.9900,1,ACTIVE,1,5,5
4186,11431,17:45:00,0,419.00,0,213.8800,13.4000,20.7000,3.0100,1,ACTIVE,1,5,5
4186,11432,17:45:30,0,405.00,0,306.3700,13.4000,30.5000,8.6900,1,ACTIVE,1,5,5
4186,11433,17:46:00,0,313.00,0,209.6000,13.4000,20.2000,2.6400,1,ACTIVE,1,5,5
4186,11434,17:46:30,0,249.00,0,195.0700,12.0000,18.9000,2.3200,1,ACTIVE,1,5,5
4186,11435,17:47:00,0,43.00,0,72.6900,5.2800,6.8500,0.9750,1,ACTIVE,1,5,5
4186,11436,17:47:30,0,156.00,0,85.5800,5.8800,8.1400,1.1600,1,ACTIVE,1,5,5
4186,11437,17:48:00,0,4.00,0,108.5000,5.6300,10.6000,3.2800,1,ACTIVE,1,5,5
4186,11438,17:48:30,0,8.00,0,118.1100,6.0100,11.5000,3.6500,1,ACTIVE,1,5,5
4186,11439,17:49:00,0,34.00,0,118.4000,6.1400,11.5000,3.6500,1,ACTIVE,1,5,5
4186,11440,17:49:30,0,70.00,0,125.5900,6.2800,12.0000,5.8800,1,ACTIVE,1,5,5
4186,11441,17:50:00,0,85.00,0,123.6500,6.4200,12.0000,3.8100,1,ACTIVE,1,5,5
4186,11442,17:50:30,0,136.00,0,196.5500,9.4700,19.4000,5.5100,1,ACTIVE,1,5,5
4186,11443,17:51:00,0,303.00,0,149.7000,8.8800,14.3000,4.4400,1,ACTIVE,1,5,5
4186,11444,17:51:30,0,577.00,0,215.3100,9.8900,21.1000,7.8000,1,ACTIVE,1,5,5
4186,11445,17:52:00,0,131.00,0,141.1200,7.3100,13.7000,4.6400,1,ACTIVE,1,5,5
4186,11446,17:52:30,0,234.00,0,188.9100,11.0000,18.5000,1.9500,1,ACTIVE,1,5,5
4186,11447,17:53:00,0,335.00,0,282.4000,13.1000,28.0000,7.6300,1,ACTIVE,1,5,5
4186,11448,17:53:30,0,335.00,0,183.7000,11.8000,17.8000,1.9900,1,ACTIVE,1,5,5
4186,11449,17:54:00,0,313.00,0,183.9300,12.0000,17.8000,1.6700,1,ACTIVE,1,5,5
4186,11450,17:54:30,0,381.00,0,203.8500,12.8000,19.8000,1.9900,1,ACTIVE,1,5,5
4186,11451,17:55:00,0,241.00,0,199.6400,12.3000,19.4000,2.6400,1,ACTIVE,1,5,5
4186,11452,17:55:30,0,346.00,0,288.1000,12.8000,28.6000,8.5000,1,ACTIVE,1,5,5
4186,11453,17:56:00,0,136.00,0,174.9100,10.6000,17.0000,2.4200,1,ACTIVE,1,5,5
4186,11454,17:56:30,0,313.00,0,252.4500,11.0000,25.1000,7.4700,1,ACTIVE,1,5,5
4186,11455,17:57:00,0,368.00,0,253.5300,11.5000,25.1000,7.4700,1,ACTIVE,1,5,5
4186,11456,17:57:30,0,447.00,0,237.3200,11.0000,23.5000,6.2800,1,ACTIVE,1,5,5
4186,11457,17:58:00,0,198.00,0,343.1800,15.9000,34.0000,9.2700,1,ACTIVE,1,5,5
4186,11458,17:58:30,0,313.00,0,328.3400,14.9000,32.6000,9.2700,1,ACTIVE,1,5,5
4186,11459,17:59:00,0,492.00,0,248.0000,15.3000,24.0000,3.3500,1,ACTIVE,1,5,5
4186,11460,17:59:30,0,156.00,0,185.3800,12.3000,17.8000,2.4700,1,ACTIVE,1,5,5
4186,11461,18:00:00,0,204.00,0,212.7300,13.4000,20.7000,1.9500,1,ACTIVE,1,5,5
4186,11462,18:00:30,0,447.00,0,294.2500,13.4000,29.2000,7.9700,1,ACTIVE,1,5,5
4186,11463,18:01:00,0,150.00,0,373.6100,16.6000,37.1000,11.0000,1,ACTIVE,1,5,5
4186,11464,18:01:30,0,173.00,0,275.7400,12.6000,27.4000,7.4700,1,ACTIVE,1,5,5
4186,11465,18:02:00,0,184.00,0,182.9600,11.3000,17.8000,2.3200,1,ACTIVE,1,5,5
4186,11466,18:02:30,0,524.00,0,215.7700,9.2700,21.6000,5.7600,1,ACTIVE,1,5,5
4186,11467,18:03:00,0,191.00,0,239.8700,9.4700,24.0000,7.6300,1,ACTIVE,1,5,5
4186,11468,18:03:30,0,284.00,0,190.7400,12.0000,18.5000,1.6000,1,ACTIVE,1,5,5
4186,11469,18:04:00,0,266.00,0,160.8300,10.1000,15.6000,1.7500,1,ACTIVE,1,5,5
4186,11470,18:04:30,0,405.00,0,247.7400,11.0000,24.6000,7.4700,1,ACTIVE,1,5,5
4186,11471,18:05:00,0,293.00,0,145.3900,9.6800,13.7000,3.7300,1,ACTIVE,1,5,5
4186,11472,18:05:30,0,393.00,0,320.4000,13.7000,31.9000,10.1000,1,ACTIVE,1,5,5
4186,11473,18:06:00,0,211.00,0,200.9000,12.8000,19.4000,2.7000,1,ACTIVE,1,5,5
4186,11474,18:06:30,0,179.00,0,280.9900,12.6000,28.0000,7.4700,1,ACTIVE,1,5,5
4186,11475,18:07:00,0,102.00,0,203.9900,12.8000,19.8000,2.1300,1,ACTIVE,1,5,5
4186,11476,18:07:30,0,419.00,0,275.7400,12.6000,27.4000,7.4700,1,ACTIVE,1,5,5
4186,11477,18:08:00,0,419.00,0,275.9200,12.6000,27.4000,7.6300,1,ACTIVE,1,5,5
4186,11478,18:08:30,0,249.00,0,177.6500,10.8000,17.4000,1.4700,1,ACTIVE,1,5,5
4186,11479,18:09:00,0,257.00,0,232.4700,14.3000,22.5000,3.2100,1,ACTIVE,1,5,5
4186,11480,18:09:30,0,204.00,0,184.9500,12.3000,17.8000,2.0800,1,ACTIVE,1,5,5
4186,11481,18:10:00,0,284.00,0,241.1000,10.1000,24.0000,7.4700,1,ACTIVE,1,5,5
4186,11482,18:10:30,0,559.00,0,357.0300,14.6000,35.5000,12.6000,1,ACTIVE,1,5,5
4186,11483,18:11:00,0,405.00,0,282.4000,13.1000,28.0000,7.6300,1,ACTIVE,1,5,5
4186,11484,18:11:30,0,357.00,0,168.4100,10.8000,16.3000,1.7900,1,ACTIVE,1,5,5
4186,11485,18:12:00,0,218.00,0,246.9000,11.0000,24.6000,6.7000,1,ACTIVE,1,5,5
4186,11486,18:12:30,0,218.00,0,247.2100,10.8000,24.6000,7.4700,1,ACTIVE,1,5,5
4186,11487,18:13:00,0,198.00,0,194.9800,11.8000,18.9000,2.7600,1,ACTIVE,1,5,5
4186,11488,18:13:30,0,405.00,0,227.5100,10.1000,22.5000,7.1500,1,ACTIVE,1,5,5
4186,11489,18:14:00,0,140.00,0,199.8800,12.6000,19.4000,2.3200,1,ACTIVE,1,5,5
4186,11490,18:14:30,0,162.00,0,209.7500,10.1000,20.7000,5.8800,1,ACTIVE,1,5,5
4186,11491,18:15:00,0,56.00,0,203.3400,12.6000,19.8000,2.0800,1,ACTIVE,1,5,5
4186,11492,18:15:30,0,145.00,0,265.3400,12.3000,26.2000,7.8000,1,ACTIVE,1,5,5
4186,11493,18:16:00,0,313.00,0,180.0600,11.5000,17.4000,2.2200,1,ACTIVE,1,5,5
4186,11494,18:16:30,0,211.00,0,193.4100,12.8000,18.5000,2.4200,1,ACTIVE,1,5,5
4186,11495,18:17:00,0,204.00,0,333.1900,14.3000,33.3000,9.2700,1,ACTIVE,1,5,5
4186,11496,18:17:30,0,447.00,0,107.8500,3.9000,10.8000,4.3400,1,ACTIVE,1,5,5
4186,11497,18:18:00,0,184.00,0,0.3200,0.0724,0.0173,0.0059,1,ACTIVE,1,5,5
4186,11498,18:18:30,0,226.00,0,0.3200,0.0724,0.0173,0.0059,1,ACTIVE,1,5,5
4186,11499,18:19:00,0,211.00,0,1.4100,0.2840,0.0880,0.0115,1,ACTIVE,1,5,5
4186,11500,18:19:30,0,313.00,0,2.9400,0.2840,0.2600,0.0347,1,ACTIVE,1,5,5
4186,11501,18:20:00,0,313.00,0,1.8000,0.2050,0.1510,0.0206,1,ACTIVE,1,5,5
4186,11502,18:20:30,0,198.00,0,0.2200,0.0298,0.0173,0.0059,1,ACTIVE,1,5,5
4186,11503,18:21:00,0,167.00,0,0.2100,0.0807,0.0012,0.0215,1,ACTIVE,1,5,5
4186,11504,18:21:30,0,79.00,0,0.0300,0.0099,0.0000,0.0059,1,ACTIVE,1,5,5
4186,11505,18:22:00,0,47.00,0,0.2000,0.0170,0.0173,0.0059,1,ACTIVE,1,5,5
4186,11506,18:22:30,0,109.00,0,0.2000,0.0170,0.0173,0.0059,1,ACTIVE,1,5,5
4186,11507,18:23:00,0,95.00,0,0.6000,0.0559,0.0523,0.0173,1,ACTIVE,1,5,5
4186,11508,18:23:30,0,72.00,0,0.6000,0.0559,0.0523,0.0173,1,ACTIVE,1,5,5
4186,11509,18:24:00,0,102.00,0,1.0100,0.0939,0.0880,0.0292,1,ACTIVE,1,5,5
4186,11510,18:24:30,0,109.00,0,0.7400,0.0861,0.0622,0.0070,1,ACTIVE,1,5,5
4186,11511,18:25:00,0,102.00,0,0.4900,0.0724,0.0378,0.0023,1,ACTIVE,1,5,5
4186,11512,18:25:30,0,67.00,0,1.3800,0.1190,0.1220,0.0412,1,ACTIVE,1,5,5
4186,11513,18:26:00,0,109.00,0,1.0200,0.1070,0.0880,0.0115,1,ACTIVE,1,5,5
4186,11514,18:26:30,0,162.00,0,1.4600,0.1610,0.1240,0.0162,1,ACTIVE,1,5,5
4186,11515,18:27:00,0,52.00,0,1.7000,0.1610,0.1510,0.0206,1,ACTIVE,1,5,5
4186,11516,18:27:30,0,82.00,0,0.6300,0.0679,0.0523,0.0173,1,ACTIVE,1,5,5
4186,11517,18:28:00,0,99.00,0,1.4600,0.1610,0.1240,0.0162,1,ACTIVE,1,5,5
4186,11518,18:28:30,0,99.00,0,0.9900,0.0939,0.0880,0.0115,1,ACTIVE,1,5,5
4186,11519,18:29:00,0,140.00,0,0.2800,0.0559,0.0173,0.0059,1,ACTIVE,1,5,5
4186,11520,18:29:30,0,72.00,0,0.7400,0.0861,0.0622,0.0070,1,ACTIVE,1,5,5
4186,11521,18:30:00,0,184.00,0,0.2600,0.0470,0.0173,0.0059,1,ACTIVE,1,5,5
4186,11522,18:30:30,0,140.00,0,0.2500,0.0431,0.0173,0.0059,1,ACTIVE,1,5,5
4186,11523,18:31:00,0,145.00,0,0.0600,0.0245,0.0000,0.0059,1,ACTIVE,1,5,5
4186,11524,18:31:30,0,140.00,0,0.2200,0.0298,0.0173,0.0059,1,ACTIVE,1,5,5
4186,11525,18:32:00,0,249.00,0,0.0600,0.0245,0.0000,0.0059,1,ACTIVE,1,5,5
4186,11526,18:32:30,0,346.00,0,0.0200,0.0099,0.0000,0.0000,1,ACTIVE,1,5,5
4186,11527,18:33:00,0,131.00,0,0.6800,0.0559,0.0622,0.0070,1,ACTIVE,1,5,5
4186,11528,18:33:30,0,218.00,0,0.5700,0.0431,0.0523,0.0173,1,ACTIVE,1,5,5
4186,11529,18:34:00,0,0.00,0,0.2100,0.0215,0.0173,0.0059,1,ACTIVE,1,5,5
4186,11530,18:34:30,0,102.00,0,0.2100,0.0215,0.0173,0.0059,1,ACTIVE,1,5,5
4186,11531,18:35:00,0,85.00,0,0.2000,0.0170,0.0173,0.0059,1,ACTIVE,1,5,5
4186,11532,18:35:30,0,198.00,0,0.2200,0.0298,0.0173,0.0059,1,ACTIVE,1,5,5
4186,11533,18:36:00,0,85.00,0,0.6600,0.0470,0.0622,0.0070,1,ACTIVE,1,5,5
4186,11534,18:36:30,0,184.00,0,0.5700,0.0431,0.0523,0.0173,1,ACTIVE,1,5,5
4186,11535,18:37:00,0,179.00,0,0.2200,0.0298,0.0173,0.0059,1,ACTIVE,1,5,5
4186,11536,18:37:30,0,167.00,0,0.2200,0.0298,0.0173,0.0059,1,ACTIVE,1,5,5
4186,11537,18:38:00,0,198.00,0,0.2100,0.0215,0.0173,0.0059,1,ACTIVE,1,5,5
4186,11538,18:38:30,0,226.00,0,1.5300,0.0861,0.1510,0.0162,1,ACTIVE,1,5,5
4186,11539,18:39:00,0,249.00,0,4.1300,0.1070,0.4190,0.2050,1,ACTIVE,1,5,5
4186,11540,18:39:30,0,179.00,0,4.1800,0.1330,0.4190,0.2050,1,ACTIVE,1,5,5
4186,11541,18:40:00,0,131.00,0,3.9300,0.0939,0.4010,0.1920,1,ACTIVE,1,5,5
4186,11542,18:40:30,0,75.00,0,5.1800,0.1190,0.5310,0.2380,1,ACTIVE,1,5,5
4186,11543,18:41:00,0,109.00,0,4.5800,0.1720,0.4570,0.1800,1,ACTIVE,1,5,5
4186,11544,18:41:30,0,54.00,0,4.9000,0.1840,0.4870,0.2050,1,ACTIVE,1,5,5
4186,11545,18:42:00,0,47.00,0,4.1600,0.1360,0.4190,0.1800,1,ACTIVE,1,5,5
4186,11546,18:42:30,0,54.00,0,4.7200,0.2380,0.4570,0.1800,1,ACTIVE,1,5,5
4186,11547,18:43:00,0,40.00,0,2.7200,0.1220,0.2660,0.1120,1,ACTIVE,1,5,5
4186,11548,18:43:30,0,47.00,0,2.5800,0.0596,0.2660,0.1120,1,ACTIVE,1,5,5
4186,11549,18:44:00,0,29.00,0,3.8200,0.2000,0.3680,0.1450,1,ACTIVE,1,5,5
4186,11550,18:44:30,0,75.00,0,2.3600,0.0559,0.2440,0.0981,1,ACTIVE,1,5,5
4186,11551,18:45:00,0,47.00,0,2.0500,0.0559,0.2090,0.0880,1,ACTIVE,1,5,5
4186,11552,18:45:30,0,89.00,0,2.5900,0.1610,0.2440,0.0880,1,ACTIVE,1,5,5
4186,11553,18:46:00,0,36.00,0,2.6800,0.2490,0.2380,0.0347,1,ACTIVE,1,5,5
4186,11554,18:46:30,0,36.00,0,1.3800,0.0431,0.1390,0.0650,1,ACTIVE,1,5,5
4186,11555,18:47:00,0,40.00,0,1.4300,0.0724,0.1390,0.0523,1,ACTIVE,1,5,5
4186,11556,18:47:30,0,113.00,0,0.8900,0.0339,0.0880,0.0412,1,ACTIVE,1,5,5
4186,11557,18:48:00,0,79.00,0,0.5300,0.0170,0.0523,0.0292,1,ACTIVE,1,5,5
4186,11558,18:48:30,0,162.00,0,0.0500,0.0085,0.0012,0.0215,1,ACTIVE,1,5,5
4186,11559,18:49:00,0,99.00,0,0.0200,0.0049,0.0000,0.0059,1,ACTIVE,1,5,5
4186,11560,18:49:30,0,47.00,0,0.0500,0.0085,0.0012,0.0215,1,ACTIVE,1,5,5
4186,11561,18:50:00,0,140.00,0,0.5100,0.0170,0.0523,0.0173,1,ACTIVE,1,5,5
4186,11562,18:50:30,0,145.00,0,0.5100,0.0170,0.0523,0.0173,1,ACTIVE,1,5,5
4186,11563,18:51:00,0,313.00,0,0.0700,0.0170,0.0012,0.0215,1,ACTIVE,1,5,5
4186,11564,18:51:30,0,58.00,0,0.8100,0.1510,0.0523,0.0173,1,ACTIVE,1,5,5
4186,11565,18:52:00,0,65.00,0,3.7400,1.0900,0.1510,0.0162,1,ACTIVE,1,5,5
4186,11566,18:52:30,0,102.00,0,13.1800,3.0700,0.7200,0.0807,1,ACTIVE,1,5,5
4186,11567,18:53:00,0,106.00,0,2.4900,0.5200,0.1510,0.0162,1,ACTIVE,1,5,5
4186,11568,18:53:30,0,127.00,0,3.2900,0.4870,0.2440,0.0756,1,ACTIVE,1,5,5
4186,11569,18:54:00,0,89.00,0,1.5500,0.3450,0.0880,0.0115,1,ACTIVE,1,5,5
4186,11570,18:54:30,0,89.00,0,1.2700,0.3230,0.0622,0.0070,1,ACTIVE,1,5,5
4186,11571,18:55:00,0,31.00,0,1.6900,0.4100,0.0880,0.0115,1,ACTIVE,1,5,5
4186,11572,18:55:30,0,40.00,0,0.8800,0.1840,0.0523,0.0173,1,ACTIVE,1,5,5
4186,11573,18:56:00,0,3.00,0,0.5200,0.1650,0.0173,0.0059,1,ACTIVE,1,5,5
4186,11574,18:56:30,0,52.00,0,1.7300,0.3760,0.1000,0.0162,1,ACTIVE,1,5,5
4186,11575,18:57:00,0,22.00,0,1.2700,0.3230,0.0622,0.0070,1,ACTIVE,1,5,5
4186,11576,18:57:30,0,1.00,0,1.0000,0.2380,0.0523,0.0173,0,ACTIVE,1,5,5
4186,11577,18:58:00,0,7.00,0,1.0800,0.2380,0.0622,0.0070,0,ACTIVE,1,5,5
4186,11578,18:58:30,0,6.00,0,0.9800,0.2280,0.0523,0.0173,0,ACTIVE,1,5,5
4186,11579,18:59:00,0,4.00,0,0.7400,0.1840,0.0378,0.0023,0,ACTIVE,1,5,5
4186,11580,18:59:30,0,3.00,0,0.8600,0.1720,0.0523,0.0173,0,ACTIVE,1,5,5
4186,11581,19:00:00,0,7.00,0,0.9800,0.2280,0.0523,0.0173,0,ACTIVE,1,5,5
4186,11582,19:00:30,0,4.00,0,1.1300,0.2600,0.0622,0.0070,0,ACTIVE,1,5,5
4186,11583,19:01:00,0,61.00,0,2.5700,0.4370,0.1760,0.0523,1,ACTIVE,1,5,5
4186,11584,19:01:30,0,9.00,0,1.9600,0.3090,0.1390,0.0523,1,ACTIVE,1,5,5
4186,11585,19:02:00,0,70.00,0,2.4300,0.3760,0.1760,0.0523,1,ACTIVE,1,5,5
4186,11586,19:02:30,0,0.00,0,1.9900,0.4980,0.1000,0.0115,0,ACTIVE,1,5,5
4186,11587,19:03:00,0,56.00,0,2.6600,0.4980,0.1760,0.0162,1,ACTIVE,1,5,5
4186,11588,19:03:30,0,0.00,0,2.7700,0.4980,0.1880,0.0206,0,ACTIVE,1,5,5
4186,11589,19:04:00,0,58.00,0,2.0500,0.4280,0.1240,0.0162,1,ACTIVE,1,5,5
4186,11590,19:04:30,0,0.00,0,1.8000,0.4100,0.1000,0.0162,0,ACTIVE,1,5,5
4186,11591,19:05:00,0,12.00,0,2.0500,0.4280,0.1240,0.0162,0,ACTIVE,1,5,5
4186,11592,19:05:30,0,2.00,0,2.1100,0.4570,0.1240,0.0115,0,ACTIVE,1,5,5
4186,11593,19:06:00,0,0.00,0,1.8400,0.4280,0.1000,0.0115,0,ACTIVE,1,5,5
4186,11594,19:06:30,0,1.00,0,1.8200,0.4190,0.1000,0.0115,0,ACTIVE,1,5,5
4186,11595,19:07:00,0,29.00,0,1.7100,0.4190,0.0880,0.0115,1,ACTIVE,1,5,5
4186,11596,19:07:30,0,1.00,0,1.7700,0.4010,0.1000,0.0070,0,ACTIVE,1,5,5
4186,11597,19:08:00,0,0.00,0,1.7500,0.3920,0.1000,0.0070,0,ACTIVE,1,5,5
4186,11598,19:08:30,0,1.00,0,1.7500,0.3920,0.1000,0.0070,0,ACTIVE,1,5,5
4186,11599,19:09:00,0,1.00,0,1.7500,0.3920,0.1000,0.0070,0,ACTIVE,1,5,5
4186,11600,19:09:30,0,54.00,0,1.6100,0.3760,0.0880,0.0070,1,ACTIVE,1,5,5
4186,11601,19:10:00,0,1.00,0,1.3100,0.3450,0.0622,0.0070,0,ACTIVE,1,5,5
4186,11602,19:10:30,0,1.00,0,1.3500,0.3600,0.0622,0.0070,0,ACTIVE,1,5,5
4186,11603,19:11:00,0,0.00,0,1.3700,0.3680,0.0622,0.0070,0,ACTIVE,1,5,5
4186,11604,19:11:30,0,4.00,0,1.3700,0.3680,0.0622,0.0070,0,ACTIVE,1,5,5
4186,11605,19:12:00,0,0.00,0,1.3500,0.3600,0.0622,0.0070,0,ACTIVE,1,5,5
4186,11606,19:12:30,0,7.00,0,1.2800,0.3300,0.0622,0.0070,1,ACTIVE,1,5,5
4186,11607,19:13:00,0,82.00,0,0.6300,0.2140,0.0173,0.0059,1,ACTIVE,1,5,5
4186,11608,19:13:30,0,92.00,0,0.0200,0.0099,0.0000,0.0000,1,ACTIVE,1,5,5
4186,11609,19:14:00,0,89.00,0,0.0200,0.0099,0.0000,0.0000,1,ACTIVE,1,5,5
4186,11610,19:14:30,0,0.00,0,0.0200,0.0099,0.0000,0.0000,1,ACTIVE,1,5,5
4186,11611,19:15:00,0,99.00,0,0.0300,0.0099,0.0000,0.0059,1,ACTIVE,1,5,5
4186,11612,19:15:30,0,40.00,0,0.0200,0.0099,0.0000,0.0000,1,ACTIVE,1,5,5
4186,11613,19:16:00,0,1.00,0,0.0300,0.0099,0.0000,0.0059,1,ACTIVE,1,5,5
4186,11614,19:16:30,0,85.00,0,0.0200,0.0099,0.0000,0.0000,1,ACTIVE,1,5,5
4186,11615,19:17:00,0,184.00,0,0.0200,0.0099,0.0000,0.0000,1,ACTIVE,1,5,5
4186,11616,19:17:30,0,70.00,0,0.0100,0.0049,0.0000,0.0000,1,ACTIVE,1,5,5
4186,11617,19:18:00,0,75.00,0,0.0200,0.0049,0.0000,0.0059,1,ACTIVE,1,5,5
4186,11618,19:18:30,0,95.00,0,0.0100,0.0049,0.0000,0.0000,1,ACTIVE,1,5,5
4186,11619,19:19:00,0,99.00,0,0.0100,0.0049,0.0000,0.0000,1,ACTIVE,1,5,5
4186,11620,19:19:30,0,31.00,0,0.0100,0.0049,0.0000,0.0000,1,ACTIVE,1,5,5
4186,11621,19:20:00,0,131.00,0,0.0100,0.0049,0.0000,0.0000,1,ACTIVE,1,5,5
4186,11622,19:20:30,0,476.00,0,0.0100,0.0049,0.0000,0.0000,1,ACTIVE,1,5,5
4186,11623,19:21:00,0,357.00,0,0.0200,0.0049,0.0000,0.0059,1,ACTIVE,1,5,5
4186,11624,19:21:30,0,284.00,0,0.0100,0.0049,0.0000,0.0000,1,ACTIVE,1,5,5
4186,11625,19:22:00,0,82.00,0,0.0200,0.0049,0.0000,0.0059,1,ACTIVE,1,5,5
4186,11626,19:22:30,0,109.00,0,0.0200,0.0049,0.0000,0.0059,1,ACTIVE,1,5,5
4186,11627,19:23:00,0,75.00,0,0.0100,0.0049,0.0000,0.0000,1,ACTIVE,1,5,5
4186,11628,19:23:30,0,99.00,0,0.0100,0.0049,0.0000,0.0000,1,ACTIVE,1,5,5
4186,11629,19:24:00,0,95.00,0,0.0100,0.0049,0.0000,0.0000,1,ACTIVE,1,5,5
4186,11630,19:24:30,0,118.00,0,0.0100,0.0049,0.0000,0.0000,1,ACTIVE,1,5,5
4186,11631,19:25:00,0,284.00,0,0.0200,0.0099,0.0000,0.0000,1,ACTIVE,1,5,5
4186,11632,19:25:30,0,75.00,0,0.0200,0.0099,0.0000,0.0000,1,ACTIVE,1,5,5
4186,11633,19:26:00,0,162.00,0,0.0200,0.0049,0.0000,0.0059,1,ACTIVE,1,5,5
4186,11634,19:26:30,0,140.00,0,0.0200,0.0049,0.0000,0.0059,1,ACTIVE,1,5,5
4186,11635,19:27:00,0,89.00,0,0.1300,0.0085,0.0125,0.0000,1,ACTIVE,1,5,5
4186,11636,19:27:30,0,257.00,0,0.2100,0.0215,0.0173,0.0059,1,ACTIVE,1,5,5
4186,11637,19:28:00,0,52.00,0,0.2000,0.0170,0.0173,0.0059,1,ACTIVE,1,5,5
4186,11638,19:28:30,0,11.00,0,0.0500,0.0197,0.0000,0.0059,1,ACTIVE,1,5,5
4186,11639,19:29:00,0,38.00,0,0.0500,0.0197,0.0000,0.0059,1,ACTIVE,1,5,5
4186,11640,19:29:30,0,156.00,0,0.1500,0.0170,0.0125,0.0000,1,ACTIVE,1,5,5
4186,11641,19:30:00,0,461.00,0,1.9600,0.1840,0.1760,0.0115,1,ACTIVE,1,5,5
4186,11642,19:30:30,0,150.00,0,1.3700,0.2190,0.1000,0.0070,1,ACTIVE,1,5,5
4186,11643,19:31:00,0,67.00,0,1.3800,0.2230,0.1000,0.0070,1,ACTIVE,1,5,5
4186,11644,19:31:30,0,85.00,0,0.0300,0.0099,0.0000,0.0059,1,ACTIVE,1,5,5
4186,11645,19:32:00,0,122.00,0,0.2600,0.0470,0.0173,0.0059,1,ACTIVE,1,5,5
4186,11646,19:32:30,0,2.00,0,0.2200,0.0298,0.0173,0.0059,1,ACTIVE,1,5,5
4186,11647,19:33:00,0,122.00,0,0.2500,0.0431,0.0173,0.0059,1,ACTIVE,1,5,5
4186,11648,19:33:30,0,140.00,0,0.6000,0.1190,0.0378,0.0023,1,ACTIVE,1,5,5
4186,11649,19:34:00,0,49.00,0,1.2800,0.2280,0.0880,0.0070,1,ACTIVE,1,5,5
4186,11650,19:34:30,0,122.00,0,8.7000,1.9500,0.4980,0.0256,1,ACTIVE,1,5,5
4186,11651,19:35:00,0,131.00,0,124.0100,6.8500,12.0000,3.2800,1,ACTIVE,1,5,5
4186,11652,19:35:30,0,109.00,0,188.5600,15.3000,17.4000,2.4200,1,ACTIVE,1,5,5
4186,11653,19:36:00,0,89.00,0,68.0500,7.3100,5.8800,0.3450,1,ACTIVE,1,5,5
4186,11654,19:36:30,0,198.00,0,57.8700,6.8500,4.8400,0.3090,1,ACTIVE,1,5,5
4186,11655,19:37:00,0,198.00,0,17.3500,3.0100,1.2100,0.1000,1,ACTIVE,1,5,5
4186,11656,19:37:30,0,106.00,0,20.6300,3.8100,1.3800,0.1140,1,ACTIVE,1,5,5
4186,11657,19:38:00,0,56.00,0,25.0700,3.3500,1.9900,0.2000,1,ACTIVE,1,5,5
4186,11658,19:38:30,0,38.00,0,19.9400,2.3200,1.6700,0.1390,1,ACTIVE,1,5,5
4186,11659,19:39:00,0,54.00,0,213.1300,11.5000,20.7000,6.1400,1,ACTIVE,1,5,5
4186,11660,19:39:30,0,257.00,0,205.5900,7.9700,20.7000,6.4200,1,ACTIVE,1,5,5
4186,11661,19:40:00,0,419.00,0,0.3100,0.0679,0.0173,0.0059,1,ACTIVE,1,5,5
4186,11662,19:40:30,0,419.00,0,0.0200,0.0049,0.0000,0.0059,1,ACTIVE,1,5,5
4186,11663,19:41:00,0,140.00,0,0.0100,0.0049,0.0000,0.0000,1,ACTIVE,1,5,5
4186,11664,19:41:30,0,85.00,0,0.0300,0.0099,0.0000,0.0059,1,ACTIVE,1,5,5
4186,11665,19:42:00,0,136.00,0,0.0200,0.0049,0.0000,0.0059,1,ACTIVE,1,5,5
4186,11666,19:42:30,0,82.00,0,0.0200,0.0049,0.0000,0.0059,1,ACTIVE,1,5,5
4186,11667,19:43:00,0,211.00,0,0.0200,0.0099,0.0000,0.0000,1,ACTIVE,1,5,5
4186,11668,19:43:30,0,191.00,0,0.0500,0.0197,0.0000,0.0059,1,ACTIVE,1,5,5
4186,11669,19:44:00,0,218.00,0,0.0100,0.0049,0.0000,0.0000,1,ACTIVE,1,5,5
4186,11670,19:44:30,0,198.00,0,0.0100,0.0049,0.0000,0.0000,1,ACTIVE,1,5,5
4186,11671,19:45:00,0,234.00,0,0.0200,0.0049,0.0000,0.0059,1,ACTIVE,1,5,5
4186,11672,19:45:30,0,150.00,0,0.0100,0.0049,0.0000,0.0000,1,ACTIVE,1,5,5
4186,11673,19:46:00,0,211.00,0,0.0200,0.0049,0.0000,0.0059,1,ACTIVE,1,5,5
4186,11674,19:46:30,0,136.00,0,0.0100,0.0049,0.0000,0.0000,1,ACTIVE,1,5,5
4186,11675,19:47:00,0,266.00,0,0.0200,0.0049,0.0000,0.0059,1,ACTIVE,1,5,5
4186,11676,19:47:30,0,211.00,0,0.0100,0.0049,0.0000,0.0000,1,ACTIVE,1,5,5
4186,11677,19:48:00,0,191.00,0,0.0200,0.0049,0.0000,0.0059,1,ACTIVE,1,5,5
4186,11678,19:48:30,0,184.00,0,0.0200,0.0099,0.0000,0.0000,1,ACTIVE,1,5,5
4186,11679,19:49:00,0,136.00,0,0.0200,0.0099,0.0000,0.0000,1,ACTIVE,1,5,5
4186,11680,19:49:30,0,198.00,0,0.0100,0.0049,0.0000,0.0000,1,ACTIVE,1,5,5
4186,11681,19:50:00,0,184.00,0,0.0200,0.0099,0.0000,0.0000,1,ACTIVE,1,5,5
4186,11682,19:50:30,0,266.00,0,0.0200,0.0099,0.0000,0.0000,1,ACTIVE,1,5,5
4186,11683,19:51:00,0,106.00,0,0.1200,0.0535,0.0000,0.0059,1,ACTIVE,1,5,5
4186,11684,19:51:30,0,136.00,0,0.0500,0.0197,0.0000,0.0059,1,ACTIVE,1,5,5
4186,11685,19:52:00,0,29.00,0,0.0500,0.0197,0.0000,0.0059,1,ACTIVE,1,5,5
4186,11686,19:52:30,0,58.00,0,0.0300,0.0099,0.0000,0.0059,1,ACTIVE,1,5,5
4186,11687,19:53:00,0,204.00,0,0.0500,0.0197,0.0000,0.0059,1,ACTIVE,1,5,5
4186,11688,19:53:30,0,79.00,0,0.0600,0.0245,0.0000,0.0059,1,ACTIVE,1,5,5
4186,11689,19:54:00,0,89.00,0,0.0600,0.0245,0.0000,0.0059,1,ACTIVE,1,5,5
4186,11690,19:54:30,0,218.00,0,0.0500,0.0197,0.0000,0.0059,1,ACTIVE,1,5,5
4186,11691,19:55:00,0,167.00,0,0.0200,0.0099,0.0000,0.0000,1,ACTIVE,1,5,5
4186,11692,19:55:30,0,226.00,0,0.0400,0.0197,0.0000,0.0000,1,ACTIVE,1,5,5
4186,11693,19:56:00,0,47.00,0,0.0500,0.0197,0.0000,0.0059,1,ACTIVE,1,5,5
4186,11694,19:56:30,0,20.00,0,0.0600,0.0245,0.0000,0.0059,1,ACTIVE,1,5,5
4186,11695,19:57:00,0,40.00,0,0.0600,0.0245,0.0000,0.0059,1,ACTIVE,1,5,5
4186,11696,19:57:30,0,58.00,0,0.0600,0.0245,0.0000,0.0059,1,ACTIVE,1,5,5
4186,11697,19:58:00,0,95.00,0,0.0500,0.0197,0.0000,0.0059,1,ACTIVE,1,5,5
4186,11698,19:58:30,0,184.00,0,0.0600,0.0245,0.0000,0.0059,1,ACTIVE,1,5,5
4186,11699,19:59:00,0,21.00,0,0.0500,0.0197,0.0000,0.0059,1,ACTIVE,1,5,5
4186,11700,19:59:30,0,85.00,0,0.0800,0.0339,0.0000,0.0059,1,ACTIVE,1,5,5
4186,11701,20:00:00,0,1.00,0,0.0500,0.0197,0.0000,0.0059,1,ACTIVE,1,5,5
4186,11702,20:00:30,0,0.00,0,0.0500,0.0197,0.0000,0.0059,1,ACTIVE,1,5,5
4186,11703,20:01:00,0,131.00,0,0.0600,0.0245,0.0000,0.0059,1,ACTIVE,1,5,5
4186,11704,20:01:30,0,28.00,0,0.0600,0.0245,0.0000,0.0059,1,ACTIVE,1,5,5
4186,11705,20:02:00,0,89.00,0,0.0600,0.0245,0.0000,0.0059,1,ACTIVE,1,5,5
4186,11706,20:02:30,0,89.00,0,0.0500,0.0197,0.0000,0.0059,1,ACTIVE,1,5,5
4186,11707,20:03:00,0,75.00,0,0.0600,0.0245,0.0000,0.0059,1,ACTIVE,1,5,5
4186,11708,20:03:30,0,150.00,0,0.0600,0.0245,0.0000,0.0059,1,ACTIVE,1,5,5
4186,11709,20:04:00,0,70.00,0,0.0800,0.0339,0.0000,0.0000,1,ACTIVE,1,5,5
4186,11710,20:04:30,0,150.00,0,0.0800,0.0339,0.0000,0.0059,1,ACTIVE,1,5,5
4186,11711,20:05:00,0,49.00,0,0.2300,0.0339,0.0173,0.0059,1,ACTIVE,1,5,5
4186,11712,20:05:30,0,118.00,0,0.2200,0.0298,0.0173,0.0059,1,ACTIVE,1,5,5
4186,11713,20:06:00,0,156.00,0,0.0800,0.0339,0.0000,0.0059,1,ACTIVE,1,5,5
4186,11714,20:06:30,0,184.00,0,0.0400,0.0197,0.0000,0.0000,1,ACTIVE,1,5,5
4186,11715,20:07:00,0,89.00,0,0.0800,0.0339,0.0000,0.0059,1,ACTIVE,1,5,5
4186,11716,20:07:30,0,49.00,0,0.2300,0.0339,0.0173,0.0059,1,ACTIVE,1,5,5
4186,11717,20:08:00,0,102.00,0,0.0600,0.0245,0.0000,0.0059,1,ACTIVE,1,5,5
4186,11718,20:08:30,0,226.00,0,0.1800,0.0339,0.0125,0.0000,1,ACTIVE,1,5,5
4186,11719,20:09:00,0,70.00,0,0.2800,0.0559,0.0173,0.0059,1,ACTIVE,1,5,5
4186,11720,20:09:30,0,0.00,0,0.8500,0.1360,0.0622,0.0023,1,ACTIVE,1,5,5
4186,11721,20:10:00,0,2.00,0,0.8500,0.1360,0.0622,0.0070,1,ACTIVE,1,5,5
4186,11722,20:10:30,0,0.00,0,0.8400,0.1330,0.0622,0.0023,1,ACTIVE,1,5,5
4186,11723,20:11:00,0,34.00,0,0.6000,0.1220,0.0378,0.0023,1,ACTIVE,1,5,5
4186,11724,20:11:30,0,162.00,0,0.5700,0.1070,0.0378,0.0023,1,ACTIVE,1,5,5
4186,11725,20:12:00,0,63.00,0,0.3500,0.0861,0.0173,0.0059,1,ACTIVE,1,5,5
4186,11726,20:12:30,0,19.00,0,0.3200,0.0724,0.0173,0.0059,1,ACTIVE,1,5,5
4186,11727,20:13:00,0,19.00,0,0.5200,0.0861,0.0378,0.0023,1,ACTIVE,1,5,5
4186,11728,20:13:30,0,22.00,0,0.3400,0.0807,0.0173,0.0059,1,ACTIVE,1,5,5
4186,11729,20:14:00,0,7.00,0,0.3200,0.0724,0.0173,0.0059,0,ACTIVE,1,5,5
4186,11730,20:14:30,0,1.00,0,0.5100,0.0807,0.0378,0.0023,0,ACTIVE,1,5,5
4186,11731,20:15:00,0,6.00,0,0.3400,0.0807,0.0173,0.0059,1,ACTIVE,1,5,5
4186,11732,20:15:30,0,43.00,0,0.5400,0.0939,0.0378,0.0023,1,ACTIVE,1,5,5
4186,11733,20:16:00,0,52.00,0,0.3500,0.0861,0.0173,0.0059,1,ACTIVE,1,5,5
4186,11734,20:16:30,0,167.00,0,0.0100,0.0049,0.0000,0.0000,1,ACTIVE,1,5,5
4186,11735,20:17:00,0,54.00,0,0.0300,0.0099,0.0000,0.0059,1,ACTIVE,1,5,5
4186,11736,20:17:30,0,162.00,0,0.0800,0.0339,0.0000,0.0059,1,ACTIVE,1,5,5
4186,11737,20:18:00,0,249.00,0,0.1800,0.0298,0.0125,0.0000,1,ACTIVE,1,5,5
4186,11738,20:18:30,0,131.00,0,0.0600,0.0245,0.0000,0.0059,1,ACTIVE,1,5,5
4186,11739,20:19:00,0,150.00,0,0.0600,0.0245,0.0000,0.0059,1,ACTIVE,1,5,5
4186,11740,20:19:30,0,198.00,0,0.0500,0.0245,0.0000,0.0000,1,ACTIVE,1,5,5
4186,11741,20:20:00,0,211.00,0,0.3200,0.0724,0.0173,0.0059,1,ACTIVE,1,5,5
4186,11742,20:20:30,0,38.00,0,0.1600,0.0215,0.0125,0.0000,1,ACTIVE,1,5,5
4186,11743,20:21:00,0,22.00,0,0.2300,0.0339,0.0173,0.0059,1,ACTIVE,1,5,5
4186,11744,20:21:30,0,7.00,0,0.2900,0.0596,0.0173,0.0059,1,ACTIVE,1,5,5
4186,11745,20:22:00,0,56.00,0,0.0800,0.0339,0.0000,0.0059,1,ACTIVE,1,5,5
4186,11746,20:22:30,0,70.00,0,0.2500,0.0431,0.0173,0.0059,1,ACTIVE,1,5,5
4186,11747,20:23:00,0,4.00,0,0.2600,0.0470,0.0173,0.0059,1,ACTIVE,1,5,5
4186,11748,20:23:30,0,21.00,0,0.2600,0.0470,0.0173,0.0059,1,ACTIVE,1,5,5
4186,11749,20:24:00,0,323.00,0,0.5400,0.1720,0.0173,0.0059,1,ACTIVE,1,5,5
4186,11750,20:24:30,0,92.00,0,0.6000,0.2000,0.0173,0.0059,1,ACTIVE,1,5,5
4186,11751,20:25:00,0,140.00,0,2.0100,0.5550,0.0880,0.0070,1,ACTIVE,1,5,5
4186,11752,20:25:30,0,211.00,0,3.2000,0.7350,0.1760,0.0256,1,ACTIVE,1,5,5
4186,11753,20:26:00,0,184.00,0,26.7100,4.2500,1.9100,0.5550,1,ACTIVE,1,5,5
4186,11754,20:26:30,0,89.00,0,43.6800,8.8800,2.7000,0.3920,1,ACTIVE,1,5,5
4186,11755,20:27:00,0,109.00,0,40.5300,8.1400,2.5300,0.3680,1,ACTIVE,1,5,5
4186,11756,20:27:30,0,118.00,0,39.2900,7.8000,2.4700,0.3600,1,ACTIVE,1,5,5
4186,11757,20:28:00,0,118.00,0,33.3500,6.7000,2.0800,0.3030,1,ACTIVE,1,5,5
4186,11758,20:28:30,0,118.00,0,37.5300,7.6300,2.3200,0.3370,1,ACTIVE,1,5,5
4186,11759,20:29:00,0,92.00,0,39.1800,7.9700,2.4200,0.3370,1,ACTIVE,1,5,5
4186,11760,20:29:30,0,122.00,0,37.5200,7.6300,2.3200,0.3300,1,ACTIVE,1,5,5
4186,11761,20:30:00,0,118.00,0,47.1800,7.6300,3.3500,0.8940,1,ACTIVE,1,5,5
4186,11762,20:30:30,0,191.00,0,49.2100,7.6300,3.5700,0.9540,1,ACTIVE,1,5,5
4186,11763,20:31:00,0,92.00,0,48.6100,7.9700,3.4200,0.9330,1,ACTIVE,1,5,5
4186,11764,20:31:30,0,145.00,0,44.2300,7.1500,3.1400,0.8560,1,ACTIVE,1,5,5
4186,11765,20:32:00,0,145.00,0,47.5900,7.8000,3.3500,0.9330,1,ACTIVE,1,5,5
4186,11766,20:32:30,0,167.00,0,48.6100,7.9700,3.4200,0.9330,1,ACTIVE,1,5,5
4186,11767,20:33:00,0,211.00,0,40.8500,8.5000,2.4700,0.3600,1,ACTIVE,1,5,5
4186,11768,20:33:30,0,218.00,0,41.7300,8.6900,2.5300,0.3520,1,ACTIVE,1,5,5
4186,11769,20:34:00,0,140.00,0,42.2400,8.6900,2.5800,0.3760,1,ACTIVE,1,5,5
4186,11770,20:34:30,0,145.00,0,33.1900,6.8500,2.0400,0.2090,1,ACTIVE,1,5,5
4186,11771,20:35:00,0,122.00,0,35.6100,8.5000,1.9100,0.1000,1,ACTIVE,1,5,5
4186,11772,20:35:30,0,150.00,0,32.9400,7.6300,1.8300,0.0773,1,ACTIVE,1,5,5
4186,11773,20:36:00,0,122.00,0,38.3600,8.3200,2.2700,0.1000,1,ACTIVE,1,5,5
4186,11774,20:36:30,0,127.00,0,38.5500,8.1400,2.3200,0.2330,1,ACTIVE,1,5,5
4186,11775,20:37:00,0,49.00,0,11.1000,3.0700,0.4870,0.0395,1,ACTIVE,1,5,5
4186,11776,20:37:30,0,109.00,0,15.5400,4.1600,0.7200,0.0395,1,ACTIVE,1,5,5
4186,11777,20:38:00,0,118.00,0,27.7800,7.6300,1.2400,0.0773,1,ACTIVE,1,5,5
4186,11778,20:38:30,0,405.00,0,14.4000,2.9400,0.8940,0.0622,1,ACTIVE,1,5,5
4186,11779,20:39:00,0,20.00,0,5.0900,1.0900,0.3030,0.0395,1,ACTIVE,1,5,5
4186,11780,20:39:30,0,45.00,0,45.5100,7.1500,3.2800,0.9130,1,ACTIVE,1,5,5
4186,11781,20:40:00,0,18.00,0,46.5000,7.3100,3.3500,0.9330,1,ACTIVE,1,5,5
4186,11782,20:40:30,0,0.00,0,52.2200,8.3200,3.7300,1.0400,1,ACTIVE,1,5,5
4186,11783,20:41:00,0,40.00,0,11.1900,1.8300,0.8020,0.1140,1,ACTIVE,1,5,5
4186,11784,20:41:30,0,22.00,0,4.9600,0.9130,0.3300,0.0480,1,ACTIVE,1,5,5
4186,11785,20:42:00,0,33.00,0,21.6900,4.2500,1.3800,0.2050,1,ACTIVE,1,5,5
4186,11786,20:42:30,0,2.00,0,18.6800,3.5700,1.2100,0.1650,0,ACTIVE,1,5,5
4186,11787,20:43:00,0,4.00,0,20.7600,4.0700,1.3200,0.1840,0,ACTIVE,1,5,5
4186,11788,20:43:30,0,27.00,0,26.8700,4.3400,1.9100,0.5200,1,ACTIVE,1,5,5
4186,11789,20:44:00,0,0.00,0,12.9200,2.8200,0.7510,0.1020,0,ACTIVE,1,5,5
4186,11790,20:44:30,0,2.00,0,12.3800,2.7000,0.7200,0.1020,0,ACTIVE,1,5,5
4186,11791,20:45:00,0,3.00,0,12.2500,2.6400,0.7200,0.1000,0,ACTIVE,1,5,5
4186,11792,20:45:30,0,15.00,0,14.1100,3.0100,0.8370,0.1190,0,ACTIVE,1,5,5
4186,11793,20:46:00,0,4.00,0,14.7500,3.0700,0.8940,0.1190,0,ACTIVE,1,5,5
4186,11794,20:46:30,0,26.00,0,10.4500,1.9500,0.6890,0.0939,1,ACTIVE,1,5,5
4186,11795,20:47:00,0,24.00,0,13.1100,2.7000,0.8020,0.1120,1,ACTIVE,1,5,5
4186,11796,20:47:30,0,6.00,0,33.8600,5.3900,2.4200,0.6740,0,ACTIVE,1,5,5
4186,11797,20:48:00,0,31.00,0,32.8800,5.1700,2.3700,0.6600,1,ACTIVE,1,5,5
4186,11798,20:48:30,0,1.00,0,27.8500,4.4400,1.9900,0.5430,0,ACTIVE,1,5,5
4186,11799,20:49:00,0,6.00,0,21.1600,4.2500,1.3200,0.1840,0,ACTIVE,1,5,5
4186,11800,20:49:30,0,9.00,0,34.1000,5.5100,2.4200,0.6600,0,ACTIVE,1,5,5
4186,11801,20:50:00,0,0.00,0,36.4100,5.8800,2.5800,0.7200,0,ACTIVE,1,5,5
4186,11802,20:50:30,0,45.00,0,25.4800,5.0600,1.6000,0.2380,1,ACTIVE,1,5,5
4186,11803,20:51:00,0,4.00,0,31.0500,4.9500,2.2200,0.6180,0,ACTIVE,1,5,5
4186,11804,20:51:30,0,7.00,0,25.4800,5.0600,1.6000,0.2330,0,ACTIVE,1,5,5
4186,11805,20:52:00,0,7.00,0,23.0800,4.6400,1.4400,0.2050,0,ACTIVE,1,5,5
4186,11806,20:52:30,0,0.00,0,19.6400,3.9000,1.2400,0.1720,0,ACTIVE,1,5,5
4186,11807,20:53:00,0,11.00,0,19.2100,3.8100,1.2100,0.1650,0,ACTIVE,1,5,5
4186,11808,20:53:30,0,17.00,0,20.9500,4.1600,1.3200,0.1840,1,ACTIVE,1,5,5
4186,11809,20:54:00,0,8.00,0,16.0700,2.7000,1.1300,0.1610,1,ACTIVE,1,5,5
4186,11810,20:54:30,0,18.00,0,14.6000,3.0100,0.8940,0.1190,1,ACTIVE,1,5,5
4186,11811,20:55:00,0,102.00,0,27.9100,4.6400,1.9500,0.5430,1,ACTIVE,1,5,5
4186,11812,20:55:30,0,102.00,0,39.7900,6.7000,2.7600,0.7680,1,ACTIVE,1,5,5
4186,11813,20:56:00,0,118.00,0,55.8400,9.2700,3.9000,1.1100,1,ACTIVE,1,5,5
4186,11814,20:56:30,0,19.00,0,53.4800,8.8800,3.7300,1.0600,1,ACTIVE,1,5,5
4186,11815,20:57:00,0,8.00,0,52.3300,8.6900,3.6500,1.0400,1,ACTIVE,1,5,5
4186,11816,20:57:30,0,4.00,0,57.0400,9.4700,3.9800,1.1100,0,ACTIVE,1,5,5
4186,11817,20:58:00,0,21.00,0,60.3600,9.8900,4.2500,1.1600,1,ACTIVE,1,5,5
4186,11818,20:58:30,0,52.00,0,60.4200,9.8900,4.2500,1.2100,1,ACTIVE,1,5,5
4186,11819,20:59:00,0,29.00,0,59.1000,9.6800,4.1600,1.1600,1,ACTIVE,1,5,5
4186,11820,20:59:30,0,12.00,0,59.9200,9.6800,4.2500,1.1800,1,ACTIVE,1,5,5
4186,11821,21:00:00,0,67.00,0,37.0200,4.9500,2.8800,0.8020,1,ACTIVE,1,5,5
4186,11822,21:00:30,0,92.00,0,29.5400,3.6500,2.3700,0.6600,1,ACTIVE,1,5,5
4186,11823,21:01:00,0,82.00,0,43.3500,7.3100,3.0100,0.8020,1,ACTIVE,1,5,5
4186,11824,21:01:30,0,0.00,0,45.8100,7.3100,3.2800,0.8750,1,ACTIVE,1,5,5
4186,11825,21:02:00,0,0.00,0,45.8100,7.3100,3.2800,0.8750,1,ACTIVE,1,5,5
4186,11826,21:02:30,0,8.00,0,46.8100,7.4700,3.3500,0.8940,1,ACTIVE,1,5,5
4186,11827,21:03:00,0,1.00,0,47.2000,7.6300,3.3500,0.9130,1,ACTIVE,1,5,5
4186,11828,21:03:30,0,346.00,0,26.5000,4.1600,1.9500,0.2190,1,ACTIVE,1,5,5
4186,11829,21:04:00,0,70.00,0,3.9100,0.7200,0.2600,0.0347,1,ACTIVE,1,5,5
4186,11830,21:04:30,0,2.00,0,4.0800,0.6050,0.3030,0.0880,1,ACTIVE,1,5,5
4186,11831,21:05:00,0,0.00,0,4.0500,0.5920,0.3030,0.0880,1,ACTIVE,1,5,5
4186,11832,21:05:30,0,0.00,0,4.0500,0.5920,0.3030,0.0880,1,ACTIVE,1,5,5
4186,11833,21:06:00,0,47.00,0,6.1600,1.2400,0.3840,0.0571,1,ACTIVE,1,5,5
4186,11834,21:06:30,0,198.00,0,10.9900,2.3200,0.6600,0.0807,1,ACTIVE,1,5,5
4186,11835,21:07:00,0,275.00,0,4.9200,1.1800,0.2600,0.0256,1,ACTIVE,1,5,5
4186,11836,21:07:30,0,293.00,0,0.3400,0.0807,0.0173,0.0059,1,ACTIVE,1,5,5
4186,11837,21:08:00,0,226.00,0,1.3800,0.2720,0.0880,0.0115,1,ACTIVE,1,5,5
4186,11838,21:08:30,0,145.00,0,1.9600,0.3840,0.1240,0.0162,1,ACTIVE,1,5,5
4186,11839,21:09:00,0,127.00,0,19.6700,5.0600,0.9540,0.1360,1,ACTIVE,1,5,5
4186,11840,21:09:30,0,211.00,0,19.8400,3.2100,1.4100,0.3840,1,ACTIVE,1,5,5
4186,11841,21:10:00,0,145.00,0,6.0700,1.2400,0.3760,0.0440,1,ACTIVE,1,5,5
4186,11842,21:10:30,0,136.00,0,9.0700,1.5000,0.6460,0.0807,1,ACTIVE,1,5,5
4186,11843,21:11:00,0,47.00,0,8.2600,1.3500,0.5920,0.0807,1,ACTIVE,1,5,5
4186,11844,21:11:30,0,122.00,0,8.2800,1.7900,0.4870,0.0571,1,ACTIVE,1,5,5
4186,11845,21:12:00,0,118.00,0,7.1900,1.3800,0.4670,0.0535,1,ACTIVE,1,5,5
4186,11846,21:12:30,0,92.00,0,7.4600,1.4100,0.4870,0.0724,1,ACTIVE,1,5,5
4186,11847,21:13:00,0,52.00,0,2.3000,0.3160,0.1760,0.0523,1,ACTIVE,1,5,5
4186,11848,21:13:30,0,241.00,0,24.8900,3.0700,2.0400,0.2490,1,ACTIVE,1,5,5
4186,11849,21:14:00,0,198.00,0,24.4500,2.3200,2.1700,0.2770,1,ACTIVE,1,5,5
4186,11850,21:14:30,0,234.00,0,119.1800,5.3900,12.0000,1.7900,1,ACTIVE,1,5,5
4186,11851,21:15:00,0,113.00,0,2.2700,0.4190,0.1510,0.0162,1,ACTIVE,1,5,5
4186,11852,21:15:30,0,63.00,0,20.5900,1.9500,1.8300,0.2660,1,ACTIVE,1,5,5
4186,11853,21:16:00,0,56.00,0,11.3900,1.2400,0.9540,0.2770,1,ACTIVE,1,5,5
4186,11854,21:16:30,0,2.00,0,15.4300,2.7000,1.0600,0.1480,1,ACTIVE,1,5,5
4186,11855,21:17:00,0,0.00,0,15.8500,2.7000,1.1100,0.1550,0,ACTIVE,1,5,5
4186,11856,21:17:30,0,8.00,0,6.6500,1.3200,0.4190,0.0622,0,ACTIVE,1,5,5
4186,11857,21:18:00,0,1.00,0,4.6300,0.8750,0.3030,0.0395,0,ACTIVE,1,5,5
4186,11858,21:18:30,0,4.00,0,4.6300,0.8750,0.3030,0.0395,0,ACTIVE,1,5,5
4186,11859,21:19:00,0,38.00,0,2.9000,0.5550,0.1880,0.0256,1,ACTIVE,1,5,5
4186,11860,21:19:30,0,1.00,0,2.7400,0.5310,0.1760,0.0206,0,ACTIVE,1,5,5
4186,11861,21:20:00,0,4.00,0,2.5000,0.5200,0.1510,0.0206,0,ACTIVE,1,5,5
4186,11862,21:20:30,0,9.00,0,2.7600,0.5430,0.1760,0.0206,0,ACTIVE,1,5,5
4186,11863,21:21:00,0,0.00,0,2.7600,0.5430,0.1760,0.0206,0,ACTIVE,1,5,5
4186,11864,21:21:30,0,1.00,0,2.7100,0.5200,0.1760,0.0206,0,ACTIVE,1,5,5
4186,11865,21:22:00,0,1.00,0,2.7100,0.5200,0.1760,0.0206,0,ACTIVE,1,5,5
4186,11866,21:22:30,0,1.00,0,2.7100,0.5200,0.1760,0.0206,0,ACTIVE,1,5,5
4186,11867,21:23:00,0,27.00,0,3.7400,0.9330,0.1880,0.0256,1,ACTIVE,1,5,5
4186,11868,21:23:30,0,8.00,0,5.3100,0.7510,0.4010,0.1220,0,ACTIVE,1,5,5
4186,11869,21:24:00,0,8.00,0,5.7000,1.0600,0.3760,0.0535,0,ACTIVE,1,5,5
4186,11870,21:24:30,0,7.00,0,7.0100,0.9960,0.5310,0.1450,0,ACTIVE,1,5,5
4186,11871,21:25:00,0,2.00,0,4.2500,0.7510,0.2900,0.0440,0,ACTIVE,1,5,5
4186,11872,21:25:30,0,0.00,0,6.1200,0.8940,0.4570,0.1330,0,ACTIVE,1,5,5
4186,11873,21:26:00,0,0.00,0,5.6500,0.8370,0.4190,0.1220,0,ACTIVE,1,5,5
4186,11874,21:26:30,0,1.00,0,3.9500,0.7350,0.2600,0.0395,0,ACTIVE,1,5,5
4186,11875,21:27:00,0,1.00,0,4.2100,0.7350,0.2900,0.0395,0,ACTIVE,1,5,5
4186,11876,21:27:30,0,0.00,0,5.5300,0.7850,0.4190,0.1220,0,ACTIVE,1,5,5
4186,11877,21:28:00,0,9.00,0,3.9100,0.7200,0.2600,0.0395,0,ACTIVE,1,5,5
4186,11878,21:28:30,0,1.00,0,2.7100,0.5200,0.1760,0.0206,0,ACTIVE,1,5,5
4186,11879,21:29:00,0,10.00,0,2.7100,0.5200,0.1760,0.0206,0,ACTIVE,1,5,5
4186,11880,21:29:30,0,1.00,0,3.6600,0.5670,0.2660,0.0756,0,ACTIVE,1,5,5
4186,11881,21:30:00,0,1.00,0,3.6800,0.5670,0.2660,0.0880,0,ACTIVE,1,5,5
4186,11882,21:30:30,0,6.00,0,3.6400,0.5550,0.2660,0.0756,0,ACTIVE,1,5,5
4186,11883,21:31:00,0,0.00,0,3.5700,0.5200,0.2660,0.0880,0,ACTIVE,1,5,5
4186,11884,21:31:30,0,1.00,0,3.6300,0.5430,0.2660,0.0981,0,ACTIVE,1,5,5
4186,11885,21:32:00,0,0.00,0,3.6200,0.5430,0.2660,0.0880,0,ACTIVE,1,5,5
4186,11886,21:32:30,0,0.00,0,3.9800,0.5550,0.3030,0.0981,0,ACTIVE,1,5,5
4186,11887,21:33:00,0,0.00,0,4.0000,0.5670,0.3030,0.0880,0,ACTIVE,1,5,5
4186,11888,21:33:30,0,0.00,0,3.4900,0.6180,0.2380,0.0347,0,ACTIVE,1,5,5
4186,11889,21:34:00,0,0.00,0,4.4400,0.6180,0.3370,0.1120,0,ACTIVE,1,5,5
4186,11890,21:34:30,0,38.00,0,14.7900,2.1300,1.1100,0.3370,1,ACTIVE,1,5,5
4186,11891,21:35:00,0,10.00,0,14.9300,1.7500,1.2100,0.4280,0,ACTIVE,1,5,5
4186,11892,21:35:30,0,18.00,0,21.8200,3.8100,1.5000,0.2090,1,ACTIVE,1,5,5
4186,11893,21:36:00,0,0.00,0,40.1600,6.8500,2.8200,0.3300,0,ACTIVE,1,5,5
4186,11894,21:36:30,0,0.00,0,38.2700,6.7000,2.6400,0.3160,0,ACTIVE,1,5,5
4186,11895,21:37:00,0,52.00,0,51.4500,8.3200,3.6500,0.9750,1,ACTIVE,1,5,5
4186,11896,21:37:30,0,1.00,0,16.5700,3.2100,1.0600,0.1580,0,ACTIVE,1,5,5
4186,11897,21:38:00,0,0.00,0,22.5800,3.3500,1.6700,0.4670,0,ACTIVE,1,5,5
4186,11898,21:38:30,0,2.00,0,21.9500,3.3500,1.6000,0.4570,0,ACTIVE,1,5,5
4186,11899,21:39:00,0,1.00,0,16.1600,3.2100,1.0200,0.1480,0,ACTIVE,1,5,5
4186,11900,21:39:30,0,0.00,0,16.3700,3.2100,1.0400,0.1550,0,ACTIVE,1,5,5
4186,11901,21:40:00,0,0.00,0,16.7300,3.2800,1.0600,0.1580,0,ACTIVE,1,5,5
4186,11902,21:40:30,0,54.00,0,22.1100,4.4400,1.3800,0.2050,1,ACTIVE,1,5,5
4186,11903,21:41:00,0,35.00,0,35.1100,7.1500,2.1700,0.2600,1,ACTIVE,1,5,5
4186,11904,21:41:30,0,18.00,0,30.9800,5.6300,2.0800,0.2900,1,ACTIVE,1,5,5
4186,11905,21:42:00,0,40.00,0,30.3700,3.8100,2.4200,0.6740,1,ACTIVE,1,5,5
4186,11906,21:42:30,0,11.00,0,27.5600,3.3500,2.2200,0.6600,1,ACTIVE,1,5,5
4186,11907,21:43:00,0,75.00,0,22.4000,4.0700,1.5000,0.2190,1,ACTIVE,1,5,5
4186,11908,21:43:30,0,13.00,0,26.9000,3.6500,2.0800,0.5550,1,ACTIVE,1,5,5
4186,11909,21:44:00,0,0.00,0,27.4500,3.9000,2.0800,0.5670,0,ACTIVE,1,5,5
4186,11910,21:44:30,0,6.00,0,22.6900,4.0700,1.5400,0.2230,0,ACTIVE,1,5,5
4186,11911,21:45:00,0,1.00,0,22.1100,3.8100,1.5400,0.2050,0,ACTIVE,1,5,5
4186,11912,21:45:30,0,4.00,0,22.4200,3.8100,1.5700,0.2230,0,ACTIVE,1,5,5
4186,11913,21:46:00,0,25.00,0,23.2900,4.0700,1.6000,0.2230,1,ACTIVE,1,5,5
4186,11914,21:46:30,0,2.00,0,21.8100,3.8100,1.5000,0.2000,0,ACTIVE,1,5,5
4186,11915,21:47:00,0,8.00,0,26.0400,4.7400,1.7500,0.2280,0,ACTIVE,1,5,5
4186,11916,21:47:30,0,30.00,0,29.2800,5.3900,1.9500,0.2600,1,ACTIVE,1,5,5
4186,11917,21:48:00,0,6.00,0,24.3100,4.2500,1.6700,0.2280,0,ACTIVE,1,5,5
4186,11918,21:48:30,0,1.00,0,20.9900,3.8100,1.4100,0.2050,0,ACTIVE,1,5,5
4186,11919,21:49:00,0,11.00,0,22.8900,4.1600,1.5400,0.2230,1,ACTIVE,1,5,5
4186,11920,21:49:30,0,26.00,0,22.9900,4.3400,1.5000,0.2050,1,ACTIVE,1,5,5
4186,11921,21:50:00,0,34.00,0,51.4700,8.3200,3.6500,0.9960,1,ACTIVE,1,5,5
4186,11922,21:50:30,0,47.00,0,65.2800,10.1000,4.7400,1.3200,1,ACTIVE,1,5,5
4186,11923,21:51:00,0,99.00,0,64.7400,9.8900,4.7400,1.2600,1,ACTIVE,1,5,5
4186,11924,21:51:30,0,198.00,0,42.1700,5.0600,3.4200,0.9330,1,ACTIVE,1,5,5
4186,11925,21:52:00,0,40.00,0,63.0400,10.3000,4.4400,1.2100,1,ACTIVE,1,5,5
4186,11926,21:52:30,0,75.00,0,64.4500,10.6000,4.5400,1.2600,1,ACTIVE,1,5,5
4186,11927,21:53:00,0,65.00,0,59.5100,9.8900,4.1600,1.1100,1,ACTIVE,1,5,5
4186,11928,21:53:30,0,21.00,0,57.5000,9.6800,3.9800,1.1100,1,ACTIVE,1,5,5
4186,11929,21:54:00,0,22.00,0,62.2000,10.3000,4.3400,1.2100,1,ACTIVE,1,5,5
4186,11930,21:54:30,0,28.00,0,57.5000,9.6800,3.9800,1.1100,1,ACTIVE,1,5,5
4186,11931,21:55:00,0,9.00,0,57.5000,9.6800,3.9800,1.1100,1,ACTIVE,1,5,5
4186,11932,21:55:30,0,16.00,0,59.5700,9.8900,4.1600,1.1600,1,ACTIVE,1,5,5
4186,11933,21:56:00,0,82.00,0,52.1700,8.3200,3.7300,0.9960,1,ACTIVE,1,5,5
4186,11934,21:56:30,0,52.00,0,57.8000,9.4700,4.0700,1.1100,1,ACTIVE,1,5,5
4186,11935,21:57:00,0,38.00,0,64.4200,10.6000,4.5400,1.2400,1,ACTIVE,1,5,5
4186,11936,21:57:30,0,35.00,0,60.8400,10.1000,4.2500,1.1600,1,ACTIVE,1,5,5
4186,11937,21:58:00,0,40.00,0,43.6700,8.8800,2.7000,0.3840,1,ACTIVE,1,5,5
4186,11938,21:58:30,0,13.00,0,62.7000,10.6000,4.3400,1.2100,1,ACTIVE,1,5,5
4186,11939,21:59:00,0,20.00,0,40.9000,8.3200,2.5300,0.3450,1,ACTIVE,1,5,5
4186,11940,21:59:30,0,11.00,0,59.5100,9.8900,4.1600,1.1100,1,ACTIVE,1,5,5
4186,11941,22:00:00,0,113.00,0,34.2300,6.1400,2.3200,0.3230,1,ACTIVE,1,5,5
4186,11942,22:00:30,0,179.00,0,13.3700,1.8700,1.0200,0.3030,1,ACTIVE,1,5,5
4186,11943,22:01:00,0,18.00,0,13.3000,2.6400,0.8370,0.1190,1,ACTIVE,1,5,5
4186,11944,22:01:30,0,0.00,0,11.0500,2.2200,0.6890,0.1000,1,ACTIVE,1,5,5
4186,11945,22:02:00,0,2.00,0,15.4100,2.4200,1.1100,0.3160,0,ACTIVE,1,5,5
4186,11946,22:02:30,0,0.00,0,12.4300,2.3200,0.8200,0.1190,0,ACTIVE,1,5,5
4186,11947,22:03:00,0,0.00,0,14.7800,2.2200,1.0900,0.3300,0,ACTIVE,1,5,5
4186,11948,22:03:30,0,16.00,0,11.7600,2.2200,0.7680,0.1140,0,ACTIVE,1,5,5
4186,11949,22:04:00,0,2.00,0,11.2700,2.3200,0.6890,0.1020,0,ACTIVE,1,5,5
4186,11950,22:04:30,0,0.00,0,14.9600,2.3200,1.0900,0.3030,0,ACTIVE,1,5,5
4186,11951,22:05:00,0,1.00,0,12.4300,2.5300,0.7680,0.1120,0,ACTIVE,1,5,5
4186,11952,22:05:30,0,0.00,0,12.8900,2.5300,0.8200,0.1190,0,ACTIVE,1,5,5
4186,11953,22:06:00,0,1.00,0,4.3000,0.8940,0.2600,0.0395,0,ACTIVE,1,5,5
4186,11954,22:06:30,0,7.00,0,22.8400,3.5700,1.6700,0.2440,0,ACTIVE,1,5,5
4186,11955,22:07:00,0,0.00,0,28.3100,5.7600,1.7500,0.2490,0,ACTIVE,1,5,5
4186,11956,22:07:30,0,0.00,0,28.6600,5.7600,1.7900,0.2600,0,ACTIVE,1,5,5
4186,11957,22:08:00,0,0.00,0,35.8300,5.6300,2.5800,0.6890,0,ACTIVE,1,5,5
4186,11958,22:08:30,0,0.00,0,30.3000,6.0100,1.9100,0.2840,0,ACTIVE,1,5,5
4186,11959,22:09:00,0,19.00,0,30.8100,4.8400,2.2200,0.6180,0,ACTIVE,1,5,5
4186,11960,22:09:30,0,1.00,0,4.8200,1.1300,0.2600,0.0347,0,ACTIVE,1,5,5
4186,11961,22:10:00,0,0.00,0,1.8000,0.4100,0.1000,0.0115,0,ACTIVE,1,5,5
4186,11962,22:10:30,0,2.00,0,1.4800,0.3160,0.0880,0.0115,0,ACTIVE,1,5,5
4186,11963,22:11:00,0,24.00,0,3.2600,0.7200,0.1880,0.0206,1,ACTIVE,1,5,5
4186,11964,22:11:30,0,0.00,0,3.1600,0.6740,0.1880,0.0256,0,ACTIVE,1,5,5
4186,11965,22:12:00,0,0.00,0,2.6600,0.5920,0.1510,0.0206,0,ACTIVE,1,5,5
4186,11966,22:12:30,0,0.00,0,2.9000,0.6050,0.1760,0.0206,0,ACTIVE,1,5,5
4186,11967,22:13:00,0,0.00,0,2.8700,0.5920,0.1760,0.0206,0,ACTIVE,1,5,5
4186,11968,22:13:30,0,1.00,0,2.6000,0.5670,0.1510,0.0162,0,ACTIVE,1,5,5
4186,11969,22:14:00,0,0.00,0,1.5300,0.3370,0.0880,0.0115,0,ACTIVE,1,5,5
4186,11970,22:14:30,0,0.00,0,1.4500,0.3030,0.0880,0.0115,0,ACTIVE,1,5,5
4186,11971,22:15:00,0,4.00,0,1.0900,0.2440,0.0622,0.0070,0,ACTIVE,1,5,5
4186,11972,22:15:30,0,13.00,0,7.3800,1.8300,0.3760,0.0480,0,ACTIVE,1,5,5
4186,11973,22:16:00,0,1.00,0,19.2000,3.8100,1.2100,0.1580,0,ACTIVE,1,5,5
4186,11974,22:16:30,0,0.00,0,19.6200,3.9000,1.2400,0.1610,0,ACTIVE,1,5,5
4186,11975,22:17:00,0,0.00,0,19.7700,4.0700,1.2100,0.1550,0,ACTIVE,1,5,5
4186,11976,22:17:30,0,0.00,0,14.7000,3.2800,0.8370,0.1070,0,ACTIVE,1,5,5
4186,11977,22:18:00,0,2.00,0,21.3600,4.3400,1.3200,0.1800,0,ACTIVE,1,5,5
4186,11978,22:18:30,0,0.00,0,23.8500,4.7400,1.5000,0.2000,0,ACTIVE,1,5,5
4186,11979,22:19:00,0,0.00,0,22.7900,4.6400,1.4100,0.1880,0,ACTIVE,1,5,5
4186,11980,22:19:30,0,7.00,0,12.4600,2.0400,0.8940,0.1190,0,ACTIVE,1,5,5
4186,11981,22:20:00,0,0.00,0,1.7000,0.3680,0.1000,0.0115,0,ACTIVE,1,5,5
4186,11982,22:20:30,0,0.00,0,1.7200,0.3760,0.1000,0.0115,0,ACTIVE,1,5,5
4186,11983,22:21:00,0,0.00,0,1.5500,0.3450,0.0880,0.0115,0,ACTIVE,1,5,5
4186,11984,22:21:30,0,0.00,0,1.4400,0.2960,0.0880,0.0115,0,ACTIVE,1,5,5
4186,11985,22:22:00,0,0.00,0,1.4100,0.2840,0.0880,0.0070,0,ACTIVE,1,5,5
4186,11986,22:22:30,0,3.00,0,0.8000,0.1450,0.0523,0.0173,0,ACTIVE,1,5,5
4186,11987,22:23:00,0,0.00,0,1.0100,0.2050,0.0622,0.0070,0,ACTIVE,1,5,5
4186,11988,22:23:30,0,0.00,0,0.8600,0.1720,0.0523,0.0173,0,ACTIVE,1,5,5
4186,11989,22:24:00,0,0.00,0,0.7200,0.1760,0.0378,0.0023,0,ACTIVE,1,5,5
4186,11990,22:24:30,0,0.00,0,0.3500,0.0861,0.0173,0.0059,0,ACTIVE,1,5,5
4186,11991,22:25:00,0,0.00,0,0.8000,0.1450,0.0523,0.0173,0,ACTIVE,1,5,5
4186,11992,22:25:30,0,0.00,0,0.7700,0.1330,0.0523,0.0173,0,ACTIVE,1,5,5
4186,11993,22:26:00,0,1.00,0,0.6000,0.1220,0.0378,0.0023,0,ACTIVE,1,5,5
4186,11994,22:26:30,0,1.00,0,0.3500,0.0861,0.0173,0.0059,0,ACTIVE,1,5,5
4186,11995,22:27:00,0,0.00,0,0.3700,0.0939,0.0173,0.0059,0,ACTIVE,1,5,5
4186,11996,22:27:30,0,0.00,0,0.7700,0.1330,0.0523,0.0173,0,ACTIVE,1,5,5
4186,11997,22:28:00,0,0.00,0,0.7700,0.1330,0.0523,0.0173,0,ACTIVE,1,5,5
4186,11998,22:28:30,0,0.00,0,0.6300,0.1330,0.0378,0.0023,0,ACTIVE,1,5,5
4186,11999,22:29:00,0,0.00,0,0.7700,0.1330,0.0523,0.0173,0,ACTIVE,1,5,5
4186,12000,22:29:30,0,0.00,0,0.6000,0.1220,0.0378,0.0023,0,ACTIVE,1,5,5
4186,12001,22:30:00,0,0.00,0,0.6000,0.1190,0.0378,0.0023,0,ACTIVE,1,5,5
4186,12002,22:30:30,0,1.00,0,0.6000,0.1220,0.0378,0.0023,0,ACTIVE,1,5,5
4186,12003,22:31:00,0,0.00,0,0.7700,0.1330,0.0523,0.0173,0,ACTIVE,1,5,5
4186,12004,22:31:30,0,0.00,0,0.5700,0.1070,0.0378,0.0023,0,ACTIVE,1,5,5
4186,12005,22:32:00,0,0.00,0,0.3500,0.0861,0.0173,0.0059,0,ACTIVE,1,5,5
4186,12006,22:32:30,0,0.00,0,0.3200,0.0724,0.0173,0.0059,0,ACTIVE,1,5,5
4186,12007,22:33:00,0,2.00,0,19.4800,2.7600,1.5000,0.2090,0,ACTIVE,1,5,5
4186,12008,22:33:30,0,1.00,0,25.4500,5.0600,1.6000,0.2140,1,ACTIVE,1,5,5
4186,12009,22:34:00,0,0.00,0,21.5500,4.4400,1.3200,0.1650,1,ACTIVE,1,5,5
4186,12010,22:34:30,0,218.00,0,19.1800,3.0100,1.4100,0.1800,1,ACTIVE,1,5,5
4186,12011,22:35:00,0,145.00,0,2.3100,0.4370,0.1510,0.0162,1,ACTIVE,1,5,5
4186,12012,22:35:30,0,70.00,0,1.5000,0.2720,0.1000,0.0162,1,ACTIVE,1,5,5
4186,12013,22:36:00,0,136.00,0,3.3100,0.4470,0.2600,0.0395,1,ACTIVE,1,5,5
4186,12014,22:36:30,0,82.00,0,1.6000,0.3230,0.1000,0.0115,1,ACTIVE,1,5,5
4186,12015,22:37:00,0,131.00,0,2.8700,0.5430,0.1880,0.0256,1,ACTIVE,1,5,5
4186,12016,22:37:30,0,25.00,0,5.6900,1.4100,0.2900,0.0395,1,ACTIVE,1,5,5
4186,12017,22:38:00,0,0.00,0,3.3900,0.6740,0.2140,0.0256,1,ACTIVE,1,5,5
4186,12018,22:38:30,0,1.00,0,3.4600,0.7040,0.2140,0.0256,0,ACTIVE,1,5,5
4186,12019,22:39:00,0,0.00,0,3.4600,0.7040,0.2140,0.0256,0,ACTIVE,1,5,5
4186,12020,22:39:30,0,0.00,0,3.4600,0.7040,0.2140,0.0256,0,ACTIVE,1,5,5
4186,12021,22:40:00,0,0.00,0,3.7500,0.7350,0.2380,0.0298,0,ACTIVE,1,5,5
4186,12022,22:40:30,0,0.00,0,3.4200,0.6890,0.2140,0.0256,0,ACTIVE,1,5,5
4186,12023,22:41:00,0,0.00,0,3.3900,0.6740,0.2140,0.0256,0,ACTIVE,1,5,5
4186,12024,22:41:30,0,0.00,0,3.3900,0.6740,0.2140,0.0256,0,ACTIVE,1,5,5
4186,12025,22:42:00,0,6.00,0,3.4200,0.6890,0.2140,0.0256,0,ACTIVE,1,5,5
4186,12026,22:42:30,0,0.00,0,3.1300,0.6600,0.1880,0.0256,0,ACTIVE,1,5,5
4186,12027,22:43:00,0,0.00,0,3.1600,0.6740,0.1880,0.0256,0,ACTIVE,1,5,5
4186,12028,22:43:30,0,0.00,0,3.1600,0.6740,0.1880,0.0256,0,ACTIVE,1,5,5
4186,12029,22:44:00,0,0.00,0,3.1300,0.6600,0.1880,0.0256,0,ACTIVE,1,5,5
4186,12030,22:44:30,0,131.00,0,16.3800,4.6400,0.6890,0.0861,1,ACTIVE,1,5,5
4186,12031,22:45:00,0,34.00,0,9.3100,2.5300,0.4190,0.0535,1,ACTIVE,1,5,5
4186,12032,22:45:30,0,7.00,0,23.7900,3.5700,1.7500,0.5200,1,ACTIVE,1,5,5
4186,12033,22:46:00,0,0.00,0,24.4500,3.9000,1.7500,0.4770,0,ACTIVE,1,5,5
4186,12034,22:46:30,0,0.00,0,19.9800,4.1600,1.2100,0.1720,0,ACTIVE,1,5,5
4186,12035,22:47:00,0,2.00,0,16.4300,2.8800,1.1100,0.3160,0,ACTIVE,1,5,5
4186,12036,22:47:30,0,3.00,0,4.3900,0.8200,0.2900,0.0395,0,ACTIVE,1,5,5
4186,12037,22:48:00,0,52.00,0,6.8800,1.3500,0.4370,0.0622,1,ACTIVE,1,5,5
4186,12038,22:48:30,0,63.00,0,4.4600,0.6320,0.3370,0.0981,1,ACTIVE,1,5,5
4186,12039,22:49:00,0,9.00,0,3.7800,0.7510,0.2380,0.0298,1,ACTIVE,1,5,5
4186,12040,22:49:30,0,1.00,0,2.7900,0.5550,0.1760,0.0206,0,ACTIVE,1,5,5
4186,12041,22:50:00,0,2.00,0,2.8200,0.5670,0.1760,0.0206,0,ACTIVE,1,5,5
4186,12042,22:50:30,0,0.00,0,2.8200,0.5670,0.1760,0.0206,0,ACTIVE,1,5,5
4186,12043,22:51:00,0,2.00,0,2.7900,0.5550,0.1760,0.0206,0,ACTIVE,1,5,5
4186,12044,22:51:30,0,2.00,0,3.3300,0.6460,0.2140,0.0256,0,ACTIVE,1,5,5
4186,12045,22:52:00,0,0.00,0,3.7100,0.7200,0.2380,0.0298,0,ACTIVE,1,5,5
4186,12046,22:52:30,0,8.00,0,3.0700,0.6320,0.1880,0.0256,0,ACTIVE,1,5,5
4186,12047,22:53:00,0,2.00,0,2.9800,0.5920,0.1880,0.0256,0,ACTIVE,1,5,5
4186,12048,22:53:30,0,31.00,0,3.0100,0.6050,0.1880,0.0256,1,ACTIVE,1,5,5
4186,12049,22:54:00,0,85.00,0,17.1100,4.4400,0.8200,0.1070,1,ACTIVE,1,5,5
4186,12050,22:54:30,0,17.00,0,22.9600,5.5100,1.2100,0.1650,1,ACTIVE,1,5,5
4186,12051,22:55:00,0,0.00,0,50.8200,10.3000,3.1400,0.4470,0,ACTIVE,1,5,5
4186,12052,22:55:30,0,4.00,0,24.2300,5.0600,1.4700,0.1610,0,ACTIVE,1,5,5
4186,12053,22:56:00,0,7.00,0,20.3400,4.3400,1.2100,0.1240,0,ACTIVE,1,5,5
4186,12054,22:56:30,0,0.00,0,22.4300,4.7400,1.3500,0.1360,0,ACTIVE,1,5,5
4186,12055,22:57:00,0,0.00,0,23.4200,4.9500,1.4100,0.1360,0,ACTIVE,1,5,5
4186,12056,22:57:30,0,1.00,0,20.8100,4.3400,1.2600,0.1300,0,ACTIVE,1,5,5
4186,12057,22:58:00,0,0.00,0,13.8200,2.8800,0.8370,0.1140,0,ACTIVE,1,5,5
4186,12058,22:58:30,0,52.00,0,22.2600,3.2100,1.6700,0.4570,1,ACTIVE,1,5,5
4186,12059,22:59:00,0,0.00,0,23.0500,3.8100,1.6400,0.2380,0,ACTIVE,1,5,5
4186,12060,22:59:30,0,25.00,0,22.7300,3.8100,1.6000,0.2330,1,ACTIVE,1,5,5
4186,12061,23:00:00,0,8.00,0,32.4400,3.8100,2.6400,0.8200,0,ACTIVE,1,5,5
4186,12062,23:00:30,0,58.00,0,58.1400,9.2700,4.1600,1.1100,1,ACTIVE,1,5,5
4186,12063,23:01:00,0,20.00,0,21.9400,4.2500,1.4100,0.1920,1,ACTIVE,1,5,5
4186,12064,23:01:30,0,1.00,0,44.2000,8.8800,2.7600,0.4010,0,ACTIVE,1,5,5
4186,12065,23:02:00,0,17.00,0,41.9100,8.3200,2.6400,0.3680,1,ACTIVE,1,5,5
4186,12066,23:02:30,0,3.00,0,33.0300,6.5600,2.0800,0.2960,0,ACTIVE,1,5,5
4186,12067,23:03:00,0,1.00,0,44.7400,8.8800,2.8200,0.4100,0,ACTIVE,1,5,5
4186,12068,23:03:30,0,0.00,0,46.7100,9.2700,2.9400,0.4190,0,ACTIVE,1,5,5
4186,12069,23:04:00,0,15.00,0,36.6600,5.5100,2.7000,0.7850,1,ACTIVE,1,5,5
4186,12070,23:04:30,0,89.00,0,54.1700,8.8800,3.8100,1.0400,1,ACTIVE,1,5,5
4186,12071,23:05:00,0,22.00,0,23.2400,4.8400,1.4100,0.1840,1,ACTIVE,1,5,5
4186,12072,23:05:30,0,47.00,0,34.5100,6.8500,2.1700,0.3230,1,ACTIVE,1,5,5
4186,12073,23:06:00,0,40.00,0,23.2400,4.8400,1.4100,0.1920,1,ACTIVE,1,5,5
4186,12074,23:06:30,0,82.00,0,29.8700,6.1400,1.8300,0.2660,1,ACTIVE,1,5,5
4186,12075,23:07:00,0,15.00,0,60.3600,9.8900,4.2500,1.1600,1,ACTIVE,1,5,5
4186,12076,23:07:30,0,15.00,0,58.2600,9.6800,4.0700,1.1100,1,ACTIVE,1,5,5
4186,12077,23:08:00,0,11.00,0,60.3600,9.8900,4.2500,1.1600,0,ACTIVE,1,5,5
4186,12078,23:08:30,0,12.00,0,55.0400,9.2700,3.8100,1.0400,0,ACTIVE,1,5,5
4186,12079,23:09:00,0,2.00,0,62.7000,10.6000,4.3400,1.2100,0,ACTIVE,1,5,5
4186,12080,23:09:30,0,8.00,0,63.5700,10.6000,4.4400,1.2400,0,ACTIVE,1,5,5
4186,12081,23:10:00,0,30.00,0,20.2800,3.5000,1.4100,0.1920,1,ACTIVE,1,5,5
4186,12082,23:10:30,0,8.00,0,12.6500,2.7000,0.7510,0.1000,0,ACTIVE,1,5,5
4186,12083,23:11:00,0,1.00,0,10.6600,2.2200,0.6460,0.0900,0,ACTIVE,1,5,5
4186,12084,23:11:30,0,4.00,0,9.9700,2.1300,0.5920,0.0807,0,ACTIVE,1,5,5
4186,12085,23:12:00,0,1.00,0,9.4400,2.0400,0.5550,0.0724,0,ACTIVE,1,5,5
4186,12086,23:12:30,0,1.00,0,8.5500,1.9100,0.4870,0.0571,0,ACTIVE,1,5,5
4186,12087,23:13:00,0,0.00,0,15.2700,1.9100,1.2100,0.4190,0,ACTIVE,1,5,5
4186,12088,23:13:30,0,0.00,0,9.4900,1.9100,0.5920,0.0807,0,ACTIVE,1,5,5
4186,12089,23:14:00,0,0.00,0,10.0100,2.0400,0.6180,0.0861,0,ACTIVE,1,5,5
4186,12090,23:14:30,0,0.00,0,10.8700,2.3200,0.6460,0.0861,0,ACTIVE,1,5,5
4186,12091,23:15:00,0,0.00,0,11.0900,2.4200,0.6460,0.0773,0,ACTIVE,1,5,5
4186,12092,23:15:30,0,0.00,0,9.8400,2.2200,0.5550,0.0679,0,ACTIVE,1,5,5
4186,12093,23:16:00,0,0.00,0,10.8800,2.3200,0.6460,0.0900,0,ACTIVE,1,5,5
4186,12094,23:16:30,0,0.00,0,10.4200,2.2200,0.6180,0.0861,0,ACTIVE,1,5,5
4186,12095,23:17:00,0,1.00,0,9.7800,2.0400,0.5920,0.0861,0,ACTIVE,1,5,5
4186,12096,23:17:30,0,4.00,0,10.6300,2.3200,0.6180,0.0807,0,ACTIVE,1,5,5
4186,12097,23:18:00,0,27.00,0,15.8800,3.3500,0.9540,0.1140,1,ACTIVE,1,5,5
4186,12098,23:18:30,0,0.00,0,44.5900,9.0700,2.7600,0.3600,0,ACTIVE,1,5,5
4186,12099,23:19:00,0,0.00,0,44.5900,9.0700,2.7600,0.3600,0,ACTIVE,1,5,5
4186,12100,23:19:30,0,1.00,0,43.6200,8.8800,2.7000,0.3450,0,ACTIVE,1,5,5
4186,12101,23:20:00,0,1.00,0,42.7000,8.6900,2.6400,0.3450,0,ACTIVE,1,5,5
4186,12102,23:20:30,0,0.00,0,61.6600,10.1000,4.3400,1.1600,0,ACTIVE,1,5,5
4186,12103,23:21:00,0,0.00,0,61.6900,10.1000,4.3400,1.1800,0,ACTIVE,1,5,5
4186,12104,23:21:30,0,0.00,0,49.7400,10.1000,3.0700,0.4470,0,ACTIVE,1,5,5
4186,12105,23:22:00,0,0.00,0,49.1400,10.1000,3.0100,0.4280,0,ACTIVE,1,5,5
4186,12106,23:22:30,0,17.00,0,63.9500,10.3000,4.5400,1.2600,0,ACTIVE,1,5,5
4186,12107,23:23:00,0,1.00,0,68.1700,10.6000,4.9500,1.3800,0,ACTIVE,1,5,5
4186,12108,23:23:30,0,4.00,0,64.3600,10.1000,4.6400,1.2900,0,ACTIVE,1,5,5
4186,12109,23:24:00,0,0.00,0,35.5600,7.1500,2.2200,0.2900,0,ACTIVE,1,5,5
4186,12110,23:24:30,0,0.00,0,16.6400,3.3500,1.0400,0.1140,0,ACTIVE,1,5,5
4186,12111,23:25:00,0,1.00,0,11.0800,2.4200,0.6460,0.0724,0,ACTIVE,1,5,5
4186,12112,23:25:30,0,0.00,0,10.4000,2.2200,0.6180,0.0679,0,ACTIVE,1,5,5
4186,12113,23:26:00,0,8.00,0,19.7800,4.0700,1.2100,0.1650,1,ACTIVE,1,5,5
4186,12114,23:26:30,0,127.00,0,55.8200,9.2700,3.9000,1.0900,1,ACTIVE,1,5,5
4186,12115,23:27:00,0,56.00,0,59.4900,9.4700,4.2500,1.2100,1,ACTIVE,1,5,5
4186,12116,23:27:30,0,3.00,0,64.8800,10.3000,4.6400,1.3200,1,ACTIVE,1,5,5
4186,12117,23:28:00,0,40.00,0,45.6600,6.0100,3.5700,0.9750,1,ACTIVE,1,5,5
4186,12118,23:28:30,0,11.00,0,54.1700,6.7000,4.3400,1.2100,0,ACTIVE,1,5,5
4186,12119,23:29:00,0,0.00,0,47.5400,5.5100,3.9000,1.1100,0,ACTIVE,1,5,5
4186,12120,23:29:30,0,1.00,0,47.2800,5.3900,3.9000,1.1100,0,ACTIVE,1,5,5
4186,12121,23:30:00,0,1.00,0,45.0300,5.0600,3.7300,1.0600,0,ACTIVE,1,5,5
4186,12122,23:30:30,0,21.00,0,45.5200,5.2800,3.7300,1.0600,1,ACTIVE,1,5,5
4186,12123,23:31:00,0,9.00,0,49.3900,6.0100,3.9800,1.1100,1,ACTIVE,1,5,5
4186,12124,23:31:30,0,75.00,0,38.4100,5.0600,3.0100,0.8370,1,ACTIVE,1,5,5
4186,12125,23:32:00,0,15.00,0,14.0900,3.0100,0.8370,0.1020,1,ACTIVE,1,5,5
4186,12126,23:32:30,0,0.00,0,13.4700,3.0100,0.7680,0.0900,1,ACTIVE,1,5,5
4186,12127,23:33:00,0,0.00,0,13.0500,2.8200,0.7680,0.0900,1,ACTIVE,1,5,5
4186,12128,23:33:30,0,0.00,0,12.9000,2.8200,0.7510,0.0861,1,ACTIVE,1,5,5
4186,12129,23:34:00,0,266.00,0,18.0000,3.0700,1.2600,0.1300,1,ACTIVE,1,5,5
4186,12130,23:34:30,0,405.00,0,0.0100,0.0049,0.0000,0.0000,1,ACTIVE,1,5,5
4186,12131,23:35:00,0,313.00,0,4.5000,0.3160,0.4190,0.1220,1,ACTIVE,1,5,5
4186,12132,23:35:30,0,393.00,0,2.3700,0.3160,0.1880,0.0256,1,ACTIVE,1,5,5
4186,12133,23:36:00,0,140.00,0,3.7000,0.4570,0.3030,0.0347,1,ACTIVE,1,5,5
4186,12134,23:36:30,0,162.00,1,6.6100,1.1100,0.4670,0.0679,1,REST,1,5,5
4186,12135,23:37:00,0,275.00,0,0.9000,0.0431,0.0880,0.0292,1,REST,1,5,5
4186,12136,23:37:30,0,22.00,0,0.5800,0.0470,0.0523,0.0173,1,REST,1,5,5
4186,12137,23:38:00,0,1.00,0,0.5800,0.0470,0.0523,0.0173,1,REST,1,5,5
4186,12138,23:38:30,0,1.00,0,0.9000,0.0431,0.0880,0.0292,1,REST,1,5,5
4186,12139,23:39:00,0,7.00,0,0.5700,0.0339,0.0523,0.0292,1,REST,1,5,5
4186,12140,23:39:30,0,4.00,0,0.5700,0.0431,0.0523,0.0173,1,REST,1,5,5
4186,12141,23:40:00,0,234.00,0,0.5500,0.0339,0.0523,0.0173,1,REST,1,5,5
4186,12142,23:40:30,0,249.00,0,0.0200,0.0049,0.0000,0.0059,1,REST,1,5,5
4186,12143,23:41:00,0,0.00,0,0.0200,0.0049,0.0000,0.0059,1,REST,1,5,5
4186,12144,23:41:30,0,1.00,0,0.0200,0.0049,0.0000,0.0059,1,REST,1,5,5
4186,12145,23:42:00,0,9.00,0,0.0200,0.0049,0.0000,0.0059,1,REST,1,5,5
4186,12146,23:42:30,0,89.00,0,0.0200,0.0049,0.0000,0.0059,1,REST,1,5,5
4186,12147,23:43:00,0,476.00,0,0.2100,0.0215,0.0173,0.0059,1,REST,1,5,5
4186,12148,23:43:30,0,30.00,0,0.5200,0.0215,0.0523,0.0173,1,REST,1,5,5
4186,12149,23:44:00,0,0.00,0,0.5500,0.0339,0.0523,0.0173,1,REST,1,5,5
4186,12150,23:44:30,0,19.00,0,0.5400,0.0298,0.0523,0.0173,1,REST,1,5,5
4186,12151,23:45:00,0,2.00,0,0.1000,0.0298,0.0012,0.0215,1,REST,1,5,5
4186,12152,23:45:30,0,0.00,0,0.5400,0.0298,0.0523,0.0173,1,REST,1,5,5
4186,12153,23:46:00,0,0.00,0,0.5400,0.0298,0.0523,0.0173,1,REST,1,5,5
4186,12154,23:46:30,0,92.00,0,0.5400,0.0298,0.0523,0.0173,1,REST,1,5,5
4186,12155,23:47:00,0,0.00,0,0.5400,0.0298,0.0523,0.0173,1,REST,1,5,5
4186,12156,23:47:30,0,9.00,0,0.5700,0.0339,0.0523,0.0292,1,REST,1,5,5
4186,12157,23:48:00,0,24.00,0,0.5500,0.0339,0.0523,0.0173,1,REST-S,1,5,5
4186,12158,23:48:30,0,0.00,0,0.5500,0.0339,0.0523,0.0173,0,REST-S,1,5,5
4186,12159,23:49:00,0,0.00,0,0.5400,0.0298,0.0523,0.0173,0,REST-S,1,5,5
4186,12160,23:49:30,0,0.00,0,0.5700,0.0339,0.0523,0.0292,0,REST-S,1,5,5
4186,12161,23:50:00,0,0.00,0,0.5500,0.0339,0.0523,0.0173,0,REST-S,1,5,5
4186,12162,23:50:30,0,0.00,0,0.5700,0.0339,0.0523,0.0292,0,REST-S,1,5,5
4186,12163,23:51:00,0,0.00,0,0.5400,0.0298,0.0523,0.0173,0,REST-S,1,5,5
4186,12164,23:51:30,0,0.00,0,0.5400,0.0298,0.0523,0.0173,0,REST-S,1,5,5
4186,12165,23:52:00,0,0.00,0,0.5700,0.0339,0.0523,0.0292,0,REST-S,1,5,5
4186,12166,23:52:30,0,0.00,0,0.5700,0.0339,0.0523,0.0292,0,REST-S,1,5,5
4186,12167,23:53:00,0,0.00,0,0.5500,0.0339,0.0523,0.0173,0,REST-S,1,5,5
4186,12168,23:53:30,0,0.00,0,0.5500,0.0339,0.0523,0.0173,0,REST-S,1,5,5
4186,12169,23:54:00,0,0.00,0,0.5400,0.0298,0.0523,0.0173,0,REST-S,1,5,5
4186,12170,23:54:30,0,0.00,0,0.2100,0.0215,0.0173,0.0059,0,REST-S,1,5,5
4186,12171,23:55:00,0,0.00,0,0.2100,0.0215,0.0173,0.0059,0,REST-S,1,5,5
4186,12172,23:55:30,0,0.00,0,0.5500,0.0339,0.0523,0.0173,0,REST-S,1,5,5
4186,12173,23:56:00,0,0.00,0,0.5200,0.0215,0.0523,0.0173,0,REST-S,1,5,5
4186,12174,23:56:30,0,0.00,0,0.5400,0.0298,0.0523,0.0173,0,REST-S,1,5,5
4186,12175,23:57:00,0,0.00,0,0.5400,0.0298,0.0523,0.0173,0,REST-S,1,5,5
4186,12176,23:57:30,0,0.00,0,0.5500,0.0339,0.0523,0.0173,0,REST-S,1,5,5
4186,12177,23:58:00,0,0.00,0,0.5400,0.0298,0.0523,0.0173,0,REST-S,1,5,5
4186,12178,23:58:30,0,0.00,0,0.5400,0.0298,0.0523,0.0173,0,REST-S,1,5,5
4186,12179,23:59:00,0,0.00,0,0.5400,0.0298,0.0523,0.0173,0,REST-S,1,5,5
4186,12180,23:59:30,0,0.00,0,0.5400,0.0298,0.0523,0.0173,0,REST-S,1,5,5
4186,12181,0:00:00,0,0.00,0,0.5400,0.0298,0.0523,0.0173,0,REST-S,2,6,5
4186,12182,0:00:30,0,0.00,0,0.5700,0.0339,0.0523,0.0292,0,REST-S,2,6,5
4186,12183,0:01:00,0,0.00,0,0.5400,0.0298,0.0523,0.0173,0,REST-S,2,6,5
4186,12184,0:01:30,0,0.00,0,0.5200,0.0215,0.0523,0.0173,0,REST-S,2,6,5
4186,12185,0:02:00,0,0.00,0,0.5400,0.0298,0.0523,0.0173,0,REST-S,2,6,5
4186,12186,0:02:30,0,0.00,0,0.5500,0.0339,0.0523,0.0173,0,REST-S,2,6,5
4186,12187,0:03:00,0,0.00,0,0.5400,0.0298,0.0523,0.0173,0,REST-S,2,6,5
4186,12188,0:03:30,0,0.00,0,0.5500,0.0339,0.0523,0.0173,0,REST-S,2,6,5
4186,12189,0:04:00,0,0.00,0,0.5700,0.0339,0.0523,0.0292,0,REST-S,2,6,5
4186,12190,0:04:30,0,0.00,0,0.5400,0.0298,0.0523,0.0173,0,REST-S,2,6,5
4186,12191,0:05:00,0,0.00,0,0.5500,0.0339,0.0523,0.0173,0,REST-S,2,6,5
4186,12192,0:05:30,0,0.00,0,0.5400,0.0298,0.0523,0.0173,0,REST-S,2,6,5
4186,12193,0:06:00,0,0.00,0,0.5500,0.0339,0.0523,0.0173,0,REST-S,2,6,5
4186,12194,0:06:30,0,1.00,0,0.5500,0.0339,0.0523,0.0173,0,REST-S,2,6,5
4186,12195,0:07:00,0,0.00,0,0.5200,0.0215,0.0523,0.0173,0,REST-S,2,6,5
4186,12196,0:07:30,0,0.00,0,0.5400,0.0298,0.0523,0.0173,0,REST-S,2,6,5
4186,12197,0:08:00,0,0.00,0,0.5400,0.0298,0.0523,0.0173,0,REST-S,2,6,5
4186,12198,0:08:30,0,0.00,0,0.5400,0.0298,0.0523,0.0173,0,REST-S,2,6,5
4186,12199,0:09:00,0,0.00,0,0.5400,0.0298,0.0523,0.0173,0,REST-S,2,6,5
4186,12200,0:09:30,0,0.00,0,0.5200,0.0215,0.0523,0.0173,0,REST-S,2,6,5
4186,12201,0:10:00,0,0.00,0,0.5500,0.0339,0.0523,0.0173,0,REST-S,2,6,5
4186,12202,0:10:30,0,0.00,0,0.5500,0.0339,0.0523,0.0173,0,REST-S,2,6,5
4186,12203,0:11:00,0,0.00,0,0.5700,0.0431,0.0523,0.0173,0,REST-S,2,6,5
4186,12204,0:11:30,0,0.00,0,0.5400,0.0298,0.0523,0.0173,0,REST-S,2,6,5
4186,12205,0:12:00,0,0.00,0,0.5400,0.0298,0.0523,0.0173,0,REST-S,2,6,5
4186,12206,0:12:30,0,0.00,0,0.5500,0.0339,0.0523,0.0173,0,REST-S,2,6,5
4186,12207,0:13:00,0,0.00,0,0.5500,0.0339,0.0523,0.0173,0,REST-S,2,6,5
4186,12208,0:13:30,0,0.00,0,0.5500,0.0339,0.0523,0.0173,0,REST-S,2,6,5
4186,12209,0:14:00,0,0.00,0,0.5400,0.0298,0.0523,0.0173,0,REST-S,2,6,5
4186,12210,0:14:30,0,0.00,0,0.5400,0.0298,0.0523,0.0173,0,REST-S,2,6,5
4186,12211,0:15:00,0,0.00,0,0.5400,0.0298,0.0523,0.0173,0,REST-S,2,6,5
4186,12212,0:15:30,0,0.00,0,0.5500,0.0339,0.0523,0.0173,0,REST-S,2,6,5
4186,12213,0:16:00,0,0.00,0,0.5500,0.0339,0.0523,0.0173,0,REST-S,2,6,5
4186,12214,0:16:30,0,0.00,0,0.5500,0.0339,0.0523,0.0173,0,REST-S,2,6,5
4186,12215,0:17:00,0,0.00,0,0.5500,0.0339,0.0523,0.0173,0,REST-S,2,6,5
4186,12216,0:17:30,0,16.00,0,0.5500,0.0339,0.0523,0.0173,1,REST-S,2,6,5
4186,12217,0:18:00,0,40.00,0,0.5500,0.0339,0.0523,0.0173,1,REST-S,2,6,5
4186,12218,0:18:30,0,8.00,0,0.5500,0.0339,0.0523,0.0173,0,REST-S,2,6,5
4186,12219,0:19:00,0,10.00,0,0.5400,0.0298,0.0523,0.0173,0,REST-S,2,6,5
4186,12220,0:19:30,0,0.00,0,0.5400,0.0298,0.0523,0.0173,0,REST-S,2,6,5
4186,12221,0:20:00,0,0.00,0,0.5500,0.0339,0.0523,0.0173,0,REST-S,2,6,5
4186,12222,0:20:30,0,0.00,0,0.5500,0.0339,0.0523,0.0173,0,REST-S,2,6,5
4186,12223,0:21:00,0,0.00,0,0.5500,0.0339,0.0523,0.0173,0,REST-S,2,6,5
4186,12224,0:21:30,0,0.00,0,0.5500,0.0339,0.0523,0.0173,0,REST-S,2,6,5
4186,12225,0:22:00,0,0.00,0,0.5400,0.0298,0.0523,0.0173,0,REST-S,2,6,5
4186,12226,0:22:30,0,0.00,0,0.5400,0.0298,0.0523,0.0173,0,REST-S,2,6,5
4186,12227,0:23:00,0,0.00,0,0.0800,0.0215,0.0012,0.0215,0,REST-S,2,6,5
4186,12228,0:23:30,0,0.00,0,0.5400,0.0298,0.0523,0.0173,0,REST-S,2,6,5
4186,12229,0:24:00,0,0.00,0,0.5500,0.0339,0.0523,0.0173,0,REST-S,2,6,5
4186,12230,0:24:30,0,0.00,0,0.6300,0.0339,0.0622,0.0070,0,REST-S,2,6,5
4186,12231,0:25:00,0,0.00,0,0.5500,0.0339,0.0523,0.0173,0,REST-S,2,6,5
4186,12232,0:25:30,0,0.00,0,0.5500,0.0339,0.0523,0.0173,0,REST-S,2,6,5
4186,12233,0:26:00,0,0.00,0,0.5500,0.0339,0.0523,0.0173,0,REST-S,2,6,5
4186,12234,0:26:30,0,0.00,0,0.5500,0.0339,0.0523,0.0173,0,REST-S,2,6,5
4186,12235,0:27:00,0,0.00,0,0.5200,0.0215,0.0523,0.0173,0,REST-S,2,6,5
4186,12236,0:27:30,0,0.00,0,0.5500,0.0339,0.0523,0.0173,0,REST-S,2,6,5
4186,12237,0:28:00,0,0.00,0,0.5500,0.0339,0.0523,0.0173,0,REST-S,2,6,5
4186,12238,0:28:30,0,0.00,0,0.5500,0.0339,0.0523,0.0173,0,REST-S,2,6,5
4186,12239,0:29:00,0,0.00,0,0.5700,0.0339,0.0523,0.0292,1,REST-S,2,6,5
4186,12240,0:29:30,0,106.00,0,0.5400,0.0298,0.0523,0.0173,1,REST-S,2,6,5
4186,12241,0:30:00,0,241.00,0,0.1800,0.0085,0.0173,0.0059,1,REST-S,2,6,5
4186,12242,0:30:30,0,3.00,0,0.0200,0.0049,0.0000,0.0059,1,REST-S,2,6,5
4186,12243,0:31:00,0,0.00,0,0.0200,0.0049,0.0000,0.0059,1,REST-S,2,6,5
4186,12244,0:31:30,0,0.00,0,0.0200,0.0049,0.0000,0.0059,0,REST-S,2,6,5
4186,12245,0:32:00,0,0.00,0,0.0200,0.0049,0.0000,0.0059,0,REST-S,2,6,5
4186,12246,0:32:30,0,0.00,0,0.0200,0.0049,0.0000,0.0059,0,REST-S,2,6,5
4186,12247,0:33:00,0,0.00,0,0.0200,0.0049,0.0000,0.0059,0,REST-S,2,6,5
4186,12248,0:33:30,0,0.00,0,0.0200,0.0049,0.0000,0.0059,0,REST-S,2,6,5
4186,12249,0:34:00,0,0.00,0,0.0200,0.0049,0.0000,0.0059,0,REST-S,2,6,5
4186,12250,0:34:30,0,0.00,0,0.0200,0.0049,0.0000,0.0059,0,REST-S,2,6,5
4186,12251,0:35:00,0,0.00,0,0.0200,0.0049,0.0000,0.0059,0,REST-S,2,6,5
4186,12252,0:35:30,0,0.00,0,0.0200,0.0049,0.0000,0.0059,0,REST-S,2,6,5
4186,12253,0:36:00,0,0.00,0,0.0200,0.0049,0.0000,0.0059,0,REST-S,2,6,5
4186,12254,0:36:30,0,0.00,0,0.0200,0.0049,0.0000,0.0059,0,REST-S,2,6,5
4186,12255,0:37:00,0,0.00,0,0.0200,0.0049,0.0000,0.0059,0,REST-S,2,6,5
4186,12256,0:37:30,0,0.00,0,0.0200,0.0049,0.0000,0.0059,0,REST-S,2,6,5
4186,12257,0:38:00,0,0.00,0,0.0200,0.0049,0.0000,0.0059,0,REST-S,2,6,5
4186,12258,0:38:30,0,0.00,0,0.0200,0.0049,0.0000,0.0059,0,REST-S,2,6,5
4186,12259,0:39:00,0,0.00,0,0.0200,0.0049,0.0000,0.0059,0,REST-S,2,6,5
4186,12260,0:39:30,0,0.00,0,0.0200,0.0049,0.0000,0.0059,0,REST-S,2,6,5
4186,12261,0:40:00,0,0.00,0,0.0200,0.0049,0.0000,0.0059,0,REST-S,2,6,5
4186,12262,0:40:30,0,0.00,0,0.0200,0.0049,0.0000,0.0059,0,REST-S,2,6,5
4186,12263,0:41:00,0,0.00,0,0.1700,0.0042,0.0173,0.0059,0,REST-S,2,6,5
4186,12264,0:41:30,0,0.00,0,0.0200,0.0049,0.0000,0.0059,0,REST-S,2,6,5
4186,12265,0:42:00,0,0.00,0,0.0200,0.0049,0.0000,0.0059,0,REST-S,2,6,5
4186,12266,0:42:30,0,0.00,0,0.0200,0.0049,0.0000,0.0059,0,REST-S,2,6,5
4186,12267,0:43:00,0,0.00,0,0.0200,0.0049,0.0000,0.0059,0,REST-S,2,6,5
4186,12268,0:43:30,0,0.00,0,0.1700,0.0042,0.0173,0.0059,1,REST-S,2,6,5
4186,12269,0:44:00,0,156.00,0,0.0100,0.0049,0.0000,0.0000,1,REST-S,2,6,5
4186,12270,0:44:30,0,47.00,0,0.5500,0.0339,0.0523,0.0173,1,REST-S,2,6,5
4186,12271,0:45:00,0,0.00,0,0.5400,0.0298,0.0523,0.0173,1,REST-S,2,6,5
4186,12272,0:45:30,0,0.00,0,0.5500,0.0339,0.0523,0.0173,0,REST-S,2,6,5
4186,12273,0:46:00,0,0.00,0,0.5700,0.0339,0.0523,0.0292,0,REST-S,2,6,5
4186,12274,0:46:30,0,0.00,0,0.5500,0.0339,0.0523,0.0173,0,REST-S,2,6,5
4186,12275,0:47:00,0,0.00,0,0.5500,0.0339,0.0523,0.0173,0,REST-S,2,6,5
4186,12276,0:47:30,0,0.00,0,0.5700,0.0431,0.0523,0.0173,0,REST-S,2,6,5
4186,12277,0:48:00,0,0.00,0,0.5200,0.0215,0.0523,0.0173,0,REST-S,2,6,5
4186,12278,0:48:30,0,0.00,0,0.5400,0.0298,0.0523,0.0173,0,REST-S,2,6,5
4186,12279,0:49:00,0,0.00,0,0.2100,0.0215,0.0173,0.0059,0,REST-S,2,6,5
4186,12280,0:49:30,0,0.00,0,0.5400,0.0298,0.0523,0.0173,0,REST-S,2,6,5
4186,12281,0:50:00,0,0.00,0,0.5400,0.0298,0.0523,0.0173,0,REST-S,2,6,5
4186,12282,0:50:30,0,1.00,0,0.2200,0.0298,0.0173,0.0059,0,REST-S,2,6,5
4186,12283,0:51:00,0,0.00,0,0.1100,0.0339,0.0012,0.0215,0,REST-S,2,6,5
4186,12284,0:51:30,0,0.00,0,0.2100,0.0215,0.0173,0.0059,0,REST-S,2,6,5
4186,12285,0:52:00,0,0.00,0,0.5400,0.0298,0.0523,0.0173,0,REST-S,2,6,5
4186,12286,0:52:30,0,0.00,0,0.5500,0.0339,0.0523,0.0173,0,REST-S,2,6,5
4186,12287,0:53:00,0,0.00,0,0.5100,0.0170,0.0523,0.0173,0,REST-S,2,6,5
4186,12288,0:53:30,0,0.00,0,0.2100,0.0215,0.0173,0.0059,0,REST-S,2,6,5
4186,12289,0:54:00,0,0.00,0,0.2100,0.0215,0.0173,0.0059,0,REST-S,2,6,5
4186,12290,0:54:30,0,0.00,0,0.5400,0.0298,0.0523,0.0173,0,REST-S,2,6,5
4186,12291,0:55:00,0,0.00,0,0.5400,0.0298,0.0523,0.0173,0,REST-S,2,6,5
4186,12292,0:55:30,0,0.00,0,0.5500,0.0339,0.0523,0.0173,0,REST-S,2,6,5
4186,12293,0:56:00,0,36.00,0,0.5400,0.0298,0.0523,0.0173,1,REST-S,2,6,5
4186,12294,0:56:30,0,4.00,0,0.2100,0.0215,0.0173,0.0059,0,REST-S,2,6,5
4186,12295,0:57:00,0,0.00,0,0.2100,0.0215,0.0173,0.0059,0,REST-S,2,6,5
4186,12296,0:57:30,0,0.00,0,0.2200,0.0298,0.0173,0.0059,0,REST-S,2,6,5
4186,12297,0:58:00,0,0.00,0,0.5400,0.0298,0.0523,0.0173,0,REST-S,2,6,5
4186,12298,0:58:30,0,0.00,0,0.1000,0.0298,0.0012,0.0215,0,REST-S,2,6,5
4186,12299,0:59:00,0,0.00,0,0.2100,0.0215,0.0173,0.0059,0,REST-S,2,6,5
4186,12300,0:59:30,0,0.00,0,0.5200,0.0215,0.0523,0.0173,0,REST-S,2,6,5
4186,12301,1:00:00,0,0.00,0,0.1800,0.0085,0.0173,0.0059,0,REST-S,2,6,5
4186,12302,1:00:30,0,0.00,0,0.1800,0.0085,0.0173,0.0059,0,REST-S,2,6,5
4186,12303,1:01:00,0,0.00,0,0.0200,0.0049,0.0000,0.0059,0,REST-S,2,6,5
4186,12304,1:01:30,0,0.00,0,0.0200,0.0049,0.0000,0.0059,0,REST-S,2,6,5
4186,12305,1:02:00,0,1.00,0,0.0200,0.0049,0.0000,0.0059,0,REST-S,2,6,5
4186,12306,1:02:30,0,0.00,0,0.0200,0.0049,0.0000,0.0059,0,REST-S,2,6,5
4186,12307,1:03:00,0,0.00,0,0.0200,0.0049,0.0000,0.0059,0,REST-S,2,6,5
4186,12308,1:03:30,0,0.00,0,0.0200,0.0049,0.0000,0.0059,0,REST-S,2,6,5
4186,12309,1:04:00,0,0.00,0,0.0200,0.0049,0.0000,0.0059,0,REST-S,2,6,5
4186,12310,1:04:30,0,1.00,0,0.0200,0.0049,0.0000,0.0059,0,REST-S,2,6,5
4186,12311,1:05:00,0,0.00,0,0.0200,0.0049,0.0000,0.0059,0,REST-S,2,6,5
4186,12312,1:05:30,0,0.00,0,0.0200,0.0049,0.0000,0.0059,0,REST-S,2,6,5
4186,12313,1:06:00,0,0.00,0,0.0200,0.0049,0.0000,0.0059,0,REST-S,2,6,5
4186,12314,1:06:30,0,0.00,0,0.0200,0.0049,0.0000,0.0059,0,REST-S,2,6,5
4186,12315,1:07:00,0,0.00,0,0.0200,0.0049,0.0000,0.0059,0,REST-S,2,6,5
4186,12316,1:07:30,0,0.00,0,0.0200,0.0049,0.0000,0.0059,0,REST-S,2,6,5
4186,12317,1:08:00,0,4.00,0,0.0200,0.0049,0.0000,0.0059,0,REST-S,2,6,5
4186,12318,1:08:30,0,1.00,0,0.0200,0.0049,0.0000,0.0059,0,REST-S,2,6,5
4186,12319,1:09:00,0,0.00,0,0.0200,0.0049,0.0000,0.0059,0,REST-S,2,6,5
4186,12320,1:09:30,0,0.00,0,0.0200,0.0049,0.0000,0.0059,0,REST-S,2,6,5
4186,12321,1:10:00,0,0.00,0,0.0200,0.0049,0.0000,0.0059,0,REST-S,2,6,5
4186,12322,1:10:30,0,0.00,0,0.0200,0.0049,0.0000,0.0059,0,REST-S,2,6,5
4186,12323,1:11:00,0,0.00,0,0.0200,0.0049,0.0000,0.0059,1,REST-S,2,6,5
4186,12324,1:11:30,0,22.00,0,0.0100,0.0049,0.0000,0.0000,1,REST-S,2,6,5
4186,12325,1:12:00,0,293.00,0,1.0500,0.1190,0.0880,0.0115,1,REST-S,2,6,5
4186,12326,1:12:30,0,249.00,0,3.4800,0.4100,0.2900,0.0298,1,REST-S,2,6,5
4186,12327,1:13:00,0,234.00,0,0.0200,0.0049,0.0000,0.0059,1,REST-S,2,6,5
4186,12328,1:13:30,0,1.00,0,0.0200,0.0049,0.0000,0.0059,1,REST-S,2,6,5
4186,12329,1:14:00,0,0.00,0,0.0200,0.0049,0.0000,0.0059,1,REST-S,2,6,5
4186,12330,1:14:30,0,0.00,0,0.0200,0.0049,0.0000,0.0059,0,REST-S,2,6,5
4186,12331,1:15:00,0,0.00,0,0.0200,0.0049,0.0000,0.0059,0,REST-S,2,6,5
4186,12332,1:15:30,0,1.00,0,0.0200,0.0049,0.0000,0.0059,0,REST-S,2,6,5
4186,12333,1:16:00,0,1.00,0,0.0200,0.0049,0.0000,0.0059,0,REST-S,2,6,5
4186,12334,1:16:30,0,0.00,0,0.0200,0.0049,0.0000,0.0059,0,REST-S,2,6,5
4186,12335,1:17:00,0,0.00,0,0.0100,0.0049,0.0000,0.0000,0,REST-S,2,6,5
4186,12336,1:17:30,0,0.00,0,0.0100,0.0049,0.0000,0.0000,0,REST-S,2,6,5
4186,12337,1:18:00,0,0.00,0,0.0200,0.0049,0.0000,0.0059,0,REST-S,2,6,5
4186,12338,1:18:30,0,0.00,0,0.0200,0.0049,0.0000,0.0059,0,REST-S,2,6,5
4186,12339,1:19:00,0,0.00,0,0.0200,0.0049,0.0000,0.0059,0,REST-S,2,6,5
4186,12340,1:19:30,0,0.00,0,0.0200,0.0049,0.0000,0.0059,0,REST-S,2,6,5
4186,12341,1:20:00,0,0.00,0,0.0200,0.0049,0.0000,0.0059,0,REST-S,2,6,5
4186,12342,1:20:30,0,0.00,0,0.0200,0.0049,0.0000,0.0059,0,REST-S,2,6,5
4186,12343,1:21:00,0,0.00,0,0.0200,0.0049,0.0000,0.0059,0,REST-S,2,6,5
4186,12344,1:21:30,0,0.00,0,0.0200,0.0049,0.0000,0.0059,0,REST-S,2,6,5
4186,12345,1:22:00,0,0.00,0,0.0200,0.0049,0.0000,0.0059,0,REST-S,2,6,5
4186,12346,1:22:30,0,0.00,0,0.0200,0.0049,0.0000,0.0059,0,REST-S,2,6,5
4186,12347,1:23:00,0,0.00,0,0.0100,0.0049,0.0000,0.0000,0,REST-S,2,6,5
4186,12348,1:23:30,0,0.00,0,0.0200,0.0049,0.0000,0.0059,0,REST-S,2,6,5
4186,12349,1:24:00,0,0.00,0,0.0200,0.0049,0.0000,0.0059,0,REST-S,2,6,5
4186,12350,1:24:30,0,0.00,0,0.0200,0.0049,0.0000,0.0059,0,REST-S,2,6,5
4186,12351,1:25:00,0,0.00,0,0.1700,0.0042,0.0173,0.0059,0,REST-S,2,6,5
4186,12352,1:25:30,0,0.00,0,0.1700,0.0042,0.0173,0.0059,0,REST-S,2,6,5
4186,12353,1:26:00,0,0.00,0,0.0200,0.0049,0.0000,0.0059,0,REST-S,2,6,5
4186,12354,1:26:30,0,0.00,0,0.0200,0.0049,0.0000,0.0059,0,REST-S,2,6,5
4186,12355,1:27:00,0,0.00,0,0.0200,0.0049,0.0000,0.0059,0,REST-S,2,6,5
4186,12356,1:27:30,0,0.00,0,0.0100,0.0049,0.0000,0.0000,0,REST-S,2,6,5
4186,12357,1:28:00,0,0.00,0,0.0200,0.0049,0.0000,0.0059,0,REST-S,2,6,5
4186,12358,1:28:30,0,0.00,0,0.0200,0.0049,0.0000,0.0059,0,REST-S,2,6,5
4186,12359,1:29:00,0,0.00,0,0.0200,0.0049,0.0000,0.0059,0,REST-S,2,6,5
4186,12360,1:29:30,0,0.00,0,0.0200,0.0049,0.0000,0.0059,0,REST-S,2,6,5
4186,12361,1:30:00,0,0.00,0,0.0200,0.0049,0.0000,0.0059,0,REST-S,2,6,5
4186,12362,1:30:30,0,1.00,0,0.0200,0.0049,0.0000,0.0059,0,REST-S,2,6,5
4186,12363,1:31:00,0,0.00,0,0.0200,0.0049,0.0000,0.0059,0,REST-S,2,6,5
4186,12364,1:31:30,0,0.00,0,0.0100,0.0049,0.0000,0.0000,0,REST-S,2,6,5
4186,12365,1:32:00,0,0.00,0,0.0200,0.0049,0.0000,0.0059,0,REST-S,2,6,5
4186,12366,1:32:30,0,0.00,0,0.0200,0.0049,0.0000,0.0059,0,REST-S,2,6,5
4186,12367,1:33:00,0,0.00,0,0.0200,0.0049,0.0000,0.0059,0,REST-S,2,6,5
4186,12368,1:33:30,0,0.00,0,0.0200,0.0049,0.0000,0.0059,0,REST-S,2,6,5
4186,12369,1:34:00,0,0.00,0,0.0200,0.0049,0.0000,0.0059,0,REST-S,2,6,5
4186,12370,1:34:30,0,0.00,0,0.0200,0.0049,0.0000,0.0059,0,REST-S,2,6,5
4186,12371,1:35:00,0,0.00,0,0.0200,0.0049,0.0000,0.0059,0,REST-S,2,6,5
4186,12372,1:35:30,0,0.00,0,0.0200,0.0049,0.0000,0.0059,0,REST-S,2,6,5
4186,12373,1:36:00,0,0.00,0,0.0200,0.0049,0.0000,0.0059,0,REST-S,2,6,5
4186,12374,1:36:30,0,0.00,0,0.0200,0.0049,0.0000,0.0059,0,REST-S,2,6,5
4186,12375,1:37:00,0,0.00,0,0.0200,0.0049,0.0000,0.0059,0,REST-S,2,6,5
4186,12376,1:37:30,0,7.00,0,0.0200,0.0049,0.0000,0.0059,0,REST-S,2,6,5
4186,12377,1:38:00,0,24.00,0,0.0200,0.0049,0.0000,0.0059,1,REST-S,2,6,5
4186,12378,1:38:30,0,0.00,0,0.0200,0.0049,0.0000,0.0059,0,REST-S,2,6,5
4186,12379,1:39:00,0,0.00,0,0.0200,0.0049,0.0000,0.0059,0,REST-S,2,6,5
4186,12380,1:39:30,0,0.00,0,0.0200,0.0049,0.0000,0.0059,0,REST-S,2,6,5
4186,12381,1:40:00,0,0.00,0,0.0200,0.0049,0.0000,0.0059,0,REST-S,2,6,5
4186,12382,1:40:30,0,1.00,0,0.0200,0.0049,0.0000,0.0059,0,REST-S,2,6,5
4186,12383,1:41:00,0,0.00,0,0.0100,0.0049,0.0000,0.0000,0,REST-S,2,6,5
4186,12384,1:41:30,0,0.00,0,0.0200,0.0049,0.0000,0.0059,0,REST-S,2,6,5
4186,12385,1:42:00,0,0.00,0,0.0200,0.0049,0.0000,0.0059,0,REST-S,2,6,5
4186,12386,1:42:30,0,0.00,0,0.0200,0.0049,0.0000,0.0059,0,REST-S,2,6,5
4186,12387,1:43:00,0,0.00,0,0.0200,0.0049,0.0000,0.0059,0,REST-S,2,6,5
4186,12388,1:43:30,0,0.00,0,0.0200,0.0049,0.0000,0.0059,0,REST-S,2,6,5
4186,12389,1:44:00,0,1.00,0,0.0200,0.0049,0.0000,0.0059,0,REST-S,2,6,5
4186,12390,1:44:30,0,0.00,0,0.0200,0.0049,0.0000,0.0059,0,REST-S,2,6,5
4186,12391,1:45:00,0,1.00,0,0.0200,0.0049,0.0000,0.0059,0,REST-S,2,6,5
4186,12392,1:45:30,0,0.00,0,0.0200,0.0049,0.0000,0.0059,0,REST-S,2,6,5
4186,12393,1:46:00,0,0.00,0,0.0200,0.0049,0.0000,0.0059,0,REST-S,2,6,5
4186,12394,1:46:30,0,0.00,0,0.0200,0.0049,0.0000,0.0059,0,REST-S,2,6,5
4186,12395,1:47:00,0,0.00,0,0.0100,0.0049,0.0000,0.0000,0,REST-S,2,6,5
4186,12396,1:47:30,0,0.00,0,0.0200,0.0049,0.0000,0.0059,0,REST-S,2,6,5
4186,12397,1:48:00,0,0.00,0,0.0200,0.0049,0.0000,0.0059,0,REST-S,2,6,5
4186,12398,1:48:30,0,0.00,0,0.0200,0.0049,0.0000,0.0059,0,REST-S,2,6,5
4186,12399,1:49:00,0,0.00,0,0.0200,0.0049,0.0000,0.0059,0,REST-S,2,6,5
4186,12400,1:49:30,0,0.00,0,0.0200,0.0049,0.0000,0.0059,0,REST-S,2,6,5
4186,12401,1:50:00,0,0.00,0,0.0200,0.0049,0.0000,0.0059,0,REST-S,2,6,5
4186,12402,1:50:30,0,0.00,0,0.0200,0.0049,0.0000,0.0059,0,REST-S,2,6,5
4186,12403,1:51:00,0,0.00,0,0.0200,0.0049,0.0000,0.0059,0,REST-S,2,6,5
4186,12404,1:51:30,0,0.00,0,0.0200,0.0049,0.0000,0.0059,0,REST-S,2,6,5
4186,12405,1:52:00,0,1.00,0,0.0200,0.0049,0.0000,0.0059,0,REST-S,2,6,5
4186,12406,1:52:30,0,0.00,0,0.0200,0.0049,0.0000,0.0059,0,REST-S,2,6,5
4186,12407,1:53:00,0,0.00,0,0.0200,0.0049,0.0000,0.0059,0,REST-S,2,6,5
4186,12408,1:53:30,0,0.00,0,0.0200,0.0049,0.0000,0.0059,0,REST-S,2,6,5
4186,12409,1:54:00,0,0.00,0,0.0200,0.0049,0.0000,0.0059,0,REST-S,2,6,5
4186,12410,1:54:30,0,0.00,0,0.0200,0.0049,0.0000,0.0059,0,REST-S,2,6,5
4186,12411,1:55:00,0,0.00,0,0.0200,0.0049,0.0000,0.0059,0,REST-S,2,6,5
4186,12412,1:55:30,0,0.00,0,0.0200,0.0049,0.0000,0.0059,0,REST-S,2,6,5
4186,12413,1:56:00,0,0.00,0,0.1700,0.0042,0.0173,0.0059,0,REST-S,2,6,5
4186,12414,1:56:30,0,0.00,0,0.0200,0.0049,0.0000,0.0059,0,REST-S,2,6,5
4186,12415,1:57:00,0,0.00,0,0.0200,0.0049,0.0000,0.0059,0,REST-S,2,6,5
4186,12416,1:57:30,0,0.00,0,0.0200,0.0049,0.0000,0.0059,0,REST-S,2,6,5
4186,12417,1:58:00,0,0.00,0,0.0200,0.0049,0.0000,0.0059,0,REST-S,2,6,5
4186,12418,1:58:30,0,0.00,0,0.1700,0.0042,0.0173,0.0059,0,REST-S,2,6,5
4186,12419,1:59:00,0,0.00,0,0.0200,0.0049,0.0000,0.0059,0,REST-S,2,6,5
4186,12420,1:59:30,0,0.00,0,0.0200,0.0049,0.0000,0.0059,0,REST-S,2,6,5
4186,12421,2:00:00,0,0.00,0,0.0200,0.0049,0.0000,0.0059,0,REST-S,2,6,5
4186,12422,2:00:30,0,0.00,0,0.0200,0.0049,0.0000,0.0059,0,REST-S,2,6,5
4186,12423,2:01:00,0,0.00,0,0.0200,0.0049,0.0000,0.0059,0,REST-S,2,6,5
4186,12424,2:01:30,0,0.00,0,0.0200,0.0049,0.0000,0.0059,0,REST-S,2,6,5
4186,12425,2:02:00,0,47.00,0,0.0200,0.0049,0.0000,0.0059,1,REST-S,2,6,5
4186,12426,2:02:30,0,0.00,0,0.1700,0.0042,0.0173,0.0059,0,REST-S,2,6,5
4186,12427,2:03:00,0,2.00,0,0.0200,0.0049,0.0000,0.0059,0,REST-S,2,6,5
4186,12428,2:03:30,0,0.00,0,0.0200,0.0049,0.0000,0.0059,0,REST-S,2,6,5
4186,12429,2:04:00,0,0.00,0,0.0200,0.0049,0.0000,0.0059,0,REST-S,2,6,5
4186,12430,2:04:30,0,0.00,0,0.0200,0.0049,0.0000,0.0059,0,REST-S,2,6,5
4186,12431,2:05:00,0,0.00,0,0.0200,0.0049,0.0000,0.0059,0,REST-S,2,6,5
4186,12432,2:05:30,0,0.00,0,0.0200,0.0049,0.0000,0.0059,0,REST-S,2,6,5
4186,12433,2:06:00,0,0.00,0,0.0200,0.0049,0.0000,0.0059,0,REST-S,2,6,5
4186,12434,2:06:30,0,0.00,0,0.0200,0.0049,0.0000,0.0059,0,REST-S,2,6,5
4186,12435,2:07:00,0,0.00,0,0.0200,0.0049,0.0000,0.0059,0,REST-S,2,6,5
4186,12436,2:07:30,0,0.00,0,0.0200,0.0049,0.0000,0.0059,0,REST-S,2,6,5
4186,12437,2:08:00,0,0.00,0,0.0200,0.0049,0.0000,0.0059,0,REST-S,2,6,5
4186,12438,2:08:30,0,0.00,0,0.0200,0.0049,0.0000,0.0059,0,REST-S,2,6,5
4186,12439,2:09:00,0,0.00,0,0.0200,0.0049,0.0000,0.0059,0,REST-S,2,6,5
4186,12440,2:09:30,0,0.00,0,0.0200,0.0049,0.0000,0.0059,0,REST-S,2,6,5
4186,12441,2:10:00,0,0.00,0,0.0200,0.0049,0.0000,0.0059,0,REST-S,2,6,5
4186,12442,2:10:30,0,0.00,0,0.0200,0.0049,0.0000,0.0059,0,REST-S,2,6,5
4186,12443,2:11:00,0,0.00,0,0.0200,0.0049,0.0000,0.0059,0,REST-S,2,6,5
4186,12444,2:11:30,0,0.00,0,0.0200,0.0049,0.0000,0.0059,0,REST-S,2,6,5
4186,12445,2:12:00,0,0.00,0,0.0200,0.0049,0.0000,0.0059,0,REST-S,2,6,5
4186,12446,2:12:30,0,0.00,0,0.0200,0.0049,0.0000,0.0059,0,REST-S,2,6,5
4186,12447,2:13:00,0,0.00,0,0.0200,0.0049,0.0000,0.0059,0,REST-S,2,6,5
4186,12448,2:13:30,0,0.00,0,0.0200,0.0049,0.0000,0.0059,0,REST-S,2,6,5
4186,12449,2:14:00,0,0.00,0,0.0200,0.0049,0.0000,0.0059,0,REST-S,2,6,5
4186,12450,2:14:30,0,47.00,0,0.0200,0.0049,0.0000,0.0059,1,REST-S,2,6,5
4186,12451,2:15:00,0,0.00,0,0.0200,0.0049,0.0000,0.0059,0,REST-S,2,6,5
4186,12452,2:15:30,0,8.00,0,0.0200,0.0049,0.0000,0.0059,0,REST-S,2,6,5
4186,12453,2:16:00,0,0.00,0,0.0200,0.0049,0.0000,0.0059,0,REST-S,2,6,5
4186,12454,2:16:30,0,0.00,0,0.0200,0.0049,0.0000,0.0059,0,REST-S,2,6,5
4186,12455,2:17:00,0,1.00,0,0.0200,0.0049,0.0000,0.0059,0,REST-S,2,6,5
4186,12456,2:17:30,0,0.00,0,0.0200,0.0049,0.0000,0.0059,0,REST-S,2,6,5
4186,12457,2:18:00,0,0.00,0,0.0200,0.0049,0.0000,0.0059,0,REST-S,2,6,5
4186,12458,2:18:30,0,0.00,0,0.0200,0.0049,0.0000,0.0059,0,REST-S,2,6,5
4186,12459,2:19:00,0,0.00,0,0.0200,0.0049,0.0000,0.0059,0,REST-S,2,6,5
4186,12460,2:19:30,0,0.00,0,0.0200,0.0049,0.0000,0.0059,0,REST-S,2,6,5
4186,12461,2:20:00,0,0.00,0,0.0200,0.0049,0.0000,0.0059,0,REST-S,2,6,5
4186,12462,2:20:30,0,0.00,0,0.0200,0.0049,0.0000,0.0059,0,REST-S,2,6,5
4186,12463,2:21:00,0,0.00,0,0.0200,0.0049,0.0000,0.0059,0,REST-S,2,6,5
4186,12464,2:21:30,0,0.00,0,0.0200,0.0049,0.0000,0.0059,0,REST-S,2,6,5
4186,12465,2:22:00,0,0.00,0,0.0200,0.0049,0.0000,0.0059,0,REST-S,2,6,5
4186,12466,2:22:30,0,0.00,0,0.0200,0.0049,0.0000,0.0059,0,REST-S,2,6,5
4186,12467,2:23:00,0,0.00,0,0.0200,0.0049,0.0000,0.0059,0,REST-S,2,6,5
4186,12468,2:23:30,0,1.00,0,0.0200,0.0049,0.0000,0.0059,0,REST-S,2,6,5
4186,12469,2:24:00,0,0.00,0,0.0200,0.0049,0.0000,0.0059,0,REST-S,2,6,5
4186,12470,2:24:30,0,0.00,0,0.0200,0.0049,0.0000,0.0059,0,REST-S,2,6,5
4186,12471,2:25:00,0,0.00,0,0.0200,0.0049,0.0000,0.0059,0,REST-S,2,6,5
4186,12472,2:25:30,0,0.00,0,0.0200,0.0049,0.0000,0.0059,0,REST-S,2,6,5
4186,12473,2:26:00,0,0.00,0,0.0200,0.0049,0.0000,0.0059,0,REST-S,2,6,5
4186,12474,2:26:30,0,0.00,0,0.0200,0.0049,0.0000,0.0059,0,REST-S,2,6,5
4186,12475,2:27:00,0,0.00,0,0.0200,0.0049,0.0000,0.0059,0,REST-S,2,6,5
4186,12476,2:27:30,0,0.00,0,0.0200,0.0049,0.0000,0.0059,0,REST-S,2,6,5
4186,12477,2:28:00,0,0.00,0,0.0200,0.0049,0.0000,0.0059,0,REST-S,2,6,5
4186,12478,2:28:30,0,0.00,0,0.0200,0.0049,0.0000,0.0059,0,REST-S,2,6,5
4186,12479,2:29:00,0,75.00,0,0.0200,0.0049,0.0000,0.0059,1,REST-S,2,6,5
4186,12480,2:29:30,0,0.00,0,0.0200,0.0049,0.0000,0.0059,0,REST-S,2,6,5
4186,12481,2:30:00,0,0.00,0,0.0200,0.0049,0.0000,0.0059,0,REST-S,2,6,5
4186,12482,2:30:30,0,1.00,0,0.0200,0.0049,0.0000,0.0059,0,REST-S,2,6,5
4186,12483,2:31:00,0,0.00,0,0.0200,0.0049,0.0000,0.0059,0,REST-S,2,6,5
4186,12484,2:31:30,0,0.00,0,0.0200,0.0049,0.0000,0.0059,0,REST-S,2,6,5
4186,12485,2:32:00,0,0.00,0,0.0200,0.0049,0.0000,0.0059,0,REST-S,2,6,5
4186,12486,2:32:30,0,0.00,0,0.0200,0.0049,0.0000,0.0059,0,REST-S,2,6,5
4186,12487,2:33:00,0,0.00,0,0.0200,0.0049,0.0000,0.0059,0,REST-S,2,6,5
4186,12488,2:33:30,0,0.00,0,0.1700,0.0042,0.0173,0.0059,0,REST-S,2,6,5
4186,12489,2:34:00,0,0.00,0,0.0200,0.0049,0.0000,0.0059,0,REST-S,2,6,5
4186,12490,2:34:30,0,0.00,0,0.0200,0.0049,0.0000,0.0059,0,REST-S,2,6,5
4186,12491,2:35:00,0,0.00,0,0.0200,0.0049,0.0000,0.0059,0,REST-S,2,6,5
4186,12492,2:35:30,0,0.00,0,0.0200,0.0049,0.0000,0.0059,0,REST-S,2,6,5
4186,12493,2:36:00,0,0.00,0,0.0200,0.0049,0.0000,0.0059,0,REST-S,2,6,5
4186,12494,2:36:30,0,0.00,0,0.0200,0.0049,0.0000,0.0059,0,REST-S,2,6,5
4186,12495,2:37:00,0,0.00,0,0.0200,0.0049,0.0000,0.0059,0,REST-S,2,6,5
4186,12496,2:37:30,0,0.00,0,0.0200,0.0049,0.0000,0.0059,0,REST-S,2,6,5
4186,12497,2:38:00,0,0.00,0,0.0200,0.0049,0.0000,0.0059,0,REST-S,2,6,5
4186,12498,2:38:30,0,0.00,0,0.0200,0.0049,0.0000,0.0059,0,REST-S,2,6,5
4186,12499,2:39:00,0,0.00,0,0.0200,0.0049,0.0000,0.0059,0,REST-S,2,6,5
4186,12500,2:39:30,0,0.00,0,0.0200,0.0049,0.0000,0.0059,0,REST-S,2,6,5
4186,12501,2:40:00,0,0.00,0,0.0200,0.0049,0.0000,0.0059,0,REST-S,2,6,5
4186,12502,2:40:30,0,0.00,0,0.0200,0.0049,0.0000,0.0059,0,REST-S,2,6,5
4186,12503,2:41:00,0,0.00,0,0.0200,0.0049,0.0000,0.0059,0,REST-S,2,6,5
4186,12504,2:41:30,0,0.00,0,0.0200,0.0049,0.0000,0.0059,0,REST-S,2,6,5
4186,12505,2:42:00,0,0.00,0,0.0200,0.0049,0.0000,0.0059,0,REST-S,2,6,5
4186,12506,2:42:30,0,0.00,0,0.0200,0.0049,0.0000,0.0059,0,REST-S,2,6,5
4186,12507,2:43:00,0,0.00,0,0.0200,0.0049,0.0000,0.0059,0,REST-S,2,6,5
4186,12508,2:43:30,0,0.00,0,0.0200,0.0049,0.0000,0.0059,0,REST-S,2,6,5
4186,12509,2:44:00,0,0.00,0,0.0200,0.0049,0.0000,0.0059,0,REST-S,2,6,5
4186,12510,2:44:30,0,0.00,0,0.0100,0.0049,0.0000,0.0000,0,REST-S,2,6,5
4186,12511,2:45:00,0,0.00,0,0.0200,0.0049,0.0000,0.0059,0,REST-S,2,6,5
4186,12512,2:45:30,0,0.00,0,0.0200,0.0049,0.0000,0.0059,0,REST-S,2,6,5
4186,12513,2:46:00,0,0.00,0,0.0200,0.0049,0.0000,0.0059,0,REST-S,2,6,5
4186,12514,2:46:30,0,0.00,0,0.0200,0.0049,0.0000,0.0059,0,REST-S,2,6,5
4186,12515,2:47:00,0,0.00,0,0.0200,0.0049,0.0000,0.0059,0,REST-S,2,6,5
4186,12516,2:47:30,0,0.00,0,0.0200,0.0049,0.0000,0.0059,0,REST-S,2,6,5
4186,12517,2:48:00,0,0.00,0,0.0200,0.0049,0.0000,0.0059,0,REST-S,2,6,5
4186,12518,2:48:30,0,0.00,0,0.0200,0.0049,0.0000,0.0059,0,REST-S,2,6,5
4186,12519,2:49:00,0,0.00,0,0.0200,0.0049,0.0000,0.0059,0,REST-S,2,6,5
4186,12520,2:49:30,0,0.00,0,0.0200,0.0049,0.0000,0.0059,0,REST-S,2,6,5
4186,12521,2:50:00,0,0.00,0,0.0200,0.0049,0.0000,0.0059,0,REST-S,2,6,5
4186,12522,2:50:30,0,0.00,0,0.0200,0.0049,0.0000,0.0059,0,REST-S,2,6,5
4186,12523,2:51:00,0,0.00,0,0.0200,0.0049,0.0000,0.0059,0,REST-S,2,6,5
4186,12524,2:51:30,0,0.00,0,0.0200,0.0049,0.0000,0.0059,0,REST-S,2,6,5
4186,12525,2:52:00,0,0.00,0,0.0200,0.0049,0.0000,0.0059,0,REST-S,2,6,5
4186,12526,2:52:30,0,0.00,0,0.0200,0.0049,0.0000,0.0059,0,REST-S,2,6,5
4186,12527,2:53:00,0,0.00,0,0.0200,0.0049,0.0000,0.0059,0,REST-S,2,6,5
4186,12528,2:53:30,0,0.00,0,0.0200,0.0049,0.0000,0.0059,0,REST-S,2,6,5
4186,12529,2:54:00,0,179.00,0,0.0100,0.0049,0.0000,0.0000,1,REST-S,2,6,5
4186,12530,2:54:30,0,10.00,0,0.0200,0.0049,0.0000,0.0059,1,REST-S,2,6,5
4186,12531,2:55:00,0,1.00,0,0.0200,0.0049,0.0000,0.0059,1,REST-S,2,6,5
4186,12532,2:55:30,0,0.00,0,0.0200,0.0049,0.0000,0.0059,0,REST-S,2,6,5
4186,12533,2:56:00,0,13.00,0,0.0200,0.0049,0.0000,0.0059,0,REST-S,2,6,5
4186,12534,2:56:30,0,12.00,0,0.0200,0.0049,0.0000,0.0059,0,REST-S,2,6,5
4186,12535,2:57:00,0,0.00,0,0.0200,0.0049,0.0000,0.0059,0,REST-S,2,6,5
4186,12536,2:57:30,0,0.00,0,0.0200,0.0049,0.0000,0.0059,0,REST-S,2,6,5
4186,12537,2:58:00,0,0.00,0,0.0200,0.0049,0.0000,0.0059,0,REST-S,2,6,5
4186,12538,2:58:30,0,0.00,0,0.0200,0.0049,0.0000,0.0059,0,REST-S,2,6,5
4186,12539,2:59:00,0,0.00,0,0.0200,0.0049,0.0000,0.0059,0,REST-S,2,6,5
4186,12540,2:59:30,0,0.00,0,0.0200,0.0049,0.0000,0.0059,0,REST-S,2,6,5
4186,12541,3:00:00,0,0.00,0,0.0200,0.0049,0.0000,0.0059,0,REST-S,2,6,5
4186,12542,3:00:30,0,0.00,0,0.0200,0.0049,0.0000,0.0059,0,REST-S,2,6,5
4186,12543,3:01:00,0,0.00,0,0.0200,0.0049,0.0000,0.0059,0,REST-S,2,6,5
4186,12544,3:01:30,0,0.00,0,0.0200,0.0049,0.0000,0.0059,0,REST-S,2,6,5
4186,12545,3:02:00,0,0.00,0,0.0200,0.0049,0.0000,0.0059,0,REST-S,2,6,5
4186,12546,3:02:30,0,70.00,0,0.0200,0.0049,0.0000,0.0059,1,REST-S,2,6,5
4186,12547,3:03:00,0,118.00,0,0.0200,0.0049,0.0000,0.0059,1,REST-S,2,6,5
4186,12548,3:03:30,0,22.00,0,0.0200,0.0049,0.0000,0.0059,1,REST-S,2,6,5
4186,12549,3:04:00,0,0.00,0,0.0200,0.0049,0.0000,0.0059,0,REST-S,2,6,5
4186,12550,3:04:30,0,0.00,0,0.0200,0.0049,0.0000,0.0059,0,REST-S,2,6,5
4186,12551,3:05:00,0,0.00,0,0.0200,0.0049,0.0000,0.0059,0,REST-S,2,6,5
4186,12552,3:05:30,0,0.00,0,0.0200,0.0049,0.0000,0.0059,0,REST-S,2,6,5
4186,12553,3:06:00,0,11.00,0,0.0200,0.0049,0.0000,0.0059,0,REST-S,2,6,5
4186,12554,3:06:30,0,0.00,0,0.0200,0.0049,0.0000,0.0059,0,REST-S,2,6,5
4186,12555,3:07:00,0,0.00,0,0.0200,0.0049,0.0000,0.0059,0,REST-S,2,6,5
4186,12556,3:07:30,0,0.00,0,0.0200,0.0049,0.0000,0.0059,0,REST-S,2,6,5
4186,12557,3:08:00,0,0.00,0,0.0200,0.0049,0.0000,0.0059,0,REST-S,2,6,5
4186,12558,3:08:30,0,0.00,0,0.0200,0.0049,0.0000,0.0059,0,REST-S,2,6,5
4186,12559,3:09:00,0,0.00,0,0.0200,0.0049,0.0000,0.0059,0,REST-S,2,6,5
4186,12560,3:09:30,0,0.00,0,0.0200,0.0049,0.0000,0.0059,0,REST-S,2,6,5
4186,12561,3:10:00,0,0.00,0,0.0200,0.0049,0.0000,0.0059,0,REST-S,2,6,5
4186,12562,3:10:30,0,0.00,0,0.0200,0.0049,0.0000,0.0059,0,REST-S,2,6,5
4186,12563,3:11:00,0,0.00,0,0.0200,0.0049,0.0000,0.0059,0,REST-S,2,6,5
4186,12564,3:11:30,0,0.00,0,0.0200,0.0049,0.0000,0.0059,0,REST-S,2,6,5
4186,12565,3:12:00,0,0.00,0,0.0200,0.0049,0.0000,0.0059,0,REST-S,2,6,5
4186,12566,3:12:30,0,0.00,0,0.0200,0.0049,0.0000,0.0059,0,REST-S,2,6,5
4186,12567,3:13:00,0,0.00,0,0.0200,0.0049,0.0000,0.0059,0,REST-S,2,6,5
4186,12568,3:13:30,0,0.00,0,0.0200,0.0049,0.0000,0.0059,0,REST-S,2,6,5
4186,12569,3:14:00,0,0.00,0,0.0200,0.0049,0.0000,0.0059,0,REST-S,2,6,5
4186,12570,3:14:30,0,0.00,0,0.0200,0.0049,0.0000,0.0059,0,REST-S,2,6,5
4186,12571,3:15:00,0,0.00,0,0.0200,0.0049,0.0000,0.0059,0,REST-S,2,6,5
4186,12572,3:15:30,0,0.00,0,0.0200,0.0049,0.0000,0.0059,0,REST-S,2,6,5
4186,12573,3:16:00,0,0.00,0,0.0200,0.0049,0.0000,0.0059,0,REST-S,2,6,5
4186,12574,3:16:30,0,0.00,0,0.0200,0.0049,0.0000,0.0059,0,REST-S,2,6,5
4186,12575,3:17:00,0,0.00,0,0.0200,0.0049,0.0000,0.0059,0,REST-S,2,6,5
4186,12576,3:17:30,0,0.00,0,0.0200,0.0049,0.0000,0.0059,0,REST-S,2,6,5
4186,12577,3:18:00,0,2.00,0,0.0200,0.0049,0.0000,0.0059,0,REST-S,2,6,5
4186,12578,3:18:30,0,0.00,0,0.0200,0.0049,0.0000,0.0059,0,REST-S,2,6,5
4186,12579,3:19:00,0,0.00,0,0.0200,0.0049,0.0000,0.0059,0,REST-S,2,6,5
4186,12580,3:19:30,0,0.00,0,0.0200,0.0049,0.0000,0.0059,0,REST-S,2,6,5
4186,12581,3:20:00,0,0.00,0,0.0200,0.0049,0.0000,0.0059,0,REST-S,2,6,5
4186,12582,3:20:30,0,162.00,0,0.0200,0.0049,0.0000,0.0059,1,REST-S,2,6,5
4186,12583,3:21:00,0,2.00,0,0.0200,0.0049,0.0000,0.0059,0,REST-S,2,6,5
4186,12584,3:21:30,0,0.00,0,0.0200,0.0049,0.0000,0.0059,0,REST-S,2,6,5
4186,12585,3:22:00,0,0.00,0,0.0200,0.0049,0.0000,0.0059,0,REST-S,2,6,5
4186,12586,3:22:30,0,0.00,0,0.0200,0.0049,0.0000,0.0059,0,REST-S,2,6,5
4186,12587,3:23:00,0,1.00,0,0.0200,0.0049,0.0000,0.0059,0,REST-S,2,6,5
4186,12588,3:23:30,0,2.00,0,0.0200,0.0049,0.0000,0.0059,0,REST-S,2,6,5
4186,12589,3:24:00,0,0.00,0,0.0200,0.0049,0.0000,0.0059,0,REST-S,2,6,5
4186,12590,3:24:30,0,0.00,0,0.0200,0.0049,0.0000,0.0059,0,REST-S,2,6,5
4186,12591,3:25:00,0,0.00,0,0.0200,0.0049,0.0000,0.0059,0,REST-S,2,6,5
4186,12592,3:25:30,0,7.00,0,0.0200,0.0049,0.0000,0.0059,0,REST-S,2,6,5
4186,12593,3:26:00,0,0.00,0,0.0200,0.0049,0.0000,0.0059,0,REST-S,2,6,5
4186,12594,3:26:30,0,0.00,0,0.0200,0.0049,0.0000,0.0059,0,REST-S,2,6,5
4186,12595,3:27:00,0,0.00,0,0.0200,0.0049,0.0000,0.0059,0,REST-S,2,6,5
4186,12596,3:27:30,0,8.00,0,0.0200,0.0049,0.0000,0.0059,0,REST-S,2,6,5
4186,12597,3:28:00,0,0.00,0,0.0200,0.0049,0.0000,0.0059,0,REST-S,2,6,5
4186,12598,3:28:30,0,0.00,0,0.0200,0.0049,0.0000,0.0059,0,REST-S,2,6,5
4186,12599,3:29:00,0,0.00,0,0.0200,0.0049,0.0000,0.0059,0,REST-S,2,6,5
4186,12600,3:29:30,0,0.00,0,0.0200,0.0049,0.0000,0.0059,0,REST-S,2,6,5
4186,12601,3:30:00,0,0.00,0,0.0200,0.0049,0.0000,0.0059,0,REST-S,2,6,5
4186,12602,3:30:30,0,1.00,0,0.0200,0.0049,0.0000,0.0059,0,REST-S,2,6,5
4186,12603,3:31:00,0,0.00,0,0.0200,0.0049,0.0000,0.0059,0,REST-S,2,6,5
4186,12604,3:31:30,0,1.00,0,0.0200,0.0049,0.0000,0.0059,0,REST-S,2,6,5
4186,12605,3:32:00,0,0.00,0,0.0200,0.0049,0.0000,0.0059,0,REST-S,2,6,5
4186,12606,3:32:30,0,0.00,0,0.1700,0.0042,0.0173,0.0059,0,REST-S,2,6,5
4186,12607,3:33:00,0,0.00,0,0.0200,0.0049,0.0000,0.0059,0,REST-S,2,6,5
4186,12608,3:33:30,0,0.00,0,0.0200,0.0049,0.0000,0.0059,0,REST-S,2,6,5
4186,12609,3:34:00,0,0.00,0,0.1700,0.0042,0.0173,0.0059,0,REST-S,2,6,5
4186,12610,3:34:30,0,0.00,0,0.1700,0.0042,0.0173,0.0059,0,REST-S,2,6,5
4186,12611,3:35:00,0,0.00,0,0.0200,0.0049,0.0000,0.0059,0,REST-S,2,6,5
4186,12612,3:35:30,0,0.00,0,0.1700,0.0042,0.0173,0.0059,0,REST-S,2,6,5
4186,12613,3:36:00,0,0.00,0,0.0200,0.0049,0.0000,0.0059,0,REST-S,2,6,5
4186,12614,3:36:30,0,9.00,0,0.0200,0.0049,0.0000,0.0059,0,REST-S,2,6,5
4186,12615,3:37:00,0,0.00,0,0.0200,0.0049,0.0000,0.0059,0,REST-S,2,6,5
4186,12616,3:37:30,0,0.00,0,0.0200,0.0049,0.0000,0.0059,0,REST-S,2,6,5
4186,12617,3:38:00,0,0.00,0,0.0200,0.0049,0.0000,0.0059,0,REST-S,2,6,5
4186,12618,3:38:30,0,0.00,0,0.0200,0.0049,0.0000,0.0059,0,REST-S,2,6,5
4186,12619,3:39:00,0,24.00,0,0.0200,0.0049,0.0000,0.0059,1,REST-S,2,6,5
4186,12620,3:39:30,0,3.00,0,0.0200,0.0049,0.0000,0.0059,0,REST-S,2,6,5
4186,12621,3:40:00,0,0.00,0,0.0200,0.0049,0.0000,0.0059,0,REST-S,2,6,5
4186,12622,3:40:30,0,0.00,0,0.0200,0.0049,0.0000,0.0059,0,REST-S,2,6,5
4186,12623,3:41:00,0,36.00,0,0.1700,0.0042,0.0173,0.0059,1,REST-S,2,6,5
4186,12624,3:41:30,0,0.00,0,0.0200,0.0049,0.0000,0.0059,0,REST-S,2,6,5
4186,12625,3:42:00,0,0.00,0,0.0200,0.0049,0.0000,0.0059,0,REST-S,2,6,5
4186,12626,3:42:30,0,0.00,0,0.0200,0.0049,0.0000,0.0059,0,REST-S,2,6,5
4186,12627,3:43:00,0,0.00,0,0.0200,0.0049,0.0000,0.0059,0,REST-S,2,6,5
4186,12628,3:43:30,0,0.00,0,0.0200,0.0049,0.0000,0.0059,0,REST-S,2,6,5
4186,12629,3:44:00,0,1.00,0,0.0200,0.0049,0.0000,0.0059,0,REST-S,2,6,5
4186,12630,3:44:30,0,0.00,0,0.0200,0.0049,0.0000,0.0059,0,REST-S,2,6,5
4186,12631,3:45:00,0,0.00,0,0.0200,0.0049,0.0000,0.0059,0,REST-S,2,6,5
4186,12632,3:45:30,0,0.00,0,0.0200,0.0049,0.0000,0.0059,0,REST-S,2,6,5
4186,12633,3:46:00,0,0.00,0,0.0200,0.0049,0.0000,0.0059,0,REST-S,2,6,5
4186,12634,3:46:30,0,0.00,0,0.0200,0.0049,0.0000,0.0059,0,REST-S,2,6,5
4186,12635,3:47:00,0,0.00,0,0.0200,0.0049,0.0000,0.0059,0,REST-S,2,6,5
4186,12636,3:47:30,0,0.00,0,0.0200,0.0049,0.0000,0.0059,0,REST-S,2,6,5
4186,12637,3:48:00,0,0.00,0,0.0200,0.0049,0.0000,0.0059,0,REST-S,2,6,5
4186,12638,3:48:30,0,0.00,0,0.0200,0.0049,0.0000,0.0059,0,REST-S,2,6,5
4186,12639,3:49:00,0,0.00,0,0.0200,0.0049,0.0000,0.0059,0,REST-S,2,6,5
4186,12640,3:49:30,0,28.00,0,0.0200,0.0049,0.0000,0.0059,1,REST-S,2,6,5
4186,12641,3:50:00,0,70.00,0,0.0200,0.0049,0.0000,0.0059,1,REST-S,2,6,5
4186,12642,3:50:30,0,4.00,0,0.0200,0.0049,0.0000,0.0059,0,REST-S,2,6,5
4186,12643,3:51:00,0,0.00,0,0.0200,0.0049,0.0000,0.0059,0,REST-S,2,6,5
4186,12644,3:51:30,0,0.00,0,0.0200,0.0049,0.0000,0.0059,0,REST-S,2,6,5
4186,12645,3:52:00,0,0.00,0,0.0200,0.0049,0.0000,0.0059,0,REST-S,2,6,5
4186,12646,3:52:30,0,0.00,0,0.0200,0.0049,0.0000,0.0059,0,REST-S,2,6,5
4186,12647,3:53:00,0,0.00,0,0.1700,0.0042,0.0173,0.0059,0,REST-S,2,6,5
4186,12648,3:53:30,0,0.00,0,0.0200,0.0049,0.0000,0.0059,0,REST-S,2,6,5
4186,12649,3:54:00,0,82.00,0,0.1700,0.0042,0.0173,0.0059,1,REST-S,2,6,5
4186,12650,3:54:30,0,0.00,0,0.1700,0.0042,0.0173,0.0059,0,REST-S,2,6,5
4186,12651,3:55:00,0,0.00,0,0.0200,0.0049,0.0000,0.0059,0,REST-S,2,6,5
4186,12652,3:55:30,0,0.00,0,0.0200,0.0049,0.0000,0.0059,0,REST-S,2,6,5
4186,12653,3:56:00,0,0.00,0,0.0200,0.0049,0.0000,0.0059,0,REST-S,2,6,5
4186,12654,3:56:30,0,0.00,0,0.1700,0.0042,0.0173,0.0059,0,REST-S,2,6,5
4186,12655,3:57:00,0,0.00,0,0.0200,0.0049,0.0000,0.0059,0,REST-S,2,6,5
4186,12656,3:57:30,0,0.00,0,0.0200,0.0049,0.0000,0.0059,0,REST-S,2,6,5
4186,12657,3:58:00,0,0.00,0,0.0200,0.0049,0.0000,0.0059,0,REST-S,2,6,5
4186,12658,3:58:30,0,0.00,0,0.0200,0.0049,0.0000,0.0059,0,REST-S,2,6,5
4186,12659,3:59:00,0,0.00,0,0.0200,0.0049,0.0000,0.0059,0,REST-S,2,6,5
4186,12660,3:59:30,0,0.00,0,0.0200,0.0049,0.0000,0.0059,0,REST-S,2,6,5
4186,12661,4:00:00,0,0.00,0,0.0200,0.0049,0.0000,0.0059,0,REST-S,2,6,5
4186,12662,4:00:30,0,0.00,0,0.0200,0.0049,0.0000,0.0059,0,REST-S,2,6,5
4186,12663,4:01:00,0,0.00,0,0.0200,0.0049,0.0000,0.0059,0,REST-S,2,6,5
4186,12664,4:01:30,0,0.00,0,0.0200,0.0049,0.0000,0.0059,0,REST-S,2,6,5
4186,12665,4:02:00,0,0.00,0,0.0200,0.0049,0.0000,0.0059,0,REST-S,2,6,5
4186,12666,4:02:30,0,0.00,0,0.0200,0.0049,0.0000,0.0059,0,REST-S,2,6,5
4186,12667,4:03:00,0,0.00,0,0.0200,0.0049,0.0000,0.0059,0,REST-S,2,6,5
4186,12668,4:03:30,0,0.00,0,0.0200,0.0049,0.0000,0.0059,0,REST-S,2,6,5
4186,12669,4:04:00,0,0.00,0,0.0200,0.0049,0.0000,0.0059,0,REST-S,2,6,5
4186,12670,4:04:30,0,0.00,0,0.0200,0.0049,0.0000,0.0059,0,REST-S,2,6,5
4186,12671,4:05:00,0,0.00,0,0.0200,0.0049,0.0000,0.0059,0,REST-S,2,6,5
4186,12672,4:05:30,0,0.00,0,0.0200,0.0049,0.0000,0.0059,0,REST-S,2,6,5
4186,12673,4:06:00,0,0.00,0,0.0200,0.0049,0.0000,0.0059,0,REST-S,2,6,5
4186,12674,4:06:30,0,0.00,0,0.0200,0.0049,0.0000,0.0059,0,REST-S,2,6,5
4186,12675,4:07:00,0,0.00,0,0.0200,0.0049,0.0000,0.0059,0,REST-S,2,6,5
4186,12676,4:07:30,0,0.00,0,0.0200,0.0049,0.0000,0.0059,0,REST-S,2,6,5
4186,12677,4:08:00,0,0.00,0,0.0200,0.0049,0.0000,0.0059,0,REST-S,2,6,5
4186,12678,4:08:30,0,0.00,0,0.0200,0.0049,0.0000,0.0059,0,REST-S,2,6,5
4186,12679,4:09:00,0,0.00,0,0.0200,0.0049,0.0000,0.0059,0,REST-S,2,6,5
4186,12680,4:09:30,0,0.00,0,0.0200,0.0049,0.0000,0.0059,0,REST-S,2,6,5
4186,12681,4:10:00,0,0.00,0,0.0200,0.0049,0.0000,0.0059,0,REST-S,2,6,5
4186,12682,4:10:30,0,0.00,0,0.0200,0.0049,0.0000,0.0059,0,REST-S,2,6,5
4186,12683,4:11:00,0,0.00,0,0.0200,0.0049,0.0000,0.0059,0,REST-S,2,6,5
4186,12684,4:11:30,0,0.00,0,0.0200,0.0049,0.0000,0.0059,0,REST-S,2,6,5
4186,12685,4:12:00,0,184.00,0,0.0200,0.0049,0.0000,0.0059,1,REST-S,2,6,5
4186,12686,4:12:30,0,0.00,0,0.0200,0.0049,0.0000,0.0059,0,REST-S,2,6,5
4186,12687,4:13:00,0,8.00,0,0.0200,0.0049,0.0000,0.0059,1,REST-S,2,6,5
4186,12688,4:13:30,0,0.00,0,0.0200,0.0049,0.0000,0.0059,0,REST-S,2,6,5
4186,12689,4:14:00,0,0.00,0,0.0200,0.0049,0.0000,0.0059,0,REST-S,2,6,5
4186,12690,4:14:30,0,0.00,0,0.0200,0.0049,0.0000,0.0059,0,REST-S,2,6,5
4186,12691,4:15:00,0,0.00,0,0.0200,0.0049,0.0000,0.0059,0,REST-S,2,6,5
4186,12692,4:15:30,0,0.00,0,0.0200,0.0049,0.0000,0.0059,0,REST-S,2,6,5
4186,12693,4:16:00,0,0.00,0,0.0200,0.0049,0.0000,0.0059,0,REST-S,2,6,5
4186,12694,4:16:30,0,0.00,0,0.0200,0.0049,0.0000,0.0059,0,REST-S,2,6,5
4186,12695,4:17:00,0,0.00,0,0.0200,0.0049,0.0000,0.0059,0,REST-S,2,6,5
4186,12696,4:17:30,0,0.00,0,0.0200,0.0049,0.0000,0.0059,0,REST-S,2,6,5
4186,12697,4:18:00,0,0.00,0,0.0200,0.0049,0.0000,0.0059,1,REST-S,2,6,5
4186,12698,4:18:30,0,0.00,0,0.0200,0.0049,0.0000,0.0059,1,REST-S,2,6,5
4186,12699,4:19:00,0,118.00,0,0.0200,0.0049,0.0000,0.0059,1,REST-S,2,6,5
4186,12700,4:19:30,0,405.00,0,0.0200,0.0049,0.0000,0.0059,1,REST-S,2,6,5
4186,12701,4:20:00,0,577.00,0,0.0200,0.0049,0.0000,0.0059,1,REST-S,2,6,5
4186,12702,4:20:30,0,63.00,0,0.0200,0.0049,0.0000,0.0059,1,REST-S,2,6,5
4186,12703,4:21:00,0,1.00,0,0.0200,0.0049,0.0000,0.0059,1,REST-S,2,6,5
4186,12704,4:21:30,0,0.00,0,0.0200,0.0049,0.0000,0.0059,1,REST-S,2,6,5
4186,12705,4:22:00,0,0.00,0,0.0200,0.0049,0.0000,0.0059,0,REST-S,2,6,5
4186,12706,4:22:30,0,0.00,0,0.0200,0.0049,0.0000,0.0059,0,REST-S,2,6,5
4186,12707,4:23:00,0,0.00,0,0.0200,0.0049,0.0000,0.0059,0,REST-S,2,6,5
4186,12708,4:23:30,0,0.00,0,0.0200,0.0049,0.0000,0.0059,0,REST-S,2,6,5
4186,12709,4:24:00,0,0.00,0,0.0200,0.0049,0.0000,0.0059,0,REST-S,2,6,5
4186,12710,4:24:30,0,0.00,0,0.0200,0.0049,0.0000,0.0059,0,REST-S,2,6,5
4186,12711,4:25:00,0,0.00,0,0.0200,0.0049,0.0000,0.0059,0,REST-S,2,6,5
4186,12712,4:25:30,0,0.00,0,0.0200,0.0049,0.0000,0.0059,0,REST-S,2,6,5
4186,12713,4:26:00,0,0.00,0,0.0200,0.0049,0.0000,0.0059,0,REST-S,2,6,5
4186,12714,4:26:30,0,0.00,0,0.0200,0.0049,0.0000,0.0059,0,REST-S,2,6,5
4186,12715,4:27:00,0,0.00,0,0.0200,0.0049,0.0000,0.0059,0,REST-S,2,6,5
4186,12716,4:27:30,0,0.00,0,0.0200,0.0049,0.0000,0.0059,0,REST-S,2,6,5
4186,12717,4:28:00,0,0.00,0,0.0200,0.0049,0.0000,0.0059,0,REST-S,2,6,5
4186,12718,4:28:30,0,0.00,0,0.0200,0.0049,0.0000,0.0059,0,REST-S,2,6,5
4186,12719,4:29:00,0,0.00,0,0.0200,0.0049,0.0000,0.0059,0,REST-S,2,6,5
4186,12720,4:29:30,0,0.00,0,0.0200,0.0049,0.0000,0.0059,0,REST-S,2,6,5
4186,12721,4:30:00,0,0.00,0,0.0200,0.0049,0.0000,0.0059,0,REST-S,2,6,5
4186,12722,4:30:30,0,1.00,0,0.0200,0.0049,0.0000,0.0059,0,REST-S,2,6,5
4186,12723,4:31:00,0,0.00,0,0.0200,0.0049,0.0000,0.0059,0,REST-S,2,6,5
4186,12724,4:31:30,0,0.00,0,0.0200,0.0049,0.0000,0.0059,0,REST-S,2,6,5
4186,12725,4:32:00,0,0.00,0,0.0200,0.0049,0.0000,0.0059,0,REST-S,2,6,5
4186,12726,4:32:30,0,0.00,0,0.0200,0.0049,0.0000,0.0059,0,REST-S,2,6,5
4186,12727,4:33:00,0,0.00,0,0.0200,0.0049,0.0000,0.0059,0,REST-S,2,6,5
4186,12728,4:33:30,0,0.00,0,0.1700,0.0042,0.0173,0.0059,0,REST-S,2,6,5
4186,12729,4:34:00,0,0.00,0,0.0200,0.0049,0.0000,0.0059,0,REST-S,2,6,5
4186,12730,4:34:30,0,0.00,0,0.0200,0.0049,0.0000,0.0059,0,REST-S,2,6,5
4186,12731,4:35:00,0,0.00,0,0.0200,0.0049,0.0000,0.0059,0,REST-S,2,6,5
4186,12732,4:35:30,0,0.00,0,0.0200,0.0049,0.0000,0.0059,0,REST-S,2,6,5
4186,12733,4:36:00,0,0.00,0,0.1800,0.0085,0.0173,0.0059,0,REST-S,2,6,5
4186,12734,4:36:30,0,0.00,0,0.1700,0.0042,0.0173,0.0059,0,REST-S,2,6,5
4186,12735,4:37:00,0,198.00,0,0.1700,0.0042,0.0173,0.0059,1,REST-S,2,6,5
4186,12736,4:37:30,0,0.00,0,0.1700,0.0042,0.0173,0.0059,1,REST-S,2,6,5
4186,12737,4:38:00,0,3.00,0,0.1700,0.0042,0.0173,0.0059,1,REST-S,2,6,5
4186,12738,4:38:30,0,0.00,0,0.0200,0.0049,0.0000,0.0059,0,REST-S,2,6,5
4186,12739,4:39:00,0,2.00,0,0.0200,0.0049,0.0000,0.0059,0,REST-S,2,6,5
4186,12740,4:39:30,0,0.00,0,0.0200,0.0049,0.0000,0.0059,0,REST-S,2,6,5
4186,12741,4:40:00,0,10.00,0,0.0200,0.0049,0.0000,0.0059,0,REST-S,2,6,5
4186,12742,4:40:30,0,0.00,0,0.1700,0.0042,0.0173,0.0059,0,REST-S,2,6,5
4186,12743,4:41:00,0,0.00,0,0.0200,0.0049,0.0000,0.0059,0,REST-S,2,6,5
4186,12744,4:41:30,0,12.00,0,0.0200,0.0049,0.0000,0.0059,0,REST-S,2,6,5
4186,12745,4:42:00,0,0.00,0,0.0200,0.0049,0.0000,0.0059,0,REST-S,2,6,5
4186,12746,4:42:30,0,0.00,0,0.0200,0.0049,0.0000,0.0059,0,REST-S,2,6,5
4186,12747,4:43:00,0,49.00,0,0.0200,0.0049,0.0000,0.0059,1,REST-S,2,6,5
4186,12748,4:43:30,0,0.00,0,0.0200,0.0049,0.0000,0.0059,0,REST-S,2,6,5
4186,12749,4:44:00,0,0.00,0,0.0200,0.0049,0.0000,0.0059,0,REST-S,2,6,5
4186,12750,4:44:30,0,79.00,0,0.0200,0.0049,0.0000,0.0059,1,REST-S,2,6,5
4186,12751,4:45:00,0,0.00,0,0.0200,0.0049,0.0000,0.0059,0,REST-S,2,6,5
4186,12752,4:45:30,0,0.00,0,0.0200,0.0049,0.0000,0.0059,0,REST-S,2,6,5
4186,12753,4:46:00,0,0.00,0,0.0200,0.0049,0.0000,0.0059,0,REST-S,2,6,5
4186,12754,4:46:30,0,0.00,0,0.1700,0.0042,0.0173,0.0059,0,REST-S,2,6,5
4186,12755,4:47:00,0,0.00,0,0.0200,0.0049,0.0000,0.0059,0,REST-S,2,6,5
4186,12756,4:47:30,0,0.00,0,0.0200,0.0049,0.0000,0.0059,0,REST-S,2,6,5
4186,12757,4:48:00,0,18.00,0,0.0200,0.0049,0.0000,0.0059,0,REST-S,2,6,5
4186,12758,4:48:30,0,0.00,0,0.0200,0.0049,0.0000,0.0059,0,REST-S,2,6,5
4186,12759,4:49:00,0,0.00,0,0.0200,0.0049,0.0000,0.0059,0,REST-S,2,6,5
4186,12760,4:49:30,0,0.00,0,0.0200,0.0049,0.0000,0.0059,0,REST-S,2,6,5
4186,12761,4:50:00,0,0.00,0,0.1700,0.0042,0.0173,0.0059,0,REST-S,2,6,5
4186,12762,4:50:30,0,0.00,0,0.0200,0.0049,0.0000,0.0059,0,REST-S,2,6,5
4186,12763,4:51:00,0,0.00,0,0.0200,0.0049,0.0000,0.0059,0,REST-S,2,6,5
4186,12764,4:51:30,0,0.00,0,0.0200,0.0049,0.0000,0.0059,0,REST-S,2,6,5
4186,12765,4:52:00,0,0.00,0,0.0200,0.0049,0.0000,0.0059,0,REST-S,2,6,5
4186,12766,4:52:30,0,0.00,0,0.0200,0.0049,0.0000,0.0059,0,REST-S,2,6,5
4186,12767,4:53:00,0,0.00,0,0.0200,0.0049,0.0000,0.0059,0,REST-S,2,6,5
4186,12768,4:53:30,0,0.00,0,0.0200,0.0049,0.0000,0.0059,0,REST-S,2,6,5
4186,12769,4:54:00,0,0.00,0,0.0200,0.0049,0.0000,0.0059,0,REST-S,2,6,5
4186,12770,4:54:30,0,0.00,0,0.0200,0.0049,0.0000,0.0059,0,REST-S,2,6,5
4186,12771,4:55:00,0,0.00,0,0.0200,0.0049,0.0000,0.0059,0,REST-S,2,6,5
4186,12772,4:55:30,0,0.00,0,0.0200,0.0049,0.0000,0.0059,0,REST-S,2,6,5
4186,12773,4:56:00,0,0.00,0,0.0200,0.0049,0.0000,0.0059,0,REST-S,2,6,5
4186,12774,4:56:30,0,0.00,0,0.0200,0.0049,0.0000,0.0059,0,REST-S,2,6,5
4186,12775,4:57:00,0,0.00,0,0.0200,0.0049,0.0000,0.0059,0,REST-S,2,6,5
4186,12776,4:57:30,0,0.00,0,0.0200,0.0049,0.0000,0.0059,0,REST-S,2,6,5
4186,12777,4:58:00,0,0.00,0,0.0200,0.0049,0.0000,0.0059,0,REST-S,2,6,5
4186,12778,4:58:30,0,0.00,0,0.0200,0.0049,0.0000,0.0059,0,REST-S,2,6,5
4186,12779,4:59:00,0,0.00,0,0.0200,0.0049,0.0000,0.0059,0,REST-S,2,6,5
4186,12780,4:59:30,0,6.00,0,0.0200,0.0049,0.0000,0.0059,0,REST-S,2,6,5
4186,12781,5:00:00,0,0.00,0,0.0200,0.0049,0.0000,0.0059,1,REST-S,2,6,5
4186,12782,5:00:30,0,22.00,0,0.0200,0.0049,0.0000,0.0059,1,REST-S,2,6,5
4186,12783,5:01:00,0,184.00,0,0.0200,0.0049,0.0000,0.0059,1,REST-S,2,6,5
4186,12784,5:01:30,0,0.00,0,0.0200,0.0049,0.0000,0.0059,1,REST-S,2,6,5
4186,12785,5:02:00,0,0.00,0,0.0200,0.0049,0.0000,0.0059,0,REST-S,2,6,5
4186,12786,5:02:30,0,0.00,0,0.0200,0.0049,0.0000,0.0059,0,REST-S,2,6,5
4186,12787,5:03:00,0,0.00,0,0.0200,0.0049,0.0000,0.0059,0,REST-S,2,6,5
4186,12788,5:03:30,0,0.00,0,0.0200,0.0049,0.0000,0.0059,0,REST-S,2,6,5
4186,12789,5:04:00,0,0.00,0,0.0200,0.0049,0.0000,0.0059,0,REST-S,2,6,5
4186,12790,5:04:30,0,0.00,0,0.0200,0.0049,0.0000,0.0059,0,REST-S,2,6,5
4186,12791,5:05:00,0,0.00,0,0.0200,0.0049,0.0000,0.0059,0,REST-S,2,6,5
4186,12792,5:05:30,0,0.00,0,0.0200,0.0049,0.0000,0.0059,0,REST-S,2,6,5
4186,12793,5:06:00,0,0.00,0,0.0200,0.0049,0.0000,0.0059,0,REST-S,2,6,5
4186,12794,5:06:30,0,0.00,0,0.0200,0.0049,0.0000,0.0059,0,REST-S,2,6,5
4186,12795,5:07:00,0,0.00,0,0.0200,0.0049,0.0000,0.0059,0,REST-S,2,6,5
4186,12796,5:07:30,0,0.00,0,0.0200,0.0049,0.0000,0.0059,0,REST-S,2,6,5
4186,12797,5:08:00,0,0.00,0,0.0200,0.0049,0.0000,0.0059,0,REST-S,2,6,5
4186,12798,5:08:30,0,0.00,0,0.0200,0.0049,0.0000,0.0059,0,REST-S,2,6,5
4186,12799,5:09:00,0,0.00,0,0.0200,0.0049,0.0000,0.0059,0,REST-S,2,6,5
4186,12800,5:09:30,0,0.00,0,0.0200,0.0049,0.0000,0.0059,0,REST-S,2,6,5
4186,12801,5:10:00,0,0.00,0,0.0200,0.0049,0.0000,0.0059,0,REST-S,2,6,5
4186,12802,5:10:30,0,0.00,0,0.0200,0.0049,0.0000,0.0059,0,REST-S,2,6,5
4186,12803,5:11:00,0,0.00,0,0.0200,0.0049,0.0000,0.0059,0,REST-S,2,6,5
4186,12804,5:11:30,0,0.00,0,0.0200,0.0049,0.0000,0.0059,0,REST-S,2,6,5
4186,12805,5:12:00,0,70.00,0,0.0200,0.0049,0.0000,0.0059,1,REST-S,2,6,5
4186,12806,5:12:30,0,95.00,0,0.0200,0.0049,0.0000,0.0059,1,REST-S,2,6,5
4186,12807,5:13:00,0,0.00,0,0.0200,0.0049,0.0000,0.0059,0,REST-S,2,6,5
4186,12808,5:13:30,0,0.00,0,0.0200,0.0049,0.0000,0.0059,0,REST-S,2,6,5
4186,12809,5:14:00,0,0.00,0,0.0200,0.0049,0.0000,0.0059,0,REST-S,2,6,5
4186,12810,5:14:30,0,0.00,0,0.0200,0.0049,0.0000,0.0059,0,REST-S,2,6,5
4186,12811,5:15:00,0,0.00,0,0.0200,0.0049,0.0000,0.0059,0,REST-S,2,6,5
4186,12812,5:15:30,0,0.00,0,0.0200,0.0049,0.0000,0.0059,0,REST-S,2,6,5
4186,12813,5:16:00,0,0.00,0,0.0200,0.0049,0.0000,0.0059,0,REST-S,2,6,5
4186,12814,5:16:30,0,0.00,0,0.0200,0.0049,0.0000,0.0059,0,REST-S,2,6,5
4186,12815,5:17:00,0,0.00,0,0.0200,0.0049,0.0000,0.0059,0,REST-S,2,6,5
4186,12816,5:17:30,0,0.00,0,0.0200,0.0049,0.0000,0.0059,0,REST-S,2,6,5
4186,12817,5:18:00,0,0.00,0,0.0200,0.0049,0.0000,0.0059,0,REST-S,2,6,5
4186,12818,5:18:30,0,0.00,0,0.0200,0.0049,0.0000,0.0059,0,REST-S,2,6,5
4186,12819,5:19:00,0,0.00,0,0.0200,0.0049,0.0000,0.0059,0,REST-S,2,6,5
4186,12820,5:19:30,0,0.00,0,0.0200,0.0049,0.0000,0.0059,0,REST-S,2,6,5
4186,12821,5:20:00,0,0.00,0,0.0200,0.0049,0.0000,0.0059,0,REST-S,2,6,5
4186,12822,5:20:30,0,0.00,0,0.0200,0.0049,0.0000,0.0059,0,REST-S,2,6,5
4186,12823,5:21:00,0,0.00,0,0.0200,0.0049,0.0000,0.0059,0,REST-S,2,6,5
4186,12824,5:21:30,0,0.00,0,0.0200,0.0049,0.0000,0.0059,0,REST-S,2,6,5
4186,12825,5:22:00,0,0.00,0,0.0200,0.0049,0.0000,0.0059,0,REST-S,2,6,5
4186,12826,5:22:30,0,0.00,0,0.0200,0.0049,0.0000,0.0059,0,REST-S,2,6,5
4186,12827,5:23:00,0,0.00,0,0.0200,0.0049,0.0000,0.0059,0,REST-S,2,6,5
4186,12828,5:23:30,0,0.00,0,0.1700,0.0042,0.0173,0.0059,0,REST-S,2,6,5
4186,12829,5:24:00,0,6.00,0,0.1700,0.0042,0.0173,0.0059,0,REST-S,2,6,5
4186,12830,5:24:30,0,0.00,0,0.0200,0.0049,0.0000,0.0059,0,REST-S,2,6,5
4186,12831,5:25:00,0,0.00,0,0.1800,0.0085,0.0173,0.0059,0,REST-S,2,6,5
4186,12832,5:25:30,0,0.00,0,0.1800,0.0085,0.0173,0.0059,0,REST-S,2,6,5
4186,12833,5:26:00,0,0.00,0,0.0300,0.0099,0.0000,0.0059,0,REST-S,2,6,5
4186,12834,5:26:30,0,0.00,0,0.0200,0.0049,0.0000,0.0059,0,REST-S,2,6,5
4186,12835,5:27:00,0,1.00,0,0.1700,0.0042,0.0173,0.0059,0,REST-S,2,6,5
4186,12836,5:27:30,0,0.00,0,0.0200,0.0049,0.0000,0.0059,0,REST-S,2,6,5
4186,12837,5:28:00,0,0.00,0,0.1700,0.0042,0.0173,0.0059,0,REST-S,2,6,5
4186,12838,5:28:30,0,0.00,0,0.0200,0.0049,0.0000,0.0059,0,REST-S,2,6,5
4186,12839,5:29:00,0,0.00,0,0.0200,0.0049,0.0000,0.0059,0,REST-S,2,6,5
4186,12840,5:29:30,0,0.00,0,0.0200,0.0049,0.0000,0.0059,0,REST-S,2,6,5
4186,12841,5:30:00,0,0.00,0,0.0200,0.0049,0.0000,0.0059,0,REST-S,2,6,5
4186,12842,5:30:30,0,1.00,0,0.0200,0.0049,0.0000,0.0059,0,REST-S,2,6,5
4186,12843,5:31:00,0,0.00,0,0.1700,0.0042,0.0173,0.0059,0,REST-S,2,6,5
4186,12844,5:31:30,0,0.00,0,0.0200,0.0049,0.0000,0.0059,0,REST-S,2,6,5
4186,12845,5:32:00,0,0.00,0,0.0200,0.0049,0.0000,0.0059,0,REST-S,2,6,5
4186,12846,5:32:30,0,0.00,0,0.0200,0.0049,0.0000,0.0059,0,REST-S,2,6,5
4186,12847,5:33:00,0,0.00,0,0.0200,0.0049,0.0000,0.0059,0,REST-S,2,6,5
4186,12848,5:33:30,0,0.00,0,0.0200,0.0049,0.0000,0.0059,0,REST-S,2,6,5
4186,12849,5:34:00,0,0.00,0,0.0200,0.0049,0.0000,0.0059,0,REST-S,2,6,5
4186,12850,5:34:30,0,0.00,0,0.0200,0.0049,0.0000,0.0059,0,REST-S,2,6,5
4186,12851,5:35:00,0,0.00,0,0.1700,0.0042,0.0173,0.0059,0,REST-S,2,6,5
4186,12852,5:35:30,0,0.00,0,0.0200,0.0049,0.0000,0.0059,0,REST-S,2,6,5
4186,12853,5:36:00,0,0.00,0,0.0200,0.0049,0.0000,0.0059,0,REST-S,2,6,5
4186,12854,5:36:30,0,0.00,0,0.0200,0.0049,0.0000,0.0059,0,REST-S,2,6,5
4186,12855,5:37:00,0,0.00,0,0.1700,0.0042,0.0173,0.0059,0,REST-S,2,6,5
4186,12856,5:37:30,0,0.00,0,0.0200,0.0049,0.0000,0.0059,0,REST-S,2,6,5
4186,12857,5:38:00,0,0.00,0,0.0200,0.0049,0.0000,0.0059,0,REST-S,2,6,5
4186,12858,5:38:30,0,0.00,0,0.0200,0.0049,0.0000,0.0059,0,REST-S,2,6,5
4186,12859,5:39:00,0,0.00,0,0.1700,0.0042,0.0173,0.0059,0,REST-S,2,6,5
4186,12860,5:39:30,0,0.00,0,0.0200,0.0049,0.0000,0.0059,0,REST-S,2,6,5
4186,12861,5:40:00,0,1.00,0,0.0200,0.0049,0.0000,0.0059,0,REST-S,2,6,5
4186,12862,5:40:30,0,0.00,0,0.1700,0.0042,0.0173,0.0059,0,REST-S,2,6,5
4186,12863,5:41:00,0,0.00,0,0.0200,0.0049,0.0000,0.0059,0,REST-S,2,6,5
4186,12864,5:41:30,0,0.00,0,0.1700,0.0042,0.0173,0.0059,0,REST-S,2,6,5
4186,12865,5:42:00,0,0.00,0,0.0200,0.0049,0.0000,0.0059,0,REST-S,2,6,5
4186,12866,5:42:30,0,0.00,0,0.0200,0.0049,0.0000,0.0059,0,REST-S,2,6,5
4186,12867,5:43:00,0,0.00,0,0.1700,0.0042,0.0173,0.0059,0,REST-S,2,6,5
4186,12868,5:43:30,0,0.00,0,0.0200,0.0049,0.0000,0.0059,0,REST-S,2,6,5
4186,12869,5:44:00,0,0.00,0,0.0200,0.0049,0.0000,0.0059,0,REST-S,2,6,5
4186,12870,5:44:30,0,0.00,0,0.0200,0.0049,0.0000,0.0059,0,REST-S,2,6,5
4186,12871,5:45:00,0,0.00,0,0.0200,0.0049,0.0000,0.0059,0,REST-S,2,6,5
4186,12872,5:45:30,0,0.00,0,0.0200,0.0049,0.0000,0.0059,0,REST-S,2,6,5
4186,12873,5:46:00,0,0.00,0,0.0200,0.0049,0.0000,0.0059,0,REST-S,2,6,5
4186,12874,5:46:30,0,0.00,0,0.0200,0.0049,0.0000,0.0059,0,REST-S,2,6,5
4186,12875,5:47:00,0,0.00,0,0.0200,0.0049,0.0000,0.0059,0,REST-S,2,6,5
4186,12876,5:47:30,0,0.00,0,0.1700,0.0042,0.0173,0.0059,0,REST-S,2,6,5
4186,12877,5:48:00,0,1.00,0,0.0200,0.0049,0.0000,0.0059,0,REST-S,2,6,5
4186,12878,5:48:30,0,136.00,0,0.1700,0.0042,0.0173,0.0059,1,REST-S,2,6,5
4186,12879,5:49:00,0,0.00,0,0.0200,0.0049,0.0000,0.0059,0,REST-S,2,6,5
4186,12880,5:49:30,0,0.00,0,0.0200,0.0049,0.0000,0.0059,0,REST-S,2,6,5
4186,12881,5:50:00,0,0.00,0,0.0200,0.0049,0.0000,0.0059,0,REST-S,2,6,5
4186,12882,5:50:30,0,0.00,0,0.1700,0.0042,0.0173,0.0059,0,REST-S,2,6,5
4186,12883,5:51:00,0,0.00,0,0.0200,0.0049,0.0000,0.0059,0,REST-S,2,6,5
4186,12884,5:51:30,0,0.00,0,0.0200,0.0049,0.0000,0.0059,0,REST-S,2,6,5
4186,12885,5:52:00,0,0.00,0,0.1700,0.0042,0.0173,0.0059,0,REST-S,2,6,5
4186,12886,5:52:30,0,0.00,0,0.0200,0.0049,0.0000,0.0059,0,REST-S,2,6,5
4186,12887,5:53:00,0,0.00,0,0.1700,0.0042,0.0173,0.0059,0,REST-S,2,6,5
4186,12888,5:53:30,0,0.00,0,0.0200,0.0049,0.0000,0.0059,0,REST-S,2,6,5
4186,12889,5:54:00,0,0.00,0,0.1700,0.0042,0.0173,0.0059,0,REST-S,2,6,5
4186,12890,5:54:30,0,0.00,0,0.1700,0.0042,0.0173,0.0059,0,REST-S,2,6,5
4186,12891,5:55:00,0,0.00,0,0.0200,0.0049,0.0000,0.0059,0,REST-S,2,6,5
4186,12892,5:55:30,0,0.00,0,0.1700,0.0042,0.0173,0.0059,0,REST-S,2,6,5
4186,12893,5:56:00,0,0.00,0,0.0200,0.0049,0.0000,0.0059,0,REST-S,2,6,5
4186,12894,5:56:30,0,0.00,0,0.0200,0.0049,0.0000,0.0059,0,REST-S,2,6,5
4186,12895,5:57:00,0,0.00,0,0.0200,0.0049,0.0000,0.0059,0,REST-S,2,6,5
4186,12896,5:57:30,0,0.00,0,0.1700,0.0042,0.0173,0.0059,0,REST-S,2,6,5
4186,12897,5:58:00,0,0.00,0,0.0200,0.0049,0.0000,0.0059,0,REST-S,2,6,5
4186,12898,5:58:30,0,0.00,0,0.0200,0.0049,0.0000,0.0059,0,REST-S,2,6,5
4186,12899,5:59:00,0,0.00,0,0.0200,0.0049,0.0000,0.0059,0,REST-S,2,6,5
4186,12900,5:59:30,0,0.00,0,0.0200,0.0049,0.0000,0.0059,0,REST-S,2,6,5
4186,12901,6:00:00,0,0.00,0,0.0200,0.0049,0.0000,0.0059,0,REST-S,2,6,5
4186,12902,6:00:30,0,0.00,0,0.0200,0.0049,0.0000,0.0059,0,REST-S,2,6,5
4186,12903,6:01:00,0,0.00,0,0.1700,0.0042,0.0173,0.0059,0,REST-S,2,6,5
4186,12904,6:01:30,0,0.00,0,0.0200,0.0049,0.0000,0.0059,0,REST-S,2,6,5
4186,12905,6:02:00,0,0.00,0,0.1700,0.0042,0.0173,0.0059,0,REST-S,2,6,5
4186,12906,6:02:30,0,0.00,0,0.0200,0.0049,0.0000,0.0059,0,REST-S,2,6,5
4186,12907,6:03:00,0,0.00,0,0.1700,0.0042,0.0173,0.0059,0,REST-S,2,6,5
4186,12908,6:03:30,0,0.00,0,0.1700,0.0042,0.0173,0.0059,0,REST-S,2,6,5
4186,12909,6:04:00,0,0.00,0,0.0200,0.0049,0.0000,0.0059,0,REST-S,2,6,5
4186,12910,6:04:30,0,0.00,0,0.1700,0.0042,0.0173,0.0059,0,REST-S,2,6,5
4186,12911,6:05:00,0,0.00,0,0.0200,0.0049,0.0000,0.0059,0,REST-S,2,6,5
4186,12912,6:05:30,0,0.00,0,0.0200,0.0049,0.0000,0.0059,0,REST-S,2,6,5
4186,12913,6:06:00,0,0.00,0,0.1700,0.0042,0.0173,0.0059,0,REST-S,2,6,5
4186,12914,6:06:30,0,0.00,0,0.0200,0.0049,0.0000,0.0059,0,REST-S,2,6,5
4186,12915,6:07:00,0,0.00,0,0.1700,0.0042,0.0173,0.0059,0,REST-S,2,6,5
4186,12916,6:07:30,0,0.00,0,0.1700,0.0042,0.0173,0.0059,0,REST-S,2,6,5
4186,12917,6:08:00,0,0.00,0,0.0200,0.0049,0.0000,0.0059,0,REST-S,2,6,5
4186,12918,6:08:30,0,0.00,0,0.1700,0.0042,0.0173,0.0059,0,REST-S,2,6,5
4186,12919,6:09:00,0,0.00,0,0.0200,0.0049,0.0000,0.0059,0,REST-S,2,6,5
4186,12920,6:09:30,0,0.00,0,0.0200,0.0049,0.0000,0.0059,0,REST-S,2,6,5
4186,12921,6:10:00,0,0.00,0,0.1700,0.0042,0.0173,0.0059,0,REST-S,2,6,5
4186,12922,6:10:30,0,0.00,0,0.0200,0.0049,0.0000,0.0059,0,REST-S,2,6,5
4186,12923,6:11:00,0,0.00,0,0.0200,0.0049,0.0000,0.0059,0,REST-S,2,6,5
4186,12924,6:11:30,0,0.00,0,0.1700,0.0042,0.0173,0.0059,0,REST-S,2,6,5
4186,12925,6:12:00,0,0.00,0,0.0200,0.0049,0.0000,0.0059,0,REST-S,2,6,5
4186,12926,6:12:30,0,0.00,0,0.1700,0.0042,0.0173,0.0059,0,REST-S,2,6,5
4186,12927,6:13:00,0,0.00,0,0.1700,0.0042,0.0173,0.0059,0,REST-S,2,6,5
4186,12928,6:13:30,0,0.00,0,0.1700,0.0042,0.0173,0.0059,0,REST-S,2,6,5
4186,12929,6:14:00,0,0.00,0,0.1700,0.0042,0.0173,0.0059,0,REST-S,2,6,5
4186,12930,6:14:30,0,0.00,0,0.1700,0.0042,0.0173,0.0059,0,REST-S,2,6,5
4186,12931,6:15:00,0,0.00,0,0.1700,0.0042,0.0173,0.0059,0,REST-S,2,6,5
4186,12932,6:15:30,0,0.00,0,0.0200,0.0049,0.0000,0.0059,0,REST-S,2,6,5
4186,12933,6:16:00,0,0.00,0,0.1700,0.0042,0.0173,0.0059,0,REST-S,2,6,5
4186,12934,6:16:30,0,0.00,0,0.0200,0.0049,0.0000,0.0059,0,REST-S,2,6,5
4186,12935,6:17:00,0,0.00,0,0.0200,0.0049,0.0000,0.0059,0,REST-S,2,6,5
4186,12936,6:17:30,0,0.00,0,0.1700,0.0042,0.0173,0.0059,0,REST-S,2,6,5
4186,12937,6:18:00,0,0.00,0,0.0200,0.0049,0.0000,0.0059,0,REST-S,2,6,5
4186,12938,6:18:30,0,0.00,0,0.1700,0.0042,0.0173,0.0059,0,REST-S,2,6,5
4186,12939,6:19:00,0,0.00,0,0.1700,0.0042,0.0173,0.0059,0,REST-S,2,6,5
4186,12940,6:19:30,0,0.00,0,0.1700,0.0042,0.0173,0.0059,0,REST-S,2,6,5
4186,12941,6:20:00,0,0.00,0,0.1700,0.0042,0.0173,0.0059,0,REST-S,2,6,5
4186,12942,6:20:30,0,0.00,0,0.0200,0.0049,0.0000,0.0059,0,REST-S,2,6,5
4186,12943,6:21:00,0,0.00,0,0.1700,0.0042,0.0173,0.0059,0,REST-S,2,6,5
4186,12944,6:21:30,0,0.00,0,0.0200,0.0049,0.0000,0.0059,0,REST-S,2,6,5
4186,12945,6:22:00,0,0.00,0,0.0200,0.0049,0.0000,0.0059,0,REST-S,2,6,5
4186,12946,6:22:30,0,0.00,0,0.1700,0.0042,0.0173,0.0059,0,REST-S,2,6,5
4186,12947,6:23:00,0,0.00,0,0.1700,0.0042,0.0173,0.0059,0,REST-S,2,6,5
4186,12948,6:23:30,0,0.00,0,0.1700,0.0042,0.0173,0.0059,0,REST-S,2,6,5
4186,12949,6:24:00,0,0.00,0,0.1700,0.0042,0.0173,0.0059,0,REST-S,2,6,5
4186,12950,6:24:30,0,0.00,0,0.1700,0.0042,0.0173,0.0059,0,REST-S,2,6,5
4186,12951,6:25:00,0,0.00,0,0.1700,0.0042,0.0173,0.0059,0,REST-S,2,6,5
4186,12952,6:25:30,0,0.00,0,0.0200,0.0049,0.0000,0.0059,0,REST-S,2,6,5
4186,12953,6:26:00,0,0.00,0,0.0200,0.0049,0.0000,0.0059,0,REST-S,2,6,5
4186,12954,6:26:30,0,0.00,0,0.0200,0.0049,0.0000,0.0059,0,REST-S,2,6,5
4186,12955,6:27:00,0,0.00,0,0.1700,0.0042,0.0173,0.0059,0,REST-S,2,6,5
4186,12956,6:27:30,0,0.00,0,0.1700,0.0042,0.0173,0.0059,0,REST-S,2,6,5
4186,12957,6:28:00,0,0.00,0,0.0200,0.0049,0.0000,0.0059,0,REST-S,2,6,5
4186,12958,6:28:30,0,0.00,0,0.0200,0.0049,0.0000,0.0059,0,REST-S,2,6,5
4186,12959,6:29:00,0,0.00,0,0.1700,0.0042,0.0173,0.0059,0,REST-S,2,6,5
4186,12960,6:29:30,0,0.00,0,0.1700,0.0042,0.0173,0.0059,0,REST-S,2,6,5
4186,12961,6:30:00,0,0.00,0,0.1700,0.0042,0.0173,0.0059,0,REST-S,2,6,5
4186,12962,6:30:30,0,1.00,0,0.1700,0.0042,0.0173,0.0059,0,REST-S,2,6,5
4186,12963,6:31:00,0,0.00,0,0.1700,0.0042,0.0173,0.0059,0,REST-S,2,6,5
4186,12964,6:31:30,0,0.00,0,0.0200,0.0049,0.0000,0.0059,0,REST-S,2,6,5
4186,12965,6:32:00,0,0.00,0,0.0200,0.0049,0.0000,0.0059,0,REST-S,2,6,5
4186,12966,6:32:30,0,0.00,0,0.0300,0.0099,0.0000,0.0059,0,REST-S,2,6,5
4186,12967,6:33:00,0,0.00,0,0.1800,0.0085,0.0173,0.0059,0,REST-S,2,6,5
4186,12968,6:33:30,0,0.00,0,0.1800,0.0085,0.0173,0.0059,0,REST-S,2,6,5
4186,12969,6:34:00,0,0.00,0,0.0200,0.0049,0.0000,0.0059,0,REST-S,2,6,5
4186,12970,6:34:30,0,0.00,0,0.1700,0.0042,0.0173,0.0059,0,REST-S,2,6,5
4186,12971,6:35:00,0,0.00,0,0.1700,0.0042,0.0173,0.0059,0,REST-S,2,6,5
4186,12972,6:35:30,0,0.00,0,0.1700,0.0042,0.0173,0.0059,0,REST-S,2,6,5
4186,12973,6:36:00,0,156.00,0,0.0300,0.0099,0.0000,0.0059,1,REST-S,2,6,5
4186,12974,6:36:30,0,0.00,0,0.0200,0.0049,0.0000,0.0059,0,REST-S,2,6,5
4186,12975,6:37:00,0,0.00,0,0.1700,0.0042,0.0173,0.0059,0,REST-S,2,6,5
4186,12976,6:37:30,0,0.00,0,0.0200,0.0049,0.0000,0.0059,0,REST-S,2,6,5
4186,12977,6:38:00,0,0.00,0,0.1700,0.0042,0.0173,0.0059,0,REST-S,2,6,5
4186,12978,6:38:30,0,0.00,0,0.0200,0.0049,0.0000,0.0059,0,REST-S,2,6,5
4186,12979,6:39:00,0,0.00,0,0.0200,0.0049,0.0000,0.0059,0,REST-S,2,6,5
4186,12980,6:39:30,0,0.00,0,0.0200,0.0049,0.0000,0.0059,0,REST-S,2,6,5
4186,12981,6:40:00,0,0.00,0,0.0200,0.0049,0.0000,0.0059,0,REST-S,2,6,5
4186,12982,6:40:30,0,0.00,0,0.0200,0.0049,0.0000,0.0059,0,REST-S,2,6,5
4186,12983,6:41:00,0,173.00,0,0.0200,0.0049,0.0000,0.0059,1,REST-S,2,6,5
4186,12984,6:41:30,0,0.00,0,0.0200,0.0049,0.0000,0.0059,0,REST-S,2,6,5
4186,12985,6:42:00,0,0.00,0,0.0200,0.0049,0.0000,0.0059,0,REST-S,2,6,5
4186,12986,6:42:30,0,0.00,0,0.0200,0.0049,0.0000,0.0059,0,REST-S,2,6,5
4186,12987,6:43:00,0,0.00,0,0.0200,0.0049,0.0000,0.0059,0,REST-S,2,6,5
4186,12988,6:43:30,0,0.00,0,0.0300,0.0099,0.0000,0.0059,0,REST-S,2,6,5
4186,12989,6:44:00,0,0.00,0,0.0200,0.0049,0.0000,0.0059,0,REST-S,2,6,5
4186,12990,6:44:30,0,25.00,0,0.0200,0.0049,0.0000,0.0059,1,REST-S,2,6,5
4186,12991,6:45:00,0,0.00,0,0.0200,0.0049,0.0000,0.0059,0,REST-S,2,6,5
4186,12992,6:45:30,0,0.00,0,0.0200,0.0049,0.0000,0.0059,0,REST-S,2,6,5
4186,12993,6:46:00,0,0.00,0,0.0200,0.0049,0.0000,0.0059,1,REST-S,2,6,5
4186,12994,6:46:30,0,58.00,0,0.0100,0.0049,0.0000,0.0000,1,REST-S,2,6,5
4186,12995,6:47:00,0,241.00,0,0.0200,0.0049,0.0000,0.0059,1,REST-S,2,6,5
4186,12996,6:47:30,0,0.00,0,0.0200,0.0049,0.0000,0.0059,1,REST-S,2,6,5
4186,12997,6:48:00,0,0.00,0,0.0200,0.0049,0.0000,0.0059,1,REST-S,2,6,5
4186,12998,6:48:30,0,0.00,0,0.0200,0.0049,0.0000,0.0059,0,REST-S,2,6,5
4186,12999,6:49:00,0,0.00,0,0.0200,0.0049,0.0000,0.0059,0,REST-S,2,6,5
4186,13000,6:49:30,0,0.00,0,0.0200,0.0049,0.0000,0.0059,0,REST-S,2,6,5
4186,13001,6:50:00,0,0.00,0,0.0200,0.0049,0.0000,0.0059,0,REST-S,2,6,5
4186,13002,6:50:30,0,0.00,0,0.0200,0.0049,0.0000,0.0059,0,REST-S,2,6,5
4186,13003,6:51:00,0,0.00,0,0.0200,0.0049,0.0000,0.0059,0,REST-S,2,6,5
4186,13004,6:51:30,0,0.00,0,0.1700,0.0042,0.0173,0.0059,0,REST-S,2,6,5
4186,13005,6:52:00,0,0.00,0,0.0200,0.0049,0.0000,0.0059,0,REST-S,2,6,5
4186,13006,6:52:30,0,0.00,0,0.0200,0.0049,0.0000,0.0059,0,REST-S,2,6,5
4186,13007,6:53:00,0,0.00,0,0.0200,0.0049,0.0000,0.0059,0,REST-S,2,6,5
4186,13008,6:53:30,0,0.00,0,0.0200,0.0049,0.0000,0.0059,0,REST-S,2,6,5
4186,13009,6:54:00,0,0.00,0,0.0200,0.0049,0.0000,0.0059,0,REST-S,2,6,5
4186,13010,6:54:30,0,0.00,0,0.0200,0.0049,0.0000,0.0059,0,REST-S,2,6,5
4186,13011,6:55:00,0,0.00,0,0.0200,0.0049,0.0000,0.0059,0,REST-S,2,6,5
4186,13012,6:55:30,0,0.00,0,0.0200,0.0049,0.0000,0.0059,0,REST-S,2,6,5
4186,13013,6:56:00,0,0.00,0,0.0200,0.0049,0.0000,0.0059,0,REST-S,2,6,5
4186,13014,6:56:30,0,0.00,0,0.0200,0.0049,0.0000,0.0059,0,REST-S,2,6,5
4186,13015,6:57:00,0,0.00,0,0.0200,0.0049,0.0000,0.0059,0,REST-S,2,6,5
4186,13016,6:57:30,0,0.00,0,0.0200,0.0049,0.0000,0.0059,0,REST-S,2,6,5
4186,13017,6:58:00,0,0.00,0,0.0200,0.0049,0.0000,0.0059,0,REST-S,2,6,5
4186,13018,6:58:30,0,0.00,0,0.0200,0.0049,0.0000,0.0059,0,REST-S,2,6,5
4186,13019,6:59:00,0,0.00,0,0.0200,0.0049,0.0000,0.0059,0,REST-S,2,6,5
4186,13020,6:59:30,0,0.00,0,0.0200,0.0049,0.0000,0.0059,0,REST-S,2,6,5
4186,13021,7:00:00,0,0.00,0,0.0200,0.0049,0.0000,0.0059,0,REST-S,2,6,5
4186,13022,7:00:30,0,0.00,0,0.0200,0.0049,0.0000,0.0059,0,REST-S,2,6,5
4186,13023,7:01:00,0,0.00,0,0.0200,0.0049,0.0000,0.0059,0,REST-S,2,6,5
4186,13024,7:01:30,0,1.00,0,0.0200,0.0049,0.0000,0.0059,0,REST-S,2,6,5
4186,13025,7:02:00,0,0.00,0,0.0200,0.0049,0.0000,0.0059,0,REST-S,2,6,5
4186,13026,7:02:30,0,0.00,0,0.0200,0.0049,0.0000,0.0059,0,REST-S,2,6,5
4186,13027,7:03:00,0,0.00,0,0.0200,0.0049,0.0000,0.0059,0,REST-S,2,6,5
4186,13028,7:03:30,0,0.00,0,0.0200,0.0049,0.0000,0.0059,0,REST-S,2,6,5
4186,13029,7:04:00,0,0.00,0,0.0200,0.0049,0.0000,0.0059,0,REST-S,2,6,5
4186,13030,7:04:30,0,0.00,0,0.0200,0.0049,0.0000,0.0059,0,REST-S,2,6,5
4186,13031,7:05:00,0,0.00,0,0.0200,0.0049,0.0000,0.0059,0,REST-S,2,6,5
4186,13032,7:05:30,0,0.00,0,0.0200,0.0049,0.0000,0.0059,0,REST-S,2,6,5
4186,13033,7:06:00,0,0.00,0,0.0200,0.0049,0.0000,0.0059,0,REST-S,2,6,5
4186,13034,7:06:30,0,0.00,0,0.0200,0.0049,0.0000,0.0059,0,REST-S,2,6,5
4186,13035,7:07:00,0,0.00,0,0.0200,0.0049,0.0000,0.0059,0,REST-S,2,6,5
4186,13036,7:07:30,0,0.00,0,0.0200,0.0049,0.0000,0.0059,0,REST-S,2,6,5
4186,13037,7:08:00,0,0.00,0,0.0200,0.0049,0.0000,0.0059,0,REST-S,2,6,5
4186,13038,7:08:30,0,0.00,0,0.0200,0.0049,0.0000,0.0059,0,REST-S,2,6,5
4186,13039,7:09:00,0,0.00,0,0.0200,0.0049,0.0000,0.0059,0,REST-S,2,6,5
4186,13040,7:09:30,0,0.00,0,0.0200,0.0049,0.0000,0.0059,0,REST-S,2,6,5
4186,13041,7:10:00,0,0.00,0,0.0200,0.0049,0.0000,0.0059,0,REST-S,2,6,5
4186,13042,7:10:30,0,0.00,0,0.0200,0.0049,0.0000,0.0059,0,REST-S,2,6,5
4186,13043,7:11:00,0,0.00,0,0.0200,0.0049,0.0000,0.0059,0,REST-S,2,6,5
4186,13044,7:11:30,0,0.00,0,0.0200,0.0049,0.0000,0.0059,0,REST-S,2,6,5
4186,13045,7:12:00,0,0.00,0,0.0200,0.0049,0.0000,0.0059,0,REST-S,2,6,5
4186,13046,7:12:30,0,0.00,0,0.0200,0.0049,0.0000,0.0059,0,REST-S,2,6,5
4186,13047,7:13:00,0,0.00,0,0.0200,0.0049,0.0000,0.0059,0,REST-S,2,6,5
4186,13048,7:13:30,0,0.00,0,0.0200,0.0049,0.0000,0.0059,0,REST-S,2,6,5
4186,13049,7:14:00,0,0.00,0,0.0200,0.0049,0.0000,0.0059,0,REST-S,2,6,5
4186,13050,7:14:30,0,0.00,0,0.0200,0.0049,0.0000,0.0059,0,REST-S,2,6,5
4186,13051,7:15:00,0,0.00,0,0.0200,0.0049,0.0000,0.0059,0,REST-S,2,6,5
4186,13052,7:15:30,0,0.00,0,0.0200,0.0049,0.0000,0.0059,0,REST-S,2,6,5
4186,13053,7:16:00,0,0.00,0,0.0200,0.0049,0.0000,0.0059,0,REST-S,2,6,5
4186,13054,7:16:30,0,0.00,0,0.0200,0.0049,0.0000,0.0059,0,REST-S,2,6,5
4186,13055,7:17:00,0,0.00,0,0.0200,0.0049,0.0000,0.0059,0,REST-S,2,6,5
4186,13056,7:17:30,0,0.00,0,0.0200,0.0049,0.0000,0.0059,0,REST-S,2,6,5
4186,13057,7:18:00,0,0.00,0,0.0200,0.0049,0.0000,0.0059,0,REST-S,2,6,5
4186,13058,7:18:30,0,0.00,0,0.0200,0.0049,0.0000,0.0059,0,REST-S,2,6,5
4186,13059,7:19:00,0,0.00,0,0.0200,0.0049,0.0000,0.0059,0,REST-S,2,6,5
4186,13060,7:19:30,0,0.00,0,0.0200,0.0049,0.0000,0.0059,0,REST-S,2,6,5
4186,13061,7:20:00,0,0.00,0,0.0200,0.0049,0.0000,0.0059,0,REST-S,2,6,5
4186,13062,7:20:30,0,0.00,0,0.0200,0.0049,0.0000,0.0059,0,REST-S,2,6,5
4186,13063,7:21:00,0,0.00,0,0.0200,0.0049,0.0000,0.0059,0,REST-S,2,6,5
4186,13064,7:21:30,0,0.00,0,0.0200,0.0049,0.0000,0.0059,0,REST-S,2,6,5
4186,13065,7:22:00,0,0.00,0,0.0200,0.0049,0.0000,0.0059,0,REST-S,2,6,5
4186,13066,7:22:30,0,0.00,0,0.0200,0.0049,0.0000,0.0059,0,REST-S,2,6,5
4186,13067,7:23:00,0,0.00,0,0.0200,0.0049,0.0000,0.0059,0,REST-S,2,6,5
4186,13068,7:23:30,0,0.00,0,0.0200,0.0049,0.0000,0.0059,0,REST-S,2,6,5
4186,13069,7:24:00,0,0.00,0,0.0200,0.0049,0.0000,0.0059,0,REST-S,2,6,5
4186,13070,7:24:30,0,0.00,0,0.0200,0.0049,0.0000,0.0059,0,REST-S,2,6,5
4186,13071,7:25:00,0,0.00,0,0.0200,0.0049,0.0000,0.0059,0,REST-S,2,6,5
4186,13072,7:25:30,0,0.00,0,0.0200,0.0049,0.0000,0.0059,0,REST-S,2,6,5
4186,13073,7:26:00,0,0.00,0,0.0200,0.0049,0.0000,0.0059,0,REST-S,2,6,5
4186,13074,7:26:30,0,0.00,0,0.0200,0.0049,0.0000,0.0059,0,REST-S,2,6,5
4186,13075,7:27:00,0,0.00,0,0.0200,0.0049,0.0000,0.0059,0,REST-S,2,6,5
4186,13076,7:27:30,0,0.00,0,0.0200,0.0049,0.0000,0.0059,0,REST-S,2,6,5
4186,13077,7:28:00,0,0.00,0,0.0200,0.0049,0.0000,0.0059,0,REST-S,2,6,5
4186,13078,7:28:30,0,0.00,0,0.0200,0.0049,0.0000,0.0059,0,REST-S,2,6,5
4186,13079,7:29:00,0,82.00,0,0.1700,0.0042,0.0173,0.0059,1,REST-S,2,6,5
4186,13080,7:29:30,0,70.00,0,0.0200,0.0049,0.0000,0.0059,1,REST-S,2,6,5
4186,13081,7:30:00,0,0.00,0,0.0200,0.0049,0.0000,0.0059,0,REST-S,2,6,5
4186,13082,7:30:30,0,1.00,0,0.0200,0.0049,0.0000,0.0059,0,REST-S,2,6,5
4186,13083,7:31:00,0,0.00,0,0.0200,0.0049,0.0000,0.0059,0,REST-S,2,6,5
4186,13084,7:31:30,0,0.00,0,0.0200,0.0049,0.0000,0.0059,0,REST-S,2,6,5
4186,13085,7:32:00,0,0.00,0,0.0200,0.0049,0.0000,0.0059,0,REST-S,2,6,5
4186,13086,7:32:30,0,0.00,0,0.0200,0.0049,0.0000,0.0059,0,REST-S,2,6,5
4186,13087,7:33:00,0,0.00,0,0.0200,0.0049,0.0000,0.0059,0,REST-S,2,6,5
4186,13088,7:33:30,0,0.00,0,0.0200,0.0049,0.0000,0.0059,0,REST-S,2,6,5
4186,13089,7:34:00,0,0.00,0,0.0200,0.0049,0.0000,0.0059,0,REST-S,2,6,5
4186,13090,7:34:30,0,0.00,0,0.0200,0.0049,0.0000,0.0059,0,REST-S,2,6,5
4186,13091,7:35:00,0,0.00,0,0.0200,0.0049,0.0000,0.0059,0,REST-S,2,6,5
4186,13092,7:35:30,0,0.00,0,0.0200,0.0049,0.0000,0.0059,0,REST-S,2,6,5
4186,13093,7:36:00,0,0.00,0,0.0200,0.0049,0.0000,0.0059,0,REST-S,2,6,5
4186,13094,7:36:30,0,0.00,0,0.0200,0.0049,0.0000,0.0059,0,REST-S,2,6,5
4186,13095,7:37:00,0,0.00,0,0.0200,0.0049,0.0000,0.0059,0,REST-S,2,6,5
4186,13096,7:37:30,0,0.00,0,0.0200,0.0049,0.0000,0.0059,0,REST-S,2,6,5
4186,13097,7:38:00,0,0.00,0,0.0200,0.0049,0.0000,0.0059,0,REST-S,2,6,5
4186,13098,7:38:30,0,0.00,0,0.0200,0.0049,0.0000,0.0059,0,REST-S,2,6,5
4186,13099,7:39:00,0,0.00,0,0.0200,0.0049,0.0000,0.0059,0,REST-S,2,6,5
4186,13100,7:39:30,0,0.00,0,0.0200,0.0049,0.0000,0.0059,0,REST-S,2,6,5
4186,13101,7:40:00,0,0.00,0,0.0200,0.0049,0.0000,0.0059,0,REST-S,2,6,5
4186,13102,7:40:30,0,0.00,0,0.0200,0.0049,0.0000,0.0059,0,REST-S,2,6,5
4186,13103,7:41:00,0,0.00,0,0.0200,0.0049,0.0000,0.0059,0,REST-S,2,6,5
4186,13104,7:41:30,0,0.00,0,0.0200,0.0049,0.0000,0.0059,0,REST-S,2,6,5
4186,13105,7:42:00,0,0.00,0,0.1700,0.0042,0.0173,0.0059,0,REST-S,2,6,5
4186,13106,7:42:30,0,0.00,0,0.0200,0.0049,0.0000,0.0059,0,REST-S,2,6,5
4186,13107,7:43:00,0,0.00,0,0.0200,0.0049,0.0000,0.0059,0,REST-S,2,6,5
4186,13108,7:43:30,0,0.00,0,0.0200,0.0049,0.0000,0.0059,0,REST-S,2,6,5
4186,13109,7:44:00,0,0.00,0,0.0200,0.0049,0.0000,0.0059,0,REST-S,2,6,5
4186,13110,7:44:30,0,0.00,0,0.0200,0.0049,0.0000,0.0059,0,REST-S,2,6,5
4186,13111,7:45:00,0,0.00,0,0.0200,0.0049,0.0000,0.0059,0,REST-S,2,6,5
4186,13112,7:45:30,0,0.00,0,0.0200,0.0049,0.0000,0.0059,0,REST-S,2,6,5
4186,13113,7:46:00,0,0.00,0,0.0200,0.0049,0.0000,0.0059,0,REST-S,2,6,5
4186,13114,7:46:30,0,1.00,0,0.0200,0.0049,0.0000,0.0059,0,REST-S,2,6,5
4186,13115,7:47:00,0,19.00,0,0.0300,0.0099,0.0000,0.0059,0,REST-S,2,6,5
4186,13116,7:47:30,0,0.00,0,0.0300,0.0099,0.0000,0.0059,0,REST-S,2,6,5
4186,13117,7:48:00,0,0.00,0,0.0200,0.0049,0.0000,0.0059,0,REST-S,2,6,5
4186,13118,7:48:30,0,0.00,0,0.0300,0.0099,0.0000,0.0059,0,REST-S,2,6,5
4186,13119,7:49:00,0,0.00,0,0.0300,0.0099,0.0000,0.0059,0,REST-S,2,6,5
4186,13120,7:49:30,0,0.00,0,0.1800,0.0085,0.0173,0.0059,0,REST-S,2,6,5
4186,13121,7:50:00,0,0.00,0,0.0300,0.0099,0.0000,0.0059,0,REST-S,2,6,5
4186,13122,7:50:30,0,0.00,0,0.1700,0.0042,0.0173,0.0059,0,REST-S,2,6,5
4186,13123,7:51:00,0,0.00,0,0.0200,0.0049,0.0000,0.0059,0,REST-S,2,6,5
4186,13124,7:51:30,0,0.00,0,0.0200,0.0049,0.0000,0.0059,0,REST-S,2,6,5
4186,13125,7:52:00,0,0.00,0,0.1800,0.0085,0.0173,0.0059,0,REST-S,2,6,5
4186,13126,7:52:30,0,0.00,0,0.0300,0.0099,0.0000,0.0059,0,REST-S,2,6,5
4186,13127,7:53:00,0,0.00,0,0.1700,0.0042,0.0173,0.0059,0,REST-S,2,6,5
4186,13128,7:53:30,0,0.00,0,0.1700,0.0042,0.0173,0.0059,0,REST-S,2,6,5
4186,13129,7:54:00,0,0.00,0,0.0200,0.0049,0.0000,0.0059,0,REST-S,2,6,5
4186,13130,7:54:30,0,0.00,0,0.0200,0.0049,0.0000,0.0059,0,REST-S,2,6,5
4186,13131,7:55:00,0,0.00,0,0.0300,0.0099,0.0000,0.0059,1,REST-S,2,6,5
4186,13132,7:55:30,0,0.00,0,0.1800,0.0085,0.0173,0.0059,1,REST-S,2,6,5
4186,13133,7:56:00,0,136.00,0,0.8900,0.0339,0.0880,0.0412,1,REST-S,2,6,5
4186,13134,7:56:30,0,266.00,0,8.6400,0.4670,0.8370,0.2490,1,REST-S,2,6,5
4186,13135,7:57:00,0,393.00,0,54.3000,4.4400,5.0600,0.1880,1,REST-S,2,6,5
4186,13136,7:57:30,0,106.00,0,0.2100,0.0215,0.0173,0.0059,1,REST-S,2,6,5
4186,13137,7:58:00,0,21.00,0,0.2300,0.0339,0.0173,0.0059,1,REST-S,2,6,5
4186,13138,7:58:30,0,0.00,0,0.2300,0.0339,0.0173,0.0059,1,REST-S,2,6,5
4186,13139,7:59:00,0,70.00,0,0.2500,0.0431,0.0173,0.0059,1,REST-S,2,6,5
4186,13140,7:59:30,0,11.00,0,0.2200,0.0298,0.0173,0.0059,1,REST-S,2,6,5
4186,13141,8:00:00,0,0.00,0,0.2300,0.0339,0.0173,0.0059,0,REST-S,2,6,5
4186,13142,8:00:30,0,0.00,0,0.2300,0.0339,0.0173,0.0059,0,REST-S,2,6,5
4186,13143,8:01:00,0,0.00,0,0.2500,0.0431,0.0173,0.0059,0,REST-S,2,6,5
4186,13144,8:01:30,0,0.00,0,0.2300,0.0339,0.0173,0.0059,0,REST-S,2,6,5
4186,13145,8:02:00,0,0.00,0,0.2500,0.0431,0.0173,0.0059,0,REST-S,2,6,5
4186,13146,8:02:30,0,0.00,0,0.2500,0.0431,0.0173,0.0059,0,REST-S,2,6,5
4186,13147,8:03:00,0,0.00,0,0.2500,0.0431,0.0173,0.0059,0,REST-S,2,6,5
4186,13148,8:03:30,0,0.00,0,0.2600,0.0470,0.0173,0.0059,0,REST-S,2,6,5
4186,13149,8:04:00,0,0.00,0,0.2600,0.0470,0.0173,0.0059,0,REST-S,2,6,5
4186,13150,8:04:30,0,0.00,0,0.2600,0.0470,0.0173,0.0059,0,REST-S,2,6,5
4186,13151,8:05:00,0,0.00,0,0.2600,0.0470,0.0173,0.0059,0,REST-S,2,6,5
4186,13152,8:05:30,0,0.00,0,0.2600,0.0470,0.0173,0.0059,0,REST-S,2,6,5
4186,13153,8:06:00,0,0.00,0,0.2600,0.0470,0.0173,0.0059,0,REST-S,2,6,5
4186,13154,8:06:30,0,0.00,0,0.2600,0.0470,0.0173,0.0059,0,REST-S,2,6,5
4186,13155,8:07:00,0,0.00,0,0.2600,0.0470,0.0173,0.0059,0,REST-S,2,6,5
4186,13156,8:07:30,0,0.00,0,0.2500,0.0431,0.0173,0.0059,0,REST-S,2,6,5
4186,13157,8:08:00,0,0.00,0,0.2500,0.0431,0.0173,0.0059,0,REST-S,2,6,5
4186,13158,8:08:30,0,0.00,0,0.2600,0.0470,0.0173,0.0059,0,REST-S,2,6,5
4186,13159,8:09:00,0,0.00,0,0.2500,0.0431,0.0173,0.0059,0,REST-S,2,6,5
4186,13160,8:09:30,0,0.00,0,0.2600,0.0470,0.0173,0.0059,0,REST-S,2,6,5
4186,13161,8:10:00,0,0.00,0,0.2600,0.0470,0.0173,0.0059,0,REST-S,2,6,5
4186,13162,8:10:30,0,0.00,0,0.6700,0.0861,0.0523,0.0173,0,REST-S,2,6,5
4186,13163,8:11:00,0,0.00,0,0.1800,0.0679,0.0012,0.0215,0,REST-S,2,6,5
4186,13164,8:11:30,0,0.00,0,0.7400,0.1190,0.0523,0.0173,0,REST-S,2,6,5
4186,13165,8:12:00,0,0.00,0,0.7400,0.1190,0.0523,0.0173,0,REST-S,2,6,5
4186,13166,8:12:30,0,0.00,0,0.7700,0.1330,0.0523,0.0173,0,REST-S,2,6,5
4186,13167,8:13:00,0,0.00,0,0.8000,0.1450,0.0523,0.0173,0,REST-S,2,6,5
4186,13168,8:13:30,0,0.00,0,0.8100,0.1510,0.0523,0.0173,0,REST-S,2,6,5
4186,13169,8:14:00,0,0.00,0,0.9100,0.1610,0.0622,0.0070,0,REST-S,2,6,5
4186,13170,8:14:30,0,0.00,0,0.8300,0.1580,0.0523,0.0173,0,REST-S,2,6,5
4186,13171,8:15:00,0,0.00,0,0.8000,0.1450,0.0523,0.0173,0,REST-S,2,6,5
4186,13172,8:15:30,0,0.00,0,0.7700,0.1330,0.0523,0.0173,0,REST-S,2,6,5
4186,13173,8:16:00,0,0.00,0,0.7400,0.1190,0.0523,0.0173,0,REST-S,2,6,5
4186,13174,8:16:30,0,0.00,0,0.7100,0.1070,0.0523,0.0173,0,REST-S,2,6,5
4186,13175,8:17:00,0,0.00,0,0.7100,0.1070,0.0523,0.0173,0,REST-S,2,6,5
4186,13176,8:17:30,0,0.00,0,0.7200,0.1120,0.0523,0.0173,0,REST-S,2,6,5
4186,13177,8:18:00,0,0.00,0,0.7400,0.1190,0.0523,0.0173,0,REST-S,2,6,5
4186,13178,8:18:30,0,0.00,0,0.7800,0.1360,0.0523,0.0173,0,REST-S,2,6,5
4186,13179,8:19:00,0,0.00,0,0.7800,0.1360,0.0523,0.0173,0,REST-S,2,6,5
4186,13180,8:19:30,0,0.00,0,0.7800,0.1360,0.0523,0.0173,0,REST-S,2,6,5
4186,13181,8:20:00,0,0.00,0,0.7800,0.1360,0.0523,0.0173,0,REST-S,2,6,5
4186,13182,8:20:30,0,0.00,0,0.8000,0.1450,0.0523,0.0173,0,REST-S,2,6,5
4186,13183,8:21:00,0,0.00,0,0.8100,0.1510,0.0523,0.0173,0,REST-S,2,6,5
4186,13184,8:21:30,0,0.00,0,0.9000,0.1580,0.0622,0.0070,0,REST-S,2,6,5
4186,13185,8:22:00,0,0.00,0,0.8300,0.1610,0.0523,0.0173,0,REST-S,2,6,5
4186,13186,8:22:30,0,0.00,0,0.8300,0.1610,0.0523,0.0173,0,REST-S,2,6,5
4186,13187,8:23:00,0,0.00,0,0.8300,0.1580,0.0523,0.0173,0,REST-S,2,6,5
4186,13188,8:23:30,0,0.00,0,0.8000,0.1450,0.0523,0.0173,0,REST-S,2,6,5
4186,13189,8:24:00,0,0.00,0,0.7500,0.1220,0.0523,0.0173,0,REST-S,2,6,5
4186,13190,8:24:30,0,0.00,0,0.7200,0.1120,0.0523,0.0173,0,REST-S,2,6,5
4186,13191,8:25:00,0,0.00,0,0.6900,0.0981,0.0523,0.0173,0,REST-S,2,6,5
4186,13192,8:25:30,0,0.00,0,0.6900,0.0981,0.0523,0.0173,0,REST-S,2,6,5
4186,13193,8:26:00,0,0.00,0,0.6900,0.0981,0.0523,0.0173,0,REST-S,2,6,5
4186,13194,8:26:30,0,0.00,0,0.7100,0.1070,0.0523,0.0173,0,REST-S,2,6,5
4186,13195,8:27:00,0,0.00,0,0.7200,0.1120,0.0523,0.0173,0,REST-S,2,6,5
4186,13196,8:27:30,0,0.00,0,0.7200,0.1120,0.0523,0.0173,1,REST-S,2,6,5
4186,13197,8:28:00,0,118.00,0,0.7500,0.1220,0.0523,0.0173,1,REST-S,2,6,5
4186,13198,8:28:30,0,211.00,0,3.0800,0.2840,0.2660,0.1120,1,REST-S,2,6,5
4186,13199,8:29:00,0,0.00,0,1.1800,0.1720,0.0880,0.0292,1,REST-S,2,6,5
4186,13200,8:29:30,0,0.00,0,1.1600,0.1610,0.0880,0.0292,1,REST-S,2,6,5
4186,13201,8:30:00,0,0.00,0,1.1400,0.1510,0.0880,0.0292,0,REST-S,2,6,5
4186,13202,8:30:30,0,1.00,0,1.1400,0.1510,0.0880,0.0292,0,REST-S,2,6,5
4186,13203,8:31:00,0,0.00,0,1.1400,0.1510,0.0880,0.0292,0,REST-S,2,6,5
4186,13204,8:31:30,0,0.00,0,1.1800,0.1720,0.0880,0.0292,0,REST-S,2,6,5
4186,13205,8:32:00,0,0.00,0,1.2100,0.1840,0.0880,0.0292,0,REST-S,2,6,5
4186,13206,8:32:30,0,0.00,0,1.2500,0.2000,0.0880,0.0292,0,REST-S,2,6,5
4186,13207,8:33:00,0,1.00,0,1.3100,0.2380,0.0880,0.0115,0,REST-S,2,6,5
4186,13208,8:33:30,0,0.00,0,1.3100,0.2380,0.0880,0.0115,0,REST-S,2,6,5
4186,13209,8:34:00,0,0.00,0,1.3200,0.2440,0.0880,0.0115,0,REST-S,2,6,5
4186,13210,8:34:30,0,0.00,0,1.7400,0.2840,0.1220,0.0412,0,REST-S,2,6,5
4186,13211,8:35:00,0,0.00,0,1.6600,0.3450,0.1000,0.0162,0,REST-S,2,6,5
4186,13212,8:35:30,0,0.00,0,2.5700,0.4370,0.1760,0.0523,0,REST-S,2,6,5
4186,13213,8:36:00,0,72.00,0,2.1200,0.4570,0.1240,0.0162,1,REST-S,2,6,5
4186,13214,8:36:30,0,0.00,0,1.8400,0.4280,0.1000,0.0162,0,REST-S,2,6,5
4186,13215,8:37:00,0,0.00,0,1.0600,0.2280,0.0622,0.0070,0,REST-S,2,6,5
4186,13216,8:37:30,0,0.00,0,0.8100,0.1510,0.0523,0.0173,0,REST-S,2,6,5
4186,13217,8:38:00,0,0.00,0,0.3100,0.0679,0.0173,0.0059,0,REST-S,2,6,5
4186,13218,8:38:30,0,0.00,0,0.3100,0.0679,0.0173,0.0059,0,REST-S,2,6,5
4186,13219,8:39:00,0,0.00,0,0.3100,0.0679,0.0173,0.0059,0,REST-S,2,6,5
4186,13220,8:39:30,0,0.00,0,0.3100,0.0679,0.0173,0.0059,0,REST-S,2,6,5
4186,13221,8:40:00,0,0.00,0,0.3100,0.0679,0.0173,0.0059,0,REST-S,2,6,5
4186,13222,8:40:30,0,0.00,0,0.3100,0.0679,0.0173,0.0059,0,REST-S,2,6,5
4186,13223,8:41:00,0,0.00,0,0.3100,0.0679,0.0173,0.0059,0,REST-S,2,6,5
4186,13224,8:41:30,0,0.00,0,0.3100,0.0679,0.0173,0.0059,0,REST-S,2,6,5
4186,13225,8:42:00,0,0.00,0,0.1800,0.0679,0.0012,0.0215,0,REST-S,2,6,5
4186,13226,8:42:30,0,0.00,0,0.1900,0.0724,0.0012,0.0215,0,REST-S,2,6,5
4186,13227,8:43:00,0,0.00,0,0.6600,0.0807,0.0523,0.0173,0,REST-S,2,6,5
4186,13228,8:43:30,0,0.00,0,0.6700,0.0861,0.0523,0.0173,0,REST-S,2,6,5
4186,13229,8:44:00,0,63.00,0,0.3400,0.0807,0.0173,0.0059,1,REST-S,2,6,5
4186,13230,8:44:30,0,0.00,0,1.1400,0.1510,0.0880,0.0292,0,REST-S,2,6,5
4186,13231,8:45:00,0,0.00,0,1.2100,0.1840,0.0880,0.0292,0,REST-S,2,6,5
4186,13232,8:45:30,0,0.00,0,1.5600,0.2050,0.1220,0.0412,0,REST-S,2,6,5
4186,13233,8:46:00,0,0.00,0,1.2300,0.2000,0.0880,0.0115,0,REST-S,2,6,5
4186,13234,8:46:30,0,0.00,0,1.2100,0.1840,0.0880,0.0292,0,REST-S,2,6,5
4186,13235,8:47:00,0,0.00,0,1.1600,0.1610,0.0880,0.0292,0,REST-S,2,6,5
4186,13236,8:47:30,0,0.00,0,0.8500,0.1360,0.0622,0.0070,0,REST-S,2,6,5
4186,13237,8:48:00,0,0.00,0,0.7400,0.1190,0.0523,0.0173,0,REST-S,2,6,5
4186,13238,8:48:30,0,0.00,0,0.6900,0.0981,0.0523,0.0173,0,REST-S,2,6,5
4186,13239,8:49:00,0,0.00,0,0.6800,0.0939,0.0523,0.0173,0,REST-S,2,6,5
4186,13240,8:49:30,0,0.00,0,0.6800,0.0939,0.0523,0.0173,0,REST-S,2,6,5
4186,13241,8:50:00,0,0.00,0,0.6900,0.0981,0.0523,0.0173,0,REST-S,2,6,5
4186,13242,8:50:30,0,0.00,0,0.7200,0.1120,0.0523,0.0173,0,REST-S,2,6,5
4186,13243,8:51:00,0,0.00,0,0.7400,0.1190,0.0523,0.0173,0,REST-S,2,6,5
4186,13244,8:51:30,0,0.00,0,0.7400,0.1190,0.0523,0.0173,0,REST-S,2,6,5
4186,13245,8:52:00,0,0.00,0,0.8200,0.1220,0.0622,0.0070,0,REST-S,2,6,5
4186,13246,8:52:30,0,0.00,0,1.1000,0.1330,0.0880,0.0292,0,REST-S,2,6,5
4186,13247,8:53:00,0,0.00,0,1.1000,0.1360,0.0880,0.0292,0,REST-S,2,6,5
4186,13248,8:53:30,0,0.00,0,1.1200,0.1450,0.0880,0.0292,0,REST-S,2,6,5
4186,13249,8:54:00,0,0.00,0,1.1000,0.1360,0.0880,0.0292,0,REST-S,2,6,5
4186,13250,8:54:30,0,0.00,0,1.1500,0.1580,0.0880,0.0292,0,REST-S,2,6,5
4186,13251,8:55:00,0,0.00,0,1.1400,0.1510,0.0880,0.0292,0,REST-S,2,6,5
4186,13252,8:55:30,0,0.00,0,1.1000,0.1360,0.0880,0.0292,0,REST-S,2,6,5
4186,13253,8:56:00,0,0.00,0,1.1000,0.1330,0.0880,0.0292,0,REST-S,2,6,5
4186,13254,8:56:30,0,0.00,0,1.0700,0.1190,0.0880,0.0292,0,REST-S,2,6,5
4186,13255,8:57:00,0,0.00,0,1.0400,0.1070,0.0880,0.0292,0,REST-S,2,6,5
4186,13256,8:57:30,0,0.00,0,1.0400,0.1070,0.0880,0.0292,0,REST-S,2,6,5
4186,13257,8:58:00,0,0.00,0,1.1200,0.1450,0.0880,0.0292,0,REST-S,2,6,5
4186,13258,8:58:30,0,0.00,0,2.7500,0.3840,0.2090,0.0650,0,REST-S,2,6,5
4186,13259,8:59:00,0,0.00,0,1.5600,0.2050,0.1220,0.0412,0,REST-S,2,6,5
4186,13260,8:59:30,0,0.00,0,1.5400,0.1920,0.1220,0.0412,0,REST-S,2,6,5
4186,13261,9:00:00,0,0.00,0,4.9700,0.7350,0.3680,0.1120,0,REST-S,2,6,5
4186,13262,9:00:30,0,0.00,0,6.7400,1.0400,0.4870,0.1580,0,REST-S,2,6,5
4186,13263,9:01:00,0,0.00,0,7.4000,1.1100,0.5430,0.1800,0,REST-S,2,6,5
4186,13264,9:01:30,0,0.00,0,7.5100,1.1600,0.5430,0.1800,0,REST-S,2,6,5
4186,13265,9:02:00,0,0.00,0,7.4600,1.1300,0.5430,0.1800,0,REST-S,2,6,5
4186,13266,9:02:30,0,0.00,0,7.5100,1.1600,0.5430,0.1800,0,REST-S,2,6,5
4186,13267,9:03:00,0,0.00,0,6.5900,0.9750,0.4870,0.1580,0,REST-S,2,6,5
4186,13268,9:03:30,0,0.00,0,7.4000,1.1100,0.5430,0.1800,0,REST-S,2,6,5
4186,13269,9:04:00,0,0.00,0,7.5100,1.1600,0.5430,0.1800,0,REST-S,2,6,5
4186,13270,9:04:30,0,0.00,0,7.9500,1.2100,0.5790,0.1800,0,REST-S,2,6,5
4186,13271,9:05:00,0,0.00,0,8.0200,1.2400,0.5790,0.1920,0,REST-S,2,6,5
4186,13272,9:05:30,0,0.00,0,8.0200,1.2400,0.5790,0.1920,0,REST-S,2,6,5
4186,13273,9:06:00,0,2.00,0,8.4200,1.2600,0.6180,0.1920,0,REST-S,2,6,5
4186,13274,9:06:30,0,0.00,0,8.4200,1.2600,0.6180,0.1920,0,REST-S,2,6,5
4186,13275,9:07:00,0,0.00,0,8.4800,1.2900,0.6180,0.1920,0,REST-S,2,6,5
4186,13276,9:07:30,0,0.00,0,8.4800,1.2900,0.6180,0.1920,0,REST-S,2,6,5
4186,13277,9:08:00,0,0.00,0,8.4800,1.2900,0.6180,0.1920,0,REST-S,2,6,5
4186,13278,9:08:30,0,0.00,0,8.4800,1.2900,0.6180,0.1920,0,REST-S,2,6,5
4186,13279,9:09:00,0,0.00,0,8.4800,1.2900,0.6180,0.1920,0,REST-S,2,6,5
4186,13280,9:09:30,0,0.00,0,8.4200,1.2600,0.6180,0.1920,0,REST-S,2,6,5
4186,13281,9:10:00,0,0.00,0,8.4200,1.2600,0.6180,0.1920,0,REST-S,2,6,5
4186,13282,9:10:30,0,0.00,0,8.4200,1.2600,0.6180,0.1920,0,REST-S,2,6,5
4186,13283,9:11:00,0,0.00,0,8.4800,1.2900,0.6180,0.1920,0,REST-S,2,6,5
4186,13284,9:11:30,0,0.00,0,8.4900,1.2900,0.6180,0.2050,0,REST-S,2,6,5
4186,13285,9:12:00,0,0.00,0,8.7300,1.2900,0.6460,0.2050,0,REST-S,2,6,5
4186,13286,9:12:30,0,0.00,0,8.4800,1.2900,0.6180,0.1920,0,REST-S,2,6,5
4186,13287,9:13:00,0,0.00,0,8.3600,1.2400,0.6180,0.1920,0,REST-S,2,6,5
4186,13288,9:13:30,0,31.00,0,7.6300,1.2100,0.5430,0.1800,1,REST-S,2,6,5
4186,13289,9:14:00,0,79.00,0,4.6900,0.9540,0.2900,0.0440,1,REST-S,2,6,5
4186,13290,9:14:30,0,0.00,0,5.5900,1.1100,0.3520,0.0480,0,REST-S,2,6,5
4186,13291,9:15:00,0,0.00,0,5.4000,1.1100,0.3300,0.0480,0,REST-S,2,6,5
4186,13292,9:15:30,0,0.00,0,5.7000,1.1600,0.3520,0.0535,0,REST-S,2,6,5
4186,13293,9:16:00,0,0.00,0,5.7600,1.1800,0.3520,0.0535,0,REST-S,2,6,5
4186,13294,9:16:30,0,0.00,0,6.0200,1.2100,0.3760,0.0535,0,REST-S,2,6,5
4186,13295,9:17:00,0,0.00,0,6.0800,1.2400,0.3760,0.0535,0,REST-S,2,6,5
4186,13296,9:17:30,0,0.00,0,7.6700,1.2900,0.5310,0.1450,0,REST-S,2,6,5
4186,13297,9:18:00,0,0.00,0,6.2800,1.2900,0.3840,0.0571,0,REST-S,2,6,5
4186,13298,9:18:30,0,0.00,0,6.3400,1.3200,0.3840,0.0571,0,REST-S,2,6,5
4186,13299,9:19:00,0,0.00,0,6.4100,1.3500,0.3840,0.0571,0,REST-S,2,6,5
4186,13300,9:19:30,0,0.00,0,6.7100,1.3500,0.4190,0.0571,0,REST-S,2,6,5
4186,13301,9:20:00,0,0.00,0,6.7800,1.3800,0.4190,0.0622,0,REST-S,2,6,5
4186,13302,9:20:30,0,0.00,0,6.7800,1.3800,0.4190,0.0622,0,REST-S,2,6,5
4186,13303,9:21:00,0,0.00,0,6.7800,1.3800,0.4190,0.0622,0,REST-S,2,6,5
4186,13304,9:21:30,0,0.00,0,6.7800,1.3800,0.4190,0.0622,0,REST-S,2,6,5
4186,13305,9:22:00,0,0.00,0,6.7800,1.3800,0.4190,0.0622,0,REST-S,2,6,5
4186,13306,9:22:30,0,0.00,0,6.7800,1.3800,0.4190,0.0622,0,REST-S,2,6,5
4186,13307,9:23:00,0,0.00,0,6.7800,1.3800,0.4190,0.0622,0,REST-S,2,6,5
4186,13308,9:23:30,0,0.00,0,6.7200,1.3500,0.4190,0.0622,0,REST-S,2,6,5
4186,13309,9:24:00,0,0.00,0,6.3400,1.3200,0.3840,0.0571,0,REST-S,2,6,5
4186,13310,9:24:30,0,0.00,0,6.3400,1.3200,0.3840,0.0571,0,REST-S,2,6,5
4186,13311,9:25:00,0,0.00,0,6.2800,1.2900,0.3840,0.0571,0,REST-S,2,6,5
4186,13312,9:25:30,0,0.00,0,6.2800,1.2900,0.3840,0.0571,0,REST-S,2,6,5
4186,13313,9:26:00,0,2.00,0,6.0800,1.2400,0.3760,0.0535,0,REST-S,2,6,5
4186,13314,9:26:30,0,0.00,0,5.7600,1.1800,0.3520,0.0535,0,REST-S,2,6,5
4186,13315,9:27:00,0,0.00,0,5.7000,1.1600,0.3520,0.0535,0,REST-S,2,6,5
4186,13316,9:27:30,0,0.00,0,6.6000,1.1100,0.4570,0.1330,0,REST-S,2,6,5
4186,13317,9:28:00,0,0.00,0,5.4000,1.1100,0.3300,0.0480,0,REST-S,2,6,5
4186,13318,9:28:30,0,0.00,0,5.3400,1.0900,0.3300,0.0480,0,REST-S,2,6,5
4186,13319,9:29:00,0,0.00,0,5.3400,1.0900,0.3300,0.0480,0,REST-S,2,6,5
4186,13320,9:29:30,0,0.00,0,5.3400,1.0900,0.3300,0.0480,0,REST-S,2,6,5
4186,13321,9:30:00,0,0.00,0,5.2900,1.0600,0.3300,0.0480,0,REST-S,2,6,5
4186,13322,9:30:30,0,1.00,0,5.3400,1.0900,0.3300,0.0480,0,REST-S,2,6,5
4186,13323,9:31:00,0,0.00,0,5.3400,1.0900,0.3300,0.0480,0,REST-S,2,6,5
4186,13324,9:31:30,0,0.00,0,5.6000,1.1100,0.3520,0.0535,0,REST-S,2,6,5
4186,13325,9:32:00,0,0.00,0,5.6000,1.1100,0.3520,0.0535,0,REST-S,2,6,5
4186,13326,9:32:30,0,0.00,0,5.6500,1.1300,0.3520,0.0535,0,REST-S,2,6,5
4186,13327,9:33:00,0,0.00,0,5.7000,1.1600,0.3520,0.0535,1,REST-S,2,6,5
4186,13328,9:33:30,0,0.00,0,5.7000,1.1600,0.3520,0.0535,1,REST-S,2,6,5
4186,13329,9:34:00,0,218.00,0,6.1200,1.9100,0.2140,0.0298,1,REST-S,2,6,5
4186,13330,9:34:30,0,0.00,0,3.0800,0.5310,0.2090,0.0650,1,REST-S,2,6,5
4186,13331,9:35:00,0,33.00,0,3.0800,0.5310,0.2090,0.0650,1,REST-S,2,6,5
4186,13332,9:35:30,0,22.00,0,2.7700,0.5430,0.1760,0.0256,1,REST-S,2,6,5
4186,13333,9:36:00,0,35.00,0,3.5000,0.5790,0.2440,0.0756,1,REST-S,2,6,5
4186,13334,9:36:30,0,0.00,0,1.8200,0.4190,0.1000,0.0162,0,REST-S,2,6,5
4186,13335,9:37:00,0,0.00,0,1.8200,0.4190,0.1000,0.0115,0,REST-S,2,6,5
4186,13336,9:37:30,0,0.00,0,1.9000,0.4570,0.1000,0.0162,0,REST-S,2,6,5
4186,13337,9:38:00,0,0.00,0,2.0000,0.4980,0.1000,0.0162,0,REST-S,2,6,5
4186,13338,9:38:30,0,0.00,0,2.7100,0.6180,0.1510,0.0206,0,REST-S,2,6,5
4186,13339,9:39:00,0,0.00,0,3.0600,0.6740,0.1760,0.0256,0,REST-S,2,6,5
4186,13340,9:39:30,0,2.00,0,3.1300,0.7040,0.1760,0.0256,0,REST-S,2,6,5
4186,13341,9:40:00,0,0.00,0,3.7600,0.8370,0.2140,0.0298,0,REST-S,2,6,5
4186,13342,9:40:30,0,0.00,0,4.8800,1.0400,0.2900,0.0395,0,REST-S,2,6,5
4186,13343,9:41:00,0,0.00,0,5.9900,1.2900,0.3520,0.0480,0,REST-S,2,6,5
4186,13344,9:41:30,0,0.00,0,5.5600,1.1800,0.3300,0.0480,0,REST-S,2,6,5
4186,13345,9:42:00,0,0.00,0,6.5400,1.4100,0.3840,0.0571,0,REST-S,2,6,5
4186,13346,9:42:30,0,1.00,0,6.6700,1.5000,0.3760,0.0535,0,REST-S,2,6,5
4186,13347,9:43:00,0,0.00,0,7.9300,1.8300,0.4370,0.0622,0,REST-S,2,6,5
4186,13348,9:43:30,0,0.00,0,5.2000,1.1300,0.3030,0.0440,0,REST-S,2,6,5
4186,13349,9:44:00,0,0.00,0,11.8600,2.2200,0.7680,0.2140,0,REST-S,2,6,5
4186,13350,9:44:30,0,0.00,0,1.7300,0.3760,0.1000,0.0162,0,REST-S,2,6,5
4186,13351,9:45:00,0,0.00,0,8.1400,1.6700,0.4980,0.0724,0,REST-S,2,6,5
4186,13352,9:45:30,0,6.00,0,6.9000,1.1600,0.4870,0.0679,0,REST-S,2,6,5
4186,13353,9:46:00,0,0.00,0,5.2600,1.2100,0.2900,0.0395,0,REST-S,2,6,5
4186,13354,9:46:30,0,11.00,0,4.9900,1.0900,0.2900,0.0440,0,REST-S,2,6,5
4186,13355,9:47:00,0,0.00,0,5.3700,1.2100,0.3030,0.0440,0,REST-S,2,6,5
4186,13356,9:47:30,0,0.00,0,3.7600,0.8370,0.2140,0.0298,0,REST-S,2,6,5
4186,13357,9:48:00,0,0.00,0,3.6200,0.9130,0.1760,0.0523,0,REST-S,2,6,5
4186,13358,9:48:30,0,0.00,0,3.2300,0.7040,0.1880,0.0256,0,REST-S,2,6,5
4186,13359,9:49:00,0,0.00,0,1.3500,0.2490,0.0880,0.0292,0,REST-S,2,6,5
4186,13360,9:49:30,0,0.00,0,2.9100,0.6050,0.1760,0.0256,0,REST-S,2,6,5
4186,13361,9:50:00,0,1.00,0,2.9100,0.6050,0.1760,0.0256,0,REST-S,2,6,5
4186,13362,9:50:30,0,0.00,0,4.2500,0.8750,0.2600,0.0347,0,REST-S,2,6,5
4186,13363,9:51:00,0,0.00,0,2.5000,0.5200,0.1510,0.0206,0,REST-S,2,6,5
4186,13364,9:51:30,0,3.00,0,3.0300,0.6600,0.1760,0.0256,0,REST-S,2,6,5
4186,13365,9:52:00,0,113.00,0,300.3400,26.2000,27.4000,2.3200,1,REST-S,2,6,5
4186,13366,9:52:30,0,0.00,0,595.6700,50.2000,54.8000,4.5400,0,REST-S,2,6,5
4186,13367,9:53:00,0,0.00,0,595.5600,50.2000,54.8000,4.4400,0,REST-S,2,6,5
4186,13368,9:53:30,0,1.00,0,624.5800,53.6000,57.2000,4.7400,0,REST-S,2,6,5
4186,13369,9:54:00,0,0.00,0,677.9800,57.2000,62.4000,4.8400,0,REST-S,2,6,5
4186,13370,9:54:30,0,0.00,0,463.4900,33.3000,44.1000,3.3500,0,REST-S,2,6,5
4186,13371,9:55:00,0,0.00,0,677.8700,57.2000,62.4000,4.7400,0,REST-S,2,6,5
4186,13372,9:55:30,0,0.00,0,726.3400,62.4000,66.6000,5.0600,0,REST-S,2,6,5
4186,13373,9:56:00,0,0.00,0,739.1000,62.4000,68.0000,5.0600,0,REST-S,2,6,5
4186,13374,9:56:30,0,0.00,0,739.1000,62.4000,68.0000,5.0600,0,REST-S,2,6,5
4186,13375,9:57:00,0,0.00,0,663.2400,56.0000,61.0000,4.5400,1,REST-S,2,6,5
4186,13376,9:57:30,0,0.00,0,726.2200,62.4000,66.6000,4.9500,1,REST-S,2,6,5
4186,13377,9:58:00,0,184.00,0,726.2200,62.4000,66.6000,4.9500,1,REST-S,2,6,5
4186,13378,9:58:30,0,106.00,0,270.7800,23.0000,24.0000,8.5000,1,REST-S,2,6,5
4186,13379,9:59:00,0,0.00,0,94.5500,5.2800,9.0700,3.1400,1,REST-S,2,6,5
4186,13380,9:59:30,0,0.00,0,53.3900,2.8800,5.1700,1.6400,0,REST-S,2,6,5
4186,13381,10:00:00,0,0.00,0,46.8900,2.5300,4.5400,1.4400,0,REST-S,2,6,5
4186,13382,10:00:30,0,0.00,0,247.6000,14.9000,23.5000,7.8000,0,REST-S,2,6,5
4186,13383,10:01:00,0,0.00,0,454.4500,27.4000,43.2000,14.6000,0,REST-S,2,6,5
4186,13384,10:01:30,0,0.00,0,442.2000,25.7000,42.2000,14.3000,0,REST-S,2,6,5
4186,13385,10:02:00,0,0.00,0,425.8600,25.7000,40.4000,13.7000,0,REST-S,2,6,5
4186,13386,10:02:30,0,0.00,0,414.3800,24.0000,39.6000,13.4000,0,REST-S,2,6,5
4186,13387,10:03:00,0,0.00,0,396.8100,23.0000,37.9000,12.8000,0,REST-S,2,6,5
4186,13388,10:03:30,0,0.00,0,389.4000,23.0000,37.1000,12.6000,0,REST-S,2,6,5
4186,13389,10:04:00,0,0.00,0,389.4000,23.0000,37.1000,12.6000,0,REST-S,2,6,5
4186,13390,10:04:30,0,0.00,0,389.4000,23.0000,37.1000,12.6000,0,REST-S,2,6,5
4186,13391,10:05:00,0,0.00,0,382.4400,23.0000,36.3000,12.6000,0,REST-S,2,6,5
4186,13392,10:05:30,0,0.00,0,365.9400,22.1000,34.8000,11.8000,0,REST-S,2,6,5
4186,13393,10:06:00,0,0.00,0,357.0800,21.1000,34.0000,11.5000,0,REST-S,2,6,5
4186,13394,10:06:30,0,0.00,0,358.1000,21.6000,34.0000,11.5000,0,REST-S,2,6,5
4186,13395,10:07:00,0,0.00,0,363.6000,21.1000,34.8000,11.5000,0,REST-S,2,6,5
4186,13396,10:07:30,0,0.00,0,357.0800,21.1000,34.0000,11.5000,0,REST-S,2,6,5
4186,13397,10:08:00,0,0.00,0,322.5300,19.8000,30.5000,10.6000,0,REST-S,2,6,5
4186,13398,10:08:30,0,0.00,0,278.6000,17.8000,26.2000,8.8800,0,REST-S,2,6,5
4186,13399,10:09:00,0,0.00,0,338.8300,21.6000,31.9000,11.0000,0,REST-S,2,6,5
4186,13400,10:09:30,0,0.00,0,317.5100,20.2000,29.9000,10.3000,0,REST-S,2,6,5
4186,13401,10:10:00,0,1.00,0,290.9400,18.5000,27.4000,9.2700,0,REST-S,2,6,5
4186,13402,10:10:30,0,0.00,0,255.1000,16.3000,24.0000,7.8000,0,REST-S,2,6,5
4186,13403,10:11:00,0,0.00,0,230.3500,15.3000,21.6000,7.0000,0,REST-S,2,6,5
4186,13404,10:11:30,0,0.00,0,225.1000,14.9000,21.1000,6.5600,0,REST-S,2,6,5
4186,13405,10:12:00,0,0.00,0,225.8200,15.3000,21.1000,6.5600,0,REST-S,2,6,5
4186,13406,10:12:30,0,0.00,0,256.9900,17.4000,24.0000,7.3100,0,REST-S,2,6,5
4186,13407,10:13:00,0,0.00,0,258.0000,17.8000,24.0000,7.4700,0,REST-S,2,6,5
4186,13408,10:13:30,0,0.00,0,251.6500,17.0000,23.5000,7.3100,0,REST-S,2,6,5
4186,13409,10:14:00,0,0.00,0,313.7500,21.6000,29.2000,9.2700,0,REST-S,2,6,5
4186,13410,10:14:30,0,0.00,0,333.1400,22.1000,31.2000,10.3000,0,REST-S,2,6,5
4186,13411,10:15:00,0,0.00,0,356.8100,21.1000,34.0000,11.3000,0,REST-S,2,6,5
4186,13412,10:15:30,0,0.00,0,370.8200,21.1000,35.5000,12.0000,0,REST-S,2,6,5
4186,13413,10:16:00,0,0.00,0,373.6800,22.5000,35.5000,11.8000,0,REST-S,2,6,5
4186,13414,10:16:30,0,0.00,0,375.3300,23.0000,35.5000,12.3000,0,REST-S,2,6,5
4186,13415,10:17:00,0,0.00,0,389.1100,23.0000,37.1000,12.3000,0,REST-S,2,6,5
4186,13416,10:17:30,0,0.00,0,357.0800,21.1000,34.0000,11.5000,0,REST-S,2,6,5
4186,13417,10:18:00,0,0.00,0,371.1100,21.1000,35.5000,12.3000,0,REST-S,2,6,5
4186,13418,10:18:30,0,0.00,0,332.3400,21.6000,31.2000,10.6000,0,REST-S,2,6,5
4186,13419,10:19:00,0,0.00,0,285.3700,18.5000,26.8000,8.8800,0,REST-S,2,6,5
4186,13420,10:19:30,0,0.00,0,261.0700,16.6000,24.6000,8.3200,0,REST-S,2,6,5
4186,13421,10:20:00,0,0.00,0,290.9400,18.5000,27.4000,9.2700,0,REST-S,2,6,5
4186,13422,10:20:30,0,0.00,0,273.6800,17.8000,25.7000,8.8800,0,REST-S,2,6,5
4186,13423,10:21:00,0,0.00,0,284.7000,18.1000,26.8000,9.0700,0,REST-S,2,6,5
4186,13424,10:21:30,0,0.00,0,254.7100,15.9000,24.0000,8.1400,0,REST-S,2,6,5
4186,13425,10:22:00,0,0.00,0,250.5900,16.3000,23.5000,7.8000,0,REST-S,2,6,5
4186,13426,10:22:30,0,0.00,0,249.2500,15.6000,23.5000,7.9700,0,REST-S,2,6,5
4186,13427,10:23:00,0,0.00,0,273.6800,17.8000,25.7000,8.8800,0,REST-S,2,6,5
4186,13428,10:23:30,0,0.00,0,254.7100,15.9000,24.0000,8.1400,0,REST-S,2,6,5
4186,13429,10:24:00,0,0.00,0,261.4800,16.6000,24.6000,8.6900,0,REST-S,2,6,5
4186,13430,10:24:30,0,0.00,0,260.2900,16.3000,24.6000,8.3200,0,REST-S,2,6,5
4186,13431,10:25:00,0,0.00,0,284.0600,17.8000,26.8000,9.2700,0,REST-S,2,6,5
4186,13432,10:25:30,0,0.00,0,248.7000,15.3000,23.5000,8.1400,0,REST-S,2,6,5
4186,13433,10:26:00,0,0.00,0,233.2400,14.3000,22.1000,7.8000,0,REST-S,2,6,5
4186,13434,10:26:30,0,0.00,0,266.6100,16.6000,25.1000,9.0700,0,REST-S,2,6,5
4186,13435,10:27:00,0,0.00,0,259.9200,15.9000,24.6000,8.6900,0,REST-S,2,6,5
4186,13436,10:27:30,0,0.00,0,233.2400,14.3000,22.1000,7.8000,0,REST-S,2,6,5
4186,13437,10:28:00,0,1.00,0,217.7600,13.1000,20.7000,7.1500,0,REST-S,2,6,5
4186,13438,10:28:30,0,0.00,0,175.8600,10.8000,16.6000,5.7600,0,REST-S,2,6,5
4186,13439,10:29:00,0,0.00,0,171.9600,10.6000,16.3000,5.5100,0,REST-S,2,6,5
4186,13440,10:29:30,0,0.00,0,151.6900,9.6800,14.3000,4.6400,0,REST-S,2,6,5
4186,13441,10:30:00,0,0.00,0,122.2300,7.8000,11.5000,3.8100,0,REST-S,2,6,5
4186,13442,10:30:30,0,2.00,0,112.5500,7.4700,10.6000,3.2800,1,REST,2,6,5
4186,13443,10:31:00,0,70.00,0,144.1700,10.3000,13.4000,3.6500,1,REST,2,6,5
4186,13444,10:31:30,0,106.00,1,293.5600,27.4000,26.2000,3.0700,1,ACTIVE,2,6,5
4186,13445,10:32:00,0,234.00,0,1138.460,39.6000,114.0000,45.1000,1,ACTIVE,2,6,5
4186,13446,10:32:30,0,167.00,0,27.0100,1.8300,2.5300,0.7680,1,ACTIVE,2,6,5
4186,13447,10:33:00,0,1.00,0,480.5500,18.5000,47.1000,25.1000,1,ACTIVE,2,6,5
4186,13448,10:33:30,0,241.00,0,153.6600,6.2800,15.3000,5.6300,1,ACTIVE,2,6,5
4186,13449,10:34:00,0,198.00,0,39.2200,6.7000,2.7600,0.2490,1,ACTIVE,2,6,5
4186,13450,10:34:30,0,162.00,0,48.1600,2.8800,4.7400,0.2840,1,ACTIVE,2,6,5
4186,13451,10:35:00,0,284.00,0,50.6100,8.1400,1.2100,20.2000,1,ACTIVE,2,6,5
4186,13452,10:35:30,0,218.00,0,49.3200,4.0700,4.4400,1.3200,1,ACTIVE,2,6,5
4186,13453,10:36:00,0,1.00,0,28.8800,2.8800,2.5300,0.3450,1,ACTIVE,2,6,5
4186,13454,10:36:30,0,89.00,0,34.5500,4.0700,2.8800,0.3160,1,ACTIVE,2,6,5
4186,13455,10:37:00,0,21.00,0,52.6000,4.6400,4.6400,1.6000,1,ACTIVE,2,6,5
4186,13456,10:37:30,0,145.00,0,67.2300,3.5700,6.2800,3.9800,1,ACTIVE,2,6,5
4186,13457,10:38:00,0,54.00,0,20.2800,3.0100,0.5670,7.9700,1,ACTIVE,2,6,5
4186,13458,10:38:30,0,6.00,0,98.8800,3.6500,9.6800,5.5100,1,ACTIVE,2,6,5
4186,13459,10:39:00,0,56.00,0,69.7200,4.3400,6.5600,2.4700,1,ACTIVE,2,6,5
4186,13460,10:39:30,0,0.00,0,46.5300,3.5000,4.2500,1.4400,0,ACTIVE,2,6,5
4186,13461,10:40:00,0,45.00,0,40.2200,3.2100,3.6500,1.0400,1,ACTIVE,2,6,5
4186,13462,10:40:30,0,6.00,0,28.8100,2.2200,2.6400,0.7200,1,ACTIVE,2,6,5
4186,13463,10:41:00,0,36.00,0,23.7300,2.7000,1.9900,0.2960,1,ACTIVE,2,6,5
4186,13464,10:41:30,0,45.00,0,38.1300,2.5300,3.5700,1.1300,1,ACTIVE,2,6,5
4186,13465,10:42:00,0,67.00,0,135.5200,5.0600,13.4000,6.4200,1,ACTIVE,2,6,5
4186,13466,10:42:30,0,95.00,0,95.5900,1.6000,9.8900,4.9500,1,ACTIVE,2,6,5
4186,13467,10:43:00,0,8.00,0,36.3100,3.2800,3.2100,0.8940,1,ACTIVE,2,6,5
4186,13468,10:43:30,0,24.00,0,31.9300,3.8100,2.6400,0.3520,1,ACTIVE,2,6,5
4186,13469,10:44:00,0,82.00,0,21.9600,2.4200,1.8700,0.2380,1,ACTIVE,2,6,5
4186,13470,10:44:30,0,65.00,0,30.3200,2.8800,2.7000,0.3030,1,ACTIVE,2,6,5
4186,13471,10:45:00,0,113.00,0,18.8100,2.0400,1.5700,0.5200,1,ACTIVE,2,6,5
4186,13472,10:45:30,0,184.00,0,20.0600,2.3200,1.6700,0.2440,1,ACTIVE,2,6,5
4186,13473,10:46:00,0,167.00,0,11.5200,1.9100,0.8200,0.1140,1,ACTIVE,2,6,5
4186,13474,10:46:30,0,150.00,0,9.1100,1.3500,0.6890,0.0861,1,ACTIVE,2,6,5
4186,13475,10:47:00,0,145.00,0,5.9500,0.8200,0.4670,0.0440,1,ACTIVE,2,6,5
4186,13476,10:47:30,0,79.00,0,40.2700,3.2100,3.6500,1.0900,1,ACTIVE,2,6,5
4186,13477,10:48:00,0,79.00,0,21.0700,1.5000,1.9500,0.6180,1,ACTIVE,2,6,5
4186,13478,10:48:30,0,52.00,0,20.8800,1.7900,1.8700,0.5310,1,ACTIVE,2,6,5
4186,13479,10:49:00,0,109.00,0,28.5400,1.8300,2.7000,0.8020,1,ACTIVE,2,6,5
4186,13480,10:49:30,0,82.00,0,7.2200,0.8750,0.5790,0.1920,1,ACTIVE,2,6,5
4186,13481,10:50:00,0,234.00,0,28.6500,3.0100,2.4700,0.3160,1,ACTIVE,2,6,5
4186,13482,10:50:30,0,234.00,0,98.1800,13.1000,7.8000,0.8370,1,ACTIVE,2,6,5
4186,13483,10:51:00,0,191.00,0,293.3700,72.6000,5.7600,75.8000,1,ACTIVE,2,6,5
4186,13484,10:51:30,0,226.00,0,1287.210,66.6000,122.0000,65.1000,1,ACTIVE,2,6,5
4186,13485,10:52:00,0,150.00,0,884.6300,17.8000,90.1000,51.3000,1,ACTIVE,2,6,5
4186,13486,10:52:30,0,191.00,0,34.6100,7.4700,2.0400,0.2600,1,ACTIVE,2,6,5
4186,13487,10:53:00,0,241.00,0,75.9400,8.1400,6.5600,0.4770,1,ACTIVE,2,6,5
4186,13488,10:53:30,0,249.00,0,13.7700,2.1300,1.0200,0.1480,1,ACTIVE,2,6,5
4186,13489,10:54:00,0,218.00,0,101.2700,11.3000,8.6900,0.2440,1,ACTIVE,2,6,5
4186,13490,10:54:30,0,167.00,0,126.1400,5.5100,12.8000,1.4400,1,ACTIVE,2,6,5
4186,13491,10:55:00,0,16.00,0,25.4600,2.4200,2.2200,0.6180,1,ACTIVE,2,6,5
4186,13492,10:55:30,0,56.00,0,50.9600,4.8400,4.4400,1.2600,1,ACTIVE,2,6,5
4186,13493,10:56:00,0,38.00,0,43.7400,5.1700,3.6500,0.3030,1,ACTIVE,2,6,5
4186,13494,10:56:30,0,67.00,0,25.1400,3.0100,2.0800,0.2600,1,ACTIVE,2,6,5
4186,13495,10:57:00,0,58.00,0,43.0800,3.9000,3.9000,0.2960,1,ACTIVE,2,6,5
4186,13496,10:57:30,0,15.00,0,29.4700,3.5700,2.4200,0.3370,1,ACTIVE,2,6,5
4186,13497,10:58:00,0,67.00,0,38.2400,3.5700,3.3500,0.9130,1,ACTIVE,2,6,5
4186,13498,10:58:30,0,58.00,0,58.6000,6.7000,4.9500,0.4280,1,ACTIVE,2,6,5
4186,13499,10:59:00,0,58.00,0,65.9400,7.8000,5.5100,0.3840,1,ACTIVE,2,6,5
4186,13500,10:59:30,0,72.00,0,69.3100,6.2800,6.2800,0.4100,1,ACTIVE,2,6,5
4186,13501,11:00:00,0,11.00,0,16.4700,1.5400,1.4700,0.1760,1,ACTIVE,2,6,5
4186,13502,11:00:30,0,2.00,0,17.3000,2.0400,1.4400,0.1760,0,ACTIVE,2,6,5
4186,13503,11:01:00,0,0.00,0,16.7300,1.9100,1.4100,0.1610,0,ACTIVE,2,6,5
4186,13504,11:01:30,0,0.00,0,10.8800,1.3200,0.8940,0.1240,0,ACTIVE,2,6,5
4186,13505,11:02:00,0,79.00,0,26.0700,2.3200,2.3700,0.1880,1,ACTIVE,2,6,5
4186,13506,11:02:30,0,85.00,0,42.5500,3.6500,3.9000,0.3030,1,ACTIVE,2,6,5
4186,13507,11:03:00,0,63.00,0,50.7200,6.2800,4.1600,0.3760,1,ACTIVE,2,6,5
4186,13508,11:03:30,0,8.00,0,20.6700,1.8700,1.8300,0.4980,1,ACTIVE,2,6,5
4186,13509,11:04:00,0,1.00,0,13.7800,1.0400,1.2600,0.3760,1,ACTIVE,2,6,5
4186,13510,11:04:30,0,40.00,0,14.7400,2.7600,0.9750,0.1070,1,ACTIVE,2,6,5
4186,13511,11:05:00,0,234.00,0,23.5100,2.6400,1.9900,0.2090,1,ACTIVE,2,6,5
4186,13512,11:05:30,0,204.00,0,23.7200,2.8800,1.9500,0.2660,1,ACTIVE,2,6,5
4186,13513,11:06:00,0,303.00,0,15.2400,1.3200,1.3500,0.4670,1,ACTIVE,2,6,5
4186,13514,11:06:30,0,257.00,0,13.5900,1.1600,1.2100,0.3920,1,ACTIVE,2,6,5
4186,13515,11:07:00,0,36.00,0,33.5600,1.9900,3.2100,0.9750,1,ACTIVE,2,6,5
4186,13516,11:07:30,1,,,,,,,1,EXCLUDED,2,6,5
4186,13517,11:08:00,1,,,,,,,1,EXCLUDED,2,6,5
4186,13518,11:08:30,1,,,,,,,1,EXCLUDED,2,6,5
4186,13519,11:09:00,1,,,,,,,1,EXCLUDED,2,6,5
4186,13520,11:09:30,1,,,,,,,,EXCLUDED,2,6,5
4186,13521,11:10:00,1,,,,,,,,EXCLUDED,2,6,5
4186,13522,11:10:30,1,,,,,,,,EXCLUDED,2,6,5
4186,13523,11:11:00,1,,,,,,,,EXCLUDED,2,6,5
4186,13524,11:11:30,1,,,,,,,,EXCLUDED,2,6,5
4186,13525,11:12:00,1,,,,,,,,EXCLUDED,2,6,5
4186,13526,11:12:30,1,,,,,,,,EXCLUDED,2,6,5
4186,13527,11:13:00,1,,,,,,,,EXCLUDED,2,6,5
4186,13528,11:13:30,1,,,,,,,,EXCLUDED,2,6,5
4186,13529,11:14:00,1,,,,,,,,EXCLUDED,2,6,5
4186,13530,11:14:30,1,,,,,,,,EXCLUDED,2,6,5
4186,13531,11:15:00,1,,,,,,,,EXCLUDED,2,6,5
4186,13532,11:15:30,1,,,,,,,,EXCLUDED,2,6,5
4186,13533,11:16:00,1,,,,,,,,EXCLUDED,2,6,5
4186,13534,11:16:30,1,,,,,,,,EXCLUDED,2,6,5
4186,13535,11:17:00,1,,,,,,,,EXCLUDED,2,6,5
4186,13536,11:17:30,1,,,,,,,1,EXCLUDED,2,6,5
4186,13537,11:18:00,1,,,,,,,1,EXCLUDED,2,6,5
4186,13538,11:18:30,1,,,,,,,1,EXCLUDED,2,6,5
4186,13539,11:19:00,1,,,,,,,1,EXCLUDED,2,6,5
4186,13540,11:19:30,0,79.00,0,126.0400,10.8000,11.5000,1.2400,1,ACTIVE,2,6,5
4186,13541,11:20:00,0,303.00,0,80.5500,5.2800,7.4700,3.2100,1,ACTIVE,2,6,5
4186,13542,11:20:30,0,303.00,0,26.6600,1.9100,2.4700,0.7200,1,ACTIVE,2,6,5
4186,13543,11:21:00,0,266.00,0,27.2400,1.6700,2.5800,0.8370,1,ACTIVE,2,6,5
4186,13544,11:21:30,0,140.00,0,28.7100,1.7900,2.7000,1.0400,1,ACTIVE,2,6,5
4186,13545,11:22:00,0,226.00,0,29.6100,2.0400,2.7600,0.8940,1,ACTIVE,2,6,5
4186,13546,11:22:30,0,284.00,0,20.0000,1.3200,1.8700,0.6740,1,ACTIVE,2,6,5
4186,13547,11:23:00,0,95.00,0,20.0600,1.8700,1.7500,0.5670,1,ACTIVE,2,6,5
4186,13548,11:23:30,0,131.00,0,11.1800,0.5200,1.0900,0.4770,1,ACTIVE,2,6,5
4186,13549,11:24:00,0,266.00,0,18.4400,2.7000,1.3800,0.3760,1,ACTIVE,2,6,5
4186,13550,11:24:30,0,122.00,0,4.0600,0.3230,0.3680,0.1120,1,ACTIVE,2,6,5
4186,13551,11:25:00,0,136.00,0,11.5500,1.5400,0.8940,0.3030,1,ACTIVE,2,6,5
4186,13552,11:25:30,0,257.00,0,93.5300,3.6500,9.2700,3.9000,1,ACTIVE,2,6,5
4186,13553,11:26:00,0,266.00,0,35.6300,1.3200,3.5700,1.2900,1,ACTIVE,2,6,5
4186,13554,11:26:30,0,211.00,0,14.3500,1.2400,1.2600,0.4980,1,ACTIVE,2,6,5
4186,13555,11:27:00,0,313.00,0,14.1900,1.2400,1.2600,0.3600,1,ACTIVE,2,6,5
4186,13556,11:27:30,0,191.00,0,25.0700,1.1100,2.4700,0.8750,1,ACTIVE,2,6,5
4186,13557,11:28:00,0,218.00,0,22.0700,1.1800,2.1300,0.7680,1,ACTIVE,2,6,5
4186,13558,11:28:30,0,226.00,0,59.5200,1.7500,6.0100,2.7600,1,ACTIVE,2,6,5
4186,13559,11:29:00,0,156.00,0,21.7500,1.2100,2.0800,0.7850,1,ACTIVE,2,6,5
4186,13560,11:29:30,0,184.00,0,10.0000,0.5670,0.9540,0.3600,1,ACTIVE,2,6,5
4186,13561,11:30:00,0,173.00,0,10.8500,0.6890,1.0200,0.3840,1,ACTIVE,2,6,5
4186,13562,11:30:30,0,249.00,0,7.3000,0.2770,0.7350,0.2280,1,ACTIVE,2,6,5
4186,13563,11:31:00,0,150.00,0,13.5100,1.2400,1.2100,0.1650,1,ACTIVE,2,6,5
4186,13564,11:31:30,0,79.00,0,3.7400,0.1760,0.3680,0.1220,1,ACTIVE,2,6,5
4186,13565,11:32:00,0,106.00,0,2.7400,0.1510,0.2660,0.0756,1,ACTIVE,2,6,5
4186,13566,11:32:30,0,63.00,0,22.7900,0.9960,2.2700,0.6600,1,ACTIVE,2,6,5
4186,13567,11:33:00,0,92.00,0,17.9400,1.2100,1.7100,0.2490,1,ACTIVE,2,6,5
4186,13568,11:33:30,0,303.00,0,12.0200,0.8750,1.1100,0.3370,1,ACTIVE,2,6,5
4186,13569,11:34:00,0,99.00,0,0.6400,0.0724,0.0523,0.0173,1,ACTIVE,2,6,5
4186,13570,11:34:30,0,75.00,0,0.8500,0.1330,0.0622,0.0070,1,ACTIVE,2,6,5
4186,13571,11:35:00,0,49.00,0,1.1400,0.1610,0.0880,0.0115,1,ACTIVE,2,6,5
4186,13572,11:35:30,0,184.00,0,2.1700,0.2600,0.1760,0.0523,1,ACTIVE,2,6,5
4186,13573,11:36:00,0,218.00,0,10.3600,1.0900,0.8750,0.2770,1,ACTIVE,2,6,5
4186,13574,11:36:30,0,266.00,0,313.2500,10.8000,31.2000,14.9000,1,ACTIVE,2,6,5
4186,13575,11:37:00,0,368.00,0,5.5200,0.4670,0.4870,0.2050,1,ACTIVE,2,6,5
4186,13576,11:37:30,0,241.00,0,0.2300,0.0339,0.0173,0.0059,1,ACTIVE,2,6,5
4186,13577,11:38:00,0,218.00,0,4.7200,0.7510,0.3370,0.0981,1,ACTIVE,2,6,5
4186,13578,11:38:30,0,368.00,0,1.0500,0.1220,0.0880,0.0115,1,ACTIVE,2,6,5
4186,13579,11:39:00,0,226.00,0,1.0500,0.1120,0.0880,0.0292,1,ACTIVE,2,6,5
4186,13580,11:39:30,0,145.00,0,3.5400,0.3600,0.3030,0.0880,1,ACTIVE,2,6,5
4186,13581,11:40:00,0,284.00,0,0.6800,0.0939,0.0523,0.0173,1,ACTIVE,2,6,5
4186,13582,11:40:30,0,167.00,0,0.1100,0.0490,0.0000,0.0059,1,ACTIVE,2,6,5
4186,13583,11:41:00,0,257.00,0,0.0500,0.0197,0.0000,0.0059,1,ACTIVE,2,6,5
4186,13584,11:41:30,0,136.00,0,10.5300,1.7900,0.7040,0.3760,1,ACTIVE,2,6,5
4186,13585,11:42:00,0,131.00,0,0.0900,0.0395,0.0000,0.0059,1,ACTIVE,2,6,5
4186,13586,11:42:30,0,122.00,0,0.1800,0.0790,0.0000,0.0059,1,ACTIVE,2,6,5
4186,13587,11:43:00,0,204.00,0,0.0900,0.0395,0.0000,0.0000,1,ACTIVE,2,6,5
4186,13588,11:43:30,0,113.00,0,0.0200,0.0049,0.0000,0.0059,1,ACTIVE,2,6,5
4186,13589,11:44:00,0,92.00,0,0.0200,0.0049,0.0000,0.0059,1,ACTIVE,2,6,5
4186,13590,11:44:30,0,99.00,0,0.0200,0.0049,0.0000,0.0059,1,ACTIVE,2,6,5
4186,13591,11:45:00,0,218.00,0,4.4600,0.1120,0.4570,0.1920,1,ACTIVE,2,6,5
4186,13592,11:45:30,0,191.00,0,0.0200,0.0049,0.0000,0.0059,1,ACTIVE,2,6,5
4186,13593,11:46:00,0,131.00,0,0.0100,0.0049,0.0000,0.0000,1,ACTIVE,2,6,5
4186,13594,11:46:30,0,284.00,0,0.0300,0.0099,0.0000,0.0059,1,ACTIVE,2,6,5
4186,13595,11:47:00,0,405.00,0,0.0200,0.0049,0.0000,0.0059,1,ACTIVE,2,6,5
4186,13596,11:47:30,0,293.00,0,0.0100,0.0049,0.0000,0.0000,1,ACTIVE,2,6,5
4186,13597,11:48:00,0,241.00,0,0.0200,0.0049,0.0000,0.0059,1,ACTIVE,2,6,5
4186,13598,11:48:30,0,184.00,0,0.0100,0.0049,0.0000,0.0000,1,ACTIVE,2,6,5
4186,13599,11:49:00,0,173.00,0,0.0200,0.0049,0.0000,0.0059,1,ACTIVE,2,6,5
4186,13600,11:49:30,0,191.00,0,0.0300,0.0099,0.0000,0.0059,1,ACTIVE,2,6,5
4186,13601,11:50:00,0,179.00,0,4.5300,0.1580,0.4570,0.1690,1,ACTIVE,2,6,5
4186,13602,11:50:30,0,127.00,0,4.0000,0.1450,0.4010,0.1580,1,ACTIVE,2,6,5
4186,13603,11:51:00,0,184.00,0,32.4100,2.5300,2.9400,0.9750,1,ACTIVE,2,6,5
4186,13604,11:51:30,0,204.00,0,10.7100,1.4100,0.8370,0.2380,1,ACTIVE,2,6,5
4186,13605,11:52:00,0,150.00,0,2.4700,0.1070,0.2440,0.0880,1,ACTIVE,2,6,5
4186,13606,11:52:30,0,95.00,0,1.8000,0.0807,0.1760,0.0756,1,ACTIVE,2,6,5
4186,13607,11:53:00,0,85.00,0,2.0700,0.0596,0.2090,0.0981,1,ACTIVE,2,6,5
4186,13608,11:53:30,0,82.00,0,4.3700,0.2280,0.4190,0.1800,1,ACTIVE,2,6,5
4186,13609,11:54:00,0,89.00,0,4.6100,0.1720,0.4570,0.2140,1,ACTIVE,2,6,5
4186,13610,11:54:30,0,122.00,0,10.9700,0.2050,1.1100,0.7350,1,ACTIVE,2,6,5
4186,13611,11:55:00,0,61.00,0,0.8100,0.0981,0.0197,0.3840,1,ACTIVE,2,6,5
4186,13612,11:55:30,0,58.00,0,2.1800,0.1120,0.2090,0.0880,1,ACTIVE,2,6,5
4186,13613,11:56:00,0,61.00,0,22.8200,0.6890,2.3200,0.9130,1,ACTIVE,2,6,5
4186,13614,11:56:30,0,79.00,0,0.8100,0.1070,0.0197,0.3680,1,ACTIVE,2,6,5
4186,13615,11:57:00,0,89.00,0,0.6100,0.0596,0.0140,0.3300,1,ACTIVE,2,6,5
4186,13616,11:57:30,0,72.00,0,0.8200,0.0679,0.0162,0.4870,1,ACTIVE,2,6,5
4186,13617,11:58:00,0,75.00,0,1.3600,0.1070,0.0412,0.7040,1,ACTIVE,2,6,5
4186,13618,11:58:30,0,140.00,0,7.3500,1.0900,0.5550,0.0807,1,ACTIVE,2,6,5
4186,13619,11:59:00,0,92.00,0,0.6200,0.0596,0.0162,0.3160,1,ACTIVE,2,6,5
4186,13620,11:59:30,0,75.00,0,5.3500,0.1360,0.5430,0.2660,1,ACTIVE,2,6,5
4186,13621,12:00:00,0,145.00,0,8.0100,0.2440,0.8020,0.4100,1,ACTIVE,2,6,6
4186,13622,12:00:30,0,113.00,0,1.5000,0.1760,0.0450,0.6600,1,ACTIVE,2,6,6
4186,13623,12:01:00,0,95.00,0,8.5500,0.2380,0.8750,0.3300,1,ACTIVE,2,6,6
4186,13624,12:01:30,0,92.00,0,9.1700,0.2840,0.9330,0.3370,1,ACTIVE,2,6,6
4186,13625,12:02:00,0,184.00,0,16.7400,2.4700,1.2100,0.6180,1,ACTIVE,2,6,6
4186,13626,12:02:30,0,131.00,0,25.4100,5.1700,1.5700,0.2280,1,ACTIVE,2,6,6
4186,13627,12:03:00,0,145.00,0,9.2200,0.5550,0.8750,0.3030,1,ACTIVE,2,6,6
4186,13628,12:03:30,0,106.00,0,13.2400,1.0400,1.1800,0.5200,1,ACTIVE,2,6,6
4186,13629,12:04:00,0,131.00,0,30.8900,1.8300,2.9400,0.9960,1,ACTIVE,2,6,6
4186,13630,12:04:30,0,136.00,0,19.8400,1.4100,1.8300,0.6740,1,ACTIVE,2,6,6
4186,13631,12:05:00,0,191.00,0,1.9200,0.1330,0.1760,0.0756,1,ACTIVE,2,6,6
4186,13632,12:05:30,0,266.00,0,2.8900,0.2000,0.2660,0.1120,1,ACTIVE,2,6,6
4186,13633,12:06:00,0,118.00,0,5.1500,0.2440,0.4870,0.3160,1,ACTIVE,2,6,6
4186,13634,12:06:30,0,140.00,0,1.3900,0.2660,0.0362,0.4470,1,ACTIVE,2,6,6
4186,13635,12:07:00,0,89.00,0,0.6400,0.0679,0.0523,0.0292,1,ACTIVE,2,6,6
4186,13636,12:07:30,0,136.00,0,0.0200,0.0049,0.0000,0.0059,1,ACTIVE,2,6,6
4186,13637,12:08:00,0,92.00,0,0.0200,0.0049,0.0000,0.0059,1,ACTIVE,2,6,6
4186,13638,12:08:30,0,21.00,0,0.0200,0.0049,0.0000,0.0059,1,ACTIVE,2,6,6
4186,13639,12:09:00,0,54.00,0,0.0200,0.0049,0.0000,0.0059,1,ACTIVE,2,6,6
4186,13640,12:09:30,0,22.00,0,0.0200,0.0049,0.0000,0.0059,1,ACTIVE,2,6,6
4186,13641,12:10:00,0,9.00,0,0.0200,0.0049,0.0000,0.0059,1,ACTIVE,2,6,6
4186,13642,12:10:30,0,2.00,0,0.0200,0.0049,0.0000,0.0059,1,ACTIVE,2,6,6
4186,13643,12:11:00,0,40.00,0,0.0200,0.0049,0.0000,0.0059,1,ACTIVE,2,6,6
4186,13644,12:11:30,0,226.00,0,0.0200,0.0049,0.0000,0.0059,1,ACTIVE,2,6,6
4186,13645,12:12:00,0,249.00,0,0.0200,0.0049,0.0000,0.0059,1,ACTIVE,2,6,6
4186,13646,12:12:30,0,95.00,0,0.0200,0.0049,0.0000,0.0059,1,ACTIVE,2,6,6
4186,13647,12:13:00,0,118.00,0,0.0300,0.0099,0.0000,0.0059,1,ACTIVE,2,6,6
4186,13648,12:13:30,0,179.00,0,0.0200,0.0049,0.0000,0.0059,1,ACTIVE,2,6,6
4186,13649,12:14:00,0,67.00,0,0.0200,0.0049,0.0000,0.0059,1,ACTIVE,2,6,6
4186,13650,12:14:30,0,9.00,0,0.0300,0.0099,0.0000,0.0059,1,ACTIVE,2,6,6
4186,13651,12:15:00,0,47.00,0,0.0200,0.0049,0.0000,0.0059,1,ACTIVE,2,6,6
4186,13652,12:15:30,0,36.00,0,0.0200,0.0049,0.0000,0.0059,1,ACTIVE,2,6,6
4186,13653,12:16:00,0,30.00,0,0.0200,0.0049,0.0000,0.0059,1,ACTIVE,2,6,6
4186,13654,12:16:30,0,61.00,0,0.0200,0.0049,0.0000,0.0059,1,ACTIVE,2,6,6
4186,13655,12:17:00,0,113.00,0,0.0200,0.0049,0.0000,0.0059,1,ACTIVE,2,6,6
4186,13656,12:17:30,0,36.00,0,0.0200,0.0049,0.0000,0.0059,1,ACTIVE,2,6,6
4186,13657,12:18:00,0,0.00,0,0.0200,0.0049,0.0000,0.0059,1,ACTIVE,2,6,6
4186,13658,12:18:30,0,72.00,0,0.0200,0.0049,0.0000,0.0059,1,ACTIVE,2,6,6
4186,13659,12:19:00,0,0.00,0,0.0200,0.0049,0.0000,0.0059,0,ACTIVE,2,6,6
4186,13660,12:19:30,0,38.00,0,0.0200,0.0049,0.0000,0.0059,1,ACTIVE,2,6,6
4186,13661,12:20:00,0,27.00,0,0.0200,0.0049,0.0000,0.0059,1,ACTIVE,2,6,6
4186,13662,12:20:30,0,0.00,0,0.0200,0.0049,0.0000,0.0059,0,ACTIVE,2,6,6
4186,13663,12:21:00,0,6.00,0,0.0200,0.0049,0.0000,0.0059,0,ACTIVE,2,6,6
4186,13664,12:21:30,0,11.00,0,0.0200,0.0049,0.0000,0.0059,1,ACTIVE,2,6,6
4186,13665,12:22:00,0,0.00,0,0.0200,0.0049,0.0000,0.0059,1,ACTIVE,2,6,6
4186,13666,12:22:30,0,162.00,0,0.0200,0.0049,0.0000,0.0059,1,ACTIVE,2,6,6
4186,13667,12:23:00,0,109.00,0,0.0200,0.0049,0.0000,0.0059,1,ACTIVE,2,6,6
4186,13668,12:23:30,0,145.00,0,0.0200,0.0049,0.0000,0.0059,1,ACTIVE,2,6,6
4186,13669,12:24:00,0,11.00,0,0.0200,0.0049,0.0000,0.0059,1,ACTIVE,2,6,6
4186,13670,12:24:30,0,99.00,0,0.0200,0.0049,0.0000,0.0059,1,ACTIVE,2,6,6
4186,13671,12:25:00,0,8.00,0,0.0200,0.0049,0.0000,0.0059,1,ACTIVE,2,6,6
4186,13672,12:25:30,0,2.00,0,0.0300,0.0099,0.0000,0.0059,1,ACTIVE,2,6,6
4186,13673,12:26:00,0,2.00,0,0.0300,0.0099,0.0000,0.0059,1,ACTIVE,2,6,6
4186,13674,12:26:30,0,34.00,0,0.0200,0.0049,0.0000,0.0059,1,ACTIVE,2,6,6
4186,13675,12:27:00,0,131.00,0,0.0200,0.0049,0.0000,0.0059,1,ACTIVE,2,6,6
4186,13676,12:27:30,0,45.00,0,0.0200,0.0049,0.0000,0.0059,1,ACTIVE,2,6,6
4186,13677,12:28:00,0,179.00,0,0.0200,0.0049,0.0000,0.0059,1,ACTIVE,2,6,6
4186,13678,12:28:30,0,234.00,0,0.0100,0.0049,0.0000,0.0000,1,ACTIVE,2,6,6
4186,13679,12:29:00,0,95.00,0,0.0200,0.0049,0.0000,0.0059,1,ACTIVE,2,6,6
4186,13680,12:29:30,0,28.00,0,0.0200,0.0049,0.0000,0.0059,1,ACTIVE,2,6,6
4186,13681,12:30:00,0,18.00,0,0.0200,0.0049,0.0000,0.0059,1,ACTIVE,2,6,6
4186,13682,12:30:30,0,67.00,0,0.0200,0.0049,0.0000,0.0059,1,ACTIVE,2,6,6
4186,13683,12:31:00,0,24.00,0,0.0200,0.0049,0.0000,0.0059,1,ACTIVE,2,6,6
4186,13684,12:31:30,0,20.00,0,0.1700,0.0042,0.0173,0.0059,1,ACTIVE,2,6,6
4186,13685,12:32:00,0,47.00,0,0.0200,0.0049,0.0000,0.0059,1,ACTIVE,2,6,6
4186,13686,12:32:30,0,43.00,0,0.0200,0.0049,0.0000,0.0059,1,ACTIVE,2,6,6
4186,13687,12:33:00,0,31.00,0,0.0200,0.0049,0.0000,0.0059,1,ACTIVE,2,6,6
4186,13688,12:33:30,0,2.00,0,0.0200,0.0049,0.0000,0.0059,0,ACTIVE,2,6,6
4186,13689,12:34:00,0,1.00,0,0.0200,0.0049,0.0000,0.0059,0,ACTIVE,2,6,6
4186,13690,12:34:30,0,38.00,0,0.0200,0.0049,0.0000,0.0059,1,ACTIVE,2,6,6
4186,13691,12:35:00,0,1.00,0,0.0200,0.0049,0.0000,0.0059,0,ACTIVE,2,6,6
4186,13692,12:35:30,0,89.00,0,0.0200,0.0049,0.0000,0.0059,1,ACTIVE,2,6,6
4186,13693,12:36:00,0,12.00,0,0.0200,0.0049,0.0000,0.0059,1,ACTIVE,2,6,6
4186,13694,12:36:30,0,22.00,0,0.0200,0.0049,0.0000,0.0059,1,ACTIVE,2,6,6
4186,13695,12:37:00,0,11.00,0,0.0200,0.0049,0.0000,0.0059,1,ACTIVE,2,6,6
4186,13696,12:37:30,0,26.00,0,0.0200,0.0049,0.0000,0.0059,1,ACTIVE,2,6,6
4186,13697,12:38:00,0,40.00,0,0.0200,0.0049,0.0000,0.0059,1,ACTIVE,2,6,6
4186,13698,12:38:30,0,54.00,0,0.0200,0.0049,0.0000,0.0059,1,ACTIVE,2,6,6
4186,13699,12:39:00,0,0.00,0,0.0200,0.0049,0.0000,0.0059,0,ACTIVE,2,6,6
4186,13700,12:39:30,0,16.00,0,0.0200,0.0049,0.0000,0.0059,1,ACTIVE,2,6,6
4186,13701,12:40:00,0,8.00,0,0.0200,0.0049,0.0000,0.0059,1,ACTIVE,2,6,6
4186,13702,12:40:30,0,19.00,0,0.0300,0.0099,0.0000,0.0059,1,ACTIVE,2,6,6
4186,13703,12:41:00,0,82.00,0,0.0200,0.0049,0.0000,0.0059,1,ACTIVE,2,6,6
4186,13704,12:41:30,0,1.00,0,0.0200,0.0049,0.0000,0.0059,0,ACTIVE,2,6,6
4186,13705,12:42:00,0,8.00,0,0.0200,0.0049,0.0000,0.0059,1,ACTIVE,2,6,6
4186,13706,12:42:30,0,0.00,0,0.0200,0.0049,0.0000,0.0059,0,ACTIVE,2,6,6
4186,13707,12:43:00,0,28.00,0,0.0100,0.0049,0.0000,0.0000,1,ACTIVE,2,6,6
4186,13708,12:43:30,0,19.00,0,0.0200,0.0049,0.0000,0.0059,1,ACTIVE,2,6,6
4186,13709,12:44:00,0,30.00,0,0.0200,0.0049,0.0000,0.0059,1,ACTIVE,2,6,6
4186,13710,12:44:30,0,29.00,0,0.0200,0.0049,0.0000,0.0059,1,ACTIVE,2,6,6
4186,13711,12:45:00,0,24.00,0,0.0200,0.0049,0.0000,0.0059,1,ACTIVE,2,6,6
4186,13712,12:45:30,0,45.00,0,0.0200,0.0049,0.0000,0.0059,1,ACTIVE,2,6,6
4186,13713,12:46:00,0,24.00,0,0.0200,0.0049,0.0000,0.0059,1,ACTIVE,2,6,6
4186,13714,12:46:30,0,21.00,0,0.0200,0.0049,0.0000,0.0059,1,ACTIVE,2,6,6
4186,13715,12:47:00,0,56.00,0,0.0200,0.0049,0.0000,0.0059,1,ACTIVE,2,6,6
4186,13716,12:47:30,0,47.00,0,0.0200,0.0049,0.0000,0.0059,1,ACTIVE,2,6,6
4186,13717,12:48:00,0,122.00,0,0.0200,0.0049,0.0000,0.0059,1,ACTIVE,2,6,6
4186,13718,12:48:30,0,179.00,0,0.0100,0.0049,0.0000,0.0000,1,ACTIVE,2,6,6
4186,13719,12:49:00,0,82.00,0,0.0200,0.0049,0.0000,0.0059,1,ACTIVE,2,6,6
4186,13720,12:49:30,0,89.00,0,0.0200,0.0049,0.0000,0.0059,1,ACTIVE,2,6,6
4186,13721,12:50:00,0,99.00,0,0.0200,0.0049,0.0000,0.0059,1,ACTIVE,2,6,6
4186,13722,12:50:30,0,118.00,0,0.0200,0.0049,0.0000,0.0059,1,ACTIVE,2,6,6
4186,13723,12:51:00,0,67.00,0,0.0200,0.0049,0.0000,0.0059,1,ACTIVE,2,6,6
4186,13724,12:51:30,0,49.00,0,0.0200,0.0049,0.0000,0.0059,1,ACTIVE,2,6,6
4186,13725,12:52:00,0,65.00,0,0.0100,0.0049,0.0000,0.0000,1,ACTIVE,2,6,6
4186,13726,12:52:30,0,106.00,0,0.0100,0.0000,0.0000,0.0059,1,ACTIVE,2,6,6
4186,13727,12:53:00,0,70.00,0,0.0100,0.0049,0.0000,0.0000,1,ACTIVE,2,6,6
4186,13728,12:53:30,0,70.00,0,0.0200,0.0049,0.0000,0.0059,1,ACTIVE,2,6,6
4186,13729,12:54:00,0,72.00,0,0.0200,0.0049,0.0000,0.0059,1,ACTIVE,2,6,6
4186,13730,12:54:30,0,109.00,0,0.0200,0.0049,0.0000,0.0059,1,ACTIVE,2,6,6
4186,13731,12:55:00,0,99.00,0,0.0100,0.0049,0.0000,0.0000,1,ACTIVE,2,6,6
4186,13732,12:55:30,0,109.00,0,0.0200,0.0049,0.0000,0.0059,1,ACTIVE,2,6,6
4186,13733,12:56:00,0,47.00,0,0.0200,0.0049,0.0000,0.0059,1,ACTIVE,2,6,6
4186,13734,12:56:30,0,24.00,0,0.0200,0.0049,0.0000,0.0059,1,ACTIVE,2,6,6
4186,13735,12:57:00,0,150.00,0,0.0200,0.0049,0.0000,0.0059,1,ACTIVE,2,6,6
4186,13736,12:57:30,0,140.00,0,0.0200,0.0049,0.0000,0.0059,1,ACTIVE,2,6,6
4186,13737,12:58:00,0,275.00,0,0.0100,0.0049,0.0000,0.0000,1,ACTIVE,2,6,6
4186,13738,12:58:30,0,179.00,0,0.0100,0.0049,0.0000,0.0000,1,ACTIVE,2,6,6
4186,13739,12:59:00,0,122.00,0,0.0100,0.0049,0.0000,0.0000,1,ACTIVE,2,6,6
4186,13740,12:59:30,0,54.00,0,0.0100,0.0049,0.0000,0.0000,1,ACTIVE,2,6,6
4186,13741,13:00:00,0,113.00,0,0.0200,0.0049,0.0000,0.0059,1,ACTIVE,2,6,6
4186,13742,13:00:30,0,52.00,0,0.0200,0.0049,0.0000,0.0059,1,ACTIVE,2,6,6
4186,13743,13:01:00,0,122.00,0,0.0100,0.0049,0.0000,0.0000,1,ACTIVE,2,6,6
4186,13744,13:01:30,0,432.00,0,0.0200,0.0049,0.0000,0.0059,1,ACTIVE,2,6,6
4186,13745,13:02:00,0,266.00,0,0.0200,0.0099,0.0000,0.0000,1,ACTIVE,2,6,6
4186,13746,13:02:30,0,368.00,0,44.3000,2.1700,4.2500,2.0800,1,ACTIVE,2,6,6
4186,13747,13:03:00,0,234.00,0,12.8900,0.4770,1.2900,0.4770,1,ACTIVE,2,6,6
4186,13748,13:03:30,0,118.00,0,27.8900,2.6400,2.4200,0.7850,1,ACTIVE,2,6,6
4186,13749,13:04:00,0,122.00,0,53.6500,3.0700,5.0600,2.3700,1,ACTIVE,2,6,6
4186,13750,13:04:30,0,61.00,0,2.3000,0.1720,0.2090,0.0756,1,ACTIVE,2,6,6
4186,13751,13:05:00,0,75.00,0,0.0800,0.0215,0.0012,0.0215,1,ACTIVE,2,6,6
4186,13752,13:05:30,0,29.00,0,0.1000,0.0215,0.0012,0.0354,1,ACTIVE,2,6,6
4186,13753,13:06:00,0,24.00,0,0.1900,0.0339,0.0035,0.0790,1,ACTIVE,2,6,6
4186,13754,13:06:30,0,79.00,0,0.5100,0.0724,0.0140,0.2090,1,ACTIVE,2,6,6
4186,13755,13:07:00,0,21.00,0,4.7400,0.7350,0.1390,1.7500,1,ACTIVE,2,6,6
4186,13756,13:07:30,0,106.00,0,5.9700,0.2840,0.5790,0.2490,1,ACTIVE,2,6,6
4186,13757,13:08:00,0,145.00,0,2.9300,0.3680,0.2380,0.0256,1,ACTIVE,2,6,6
4186,13758,13:08:30,0,249.00,0,71.2800,1.6400,7.6300,0.7680,1,ACTIVE,2,6,6
4186,13759,13:09:00,0,89.00,0,6.1500,0.3450,0.5790,0.2900,1,ACTIVE,2,6,6
4186,13760,13:09:30,0,106.00,0,4.0400,0.1330,0.4010,0.2140,1,ACTIVE,2,6,6
4186,13761,13:10:00,0,204.00,0,7.3600,0.2600,0.7350,0.3160,1,ACTIVE,2,6,6
4186,13762,13:10:30,0,211.00,0,6.3500,0.3840,0.6180,0.0807,1,ACTIVE,2,6,6
4186,13763,13:11:00,0,150.00,0,4.7600,0.2380,0.4570,0.2140,1,ACTIVE,2,6,6
4186,13764,13:11:30,0,150.00,0,4.2200,0.1610,0.4190,0.1800,1,ACTIVE,2,6,6
4186,13765,13:12:00,0,140.00,0,6.8700,0.4190,0.6460,0.2660,1,ACTIVE,2,6,6
4186,13766,13:12:30,0,150.00,0,5.1200,0.4370,0.4570,0.1450,1,ACTIVE,2,6,6
4186,13767,13:13:00,0,113.00,0,8.2300,0.3840,0.8020,0.3300,1,ACTIVE,2,6,6
4186,13768,13:13:30,0,82.00,0,7.0500,0.3030,0.6890,0.3160,1,ACTIVE,2,6,6
4186,13769,13:14:00,0,106.00,0,1.5600,0.0939,0.1510,0.0206,1,ACTIVE,2,6,6
4186,13770,13:14:30,0,24.00,0,0.0300,0.0099,0.0000,0.0059,1,ACTIVE,2,6,6
4186,13771,13:15:00,0,28.00,0,0.0300,0.0099,0.0000,0.0059,1,ACTIVE,2,6,6
4186,13772,13:15:30,0,89.00,0,14.6300,1.0600,1.3500,0.4280,1,ACTIVE,2,6,6
4186,13773,13:16:00,0,65.00,0,48.6200,1.7900,4.8400,2.0800,1,ACTIVE,2,6,6
4186,13774,13:16:30,0,99.00,0,4.9600,0.2140,0.4870,0.2050,1,ACTIVE,2,6,6
4186,13775,13:17:00,0,56.00,0,2.0400,0.0470,0.2090,0.0981,1,ACTIVE,2,6,6
4186,13776,13:17:30,0,65.00,0,1.5400,0.1220,0.1390,0.0523,1,ACTIVE,2,6,6
4186,13777,13:18:00,0,43.00,0,0.5500,0.0339,0.0523,0.0173,1,ACTIVE,2,6,6
4186,13778,13:18:30,0,19.00,0,0.2100,0.0215,0.0173,0.0059,1,ACTIVE,2,6,6
4186,13779,13:19:00,0,162.00,0,3.6300,0.0861,0.3680,0.2050,1,ACTIVE,2,6,6
4186,13780,13:19:30,0,85.00,0,0.5200,0.0470,0.0173,0.2440,1,ACTIVE,2,6,6
4186,13781,13:20:00,0,113.00,0,2.8300,0.1610,0.2660,0.1330,1,ACTIVE,2,6,6
4186,13782,13:20:30,0,198.00,0,5.1300,0.2490,0.4870,0.2900,1,ACTIVE,2,6,6
4186,13783,13:21:00,0,313.00,0,4.2300,0.2380,0.4010,0.1800,1,ACTIVE,2,6,6
4186,13784,13:21:30,0,393.00,0,0.0200,0.0049,0.0000,0.0059,1,ACTIVE,2,6,6
4186,13785,13:22:00,0,211.00,0,0.0100,0.0049,0.0000,0.0000,1,ACTIVE,2,6,6
4186,13786,13:22:30,0,184.00,0,0.0200,0.0049,0.0000,0.0059,1,ACTIVE,2,6,6
4186,13787,13:23:00,0,72.00,0,0.0100,0.0049,0.0000,0.0000,1,ACTIVE,2,6,6
4186,13788,13:23:30,0,122.00,0,0.0200,0.0049,0.0000,0.0059,1,ACTIVE,2,6,6
4186,13789,13:24:00,0,156.00,0,0.0100,0.0049,0.0000,0.0000,1,ACTIVE,2,6,6
4186,13790,13:24:30,0,61.00,0,0.0200,0.0049,0.0000,0.0059,1,ACTIVE,2,6,6
4186,13791,13:25:00,0,118.00,0,0.0200,0.0049,0.0000,0.0059,1,ACTIVE,2,6,6
4186,13792,13:25:30,0,70.00,0,0.0200,0.0049,0.0000,0.0059,1,ACTIVE,2,6,6
4186,13793,13:26:00,0,179.00,0,0.0200,0.0049,0.0000,0.0059,1,ACTIVE,2,6,6
4186,13794,13:26:30,0,0.00,0,0.0200,0.0049,0.0000,0.0059,1,ACTIVE,2,6,6
4186,13795,13:27:00,0,156.00,0,0.0200,0.0049,0.0000,0.0059,1,ACTIVE,2,6,6
4186,13796,13:27:30,0,21.00,0,0.0200,0.0049,0.0000,0.0059,1,ACTIVE,2,6,6
4186,13797,13:28:00,0,47.00,0,0.0200,0.0049,0.0000,0.0059,1,ACTIVE,2,6,6
4186,13798,13:28:30,0,18.00,0,0.0200,0.0049,0.0000,0.0059,1,ACTIVE,2,6,6
4186,13799,13:29:00,0,33.00,0,0.0200,0.0049,0.0000,0.0059,1,ACTIVE,2,6,6
4186,13800,13:29:30,0,13.00,0,0.0200,0.0049,0.0000,0.0059,1,ACTIVE,2,6,6
4186,13801,13:30:00,0,127.00,0,0.0200,0.0049,0.0000,0.0059,1,ACTIVE,2,6,6
4186,13802,13:30:30,0,335.00,0,0.0100,0.0049,0.0000,0.0000,1,ACTIVE,2,6,6
4186,13803,13:31:00,0,275.00,0,2.4300,0.3680,0.1760,0.0650,1,ACTIVE,2,6,6
4186,13804,13:31:30,0,127.00,0,50.3500,2.5300,4.9500,1.3200,1,ACTIVE,2,6,6
4186,13805,13:32:00,0,162.00,0,22.4300,1.2100,2.2200,0.2900,1,ACTIVE,2,6,6
4186,13806,13:32:30,0,284.00,0,24.4700,1.7500,2.3200,0.2770,1,ACTIVE,2,6,6
4186,13807,13:33:00,0,92.00,0,19.5400,0.9960,1.9100,0.5790,1,ACTIVE,2,6,6
4186,13808,13:33:30,0,70.00,0,64.8400,2.4700,6.5600,1.7900,1,ACTIVE,2,6,6
4186,13809,13:34:00,0,38.00,0,23.1100,1.5700,2.2200,0.1880,1,ACTIVE,2,6,6
4186,13810,13:34:30,0,10.00,0,33.0900,1.8300,3.2100,0.8750,1,ACTIVE,2,6,6
4186,13811,13:35:00,0,30.00,0,17.6200,1.1100,1.6700,0.4570,1,ACTIVE,2,6,6
4186,13812,13:35:30,0,28.00,0,1.4500,0.0807,0.1390,0.0523,1,ACTIVE,2,6,6
4186,13813,13:36:00,0,13.00,0,1.8900,0.1330,0.1760,0.0523,1,ACTIVE,2,6,6
4186,13814,13:36:30,0,0.00,0,2.5500,0.1510,0.2440,0.0756,0,ACTIVE,2,6,6
4186,13815,13:37:00,0,4.00,0,2.5700,0.1580,0.2440,0.0756,1,ACTIVE,2,6,6
4186,13816,13:37:30,0,47.00,0,2.7100,0.1360,0.2660,0.0756,1,ACTIVE,2,6,6
4186,13817,13:38:00,0,156.00,0,46.6600,2.4700,4.6400,0.5430,1,ACTIVE,2,6,6
4186,13818,13:38:30,0,82.00,0,23.6100,1.5400,2.2700,0.3160,1,ACTIVE,2,6,6
4186,13819,13:39:00,0,70.00,0,0.9300,0.0679,0.0880,0.0070,1,ACTIVE,2,6,6
4186,13820,13:39:30,0,15.00,0,0.9300,0.0596,0.0880,0.0292,1,ACTIVE,2,6,6
4186,13821,13:40:00,0,18.00,0,1.0900,0.0861,0.1000,0.0162,1,ACTIVE,2,6,6
4186,13822,13:40:30,0,95.00,0,3.6100,0.1220,0.3680,0.1120,1,ACTIVE,2,6,6
4186,13823,13:41:00,0,92.00,0,0.9900,0.0939,0.0880,0.0115,1,ACTIVE,2,6,6
4186,13824,13:41:30,0,127.00,0,14.6200,1.4100,1.2900,0.1800,1,ACTIVE,2,6,6
4186,13825,13:42:00,0,70.00,0,19.2300,1.1800,1.8700,0.2440,1,ACTIVE,2,6,6
4186,13826,13:42:30,0,31.00,0,0.8900,0.0470,0.0880,0.0115,1,ACTIVE,2,6,6
4186,13827,13:43:00,0,12.00,0,0.9600,0.0724,0.0880,0.0292,1,ACTIVE,2,6,6
4186,13828,13:43:30,0,43.00,0,1.7600,0.0679,0.1760,0.0650,1,ACTIVE,2,6,6
4186,13829,13:44:00,0,162.00,0,59.2300,1.9500,6.0100,2.0800,1,ACTIVE,2,6,6
4186,13830,13:44:30,0,393.00,0,27.3700,1.2900,2.7000,0.8200,1,ACTIVE,2,6,6
4186,13831,13:45:00,0,33.00,0,34.0300,1.3200,3.4200,1.0400,1,ACTIVE,2,6,6
4186,13832,13:45:30,0,184.00,0,28.6400,2.3200,2.6400,0.3680,1,ACTIVE,2,6,6
4186,13833,13:46:00,0,198.00,0,1.5100,0.2770,0.1000,0.0162,1,ACTIVE,2,6,6
4186,13834,13:46:30,0,131.00,0,1.6900,0.3600,0.1000,0.0162,1,ACTIVE,2,6,6
4186,13835,13:47:00,0,211.00,0,6.9600,0.5430,0.6460,0.0939,1,ACTIVE,2,6,6
4186,13836,13:47:30,0,92.00,0,2.1100,0.2000,0.1880,0.0206,1,ACTIVE,2,6,6
4186,13837,13:48:00,0,72.00,0,1.7600,0.1880,0.1510,0.0162,1,ACTIVE,2,6,6
4186,13838,13:48:30,0,65.00,0,1.9500,0.1760,0.1760,0.0162,1,ACTIVE,2,6,6
4186,13839,13:49:00,0,40.00,0,2.1200,0.2000,0.1880,0.0256,1,ACTIVE,2,6,6
4186,13840,13:49:30,0,198.00,0,2.2200,0.2490,0.1880,0.0206,1,ACTIVE,2,6,6
4186,13841,13:50:00,0,131.00,0,1.2000,0.1880,0.0880,0.0115,1,ACTIVE,2,6,6
4186,13842,13:50:30,0,432.00,0,1.2900,0.2190,0.0880,0.0292,1,ACTIVE,2,6,6
4186,13843,13:51:00,0,303.00,0,0.6800,0.0939,0.0523,0.0173,1,ACTIVE,2,6,6
4186,13844,13:51:30,0,293.00,0,2.4400,0.2440,0.2140,0.0298,1,ACTIVE,2,6,6
4186,13845,13:52:00,0,26.00,0,3.9200,0.3600,0.3520,0.0395,1,ACTIVE,2,6,6
4186,13846,13:52:30,0,136.00,0,2.9000,0.2660,0.2600,0.0298,1,ACTIVE,2,6,6
4186,13847,13:53:00,0,218.00,0,2.6300,0.2280,0.2380,0.0298,1,ACTIVE,2,6,6
4186,13848,13:53:30,0,266.00,0,1.6500,0.2440,0.1220,0.0412,1,ACTIVE,2,6,6
4186,13849,13:54:00,0,54.00,0,1.2400,0.2050,0.0880,0.0115,1,ACTIVE,2,6,6
4186,13850,13:54:30,0,0.00,0,1.1700,0.1760,0.0880,0.0115,1,ACTIVE,2,6,6
4186,13851,13:55:00,0,9.00,0,1.7700,0.2960,0.1220,0.0412,1,ACTIVE,2,6,6
4186,13852,13:55:30,0,0.00,0,1.5200,0.2840,0.1000,0.0162,1,ACTIVE,2,6,6
4186,13853,13:56:00,0,65.00,0,1.6200,0.2280,0.1220,0.0412,1,ACTIVE,2,6,6
4186,13854,13:56:30,0,26.00,0,1.1000,0.1450,0.0880,0.0115,1,ACTIVE,2,6,6
4186,13855,13:57:00,0,492.00,0,2.2500,0.2960,0.1760,0.0523,1,ACTIVE,2,6,6
4186,13856,13:57:30,0,218.00,0,1.5200,0.2840,0.1000,0.0162,1,ACTIVE,2,6,6
4186,13857,13:58:00,0,1.00,0,1.5200,0.2840,0.1000,0.0162,1,ACTIVE,2,6,6
4186,13858,13:58:30,0,43.00,0,1.5200,0.2840,0.1000,0.0162,1,ACTIVE,2,6,6
4186,13859,13:59:00,0,198.00,0,1.7000,0.2660,0.1220,0.0412,1,ACTIVE,2,6,6
4186,13860,13:59:30,0,419.00,0,4.8800,0.5200,0.4190,0.0535,1,ACTIVE,2,6,6
4186,13861,14:00:00,0,335.00,0,9.3400,1.9900,0.5550,0.0724,1,ACTIVE,2,6,6
4186,13862,14:00:30,0,508.00,0,18.4200,1.4400,1.7100,0.2230,1,ACTIVE,2,6,6
4186,13863,14:01:00,0,275.00,0,11.8700,1.5400,0.9540,0.1140,1,ACTIVE,2,6,6
4186,13864,14:01:30,0,54.00,0,1.2800,0.2140,0.0880,0.0292,1,ACTIVE,2,6,6
4186,13865,14:02:00,0,72.00,0,0.7500,0.1220,0.0523,0.0173,1,ACTIVE,2,6,6
4186,13866,14:02:30,0,36.00,0,0.9400,0.1760,0.0622,0.0070,1,ACTIVE,2,6,6
4186,13867,14:03:00,0,21.00,0,1.2900,0.2190,0.0880,0.0292,1,ACTIVE,2,6,6
4186,13868,14:03:30,0,24.00,0,1.3300,0.2380,0.0880,0.0292,1,ACTIVE,2,6,6
4186,13869,14:04:00,0,266.00,0,9.4000,0.6460,0.8940,0.1360,1,ACTIVE,2,6,6
4186,13870,14:04:30,0,241.00,0,16.5800,1.3200,1.5000,0.4570,1,ACTIVE,2,6,6
4186,13871,14:05:00,0,313.00,0,0.9700,0.0861,0.0880,0.0115,1,ACTIVE,2,6,6
4186,13872,14:05:30,0,357.00,0,20.7600,1.4100,1.9500,0.5310,1,ACTIVE,2,6,6
4186,13873,14:06:00,0,293.00,0,2.7900,0.4010,0.2090,0.0650,1,ACTIVE,2,6,6
4186,13874,14:06:30,0,432.00,0,0.0200,0.0099,0.0000,0.0000,1,ACTIVE,2,6,6
4186,13875,14:07:00,0,368.00,0,1.8000,0.0861,0.1760,0.0650,1,ACTIVE,2,6,6
4186,13876,14:07:30,0,419.00,0,0.0200,0.0049,0.0000,0.0059,1,ACTIVE,2,6,6
4186,13877,14:08:00,0,150.00,0,0.0200,0.0049,0.0000,0.0059,1,ACTIVE,2,6,6
4186,13878,14:08:30,0,198.00,0,0.0200,0.0049,0.0000,0.0059,1,ACTIVE,2,6,6
4186,13879,14:09:00,0,7.00,0,0.0200,0.0049,0.0000,0.0059,1,ACTIVE,2,6,6
4186,13880,14:09:30,0,25.00,0,0.0200,0.0049,0.0000,0.0059,1,ACTIVE,2,6,6
4186,13881,14:10:00,0,49.00,0,0.0200,0.0049,0.0000,0.0059,1,ACTIVE,2,6,6
4186,13882,14:10:30,0,67.00,0,0.0200,0.0049,0.0000,0.0059,1,ACTIVE,2,6,6
4186,13883,14:11:00,0,67.00,0,0.0200,0.0049,0.0000,0.0059,1,ACTIVE,2,6,6
4186,13884,14:11:30,0,106.00,0,0.0200,0.0049,0.0000,0.0059,1,ACTIVE,2,6,6
4186,13885,14:12:00,0,150.00,0,0.0200,0.0049,0.0000,0.0059,1,ACTIVE,2,6,6
4186,13886,14:12:30,0,92.00,0,0.0100,0.0049,0.0000,0.0000,1,ACTIVE,2,6,6
4186,13887,14:13:00,0,162.00,0,0.0200,0.0049,0.0000,0.0059,1,ACTIVE,2,6,6
4186,13888,14:13:30,0,65.00,0,0.0200,0.0049,0.0000,0.0059,1,ACTIVE,2,6,6
4186,13889,14:14:00,0,31.00,0,0.0200,0.0049,0.0000,0.0059,1,ACTIVE,2,6,6
4186,13890,14:14:30,0,9.00,0,0.0200,0.0049,0.0000,0.0059,1,ACTIVE,2,6,6
4186,13891,14:15:00,0,1.00,0,0.0200,0.0049,0.0000,0.0059,1,ACTIVE,2,6,6
4186,13892,14:15:30,0,82.00,0,0.0100,0.0049,0.0000,0.0000,1,ACTIVE,2,6,6
4186,13893,14:16:00,0,257.00,0,0.0200,0.0049,0.0000,0.0059,1,ACTIVE,2,6,6
4186,13894,14:16:30,0,381.00,0,1.1900,0.2770,0.0245,0.3300,1,ACTIVE,2,6,6
4186,13895,14:17:00,0,293.00,0,9.5700,0.4370,0.9330,0.3920,1,ACTIVE,2,6,6
4186,13896,14:17:30,0,234.00,0,0.4500,0.0470,0.0140,0.2090,1,ACTIVE,2,6,6
4186,13897,14:18:00,0,89.00,0,134.5700,2.0800,14.3000,4.3400,1,ACTIVE,2,6,6
4186,13898,14:18:30,0,89.00,0,9.0900,0.5200,0.8750,0.2600,1,ACTIVE,2,6,6
4186,13899,14:19:00,0,109.00,0,9.3000,0.5550,0.8750,0.3840,1,ACTIVE,2,6,6
4186,13900,14:19:30,0,82.00,0,25.2700,0.7350,2.5300,1.3800,1,ACTIVE,2,6,6
4186,13901,14:20:00,0,156.00,0,1.0500,0.1840,0.0279,0.3680,1,ACTIVE,2,6,6
4186,13902,14:20:30,0,61.00,0,6.5300,0.7200,0.5550,0.0773,1,ACTIVE,2,6,6
4186,13903,14:21:00,0,127.00,0,1.7500,0.0559,0.1760,0.0756,1,ACTIVE,2,6,6
4186,13904,14:21:30,0,99.00,0,8.4000,1.2400,0.6180,0.2280,1,ACTIVE,2,6,6
4186,13905,14:22:00,0,156.00,0,2.6700,0.1840,0.2440,0.1220,1,ACTIVE,2,6,6
4186,13906,14:22:30,0,82.00,0,8.2700,0.7850,0.7040,0.3370,1,ACTIVE,2,6,6
4186,13907,14:23:00,0,173.00,0,26.8800,1.9500,2.4700,0.8370,1,ACTIVE,2,6,6
4186,13908,14:23:30,0,75.00,0,46.8500,3.3500,4.4400,0.5200,1,ACTIVE,2,6,6
4186,13909,14:24:00,0,30.00,0,79.3200,6.4200,7.1500,2.3200,1,ACTIVE,2,6,6
4186,13910,14:24:30,0,65.00,0,6.0400,0.4570,0.5430,0.2490,1,ACTIVE,2,6,6
4186,13911,14:25:00,0,89.00,0,45.4200,4.4400,3.9000,1.3500,1,ACTIVE,2,6,6
4186,13912,14:25:30,0,20.00,0,53.0300,1.6700,5.3900,1.9100,1,ACTIVE,2,6,6
4186,13913,14:26:00,0,56.00,0,98.3700,11.0000,8.1400,2.4700,1,ACTIVE,2,6,6
4186,13914,14:26:30,0,29.00,0,85.6700,10.6000,6.8500,2.1700,1,ACTIVE,2,6,6
4186,13915,14:27:00,0,63.00,0,101.3200,7.9700,9.0700,3.9000,1,ACTIVE,2,6,6
4186,13916,14:27:30,0,92.00,0,75.5100,2.8200,7.4700,3.5700,1,ACTIVE,2,6,6
4186,13917,14:28:00,0,36.00,0,24.2200,0.8020,2.4700,0.7200,1,ACTIVE,2,6,6
4186,13918,14:28:30,0,8.00,0,20.8100,0.6890,2.1300,0.6180,1,ACTIVE,2,6,6
4186,13919,14:29:00,0,72.00,0,159.4500,5.2800,16.3000,4.7400,1,ACTIVE,2,6,6
4186,13920,14:29:30,0,75.00,0,62.9100,3.0700,6.1400,2.1300,1,ACTIVE,2,6,6
4186,13921,14:30:00,0,70.00,0,162.7900,2.5300,17.8000,1.5400,1,ACTIVE,2,6,6
4186,13922,14:30:30,0,75.00,0,115.1900,1.5000,12.3000,3.9000,1,ACTIVE,2,6,6
4186,13923,14:31:00,0,122.00,0,0.7600,0.0939,0.0622,0.0070,1,ACTIVE,2,6,6
4186,13924,14:31:30,0,33.00,0,3.2300,0.1360,0.3300,0.0395,1,ACTIVE,2,6,6
4186,13925,14:32:00,0,106.00,0,2.1200,0.0939,0.2090,0.0756,1,ACTIVE,2,6,6
4186,13926,14:32:30,0,26.00,0,3.2200,0.2440,0.3030,0.0256,1,ACTIVE,2,6,6
4186,13927,14:33:00,0,218.00,0,4.4800,0.3090,0.4190,0.1220,1,ACTIVE,2,6,6
4186,13928,14:33:30,0,102.00,0,3.1400,0.1610,0.3030,0.1220,1,ACTIVE,2,6,6
4186,13929,14:34:00,0,131.00,0,0.5100,0.0170,0.0523,0.0173,1,ACTIVE,2,6,6
4186,13930,14:34:30,0,335.00,0,5.3700,0.2000,0.5310,0.2490,1,ACTIVE,2,6,6
4186,13931,14:35:00,0,381.00,0,10.0900,1.2400,0.8020,0.3030,1,ACTIVE,2,6,6
4186,13932,14:35:30,0,303.00,0,1.0500,0.1220,0.0880,0.0115,1,ACTIVE,2,6,6
4186,13933,14:36:00,0,393.00,0,2.2700,0.1610,0.2090,0.0756,1,ACTIVE,2,6,6
4186,13934,14:36:30,0,249.00,0,0.2600,0.0807,0.0035,0.0501,1,ACTIVE,2,6,6
4186,13935,14:37:00,0,136.00,0,0.0200,0.0049,0.0000,0.0059,1,ACTIVE,2,6,6
4186,13936,14:37:30,0,36.00,0,0.0200,0.0049,0.0000,0.0059,1,ACTIVE,2,6,6
4186,13937,14:38:00,0,54.00,0,0.0300,0.0099,0.0000,0.0059,1,ACTIVE,2,6,6
4186,13938,14:38:30,0,61.00,0,0.0200,0.0049,0.0000,0.0059,1,ACTIVE,2,6,6
4186,13939,14:39:00,0,52.00,0,0.0200,0.0049,0.0000,0.0059,1,ACTIVE,2,6,6
4186,13940,14:39:30,0,49.00,0,0.0200,0.0049,0.0000,0.0059,1,ACTIVE,2,6,6
4186,13941,14:40:00,0,2.00,0,0.0200,0.0049,0.0000,0.0059,0,ACTIVE,2,6,6
4186,13942,14:40:30,0,0.00,0,0.0200,0.0049,0.0000,0.0059,0,ACTIVE,2,6,6
4186,13943,14:41:00,0,11.00,0,0.0300,0.0099,0.0000,0.0059,0,ACTIVE,2,6,6
4186,13944,14:41:30,0,0.00,0,0.0300,0.0099,0.0000,0.0059,0,ACTIVE,2,6,6
4186,13945,14:42:00,0,34.00,0,0.0300,0.0099,0.0000,0.0059,1,ACTIVE,2,6,6
4186,13946,14:42:30,0,13.00,0,0.0300,0.0099,0.0000,0.0059,1,ACTIVE,2,6,6
4186,13947,14:43:00,0,40.00,0,0.0200,0.0049,0.0000,0.0059,1,ACTIVE,2,6,6
4186,13948,14:43:30,0,20.00,0,0.0200,0.0049,0.0000,0.0059,1,ACTIVE,2,6,6
4186,13949,14:44:00,0,109.00,0,0.0200,0.0049,0.0000,0.0059,1,ACTIVE,2,6,6
4186,13950,14:44:30,0,92.00,0,0.0200,0.0049,0.0000,0.0059,1,ACTIVE,2,6,6
4186,13951,14:45:00,0,26.00,0,0.2600,0.0470,0.0173,0.0059,1,ACTIVE,2,6,6
4186,13952,14:45:30,0,61.00,0,0.2300,0.0339,0.0173,0.0059,1,ACTIVE,2,6,6
4186,13953,14:46:00,0,2.00,0,0.2100,0.0215,0.0173,0.0059,1,ACTIVE,2,6,6
4186,13954,14:46:30,0,0.00,0,0.2000,0.0170,0.0173,0.0059,1,ACTIVE,2,6,6
4186,13955,14:47:00,0,52.00,0,0.1800,0.0085,0.0173,0.0059,1,ACTIVE,2,6,6
4186,13956,14:47:30,0,24.00,0,0.8500,0.0339,0.0880,0.0023,1,ACTIVE,2,6,6
4186,13957,14:48:00,0,113.00,0,0.6200,0.0339,0.0622,0.0023,1,ACTIVE,2,6,6
4186,13958,14:48:30,0,162.00,0,0.0200,0.0099,0.0000,0.0000,1,ACTIVE,2,6,6
4186,13959,14:49:00,0,56.00,0,0.2200,0.0298,0.0173,0.0059,1,ACTIVE,2,6,6
4186,13960,14:49:30,0,56.00,0,0.2000,0.0170,0.0173,0.0059,1,ACTIVE,2,6,6
4186,13961,14:50:00,0,20.00,0,0.5200,0.0215,0.0523,0.0173,1,ACTIVE,2,6,6
4186,13962,14:50:30,0,29.00,0,0.9600,0.0298,0.1000,0.0115,1,ACTIVE,2,6,6
4186,13963,14:51:00,0,29.00,0,0.0300,0.0099,0.0000,0.0059,1,ACTIVE,2,6,6
4186,13964,14:51:30,0,18.00,0,0.0200,0.0049,0.0000,0.0059,1,ACTIVE,2,6,6
4186,13965,14:52:00,0,7.00,0,0.0200,0.0049,0.0000,0.0059,0,ACTIVE,2,6,6
4186,13966,14:52:30,0,8.00,0,0.0200,0.0049,0.0000,0.0059,0,ACTIVE,2,6,6
4186,13967,14:53:00,0,20.00,0,0.0300,0.0099,0.0000,0.0059,1,ACTIVE,2,6,6
4186,13968,14:53:30,0,33.00,0,0.0300,0.0099,0.0000,0.0059,1,ACTIVE,2,6,6
4186,13969,14:54:00,0,43.00,0,0.0300,0.0099,0.0000,0.0059,1,ACTIVE,2,6,6
4186,13970,14:54:30,0,36.00,0,0.0300,0.0099,0.0000,0.0059,1,ACTIVE,2,6,6
4186,13971,14:55:00,0,19.00,0,0.0300,0.0099,0.0000,0.0059,1,ACTIVE,2,6,6
4186,13972,14:55:30,0,38.00,0,0.1800,0.0085,0.0173,0.0059,1,ACTIVE,2,6,6
4186,13973,14:56:00,0,109.00,0,0.0800,0.0215,0.0012,0.0215,1,ACTIVE,2,6,6
4186,13974,14:56:30,0,38.00,0,0.2300,0.0339,0.0173,0.0059,1,ACTIVE,2,6,6
4186,13975,14:57:00,0,21.00,0,0.4400,0.0470,0.0378,0.0023,1,ACTIVE,2,6,6
4186,13976,14:57:30,0,12.00,0,0.2000,0.0170,0.0173,0.0059,1,ACTIVE,2,6,6
4186,13977,14:58:00,0,6.00,0,0.5700,0.0431,0.0523,0.0173,1,ACTIVE,2,6,6
4186,13978,14:58:30,0,75.00,0,0.0300,0.0099,0.0000,0.0059,1,ACTIVE,2,6,6
4186,13979,14:59:00,0,10.00,0,0.6700,0.0559,0.0622,0.0023,1,ACTIVE,2,6,6
4186,13980,14:59:30,0,17.00,0,0.4400,0.0470,0.0378,0.0023,1,ACTIVE,2,6,6
4186,13981,15:00:00,0,4.00,0,0.2000,0.0170,0.0173,0.0059,1,ACTIVE,2,6,6
4186,13982,15:00:30,0,49.00,0,0.0500,0.0197,0.0000,0.0059,1,ACTIVE,2,6,6
4186,13983,15:01:00,0,67.00,0,0.0500,0.0197,0.0000,0.0059,1,ACTIVE,2,6,6
4186,13984,15:01:30,0,20.00,0,0.0200,0.0049,0.0000,0.0059,1,ACTIVE,2,6,6
4186,13985,15:02:00,0,13.00,0,0.0300,0.0099,0.0000,0.0059,1,ACTIVE,2,6,6
4186,13986,15:02:30,0,27.00,0,0.0200,0.0049,0.0000,0.0059,1,ACTIVE,2,6,6
4186,13987,15:03:00,0,2.00,0,0.0300,0.0099,0.0000,0.0059,0,ACTIVE,2,6,6
4186,13988,15:03:30,0,0.00,0,0.0300,0.0099,0.0000,0.0059,0,ACTIVE,2,6,6
4186,13989,15:04:00,0,0.00,0,0.0300,0.0099,0.0000,0.0059,0,ACTIVE,2,6,6
4186,13990,15:04:30,0,1.00,0,0.0300,0.0099,0.0000,0.0059,0,ACTIVE,2,6,6
4186,13991,15:05:00,0,3.00,0,0.0300,0.0099,0.0000,0.0059,0,ACTIVE,2,6,6
4186,13992,15:05:30,0,10.00,0,0.0200,0.0049,0.0000,0.0059,0,ACTIVE,2,6,6
4186,13993,15:06:00,0,0.00,0,0.0300,0.0099,0.0000,0.0059,0,ACTIVE,2,6,6
4186,13994,15:06:30,0,0.00,0,0.0300,0.0099,0.0000,0.0059,0,ACTIVE,2,6,6
4186,13995,15:07:00,0,45.00,0,0.1800,0.0085,0.0173,0.0059,1,ACTIVE,2,6,6
4186,13996,15:07:30,0,75.00,0,0.0300,0.0099,0.0000,0.0059,1,ACTIVE,2,6,6
4186,13997,15:08:00,0,24.00,0,0.0200,0.0049,0.0000,0.0059,1,ACTIVE,2,6,6
4186,13998,15:08:30,0,21.00,0,0.0200,0.0049,0.0000,0.0059,1,ACTIVE,2,6,6
4186,13999,15:09:00,0,0.00,0,0.0200,0.0049,0.0000,0.0059,0,ACTIVE,2,6,6
4186,14000,15:09:30,0,33.00,0,0.0200,0.0049,0.0000,0.0059,1,ACTIVE,2,6,6
4186,14001,15:10:00,0,36.00,0,0.0300,0.0099,0.0000,0.0059,1,ACTIVE,2,6,6
4186,14002,15:10:30,0,56.00,0,0.0600,0.0245,0.0000,0.0059,1,ACTIVE,2,6,6
4186,14003,15:11:00,0,122.00,0,0.3800,0.0981,0.0173,0.0059,1,ACTIVE,2,6,6
4186,14004,15:11:30,0,162.00,0,3.2700,0.6180,0.2140,0.0256,1,ACTIVE,2,6,6
4186,14005,15:12:00,0,179.00,0,1.3600,0.2600,0.0880,0.0115,1,ACTIVE,2,6,6
4186,14006,15:12:30,0,122.00,0,0.0100,0.0049,0.0000,0.0000,1,ACTIVE,2,6,6
4186,14007,15:13:00,0,113.00,0,0.0200,0.0049,0.0000,0.0059,1,ACTIVE,2,6,6
4186,14008,15:13:30,0,58.00,0,0.0300,0.0099,0.0000,0.0059,1,ACTIVE,2,6,6
4186,14009,15:14:00,0,75.00,0,0.2200,0.0298,0.0173,0.0059,1,ACTIVE,2,6,6
4186,14010,15:14:30,0,1.00,0,0.2600,0.0470,0.0173,0.0059,1,ACTIVE,2,6,6
4186,14011,15:15:00,0,12.00,0,0.6800,0.0596,0.0622,0.0070,1,ACTIVE,2,6,6
4186,14012,15:15:30,0,54.00,0,0.2500,0.0431,0.0173,0.0059,1,ACTIVE,2,6,6
4186,14013,15:16:00,0,56.00,0,0.6000,0.0559,0.0523,0.0173,1,ACTIVE,2,6,6
4186,14014,15:16:30,0,38.00,0,0.9300,0.0596,0.0880,0.0292,1,ACTIVE,2,6,6
4186,14015,15:17:00,0,52.00,0,0.2900,0.0596,0.0173,0.0059,1,ACTIVE,2,6,6
4186,14016,15:17:30,0,34.00,0,0.9300,0.0596,0.0880,0.0292,1,ACTIVE,2,6,6
4186,14017,15:18:00,0,54.00,0,0.6000,0.0559,0.0523,0.0173,1,ACTIVE,2,6,6
4186,14018,15:18:30,0,0.00,0,1.5700,0.1360,0.1390,0.0523,0,ACTIVE,2,6,6
4186,14019,15:19:00,0,20.00,0,4.5400,0.1720,0.4570,0.1450,1,ACTIVE,2,6,6
4186,14020,15:19:30,0,11.00,0,1.6000,0.1360,0.1390,0.0756,0,ACTIVE,2,6,6
4186,14021,15:20:00,0,1.00,0,1.5900,0.1360,0.1390,0.0650,0,ACTIVE,2,6,6
4186,14022,15:20:30,0,17.00,0,1.9700,0.1450,0.1760,0.0981,1,ACTIVE,2,6,6
4186,14023,15:21:00,0,24.00,0,1.6200,0.1450,0.1390,0.0756,1,ACTIVE,2,6,6
4186,14024,15:21:30,0,11.00,0,1.9700,0.1610,0.1760,0.0650,1,ACTIVE,2,6,6
4186,14025,15:22:00,0,70.00,0,2.3300,0.1880,0.2090,0.0756,1,ACTIVE,2,6,6
4186,14026,15:22:30,0,8.00,0,2.9000,0.1920,0.2660,0.1330,1,ACTIVE,2,6,6
4186,14027,15:23:00,0,31.00,0,4.6200,0.1920,0.4570,0.1800,1,ACTIVE,2,6,6
4186,14028,15:23:30,0,21.00,0,3.2100,0.1920,0.3030,0.1220,1,ACTIVE,2,6,6
4186,14029,15:24:00,0,2.00,0,2.0300,0.1840,0.1760,0.0756,0,ACTIVE,2,6,6
4186,14030,15:24:30,0,1.00,0,2.0400,0.1840,0.1760,0.0880,1,ACTIVE,2,6,6
4186,14031,15:25:00,0,0.00,0,2.0100,0.1720,0.1760,0.0756,1,ACTIVE,2,6,6
4186,14032,15:25:30,0,106.00,0,0.7000,0.0939,0.0523,0.0292,1,ACTIVE,2,6,6
4186,14033,15:26:00,0,113.00,0,1.6100,0.1510,0.1390,0.0523,1,ACTIVE,2,6,6
4186,14034,15:26:30,0,191.00,0,0.2500,0.0431,0.0173,0.0059,1,ACTIVE,2,6,6
4186,14035,15:27:00,0,335.00,0,11.0000,2.4200,0.6180,0.2140,1,ACTIVE,2,6,6
4186,14036,15:27:30,0,293.00,0,8.7000,0.4670,0.8370,0.3030,1,ACTIVE,2,6,6
4186,14037,15:28:00,0,89.00,0,2.2900,0.1510,0.2090,0.1120,1,ACTIVE,2,6,6
4186,14038,15:28:30,0,136.00,0,1.8000,0.0724,0.1760,0.0880,1,ACTIVE,2,6,6
4186,14039,15:29:00,0,275.00,0,2.1900,0.1190,0.2090,0.0880,1,ACTIVE,2,6,6
4186,14040,15:29:30,0,150.00,0,1.6300,0.1510,0.1390,0.0756,1,ACTIVE,2,6,6
4186,14041,15:30:00,0,43.00,0,0.5500,0.0339,0.0523,0.0173,1,ACTIVE,2,6,6
4186,14042,15:30:30,0,33.00,0,0.9200,0.0431,0.0880,0.0523,1,ACTIVE,2,6,6
4186,14043,15:31:00,0,106.00,0,1.4400,0.0596,0.1390,0.0880,1,ACTIVE,2,6,6
4186,14044,15:31:30,0,226.00,0,8.0000,0.9540,0.6600,0.1000,1,ACTIVE,2,6,6
4186,14045,15:32:00,0,58.00,0,4.2700,0.2140,0.4190,0.1220,1,ACTIVE,2,6,6
4186,14046,15:32:30,0,118.00,0,4.2200,0.1510,0.4190,0.2050,1,ACTIVE,2,6,6
4186,14047,15:33:00,0,95.00,0,0.8500,0.1190,0.0245,0.3450,1,ACTIVE,2,6,6
4186,14048,15:33:30,0,49.00,0,2.6600,0.1720,0.2440,0.1330,1,ACTIVE,2,6,6
4186,14049,15:34:00,0,29.00,0,3.1300,0.1510,0.3030,0.1330,1,ACTIVE,2,6,6
4186,14050,15:34:30,0,75.00,0,2.4800,0.1190,0.2440,0.0756,1,ACTIVE,2,6,6
4186,14051,15:35:00,0,95.00,0,3.0000,0.0861,0.3030,0.1450,1,ACTIVE,2,6,6
4186,14052,15:35:30,0,47.00,0,0.0300,0.0099,0.0000,0.0059,1,ACTIVE,2,6,6
4186,14053,15:36:00,0,82.00,0,3.6700,0.2440,0.3520,0.0440,1,ACTIVE,2,6,6
4186,14054,15:36:30,0,106.00,0,2.2200,0.1360,0.2090,0.0756,1,ACTIVE,2,6,6
4186,14055,15:37:00,0,61.00,0,9.4600,0.4370,0.9330,0.2900,1,ACTIVE,2,6,6
4186,14056,15:37:30,0,156.00,0,1.2700,0.0724,0.1220,0.0412,1,ACTIVE,2,6,6
4186,14057,15:38:00,0,184.00,0,13.8100,0.4870,1.4400,0.1190,1,ACTIVE,2,6,6
4186,14058,15:38:30,0,58.00,0,4.5900,0.1840,0.4570,0.1690,1,ACTIVE,2,6,6
4186,14059,15:39:00,0,85.00,0,11.9000,0.3300,1.2100,0.5200,1,ACTIVE,2,6,6
4186,14060,15:39:30,0,150.00,0,3.5500,0.1880,0.3370,0.1690,1,ACTIVE,2,6,6
4186,14061,15:40:00,0,113.00,0,15.4800,0.9130,1.4700,0.5310,1,ACTIVE,2,6,6
4186,14062,15:40:30,0,82.00,0,19.0100,1.3800,1.7500,0.5920,1,ACTIVE,2,6,6
4186,14063,15:41:00,0,19.00,0,13.1800,0.7680,1.2600,0.3760,1,ACTIVE,2,6,6
4186,14064,15:41:30,0,28.00,0,10.9900,1.2600,0.8940,0.3370,1,ACTIVE,2,6,6
4186,14065,15:42:00,0,67.00,0,18.8200,1.6400,1.6700,0.4870,1,ACTIVE,2,6,6
4186,14066,15:42:30,0,56.00,0,8.9000,0.9960,0.7510,0.1120,1,ACTIVE,2,6,6
4186,14067,15:43:00,0,102.00,0,13.2400,0.7510,1.2600,0.4670,1,ACTIVE,2,6,6
4186,14068,15:43:30,0,12.00,0,14.8500,0.7850,1.4100,0.7200,1,ACTIVE,2,6,6
4186,14069,15:44:00,0,36.00,0,8.9200,0.3030,0.8750,0.5430,1,ACTIVE,2,6,6
4186,14070,15:44:30,0,99.00,0,7.1900,0.4010,0.6890,0.2490,1,ACTIVE,2,6,6
4186,14071,15:45:00,0,89.00,0,3.3400,0.0981,0.3370,0.1580,1,ACTIVE,2,6,6
4186,14072,15:45:30,0,82.00,0,26.3300,4.3400,1.8300,0.6740,1,ACTIVE,2,6,6
4186,14073,15:46:00,0,156.00,0,16.0100,2.6400,1.1100,0.4190,1,ACTIVE,2,6,6
4186,14074,15:46:30,0,118.00,0,8.3100,0.5790,0.7680,0.2770,1,ACTIVE,2,6,6
4186,14075,15:47:00,0,156.00,0,0.5900,0.0431,0.0523,0.0292,1,ACTIVE,2,6,6
4186,14076,15:47:30,0,127.00,0,4.8400,0.1920,0.4980,0.0480,1,ACTIVE,2,6,6
4186,14077,15:48:00,0,241.00,0,4.9400,0.2000,0.4870,0.2140,1,ACTIVE,2,6,6
4186,14078,15:48:30,0,234.00,0,0.2800,0.0559,0.0173,0.0059,1,ACTIVE,2,6,6
4186,14079,15:49:00,0,13.00,0,0.0100,0.0049,0.0000,0.0000,1,ACTIVE,2,6,6
4186,14080,15:49:30,0,140.00,0,0.0200,0.0099,0.0000,0.0000,1,ACTIVE,2,6,6
4186,14081,15:50:00,0,249.00,0,0.0500,0.0197,0.0000,0.0059,1,ACTIVE,2,6,6
4186,14082,15:50:30,0,293.00,0,0.9300,0.0596,0.0880,0.0292,1,ACTIVE,2,6,6
4186,14083,15:51:00,0,109.00,0,112.9900,44.1000,0.6180,9.2700,1,ACTIVE,2,6,6
4186,14084,15:51:30,0,99.00,0,101.4200,2.7600,10.3000,4.4400,1,ACTIVE,2,6,6
4186,14085,15:52:00,0,241.00,0,105.4300,3.9000,10.6000,3.9800,1,ACTIVE,2,6,6
4186,14086,15:52:30,0,381.00,0,2.3300,0.1880,0.2090,0.0756,1,ACTIVE,2,6,6
4186,14087,15:53:00,0,275.00,0,5.8800,0.4010,0.5430,0.2140,1,ACTIVE,2,6,6
4186,14088,15:53:30,0,184.00,0,62.5400,1.1100,6.8500,0.1140,1,ACTIVE,2,6,6
4186,14089,15:54:00,0,145.00,0,14.1300,2.4200,0.9540,0.3920,1,ACTIVE,2,6,6
4186,14090,15:54:30,0,145.00,0,1.9600,0.1760,0.1760,0.0256,1,ACTIVE,2,6,6
4186,14091,15:55:00,0,156.00,0,1.2400,0.0596,0.1220,0.0412,1,ACTIVE,2,6,6
4186,14092,15:55:30,0,118.00,0,0.9600,0.0339,0.1000,0.0070,1,ACTIVE,2,6,6
4186,14093,15:56:00,0,56.00,0,0.0200,0.0049,0.0000,0.0059,1,ACTIVE,2,6,6
4186,14094,15:56:30,0,85.00,0,0.0200,0.0049,0.0000,0.0059,1,ACTIVE,2,6,6
4186,14095,15:57:00,0,109.00,0,0.0200,0.0049,0.0000,0.0059,1,ACTIVE,2,6,6
4186,14096,15:57:30,0,191.00,0,4.4300,0.3450,0.4010,0.1450,1,ACTIVE,2,6,6
4186,14097,15:58:00,0,145.00,0,5.6500,0.2770,0.5430,0.2600,1,ACTIVE,2,6,6
4186,14098,15:58:30,0,109.00,0,4.7300,0.2280,0.4570,0.2050,1,ACTIVE,2,6,6
4186,14099,15:59:00,0,85.00,0,2.8400,0.1840,0.2660,0.0981,1,ACTIVE,2,6,6
4186,14100,15:59:30,0,79.00,0,3.3300,0.2600,0.3030,0.0981,1,ACTIVE,2,6,6
4186,14101,16:00:00,0,122.00,0,3.6000,0.2280,0.3370,0.1330,1,ACTIVE,2,6,6
4186,14102,16:00:30,0,179.00,0,6.2900,0.2660,0.6180,0.2600,1,ACTIVE,2,6,6
4186,14103,16:01:00,0,173.00,0,11.7500,1.2900,0.9750,0.3300,1,ACTIVE,2,6,6
4186,14104,16:01:30,0,145.00,0,11.2100,1.1800,0.9330,0.3840,1,ACTIVE,2,6,6
4186,14105,16:02:00,0,191.00,0,3.5000,0.1880,0.3370,0.1220,1,ACTIVE,2,6,6
4186,14106,16:02:30,0,249.00,0,8.4700,0.3300,0.8370,0.3760,1,ACTIVE,2,6,6
4186,14107,16:03:00,0,145.00,0,2.0600,0.0470,0.2090,0.1120,1,ACTIVE,2,6,6
4186,14108,16:03:30,0,136.00,0,0.1800,0.0085,0.0173,0.0059,1,ACTIVE,2,6,6
4186,14109,16:04:00,0,204.00,0,7.9300,1.0200,0.6180,0.2380,1,ACTIVE,2,6,6
4186,14110,16:04:30,0,150.00,0,4.5800,0.3230,0.4190,0.1800,1,ACTIVE,2,6,6
4186,14111,16:05:00,0,249.00,0,4.1500,0.2050,0.4010,0.1690,1,ACTIVE,2,6,6
4186,14112,16:05:30,0,249.00,0,11.1600,0.2900,1.1600,0.3370,1,ACTIVE,2,6,6
4186,14113,16:06:00,0,211.00,0,4.2400,0.2280,0.4010,0.2050,1,ACTIVE,2,6,6
4186,14114,16:06:30,0,293.00,0,0.0300,0.0099,0.0000,0.0059,1,ACTIVE,2,6,6
4186,14115,16:07:00,0,136.00,0,0.0200,0.0049,0.0000,0.0059,1,ACTIVE,2,6,6
4186,14116,16:07:30,0,131.00,0,0.0200,0.0049,0.0000,0.0059,1,ACTIVE,2,6,6
4186,14117,16:08:00,0,162.00,0,0.0200,0.0049,0.0000,0.0059,1,ACTIVE,2,6,6
4186,14118,16:08:30,0,226.00,0,1.5400,0.1220,0.1390,0.0523,1,ACTIVE,2,6,6
4186,14119,16:09:00,0,167.00,0,0.0600,0.0245,0.0000,0.0059,1,ACTIVE,2,6,6
4186,14120,16:09:30,0,167.00,0,0.2200,0.0298,0.0173,0.0059,1,ACTIVE,2,6,6
4186,14121,16:10:00,0,173.00,0,0.0500,0.0197,0.0000,0.0059,1,ACTIVE,2,6,6
4186,14122,16:10:30,0,249.00,0,0.0500,0.0197,0.0000,0.0059,1,ACTIVE,2,6,6
4186,14123,16:11:00,0,596.00,0,0.0200,0.0049,0.0000,0.0059,1,ACTIVE,2,6,6
4186,14124,16:11:30,0,249.00,0,0.0100,0.0049,0.0000,0.0000,1,ACTIVE,2,6,6
4186,14125,16:12:00,0,184.00,0,0.0100,0.0049,0.0000,0.0000,1,ACTIVE,2,6,6
4186,14126,16:12:30,0,136.00,0,0.0200,0.0049,0.0000,0.0059,1,ACTIVE,2,6,6
4186,14127,16:13:00,0,162.00,0,0.0200,0.0049,0.0000,0.0059,1,ACTIVE,2,6,6
4186,14128,16:13:30,0,22.00,0,0.0200,0.0049,0.0000,0.0059,1,ACTIVE,2,6,6
4186,14129,16:14:00,0,12.00,0,0.0200,0.0049,0.0000,0.0059,1,ACTIVE,2,6,6
4186,14130,16:14:30,0,82.00,0,0.0200,0.0049,0.0000,0.0059,1,ACTIVE,2,6,6
4186,14131,16:15:00,0,29.00,0,0.0200,0.0049,0.0000,0.0059,1,ACTIVE,2,6,6
4186,14132,16:15:30,0,67.00,0,0.0200,0.0049,0.0000,0.0059,1,ACTIVE,2,6,6
4186,14133,16:16:00,0,54.00,0,0.0200,0.0049,0.0000,0.0059,1,ACTIVE,2,6,6
4186,14134,16:16:30,0,6.00,0,0.0200,0.0049,0.0000,0.0059,1,ACTIVE,2,6,6
4186,14135,16:17:00,0,6.00,0,0.0200,0.0049,0.0000,0.0059,1,ACTIVE,2,6,6
4186,14136,16:17:30,0,15.00,0,0.0200,0.0049,0.0000,0.0059,1,ACTIVE,2,6,6
4186,14137,16:18:00,0,85.00,0,0.0200,0.0049,0.0000,0.0059,1,ACTIVE,2,6,6
4186,14138,16:18:30,0,179.00,0,0.0100,0.0049,0.0000,0.0000,1,ACTIVE,2,6,6
4186,14139,16:19:00,0,54.00,0,0.0100,0.0049,0.0000,0.0000,1,ACTIVE,2,6,6
4186,14140,16:19:30,0,82.00,0,0.0200,0.0049,0.0000,0.0059,1,ACTIVE,2,6,6
4186,14141,16:20:00,0,47.00,0,0.0100,0.0049,0.0000,0.0000,1,ACTIVE,2,6,6
4186,14142,16:20:30,0,16.00,0,0.0200,0.0049,0.0000,0.0059,1,ACTIVE,2,6,6
4186,14143,16:21:00,0,17.00,0,0.0200,0.0049,0.0000,0.0059,1,ACTIVE,2,6,6
4186,14144,16:21:30,0,21.00,0,0.0200,0.0049,0.0000,0.0059,1,ACTIVE,2,6,6
4186,14145,16:22:00,0,9.00,0,0.0200,0.0049,0.0000,0.0059,1,ACTIVE,2,6,6
4186,14146,16:22:30,0,79.00,0,0.0200,0.0049,0.0000,0.0059,1,ACTIVE,2,6,6
4186,14147,16:23:00,0,234.00,0,0.0200,0.0049,0.0000,0.0059,1,ACTIVE,2,6,6
4186,14148,16:23:30,0,65.00,0,0.0200,0.0049,0.0000,0.0059,1,ACTIVE,2,6,6
4186,14149,16:24:00,0,25.00,0,0.0200,0.0049,0.0000,0.0059,1,ACTIVE,2,6,6
4186,14150,16:24:30,0,8.00,0,0.0200,0.0049,0.0000,0.0059,1,ACTIVE,2,6,6
4186,14151,16:25:00,0,40.00,0,0.0100,0.0049,0.0000,0.0000,1,ACTIVE,2,6,6
4186,14152,16:25:30,0,4.00,0,0.0200,0.0049,0.0000,0.0059,0,ACTIVE,2,6,6
4186,14153,16:26:00,0,8.00,0,0.0200,0.0049,0.0000,0.0059,0,ACTIVE,2,6,6
4186,14154,16:26:30,0,0.00,0,0.0200,0.0049,0.0000,0.0059,0,ACTIVE,2,6,6
4186,14155,16:27:00,0,0.00,0,0.0200,0.0049,0.0000,0.0059,0,ACTIVE,2,6,6
4186,14156,16:27:30,0,6.00,0,0.0200,0.0049,0.0000,0.0059,0,ACTIVE,2,6,6
4186,14157,16:28:00,0,0.00,0,0.0200,0.0049,0.0000,0.0059,0,ACTIVE,2,6,6
4186,14158,16:28:30,0,0.00,0,0.0200,0.0049,0.0000,0.0059,0,ACTIVE,2,6,6
4186,14159,16:29:00,0,0.00,0,0.0200,0.0049,0.0000,0.0059,0,ACTIVE,2,6,6
4186,14160,16:29:30,0,58.00,0,0.0100,0.0049,0.0000,0.0000,1,ACTIVE,2,6,6
4186,14161,16:30:00,0,0.00,0,0.0200,0.0049,0.0000,0.0059,0,ACTIVE,2,6,6
4186,14162,16:30:30,0,2.00,0,0.0200,0.0049,0.0000,0.0059,0,ACTIVE,2,6,6
4186,14163,16:31:00,0,0.00,0,0.0200,0.0049,0.0000,0.0059,0,ACTIVE,2,6,6
4186,14164,16:31:30,0,0.00,0,0.0200,0.0049,0.0000,0.0059,0,ACTIVE,2,6,6
4186,14165,16:32:00,0,35.00,0,0.0200,0.0049,0.0000,0.0059,1,ACTIVE,2,6,6
4186,14166,16:32:30,0,0.00,0,0.0200,0.0049,0.0000,0.0059,0,ACTIVE,2,6,6
4186,14167,16:33:00,0,0.00,0,0.0200,0.0049,0.0000,0.0059,0,ACTIVE,2,6,6
4186,14168,16:33:30,0,0.00,0,0.0200,0.0049,0.0000,0.0059,0,ACTIVE,2,6,6
4186,14169,16:34:00,0,0.00,0,0.0200,0.0049,0.0000,0.0059,0,ACTIVE,2,6,6
4186,14170,16:34:30,0,0.00,0,0.0200,0.0049,0.0000,0.0059,0,ACTIVE,2,6,6
4186,14171,16:35:00,0,0.00,0,0.0200,0.0049,0.0000,0.0059,0,ACTIVE,2,6,6
4186,14172,16:35:30,0,0.00,0,0.0200,0.0049,0.0000,0.0059,0,ACTIVE,2,6,6
4186,14173,16:36:00,0,31.00,0,0.0200,0.0049,0.0000,0.0059,1,ACTIVE,2,6,6
4186,14174,16:36:30,0,30.00,0,0.0200,0.0049,0.0000,0.0059,1,ACTIVE,2,6,6
4186,14175,16:37:00,0,36.00,0,0.0200,0.0049,0.0000,0.0059,1,ACTIVE,2,6,6
4186,14176,16:37:30,0,0.00,0,0.0200,0.0049,0.0000,0.0059,0,ACTIVE,2,6,6
4186,14177,16:38:00,0,0.00,0,0.0200,0.0049,0.0000,0.0059,0,ACTIVE,2,6,6
4186,14178,16:38:30,0,0.00,0,0.0200,0.0049,0.0000,0.0059,0,ACTIVE,2,6,6
4186,14179,16:39:00,0,1.00,0,0.0200,0.0049,0.0000,0.0059,0,ACTIVE,2,6,6
4186,14180,16:39:30,0,61.00,0,0.0200,0.0049,0.0000,0.0059,1,ACTIVE,2,6,6
4186,14181,16:40:00,0,11.00,0,0.0200,0.0049,0.0000,0.0059,1,ACTIVE,2,6,6
4186,14182,16:40:30,0,12.00,0,0.0200,0.0049,0.0000,0.0059,1,ACTIVE,2,6,6
4186,14183,16:41:00,0,131.00,0,0.0200,0.0049,0.0000,0.0059,1,ACTIVE,2,6,6
4186,14184,16:41:30,0,0.00,0,0.0200,0.0049,0.0000,0.0059,1,ACTIVE,2,6,6
4186,14185,16:42:00,0,49.00,0,0.0200,0.0049,0.0000,0.0059,1,ACTIVE,2,6,6
4186,14186,16:42:30,0,19.00,0,0.0200,0.0049,0.0000,0.0059,1,ACTIVE,2,6,6
4186,14187,16:43:00,0,25.00,0,0.0200,0.0049,0.0000,0.0059,1,ACTIVE,2,6,6
4186,14188,16:43:30,0,0.00,0,0.0200,0.0049,0.0000,0.0059,0,ACTIVE,2,6,6
4186,14189,16:44:00,0,4.00,0,0.0200,0.0049,0.0000,0.0059,0,ACTIVE,2,6,6
4186,14190,16:44:30,0,19.00,0,0.0100,0.0049,0.0000,0.0000,1,REST-S,2,6,6
4186,14191,16:45:00,0,0.00,0,0.0200,0.0049,0.0000,0.0059,0,REST-S,2,6,6
4186,14192,16:45:30,0,0.00,0,0.0200,0.0049,0.0000,0.0059,0,REST-S,2,6,6
4186,14193,16:46:00,0,0.00,0,0.0200,0.0049,0.0000,0.0059,0,REST-S,2,6,6
4186,14194,16:46:30,0,0.00,0,0.0200,0.0049,0.0000,0.0059,0,REST-S,2,6,6
4186,14195,16:47:00,0,0.00,0,0.0200,0.0049,0.0000,0.0059,0,REST-S,2,6,6
4186,14196,16:47:30,0,0.00,0,0.0200,0.0049,0.0000,0.0059,0,REST-S,2,6,6
4186,14197,16:48:00,0,0.00,0,0.0200,0.0049,0.0000,0.0059,0,REST-S,2,6,6
4186,14198,16:48:30,0,0.00,0,0.0200,0.0049,0.0000,0.0059,0,REST-S,2,6,6
4186,14199,16:49:00,0,0.00,0,0.0200,0.0049,0.0000,0.0059,0,REST-S,2,6,6
4186,14200,16:49:30,0,0.00,0,0.0200,0.0049,0.0000,0.0059,0,REST-S,2,6,6
4186,14201,16:50:00,0,0.00,0,0.0200,0.0049,0.0000,0.0059,0,REST-S,2,6,6
4186,14202,16:50:30,0,0.00,0,0.0200,0.0049,0.0000,0.0059,0,REST-S,2,6,6
4186,14203,16:51:00,0,0.00,0,0.0200,0.0049,0.0000,0.0059,0,REST-S,2,6,6
4186,14204,16:51:30,0,0.00,0,0.0200,0.0049,0.0000,0.0059,0,REST-S,2,6,6
4186,14205,16:52:00,0,0.00,0,0.0200,0.0049,0.0000,0.0059,0,REST-S,2,6,6
4186,14206,16:52:30,0,0.00,0,0.0200,0.0049,0.0000,0.0059,0,REST-S,2,6,6
4186,14207,16:53:00,0,0.00,0,0.0200,0.0049,0.0000,0.0059,0,REST-S,2,6,6
4186,14208,16:53:30,0,0.00,0,0.0200,0.0049,0.0000,0.0059,0,REST-S,2,6,6
4186,14209,16:54:00,0,0.00,0,0.0200,0.0049,0.0000,0.0059,0,REST-S,2,6,6
4186,14210,16:54:30,0,0.00,0,0.0200,0.0049,0.0000,0.0059,0,REST-S,2,6,6
4186,14211,16:55:00,0,0.00,0,0.0200,0.0049,0.0000,0.0059,0,REST-S,2,6,6
4186,14212,16:55:30,0,0.00,0,0.0200,0.0049,0.0000,0.0059,0,REST-S,2,6,6
4186,14213,16:56:00,0,0.00,0,0.0200,0.0049,0.0000,0.0059,0,REST-S,2,6,6
4186,14214,16:56:30,0,0.00,0,0.1700,0.0042,0.0173,0.0059,0,REST-S,2,6,6
4186,14215,16:57:00,0,0.00,0,0.0200,0.0049,0.0000,0.0059,0,REST-S,2,6,6
4186,14216,16:57:30,0,0.00,0,0.0200,0.0049,0.0000,0.0059,0,REST-S,2,6,6
4186,14217,16:58:00,0,0.00,0,0.0200,0.0049,0.0000,0.0059,0,REST-S,2,6,6
4186,14218,16:58:30,0,0.00,0,0.1700,0.0042,0.0173,0.0059,0,REST-S,2,6,6
4186,14219,16:59:00,0,0.00,0,0.1700,0.0042,0.0173,0.0059,0,REST-S,2,6,6
4186,14220,16:59:30,0,0.00,0,0.1700,0.0042,0.0173,0.0059,0,REST-S,2,6,6
4186,14221,17:00:00,0,47.00,0,0.0200,0.0049,0.0000,0.0059,1,REST-S,2,6,6
4186,14222,17:00:30,0,0.00,0,0.0200,0.0049,0.0000,0.0059,0,REST-S,2,6,6
4186,14223,17:01:00,0,0.00,0,0.0200,0.0049,0.0000,0.0059,0,REST-S,2,6,6
4186,14224,17:01:30,0,0.00,0,0.0200,0.0049,0.0000,0.0059,0,REST-S,2,6,6
4186,14225,17:02:00,0,0.00,0,0.0200,0.0049,0.0000,0.0059,0,REST-S,2,6,6
4186,14226,17:02:30,0,0.00,0,0.0200,0.0049,0.0000,0.0059,0,REST-S,2,6,6
4186,14227,17:03:00,0,0.00,0,0.0200,0.0049,0.0000,0.0059,0,REST-S,2,6,6
4186,14228,17:03:30,0,0.00,0,0.0200,0.0049,0.0000,0.0059,0,REST-S,2,6,6
4186,14229,17:04:00,0,0.00,0,0.0200,0.0049,0.0000,0.0059,0,REST-S,2,6,6
4186,14230,17:04:30,0,0.00,0,0.0200,0.0049,0.0000,0.0059,0,REST-S,2,6,6
4186,14231,17:05:00,0,0.00,0,0.0200,0.0049,0.0000,0.0059,0,REST-S,2,6,6
4186,14232,17:05:30,0,0.00,0,0.0200,0.0049,0.0000,0.0059,0,REST-S,2,6,6
4186,14233,17:06:00,0,0.00,0,0.0200,0.0049,0.0000,0.0059,0,REST-S,2,6,6
4186,14234,17:06:30,0,0.00,0,0.0200,0.0049,0.0000,0.0059,0,REST-S,2,6,6
4186,14235,17:07:00,0,0.00,0,0.0200,0.0049,0.0000,0.0059,0,REST-S,2,6,6
4186,14236,17:07:30,0,0.00,0,0.0200,0.0049,0.0000,0.0059,0,REST-S,2,6,6
4186,14237,17:08:00,0,0.00,0,0.0200,0.0049,0.0000,0.0059,0,REST-S,2,6,6
4186,14238,17:08:30,0,0.00,0,0.1700,0.0042,0.0173,0.0059,0,REST-S,2,6,6
4186,14239,17:09:00,0,0.00,0,0.0200,0.0049,0.0000,0.0059,0,REST-S,2,6,6
4186,14240,17:09:30,0,0.00,0,0.0200,0.0049,0.0000,0.0059,0,REST-S,2,6,6
4186,14241,17:10:00,0,0.00,0,0.0200,0.0049,0.0000,0.0059,0,REST-S,2,6,6
4186,14242,17:10:30,0,0.00,0,0.0200,0.0049,0.0000,0.0059,0,REST-S,2,6,6
4186,14243,17:11:00,0,0.00,0,0.0200,0.0049,0.0000,0.0059,0,REST-S,2,6,6
4186,14244,17:11:30,0,0.00,0,0.1700,0.0042,0.0173,0.0059,0,REST-S,2,6,6
4186,14245,17:12:00,0,0.00,0,0.0200,0.0049,0.0000,0.0059,0,REST-S,2,6,6
4186,14246,17:12:30,0,0.00,0,0.1700,0.0042,0.0173,0.0059,0,REST-S,2,6,6
4186,14247,17:13:00,0,0.00,0,0.1800,0.0085,0.0173,0.0059,0,REST-S,2,6,6
4186,14248,17:13:30,0,0.00,0,0.0200,0.0049,0.0000,0.0059,0,REST-S,2,6,6
4186,14249,17:14:00,0,0.00,0,0.0200,0.0049,0.0000,0.0059,0,REST-S,2,6,6
4186,14250,17:14:30,0,0.00,0,0.0200,0.0049,0.0000,0.0059,0,REST-S,2,6,6
4186,14251,17:15:00,0,0.00,0,0.0200,0.0049,0.0000,0.0059,0,REST-S,2,6,6
4186,14252,17:15:30,0,0.00,0,0.0200,0.0049,0.0000,0.0059,0,REST-S,2,6,6
4186,14253,17:16:00,0,0.00,0,0.0200,0.0049,0.0000,0.0059,0,REST-S,2,6,6
4186,14254,17:16:30,0,0.00,0,0.0200,0.0049,0.0000,0.0059,0,REST-S,2,6,6
4186,14255,17:17:00,0,0.00,0,0.1700,0.0042,0.0173,0.0059,0,REST-S,2,6,6
4186,14256,17:17:30,0,0.00,0,0.0300,0.0099,0.0000,0.0059,0,REST-S,2,6,6
4186,14257,17:18:00,0,0.00,0,0.0200,0.0049,0.0000,0.0059,0,REST-S,2,6,6
4186,14258,17:18:30,0,0.00,0,0.0200,0.0049,0.0000,0.0059,0,REST-S,2,6,6
4186,14259,17:19:00,0,0.00,0,0.0200,0.0049,0.0000,0.0059,0,REST-S,2,6,6
4186,14260,17:19:30,0,0.00,0,0.0200,0.0049,0.0000,0.0059,0,REST-S,2,6,6
4186,14261,17:20:00,0,0.00,0,0.0200,0.0049,0.0000,0.0059,0,REST-S,2,6,6
4186,14262,17:20:30,0,0.00,0,0.0200,0.0049,0.0000,0.0059,0,REST-S,2,6,6
4186,14263,17:21:00,0,0.00,0,0.0200,0.0049,0.0000,0.0059,0,REST-S,2,6,6
4186,14264,17:21:30,0,0.00,0,0.0200,0.0049,0.0000,0.0059,0,REST-S,2,6,6
4186,14265,17:22:00,0,0.00,0,0.0200,0.0049,0.0000,0.0059,0,REST-S,2,6,6
4186,14266,17:22:30,0,0.00,0,0.0200,0.0049,0.0000,0.0059,0,REST-S,2,6,6
4186,14267,17:23:00,0,0.00,0,0.1800,0.0085,0.0173,0.0059,0,REST-S,2,6,6
4186,14268,17:23:30,0,0.00,0,0.1800,0.0085,0.0173,0.0059,0,REST-S,2,6,6
4186,14269,17:24:00,0,0.00,0,0.1700,0.0042,0.0173,0.0059,0,REST-S,2,6,6
4186,14270,17:24:30,0,0.00,0,0.0200,0.0049,0.0000,0.0059,0,REST-S,2,6,6
4186,14271,17:25:00,0,0.00,0,0.0200,0.0049,0.0000,0.0059,0,REST-S,2,6,6
4186,14272,17:25:30,0,0.00,0,0.0200,0.0049,0.0000,0.0059,0,REST-S,2,6,6
4186,14273,17:26:00,0,0.00,0,0.0200,0.0049,0.0000,0.0059,0,REST-S,2,6,6
4186,14274,17:26:30,0,0.00,0,0.1700,0.0042,0.0173,0.0059,0,REST-S,2,6,6
4186,14275,17:27:00,0,0.00,0,0.0200,0.0049,0.0000,0.0059,0,REST-S,2,6,6
4186,14276,17:27:30,0,0.00,0,0.1700,0.0042,0.0173,0.0059,0,REST-S,2,6,6
4186,14277,17:28:00,0,0.00,0,0.0200,0.0049,0.0000,0.0059,0,REST-S,2,6,6
4186,14278,17:28:30,0,0.00,0,0.0200,0.0049,0.0000,0.0059,0,REST-S,2,6,6
4186,14279,17:29:00,0,0.00,0,0.0200,0.0049,0.0000,0.0059,0,REST-S,2,6,6
4186,14280,17:29:30,0,0.00,0,0.0200,0.0049,0.0000,0.0059,0,REST-S,2,6,6
4186,14281,17:30:00,0,0.00,0,0.0200,0.0049,0.0000,0.0059,0,REST-S,2,6,6
4186,14282,17:30:30,0,1.00,0,0.0200,0.0049,0.0000,0.0059,0,REST-S,2,6,6
4186,14283,17:31:00,0,0.00,0,0.1700,0.0042,0.0173,0.0059,0,REST-S,2,6,6
4186,14284,17:31:30,0,0.00,0,0.1700,0.0042,0.0173,0.0059,0,REST-S,2,6,6
4186,14285,17:32:00,0,0.00,0,0.1700,0.0042,0.0173,0.0059,0,REST-S,2,6,6
4186,14286,17:32:30,0,0.00,0,0.0200,0.0049,0.0000,0.0059,0,REST-S,2,6,6
4186,14287,17:33:00,0,0.00,0,0.1700,0.0042,0.0173,0.0059,0,REST-S,2,6,6
4186,14288,17:33:30,0,0.00,0,0.1700,0.0042,0.0173,0.0059,0,REST-S,2,6,6
4186,14289,17:34:00,0,0.00,0,0.0200,0.0049,0.0000,0.0059,0,REST-S,2,6,6
4186,14290,17:34:30,0,0.00,0,0.0200,0.0049,0.0000,0.0059,0,REST-S,2,6,6
4186,14291,17:35:00,0,0.00,0,0.0200,0.0049,0.0000,0.0059,0,REST-S,2,6,6
4186,14292,17:35:30,0,0.00,0,0.0200,0.0049,0.0000,0.0059,0,REST-S,2,6,6
4186,14293,17:36:00,0,0.00,0,0.0200,0.0049,0.0000,0.0059,0,REST-S,2,6,6
4186,14294,17:36:30,0,0.00,0,0.0200,0.0049,0.0000,0.0059,0,REST-S,2,6,6
4186,14295,17:37:00,0,0.00,0,0.0200,0.0049,0.0000,0.0059,0,REST-S,2,6,6
4186,14296,17:37:30,0,0.00,0,0.0300,0.0099,0.0000,0.0059,0,REST-S,2,6,6
4186,14297,17:38:00,0,0.00,0,0.0200,0.0049,0.0000,0.0059,0,REST-S,2,6,6
4186,14298,17:38:30,0,0.00,0,0.0200,0.0049,0.0000,0.0059,0,REST-S,2,6,6
4186,14299,17:39:00,0,0.00,0,0.0200,0.0049,0.0000,0.0059,0,REST-S,2,6,6
4186,14300,17:39:30,0,0.00,0,0.1700,0.0042,0.0173,0.0059,0,REST-S,2,6,6
4186,14301,17:40:00,0,0.00,0,0.0200,0.0049,0.0000,0.0059,0,REST-S,2,6,6
4186,14302,17:40:30,0,0.00,0,0.0200,0.0049,0.0000,0.0059,0,REST-S,2,6,6
4186,14303,17:41:00,0,0.00,0,0.1700,0.0042,0.0173,0.0059,0,REST-S,2,6,6
4186,14304,17:41:30,0,0.00,0,0.0300,0.0099,0.0000,0.0059,0,REST-S,2,6,6
4186,14305,17:42:00,0,0.00,0,0.0200,0.0049,0.0000,0.0059,0,REST-S,2,6,6
4186,14306,17:42:30,0,0.00,0,0.0200,0.0049,0.0000,0.0059,0,REST-S,2,6,6
4186,14307,17:43:00,0,0.00,0,0.0200,0.0049,0.0000,0.0059,0,REST-S,2,6,6
4186,14308,17:43:30,0,0.00,0,0.1700,0.0042,0.0173,0.0059,0,REST-S,2,6,6
4186,14309,17:44:00,0,0.00,0,0.0200,0.0049,0.0000,0.0059,0,REST-S,2,6,6
4186,14310,17:44:30,0,0.00,0,0.1700,0.0042,0.0173,0.0059,0,REST-S,2,6,6
4186,14311,17:45:00,0,0.00,0,0.0200,0.0049,0.0000,0.0059,0,REST-S,2,6,6
4186,14312,17:45:30,0,0.00,0,0.0200,0.0049,0.0000,0.0059,0,REST-S,2,6,6
4186,14313,17:46:00,0,1.00,0,0.0200,0.0049,0.0000,0.0059,0,REST-S,2,6,6
4186,14314,17:46:30,0,0.00,0,0.1700,0.0042,0.0173,0.0059,0,REST-S,2,6,6
4186,14315,17:47:00,0,0.00,0,0.0200,0.0049,0.0000,0.0059,0,REST-S,2,6,6
4186,14316,17:47:30,0,0.00,0,0.1700,0.0042,0.0173,0.0059,0,REST-S,2,6,6
4186,14317,17:48:00,0,0.00,0,0.0200,0.0049,0.0000,0.0059,0,REST-S,2,6,6
4186,14318,17:48:30,0,0.00,0,0.0200,0.0049,0.0000,0.0059,0,REST-S,2,6,6
4186,14319,17:49:00,0,0.00,0,0.0200,0.0049,0.0000,0.0059,0,REST-S,2,6,6
4186,14320,17:49:30,0,0.00,0,0.1800,0.0085,0.0173,0.0059,0,REST-S,2,6,6
4186,14321,17:50:00,0,0.00,0,0.0200,0.0049,0.0000,0.0059,0,REST-S,2,6,6
4186,14322,17:50:30,0,0.00,0,0.0200,0.0049,0.0000,0.0059,0,REST-S,2,6,6
4186,14323,17:51:00,0,0.00,0,0.0200,0.0049,0.0000,0.0059,0,REST-S,2,6,6
4186,14324,17:51:30,0,0.00,0,0.0200,0.0049,0.0000,0.0059,0,REST-S,2,6,6
4186,14325,17:52:00,0,0.00,0,0.1700,0.0042,0.0173,0.0059,0,REST-S,2,6,6
4186,14326,17:52:30,0,0.00,0,0.0200,0.0049,0.0000,0.0059,0,REST-S,2,6,6
4186,14327,17:53:00,0,0.00,0,0.0200,0.0049,0.0000,0.0059,0,REST-S,2,6,6
4186,14328,17:53:30,0,0.00,0,0.0200,0.0049,0.0000,0.0059,0,REST-S,2,6,6
4186,14329,17:54:00,0,0.00,0,0.0200,0.0049,0.0000,0.0059,0,REST-S,2,6,6
4186,14330,17:54:30,0,0.00,0,0.1700,0.0042,0.0173,0.0059,0,REST-S,2,6,6
4186,14331,17:55:00,0,0.00,0,0.0200,0.0049,0.0000,0.0059,0,REST-S,2,6,6
4186,14332,17:55:30,0,0.00,0,0.0200,0.0049,0.0000,0.0059,0,REST-S,2,6,6
4186,14333,17:56:00,0,0.00,0,0.1700,0.0042,0.0173,0.0059,0,REST-S,2,6,6
4186,14334,17:56:30,0,0.00,0,0.0200,0.0049,0.0000,0.0059,0,REST-S,2,6,6
4186,14335,17:57:00,0,0.00,0,0.1700,0.0042,0.0173,0.0059,0,REST-S,2,6,6
4186,14336,17:57:30,0,0.00,0,0.1700,0.0042,0.0173,0.0059,0,REST-S,2,6,6
4186,14337,17:58:00,0,0.00,0,0.0200,0.0049,0.0000,0.0059,0,REST-S,2,6,6
4186,14338,17:58:30,0,0.00,0,0.0200,0.0049,0.0000,0.0059,0,REST-S,2,6,6
4186,14339,17:59:00,0,0.00,0,0.0200,0.0049,0.0000,0.0059,0,REST-S,2,6,6
4186,14340,17:59:30,0,0.00,0,0.0200,0.0049,0.0000,0.0059,0,REST-S,2,6,6
4186,14341,18:00:00,0,0.00,0,0.0200,0.0049,0.0000,0.0059,0,REST-S,2,6,6
4186,14342,18:00:30,0,0.00,0,0.1700,0.0042,0.0173,0.0059,0,REST-S,2,6,6
4186,14343,18:01:00,0,0.00,0,0.0200,0.0049,0.0000,0.0059,0,REST-S,2,6,6
4186,14344,18:01:30,0,0.00,0,0.0200,0.0049,0.0000,0.0059,0,REST-S,2,6,6
4186,14345,18:02:00,0,0.00,0,0.0200,0.0049,0.0000,0.0059,0,REST-S,2,6,6
4186,14346,18:02:30,0,1.00,0,0.0200,0.0049,0.0000,0.0059,0,REST-S,2,6,6
4186,14347,18:03:00,0,38.00,0,0.1700,0.0042,0.0173,0.0059,1,ACTIVE,2,6,6
4186,14348,18:03:30,0,85.00,0,0.0200,0.0049,0.0000,0.0059,1,ACTIVE,2,6,6
4186,14349,18:04:00,0,33.00,0,0.0200,0.0049,0.0000,0.0059,1,ACTIVE,2,6,6
4186,14350,18:04:30,0,0.00,0,0.0200,0.0049,0.0000,0.0059,0,ACTIVE,2,6,6
4186,14351,18:05:00,0,0.00,0,0.0200,0.0049,0.0000,0.0059,0,ACTIVE,2,6,6
4186,14352,18:05:30,0,0.00,0,0.0200,0.0049,0.0000,0.0059,0,ACTIVE,2,6,6
4186,14353,18:06:00,0,22.00,0,0.0200,0.0049,0.0000,0.0059,1,ACTIVE,2,6,6
4186,14354,18:06:30,0,13.00,0,0.0200,0.0049,0.0000,0.0059,0,ACTIVE,2,6,6
4186,14355,18:07:00,0,0.00,0,0.0200,0.0049,0.0000,0.0059,0,ACTIVE,2,6,6
4186,14356,18:07:30,0,0.00,0,0.0200,0.0049,0.0000,0.0059,1,ACTIVE,2,6,6
4186,14357,18:08:00,0,102.00,0,0.0200,0.0049,0.0000,0.0059,1,ACTIVE,2,6,6
4186,14358,18:08:30,0,136.00,0,0.0200,0.0049,0.0000,0.0059,1,ACTIVE,2,6,6
4186,14359,18:09:00,0,0.00,0,0.0200,0.0049,0.0000,0.0059,1,ACTIVE,2,6,6
4186,14360,18:09:30,0,1.00,0,0.0200,0.0049,0.0000,0.0059,0,ACTIVE,2,6,6
4186,14361,18:10:00,0,0.00,0,0.0200,0.0049,0.0000,0.0059,0,ACTIVE,2,6,6
4186,14362,18:10:30,0,0.00,0,0.0200,0.0049,0.0000,0.0059,0,ACTIVE,2,6,6
4186,14363,18:11:00,0,0.00,0,0.0200,0.0049,0.0000,0.0059,0,ACTIVE,2,6,6
4186,14364,18:11:30,0,1.00,0,0.0200,0.0049,0.0000,0.0059,0,ACTIVE,2,6,6
4186,14365,18:12:00,0,0.00,0,0.0200,0.0049,0.0000,0.0059,0,ACTIVE,2,6,6
4186,14366,18:12:30,0,0.00,0,0.0200,0.0049,0.0000,0.0059,0,ACTIVE,2,6,6
4186,14367,18:13:00,0,1.00,0,0.0200,0.0049,0.0000,0.0059,0,ACTIVE,2,6,6
4186,14368,18:13:30,0,0.00,0,0.0200,0.0049,0.0000,0.0059,0,ACTIVE,2,6,6
4186,14369,18:14:00,0,3.00,0,0.0200,0.0049,0.0000,0.0059,0,ACTIVE,2,6,6
4186,14370,18:14:30,0,0.00,0,0.0200,0.0049,0.0000,0.0059,0,ACTIVE,2,6,6
4186,14371,18:15:00,0,0.00,0,0.0200,0.0049,0.0000,0.0059,0,ACTIVE,2,6,6
4186,14372,18:15:30,0,0.00,0,0.0200,0.0049,0.0000,0.0059,0,ACTIVE,2,6,6
4186,14373,18:16:00,0,0.00,0,0.0200,0.0049,0.0000,0.0059,0,ACTIVE,2,6,6
4186,14374,18:16:30,0,0.00,0,0.0200,0.0049,0.0000,0.0059,0,ACTIVE,2,6,6
4186,14375,18:17:00,0,0.00,0,0.0200,0.0049,0.0000,0.0059,0,ACTIVE,2,6,6
4186,14376,18:17:30,0,0.00,0,0.0200,0.0049,0.0000,0.0059,0,ACTIVE,2,6,6
4186,14377,18:18:00,0,0.00,0,0.0200,0.0049,0.0000,0.0059,0,ACTIVE,2,6,6
4186,14378,18:18:30,0,0.00,0,0.0200,0.0049,0.0000,0.0059,0,ACTIVE,2,6,6
4186,14379,18:19:00,0,35.00,0,0.0200,0.0049,0.0000,0.0059,1,ACTIVE,2,6,6
4186,14380,18:19:30,0,1.00,0,0.0200,0.0049,0.0000,0.0059,0,ACTIVE,2,6,6
4186,14381,18:20:00,0,0.00,0,0.0200,0.0049,0.0000,0.0059,1,ACTIVE,2,6,6
4186,14382,18:20:30,0,3.00,0,0.0200,0.0049,0.0000,0.0059,1,ACTIVE,2,6,6
4186,14383,18:21:00,0,211.00,0,0.0200,0.0049,0.0000,0.0059,1,ACTIVE,2,6,6
4186,14384,18:21:30,0,226.00,0,0.0200,0.0049,0.0000,0.0059,1,ACTIVE,2,6,6
4186,14385,18:22:00,0,167.00,0,0.0200,0.0049,0.0000,0.0059,1,ACTIVE,2,6,6
4186,14386,18:22:30,0,95.00,0,0.0200,0.0049,0.0000,0.0059,1,ACTIVE,2,6,6
4186,14387,18:23:00,0,82.00,0,0.0200,0.0049,0.0000,0.0059,1,ACTIVE,2,6,6
4186,14388,18:23:30,0,92.00,0,0.0200,0.0049,0.0000,0.0059,1,ACTIVE,2,6,6
4186,14389,18:24:00,0,131.00,0,0.0200,0.0049,0.0000,0.0059,1,ACTIVE,2,6,6
4186,14390,18:24:30,0,95.00,0,0.0200,0.0049,0.0000,0.0059,1,ACTIVE,2,6,6
4186,14391,18:25:00,0,0.00,0,0.0200,0.0049,0.0000,0.0059,1,ACTIVE,2,6,6
4186,14392,18:25:30,0,0.00,0,0.0200,0.0049,0.0000,0.0059,0,ACTIVE,2,6,6
4186,14393,18:26:00,0,0.00,0,0.0200,0.0049,0.0000,0.0059,0,ACTIVE,2,6,6
4186,14394,18:26:30,0,0.00,0,0.0200,0.0049,0.0000,0.0059,0,ACTIVE,2,6,6
4186,14395,18:27:00,0,4.00,0,0.0200,0.0049,0.0000,0.0059,0,ACTIVE,2,6,6
4186,14396,18:27:30,0,7.00,0,0.0200,0.0049,0.0000,0.0059,0,ACTIVE,2,6,6
4186,14397,18:28:00,0,6.00,0,0.0200,0.0049,0.0000,0.0059,0,ACTIVE,2,6,6
4186,14398,18:28:30,0,1.00,0,0.0200,0.0049,0.0000,0.0059,0,ACTIVE,2,6,6
4186,14399,18:29:00,0,4.00,0,0.0200,0.0049,0.0000,0.0059,0,ACTIVE,2,6,6
4186,14400,18:29:30,0,1.00,0,0.0200,0.0049,0.0000,0.0059,0,ACTIVE,2,6,6
4186,14401,18:30:00,0,0.00,0,0.0200,0.0049,0.0000,0.0059,0,ACTIVE,2,6,6
4186,14402,18:30:30,0,11.00,0,0.0200,0.0049,0.0000,0.0059,0,ACTIVE,2,6,6
4186,14403,18:31:00,0,1.00,0,0.0200,0.0049,0.0000,0.0059,0,ACTIVE,2,6,6
4186,14404,18:31:30,0,0.00,0,0.0200,0.0049,0.0000,0.0059,0,ACTIVE,2,6,6
4186,14405,18:32:00,0,0.00,0,0.0200,0.0049,0.0000,0.0059,0,ACTIVE,2,6,6
4186,14406,18:32:30,0,0.00,0,0.0200,0.0049,0.0000,0.0059,0,ACTIVE,2,6,6
4186,14407,18:33:00,0,20.00,0,0.0200,0.0049,0.0000,0.0059,1,ACTIVE,2,6,6
4186,14408,18:33:30,0,75.00,0,0.0200,0.0049,0.0000,0.0059,1,ACTIVE,2,6,6
4186,14409,18:34:00,0,67.00,0,0.0200,0.0049,0.0000,0.0059,1,ACTIVE,2,6,6
4186,14410,18:34:30,0,179.00,0,0.0100,0.0049,0.0000,0.0000,1,ACTIVE,2,6,6
4186,14411,18:35:00,0,211.00,0,0.0200,0.0049,0.0000,0.0059,1,ACTIVE,2,6,6
4186,14412,18:35:30,0,150.00,0,0.0200,0.0049,0.0000,0.0059,1,ACTIVE,2,6,6
4186,14413,18:36:00,0,30.00,0,0.0200,0.0049,0.0000,0.0059,1,ACTIVE,2,6,6
4186,14414,18:36:30,0,150.00,0,0.1700,0.0042,0.0173,0.0059,1,ACTIVE,2,6,6
4186,14415,18:37:00,0,275.00,0,0.0200,0.0049,0.0000,0.0059,1,ACTIVE,2,6,6
4186,14416,18:37:30,0,184.00,0,0.0200,0.0049,0.0000,0.0059,1,ACTIVE,2,6,6
4186,14417,18:38:00,0,82.00,0,0.0200,0.0049,0.0000,0.0059,1,ACTIVE,2,6,6
4186,14418,18:38:30,0,89.00,0,0.0200,0.0049,0.0000,0.0059,1,ACTIVE,2,6,6
4186,14419,18:39:00,0,368.00,0,0.1700,0.0042,0.0173,0.0059,1,ACTIVE,2,6,6
4186,14420,18:39:30,0,54.00,0,0.0200,0.0049,0.0000,0.0059,1,ACTIVE,2,6,6
4186,14421,18:40:00,0,167.00,0,0.0200,0.0049,0.0000,0.0059,1,ACTIVE,2,6,6
4186,14422,18:40:30,0,109.00,0,0.0200,0.0049,0.0000,0.0059,1,ACTIVE,2,6,6
4186,14423,18:41:00,0,109.00,0,0.0200,0.0049,0.0000,0.0059,1,ACTIVE,2,6,6
4186,14424,18:41:30,0,127.00,0,0.0200,0.0049,0.0000,0.0059,1,ACTIVE,2,6,6
4186,14425,18:42:00,0,226.00,0,0.0200,0.0049,0.0000,0.0059,1,ACTIVE,2,6,6
4186,14426,18:42:30,0,0.00,0,0.0200,0.0049,0.0000,0.0059,1,ACTIVE,2,6,6
4186,14427,18:43:00,0,0.00,0,0.0200,0.0049,0.0000,0.0059,1,ACTIVE,2,6,6
4186,14428,18:43:30,0,1.00,0,0.0200,0.0049,0.0000,0.0059,0,ACTIVE,2,6,6
4186,14429,18:44:00,0,1.00,0,0.0200,0.0049,0.0000,0.0059,0,ACTIVE,2,6,6
4186,14430,18:44:30,0,0.00,0,0.0200,0.0049,0.0000,0.0059,0,ACTIVE,2,6,6
4186,14431,18:45:00,0,1.00,0,0.0200,0.0049,0.0000,0.0059,0,ACTIVE,2,6,6
4186,14432,18:45:30,0,6.00,0,0.0200,0.0049,0.0000,0.0059,0,ACTIVE,2,6,6
4186,14433,18:46:00,0,31.00,0,0.0200,0.0049,0.0000,0.0059,1,ACTIVE,2,6,6
4186,14434,18:46:30,0,33.00,0,0.0200,0.0049,0.0000,0.0059,1,ACTIVE,2,6,6
4186,14435,18:47:00,0,63.00,0,0.0200,0.0049,0.0000,0.0059,1,ACTIVE,2,6,6
4186,14436,18:47:30,0,38.00,0,0.0200,0.0049,0.0000,0.0059,1,ACTIVE,2,6,6
4186,14437,18:48:00,0,2.00,0,0.0200,0.0049,0.0000,0.0059,0,ACTIVE,2,6,6
4186,14438,18:48:30,0,0.00,0,0.0200,0.0049,0.0000,0.0059,0,ACTIVE,2,6,6
4186,14439,18:49:00,0,0.00,0,0.0200,0.0049,0.0000,0.0059,0,ACTIVE,2,6,6
4186,14440,18:49:30,0,72.00,0,0.0200,0.0049,0.0000,0.0059,1,ACTIVE,2,6,6
4186,14441,18:50:00,0,70.00,0,0.0200,0.0049,0.0000,0.0059,1,ACTIVE,2,6,6
4186,14442,18:50:30,0,45.00,0,0.0200,0.0049,0.0000,0.0059,1,ACTIVE,2,6,6
4186,14443,18:51:00,0,33.00,0,0.0200,0.0049,0.0000,0.0059,1,ACTIVE,2,6,6
4186,14444,18:51:30,0,18.00,0,0.0200,0.0049,0.0000,0.0059,1,ACTIVE,2,6,6
4186,14445,18:52:00,0,140.00,0,0.0200,0.0049,0.0000,0.0059,1,ACTIVE,2,6,6
4186,14446,18:52:30,0,99.00,0,0.0200,0.0049,0.0000,0.0059,1,ACTIVE,2,6,6
4186,14447,18:53:00,0,162.00,0,0.0200,0.0049,0.0000,0.0059,1,ACTIVE,2,6,6
4186,14448,18:53:30,0,7.00,0,0.0200,0.0049,0.0000,0.0059,1,ACTIVE,2,6,6
4186,14449,18:54:00,0,1.00,0,0.0200,0.0049,0.0000,0.0059,1,ACTIVE,2,6,6
4186,14450,18:54:30,0,40.00,0,0.0200,0.0049,0.0000,0.0059,1,ACTIVE,2,6,6
4186,14451,18:55:00,0,8.00,0,0.0200,0.0049,0.0000,0.0059,1,ACTIVE,2,6,6
4186,14452,18:55:30,0,65.00,0,0.0200,0.0049,0.0000,0.0059,1,ACTIVE,2,6,6
4186,14453,18:56:00,0,257.00,0,0.0100,0.0049,0.0000,0.0000,1,ACTIVE,2,6,6
4186,14454,18:56:30,0,323.00,0,0.0200,0.0049,0.0000,0.0059,1,ACTIVE,2,6,6
4186,14455,18:57:00,0,67.00,0,0.0200,0.0049,0.0000,0.0059,1,ACTIVE,2,6,6
4186,14456,18:57:30,0,65.00,0,0.0200,0.0049,0.0000,0.0059,1,ACTIVE,2,6,6
4186,14457,18:58:00,0,40.00,0,0.0300,0.0099,0.0000,0.0059,1,ACTIVE,2,6,6
4186,14458,18:58:30,0,19.00,0,0.1700,0.0042,0.0173,0.0059,1,ACTIVE,2,6,6
4186,14459,18:59:00,0,47.00,0,0.0200,0.0049,0.0000,0.0059,1,ACTIVE,2,6,6
4186,14460,18:59:30,0,75.00,0,0.0200,0.0049,0.0000,0.0059,1,ACTIVE,2,6,6
4186,14461,19:00:00,0,0.00,0,0.0200,0.0049,0.0000,0.0059,0,ACTIVE,2,6,6
4186,14462,19:00:30,0,1.00,0,0.0200,0.0049,0.0000,0.0059,0,ACTIVE,2,6,6
4186,14463,19:01:00,0,0.00,0,0.0200,0.0049,0.0000,0.0059,0,ACTIVE,2,6,6
4186,14464,19:01:30,0,0.00,0,0.0200,0.0049,0.0000,0.0059,0,ACTIVE,2,6,6
4186,14465,19:02:00,0,18.00,0,0.0200,0.0049,0.0000,0.0059,1,ACTIVE,2,6,6
4186,14466,19:02:30,0,0.00,0,0.0200,0.0049,0.0000,0.0059,0,ACTIVE,2,6,6
4186,14467,19:03:00,0,67.00,0,0.0200,0.0049,0.0000,0.0059,1,ACTIVE,2,6,6
4186,14468,19:03:30,0,18.00,0,0.0200,0.0049,0.0000,0.0059,1,ACTIVE,2,6,6
4186,14469,19:04:00,0,0.00,0,0.0100,0.0049,0.0000,0.0000,1,ACTIVE,2,6,6
4186,14470,19:04:30,0,79.00,0,0.0200,0.0049,0.0000,0.0059,1,ACTIVE,2,6,6
4186,14471,19:05:00,0,226.00,0,0.0200,0.0049,0.0000,0.0059,1,ACTIVE,2,6,6
4186,14472,19:05:30,0,6.00,0,0.0200,0.0049,0.0000,0.0059,1,ACTIVE,2,6,6
4186,14473,19:06:00,0,11.00,0,0.0200,0.0049,0.0000,0.0059,1,ACTIVE,2,6,6
4186,14474,19:06:30,0,26.00,0,0.0200,0.0049,0.0000,0.0059,1,ACTIVE,2,6,6
4186,14475,19:07:00,0,67.00,0,0.0200,0.0049,0.0000,0.0059,1,ACTIVE,2,6,6
4186,14476,19:07:30,0,9.00,0,0.0300,0.0099,0.0000,0.0059,1,ACTIVE,2,6,6
4186,14477,19:08:00,0,33.00,0,0.0200,0.0049,0.0000,0.0059,1,ACTIVE,2,6,6
4186,14478,19:08:30,0,75.00,0,0.0200,0.0049,0.0000,0.0059,1,ACTIVE,2,6,6
4186,14479,19:09:00,0,266.00,0,0.0200,0.0049,0.0000,0.0059,1,ACTIVE,2,6,6
4186,14480,19:09:30,0,131.00,0,0.0200,0.0049,0.0000,0.0059,1,ACTIVE,2,6,6
4186,14481,19:10:00,0,35.00,0,0.0200,0.0049,0.0000,0.0059,1,ACTIVE,2,6,6
4186,14482,19:10:30,0,15.00,0,0.0200,0.0049,0.0000,0.0059,1,ACTIVE,2,6,6
4186,14483,19:11:00,0,58.00,0,0.0200,0.0049,0.0000,0.0059,1,ACTIVE,2,6,6
4186,14484,19:11:30,0,54.00,0,0.0200,0.0049,0.0000,0.0059,1,ACTIVE,2,6,6
4186,14485,19:12:00,0,40.00,0,0.0100,0.0049,0.0000,0.0000,1,ACTIVE,2,6,6
4186,14486,19:12:30,0,2.00,0,0.0200,0.0049,0.0000,0.0059,1,ACTIVE,2,6,6
4186,14487,19:13:00,0,10.00,0,0.0200,0.0049,0.0000,0.0059,1,ACTIVE,2,6,6
4186,14488,19:13:30,0,28.00,0,0.0200,0.0049,0.0000,0.0059,1,ACTIVE,2,6,6
4186,14489,19:14:00,0,49.00,0,0.0200,0.0049,0.0000,0.0059,1,ACTIVE,2,6,6
4186,14490,19:14:30,0,191.00,0,0.0200,0.0049,0.0000,0.0059,1,ACTIVE,2,6,6
4186,14491,19:15:00,0,113.00,0,0.0100,0.0049,0.0000,0.0000,1,ACTIVE,2,6,6
4186,14492,19:15:30,0,173.00,0,0.0100,0.0049,0.0000,0.0000,1,ACTIVE,2,6,6
4186,14493,19:16:00,0,241.00,0,0.0200,0.0049,0.0000,0.0059,1,ACTIVE,2,6,6
4186,14494,19:16:30,0,249.00,0,0.0100,0.0049,0.0000,0.0000,1,ACTIVE,2,6,6
4186,14495,19:17:00,0,234.00,0,0.0200,0.0049,0.0000,0.0059,1,ACTIVE,2,6,6
4186,14496,19:17:30,0,204.00,0,0.0200,0.0049,0.0000,0.0059,1,ACTIVE,2,6,6
4186,14497,19:18:00,0,13.00,0,0.0200,0.0049,0.0000,0.0059,1,ACTIVE,2,6,6
4186,14498,19:18:30,0,92.00,0,0.0200,0.0049,0.0000,0.0059,1,ACTIVE,2,6,6
4186,14499,19:19:00,0,102.00,0,0.0100,0.0049,0.0000,0.0000,1,ACTIVE,2,6,6
4186,14500,19:19:30,0,140.00,0,0.0100,0.0049,0.0000,0.0000,1,ACTIVE,2,6,6
4186,14501,19:20:00,0,72.00,0,0.0200,0.0049,0.0000,0.0059,1,ACTIVE,2,6,6
4186,14502,19:20:30,0,167.00,0,0.0200,0.0049,0.0000,0.0059,1,ACTIVE,2,6,6
4186,14503,19:21:00,0,65.00,0,0.0100,0.0049,0.0000,0.0000,1,ACTIVE,2,6,6
4186,14504,19:21:30,0,38.00,0,0.0200,0.0049,0.0000,0.0059,1,ACTIVE,2,6,6
4186,14505,19:22:00,0,28.00,0,0.1700,0.0042,0.0173,0.0059,1,ACTIVE,2,6,6
4186,14506,19:22:30,0,26.00,0,0.0200,0.0049,0.0000,0.0059,1,ACTIVE,2,6,6
4186,14507,19:23:00,0,15.00,0,0.0100,0.0049,0.0000,0.0000,1,ACTIVE,2,6,6
4186,14508,19:23:30,0,303.00,0,0.0200,0.0049,0.0000,0.0059,1,ACTIVE,2,6,6
4186,14509,19:24:00,0,241.00,0,0.0200,0.0049,0.0000,0.0059,1,ACTIVE,2,6,6
4186,14510,19:24:30,0,198.00,0,0.0100,0.0049,0.0000,0.0000,1,ACTIVE,2,6,6
4186,14511,19:25:00,0,241.00,0,0.0100,0.0049,0.0000,0.0000,1,ACTIVE,2,6,6
4186,14512,19:25:30,0,173.00,0,0.0200,0.0049,0.0000,0.0059,1,ACTIVE,2,6,6
4186,14513,19:26:00,0,136.00,0,0.0100,0.0049,0.0000,0.0000,1,ACTIVE,2,6,6
4186,14514,19:26:30,0,211.00,0,0.0100,0.0049,0.0000,0.0000,1,ACTIVE,2,6,6
4186,14515,19:27:00,0,150.00,0,0.0200,0.0049,0.0000,0.0059,1,ACTIVE,2,6,6
4186,14516,19:27:30,0,249.00,0,0.0100,0.0049,0.0000,0.0000,1,ACTIVE,2,6,6
4186,14517,19:28:00,0,266.00,0,0.0200,0.0049,0.0000,0.0059,1,ACTIVE,2,6,6
4186,14518,19:28:30,0,275.00,0,0.0200,0.0049,0.0000,0.0059,1,ACTIVE,2,6,6
4186,14519,19:29:00,0,179.00,0,0.0200,0.0049,0.0000,0.0059,1,ACTIVE,2,6,6
4186,14520,19:29:30,0,191.00,0,0.0100,0.0049,0.0000,0.0000,1,ACTIVE,2,6,6
4186,14521,19:30:00,0,145.00,0,0.0200,0.0049,0.0000,0.0059,1,ACTIVE,2,6,6
4186,14522,19:30:30,0,140.00,0,0.0100,0.0049,0.0000,0.0000,1,ACTIVE,2,6,6
4186,14523,19:31:00,0,109.00,0,0.0100,0.0049,0.0000,0.0000,1,ACTIVE,2,6,6
4186,14524,19:31:30,0,275.00,0,0.0100,0.0049,0.0000,0.0000,1,ACTIVE,2,6,6
4186,14525,19:32:00,0,99.00,0,0.0200,0.0049,0.0000,0.0059,1,ACTIVE,2,6,6
4186,14526,19:32:30,0,179.00,0,0.0200,0.0049,0.0000,0.0059,1,ACTIVE,2,6,6
4186,14527,19:33:00,0,82.00,0,0.0100,0.0049,0.0000,0.0000,1,ACTIVE,2,6,6
4186,14528,19:33:30,0,79.00,0,0.0200,0.0049,0.0000,0.0059,1,ACTIVE,2,6,6
4186,14529,19:34:00,0,122.00,0,0.0100,0.0049,0.0000,0.0000,1,ACTIVE,2,6,6
4186,14530,19:34:30,0,204.00,0,0.0200,0.0049,0.0000,0.0059,1,ACTIVE,2,6,6
4186,14531,19:35:00,0,257.00,0,0.0200,0.0049,0.0000,0.0059,1,ACTIVE,2,6,6
4186,14532,19:35:30,0,226.00,0,0.0200,0.0049,0.0000,0.0059,1,ACTIVE,2,6,6
4186,14533,19:36:00,0,191.00,0,0.0100,0.0049,0.0000,0.0000,1,ACTIVE,2,6,6
4186,14534,19:36:30,0,257.00,0,0.0100,0.0049,0.0000,0.0000,1,ACTIVE,2,6,6
4186,14535,19:37:00,0,335.00,0,0.0100,0.0049,0.0000,0.0000,1,ACTIVE,2,6,6
4186,14536,19:37:30,0,275.00,0,0.0100,0.0049,0.0000,0.0000,1,ACTIVE,2,6,6
4186,14537,19:38:00,0,234.00,0,0.0200,0.0049,0.0000,0.0059,1,ACTIVE,2,6,6
4186,14538,19:38:30,0,198.00,0,0.0100,0.0049,0.0000,0.0000,1,ACTIVE,2,6,6
4186,14539,19:39:00,0,122.00,0,0.0100,0.0049,0.0000,0.0000,1,ACTIVE,2,6,6
4186,14540,19:39:30,0,145.00,0,0.0100,0.0049,0.0000,0.0000,1,ACTIVE,2,6,6
4186,14541,19:40:00,0,191.00,0,0.0100,0.0049,0.0000,0.0000,1,ACTIVE,2,6,6
4186,14542,19:40:30,0,167.00,0,0.0200,0.0049,0.0000,0.0059,1,ACTIVE,2,6,6
4186,14543,19:41:00,0,198.00,0,0.0200,0.0049,0.0000,0.0059,1,ACTIVE,2,6,6
4186,14544,19:41:30,0,184.00,0,0.0100,0.0049,0.0000,0.0000,1,ACTIVE,2,6,6
4186,14545,19:42:00,0,211.00,0,0.0100,0.0049,0.0000,0.0000,1,ACTIVE,2,6,6
4186,14546,19:42:30,0,357.00,0,0.0200,0.0049,0.0000,0.0059,1,ACTIVE,2,6,6
4186,14547,19:43:00,0,211.00,0,0.0100,0.0049,0.0000,0.0000,1,ACTIVE,2,6,6
4186,14548,19:43:30,0,72.00,0,0.0200,0.0049,0.0000,0.0059,1,ACTIVE,2,6,6
4186,14549,19:44:00,0,106.00,0,0.0100,0.0049,0.0000,0.0000,1,ACTIVE,2,6,6
4186,14550,19:44:30,0,99.00,0,0.0100,0.0049,0.0000,0.0000,1,ACTIVE,2,6,6
4186,14551,19:45:00,0,72.00,0,0.0200,0.0049,0.0000,0.0059,1,ACTIVE,2,6,6
4186,14552,19:45:30,0,85.00,0,0.0100,0.0049,0.0000,0.0000,1,ACTIVE,2,6,6
4186,14553,19:46:00,0,191.00,0,0.0200,0.0049,0.0000,0.0059,1,ACTIVE,2,6,6
4186,14554,19:46:30,0,381.00,0,0.0200,0.0049,0.0000,0.0059,1,ACTIVE,2,6,6
4186,14555,19:47:00,0,198.00,0,0.0200,0.0049,0.0000,0.0059,1,ACTIVE,2,6,6
4186,14556,19:47:30,0,293.00,0,0.0100,0.0049,0.0000,0.0000,1,ACTIVE,2,6,6
4186,14557,19:48:00,0,52.00,0,0.0100,0.0049,0.0000,0.0000,1,ACTIVE,2,6,6
4186,14558,19:48:30,0,249.00,0,0.0100,0.0049,0.0000,0.0000,1,ACTIVE,2,6,6
4186,14559,19:49:00,0,293.00,0,0.0100,0.0049,0.0000,0.0000,1,ACTIVE,2,6,6
4186,14560,19:49:30,0,393.00,0,0.1700,0.0042,0.0173,0.0059,1,ACTIVE,2,6,6
4186,14561,19:50:00,0,145.00,0,0.0100,0.0049,0.0000,0.0000,1,ACTIVE,2,6,6
4186,14562,19:50:30,0,109.00,0,0.0200,0.0049,0.0000,0.0059,1,ACTIVE,2,6,6
4186,14563,19:51:00,0,67.00,0,0.0100,0.0049,0.0000,0.0000,1,ACTIVE,2,6,6
4186,14564,19:51:30,0,145.00,0,0.0200,0.0049,0.0000,0.0059,1,ACTIVE,2,6,6
4186,14565,19:52:00,0,102.00,0,0.0100,0.0049,0.0000,0.0000,1,ACTIVE,2,6,6
4186,14566,19:52:30,0,127.00,0,0.0200,0.0049,0.0000,0.0059,1,ACTIVE,2,6,6
4186,14567,19:53:00,0,102.00,0,0.0100,0.0049,0.0000,0.0000,1,ACTIVE,2,6,6
4186,14568,19:53:30,0,99.00,0,0.0200,0.0049,0.0000,0.0059,1,ACTIVE,2,6,6
4186,14569,19:54:00,0,92.00,0,0.0200,0.0049,0.0000,0.0059,1,ACTIVE,2,6,6
4186,14570,19:54:30,0,204.00,0,0.0200,0.0049,0.0000,0.0059,1,ACTIVE,2,6,6
4186,14571,19:55:00,0,99.00,0,0.0200,0.0049,0.0000,0.0059,1,ACTIVE,2,6,6
4186,14572,19:55:30,0,145.00,0,0.0100,0.0049,0.0000,0.0000,1,ACTIVE,2,6,6
4186,14573,19:56:00,0,150.00,0,0.0100,0.0049,0.0000,0.0000,1,ACTIVE,2,6,6
4186,14574,19:56:30,0,122.00,0,0.0200,0.0049,0.0000,0.0059,1,ACTIVE,2,6,6
4186,14575,19:57:00,0,211.00,0,0.0200,0.0049,0.0000,0.0059,1,ACTIVE,2,6,6
4186,14576,19:57:30,0,198.00,0,0.0200,0.0049,0.0000,0.0059,1,ACTIVE,2,6,6
4186,14577,19:58:00,0,140.00,0,0.0200,0.0049,0.0000,0.0059,1,ACTIVE,2,6,6
4186,14578,19:58:30,0,156.00,0,0.0100,0.0049,0.0000,0.0000,1,ACTIVE,2,6,6
4186,14579,19:59:00,0,122.00,0,0.0200,0.0049,0.0000,0.0059,1,ACTIVE,2,6,6
4186,14580,19:59:30,0,140.00,0,0.0200,0.0049,0.0000,0.0059,1,ACTIVE,2,6,6
4186,14581,20:00:00,0,122.00,0,0.0100,0.0049,0.0000,0.0000,1,ACTIVE,2,6,6
4186,14582,20:00:30,0,72.00,0,0.0200,0.0049,0.0000,0.0059,1,ACTIVE,2,6,6
4186,14583,20:01:00,0,140.00,0,0.0200,0.0049,0.0000,0.0059,1,ACTIVE,2,6,6
4186,14584,20:01:30,0,241.00,0,0.0100,0.0049,0.0000,0.0000,1,ACTIVE,2,6,6
4186,14585,20:02:00,0,85.00,0,0.0100,0.0049,0.0000,0.0000,1,ACTIVE,2,6,6
4186,14586,20:02:30,0,118.00,0,0.0200,0.0049,0.0000,0.0059,1,ACTIVE,2,6,6
4186,14587,20:03:00,0,52.00,0,0.0200,0.0049,0.0000,0.0059,1,ACTIVE,2,6,6
4186,14588,20:03:30,0,24.00,0,0.0100,0.0049,0.0000,0.0000,1,ACTIVE,2,6,6
4186,14589,20:04:00,0,122.00,0,0.0200,0.0049,0.0000,0.0059,1,ACTIVE,2,6,6
4186,14590,20:04:30,0,17.00,0,0.0200,0.0049,0.0000,0.0059,1,ACTIVE,2,6,6
4186,14591,20:05:00,0,40.00,0,0.0200,0.0049,0.0000,0.0059,1,ACTIVE,2,6,6
4186,14592,20:05:30,0,40.00,0,0.0100,0.0049,0.0000,0.0000,1,ACTIVE,2,6,6
4186,14593,20:06:00,0,20.00,0,0.0200,0.0049,0.0000,0.0059,1,ACTIVE,2,6,6
4186,14594,20:06:30,0,16.00,0,0.0100,0.0049,0.0000,0.0000,1,ACTIVE,2,6,6
4186,14595,20:07:00,0,30.00,0,0.0200,0.0049,0.0000,0.0059,1,ACTIVE,2,6,6
4186,14596,20:07:30,0,218.00,0,0.0200,0.0049,0.0000,0.0059,1,ACTIVE,2,6,6
4186,14597,20:08:00,0,4.00,0,0.0200,0.0049,0.0000,0.0059,1,ACTIVE,2,6,6
4186,14598,20:08:30,0,204.00,0,0.0100,0.0049,0.0000,0.0000,1,ACTIVE,2,6,6
4186,14599,20:09:00,0,145.00,0,0.0200,0.0049,0.0000,0.0059,1,ACTIVE,2,6,6
4186,14600,20:09:30,0,393.00,0,0.0200,0.0049,0.0000,0.0059,1,ACTIVE,2,6,6
4186,14601,20:10:00,0,113.00,0,0.0100,0.0049,0.0000,0.0000,1,ACTIVE,2,6,6
4186,14602,20:10:30,0,54.00,0,0.1700,0.0042,0.0173,0.0059,1,ACTIVE,2,6,6
4186,14603,20:11:00,0,218.00,0,0.0200,0.0049,0.0000,0.0059,1,ACTIVE,2,6,6
4186,14604,20:11:30,0,45.00,0,0.0200,0.0049,0.0000,0.0059,1,ACTIVE,2,6,6
4186,14605,20:12:00,0,72.00,0,0.0200,0.0049,0.0000,0.0059,1,ACTIVE,2,6,6
4186,14606,20:12:30,0,226.00,0,0.0200,0.0049,0.0000,0.0059,1,ACTIVE,2,6,6
4186,14607,20:13:00,0,89.00,0,0.0200,0.0049,0.0000,0.0059,1,ACTIVE,2,6,6
4186,14608,20:13:30,0,43.00,0,0.0200,0.0049,0.0000,0.0059,1,ACTIVE,2,6,6
4186,14609,20:14:00,0,36.00,0,0.0200,0.0049,0.0000,0.0059,1,ACTIVE,2,6,6
4186,14610,20:14:30,0,38.00,0,0.0200,0.0049,0.0000,0.0059,1,ACTIVE,2,6,6
4186,14611,20:15:00,0,38.00,0,0.0200,0.0049,0.0000,0.0059,1,ACTIVE,2,6,6
4186,14612,20:15:30,0,49.00,0,0.0200,0.0049,0.0000,0.0059,1,ACTIVE,2,6,6
4186,14613,20:16:00,0,20.00,0,0.0200,0.0049,0.0000,0.0059,1,ACTIVE,2,6,6
4186,14614,20:16:30,0,36.00,0,0.1700,0.0042,0.0173,0.0059,1,ACTIVE,2,6,6
4186,14615,20:17:00,0,226.00,0,0.0100,0.0049,0.0000,0.0000,1,ACTIVE,2,6,6
4186,14616,20:17:30,0,99.00,0,0.0200,0.0049,0.0000,0.0059,1,ACTIVE,2,6,6
4186,14617,20:18:00,0,102.00,0,0.0200,0.0049,0.0000,0.0059,1,ACTIVE,2,6,6
4186,14618,20:18:30,0,79.00,0,0.0200,0.0049,0.0000,0.0059,1,ACTIVE,2,6,6
4186,14619,20:19:00,0,8.00,0,0.0200,0.0049,0.0000,0.0059,1,ACTIVE,2,6,6
4186,14620,20:19:30,0,10.00,0,0.0200,0.0049,0.0000,0.0059,1,ACTIVE,2,6,6
4186,14621,20:20:00,0,127.00,0,0.0100,0.0049,0.0000,0.0000,1,ACTIVE,2,6,6
4186,14622,20:20:30,0,70.00,0,0.0200,0.0049,0.0000,0.0059,1,ACTIVE,2,6,6
4186,14623,20:21:00,0,40.00,0,0.0200,0.0049,0.0000,0.0059,1,ACTIVE,2,6,6
4186,14624,20:21:30,0,28.00,0,0.0200,0.0049,0.0000,0.0059,1,ACTIVE,2,6,6
4186,14625,20:22:00,0,26.00,0,0.0200,0.0049,0.0000,0.0059,1,ACTIVE,2,6,6
4186,14626,20:22:30,0,43.00,0,0.0200,0.0049,0.0000,0.0059,1,ACTIVE,2,6,6
4186,14627,20:23:00,0,29.00,0,0.0200,0.0049,0.0000,0.0059,1,ACTIVE,2,6,6
4186,14628,20:23:30,0,36.00,0,0.0200,0.0049,0.0000,0.0059,1,ACTIVE,2,6,6
4186,14629,20:24:00,0,40.00,0,0.0200,0.0049,0.0000,0.0059,1,ACTIVE,2,6,6
4186,14630,20:24:30,0,63.00,0,0.0200,0.0049,0.0000,0.0059,1,ACTIVE,2,6,6
4186,14631,20:25:00,0,127.00,0,0.0200,0.0049,0.0000,0.0059,1,ACTIVE,2,6,6
4186,14632,20:25:30,0,65.00,0,0.0200,0.0049,0.0000,0.0059,1,ACTIVE,2,6,6
4186,14633,20:26:00,0,150.00,0,0.0100,0.0049,0.0000,0.0000,1,ACTIVE,2,6,6
4186,14634,20:26:30,0,136.00,0,0.0100,0.0049,0.0000,0.0000,1,ACTIVE,2,6,6
4186,14635,20:27:00,0,173.00,0,0.0100,0.0049,0.0000,0.0000,1,ACTIVE,2,6,6
4186,14636,20:27:30,0,145.00,0,0.0200,0.0049,0.0000,0.0059,1,ACTIVE,2,6,6
4186,14637,20:28:00,0,257.00,0,0.0200,0.0049,0.0000,0.0059,1,ACTIVE,2,6,6
4186,14638,20:28:30,0,257.00,0,0.0100,0.0049,0.0000,0.0000,1,ACTIVE,2,6,6
4186,14639,20:29:00,0,293.00,0,0.0100,0.0049,0.0000,0.0000,1,ACTIVE,2,6,6
4186,14640,20:29:30,0,162.00,0,0.2100,0.0215,0.0173,0.0059,1,ACTIVE,2,6,6
4186,14641,20:30:00,0,27.00,0,0.2200,0.0298,0.0173,0.0059,1,ACTIVE,2,6,6
4186,14642,20:30:30,0,150.00,0,0.0100,0.0049,0.0000,0.0000,1,ACTIVE,2,6,6
4186,14643,20:31:00,0,82.00,0,0.0200,0.0049,0.0000,0.0059,1,ACTIVE,2,6,6
4186,14644,20:31:30,0,204.00,0,0.0200,0.0049,0.0000,0.0059,1,ACTIVE,2,6,6
4186,14645,20:32:00,0,85.00,0,0.0200,0.0049,0.0000,0.0059,1,ACTIVE,2,6,6
4186,14646,20:32:30,0,150.00,0,0.0100,0.0049,0.0000,0.0000,1,ACTIVE,2,6,6
4186,14647,20:33:00,0,102.00,0,0.0200,0.0049,0.0000,0.0059,1,ACTIVE,2,6,6
4186,14648,20:33:30,0,127.00,0,0.0800,0.0339,0.0000,0.0059,1,ACTIVE,2,6,6
4186,14649,20:34:00,0,102.00,0,1.3000,0.0861,0.1220,0.0412,1,ACTIVE,2,6,6
4186,14650,20:34:30,0,52.00,0,3.0300,0.6740,0.1760,0.0023,1,ACTIVE,2,6,6
4186,14651,20:35:00,0,136.00,0,0.1100,0.0490,0.0000,0.0059,1,ACTIVE,2,6,6
4186,14652,20:35:30,0,82.00,0,0.7700,0.1330,0.0523,0.0173,1,ACTIVE,2,6,6
4186,14653,20:36:00,0,79.00,0,0.3100,0.0679,0.0173,0.0059,1,ACTIVE,2,6,6
4186,14654,20:36:30,0,184.00,0,1.3300,0.2490,0.0880,0.0070,1,ACTIVE,2,6,6
4186,14655,20:37:00,0,198.00,0,2.0100,0.1880,0.1760,0.0523,1,ACTIVE,2,6,6
4186,14656,20:37:30,0,150.00,0,0.0800,0.0339,0.0000,0.0059,1,ACTIVE,2,6,6
4186,14657,20:38:00,0,34.00,0,8.9700,1.0900,0.7200,0.2490,1,ACTIVE,2,6,6
4186,14658,20:38:30,0,2.00,0,12.3400,1.9500,0.8750,0.3450,1,ACTIVE,2,6,6
4186,14659,20:39:00,0,1.00,0,12.3300,1.9500,0.8750,0.3300,0,ACTIVE,2,6,6
4186,14660,20:39:30,0,1.00,0,10.2900,1.6700,0.7200,0.2600,0,ACTIVE,2,6,6
4186,14661,20:40:00,0,2.00,0,10.2800,1.6700,0.7200,0.2490,0,ACTIVE,2,6,6
4186,14662,20:40:30,0,1.00,0,10.7500,1.6700,0.7680,0.2960,0,ACTIVE,2,6,6
4186,14663,20:41:00,0,13.00,0,8.6500,1.3800,0.6180,0.1690,1,ACTIVE,2,6,6
4186,14664,20:41:30,0,45.00,0,1.4000,0.2770,0.0880,0.0115,1,ACTIVE,2,6,6
4186,14665,20:42:00,0,56.00,0,2.0600,0.3230,0.1510,0.0206,1,ACTIVE,2,6,6
4186,14666,20:42:30,0,6.00,0,0.2200,0.0298,0.0173,0.0059,0,ACTIVE,2,6,6
4186,14667,20:43:00,0,13.00,0,0.1100,0.0490,0.0000,0.0059,1,ACTIVE,2,6,6
4186,14668,20:43:30,0,1.00,0,0.0100,0.0049,0.0000,0.0000,0,ACTIVE,2,6,6
4186,14669,20:44:00,0,29.00,0,0.0600,0.0245,0.0000,0.0059,1,ACTIVE,2,6,6
4186,14670,20:44:30,0,0.00,0,0.0100,0.0049,0.0000,0.0000,0,ACTIVE,2,6,6
4186,14671,20:45:00,0,6.00,0,0.0800,0.0339,0.0000,0.0059,0,ACTIVE,2,6,6
4186,14672,20:45:30,0,4.00,0,0.1200,0.0535,0.0000,0.0059,0,ACTIVE,2,6,6
4186,14673,20:46:00,0,2.00,0,0.0200,0.0049,0.0000,0.0059,0,ACTIVE,2,6,6
4186,14674,20:46:30,0,12.00,0,0.1400,0.0470,0.0012,0.0215,0,ACTIVE,2,6,6
4186,14675,20:47:00,0,7.00,0,0.5900,0.0470,0.0523,0.0292,0,ACTIVE,2,6,6
4186,14676,20:47:30,0,7.00,0,1.5600,0.1190,0.1390,0.0756,0,ACTIVE,2,6,6
4186,14677,20:48:00,0,0.00,0,0.0200,0.0049,0.0000,0.0059,0,ACTIVE,2,6,6
4186,14678,20:48:30,0,1.00,0,0.2200,0.0298,0.0173,0.0059,0,ACTIVE,2,6,6
4186,14679,20:49:00,0,2.00,0,0.0600,0.0245,0.0000,0.0059,0,ACTIVE,2,6,6
4186,14680,20:49:30,0,1.00,0,0.0200,0.0049,0.0000,0.0059,0,ACTIVE,2,6,6
4186,14681,20:50:00,0,1.00,0,0.0500,0.0197,0.0000,0.0059,0,ACTIVE,2,6,6
4186,14682,20:50:30,0,1.00,0,0.0200,0.0049,0.0000,0.0059,0,ACTIVE,2,6,6
4186,14683,20:51:00,0,0.00,0,0.0200,0.0049,0.0000,0.0059,0,ACTIVE,2,6,6
4186,14684,20:51:30,0,8.00,0,0.0300,0.0099,0.0000,0.0059,0,ACTIVE,2,6,6
4186,14685,20:52:00,0,0.00,0,0.0200,0.0049,0.0000,0.0059,0,ACTIVE,2,6,6
4186,14686,20:52:30,0,0.00,0,0.0100,0.0049,0.0000,0.0000,0,ACTIVE,2,6,6
4186,14687,20:53:00,0,2.00,0,0.0200,0.0049,0.0000,0.0059,0,ACTIVE,2,6,6
4186,14688,20:53:30,0,0.00,0,0.0200,0.0049,0.0000,0.0059,0,ACTIVE,2,6,6
4186,14689,20:54:00,0,0.00,0,0.0200,0.0049,0.0000,0.0059,0,ACTIVE,2,6,6
4186,14690,20:54:30,0,2.00,0,0.0500,0.0197,0.0000,0.0059,0,ACTIVE,2,6,6
4186,14691,20:55:00,0,2.00,0,0.0200,0.0049,0.0000,0.0059,0,ACTIVE,2,6,6
4186,14692,20:55:30,0,7.00,0,0.0600,0.0245,0.0000,0.0059,0,ACTIVE,2,6,6
4186,14693,20:56:00,0,7.00,0,0.0200,0.0049,0.0000,0.0059,0,ACTIVE,2,6,6
4186,14694,20:56:30,0,0.00,0,0.0200,0.0049,0.0000,0.0059,0,ACTIVE,2,6,6
4186,14695,20:57:00,0,4.00,0,0.0200,0.0049,0.0000,0.0059,0,ACTIVE,2,6,6
4186,14696,20:57:30,0,0.00,0,0.0200,0.0049,0.0000,0.0059,0,ACTIVE,2,6,6
4186,14697,20:58:00,0,0.00,0,0.0300,0.0099,0.0000,0.0059,0,ACTIVE,2,6,6
4186,14698,20:58:30,0,0.00,0,0.0200,0.0049,0.0000,0.0059,0,ACTIVE,2,6,6
4186,14699,20:59:00,0,1.00,0,0.2800,0.0559,0.0173,0.0059,0,ACTIVE,2,6,6
4186,14700,20:59:30,0,2.00,0,0.0200,0.0049,0.0000,0.0059,0,ACTIVE,2,6,6
4186,14701,21:00:00,0,0.00,0,0.0200,0.0049,0.0000,0.0059,0,ACTIVE,2,6,6
4186,14702,21:00:30,0,1.00,0,0.0200,0.0049,0.0000,0.0059,0,ACTIVE,2,6,6
4186,14703,21:01:00,0,11.00,0,0.0900,0.0395,0.0000,0.0059,0,ACTIVE,2,6,6
4186,14704,21:01:30,0,16.00,0,1.2600,0.2000,0.0880,0.0412,1,ACTIVE,2,6,6
4186,14705,21:02:00,0,13.00,0,1.3700,0.0981,0.1220,0.0756,1,ACTIVE,2,6,6
4186,14706,21:02:30,0,36.00,0,0.6500,0.0724,0.0523,0.0292,1,ACTIVE,2,6,6
4186,14707,21:03:00,0,13.00,0,0.2200,0.0298,0.0173,0.0059,1,ACTIVE,2,6,6
4186,14708,21:03:30,0,8.00,0,2.1300,0.2330,0.1760,0.0650,1,ACTIVE,2,6,6
4186,14709,21:04:00,0,31.00,0,4.5500,0.6740,0.3370,0.0981,1,ACTIVE,2,6,6
4186,14710,21:04:30,0,36.00,0,2.5700,0.5550,0.1510,0.0206,1,ACTIVE,2,6,6
4186,14711,21:05:00,0,40.00,0,4.5800,0.6890,0.3370,0.0981,1,ACTIVE,2,6,6
4186,14712,21:05:30,0,1.00,0,2.1200,0.4570,0.1240,0.0162,0,ACTIVE,2,6,6
4186,14713,21:06:00,0,0.00,0,2.6300,0.4670,0.1760,0.0523,0,ACTIVE,2,6,6
4186,14714,21:06:30,0,1.00,0,2.7000,0.4980,0.1760,0.0523,0,ACTIVE,2,6,6
4186,14715,21:07:00,0,26.00,0,9.7800,1.4700,0.7200,0.2050,1,ACTIVE,2,6,6
4186,14716,21:07:30,0,17.00,0,4.3800,1.0200,0.2380,0.0347,1,ACTIVE,2,6,6
4186,14717,21:08:00,0,15.00,0,1.1900,0.2900,0.0622,0.0070,1,ACTIVE,2,6,6
4186,14718,21:08:30,0,49.00,0,1.0900,0.2440,0.0622,0.0070,1,ACTIVE,2,6,6
4186,14719,21:09:00,0,52.00,0,1.4500,0.3030,0.0880,0.0115,1,ACTIVE,2,6,6
4186,14720,21:09:30,0,9.00,0,0.9200,0.2000,0.0523,0.0173,1,ACTIVE,2,6,6
4186,14721,21:10:00,0,1.00,0,0.9100,0.1960,0.0523,0.0173,0,ACTIVE,2,6,6
4186,14722,21:10:30,0,2.00,0,0.9100,0.1960,0.0523,0.0173,0,ACTIVE,2,6,6
4186,14723,21:11:00,0,0.00,0,0.9100,0.1960,0.0523,0.0173,0,ACTIVE,2,6,6
4186,14724,21:11:30,0,58.00,0,0.8700,0.1760,0.0523,0.0173,1,ACTIVE,2,6,6
4186,14725,21:12:00,0,1.00,0,0.8600,0.1720,0.0523,0.0173,0,ACTIVE,2,6,6
4186,14726,21:12:30,0,89.00,0,1.1000,0.2490,0.0622,0.0070,1,ACTIVE,2,6,6
4186,14727,21:13:00,0,19.00,0,0.0300,0.0099,0.0000,0.0059,1,ACTIVE,2,6,6
4186,14728,21:13:30,0,1.00,0,0.0200,0.0049,0.0000,0.0059,0,ACTIVE,2,6,6
4186,14729,21:14:00,0,2.00,0,0.0200,0.0049,0.0000,0.0059,0,ACTIVE,2,6,6
4186,14730,21:14:30,0,0.00,0,0.0200,0.0049,0.0000,0.0059,0,ACTIVE,2,6,6
4186,14731,21:15:00,0,1.00,0,0.0300,0.0099,0.0000,0.0059,0,ACTIVE,2,6,6
4186,14732,21:15:30,0,36.00,0,0.0200,0.0049,0.0000,0.0059,1,ACTIVE,2,6,6
4186,14733,21:16:00,0,36.00,0,0.0200,0.0049,0.0000,0.0059,1,ACTIVE,2,6,6
4186,14734,21:16:30,0,0.00,0,0.1700,0.0042,0.0173,0.0059,0,ACTIVE,2,6,6
4186,14735,21:17:00,0,1.00,0,0.0200,0.0049,0.0000,0.0059,0,ACTIVE,2,6,6
4186,14736,21:17:30,0,10.00,0,2.3100,0.3160,0.1760,0.0650,0,ACTIVE,2,6,6
4186,14737,21:18:00,0,26.00,0,5.6800,0.5550,0.4870,0.1690,1,ACTIVE,2,6,6
4186,14738,21:18:30,0,0.00,0,0.7400,0.1120,0.0523,0.0292,0,ACTIVE,2,6,6
4186,14739,21:19:00,0,26.00,0,5.2800,0.4980,0.4570,0.1690,1,ACTIVE,2,6,6
4186,14740,21:19:30,0,0.00,0,1.1700,0.1580,0.0880,0.0412,0,ACTIVE,2,6,6
4186,14741,21:20:00,0,8.00,0,1.1400,0.1510,0.0880,0.0292,0,ACTIVE,2,6,6
4186,14742,21:20:30,0,27.00,0,2.3600,0.3370,0.1760,0.0650,1,ACTIVE,2,6,6
4186,14743,21:21:00,0,1.00,0,0.4400,0.1610,0.0035,0.0501,0,ACTIVE,2,6,6
4186,14744,21:21:30,0,49.00,0,7.6400,0.9130,0.6180,0.1920,1,ACTIVE,2,6,6
4186,14745,21:22:00,0,2.00,0,7.0800,1.2400,0.4870,0.0679,0,ACTIVE,2,6,6
4186,14746,21:22:30,0,0.00,0,8.8000,1.7500,0.5550,0.0724,0,ACTIVE,2,6,6
4186,14747,21:23:00,0,43.00,0,13.0600,2.9400,0.7350,0.1090,1,ACTIVE,2,6,6
4186,14748,21:23:30,0,70.00,0,8.0100,1.7500,0.4570,0.1330,1,ACTIVE,2,6,6
4186,14749,21:24:00,0,58.00,0,15.7200,2.7600,1.0600,0.2960,1,ACTIVE,2,6,6
4186,14750,21:24:30,0,20.00,0,15.1700,1.2600,1.3500,0.5200,1,ACTIVE,2,6,6
4186,14751,21:25:00,0,15.00,0,13.8900,1.7900,1.0900,0.3920,1,ACTIVE,2,6,6
4186,14752,21:25:30,0,19.00,0,13.5300,1.3200,1.1600,0.4280,1,ACTIVE,2,6,6
4186,14753,21:26:00,0,2.00,0,9.9600,1.1800,0.8020,0.2960,0,ACTIVE,2,6,6
4186,14754,21:26:30,0,11.00,0,7.7900,0.9750,0.6180,0.2050,0,ACTIVE,2,6,6
4186,14755,21:27:00,0,6.00,0,7.2700,0.7200,0.6180,0.2380,0,ACTIVE,2,6,6
4186,14756,21:27:30,0,7.00,0,7.3600,0.8370,0.6050,0.1920,0,ACTIVE,2,6,6
4186,14757,21:28:00,0,0.00,0,8.1800,1.0400,0.6460,0.2050,0,ACTIVE,2,6,6
4186,14758,21:28:30,0,1.00,0,8.5400,1.0200,0.6890,0.2380,0,ACTIVE,2,6,6
4186,14759,21:29:00,0,17.00,0,7.9000,1.0400,0.6180,0.1690,1,ACTIVE,2,6,6
4186,14760,21:29:30,0,7.00,0,6.9400,0.8560,0.5550,0.1690,1,ACTIVE,2,6,6
4186,14761,21:30:00,0,75.00,0,8.9600,0.9540,0.7510,0.2490,1,ACTIVE,2,6,6
4186,14762,21:30:30,0,30.00,0,4.9000,0.7040,0.3680,0.1120,1,ACTIVE,2,6,6
4186,14763,21:31:00,0,12.00,0,7.5100,0.9130,0.6050,0.1800,1,ACTIVE,2,6,6
4186,14764,21:31:30,0,22.00,0,10.9600,2.1300,0.6890,0.2050,1,ACTIVE,2,6,6
4186,14765,21:32:00,0,24.00,0,5.5900,0.9130,0.4010,0.0571,1,ACTIVE,2,6,6
4186,14766,21:32:30,0,11.00,0,5.1500,0.6740,0.4010,0.1330,1,ACTIVE,2,6,6
4186,14767,21:33:00,0,1.00,0,2.7000,0.4980,0.1760,0.0523,0,ACTIVE,2,6,6
4186,14768,21:33:30,0,24.00,0,8.6200,0.7680,0.7510,0.3090,1,ACTIVE,2,6,6
4186,14769,21:34:00,0,67.00,0,14.0800,2.0800,1.0400,0.3450,1,ACTIVE,2,6,6
4186,14770,21:34:30,0,22.00,0,16.5400,1.6400,1.4100,0.5310,1,ACTIVE,2,6,6
4186,14771,21:35:00,0,20.00,0,14.5500,3.3500,0.8020,0.1140,1,ACTIVE,2,6,6
4186,14772,21:35:30,0,0.00,0,14.5500,3.3500,0.8020,0.1090,0,ACTIVE,2,6,6
4186,14773,21:36:00,0,3.00,0,16.1200,2.9400,1.0600,0.2840,0,ACTIVE,2,6,6
4186,14774,21:36:30,0,0.00,0,12.2100,1.5700,0.9540,0.3520,0,ACTIVE,2,6,6
4186,14775,21:37:00,0,0.00,0,11.0200,1.6700,0.8020,0.2720,0,ACTIVE,2,6,6
4186,14776,21:37:30,0,1.00,0,13.6700,2.0800,0.9960,0.3230,0,ACTIVE,2,6,6
4186,14777,21:38:00,0,0.00,0,21.1500,2.8200,1.6400,0.5200,0,ACTIVE,2,6,6
4186,14778,21:38:30,0,0.00,0,21.7600,2.9400,1.6700,0.5430,0,ACTIVE,2,6,6
4186,14779,21:39:00,0,1.00,0,21.1700,2.8200,1.6400,0.5430,0,ACTIVE,2,6,6
4186,14780,21:39:30,0,1.00,0,20.7200,2.7600,1.6000,0.5310,0,ACTIVE,2,6,6
4186,14781,21:40:00,0,15.00,0,16.4700,2.4700,1.2100,0.3680,1,ACTIVE,2,6,6
4186,14782,21:40:30,0,82.00,0,11.3100,2.2200,0.7200,0.0939,1,ACTIVE,2,6,6
4186,14783,21:41:00,0,1.00,0,14.7900,2.2200,1.0900,0.3450,1,ACTIVE,2,6,6
4186,14784,21:41:30,0,92.00,0,15.9900,2.4700,1.1600,0.3450,1,ACTIVE,2,6,6
4186,14785,21:42:00,0,25.00,0,17.5900,3.2100,1.1600,0.3230,1,ACTIVE,2,6,6
4186,14786,21:42:30,0,43.00,0,15.9200,2.2200,1.2100,0.3760,1,ACTIVE,2,6,6
4186,14787,21:43:00,0,40.00,0,8.0400,0.7850,0.6890,0.2490,1,ACTIVE,2,6,6
4186,14788,21:43:30,0,0.00,0,1.6500,0.3920,0.0880,0.0115,0,ACTIVE,2,6,6
4186,14789,21:44:00,0,0.00,0,1.7600,0.3920,0.1000,0.0115,0,ACTIVE,2,6,6
4186,14790,21:44:30,0,63.00,0,7.1400,0.7200,0.6050,0.2280,1,ACTIVE,2,6,6
4186,14791,21:45:00,0,11.00,0,1.9100,0.3600,0.1220,0.0412,1,ACTIVE,2,6,6
4186,14792,21:45:30,0,45.00,0,5.9500,0.6740,0.4870,0.1800,1,ACTIVE,2,6,6
4186,14793,21:46:00,0,15.00,0,2.6000,0.4470,0.1760,0.0650,1,ACTIVE,2,6,6
4186,14794,21:46:30,0,20.00,0,4.5800,0.5550,0.3680,0.1220,1,ACTIVE,2,6,6
4186,14795,21:47:00,0,13.00,0,3.7400,0.4370,0.3030,0.1120,0,ACTIVE,2,6,6
4186,14796,21:47:30,0,4.00,0,1.0800,0.2380,0.0622,0.0070,0,ACTIVE,2,6,6
4186,14797,21:48:00,0,12.00,0,2.6100,0.4570,0.1760,0.0523,0,ACTIVE,2,6,6
4186,14798,21:48:30,0,25.00,0,4.1700,0.6460,0.3030,0.0880,1,ACTIVE,2,6,6
4186,14799,21:49:00,0,1.00,0,1.8200,0.4190,0.1000,0.0162,0,ACTIVE,2,6,6
4186,14800,21:49:30,0,0.00,0,1.8200,0.4190,0.1000,0.0162,0,ACTIVE,2,6,6
4186,14801,21:50:00,0,0.00,0,1.8600,0.4370,0.1000,0.0162,0,ACTIVE,2,6,6
4186,14802,21:50:30,0,0.00,0,2.0700,0.4370,0.1240,0.0162,0,ACTIVE,2,6,6
4186,14803,21:51:00,0,45.00,0,8.3200,0.7680,0.7200,0.2960,1,ACTIVE,2,6,6
4186,14804,21:51:30,0,0.00,0,2.5200,0.5310,0.1510,0.0206,1,ACTIVE,2,6,6
4186,14805,21:52:00,0,113.00,0,2.3100,0.3230,0.1760,0.0523,1,ACTIVE,2,6,6
4186,14806,21:52:30,0,150.00,0,0.0300,0.0099,0.0000,0.0059,1,ACTIVE,2,6,6
4186,14807,21:53:00,0,234.00,0,0.0500,0.0197,0.0000,0.0059,1,ACTIVE,2,6,6
4186,14808,21:53:30,0,49.00,0,0.9900,0.0861,0.0880,0.0292,1,ACTIVE,2,6,6
4186,14809,21:54:00,0,72.00,0,14.5900,2.7600,0.9540,0.1330,1,ACTIVE,2,6,6
4186,14810,21:54:30,0,38.00,0,2.6200,0.4770,0.1760,0.0206,1,ACTIVE,2,6,6
4186,14811,21:55:00,0,109.00,0,4.4700,1.0600,0.2380,0.0347,1,ACTIVE,2,6,6
4186,14812,21:55:30,0,140.00,0,5.4900,1.2100,0.3160,0.0440,1,ACTIVE,2,6,6
4186,14813,21:56:00,0,12.00,0,0.9300,0.3230,0.0095,0.1220,1,ACTIVE,2,6,6
4186,14814,21:56:30,0,0.00,0,2.8500,0.4010,0.2090,0.1220,0,ACTIVE,2,6,6
4186,14815,21:57:00,0,13.00,0,7.8800,0.5550,0.7200,0.3230,0,ACTIVE,2,6,6
4186,14816,21:57:30,0,0.00,0,3.8400,0.1610,0.3680,0.2380,0,ACTIVE,2,6,6
4186,14817,21:58:00,0,0.00,0,0.9300,0.1720,0.0245,0.3090,0,ACTIVE,2,6,6
4186,14818,21:58:30,0,0.00,0,0.9300,0.1720,0.0245,0.3090,0,ACTIVE,2,6,6
4186,14819,21:59:00,0,0.00,0,0.8600,0.1610,0.0220,0.2900,0,ACTIVE,2,6,6
4186,14820,21:59:30,0,11.00,0,4.6900,0.3300,0.4370,0.1220,0,ACTIVE,2,6,6
4186,14821,22:00:00,0,2.00,0,1.0500,0.2600,0.0523,0.0173,0,ACTIVE,2,6,6
4186,14822,22:00:30,0,0.00,0,1.0800,0.2720,0.0523,0.0173,0,ACTIVE,2,6,6
4186,14823,22:01:00,0,0.00,0,1.1900,0.2900,0.0622,0.0070,0,ACTIVE,2,6,6
4186,14824,22:01:30,0,0.00,0,1.0800,0.2720,0.0523,0.0173,0,ACTIVE,2,6,6
4186,14825,22:02:00,0,1.00,0,1.5600,0.3520,0.0880,0.0070,0,ACTIVE,2,6,6
4186,14826,22:02:30,0,1.00,0,1.8400,0.4280,0.1000,0.0115,0,ACTIVE,2,6,6
4186,14827,22:03:00,0,1.00,0,1.6900,0.4100,0.0880,0.0115,0,ACTIVE,2,6,6
4186,14828,22:03:30,0,13.00,0,1.4200,0.2900,0.0880,0.0115,0,ACTIVE,2,6,6
4186,14829,22:04:00,0,0.00,0,1.5200,0.3370,0.0880,0.0070,0,ACTIVE,2,6,6
4186,14830,22:04:30,0,8.00,0,3.6900,0.5200,0.2770,0.0981,0,ACTIVE,2,6,6
4186,14831,22:05:00,0,16.00,0,2.6200,0.4770,0.1760,0.0256,0,ACTIVE,2,6,6
4186,14832,22:05:30,0,0.00,0,1.9700,0.4870,0.1000,0.0115,0,ACTIVE,2,6,6
4186,14833,22:06:00,0,0.00,0,2.3800,0.5790,0.1240,0.0115,0,ACTIVE,2,6,6
4186,14834,22:06:30,0,0.00,0,2.7700,0.6460,0.1510,0.0162,0,ACTIVE,2,6,6
4186,14835,22:07:00,0,4.00,0,3.6000,0.5790,0.2600,0.0395,0,ACTIVE,2,6,6
4186,14836,22:07:30,0,1.00,0,3.9100,0.5200,0.3030,0.0981,0,ACTIVE,2,6,6
4186,14837,22:08:00,0,9.00,0,6.3200,0.5430,0.5550,0.2380,0,ACTIVE,2,6,6
4186,14838,22:08:30,0,13.00,0,6.9300,0.5550,0.6180,0.2600,0,ACTIVE,2,6,6
4186,14839,22:09:00,0,3.00,0,5.5700,0.5920,0.4570,0.2380,0,ACTIVE,2,6,6
4186,14840,22:09:30,0,2.00,0,4.5400,0.5200,0.3680,0.1580,0,ACTIVE,2,6,6
4186,14841,22:10:00,0,0.00,0,1.6300,0.3840,0.0880,0.0070,0,ACTIVE,2,6,6
4186,14842,22:10:30,0,0.00,0,1.3100,0.3450,0.0622,0.0070,0,ACTIVE,2,6,6
4186,14843,22:11:00,0,0.00,0,1.2500,0.3160,0.0622,0.0070,0,ACTIVE,2,6,6
4186,14844,22:11:30,0,1.00,0,2.0400,0.5200,0.1000,0.0115,0,ACTIVE,2,6,6
4186,14845,22:12:00,0,0.00,0,2.2800,0.5310,0.1240,0.0162,0,ACTIVE,2,6,6
4186,14846,22:12:30,0,2.00,0,1.2500,0.3160,0.0622,0.0070,0,ACTIVE,2,6,6
4186,14847,22:13:00,0,1.00,0,1.9700,0.4870,0.1000,0.0115,0,ACTIVE,2,6,6
4186,14848,22:13:30,0,0.00,0,1.6100,0.3760,0.0880,0.0070,0,ACTIVE,2,6,6
4186,14849,22:14:00,0,2.00,0,1.6700,0.4010,0.0880,0.0115,0,ACTIVE,2,6,6
4186,14850,22:14:30,0,0.00,0,2.2300,0.5090,0.1240,0.0115,0,ACTIVE,2,6,6
4186,14851,22:15:00,0,0.00,0,2.2500,0.5200,0.1240,0.0115,0,ACTIVE,2,6,6
4186,14852,22:15:30,0,0.00,0,2.2800,0.5310,0.1240,0.0115,0,ACTIVE,2,6,6
4186,14853,22:16:00,0,1.00,0,1.3300,0.3520,0.0622,0.0070,0,ACTIVE,2,6,6
4186,14854,22:16:30,0,1.00,0,2.0400,0.5200,0.1000,0.0115,0,ACTIVE,2,6,6
4186,14855,22:17:00,0,0.00,0,2.3000,0.5430,0.1240,0.0115,0,ACTIVE,2,6,6
4186,14856,22:17:30,0,0.00,0,1.9700,0.4870,0.1000,0.0115,0,ACTIVE,2,6,6
4186,14857,22:18:00,0,0.00,0,1.2800,0.3300,0.0622,0.0070,0,ACTIVE,2,6,6
4186,14858,22:18:30,0,2.00,0,1.5900,0.3680,0.0880,0.0070,0,ACTIVE,2,6,6
4186,14859,22:19:00,0,1.00,0,1.9000,0.4570,0.1000,0.0115,0,ACTIVE,2,6,6
4186,14860,22:19:30,0,6.00,0,1.5600,0.3520,0.0880,0.0115,1,ACTIVE,2,6,6
4186,14861,22:20:00,0,24.00,0,3.7100,0.8750,0.2000,0.0206,1,ACTIVE,2,6,6
4186,14862,22:20:30,0,136.00,0,4.1200,0.6180,0.3030,0.0981,1,ACTIVE,2,6,6
4186,14863,22:21:00,0,0.00,0,0.3900,0.1070,0.0173,0.0059,0,ACTIVE,2,6,6
4186,14864,22:21:30,0,6.00,0,0.5400,0.1720,0.0173,0.0059,1,ACTIVE,2,6,6
4186,14865,22:22:00,0,0.00,0,0.5400,0.1720,0.0173,0.0059,0,ACTIVE,2,6,6
4186,14866,22:22:30,0,0.00,0,0.6900,0.1610,0.0378,0.0023,0,ACTIVE,2,6,6
4186,14867,22:23:00,0,1.00,0,0.6900,0.1610,0.0378,0.0023,0,ACTIVE,2,6,6
4186,14868,22:23:30,0,1.00,0,0.5100,0.1580,0.0173,0.0059,0,ACTIVE,2,6,6
4186,14869,22:24:00,0,2.00,0,0.4300,0.1220,0.0173,0.0059,0,ACTIVE,2,6,6
4186,14870,22:24:30,0,9.00,0,0.4500,0.1330,0.0173,0.0059,0,ACTIVE,2,6,6
4186,14871,22:25:00,0,1.00,0,0.5100,0.1580,0.0173,0.0059,0,ACTIVE,2,6,6
4186,14872,22:25:30,0,1.00,0,0.7500,0.1880,0.0378,0.0023,0,ACTIVE,2,6,6
4186,14873,22:26:00,0,4.00,0,0.7200,0.1760,0.0378,0.0023,0,ACTIVE,2,6,6
4186,14874,22:26:30,0,0.00,0,0.4300,0.1220,0.0173,0.0059,0,ACTIVE,2,6,6
4186,14875,22:27:00,0,1.00,0,0.3800,0.0981,0.0173,0.0059,0,ACTIVE,2,6,6
4186,14876,22:27:30,0,2.00,0,0.4100,0.1120,0.0173,0.0059,0,ACTIVE,2,6,6
4186,14877,22:28:00,0,1.00,0,0.3900,0.1070,0.0173,0.0059,0,ACTIVE,2,6,6
4186,14878,22:28:30,0,1.00,0,0.4200,0.1190,0.0173,0.0059,0,ACTIVE,2,6,6
4186,14879,22:29:00,0,0.00,0,0.4200,0.1190,0.0173,0.0059,0,ACTIVE,2,6,6
4186,14880,22:29:30,0,0.00,0,0.3900,0.1070,0.0173,0.0059,0,ACTIVE,2,6,6
4186,14881,22:30:00,0,1.00,0,0.4200,0.1190,0.0173,0.0059,0,ACTIVE,2,6,6
4186,14882,22:30:30,0,12.00,0,0.4200,0.1190,0.0173,0.0059,0,ACTIVE,2,6,6
4186,14883,22:31:00,0,7.00,0,0.4100,0.1120,0.0173,0.0059,0,ACTIVE,2,6,6
4186,14884,22:31:30,0,0.00,0,0.4100,0.1120,0.0173,0.0059,0,ACTIVE,2,6,6
4186,14885,22:32:00,0,0.00,0,0.6000,0.1190,0.0378,0.0023,0,ACTIVE,2,6,6
4186,14886,22:32:30,0,1.00,0,0.6800,0.1580,0.0378,0.0023,0,ACTIVE,2,6,6
4186,14887,22:33:00,0,4.00,0,0.7700,0.1330,0.0523,0.0173,0,ACTIVE,2,6,6
4186,14888,22:33:30,0,7.00,0,0.2600,0.0470,0.0173,0.0059,0,ACTIVE,2,6,6
4186,14889,22:34:00,0,1.00,0,0.2600,0.0470,0.0173,0.0059,0,ACTIVE,2,6,6
4186,14890,22:34:30,0,4.00,0,0.2800,0.0559,0.0173,0.0059,0,ACTIVE,2,6,6
4186,14891,22:35:00,0,0.00,0,0.2900,0.0596,0.0173,0.0059,0,ACTIVE,2,6,6
4186,14892,22:35:30,0,0.00,0,0.2800,0.0559,0.0173,0.0059,0,ACTIVE,2,6,6
4186,14893,22:36:00,0,0.00,0,0.2900,0.0596,0.0173,0.0059,0,ACTIVE,2,6,6
4186,14894,22:36:30,0,2.00,0,0.2600,0.0470,0.0173,0.0059,0,ACTIVE,2,6,6
4186,14895,22:37:00,0,8.00,0,0.2500,0.0431,0.0173,0.0059,0,ACTIVE,2,6,6
4186,14896,22:37:30,0,2.00,0,0.2800,0.0559,0.0173,0.0059,0,ACTIVE,2,6,6
4186,14897,22:38:00,0,0.00,0,0.2800,0.0559,0.0173,0.0059,0,ACTIVE,2,6,6
4186,14898,22:38:30,0,1.00,0,0.2900,0.0596,0.0173,0.0059,0,ACTIVE,2,6,6
4186,14899,22:39:00,0,1.00,0,0.2900,0.0596,0.0173,0.0059,0,ACTIVE,2,6,6
4186,14900,22:39:30,0,0.00,0,0.2900,0.0596,0.0173,0.0059,0,ACTIVE,2,6,6
4186,14901,22:40:00,0,0.00,0,0.3100,0.0679,0.0173,0.0059,0,ACTIVE,2,6,6
4186,14902,22:40:30,0,0.00,0,0.3400,0.0807,0.0173,0.0059,0,ACTIVE,2,6,6
4186,14903,22:41:00,0,0.00,0,0.3800,0.0981,0.0173,0.0059,0,ACTIVE,2,6,6
4186,14904,22:41:30,0,0.00,0,0.2900,0.0596,0.0173,0.0059,0,ACTIVE,2,6,6
4186,14905,22:42:00,0,11.00,0,1.1400,0.2660,0.0622,0.0070,0,ACTIVE,2,6,6
4186,14906,22:42:30,0,1.00,0,1.7500,0.4370,0.0880,0.0070,0,ACTIVE,2,6,6
4186,14907,22:43:00,0,0.00,0,1.7900,0.4570,0.0880,0.0115,0,ACTIVE,2,6,6
4186,14908,22:43:30,0,0.00,0,2.0200,0.5090,0.1000,0.0115,0,ACTIVE,2,6,6
4186,14909,22:44:00,0,1.00,0,1.9200,0.4670,0.1000,0.0070,0,ACTIVE,2,6,6
4186,14910,22:44:30,0,0.00,0,1.3300,0.3520,0.0622,0.0070,0,ACTIVE,2,6,6
4186,14911,22:45:00,0,0.00,0,1.6500,0.3920,0.0880,0.0070,0,ACTIVE,2,6,6
4186,14912,22:45:30,0,0.00,0,1.3700,0.3680,0.0622,0.0070,0,ACTIVE,2,6,6
4186,14913,22:46:00,0,0.00,0,1.6500,0.3920,0.0880,0.0070,0,ACTIVE,2,6,6
4186,14914,22:46:30,0,2.00,0,1.7200,0.4280,0.0880,0.0070,0,ACTIVE,2,6,6
4186,14915,22:47:00,0,36.00,0,1.9000,0.4570,0.1000,0.0115,1,ACTIVE,2,6,6
4186,14916,22:47:30,0,8.00,0,1.5900,0.3680,0.0880,0.0070,0,ACTIVE,2,6,6
4186,14917,22:48:00,0,2.00,0,4.2600,0.9750,0.2380,0.0206,0,ACTIVE,2,6,6
4186,14918,22:48:30,0,8.00,0,5.7200,1.2600,0.3300,0.0298,0,ACTIVE,2,6,6
4186,14919,22:49:00,0,0.00,0,6.7300,1.5400,0.3760,0.0395,0,ACTIVE,2,6,6
4186,14920,22:49:30,0,1.00,0,7.2000,1.7500,0.3760,0.0395,0,ACTIVE,2,6,6
4186,14921,22:50:00,0,0.00,0,7.6000,1.8300,0.4010,0.0440,0,ACTIVE,2,6,6
4186,14922,22:50:30,0,0.00,0,7.8400,1.8300,0.4280,0.0480,0,ACTIVE,2,6,6
4186,14923,22:51:00,0,1.00,0,7.6000,1.8300,0.4010,0.0440,0,ACTIVE,2,6,6
4186,14924,22:51:30,0,0.00,0,7.6000,1.8300,0.4010,0.0440,0,ACTIVE,2,6,6
4186,14925,22:52:00,0,0.00,0,7.6000,1.8300,0.4010,0.0440,0,ACTIVE,2,6,6
4186,14926,22:52:30,0,0.00,0,8.2000,1.9500,0.4370,0.0535,0,ACTIVE,2,6,6
4186,14927,22:53:00,0,0.00,0,8.2000,1.9500,0.4370,0.0535,0,ACTIVE,2,6,6
4186,14928,22:53:30,0,1.00,0,8.9300,2.0800,0.4870,0.0571,0,ACTIVE,2,6,6
4186,14929,22:54:00,0,0.00,0,9.3200,2.1300,0.5200,0.0622,0,ACTIVE,2,6,6
4186,14930,22:54:30,0,0.00,0,8.7500,2.0800,0.4670,0.0571,0,ACTIVE,2,6,6
4186,14931,22:55:00,0,0.00,0,8.9300,2.0800,0.4870,0.0571,0,ACTIVE,2,6,6
4186,14932,22:55:30,0,38.00,0,7.9600,1.6400,0.4870,0.0679,1,ACTIVE,2,6,6
4186,14933,22:56:00,0,0.00,0,7.9100,1.0400,0.6180,0.1800,0,ACTIVE,2,6,6
4186,14934,22:56:30,0,0.00,0,8.2500,1.0900,0.6460,0.1800,0,ACTIVE,2,6,6
4186,14935,22:57:00,0,12.00,0,10.9700,1.6700,0.8020,0.2280,0,ACTIVE,2,6,6
4186,14936,22:57:30,0,38.00,0,13.0500,2.0800,0.9330,0.2600,1,ACTIVE,2,6,6
4186,14937,22:58:00,0,0.00,0,10.8200,1.7500,0.7680,0.2140,0,ACTIVE,2,6,6
4186,14938,22:58:30,0,29.00,0,12.5300,2.0800,0.8750,0.2490,1,ACTIVE,2,6,6
4186,14939,22:59:00,0,2.00,0,14.2400,2.5300,0.9540,0.2720,0,ACTIVE,2,6,6
4186,14940,22:59:30,0,4.00,0,15.1100,2.7600,0.9960,0.2720,0,ACTIVE,2,6,6
4186,14941,23:00:00,0,1.00,0,16.5700,3.1400,1.0600,0.2960,0,ACTIVE,2,6,6
4186,14942,23:00:30,0,0.00,0,16.5100,3.2100,1.0400,0.2840,0,ACTIVE,2,6,6
4186,14943,23:01:00,0,1.00,0,13.2000,3.0100,0.7350,0.1090,0,ACTIVE,2,6,6
4186,14944,23:01:30,0,0.00,0,13.2000,3.0100,0.7350,0.1090,0,ACTIVE,2,6,6
4186,14945,23:02:00,0,2.00,0,15.2400,2.8200,0.9960,0.2720,0,ACTIVE,2,6,6
4186,14946,23:02:30,0,1.00,0,14.2500,3.3500,0.7680,0.1140,0,ACTIVE,2,6,6
4186,14947,23:03:00,0,1.00,0,14.7200,3.4200,0.8020,0.1190,0,ACTIVE,2,6,6
4186,14948,23:03:30,0,2.00,0,18.0700,3.4200,1.1600,0.3230,0,ACTIVE,2,6,6
4186,14949,23:04:00,0,1.00,0,18.2300,3.5000,1.1600,0.3230,0,ACTIVE,2,6,6
4186,14950,23:04:30,0,8.00,0,14.8000,2.2200,1.0900,0.3520,0,ACTIVE,2,6,6
4186,14951,23:05:00,0,79.00,0,7.3800,0.7850,0.6180,0.2140,1,ACTIVE,2,6,6
4186,14952,23:05:30,0,24.00,0,1.1500,0.2720,0.0622,0.0070,1,ACTIVE,2,6,6
4186,14953,23:06:00,0,0.00,0,1.5000,0.3230,0.0880,0.0115,0,ACTIVE,2,6,6
4186,14954,23:06:30,0,11.00,0,2.8500,0.5790,0.1760,0.0256,0,ACTIVE,2,6,6
4186,14955,23:07:00,0,13.00,0,3.1000,0.5430,0.2090,0.0650,1,ACTIVE,2,6,6
4186,14956,23:07:30,0,0.00,0,3.1400,0.5550,0.2090,0.0756,0,ACTIVE,2,6,6
4186,14957,23:08:00,0,63.00,0,4.1700,0.6460,0.3030,0.0880,1,ACTIVE,2,6,6
4186,14958,23:08:30,0,0.00,0,6.3600,0.8750,0.4870,0.1450,0,ACTIVE,2,6,6
4186,14959,23:09:00,0,1.00,0,8.8700,0.9130,0.7510,0.2490,0,ACTIVE,2,6,6
4186,14960,23:09:30,0,0.00,0,6.6400,0.8200,0.5310,0.1580,0,ACTIVE,2,6,6
4186,14961,23:10:00,0,6.00,0,7.5100,1.1600,0.5550,0.0807,0,ACTIVE,2,6,6
4186,14962,23:10:30,0,0.00,0,9.0000,1.4700,0.6460,0.0900,0,ACTIVE,2,6,6
4186,14963,23:11:00,0,0.00,0,8.1900,1.2600,0.6050,0.0861,0,ACTIVE,2,6,6
4186,14964,23:11:30,0,0.00,0,8.3200,1.1600,0.6460,0.0900,0,ACTIVE,2,6,6
4186,14965,23:12:00,0,31.00,0,11.0200,1.1600,0.9330,0.2600,1,ACTIVE,2,6,6
4186,14966,23:12:30,0,0.00,0,12.2700,1.2900,1.0400,0.2840,0,ACTIVE,2,6,6
4186,14967,23:13:00,0,0.00,0,8.6800,1.2600,0.6600,0.1000,0,ACTIVE,2,6,6
4186,14968,23:13:30,0,40.00,0,10.1700,1.0200,0.8750,0.2380,1,ACTIVE,2,6,6
4186,14969,23:14:00,0,0.00,0,4.5600,0.8940,0.2900,0.0440,0,ACTIVE,2,6,6
4186,14970,23:14:30,0,0.00,0,6.2100,0.9330,0.4570,0.1330,0,ACTIVE,2,6,6
4186,14971,23:15:00,0,0.00,0,9.9400,1.0400,0.8370,0.2840,0,ACTIVE,2,6,6
4186,14972,23:15:30,0,0.00,0,8.0300,0.9750,0.6460,0.2050,0,ACTIVE,2,6,6
4186,14973,23:16:00,0,0.00,0,7.0600,0.9130,0.5550,0.1690,1,ACTIVE,2,6,6
4186,14974,23:16:30,0,29.00,0,8.0100,0.7350,0.6890,0.3230,1,ACTIVE,2,6,6
4186,14975,23:17:00,0,257.00,0,1.4800,0.3160,0.0880,0.0115,1,ACTIVE,2,6,6
4186,14976,23:17:30,0,234.00,0,0.0200,0.0049,0.0000,0.0059,1,ACTIVE,2,6,6
4186,14977,23:18:00,0,131.00,0,0.0200,0.0049,0.0000,0.0059,1,ACTIVE,2,6,6
4186,14978,23:18:30,0,198.00,0,0.1800,0.0085,0.0173,0.0059,1,ACTIVE,2,6,6
4186,14979,23:19:00,0,191.00,1,1.7800,0.0807,0.1760,0.0523,1,ACTIVE,2,6,6
4186,14980,23:19:30,0,179.00,0,2.4200,0.2900,0.2000,0.0256,1,ACTIVE,2,6,6
4186,14981,23:20:00,0,102.00,0,1.0300,0.1120,0.0880,0.0115,1,ACTIVE,2,6,6
4186,14982,23:20:30,0,150.00,0,1.1400,0.1120,0.1000,0.0162,1,ACTIVE,2,6,6
4186,14983,23:21:00,0,275.00,0,0.9100,0.0470,0.0880,0.0292,1,ACTIVE,2,6,6
4186,14984,23:21:30,0,241.00,0,1.2200,0.0470,0.1220,0.0412,1,ACTIVE,2,6,6
4186,14985,23:22:00,0,346.00,0,0.5700,0.0431,0.0523,0.0173,1,ACTIVE,2,6,6
4186,14986,23:22:30,0,0.00,0,0.1800,0.0085,0.0173,0.0059,1,ACTIVE,2,6,6
4186,14987,23:23:00,0,0.00,0,0.1800,0.0085,0.0173,0.0059,1,ACTIVE,2,6,6
4186,14988,23:23:30,0,0.00,0,0.2000,0.0170,0.0173,0.0059,0,ACTIVE,2,6,6
4186,14989,23:24:00,0,2.00,0,0.2000,0.0170,0.0173,0.0059,0,ACTIVE,2,6,6
4186,14990,23:24:30,0,1.00,0,0.1800,0.0085,0.0173,0.0059,0,ACTIVE,2,6,6
4186,14991,23:25:00,0,0.00,0,0.1800,0.0085,0.0173,0.0059,0,ACTIVE,2,6,6
4186,14992,23:25:30,0,1.00,0,0.1800,0.0085,0.0173,0.0059,0,ACTIVE,2,6,6
4186,14993,23:26:00,0,0.00,0,0.2000,0.0170,0.0173,0.0059,0,ACTIVE,2,6,6
4186,14994,23:26:30,0,1.00,0,0.2000,0.0170,0.0173,0.0059,0,ACTIVE,2,6,6
4186,14995,23:27:00,0,0.00,0,0.2000,0.0170,0.0173,0.0059,0,ACTIVE,2,6,6
4186,14996,23:27:30,0,13.00,0,0.2000,0.0170,0.0173,0.0059,0,ACTIVE,2,6,6
4186,14997,23:28:00,0,17.00,0,0.2000,0.0170,0.0173,0.0059,1,ACTIVE,2,6,6
4186,14998,23:28:30,0,0.00,0,0.2000,0.0170,0.0173,0.0059,0,ACTIVE,2,6,6
4186,14999,23:29:00,0,19.00,0,0.2000,0.0170,0.0173,0.0059,1,ACTIVE,2,6,6
4186,15000,23:29:30,0,1.00,0,0.2000,0.0170,0.0173,0.0059,0,ACTIVE,2,6,6
4186,15001,23:30:00,0,0.00,0,0.2000,0.0170,0.0173,0.0059,0,ACTIVE,2,6,6
4186,15002,23:30:30,0,1.00,0,0.2000,0.0170,0.0173,0.0059,0,ACTIVE,2,6,6
4186,15003,23:31:00,0,1.00,0,0.2000,0.0170,0.0173,0.0059,0,ACTIVE,2,6,6
4186,15004,23:31:30,0,0.00,0,0.2000,0.0170,0.0173,0.0059,0,ACTIVE,2,6,6
4186,15005,23:32:00,0,0.00,0,0.2000,0.0170,0.0173,0.0059,0,ACTIVE,2,6,6
4186,15006,23:32:30,0,1.00,0,0.1800,0.0085,0.0173,0.0059,0,ACTIVE,2,6,6
4186,15007,23:33:00,0,0.00,0,0.2000,0.0170,0.0173,0.0059,0,ACTIVE,2,6,6
4186,15008,23:33:30,0,1.00,0,0.1800,0.0085,0.0173,0.0059,0,ACTIVE,2,6,6
4186,15009,23:34:00,0,0.00,0,0.2000,0.0170,0.0173,0.0059,0,ACTIVE,2,6,6
4186,15010,23:34:30,0,19.00,0,0.2000,0.0170,0.0173,0.0059,1,ACTIVE,2,6,6
4186,15011,23:35:00,0,10.00,0,0.1800,0.0085,0.0173,0.0059,1,ACTIVE,2,6,6
4186,15012,23:35:30,0,346.00,0,0.1800,0.0085,0.0173,0.0059,1,ACTIVE,2,6,6
4186,15013,23:36:00,0,218.00,0,0.1800,0.0085,0.0173,0.0059,1,ACTIVE,2,6,6
4186,15014,23:36:30,0,12.00,0,0.0300,0.0099,0.0000,0.0059,1,REST,2,6,6
4186,15015,23:37:00,0,0.00,0,0.1800,0.0085,0.0173,0.0059,1,REST,2,6,6
4186,15016,23:37:30,0,2.00,0,0.1700,0.0042,0.0173,0.0059,1,REST,2,6,6
4186,15017,23:38:00,0,0.00,0,0.1700,0.0042,0.0173,0.0059,0,REST-S,2,6,6
4186,15018,23:38:30,0,0.00,0,0.1700,0.0042,0.0173,0.0059,0,REST-S,2,6,6
4186,15019,23:39:00,0,0.00,0,0.1800,0.0085,0.0173,0.0059,0,REST-S,2,6,6
4186,15020,23:39:30,0,0.00,0,0.1800,0.0085,0.0173,0.0059,0,REST-S,2,6,6
4186,15021,23:40:00,0,11.00,0,0.0300,0.0099,0.0000,0.0059,0,REST-S,2,6,6
4186,15022,23:40:30,0,0.00,0,0.1700,0.0042,0.0173,0.0059,0,REST-S,2,6,6
4186,15023,23:41:00,0,0.00,0,0.0200,0.0049,0.0000,0.0059,0,REST-S,2,6,6
4186,15024,23:41:30,0,0.00,0,0.1700,0.0042,0.0173,0.0059,0,REST-S,2,6,6
4186,15025,23:42:00,0,0.00,0,0.0200,0.0049,0.0000,0.0059,0,REST-S,2,6,6
4186,15026,23:42:30,0,0.00,0,0.0300,0.0099,0.0000,0.0059,0,REST-S,2,6,6
4186,15027,23:43:00,0,0.00,0,0.0300,0.0099,0.0000,0.0059,0,REST-S,2,6,6
4186,15028,23:43:30,0,0.00,0,0.0200,0.0049,0.0000,0.0059,0,REST-S,2,6,6
4186,15029,23:44:00,0,0.00,0,0.0300,0.0099,0.0000,0.0059,0,REST-S,2,6,6
4186,15030,23:44:30,0,0.00,0,0.0200,0.0049,0.0000,0.0059,0,REST-S,2,6,6
4186,15031,23:45:00,0,0.00,0,0.0200,0.0049,0.0000,0.0059,0,REST-S,2,6,6
4186,15032,23:45:30,0,0.00,0,0.1800,0.0085,0.0173,0.0059,0,REST-S,2,6,6
4186,15033,23:46:00,0,0.00,0,0.0300,0.0099,0.0000,0.0059,0,REST-S,2,6,6
4186,15034,23:46:30,0,2.00,0,0.1800,0.0085,0.0173,0.0059,0,REST-S,2,6,6
4186,15035,23:47:00,0,0.00,0,0.1800,0.0085,0.0173,0.0059,0,REST-S,2,6,6
4186,15036,23:47:30,0,0.00,0,0.0200,0.0049,0.0000,0.0059,0,REST-S,2,6,6
4186,15037,23:48:00,0,0.00,0,0.1800,0.0085,0.0173,0.0059,0,REST-S,2,6,6
4186,15038,23:48:30,0,0.00,0,0.0200,0.0049,0.0000,0.0059,0,REST-S,2,6,6
4186,15039,23:49:00,0,0.00,0,0.0300,0.0099,0.0000,0.0059,0,REST-S,2,6,6
4186,15040,23:49:30,0,0.00,0,0.0200,0.0049,0.0000,0.0059,0,REST-S,2,6,6
4186,15041,23:50:00,0,0.00,0,0.0300,0.0099,0.0000,0.0059,0,REST-S,2,6,6
4186,15042,23:50:30,0,0.00,0,0.1800,0.0085,0.0173,0.0059,0,REST-S,2,6,6
4186,15043,23:51:00,0,0.00,0,0.0200,0.0049,0.0000,0.0059,0,REST-S,2,6,6
4186,15044,23:51:30,0,0.00,0,0.0200,0.0049,0.0000,0.0059,0,REST-S,2,6,6
4186,15045,23:52:00,0,0.00,0,0.1800,0.0085,0.0173,0.0059,0,REST-S,2,6,6
4186,15046,23:52:30,0,0.00,0,0.0200,0.0049,0.0000,0.0059,0,REST-S,2,6,6
4186,15047,23:53:00,0,0.00,0,0.0200,0.0049,0.0000,0.0059,0,REST-S,2,6,6
4186,15048,23:53:30,0,0.00,0,0.0300,0.0099,0.0000,0.0059,0,REST-S,2,6,6
4186,15049,23:54:00,0,0.00,0,0.0300,0.0099,0.0000,0.0059,0,REST-S,2,6,6
4186,15050,23:54:30,0,0.00,0,0.0200,0.0049,0.0000,0.0059,0,REST-S,2,6,6
4186,15051,23:55:00,0,0.00,0,0.0300,0.0099,0.0000,0.0059,0,REST-S,2,6,6
4186,15052,23:55:30,0,0.00,0,0.1800,0.0085,0.0173,0.0059,0,REST-S,2,6,6
4186,15053,23:56:00,0,0.00,0,0.1800,0.0085,0.0173,0.0059,0,REST-S,2,6,6
4186,15054,23:56:30,0,0.00,0,0.1800,0.0085,0.0173,0.0059,0,REST-S,2,6,6
4186,15055,23:57:00,0,0.00,0,0.1700,0.0042,0.0173,0.0059,0,REST-S,2,6,6
4186,15056,23:57:30,0,0.00,0,0.0200,0.0049,0.0000,0.0059,0,REST-S,2,6,6
4186,15057,23:58:00,0,0.00,0,0.0200,0.0049,0.0000,0.0059,0,REST-S,2,6,6
4186,15058,23:58:30,0,0.00,0,0.1800,0.0085,0.0173,0.0059,0,REST-S,2,6,6
4186,15059,23:59:00,0,0.00,0,0.1800,0.0085,0.0173,0.0059,0,REST-S,2,6,6
4186,15060,23:59:30,0,0.00,0,0.0200,0.0049,0.0000,0.0059,0,REST-S,2,6,6
4186,15061,0:00:00,0,0.00,0,0.0200,0.0049,0.0000,0.0059,0,REST-S,3,7,6
4186,15062,0:00:30,0,1.00,0,0.0200,0.0049,0.0000,0.0059,0,REST-S,3,7,6
4186,15063,0:01:00,0,0.00,0,0.0200,0.0049,0.0000,0.0059,0,REST-S,3,7,6
4186,15064,0:01:30,0,0.00,0,0.0300,0.0099,0.0000,0.0059,0,REST-S,3,7,6
4186,15065,0:02:00,0,0.00,0,0.0200,0.0049,0.0000,0.0059,0,REST-S,3,7,6
4186,15066,0:02:30,0,0.00,0,0.1800,0.0085,0.0173,0.0059,0,REST-S,3,7,6
4186,15067,0:03:00,0,95.00,0,0.1800,0.0085,0.0173,0.0059,1,REST-S,3,7,6
4186,15068,0:03:30,0,11.00,0,0.0300,0.0099,0.0000,0.0059,1,REST-S,3,7,6
4186,15069,0:04:00,0,1.00,0,0.1800,0.0085,0.0173,0.0059,0,REST-S,3,7,6
4186,15070,0:04:30,0,0.00,0,0.1800,0.0085,0.0173,0.0059,0,REST-S,3,7,6
4186,15071,0:05:00,0,0.00,0,0.1800,0.0085,0.0173,0.0059,0,REST-S,3,7,6
4186,15072,0:05:30,0,0.00,0,0.1800,0.0085,0.0173,0.0059,0,REST-S,3,7,6
4186,15073,0:06:00,0,0.00,0,0.1800,0.0085,0.0173,0.0059,0,REST-S,3,7,6
4186,15074,0:06:30,0,0.00,0,0.1800,0.0085,0.0173,0.0059,0,REST-S,3,7,6
4186,15075,0:07:00,0,0.00,0,0.1800,0.0085,0.0173,0.0059,0,REST-S,3,7,6
4186,15076,0:07:30,0,0.00,0,0.1800,0.0085,0.0173,0.0059,0,REST-S,3,7,6
4186,15077,0:08:00,0,2.00,0,0.1800,0.0085,0.0173,0.0059,0,REST-S,3,7,6
4186,15078,0:08:30,0,0.00,0,0.1800,0.0085,0.0173,0.0059,0,REST-S,3,7,6
4186,15079,0:09:00,0,56.00,0,0.1800,0.0085,0.0173,0.0059,1,REST-S,3,7,6
4186,15080,0:09:30,0,0.00,0,0.1800,0.0085,0.0173,0.0059,0,REST-S,3,7,6
4186,15081,0:10:00,0,0.00,0,0.0300,0.0099,0.0000,0.0059,0,REST-S,3,7,6
4186,15082,0:10:30,0,0.00,0,0.1800,0.0085,0.0173,0.0059,0,REST-S,3,7,6
4186,15083,0:11:00,0,0.00,0,0.1800,0.0085,0.0173,0.0059,0,REST-S,3,7,6
4186,15084,0:11:30,0,0.00,0,0.1800,0.0085,0.0173,0.0059,0,REST-S,3,7,6
4186,15085,0:12:00,0,0.00,0,0.0300,0.0099,0.0000,0.0059,0,REST-S,3,7,6
4186,15086,0:12:30,0,0.00,0,0.0300,0.0099,0.0000,0.0059,0,REST-S,3,7,6
4186,15087,0:13:00,0,0.00,0,0.1800,0.0085,0.0173,0.0059,0,REST-S,3,7,6
4186,15088,0:13:30,0,0.00,0,0.1800,0.0085,0.0173,0.0059,0,REST-S,3,7,6
4186,15089,0:14:00,0,0.00,0,0.1800,0.0085,0.0173,0.0059,0,REST-S,3,7,6
4186,15090,0:14:30,0,0.00,0,0.1800,0.0085,0.0173,0.0059,0,REST-S,3,7,6
4186,15091,0:15:00,0,0.00,0,0.1800,0.0085,0.0173,0.0059,0,REST-S,3,7,6
4186,15092,0:15:30,0,0.00,0,0.1800,0.0085,0.0173,0.0059,0,REST-S,3,7,6
4186,15093,0:16:00,0,0.00,0,0.1800,0.0085,0.0173,0.0059,0,REST-S,3,7,6
4186,15094,0:16:30,0,54.00,0,0.0800,0.0215,0.0012,0.0215,1,REST-S,3,7,6
4186,15095,0:17:00,0,0.00,0,0.8800,0.0298,0.0880,0.0412,0,REST-S,3,7,6
4186,15096,0:17:30,0,0.00,0,0.8800,0.0298,0.0880,0.0412,0,REST-S,3,7,6
4186,15097,0:18:00,0,0.00,0,0.8800,0.0339,0.0880,0.0292,0,REST-S,3,7,6
4186,15098,0:18:30,0,0.00,0,0.9000,0.0431,0.0880,0.0292,0,REST-S,3,7,6
4186,15099,0:19:00,0,0.00,0,0.9000,0.0431,0.0880,0.0292,0,REST-S,3,7,6
4186,15100,0:19:30,0,0.00,0,0.9000,0.0431,0.0880,0.0292,0,REST-S,3,7,6
4186,15101,0:20:00,0,0.00,0,0.5600,0.0298,0.0523,0.0292,0,REST-S,3,7,6
4186,15102,0:20:30,0,0.00,0,0.5200,0.0215,0.0523,0.0173,0,REST-S,3,7,6
4186,15103,0:21:00,0,0.00,0,0.5400,0.0298,0.0523,0.0173,0,REST-S,3,7,6
4186,15104,0:21:30,0,1.00,0,0.5500,0.0339,0.0523,0.0173,0,REST-S,3,7,6
4186,15105,0:22:00,0,0.00,0,0.8800,0.0298,0.0880,0.0412,0,REST-S,3,7,6
4186,15106,0:22:30,0,0.00,0,0.8800,0.0339,0.0880,0.0292,0,REST-S,3,7,6
4186,15107,0:23:00,0,0.00,0,0.8800,0.0339,0.0880,0.0292,0,REST-S,3,7,6
4186,15108,0:23:30,0,0.00,0,0.8800,0.0339,0.0880,0.0292,0,REST-S,3,7,6
4186,15109,0:24:00,0,0.00,0,0.8700,0.0298,0.0880,0.0292,0,REST-S,3,7,6
4186,15110,0:24:30,0,0.00,0,0.5700,0.0431,0.0523,0.0173,0,REST-S,3,7,6
4186,15111,0:25:00,0,24.00,0,0.8800,0.0339,0.0880,0.0292,1,REST-S,3,7,6
4186,15112,0:25:30,0,0.00,0,0.8800,0.0339,0.0880,0.0292,0,REST-S,3,7,6
4186,15113,0:26:00,0,0.00,0,0.5400,0.0298,0.0523,0.0173,0,REST-S,3,7,6
4186,15114,0:26:30,0,0.00,0,0.5400,0.0298,0.0523,0.0173,0,REST-S,3,7,6
4186,15115,0:27:00,0,0.00,0,0.5700,0.0339,0.0523,0.0292,0,REST-S,3,7,6
4186,15116,0:27:30,0,0.00,0,0.0700,0.0170,0.0012,0.0215,0,REST-S,3,7,6
4186,15117,0:28:00,0,0.00,0,0.5400,0.0215,0.0523,0.0292,0,REST-S,3,7,6
4186,15118,0:28:30,0,0.00,0,0.8700,0.0298,0.0880,0.0292,0,REST-S,3,7,6
4186,15119,0:29:00,0,0.00,0,0.8600,0.0215,0.0880,0.0412,0,REST-S,3,7,6
4186,15120,0:29:30,0,0.00,0,0.5200,0.0215,0.0523,0.0173,0,REST-S,3,7,6
4186,15121,0:30:00,0,0.00,0,0.9000,0.0431,0.0880,0.0292,0,REST-S,3,7,6
4186,15122,0:30:30,0,1.00,0,0.9000,0.0431,0.0880,0.0292,0,REST-S,3,7,6
4186,15123,0:31:00,0,0.00,0,0.9000,0.0431,0.0880,0.0292,0,REST-S,3,7,6
4186,15124,0:31:30,0,0.00,0,0.9000,0.0431,0.0880,0.0292,0,REST-S,3,7,6
4186,15125,0:32:00,0,0.00,0,0.8800,0.0339,0.0880,0.0292,0,REST-S,3,7,6
4186,15126,0:32:30,0,4.00,0,0.5400,0.0215,0.0523,0.0292,0,REST-S,3,7,6
4186,15127,0:33:00,0,0.00,0,0.8800,0.0339,0.0880,0.0292,0,REST-S,3,7,6
4186,15128,0:33:30,0,0.00,0,0.5600,0.0298,0.0523,0.0292,0,REST-S,3,7,6
4186,15129,0:34:00,0,0.00,0,0.5200,0.0215,0.0523,0.0173,0,REST-S,3,7,6
4186,15130,0:34:30,0,0.00,0,0.8800,0.0339,0.0880,0.0292,0,REST-S,3,7,6
4186,15131,0:35:00,0,0.00,0,0.8800,0.0298,0.0880,0.0412,0,REST-S,3,7,6
4186,15132,0:35:30,0,0.00,0,0.8800,0.0339,0.0880,0.0292,0,REST-S,3,7,6
4186,15133,0:36:00,0,0.00,0,0.9000,0.0431,0.0880,0.0292,0,REST-S,3,7,6
4186,15134,0:36:30,0,0.00,0,0.8800,0.0339,0.0880,0.0292,0,REST-S,3,7,6
4186,15135,0:37:00,0,0.00,0,1.2100,0.0431,0.1220,0.0412,0,REST-S,3,7,6
4186,15136,0:37:30,0,0.00,0,0.9100,0.0431,0.0880,0.0412,0,REST-S,3,7,6
4186,15137,0:38:00,0,0.00,0,0.8800,0.0339,0.0880,0.0292,0,REST-S,3,7,6
4186,15138,0:38:30,0,0.00,0,0.5900,0.0431,0.0523,0.0292,0,REST-S,3,7,6
4186,15139,0:39:00,0,0.00,0,0.5400,0.0215,0.0523,0.0292,0,REST-S,3,7,6
4186,15140,0:39:30,0,0.00,0,0.5700,0.0339,0.0523,0.0292,0,REST-S,3,7,6
4186,15141,0:40:00,0,2.00,0,0.5900,0.0431,0.0523,0.0292,0,REST-S,3,7,6
4186,15142,0:40:30,0,0.00,0,0.9000,0.0431,0.0880,0.0292,0,REST-S,3,7,6
4186,15143,0:41:00,0,45.00,0,0.9100,0.0470,0.0880,0.0292,1,REST-S,3,7,6
4186,15144,0:41:30,0,1.00,0,0.5200,0.0215,0.0523,0.0173,0,REST-S,3,7,6
4186,15145,0:42:00,0,0.00,0,0.5600,0.0298,0.0523,0.0292,0,REST-S,3,7,6
4186,15146,0:42:30,0,0.00,0,0.8800,0.0339,0.0880,0.0292,0,REST-S,3,7,6
4186,15147,0:43:00,0,0.00,0,0.9000,0.0431,0.0880,0.0292,0,REST-S,3,7,6
4186,15148,0:43:30,0,0.00,0,0.9100,0.0470,0.0880,0.0292,0,REST-S,3,7,6
4186,15149,0:44:00,0,0.00,0,0.9100,0.0470,0.0880,0.0292,0,REST-S,3,7,6
4186,15150,0:44:30,0,0.00,0,0.9100,0.0470,0.0880,0.0292,0,REST-S,3,7,6
4186,15151,0:45:00,0,0.00,0,0.9000,0.0431,0.0880,0.0292,0,REST-S,3,7,6
4186,15152,0:45:30,0,0.00,0,0.8800,0.0339,0.0880,0.0292,0,REST-S,3,7,6
4186,15153,0:46:00,0,0.00,0,0.9300,0.0559,0.0880,0.0292,0,REST-S,3,7,6
4186,15154,0:46:30,0,0.00,0,0.5600,0.0298,0.0523,0.0292,0,REST-S,3,7,6
4186,15155,0:47:00,0,0.00,0,0.8800,0.0298,0.0880,0.0412,0,REST-S,3,7,6
4186,15156,0:47:30,0,0.00,0,0.8900,0.0339,0.0880,0.0412,0,REST-S,3,7,6
4186,15157,0:48:00,0,1.00,0,0.8800,0.0339,0.0880,0.0292,0,REST-S,3,7,6
4186,15158,0:48:30,0,0.00,0,0.8800,0.0339,0.0880,0.0292,0,REST-S,3,7,6
4186,15159,0:49:00,0,0.00,0,0.5700,0.0339,0.0523,0.0292,0,REST-S,3,7,6
4186,15160,0:49:30,0,65.00,0,0.5200,0.0215,0.0523,0.0173,1,REST-S,3,7,6
4186,15161,0:50:00,0,0.00,0,0.9000,0.0431,0.0880,0.0292,0,REST-S,3,7,6
4186,15162,0:50:30,0,0.00,0,0.9000,0.0431,0.0880,0.0292,0,REST-S,3,7,6
4186,15163,0:51:00,0,0.00,0,0.8800,0.0339,0.0880,0.0292,0,REST-S,3,7,6
4186,15164,0:51:30,0,0.00,0,0.5600,0.0298,0.0523,0.0292,0,REST-S,3,7,6
4186,15165,0:52:00,0,0.00,0,0.1300,0.0215,0.0035,0.0501,0,REST-S,3,7,6
4186,15166,0:52:30,0,0.00,0,0.5600,0.0298,0.0523,0.0292,0,REST-S,3,7,6
4186,15167,0:53:00,0,0.00,0,0.8700,0.0298,0.0880,0.0292,0,REST-S,3,7,6
4186,15168,0:53:30,0,0.00,0,0.8800,0.0339,0.0880,0.0292,0,REST-S,3,7,6
4186,15169,0:54:00,0,0.00,0,0.8800,0.0298,0.0880,0.0412,0,REST-S,3,7,6
4186,15170,0:54:30,0,0.00,0,0.8700,0.0298,0.0880,0.0292,0,REST-S,3,7,6
4186,15171,0:55:00,0,0.00,0,0.8800,0.0339,0.0880,0.0292,0,REST-S,3,7,6
4186,15172,0:55:30,0,0.00,0,0.5700,0.0339,0.0523,0.0292,0,REST-S,3,7,6
4186,15173,0:56:00,0,0.00,0,0.5500,0.0339,0.0523,0.0173,0,REST-S,3,7,6
4186,15174,0:56:30,0,0.00,0,0.9000,0.0431,0.0880,0.0292,0,REST-S,3,7,6
4186,15175,0:57:00,0,0.00,0,0.9000,0.0431,0.0880,0.0292,0,REST-S,3,7,6
4186,15176,0:57:30,0,0.00,0,0.9000,0.0431,0.0880,0.0292,0,REST-S,3,7,6
4186,15177,0:58:00,0,0.00,0,1.2100,0.0431,0.1220,0.0412,0,REST-S,3,7,6
4186,15178,0:58:30,0,0.00,0,0.9000,0.0431,0.0880,0.0292,0,REST-S,3,7,6
4186,15179,0:59:00,0,0.00,0,0.8800,0.0339,0.0880,0.0292,0,REST-S,3,7,6
4186,15180,0:59:30,0,0.00,0,0.8800,0.0339,0.0880,0.0292,0,REST-S,3,7,6
4186,15181,1:00:00,0,0.00,0,0.2000,0.0170,0.0173,0.0059,0,REST-S,3,7,6
4186,15182,1:00:30,0,0.00,0,0.1800,0.0085,0.0173,0.0059,0,REST-S,3,7,6
4186,15183,1:01:00,0,0.00,0,0.1700,0.0042,0.0173,0.0059,0,REST-S,3,7,6
4186,15184,1:01:30,0,0.00,0,0.0200,0.0049,0.0000,0.0059,0,REST-S,3,7,6
4186,15185,1:02:00,0,0.00,0,0.0200,0.0049,0.0000,0.0059,0,REST-S,3,7,6
4186,15186,1:02:30,0,0.00,0,0.0200,0.0049,0.0000,0.0059,0,REST-S,3,7,6
4186,15187,1:03:00,0,0.00,0,0.0200,0.0049,0.0000,0.0059,0,REST-S,3,7,6
4186,15188,1:03:30,0,0.00,0,0.0200,0.0049,0.0000,0.0059,0,REST-S,3,7,6
4186,15189,1:04:00,0,0.00,0,0.0200,0.0049,0.0000,0.0059,0,REST-S,3,7,6
4186,15190,1:04:30,0,0.00,0,0.0200,0.0049,0.0000,0.0059,0,REST-S,3,7,6
4186,15191,1:05:00,0,0.00,0,0.0200,0.0049,0.0000,0.0059,0,REST-S,3,7,6
4186,15192,1:05:30,0,0.00,0,0.0200,0.0049,0.0000,0.0059,0,REST-S,3,7,6
4186,15193,1:06:00,0,0.00,0,0.0200,0.0049,0.0000,0.0059,0,REST-S,3,7,6
4186,15194,1:06:30,0,0.00,0,0.0200,0.0049,0.0000,0.0059,0,REST-S,3,7,6
4186,15195,1:07:00,0,0.00,0,0.0100,0.0049,0.0000,0.0000,0,REST-S,3,7,6
4186,15196,1:07:30,0,0.00,0,0.0100,0.0049,0.0000,0.0000,0,REST-S,3,7,6
4186,15197,1:08:00,0,25.00,0,0.0200,0.0049,0.0000,0.0059,1,REST-S,3,7,6
4186,15198,1:08:30,0,0.00,0,0.0200,0.0049,0.0000,0.0059,0,REST-S,3,7,6
4186,15199,1:09:00,0,0.00,0,0.0200,0.0049,0.0000,0.0059,0,REST-S,3,7,6
4186,15200,1:09:30,0,0.00,0,0.0200,0.0049,0.0000,0.0059,0,REST-S,3,7,6
4186,15201,1:10:00,0,0.00,0,0.0200,0.0049,0.0000,0.0059,0,REST-S,3,7,6
4186,15202,1:10:30,0,0.00,0,0.0200,0.0049,0.0000,0.0059,0,REST-S,3,7,6
4186,15203,1:11:00,0,0.00,0,0.0100,0.0049,0.0000,0.0000,0,REST-S,3,7,6
4186,15204,1:11:30,0,0.00,0,0.0200,0.0049,0.0000,0.0059,0,REST-S,3,7,6
4186,15205,1:12:00,0,0.00,0,0.0200,0.0049,0.0000,0.0059,0,REST-S,3,7,6
4186,15206,1:12:30,0,0.00,0,0.0100,0.0049,0.0000,0.0000,0,REST-S,3,7,6
4186,15207,1:13:00,0,0.00,0,0.0200,0.0049,0.0000,0.0059,0,REST-S,3,7,6
4186,15208,1:13:30,0,0.00,0,0.0200,0.0049,0.0000,0.0059,0,REST-S,3,7,6
4186,15209,1:14:00,0,0.00,0,0.0200,0.0049,0.0000,0.0059,0,REST-S,3,7,6
4186,15210,1:14:30,0,0.00,0,0.0200,0.0049,0.0000,0.0059,0,REST-S,3,7,6
4186,15211,1:15:00,0,0.00,0,0.0200,0.0049,0.0000,0.0059,0,REST-S,3,7,6
4186,15212,1:15:30,0,0.00,0,0.0200,0.0049,0.0000,0.0059,0,REST-S,3,7,6
4186,15213,1:16:00,0,0.00,0,0.0200,0.0049,0.0000,0.0059,0,REST-S,3,7,6
4186,15214,1:16:30,0,0.00,0,0.0200,0.0049,0.0000,0.0059,0,REST-S,3,7,6
4186,15215,1:17:00,0,0.00,0,0.0200,0.0049,0.0000,0.0059,0,REST-S,3,7,6
4186,15216,1:17:30,0,0.00,0,0.0200,0.0049,0.0000,0.0059,0,REST-S,3,7,6
4186,15217,1:18:00,0,0.00,0,0.0200,0.0049,0.0000,0.0059,0,REST-S,3,7,6
4186,15218,1:18:30,0,0.00,0,0.0200,0.0049,0.0000,0.0059,0,REST-S,3,7,6
4186,15219,1:19:00,0,0.00,0,0.0100,0.0049,0.0000,0.0000,0,REST-S,3,7,6
4186,15220,1:19:30,0,0.00,0,0.0200,0.0049,0.0000,0.0059,0,REST-S,3,7,6
4186,15221,1:20:00,0,0.00,0,0.0200,0.0049,0.0000,0.0059,0,REST-S,3,7,6
4186,15222,1:20:30,0,0.00,0,0.0200,0.0049,0.0000,0.0059,0,REST-S,3,7,6
4186,15223,1:21:00,0,0.00,0,0.0200,0.0049,0.0000,0.0059,0,REST-S,3,7,6
4186,15224,1:21:30,0,0.00,0,0.0200,0.0049,0.0000,0.0059,0,REST-S,3,7,6
4186,15225,1:22:00,0,0.00,0,0.0200,0.0049,0.0000,0.0059,0,REST-S,3,7,6
4186,15226,1:22:30,0,0.00,0,0.0200,0.0049,0.0000,0.0059,0,REST-S,3,7,6
4186,15227,1:23:00,0,0.00,0,0.0200,0.0049,0.0000,0.0059,0,REST-S,3,7,6
4186,15228,1:23:30,0,0.00,0,0.0200,0.0049,0.0000,0.0059,0,REST-S,3,7,6
4186,15229,1:24:00,0,0.00,0,0.0200,0.0049,0.0000,0.0059,1,REST-S,3,7,6
4186,15230,1:24:30,0,9.00,0,0.0200,0.0049,0.0000,0.0059,1,REST-S,3,7,6
4186,15231,1:25:00,0,226.00,0,0.0200,0.0049,0.0000,0.0059,1,REST-S,3,7,6
4186,15232,1:25:30,0,113.00,0,0.0200,0.0049,0.0000,0.0059,1,REST-S,3,7,6
4186,15233,1:26:00,0,0.00,0,0.0200,0.0049,0.0000,0.0059,1,REST-S,3,7,6
4186,15234,1:26:30,0,0.00,0,0.0200,0.0049,0.0000,0.0059,0,REST-S,3,7,6
4186,15235,1:27:00,0,0.00,0,0.0200,0.0049,0.0000,0.0059,0,REST-S,3,7,6
4186,15236,1:27:30,0,0.00,0,0.0100,0.0049,0.0000,0.0000,0,REST-S,3,7,6
4186,15237,1:28:00,0,0.00,0,0.0200,0.0049,0.0000,0.0059,0,REST-S,3,7,6
4186,15238,1:28:30,0,0.00,0,0.0200,0.0049,0.0000,0.0059,0,REST-S,3,7,6
4186,15239,1:29:00,0,0.00,0,0.0200,0.0049,0.0000,0.0059,0,REST-S,3,7,6
4186,15240,1:29:30,0,0.00,0,0.0200,0.0049,0.0000,0.0059,0,REST-S,3,7,6
4186,15241,1:30:00,0,0.00,0,0.0200,0.0049,0.0000,0.0059,0,REST-S,3,7,6
4186,15242,1:30:30,0,0.00,0,0.0200,0.0049,0.0000,0.0059,0,REST-S,3,7,6
4186,15243,1:31:00,0,0.00,0,0.0200,0.0049,0.0000,0.0059,0,REST-S,3,7,6
4186,15244,1:31:30,0,0.00,0,0.0100,0.0049,0.0000,0.0000,0,REST-S,3,7,6
4186,15245,1:32:00,0,1.00,0,0.0200,0.0049,0.0000,0.0059,0,REST-S,3,7,6
4186,15246,1:32:30,0,0.00,0,0.0200,0.0049,0.0000,0.0059,0,REST-S,3,7,6
4186,15247,1:33:00,0,0.00,0,0.0200,0.0049,0.0000,0.0059,0,REST-S,3,7,6
4186,15248,1:33:30,0,0.00,0,0.0200,0.0049,0.0000,0.0059,0,REST-S,3,7,6
4186,15249,1:34:00,0,1.00,0,0.0200,0.0049,0.0000,0.0059,0,REST-S,3,7,6
4186,15250,1:34:30,0,0.00,0,0.0200,0.0049,0.0000,0.0059,0,REST-S,3,7,6
4186,15251,1:35:00,0,1.00,0,0.0200,0.0049,0.0000,0.0059,0,REST-S,3,7,6
4186,15252,1:35:30,0,0.00,0,0.0200,0.0049,0.0000,0.0059,0,REST-S,3,7,6
4186,15253,1:36:00,0,1.00,0,0.0200,0.0049,0.0000,0.0059,0,REST-S,3,7,6
4186,15254,1:36:30,0,0.00,0,0.0200,0.0049,0.0000,0.0059,0,REST-S,3,7,6
4186,15255,1:37:00,0,0.00,0,0.0200,0.0049,0.0000,0.0059,0,REST-S,3,7,6
4186,15256,1:37:30,0,0.00,0,0.0200,0.0049,0.0000,0.0059,0,REST-S,3,7,6
4186,15257,1:38:00,0,0.00,0,0.0200,0.0049,0.0000,0.0059,0,REST-S,3,7,6
4186,15258,1:38:30,0,92.00,0,0.0200,0.0049,0.0000,0.0059,1,REST-S,3,7,6
4186,15259,1:39:00,0,0.00,0,0.0200,0.0049,0.0000,0.0059,0,REST-S,3,7,6
4186,15260,1:39:30,0,0.00,0,0.0200,0.0049,0.0000,0.0059,0,REST-S,3,7,6
4186,15261,1:40:00,0,0.00,0,0.0200,0.0049,0.0000,0.0059,0,REST-S,3,7,6
4186,15262,1:40:30,0,0.00,0,0.0100,0.0049,0.0000,0.0000,0,REST-S,3,7,6
4186,15263,1:41:00,0,0.00,0,0.0200,0.0049,0.0000,0.0059,0,REST-S,3,7,6
4186,15264,1:41:30,0,0.00,0,0.0100,0.0049,0.0000,0.0000,0,REST-S,3,7,6
4186,15265,1:42:00,0,0.00,0,0.0200,0.0049,0.0000,0.0059,0,REST-S,3,7,6
4186,15266,1:42:30,0,0.00,0,0.0200,0.0049,0.0000,0.0059,0,REST-S,3,7,6
4186,15267,1:43:00,0,0.00,0,0.0200,0.0049,0.0000,0.0059,0,REST-S,3,7,6
4186,15268,1:43:30,0,0.00,0,0.0200,0.0049,0.0000,0.0059,0,REST-S,3,7,6
4186,15269,1:44:00,0,0.00,0,0.0200,0.0049,0.0000,0.0059,0,REST-S,3,7,6
4186,15270,1:44:30,0,0.00,0,0.0200,0.0049,0.0000,0.0059,0,REST-S,3,7,6
4186,15271,1:45:00,0,0.00,0,0.0200,0.0049,0.0000,0.0059,0,REST-S,3,7,6
4186,15272,1:45:30,0,0.00,0,0.0200,0.0049,0.0000,0.0059,0,REST-S,3,7,6
4186,15273,1:46:00,0,0.00,0,0.0100,0.0049,0.0000,0.0000,0,REST-S,3,7,6
4186,15274,1:46:30,0,0.00,0,0.0200,0.0049,0.0000,0.0059,0,REST-S,3,7,6
4186,15275,1:47:00,0,0.00,0,0.0200,0.0049,0.0000,0.0059,0,REST-S,3,7,6
4186,15276,1:47:30,0,0.00,0,0.0100,0.0049,0.0000,0.0000,0,REST-S,3,7,6
4186,15277,1:48:00,0,0.00,0,0.0200,0.0049,0.0000,0.0059,0,REST-S,3,7,6
4186,15278,1:48:30,0,0.00,0,0.0200,0.0049,0.0000,0.0059,0,REST-S,3,7,6
4186,15279,1:49:00,0,1.00,0,0.0200,0.0049,0.0000,0.0059,0,REST-S,3,7,6
4186,15280,1:49:30,0,0.00,0,0.0100,0.0049,0.0000,0.0000,0,REST-S,3,7,6
4186,15281,1:50:00,0,0.00,0,0.0200,0.0049,0.0000,0.0059,0,REST-S,3,7,6
4186,15282,1:50:30,0,0.00,0,0.0200,0.0049,0.0000,0.0059,0,REST-S,3,7,6
4186,15283,1:51:00,0,0.00,0,0.0200,0.0049,0.0000,0.0059,0,REST-S,3,7,6
4186,15284,1:51:30,0,1.00,0,0.0200,0.0049,0.0000,0.0059,0,REST-S,3,7,6
4186,15285,1:52:00,0,0.00,0,0.0200,0.0049,0.0000,0.0059,0,REST-S,3,7,6
4186,15286,1:52:30,0,85.00,0,0.0100,0.0049,0.0000,0.0000,1,REST-S,3,7,6
4186,15287,1:53:00,0,0.00,0,0.0200,0.0049,0.0000,0.0059,0,REST-S,3,7,6
4186,15288,1:53:30,0,1.00,0,0.0100,0.0049,0.0000,0.0000,0,REST-S,3,7,6
4186,15289,1:54:00,0,2.00,0,0.0200,0.0049,0.0000,0.0059,0,REST-S,3,7,6
4186,15290,1:54:30,0,92.00,0,0.0200,0.0049,0.0000,0.0059,1,REST-S,3,7,6
4186,15291,1:55:00,0,1.00,0,0.0200,0.0049,0.0000,0.0059,0,REST-S,3,7,6
4186,15292,1:55:30,0,0.00,0,0.0200,0.0049,0.0000,0.0059,0,REST-S,3,7,6
4186,15293,1:56:00,0,4.00,0,0.0200,0.0049,0.0000,0.0059,0,REST-S,3,7,6
4186,15294,1:56:30,0,1.00,0,0.0200,0.0049,0.0000,0.0059,0,REST-S,3,7,6
4186,15295,1:57:00,0,0.00,0,0.0200,0.0049,0.0000,0.0059,0,REST-S,3,7,6
4186,15296,1:57:30,0,0.00,0,0.0100,0.0049,0.0000,0.0000,0,REST-S,3,7,6
4186,15297,1:58:00,0,0.00,0,0.0200,0.0049,0.0000,0.0059,0,REST-S,3,7,6
4186,15298,1:58:30,0,7.00,0,0.0200,0.0049,0.0000,0.0059,0,REST-S,3,7,6
4186,15299,1:59:00,0,0.00,0,0.0200,0.0049,0.0000,0.0059,0,REST-S,3,7,6
4186,15300,1:59:30,0,0.00,0,0.0200,0.0049,0.0000,0.0059,0,REST-S,3,7,6
4186,15301,2:00:00,0,0.00,0,0.0200,0.0049,0.0000,0.0059,0,REST-S,3,7,6
4186,15302,2:00:30,0,0.00,0,0.0200,0.0049,0.0000,0.0059,0,REST-S,3,7,6
4186,15303,2:01:00,0,1.00,0,0.0200,0.0049,0.0000,0.0059,0,REST-S,3,7,6
4186,15304,2:01:30,0,1.00,0,0.0200,0.0049,0.0000,0.0059,0,REST-S,3,7,6
4186,15305,2:02:00,0,1.00,0,0.0200,0.0049,0.0000,0.0059,0,REST-S,3,7,6
4186,15306,2:02:30,0,0.00,0,0.0200,0.0049,0.0000,0.0059,0,REST-S,3,7,6
4186,15307,2:03:00,0,0.00,0,0.0200,0.0049,0.0000,0.0059,0,REST-S,3,7,6
4186,15308,2:03:30,0,0.00,0,0.0200,0.0049,0.0000,0.0059,0,REST-S,3,7,6
4186,15309,2:04:00,0,0.00,0,0.0200,0.0049,0.0000,0.0059,0,REST-S,3,7,6
4186,15310,2:04:30,0,0.00,0,0.0200,0.0049,0.0000,0.0059,0,REST-S,3,7,6
4186,15311,2:05:00,0,0.00,0,0.0200,0.0049,0.0000,0.0059,0,REST-S,3,7,6
4186,15312,2:05:30,0,0.00,0,0.0200,0.0049,0.0000,0.0059,0,REST-S,3,7,6
4186,15313,2:06:00,0,1.00,0,0.0100,0.0049,0.0000,0.0000,0,REST-S,3,7,6
4186,15314,2:06:30,0,0.00,0,0.0200,0.0049,0.0000,0.0059,0,REST-S,3,7,6
4186,15315,2:07:00,0,0.00,0,0.0200,0.0049,0.0000,0.0059,0,REST-S,3,7,6
4186,15316,2:07:30,0,0.00,0,0.0200,0.0049,0.0000,0.0059,0,REST-S,3,7,6
4186,15317,2:08:00,0,0.00,0,0.0200,0.0049,0.0000,0.0059,0,REST-S,3,7,6
4186,15318,2:08:30,0,0.00,0,0.0200,0.0049,0.0000,0.0059,0,REST-S,3,7,6
4186,15319,2:09:00,0,0.00,0,0.0200,0.0049,0.0000,0.0059,0,REST-S,3,7,6
4186,15320,2:09:30,0,0.00,0,0.0200,0.0049,0.0000,0.0059,0,REST-S,3,7,6
4186,15321,2:10:00,0,0.00,0,0.0200,0.0049,0.0000,0.0059,0,REST-S,3,7,6
4186,15322,2:10:30,0,0.00,0,0.0200,0.0049,0.0000,0.0059,0,REST-S,3,7,6
4186,15323,2:11:00,0,0.00,0,0.0200,0.0049,0.0000,0.0059,0,REST-S,3,7,6
4186,15324,2:11:30,0,0.00,0,0.0200,0.0049,0.0000,0.0059,0,REST-S,3,7,6
4186,15325,2:12:00,0,0.00,0,0.0200,0.0049,0.0000,0.0059,0,REST-S,3,7,6
4186,15326,2:12:30,0,0.00,0,0.0200,0.0049,0.0000,0.0059,0,REST-S,3,7,6
4186,15327,2:13:00,0,0.00,0,0.0200,0.0049,0.0000,0.0059,0,REST-S,3,7,6
4186,15328,2:13:30,0,0.00,0,0.0200,0.0049,0.0000,0.0059,0,REST-S,3,7,6
4186,15329,2:14:00,0,0.00,0,0.0200,0.0049,0.0000,0.0059,0,REST-S,3,7,6
4186,15330,2:14:30,0,0.00,0,0.0200,0.0049,0.0000,0.0059,0,REST-S,3,7,6
4186,15331,2:15:00,0,0.00,0,0.0200,0.0049,0.0000,0.0059,0,REST-S,3,7,6
4186,15332,2:15:30,0,0.00,0,0.0200,0.0049,0.0000,0.0059,0,REST-S,3,7,6
4186,15333,2:16:00,0,0.00,0,0.0200,0.0049,0.0000,0.0059,0,REST-S,3,7,6
4186,15334,2:16:30,0,0.00,0,0.0200,0.0049,0.0000,0.0059,0,REST-S,3,7,6
4186,15335,2:17:00,0,0.00,0,0.0200,0.0049,0.0000,0.0059,0,REST-S,3,7,6
4186,15336,2:17:30,0,0.00,0,0.0200,0.0049,0.0000,0.0059,0,REST-S,3,7,6
4186,15337,2:18:00,0,0.00,0,0.0200,0.0049,0.0000,0.0059,0,REST-S,3,7,6
4186,15338,2:18:30,0,0.00,0,0.0200,0.0049,0.0000,0.0059,0,REST-S,3,7,6
4186,15339,2:19:00,0,0.00,0,0.0200,0.0049,0.0000,0.0059,0,REST-S,3,7,6
4186,15340,2:19:30,0,0.00,0,0.0200,0.0049,0.0000,0.0059,0,REST-S,3,7,6
4186,15341,2:20:00,0,0.00,0,0.0200,0.0049,0.0000,0.0059,0,REST-S,3,7,6
4186,15342,2:20:30,0,0.00,0,0.0200,0.0049,0.0000,0.0059,0,REST-S,3,7,6
4186,15343,2:21:00,0,0.00,0,0.0200,0.0049,0.0000,0.0059,0,REST-S,3,7,6
4186,15344,2:21:30,0,0.00,0,0.0200,0.0049,0.0000,0.0059,0,REST-S,3,7,6
4186,15345,2:22:00,0,0.00,0,0.0200,0.0049,0.0000,0.0059,0,REST-S,3,7,6
4186,15346,2:22:30,0,0.00,0,0.0200,0.0049,0.0000,0.0059,0,REST-S,3,7,6
4186,15347,2:23:00,0,0.00,0,0.0200,0.0049,0.0000,0.0059,0,REST-S,3,7,6
4186,15348,2:23:30,0,0.00,0,0.0200,0.0049,0.0000,0.0059,0,REST-S,3,7,6
4186,15349,2:24:00,0,0.00,0,0.0100,0.0049,0.0000,0.0000,0,REST-S,3,7,6
4186,15350,2:24:30,0,0.00,0,0.0200,0.0049,0.0000,0.0059,0,REST-S,3,7,6
4186,15351,2:25:00,0,0.00,0,0.0200,0.0049,0.0000,0.0059,0,REST-S,3,7,6
4186,15352,2:25:30,0,0.00,0,0.0100,0.0049,0.0000,0.0000,0,REST-S,3,7,6
4186,15353,2:26:00,0,0.00,0,0.0200,0.0049,0.0000,0.0059,0,REST-S,3,7,6
4186,15354,2:26:30,0,0.00,0,0.0200,0.0049,0.0000,0.0059,0,REST-S,3,7,6
4186,15355,2:27:00,0,0.00,0,0.0200,0.0049,0.0000,0.0059,0,REST-S,3,7,6
4186,15356,2:27:30,0,0.00,0,0.0200,0.0049,0.0000,0.0059,0,REST-S,3,7,6
4186,15357,2:28:00,0,0.00,0,0.0200,0.0049,0.0000,0.0059,0,REST-S,3,7,6
4186,15358,2:28:30,0,0.00,0,0.0200,0.0049,0.0000,0.0059,0,REST-S,3,7,6
4186,15359,2:29:00,0,0.00,0,0.0200,0.0049,0.0000,0.0059,0,REST-S,3,7,6
4186,15360,2:29:30,0,0.00,0,0.0200,0.0049,0.0000,0.0059,0,REST-S,3,7,6
4186,15361,2:30:00,0,0.00,0,0.0200,0.0049,0.0000,0.0059,0,REST-S,3,7,6
4186,15362,2:30:30,0,6.00,0,0.0200,0.0049,0.0000,0.0059,0,REST-S,3,7,6
4186,15363,2:31:00,0,136.00,0,0.0200,0.0049,0.0000,0.0059,1,REST-S,3,7,6
4186,15364,2:31:30,0,0.00,0,0.0200,0.0049,0.0000,0.0059,1,REST-S,3,7,6
4186,15365,2:32:00,0,2.00,0,0.0200,0.0049,0.0000,0.0059,1,REST-S,3,7,6
4186,15366,2:32:30,0,11.00,0,0.0100,0.0049,0.0000,0.0000,1,REST-S,3,7,6
4186,15367,2:33:00,0,257.00,0,0.0200,0.0049,0.0000,0.0059,1,REST-S,3,7,6
4186,15368,2:33:30,0,136.00,0,0.0100,0.0049,0.0000,0.0000,1,REST-S,3,7,6
4186,15369,2:34:00,0,1.00,0,0.0200,0.0049,0.0000,0.0059,1,REST-S,3,7,6
4186,15370,2:34:30,0,0.00,0,0.0200,0.0049,0.0000,0.0059,0,REST-S,3,7,6
4186,15371,2:35:00,0,0.00,0,0.0200,0.0049,0.0000,0.0059,0,REST-S,3,7,6
4186,15372,2:35:30,0,0.00,0,0.0200,0.0049,0.0000,0.0059,0,REST-S,3,7,6
4186,15373,2:36:00,0,0.00,0,0.0200,0.0049,0.0000,0.0059,0,REST-S,3,7,6
4186,15374,2:36:30,0,0.00,0,0.0100,0.0049,0.0000,0.0000,0,REST-S,3,7,6
4186,15375,2:37:00,0,0.00,0,0.0200,0.0049,0.0000,0.0059,0,REST-S,3,7,6
4186,15376,2:37:30,0,0.00,0,0.0200,0.0049,0.0000,0.0059,0,REST-S,3,7,6
4186,15377,2:38:00,0,0.00,0,0.0200,0.0049,0.0000,0.0059,0,REST-S,3,7,6
4186,15378,2:38:30,0,0.00,0,0.0200,0.0049,0.0000,0.0059,0,REST-S,3,7,6
4186,15379,2:39:00,0,0.00,0,0.0200,0.0049,0.0000,0.0059,0,REST-S,3,7,6
4186,15380,2:39:30,0,0.00,0,0.0200,0.0049,0.0000,0.0059,0,REST-S,3,7,6
4186,15381,2:40:00,0,0.00,0,0.0200,0.0049,0.0000,0.0059,0,REST-S,3,7,6
4186,15382,2:40:30,0,0.00,0,0.0200,0.0049,0.0000,0.0059,0,REST-S,3,7,6
4186,15383,2:41:00,0,0.00,0,0.0200,0.0049,0.0000,0.0059,0,REST-S,3,7,6
4186,15384,2:41:30,0,0.00,0,0.0200,0.0049,0.0000,0.0059,0,REST-S,3,7,6
4186,15385,2:42:00,0,0.00,0,0.0200,0.0049,0.0000,0.0059,0,REST-S,3,7,6
4186,15386,2:42:30,0,0.00,0,0.0200,0.0049,0.0000,0.0059,0,REST-S,3,7,6
4186,15387,2:43:00,0,0.00,0,0.0200,0.0049,0.0000,0.0059,0,REST-S,3,7,6
4186,15388,2:43:30,0,0.00,0,0.0200,0.0049,0.0000,0.0059,0,REST-S,3,7,6
4186,15389,2:44:00,0,0.00,0,0.0200,0.0049,0.0000,0.0059,0,REST-S,3,7,6
4186,15390,2:44:30,0,0.00,0,0.0200,0.0049,0.0000,0.0059,0,REST-S,3,7,6
4186,15391,2:45:00,0,54.00,0,0.0200,0.0049,0.0000,0.0059,1,REST-S,3,7,6
4186,15392,2:45:30,0,0.00,0,0.0200,0.0049,0.0000,0.0059,0,REST-S,3,7,6
4186,15393,2:46:00,0,1.00,0,0.0200,0.0049,0.0000,0.0059,0,REST-S,3,7,6
4186,15394,2:46:30,0,0.00,0,0.0200,0.0049,0.0000,0.0059,0,REST-S,3,7,6
4186,15395,2:47:00,0,0.00,0,0.0200,0.0049,0.0000,0.0059,0,REST-S,3,7,6
4186,15396,2:47:30,0,0.00,0,0.0200,0.0049,0.0000,0.0059,0,REST-S,3,7,6
4186,15397,2:48:00,0,0.00,0,0.0200,0.0049,0.0000,0.0059,0,REST-S,3,7,6
4186,15398,2:48:30,0,0.00,0,0.0200,0.0049,0.0000,0.0059,0,REST-S,3,7,6
4186,15399,2:49:00,0,0.00,0,0.0100,0.0049,0.0000,0.0000,0,REST-S,3,7,6
4186,15400,2:49:30,0,0.00,0,0.0200,0.0049,0.0000,0.0059,0,REST-S,3,7,6
4186,15401,2:50:00,0,0.00,0,0.0200,0.0049,0.0000,0.0059,0,REST-S,3,7,6
4186,15402,2:50:30,0,0.00,0,0.0200,0.0049,0.0000,0.0059,0,REST-S,3,7,6
4186,15403,2:51:00,0,0.00,0,0.0200,0.0049,0.0000,0.0059,0,REST-S,3,7,6
4186,15404,2:51:30,0,0.00,0,0.0200,0.0049,0.0000,0.0059,0,REST-S,3,7,6
4186,15405,2:52:00,0,0.00,0,0.0200,0.0049,0.0000,0.0059,0,REST-S,3,7,6
4186,15406,2:52:30,0,0.00,0,0.0100,0.0049,0.0000,0.0000,0,REST-S,3,7,6
4186,15407,2:53:00,0,0.00,0,0.0200,0.0049,0.0000,0.0059,0,REST-S,3,7,6
4186,15408,2:53:30,0,0.00,0,0.0200,0.0049,0.0000,0.0059,0,REST-S,3,7,6
4186,15409,2:54:00,0,0.00,0,0.0200,0.0049,0.0000,0.0059,0,REST-S,3,7,6
4186,15410,2:54:30,0,0.00,0,0.0200,0.0049,0.0000,0.0059,0,REST-S,3,7,6
4186,15411,2:55:00,0,0.00,0,0.0200,0.0049,0.0000,0.0059,0,REST-S,3,7,6
4186,15412,2:55:30,0,0.00,0,0.0200,0.0049,0.0000,0.0059,0,REST-S,3,7,6
4186,15413,2:56:00,0,0.00,0,0.0200,0.0049,0.0000,0.0059,0,REST-S,3,7,6
4186,15414,2:56:30,0,0.00,0,0.0200,0.0049,0.0000,0.0059,0,REST-S,3,7,6
4186,15415,2:57:00,0,0.00,0,0.0200,0.0049,0.0000,0.0059,0,REST-S,3,7,6
4186,15416,2:57:30,0,0.00,0,0.0200,0.0049,0.0000,0.0059,0,REST-S,3,7,6
4186,15417,2:58:00,0,0.00,0,0.0200,0.0049,0.0000,0.0059,0,REST-S,3,7,6
4186,15418,2:58:30,0,0.00,0,0.0200,0.0049,0.0000,0.0059,0,REST-S,3,7,6
4186,15419,2:59:00,0,0.00,0,0.0100,0.0049,0.0000,0.0000,0,REST-S,3,7,6
4186,15420,2:59:30,0,0.00,0,0.0200,0.0049,0.0000,0.0059,0,REST-S,3,7,6
4186,15421,3:00:00,0,0.00,0,0.0200,0.0049,0.0000,0.0059,0,REST-S,3,7,6
4186,15422,3:00:30,0,35.00,0,0.0200,0.0049,0.0000,0.0059,1,REST-S,3,7,6
4186,15423,3:01:00,0,0.00,0,0.0200,0.0049,0.0000,0.0059,0,REST-S,3,7,6
4186,15424,3:01:30,0,0.00,0,0.0200,0.0049,0.0000,0.0059,0,REST-S,3,7,6
4186,15425,3:02:00,0,0.00,0,0.0200,0.0049,0.0000,0.0059,0,REST-S,3,7,6
4186,15426,3:02:30,0,0.00,0,0.0100,0.0049,0.0000,0.0000,0,REST-S,3,7,6
4186,15427,3:03:00,0,0.00,0,0.0200,0.0049,0.0000,0.0059,0,REST-S,3,7,6
4186,15428,3:03:30,0,0.00,0,0.0200,0.0049,0.0000,0.0059,0,REST-S,3,7,6
4186,15429,3:04:00,0,0.00,0,0.0200,0.0049,0.0000,0.0059,0,REST-S,3,7,6
4186,15430,3:04:30,0,0.00,0,0.0200,0.0049,0.0000,0.0059,0,REST-S,3,7,6
4186,15431,3:05:00,0,0.00,0,0.0200,0.0049,0.0000,0.0059,0,REST-S,3,7,6
4186,15432,3:05:30,0,0.00,0,0.0200,0.0049,0.0000,0.0059,0,REST-S,3,7,6
4186,15433,3:06:00,0,0.00,0,0.0200,0.0049,0.0000,0.0059,0,REST-S,3,7,6
4186,15434,3:06:30,0,85.00,0,0.0200,0.0049,0.0000,0.0059,1,REST-S,3,7,6
4186,15435,3:07:00,0,0.00,0,0.0200,0.0049,0.0000,0.0059,0,REST-S,3,7,6
4186,15436,3:07:30,0,0.00,0,0.0200,0.0049,0.0000,0.0059,0,REST-S,3,7,6
4186,15437,3:08:00,0,0.00,0,0.0200,0.0049,0.0000,0.0059,0,REST-S,3,7,6
4186,15438,3:08:30,0,0.00,0,0.0200,0.0049,0.0000,0.0059,0,REST-S,3,7,6
4186,15439,3:09:00,0,0.00,0,0.0200,0.0049,0.0000,0.0059,0,REST-S,3,7,6
4186,15440,3:09:30,0,1.00,0,0.0200,0.0049,0.0000,0.0059,0,REST-S,3,7,6
4186,15441,3:10:00,0,0.00,0,0.0200,0.0049,0.0000,0.0059,0,REST-S,3,7,6
4186,15442,3:10:30,0,0.00,0,0.0200,0.0049,0.0000,0.0059,0,REST-S,3,7,6
4186,15443,3:11:00,0,0.00,0,0.0200,0.0049,0.0000,0.0059,0,REST-S,3,7,6
4186,15444,3:11:30,0,0.00,0,0.0200,0.0049,0.0000,0.0059,0,REST-S,3,7,6
4186,15445,3:12:00,0,0.00,0,0.0200,0.0049,0.0000,0.0059,0,REST-S,3,7,6
4186,15446,3:12:30,0,0.00,0,0.0200,0.0049,0.0000,0.0059,0,REST-S,3,7,6
4186,15447,3:13:00,0,0.00,0,0.0200,0.0049,0.0000,0.0059,0,REST-S,3,7,6
4186,15448,3:13:30,0,0.00,0,0.0200,0.0049,0.0000,0.0059,0,REST-S,3,7,6
4186,15449,3:14:00,0,0.00,0,0.0200,0.0049,0.0000,0.0059,0,REST-S,3,7,6
4186,15450,3:14:30,0,0.00,0,0.0200,0.0049,0.0000,0.0059,0,REST-S,3,7,6
4186,15451,3:15:00,0,0.00,0,0.0200,0.0049,0.0000,0.0059,0,REST-S,3,7,6
4186,15452,3:15:30,0,0.00,0,0.0200,0.0049,0.0000,0.0059,0,REST-S,3,7,6
4186,15453,3:16:00,0,0.00,0,0.0200,0.0049,0.0000,0.0059,0,REST-S,3,7,6
4186,15454,3:16:30,0,54.00,0,0.0200,0.0049,0.0000,0.0059,1,REST-S,3,7,6
4186,15455,3:17:00,0,0.00,0,0.0200,0.0049,0.0000,0.0059,0,REST-S,3,7,6
4186,15456,3:17:30,0,0.00,0,0.0200,0.0049,0.0000,0.0059,0,REST-S,3,7,6
4186,15457,3:18:00,0,0.00,0,0.0200,0.0049,0.0000,0.0059,0,REST-S,3,7,6
4186,15458,3:18:30,0,0.00,0,0.0200,0.0049,0.0000,0.0059,0,REST-S,3,7,6
4186,15459,3:19:00,0,0.00,0,0.0200,0.0049,0.0000,0.0059,0,REST-S,3,7,6
4186,15460,3:19:30,0,0.00,0,0.0200,0.0049,0.0000,0.0059,0,REST-S,3,7,6
4186,15461,3:20:00,0,0.00,0,0.0200,0.0049,0.0000,0.0059,0,REST-S,3,7,6
4186,15462,3:20:30,0,1.00,0,0.0200,0.0049,0.0000,0.0059,0,REST-S,3,7,6
4186,15463,3:21:00,0,0.00,0,0.0200,0.0049,0.0000,0.0059,0,REST-S,3,7,6
4186,15464,3:21:30,0,0.00,0,0.0200,0.0049,0.0000,0.0059,0,REST-S,3,7,6
4186,15465,3:22:00,0,1.00,0,0.0200,0.0049,0.0000,0.0059,0,REST-S,3,7,6
4186,15466,3:22:30,0,0.00,0,0.0200,0.0049,0.0000,0.0059,0,REST-S,3,7,6
4186,15467,3:23:00,0,0.00,0,0.0200,0.0049,0.0000,0.0059,0,REST-S,3,7,6
4186,15468,3:23:30,0,0.00,0,0.0200,0.0049,0.0000,0.0059,0,REST-S,3,7,6
4186,15469,3:24:00,0,0.00,0,0.0200,0.0049,0.0000,0.0059,0,REST-S,3,7,6
4186,15470,3:24:30,0,0.00,0,0.0200,0.0049,0.0000,0.0059,0,REST-S,3,7,6
4186,15471,3:25:00,0,0.00,0,0.0200,0.0049,0.0000,0.0059,0,REST-S,3,7,6
4186,15472,3:25:30,0,0.00,0,0.0200,0.0049,0.0000,0.0059,0,REST-S,3,7,6
4186,15473,3:26:00,0,0.00,0,0.0200,0.0049,0.0000,0.0059,0,REST-S,3,7,6
4186,15474,3:26:30,0,0.00,0,0.0200,0.0049,0.0000,0.0059,0,REST-S,3,7,6
4186,15475,3:27:00,0,7.00,0,0.0200,0.0049,0.0000,0.0059,0,REST-S,3,7,6
4186,15476,3:27:30,0,0.00,0,0.0200,0.0049,0.0000,0.0059,0,REST-S,3,7,6
4186,15477,3:28:00,0,0.00,0,0.0200,0.0049,0.0000,0.0059,0,REST-S,3,7,6
4186,15478,3:28:30,0,0.00,0,0.0200,0.0049,0.0000,0.0059,0,REST-S,3,7,6
4186,15479,3:29:00,0,102.00,0,0.0200,0.0049,0.0000,0.0059,1,REST-S,3,7,6
4186,15480,3:29:30,0,0.00,0,0.0200,0.0049,0.0000,0.0059,0,REST-S,3,7,6
4186,15481,3:30:00,0,0.00,0,0.0200,0.0049,0.0000,0.0059,0,REST-S,3,7,6
4186,15482,3:30:30,0,1.00,0,0.0200,0.0049,0.0000,0.0059,0,REST-S,3,7,6
4186,15483,3:31:00,0,0.00,0,0.0200,0.0049,0.0000,0.0059,0,REST-S,3,7,6
4186,15484,3:31:30,0,0.00,0,0.0200,0.0049,0.0000,0.0059,0,REST-S,3,7,6
4186,15485,3:32:00,0,35.00,0,0.0200,0.0049,0.0000,0.0059,1,REST-S,3,7,6
4186,15486,3:32:30,0,0.00,0,0.0200,0.0049,0.0000,0.0059,0,REST-S,3,7,6
4186,15487,3:33:00,0,0.00,0,0.0200,0.0049,0.0000,0.0059,0,REST-S,3,7,6
4186,15488,3:33:30,0,0.00,0,0.0200,0.0049,0.0000,0.0059,0,REST-S,3,7,6
4186,15489,3:34:00,0,0.00,0,0.0200,0.0049,0.0000,0.0059,0,REST-S,3,7,6
4186,15490,3:34:30,0,0.00,0,0.0200,0.0049,0.0000,0.0059,0,REST-S,3,7,6
4186,15491,3:35:00,0,0.00,0,0.0200,0.0049,0.0000,0.0059,0,REST-S,3,7,6
4186,15492,3:35:30,0,2.00,0,0.0200,0.0049,0.0000,0.0059,0,REST-S,3,7,6
4186,15493,3:36:00,0,18.00,0,0.0200,0.0049,0.0000,0.0059,0,REST-S,3,7,6
4186,15494,3:36:30,0,1.00,0,0.0200,0.0049,0.0000,0.0059,0,REST-S,3,7,6
4186,15495,3:37:00,0,6.00,0,0.0200,0.0049,0.0000,0.0059,0,REST-S,3,7,6
4186,15496,3:37:30,0,0.00,0,0.0200,0.0049,0.0000,0.0059,0,REST-S,3,7,6
4186,15497,3:38:00,0,11.00,0,0.1700,0.0042,0.0173,0.0059,0,REST-S,3,7,6
4186,15498,3:38:30,0,0.00,0,0.0200,0.0049,0.0000,0.0059,0,REST-S,3,7,6
4186,15499,3:39:00,0,0.00,0,0.0200,0.0049,0.0000,0.0059,0,REST-S,3,7,6
4186,15500,3:39:30,0,0.00,0,0.0200,0.0049,0.0000,0.0059,0,REST-S,3,7,6
4186,15501,3:40:00,0,0.00,0,0.0200,0.0049,0.0000,0.0059,0,REST-S,3,7,6
4186,15502,3:40:30,0,0.00,0,0.0200,0.0049,0.0000,0.0059,0,REST-S,3,7,6
4186,15503,3:41:00,0,0.00,0,0.0200,0.0049,0.0000,0.0059,0,REST-S,3,7,6
4186,15504,3:41:30,0,1.00,0,0.0200,0.0049,0.0000,0.0059,0,REST-S,3,7,6
4186,15505,3:42:00,0,1.00,0,0.0200,0.0049,0.0000,0.0059,0,REST-S,3,7,6
4186,15506,3:42:30,0,0.00,0,0.0200,0.0049,0.0000,0.0059,0,REST-S,3,7,6
4186,15507,3:43:00,0,0.00,0,0.0200,0.0049,0.0000,0.0059,0,REST-S,3,7,6
4186,15508,3:43:30,0,28.00,0,0.0200,0.0049,0.0000,0.0059,1,REST-S,3,7,6
4186,15509,3:44:00,0,0.00,0,0.0200,0.0049,0.0000,0.0059,0,REST-S,3,7,6
4186,15510,3:44:30,0,0.00,0,0.0200,0.0049,0.0000,0.0059,0,REST-S,3,7,6
4186,15511,3:45:00,0,0.00,0,0.0200,0.0049,0.0000,0.0059,0,REST-S,3,7,6
4186,15512,3:45:30,0,0.00,0,0.0200,0.0049,0.0000,0.0059,0,REST-S,3,7,6
4186,15513,3:46:00,0,0.00,0,0.0200,0.0049,0.0000,0.0059,0,REST-S,3,7,6
4186,15514,3:46:30,0,0.00,0,0.0200,0.0049,0.0000,0.0059,0,REST-S,3,7,6
4186,15515,3:47:00,0,0.00,0,0.0200,0.0049,0.0000,0.0059,0,REST-S,3,7,6
4186,15516,3:47:30,0,0.00,0,0.0200,0.0049,0.0000,0.0059,0,REST-S,3,7,6
4186,15517,3:48:00,0,0.00,0,0.0200,0.0049,0.0000,0.0059,0,REST-S,3,7,6
4186,15518,3:48:30,0,0.00,0,0.0200,0.0049,0.0000,0.0059,0,REST-S,3,7,6
4186,15519,3:49:00,0,0.00,0,0.0200,0.0049,0.0000,0.0059,0,REST-S,3,7,6
4186,15520,3:49:30,0,0.00,0,0.0200,0.0049,0.0000,0.0059,0,REST-S,3,7,6
4186,15521,3:50:00,0,0.00,0,0.0200,0.0049,0.0000,0.0059,0,REST-S,3,7,6
4186,15522,3:50:30,0,0.00,0,0.0200,0.0049,0.0000,0.0059,0,REST-S,3,7,6
4186,15523,3:51:00,0,0.00,0,0.0200,0.0049,0.0000,0.0059,0,REST-S,3,7,6
4186,15524,3:51:30,0,75.00,0,0.0200,0.0049,0.0000,0.0059,1,REST-S,3,7,6
4186,15525,3:52:00,0,7.00,0,0.0200,0.0049,0.0000,0.0059,0,REST-S,3,7,6
4186,15526,3:52:30,0,0.00,0,0.0200,0.0049,0.0000,0.0059,0,REST-S,3,7,6
4186,15527,3:53:00,0,0.00,0,0.0200,0.0049,0.0000,0.0059,0,REST-S,3,7,6
4186,15528,3:53:30,0,0.00,0,0.0200,0.0049,0.0000,0.0059,0,REST-S,3,7,6
4186,15529,3:54:00,0,0.00,0,0.0200,0.0049,0.0000,0.0059,0,REST-S,3,7,6
4186,15530,3:54:30,0,0.00,0,0.0200,0.0049,0.0000,0.0059,0,REST-S,3,7,6
4186,15531,3:55:00,0,9.00,0,0.0200,0.0049,0.0000,0.0059,0,REST-S,3,7,6
4186,15532,3:55:30,0,0.00,0,0.0200,0.0049,0.0000,0.0059,0,REST-S,3,7,6
4186,15533,3:56:00,0,21.00,0,0.0200,0.0049,0.0000,0.0059,1,REST-S,3,7,6
4186,15534,3:56:30,0,0.00,0,0.1700,0.0042,0.0173,0.0059,0,REST-S,3,7,6
4186,15535,3:57:00,0,16.00,0,0.0200,0.0049,0.0000,0.0059,0,REST-S,3,7,6
4186,15536,3:57:30,0,0.00,0,0.1700,0.0042,0.0173,0.0059,0,REST-S,3,7,6
4186,15537,3:58:00,0,2.00,0,0.0200,0.0049,0.0000,0.0059,0,REST-S,3,7,6
4186,15538,3:58:30,0,0.00,0,0.0200,0.0049,0.0000,0.0059,0,REST-S,3,7,6
4186,15539,3:59:00,0,9.00,0,0.0200,0.0049,0.0000,0.0059,0,REST-S,3,7,6
4186,15540,3:59:30,0,1.00,0,0.0200,0.0049,0.0000,0.0059,0,REST-S,3,7,6
4186,15541,4:00:00,0,0.00,0,0.0200,0.0049,0.0000,0.0059,0,REST-S,3,7,6
4186,15542,4:00:30,0,0.00,0,0.0200,0.0049,0.0000,0.0059,0,REST-S,3,7,6
4186,15543,4:01:00,0,0.00,0,0.1700,0.0042,0.0173,0.0059,0,REST-S,3,7,6
4186,15544,4:01:30,0,0.00,0,0.0200,0.0049,0.0000,0.0059,0,REST-S,3,7,6
4186,15545,4:02:00,0,0.00,0,0.1700,0.0042,0.0173,0.0059,0,REST-S,3,7,6
4186,15546,4:02:30,0,0.00,0,0.0200,0.0049,0.0000,0.0059,0,REST-S,3,7,6
4186,15547,4:03:00,0,0.00,0,0.1700,0.0042,0.0173,0.0059,0,REST-S,3,7,6
4186,15548,4:03:30,0,118.00,0,0.0100,0.0049,0.0000,0.0000,1,REST-S,3,7,6
4186,15549,4:04:00,0,0.00,0,0.0200,0.0049,0.0000,0.0059,0,REST-S,3,7,6
4186,15550,4:04:30,0,22.00,0,0.0200,0.0049,0.0000,0.0059,1,REST-S,3,7,6
4186,15551,4:05:00,0,0.00,0,0.0200,0.0049,0.0000,0.0059,0,REST-S,3,7,6
4186,15552,4:05:30,0,2.00,0,0.1700,0.0042,0.0173,0.0059,0,REST-S,3,7,6
4186,15553,4:06:00,0,1.00,0,0.0200,0.0049,0.0000,0.0059,0,REST-S,3,7,6
4186,15554,4:06:30,0,0.00,0,0.0200,0.0049,0.0000,0.0059,0,REST-S,3,7,6
4186,15555,4:07:00,0,3.00,0,0.1700,0.0042,0.0173,0.0059,0,REST-S,3,7,6
4186,15556,4:07:30,0,8.00,0,0.0200,0.0049,0.0000,0.0059,0,REST-S,3,7,6
4186,15557,4:08:00,0,0.00,0,0.0200,0.0049,0.0000,0.0059,0,REST-S,3,7,6
4186,15558,4:08:30,0,0.00,0,0.1700,0.0042,0.0173,0.0059,0,REST-S,3,7,6
4186,15559,4:09:00,0,0.00,0,0.0200,0.0049,0.0000,0.0059,0,REST-S,3,7,6
4186,15560,4:09:30,0,3.00,0,0.0200,0.0049,0.0000,0.0059,0,REST-S,3,7,6
4186,15561,4:10:00,0,1.00,0,0.0200,0.0049,0.0000,0.0059,0,REST-S,3,7,6
4186,15562,4:10:30,0,0.00,0,0.0200,0.0049,0.0000,0.0059,0,REST-S,3,7,6
4186,15563,4:11:00,0,0.00,0,0.0200,0.0049,0.0000,0.0059,0,REST-S,3,7,6
4186,15564,4:11:30,0,0.00,0,0.0200,0.0049,0.0000,0.0059,0,REST-S,3,7,6
4186,15565,4:12:00,0,0.00,0,0.0200,0.0049,0.0000,0.0059,0,REST-S,3,7,6
4186,15566,4:12:30,0,1.00,0,0.0200,0.0049,0.0000,0.0059,0,REST-S,3,7,6
4186,15567,4:13:00,0,1.00,0,0.0200,0.0049,0.0000,0.0059,0,REST-S,3,7,6
4186,15568,4:13:30,0,15.00,0,0.0200,0.0049,0.0000,0.0059,0,REST-S,3,7,6
4186,15569,4:14:00,0,1.00,0,0.0200,0.0049,0.0000,0.0059,0,REST-S,3,7,6
4186,15570,4:14:30,0,1.00,0,0.0200,0.0049,0.0000,0.0059,0,REST-S,3,7,6
4186,15571,4:15:00,0,11.00,0,0.1700,0.0042,0.0173,0.0059,0,REST-S,3,7,6
4186,15572,4:15:30,0,3.00,0,0.0200,0.0049,0.0000,0.0059,0,REST-S,3,7,6
4186,15573,4:16:00,0,4.00,0,0.0200,0.0049,0.0000,0.0059,1,REST-S,3,7,6
4186,15574,4:16:30,0,1.00,0,0.0200,0.0049,0.0000,0.0059,1,REST-S,3,7,6
4186,15575,4:17:00,0,131.00,0,0.0100,0.0049,0.0000,0.0000,1,REST-S,3,7,6
4186,15576,4:17:30,0,335.00,0,0.0100,0.0049,0.0000,0.0000,1,REST-S,3,7,6
4186,15577,4:18:00,0,0.00,0,0.1700,0.0042,0.0173,0.0059,1,REST-S,3,7,6
4186,15578,4:18:30,0,0.00,0,0.0200,0.0049,0.0000,0.0059,1,REST-S,3,7,6
4186,15579,4:19:00,0,0.00,0,0.0200,0.0049,0.0000,0.0059,0,REST-S,3,7,6
4186,15580,4:19:30,0,0.00,0,0.0200,0.0049,0.0000,0.0059,0,REST-S,3,7,6
4186,15581,4:20:00,0,0.00,0,0.0200,0.0049,0.0000,0.0059,0,REST-S,3,7,6
4186,15582,4:20:30,0,0.00,0,0.0200,0.0049,0.0000,0.0059,0,REST-S,3,7,6
4186,15583,4:21:00,0,1.00,0,0.0200,0.0049,0.0000,0.0059,0,REST-S,3,7,6
4186,15584,4:21:30,0,0.00,0,0.0200,0.0049,0.0000,0.0059,0,REST-S,3,7,6
4186,15585,4:22:00,0,0.00,0,0.0200,0.0049,0.0000,0.0059,0,REST-S,3,7,6
4186,15586,4:22:30,0,0.00,0,0.0200,0.0049,0.0000,0.0059,0,REST-S,3,7,6
4186,15587,4:23:00,0,0.00,0,0.0200,0.0049,0.0000,0.0059,0,REST-S,3,7,6
4186,15588,4:23:30,0,0.00,0,0.0200,0.0049,0.0000,0.0059,0,REST-S,3,7,6
4186,15589,4:24:00,0,0.00,0,0.0200,0.0049,0.0000,0.0059,0,REST-S,3,7,6
4186,15590,4:24:30,0,0.00,0,0.0200,0.0049,0.0000,0.0059,0,REST-S,3,7,6
4186,15591,4:25:00,0,24.00,0,0.0200,0.0049,0.0000,0.0059,1,REST-S,3,7,6
4186,15592,4:25:30,0,16.00,0,0.0200,0.0049,0.0000,0.0059,0,REST-S,3,7,6
4186,15593,4:26:00,0,0.00,0,0.0200,0.0049,0.0000,0.0059,0,REST-S,3,7,6
4186,15594,4:26:30,0,0.00,0,0.0200,0.0049,0.0000,0.0059,0,REST-S,3,7,6
4186,15595,4:27:00,0,0.00,0,0.0200,0.0049,0.0000,0.0059,0,REST-S,3,7,6
4186,15596,4:27:30,0,0.00,0,0.0200,0.0049,0.0000,0.0059,0,REST-S,3,7,6
4186,15597,4:28:00,0,0.00,0,0.0200,0.0049,0.0000,0.0059,0,REST-S,3,7,6
4186,15598,4:28:30,0,0.00,0,0.0200,0.0049,0.0000,0.0059,0,REST-S,3,7,6
4186,15599,4:29:00,0,0.00,0,0.0200,0.0049,0.0000,0.0059,0,REST-S,3,7,6
4186,15600,4:29:30,0,0.00,0,0.0100,0.0049,0.0000,0.0000,0,REST-S,3,7,6
4186,15601,4:30:00,0,12.00,0,0.0200,0.0049,0.0000,0.0059,0,REST-S,3,7,6
4186,15602,4:30:30,0,75.00,0,0.0200,0.0049,0.0000,0.0059,1,REST-S,3,7,6
4186,15603,4:31:00,0,1.00,0,0.0200,0.0049,0.0000,0.0059,0,REST-S,3,7,6
4186,15604,4:31:30,0,1.00,0,0.0200,0.0049,0.0000,0.0059,0,REST-S,3,7,6
4186,15605,4:32:00,0,13.00,0,0.0200,0.0049,0.0000,0.0059,0,REST-S,3,7,6
4186,15606,4:32:30,0,6.00,0,0.0200,0.0049,0.0000,0.0059,0,REST-S,3,7,6
4186,15607,4:33:00,0,13.00,0,0.0200,0.0049,0.0000,0.0059,0,REST-S,3,7,6
4186,15608,4:33:30,0,0.00,0,0.0200,0.0049,0.0000,0.0059,0,REST-S,3,7,6
4186,15609,4:34:00,0,18.00,0,0.0200,0.0049,0.0000,0.0059,1,REST-S,3,7,6
4186,15610,4:34:30,0,0.00,0,0.0200,0.0049,0.0000,0.0059,0,REST-S,3,7,6
4186,15611,4:35:00,0,0.00,0,0.0200,0.0049,0.0000,0.0059,0,REST-S,3,7,6
4186,15612,4:35:30,0,47.00,0,0.0200,0.0049,0.0000,0.0059,1,REST-S,3,7,6
4186,15613,4:36:00,0,1.00,0,0.0200,0.0049,0.0000,0.0059,0,REST-S,3,7,6
4186,15614,4:36:30,0,0.00,0,0.0200,0.0049,0.0000,0.0059,0,REST-S,3,7,6
4186,15615,4:37:00,0,0.00,0,0.0200,0.0049,0.0000,0.0059,0,REST-S,3,7,6
4186,15616,4:37:30,0,0.00,0,0.0200,0.0049,0.0000,0.0059,0,REST-S,3,7,6
4186,15617,4:38:00,0,1.00,0,0.0200,0.0049,0.0000,0.0059,0,REST-S,3,7,6
4186,15618,4:38:30,0,0.00,0,0.0200,0.0049,0.0000,0.0059,0,REST-S,3,7,6
4186,15619,4:39:00,0,0.00,0,0.0200,0.0049,0.0000,0.0059,0,REST-S,3,7,6
4186,15620,4:39:30,0,0.00,0,0.0200,0.0049,0.0000,0.0059,0,REST-S,3,7,6
4186,15621,4:40:00,0,2.00,0,0.0200,0.0049,0.0000,0.0059,0,REST-S,3,7,6
4186,15622,4:40:30,0,0.00,0,0.0200,0.0049,0.0000,0.0059,0,REST-S,3,7,6
4186,15623,4:41:00,0,102.00,0,0.0200,0.0049,0.0000,0.0059,1,REST-S,3,7,6
4186,15624,4:41:30,0,89.00,0,0.0200,0.0049,0.0000,0.0059,1,REST-S,3,7,6
4186,15625,4:42:00,0,17.00,0,0.0200,0.0049,0.0000,0.0059,1,REST-S,3,7,6
4186,15626,4:42:30,0,0.00,0,0.0200,0.0049,0.0000,0.0059,0,REST-S,3,7,6
4186,15627,4:43:00,0,0.00,0,0.0200,0.0049,0.0000,0.0059,0,REST-S,3,7,6
4186,15628,4:43:30,0,0.00,0,0.0200,0.0049,0.0000,0.0059,0,REST-S,3,7,6
4186,15629,4:44:00,0,0.00,0,0.0200,0.0049,0.0000,0.0059,0,REST-S,3,7,6
4186,15630,4:44:30,0,0.00,0,0.0100,0.0049,0.0000,0.0000,0,REST-S,3,7,6
4186,15631,4:45:00,0,0.00,0,0.0200,0.0049,0.0000,0.0059,0,REST-S,3,7,6
4186,15632,4:45:30,0,0.00,0,0.0200,0.0049,0.0000,0.0059,0,REST-S,3,7,6
4186,15633,4:46:00,0,0.00,0,0.0200,0.0049,0.0000,0.0059,0,REST-S,3,7,6
4186,15634,4:46:30,0,0.00,0,0.0200,0.0049,0.0000,0.0059,0,REST-S,3,7,6
4186,15635,4:47:00,0,0.00,0,0.0200,0.0049,0.0000,0.0059,0,REST-S,3,7,6
4186,15636,4:47:30,0,0.00,0,0.0200,0.0049,0.0000,0.0059,0,REST-S,3,7,6
4186,15637,4:48:00,0,0.00,0,0.0200,0.0049,0.0000,0.0059,0,REST-S,3,7,6
4186,15638,4:48:30,0,0.00,0,0.0200,0.0049,0.0000,0.0059,0,REST-S,3,7,6
4186,15639,4:49:00,0,0.00,0,0.0200,0.0049,0.0000,0.0059,0,REST-S,3,7,6
4186,15640,4:49:30,0,0.00,0,0.0200,0.0049,0.0000,0.0059,0,REST-S,3,7,6
4186,15641,4:50:00,0,0.00,0,0.0200,0.0049,0.0000,0.0059,0,REST-S,3,7,6
4186,15642,4:50:30,0,0.00,0,0.0200,0.0049,0.0000,0.0059,0,REST-S,3,7,6
4186,15643,4:51:00,0,0.00,0,0.0200,0.0049,0.0000,0.0059,0,REST-S,3,7,6
4186,15644,4:51:30,0,0.00,0,0.0200,0.0049,0.0000,0.0059,0,REST-S,3,7,6
4186,15645,4:52:00,0,0.00,0,0.0200,0.0049,0.0000,0.0059,0,REST-S,3,7,6
4186,15646,4:52:30,0,0.00,0,0.0200,0.0049,0.0000,0.0059,0,REST-S,3,7,6
4186,15647,4:53:00,0,0.00,0,0.0200,0.0049,0.0000,0.0059,0,REST-S,3,7,6
4186,15648,4:53:30,0,0.00,0,0.0200,0.0049,0.0000,0.0059,0,REST-S,3,7,6
4186,15649,4:54:00,0,0.00,0,0.0200,0.0049,0.0000,0.0059,0,REST-S,3,7,6
4186,15650,4:54:30,0,0.00,0,0.0200,0.0049,0.0000,0.0059,0,REST-S,3,7,6
4186,15651,4:55:00,0,0.00,0,0.0200,0.0049,0.0000,0.0059,0,REST-S,3,7,6
4186,15652,4:55:30,0,0.00,0,0.0200,0.0049,0.0000,0.0059,0,REST-S,3,7,6
4186,15653,4:56:00,0,0.00,0,0.0200,0.0049,0.0000,0.0059,0,REST-S,3,7,6
4186,15654,4:56:30,0,0.00,0,0.0200,0.0049,0.0000,0.0059,0,REST-S,3,7,6
4186,15655,4:57:00,0,0.00,0,0.0200,0.0049,0.0000,0.0059,0,REST-S,3,7,6
4186,15656,4:57:30,0,0.00,0,0.0200,0.0049,0.0000,0.0059,0,REST-S,3,7,6
4186,15657,4:58:00,0,0.00,0,0.0200,0.0049,0.0000,0.0059,0,REST-S,3,7,6
4186,15658,4:58:30,0,0.00,0,0.0200,0.0049,0.0000,0.0059,0,REST-S,3,7,6
4186,15659,4:59:00,0,0.00,0,0.0200,0.0049,0.0000,0.0059,0,REST-S,3,7,6
4186,15660,4:59:30,0,0.00,0,0.0200,0.0049,0.0000,0.0059,0,REST-S,3,7,6
4186,15661,5:00:00,0,0.00,0,0.0200,0.0049,0.0000,0.0059,0,REST-S,3,7,6
4186,15662,5:00:30,0,0.00,0,0.0200,0.0049,0.0000,0.0059,0,REST-S,3,7,6
4186,15663,5:01:00,0,0.00,0,0.0200,0.0049,0.0000,0.0059,0,REST-S,3,7,6
4186,15664,5:01:30,0,0.00,0,0.0200,0.0049,0.0000,0.0059,0,REST-S,3,7,6
4186,15665,5:02:00,0,0.00,0,0.0200,0.0049,0.0000,0.0059,0,REST-S,3,7,6
4186,15666,5:02:30,0,0.00,0,0.0200,0.0049,0.0000,0.0059,0,REST-S,3,7,6
4186,15667,5:03:00,0,0.00,0,0.0200,0.0049,0.0000,0.0059,0,REST-S,3,7,6
4186,15668,5:03:30,0,0.00,0,0.0200,0.0049,0.0000,0.0059,0,REST-S,3,7,6
4186,15669,5:04:00,0,0.00,0,0.0200,0.0049,0.0000,0.0059,0,REST-S,3,7,6
4186,15670,5:04:30,0,0.00,0,0.0200,0.0049,0.0000,0.0059,0,REST-S,3,7,6
4186,15671,5:05:00,0,0.00,0,0.0200,0.0049,0.0000,0.0059,0,REST-S,3,7,6
4186,15672,5:05:30,0,0.00,0,0.0200,0.0049,0.0000,0.0059,0,REST-S,3,7,6
4186,15673,5:06:00,0,0.00,0,0.0200,0.0049,0.0000,0.0059,0,REST-S,3,7,6
4186,15674,5:06:30,0,0.00,0,0.0200,0.0049,0.0000,0.0059,0,REST-S,3,7,6
4186,15675,5:07:00,0,0.00,0,0.0200,0.0049,0.0000,0.0059,0,REST-S,3,7,6
4186,15676,5:07:30,0,0.00,0,0.0200,0.0049,0.0000,0.0059,0,REST-S,3,7,6
4186,15677,5:08:00,0,25.00,0,0.0200,0.0049,0.0000,0.0059,1,REST-S,3,7,6
4186,15678,5:08:30,0,9.00,0,0.0200,0.0049,0.0000,0.0059,0,REST-S,3,7,6
4186,15679,5:09:00,0,0.00,0,0.0200,0.0049,0.0000,0.0059,0,REST-S,3,7,6
4186,15680,5:09:30,0,0.00,0,0.0200,0.0049,0.0000,0.0059,0,REST-S,3,7,6
4186,15681,5:10:00,0,1.00,0,0.0200,0.0049,0.0000,0.0059,0,REST-S,3,7,6
4186,15682,5:10:30,0,0.00,0,0.0200,0.0049,0.0000,0.0059,0,REST-S,3,7,6
4186,15683,5:11:00,0,0.00,0,0.0200,0.0049,0.0000,0.0059,0,REST-S,3,7,6
4186,15684,5:11:30,0,0.00,0,0.0200,0.0049,0.0000,0.0059,0,REST-S,3,7,6
4186,15685,5:12:00,0,0.00,0,0.0200,0.0049,0.0000,0.0059,0,REST-S,3,7,6
4186,15686,5:12:30,0,0.00,0,0.0200,0.0049,0.0000,0.0059,0,REST-S,3,7,6
4186,15687,5:13:00,0,0.00,0,0.0200,0.0049,0.0000,0.0059,0,REST-S,3,7,6
4186,15688,5:13:30,0,0.00,0,0.0200,0.0049,0.0000,0.0059,0,REST-S,3,7,6
4186,15689,5:14:00,0,0.00,0,0.0200,0.0049,0.0000,0.0059,0,REST-S,3,7,6
4186,15690,5:14:30,0,0.00,0,0.0200,0.0049,0.0000,0.0059,0,REST-S,3,7,6
4186,15691,5:15:00,0,0.00,0,0.0200,0.0049,0.0000,0.0059,0,REST-S,3,7,6
4186,15692,5:15:30,0,0.00,0,0.0200,0.0049,0.0000,0.0059,0,REST-S,3,7,6
4186,15693,5:16:00,0,0.00,0,0.0200,0.0049,0.0000,0.0059,0,REST-S,3,7,6
4186,15694,5:16:30,0,0.00,0,0.0200,0.0049,0.0000,0.0059,0,REST-S,3,7,6
4186,15695,5:17:00,0,0.00,0,0.0200,0.0049,0.0000,0.0059,0,REST-S,3,7,6
4186,15696,5:17:30,0,0.00,0,0.0200,0.0049,0.0000,0.0059,0,REST-S,3,7,6
4186,15697,5:18:00,0,0.00,0,0.0200,0.0049,0.0000,0.0059,0,REST-S,3,7,6
4186,15698,5:18:30,0,0.00,0,0.0200,0.0049,0.0000,0.0059,0,REST-S,3,7,6
4186,15699,5:19:00,0,0.00,0,0.0200,0.0049,0.0000,0.0059,0,REST-S,3,7,6
4186,15700,5:19:30,0,0.00,0,0.0200,0.0049,0.0000,0.0059,0,REST-S,3,7,6
4186,15701,5:20:00,0,0.00,0,0.0200,0.0049,0.0000,0.0059,0,REST-S,3,7,6
4186,15702,5:20:30,0,0.00,0,0.0200,0.0049,0.0000,0.0059,0,REST-S,3,7,6
4186,15703,5:21:00,0,0.00,0,0.0200,0.0049,0.0000,0.0059,0,REST-S,3,7,6
4186,15704,5:21:30,0,0.00,0,0.0200,0.0049,0.0000,0.0059,0,REST-S,3,7,6
4186,15705,5:22:00,0,0.00,0,0.0200,0.0049,0.0000,0.0059,0,REST-S,3,7,6
4186,15706,5:22:30,0,0.00,0,0.0200,0.0049,0.0000,0.0059,0,REST-S,3,7,6
4186,15707,5:23:00,0,0.00,0,0.0200,0.0049,0.0000,0.0059,0,REST-S,3,7,6
4186,15708,5:23:30,0,1.00,0,0.0200,0.0049,0.0000,0.0059,0,REST-S,3,7,6
4186,15709,5:24:00,0,33.00,0,0.0200,0.0049,0.0000,0.0059,1,REST-S,3,7,6
4186,15710,5:24:30,0,0.00,0,0.0200,0.0049,0.0000,0.0059,0,REST-S,3,7,6
4186,15711,5:25:00,0,2.00,0,0.0200,0.0049,0.0000,0.0059,0,REST-S,3,7,6
4186,15712,5:25:30,0,0.00,0,0.0200,0.0049,0.0000,0.0059,0,REST-S,3,7,6
4186,15713,5:26:00,0,0.00,0,0.0200,0.0049,0.0000,0.0059,0,REST-S,3,7,6
4186,15714,5:26:30,0,0.00,0,0.0200,0.0049,0.0000,0.0059,0,REST-S,3,7,6
4186,15715,5:27:00,0,0.00,0,0.0200,0.0049,0.0000,0.0059,0,REST-S,3,7,6
4186,15716,5:27:30,0,0.00,0,0.0200,0.0049,0.0000,0.0059,0,REST-S,3,7,6
4186,15717,5:28:00,0,0.00,0,0.0200,0.0049,0.0000,0.0059,0,REST-S,3,7,6
4186,15718,5:28:30,0,75.00,0,0.0200,0.0049,0.0000,0.0059,1,REST-S,3,7,6
4186,15719,5:29:00,0,1.00,0,0.0200,0.0049,0.0000,0.0059,0,REST-S,3,7,6
4186,15720,5:29:30,0,0.00,0,0.0200,0.0049,0.0000,0.0059,0,REST-S,3,7,6
4186,15721,5:30:00,0,1.00,0,0.0200,0.0049,0.0000,0.0059,0,REST-S,3,7,6
4186,15722,5:30:30,0,1.00,0,0.0200,0.0049,0.0000,0.0059,0,REST-S,3,7,6
4186,15723,5:31:00,0,0.00,0,0.0200,0.0049,0.0000,0.0059,0,REST-S,3,7,6
4186,15724,5:31:30,0,0.00,0,0.0200,0.0049,0.0000,0.0059,0,REST-S,3,7,6
4186,15725,5:32:00,0,0.00,0,0.0200,0.0049,0.0000,0.0059,0,REST-S,3,7,6
4186,15726,5:32:30,0,75.00,0,0.0200,0.0049,0.0000,0.0059,1,REST-S,3,7,6
4186,15727,5:33:00,0,0.00,0,0.0200,0.0049,0.0000,0.0059,0,REST-S,3,7,6
4186,15728,5:33:30,0,0.00,0,0.0200,0.0049,0.0000,0.0059,0,REST-S,3,7,6
4186,15729,5:34:00,0,0.00,0,0.0200,0.0049,0.0000,0.0059,0,REST-S,3,7,6
4186,15730,5:34:30,0,0.00,0,0.0200,0.0049,0.0000,0.0059,0,REST-S,3,7,6
4186,15731,5:35:00,0,0.00,0,0.0200,0.0049,0.0000,0.0059,0,REST-S,3,7,6
4186,15732,5:35:30,0,0.00,0,0.0200,0.0049,0.0000,0.0059,0,REST-S,3,7,6
4186,15733,5:36:00,0,0.00,0,0.0200,0.0049,0.0000,0.0059,0,REST-S,3,7,6
4186,15734,5:36:30,0,0.00,0,0.0200,0.0049,0.0000,0.0059,0,REST-S,3,7,6
4186,15735,5:37:00,0,0.00,0,0.0200,0.0049,0.0000,0.0059,0,REST-S,3,7,6
4186,15736,5:37:30,0,0.00,0,0.0200,0.0049,0.0000,0.0059,0,REST-S,3,7,6
4186,15737,5:38:00,0,0.00,0,0.0200,0.0049,0.0000,0.0059,0,REST-S,3,7,6
4186,15738,5:38:30,0,0.00,0,0.0200,0.0049,0.0000,0.0059,0,REST-S,3,7,6
4186,15739,5:39:00,0,0.00,0,0.0200,0.0049,0.0000,0.0059,0,REST-S,3,7,6
4186,15740,5:39:30,0,0.00,0,0.0200,0.0049,0.0000,0.0059,0,REST-S,3,7,6
4186,15741,5:40:00,0,0.00,0,0.0200,0.0049,0.0000,0.0059,0,REST-S,3,7,6
4186,15742,5:40:30,0,0.00,0,0.0200,0.0049,0.0000,0.0059,0,REST-S,3,7,6
4186,15743,5:41:00,0,0.00,0,0.0200,0.0049,0.0000,0.0059,0,REST-S,3,7,6
4186,15744,5:41:30,0,0.00,0,0.0200,0.0049,0.0000,0.0059,0,REST-S,3,7,6
4186,15745,5:42:00,0,0.00,0,0.0200,0.0049,0.0000,0.0059,0,REST-S,3,7,6
4186,15746,5:42:30,0,0.00,0,0.0200,0.0049,0.0000,0.0059,0,REST-S,3,7,6
4186,15747,5:43:00,0,0.00,0,0.0200,0.0049,0.0000,0.0059,0,REST-S,3,7,6
4186,15748,5:43:30,0,0.00,0,0.0200,0.0049,0.0000,0.0059,0,REST-S,3,7,6
4186,15749,5:44:00,0,52.00,0,0.0200,0.0049,0.0000,0.0059,1,REST-S,3,7,6
4186,15750,5:44:30,0,7.00,0,0.0200,0.0049,0.0000,0.0059,0,REST-S,3,7,6
4186,15751,5:45:00,0,0.00,0,0.0200,0.0049,0.0000,0.0059,0,REST-S,3,7,6
4186,15752,5:45:30,0,0.00,0,0.0200,0.0049,0.0000,0.0059,0,REST-S,3,7,6
4186,15753,5:46:00,0,0.00,0,0.0200,0.0049,0.0000,0.0059,0,REST-S,3,7,6
4186,15754,5:46:30,0,0.00,0,0.0200,0.0049,0.0000,0.0059,0,REST-S,3,7,6
4186,15755,5:47:00,0,0.00,0,0.0200,0.0049,0.0000,0.0059,0,REST-S,3,7,6
4186,15756,5:47:30,0,0.00,0,0.0200,0.0049,0.0000,0.0059,0,REST-S,3,7,6
4186,15757,5:48:00,0,0.00,0,0.0200,0.0049,0.0000,0.0059,0,REST-S,3,7,6
4186,15758,5:48:30,0,0.00,0,0.0200,0.0049,0.0000,0.0059,0,REST-S,3,7,6
4186,15759,5:49:00,0,0.00,0,0.0200,0.0049,0.0000,0.0059,0,REST-S,3,7,6
4186,15760,5:49:30,0,0.00,0,0.0200,0.0049,0.0000,0.0059,0,REST-S,3,7,6
4186,15761,5:50:00,0,0.00,0,0.0200,0.0049,0.0000,0.0059,0,REST-S,3,7,6
4186,15762,5:50:30,0,0.00,0,0.0200,0.0049,0.0000,0.0059,0,REST-S,3,7,6
4186,15763,5:51:00,0,0.00,0,0.0200,0.0049,0.0000,0.0059,0,REST-S,3,7,6
4186,15764,5:51:30,0,0.00,0,0.0200,0.0049,0.0000,0.0059,0,REST-S,3,7,6
4186,15765,5:52:00,0,0.00,0,0.0200,0.0049,0.0000,0.0059,0,REST-S,3,7,6
4186,15766,5:52:30,0,0.00,0,0.0200,0.0049,0.0000,0.0059,0,REST-S,3,7,6
4186,15767,5:53:00,0,0.00,0,0.0200,0.0049,0.0000,0.0059,0,REST-S,3,7,6
4186,15768,5:53:30,0,0.00,0,0.0200,0.0049,0.0000,0.0059,0,REST-S,3,7,6
4186,15769,5:54:00,0,0.00,0,0.0200,0.0049,0.0000,0.0059,0,REST-S,3,7,6
4186,15770,5:54:30,0,0.00,0,0.0200,0.0049,0.0000,0.0059,0,REST-S,3,7,6
4186,15771,5:55:00,0,0.00,0,0.0200,0.0049,0.0000,0.0059,0,REST-S,3,7,6
4186,15772,5:55:30,0,0.00,0,0.0200,0.0049,0.0000,0.0059,0,REST-S,3,7,6
4186,15773,5:56:00,0,0.00,0,0.0200,0.0049,0.0000,0.0059,0,REST-S,3,7,6
4186,15774,5:56:30,0,0.00,0,0.0100,0.0049,0.0000,0.0000,0,REST-S,3,7,6
4186,15775,5:57:00,0,0.00,0,0.0200,0.0049,0.0000,0.0059,0,REST-S,3,7,6
4186,15776,5:57:30,0,0.00,0,0.0200,0.0049,0.0000,0.0059,0,REST-S,3,7,6
4186,15777,5:58:00,0,0.00,0,0.0200,0.0049,0.0000,0.0059,0,REST-S,3,7,6
4186,15778,5:58:30,0,0.00,0,0.0200,0.0049,0.0000,0.0059,0,REST-S,3,7,6
4186,15779,5:59:00,0,0.00,0,0.0200,0.0049,0.0000,0.0059,0,REST-S,3,7,6
4186,15780,5:59:30,0,0.00,0,0.0200,0.0049,0.0000,0.0059,0,REST-S,3,7,6
4186,15781,6:00:00,0,0.00,0,0.0200,0.0049,0.0000,0.0059,0,REST-S,3,7,6
4186,15782,6:00:30,0,0.00,0,0.0200,0.0049,0.0000,0.0059,0,REST-S,3,7,6
4186,15783,6:01:00,0,0.00,0,0.0200,0.0049,0.0000,0.0059,0,REST-S,3,7,6
4186,15784,6:01:30,0,0.00,0,0.0200,0.0049,0.0000,0.0059,0,REST-S,3,7,6
4186,15785,6:02:00,0,0.00,0,0.0200,0.0049,0.0000,0.0059,0,REST-S,3,7,6
4186,15786,6:02:30,0,0.00,0,0.0200,0.0049,0.0000,0.0059,0,REST-S,3,7,6
4186,15787,6:03:00,0,0.00,0,0.0200,0.0049,0.0000,0.0059,0,REST-S,3,7,6
4186,15788,6:03:30,0,0.00,0,0.0200,0.0049,0.0000,0.0059,0,REST-S,3,7,6
4186,15789,6:04:00,0,0.00,0,0.0200,0.0049,0.0000,0.0059,0,REST-S,3,7,6
4186,15790,6:04:30,0,0.00,0,0.0200,0.0049,0.0000,0.0059,0,REST-S,3,7,6
4186,15791,6:05:00,0,0.00,0,0.0200,0.0049,0.0000,0.0059,0,REST-S,3,7,6
4186,15792,6:05:30,0,0.00,0,0.0200,0.0049,0.0000,0.0059,0,REST-S,3,7,6
4186,15793,6:06:00,0,85.00,0,0.0200,0.0049,0.0000,0.0059,1,REST-S,3,7,6
4186,15794,6:06:30,0,1.00,0,0.0200,0.0049,0.0000,0.0059,0,REST-S,3,7,6
4186,15795,6:07:00,0,0.00,0,0.0200,0.0049,0.0000,0.0059,0,REST-S,3,7,6
4186,15796,6:07:30,0,1.00,0,0.0200,0.0049,0.0000,0.0059,0,REST-S,3,7,6
4186,15797,6:08:00,0,0.00,0,0.0200,0.0049,0.0000,0.0059,0,REST-S,3,7,6
4186,15798,6:08:30,0,1.00,0,0.0200,0.0049,0.0000,0.0059,0,REST-S,3,7,6
4186,15799,6:09:00,0,0.00,0,0.0200,0.0049,0.0000,0.0059,0,REST-S,3,7,6
4186,15800,6:09:30,0,0.00,0,0.0200,0.0049,0.0000,0.0059,0,REST-S,3,7,6
4186,15801,6:10:00,0,0.00,0,0.0200,0.0049,0.0000,0.0059,0,REST-S,3,7,6
4186,15802,6:10:30,0,8.00,0,0.0200,0.0049,0.0000,0.0059,0,REST-S,3,7,6
4186,15803,6:11:00,0,0.00,0,0.0200,0.0049,0.0000,0.0059,0,REST-S,3,7,6
4186,15804,6:11:30,0,0.00,0,0.0200,0.0049,0.0000,0.0059,0,REST-S,3,7,6
4186,15805,6:12:00,0,0.00,0,0.0200,0.0049,0.0000,0.0059,0,REST-S,3,7,6
4186,15806,6:12:30,0,0.00,0,0.0200,0.0049,0.0000,0.0059,0,REST-S,3,7,6
4186,15807,6:13:00,0,0.00,0,0.0200,0.0049,0.0000,0.0059,0,REST-S,3,7,6
4186,15808,6:13:30,0,0.00,0,0.0200,0.0049,0.0000,0.0059,1,REST-S,3,7,6
4186,15809,6:14:00,0,20.00,0,0.0200,0.0049,0.0000,0.0059,1,REST-S,3,7,6
4186,15810,6:14:30,0,303.00,0,0.0200,0.0049,0.0000,0.0059,1,REST-S,3,7,6
4186,15811,6:15:00,0,0.00,0,0.0200,0.0049,0.0000,0.0059,1,REST-S,3,7,6
4186,15812,6:15:30,0,0.00,0,0.0200,0.0049,0.0000,0.0059,1,REST-S,3,7,6
4186,15813,6:16:00,0,0.00,0,0.0200,0.0049,0.0000,0.0059,0,REST-S,3,7,6
4186,15814,6:16:30,0,0.00,0,0.0200,0.0049,0.0000,0.0059,0,REST-S,3,7,6
4186,15815,6:17:00,0,0.00,0,0.0200,0.0049,0.0000,0.0059,0,REST-S,3,7,6
4186,15816,6:17:30,0,0.00,0,0.0200,0.0049,0.0000,0.0059,0,REST-S,3,7,6
4186,15817,6:18:00,0,0.00,0,0.0200,0.0049,0.0000,0.0059,0,REST-S,3,7,6
4186,15818,6:18:30,0,0.00,0,0.0200,0.0049,0.0000,0.0059,0,REST-S,3,7,6
4186,15819,6:19:00,0,0.00,0,0.0200,0.0049,0.0000,0.0059,0,REST-S,3,7,6
4186,15820,6:19:30,0,0.00,0,0.0200,0.0049,0.0000,0.0059,0,REST-S,3,7,6
4186,15821,6:20:00,0,0.00,0,0.0200,0.0049,0.0000,0.0059,0,REST-S,3,7,6
4186,15822,6:20:30,0,0.00,0,0.0200,0.0049,0.0000,0.0059,0,REST-S,3,7,6
4186,15823,6:21:00,0,95.00,0,0.0200,0.0049,0.0000,0.0059,1,REST-S,3,7,6
4186,15824,6:21:30,0,0.00,0,0.0200,0.0049,0.0000,0.0059,0,REST-S,3,7,6
4186,15825,6:22:00,0,0.00,0,0.0200,0.0049,0.0000,0.0059,0,REST-S,3,7,6
4186,15826,6:22:30,0,0.00,0,0.0200,0.0049,0.0000,0.0059,0,REST-S,3,7,6
4186,15827,6:23:00,0,1.00,0,0.0200,0.0049,0.0000,0.0059,0,REST-S,3,7,6
4186,15828,6:23:30,0,0.00,0,0.0200,0.0049,0.0000,0.0059,0,REST-S,3,7,6
4186,15829,6:24:00,0,0.00,0,0.0200,0.0049,0.0000,0.0059,0,REST-S,3,7,6
4186,15830,6:24:30,0,0.00,0,0.0200,0.0049,0.0000,0.0059,0,REST-S,3,7,6
4186,15831,6:25:00,0,0.00,0,0.0200,0.0049,0.0000,0.0059,0,REST-S,3,7,6
4186,15832,6:25:30,0,0.00,0,0.0200,0.0049,0.0000,0.0059,0,REST-S,3,7,6
4186,15833,6:26:00,0,0.00,0,0.0200,0.0049,0.0000,0.0059,0,REST-S,3,7,6
4186,15834,6:26:30,0,0.00,0,0.0200,0.0049,0.0000,0.0059,0,REST-S,3,7,6
4186,15835,6:27:00,0,0.00,0,0.0200,0.0049,0.0000,0.0059,0,REST-S,3,7,6
4186,15836,6:27:30,0,0.00,0,0.0200,0.0049,0.0000,0.0059,0,REST-S,3,7,6
4186,15837,6:28:00,0,0.00,0,0.0200,0.0049,0.0000,0.0059,0,REST-S,3,7,6
4186,15838,6:28:30,0,0.00,0,0.0200,0.0049,0.0000,0.0059,0,REST-S,3,7,6
4186,15839,6:29:00,0,0.00,0,0.0200,0.0049,0.0000,0.0059,0,REST-S,3,7,6
4186,15840,6:29:30,0,0.00,0,0.0200,0.0049,0.0000,0.0059,0,REST-S,3,7,6
4186,15841,6:30:00,0,0.00,0,0.0200,0.0049,0.0000,0.0059,0,REST-S,3,7,6
4186,15842,6:30:30,0,1.00,0,0.0200,0.0049,0.0000,0.0059,0,REST-S,3,7,6
4186,15843,6:31:00,0,0.00,0,0.0200,0.0049,0.0000,0.0059,0,REST-S,3,7,6
4186,15844,6:31:30,0,0.00,0,0.0200,0.0049,0.0000,0.0059,0,REST-S,3,7,6
4186,15845,6:32:00,0,0.00,0,0.0200,0.0049,0.0000,0.0059,0,REST-S,3,7,6
4186,15846,6:32:30,0,0.00,0,0.0200,0.0049,0.0000,0.0059,0,REST-S,3,7,6
4186,15847,6:33:00,0,0.00,0,0.0200,0.0049,0.0000,0.0059,0,REST-S,3,7,6
4186,15848,6:33:30,0,0.00,0,0.0200,0.0049,0.0000,0.0059,0,REST-S,3,7,6
4186,15849,6:34:00,0,0.00,0,0.0200,0.0049,0.0000,0.0059,0,REST-S,3,7,6
4186,15850,6:34:30,0,28.00,0,0.0200,0.0049,0.0000,0.0059,1,REST-S,3,7,6
4186,15851,6:35:00,0,0.00,0,0.0300,0.0099,0.0000,0.0059,0,REST-S,3,7,6
4186,15852,6:35:30,0,0.00,0,0.0300,0.0099,0.0000,0.0059,0,REST-S,3,7,6
4186,15853,6:36:00,0,0.00,0,0.0300,0.0099,0.0000,0.0059,0,REST-S,3,7,6
4186,15854,6:36:30,0,102.00,0,0.0300,0.0099,0.0000,0.0059,1,REST-S,3,7,6
4186,15855,6:37:00,0,25.00,0,0.2100,0.0215,0.0173,0.0059,1,REST-S,3,7,6
4186,15856,6:37:30,0,0.00,0,0.2200,0.0298,0.0173,0.0059,0,REST-S,3,7,6
4186,15857,6:38:00,0,0.00,0,0.2200,0.0298,0.0173,0.0059,0,REST-S,3,7,6
4186,15858,6:38:30,0,0.00,0,0.1000,0.0298,0.0012,0.0215,0,REST-S,3,7,6
4186,15859,6:39:00,0,0.00,0,0.1000,0.0298,0.0012,0.0215,0,REST-S,3,7,6
4186,15860,6:39:30,0,0.00,0,0.1100,0.0339,0.0012,0.0215,0,REST-S,3,7,6
4186,15861,6:40:00,0,0.00,0,0.5500,0.0339,0.0523,0.0173,0,REST-S,3,7,6
4186,15862,6:40:30,0,0.00,0,0.5500,0.0339,0.0523,0.0173,0,REST-S,3,7,6
4186,15863,6:41:00,0,0.00,0,0.5700,0.0431,0.0523,0.0173,0,REST-S,3,7,6
4186,15864,6:41:30,0,0.00,0,0.5700,0.0431,0.0523,0.0173,0,REST-S,3,7,6
4186,15865,6:42:00,0,0.00,0,0.5700,0.0431,0.0523,0.0173,0,REST-S,3,7,6
4186,15866,6:42:30,0,0.00,0,0.5700,0.0431,0.0523,0.0173,0,REST-S,3,7,6
4186,15867,6:43:00,0,0.00,0,0.5800,0.0470,0.0523,0.0173,0,REST-S,3,7,6
4186,15868,6:43:30,0,0.00,0,0.6000,0.0559,0.0523,0.0173,0,REST-S,3,7,6
4186,15869,6:44:00,0,0.00,0,0.6000,0.0559,0.0523,0.0173,0,REST-S,3,7,6
4186,15870,6:44:30,0,0.00,0,0.6000,0.0559,0.0523,0.0173,0,REST-S,3,7,6
4186,15871,6:45:00,0,0.00,0,0.6800,0.0596,0.0622,0.0070,0,REST-S,3,7,6
4186,15872,6:45:30,0,0.00,0,0.6800,0.0596,0.0622,0.0070,0,REST-S,3,7,6
4186,15873,6:46:00,0,0.00,0,0.9500,0.0679,0.0880,0.0292,0,REST-S,3,7,6
4186,15874,6:46:30,0,0.00,0,0.9600,0.0724,0.0880,0.0292,0,REST-S,3,7,6
4186,15875,6:47:00,0,0.00,0,0.9400,0.0724,0.0880,0.0115,0,REST-S,3,7,6
4186,15876,6:47:30,0,0.00,0,0.9800,0.0807,0.0880,0.0292,0,REST-S,3,7,6
4186,15877,6:48:00,0,0.00,0,0.9700,0.0861,0.0880,0.0115,0,REST-S,3,7,6
4186,15878,6:48:30,0,0.00,0,0.9900,0.0939,0.0880,0.0115,0,REST-S,3,7,6
4186,15879,6:49:00,0,0.00,0,0.9900,0.0939,0.0880,0.0115,0,REST-S,3,7,6
4186,15880,6:49:30,0,0.00,0,1.3300,0.0981,0.1220,0.0412,0,REST-S,3,7,6
4186,15881,6:50:00,0,0.00,0,1.3500,0.1070,0.1220,0.0412,0,REST-S,3,7,6
4186,15882,6:50:30,0,0.00,0,1.3500,0.1070,0.1220,0.0412,0,REST-S,3,7,6
4186,15883,6:51:00,0,0.00,0,1.1400,0.1120,0.1000,0.0162,0,REST-S,3,7,6
4186,15884,6:51:30,0,0.00,0,1.1600,0.1190,0.1000,0.0162,0,REST-S,3,7,6
4186,15885,6:52:00,0,0.00,0,1.1600,0.1190,0.1000,0.0162,0,REST-S,3,7,6
4186,15886,6:52:30,0,0.00,0,1.1600,0.1220,0.1000,0.0162,0,REST-S,3,7,6
4186,15887,6:53:00,0,0.00,0,1.5700,0.1330,0.1390,0.0523,0,REST-S,3,7,6
4186,15888,6:53:30,0,0.00,0,1.5700,0.1360,0.1390,0.0523,0,REST-S,3,7,6
4186,15889,6:54:00,0,0.00,0,1.9200,0.1450,0.1760,0.0523,0,REST-S,3,7,6
4186,15890,6:54:30,0,0.00,0,1.9200,0.1450,0.1760,0.0523,0,REST-S,3,7,6
4186,15891,6:55:00,0,0.00,0,1.9300,0.1510,0.1760,0.0523,0,REST-S,3,7,6
4186,15892,6:55:30,0,0.00,0,1.7000,0.1580,0.1510,0.0206,0,REST-S,3,7,6
4186,15893,6:56:00,0,0.00,0,1.9700,0.1610,0.1760,0.0650,0,REST-S,3,7,6
4186,15894,6:56:30,0,0.00,0,2.2900,0.1720,0.2090,0.0650,0,REST-S,3,7,6
4186,15895,6:57:00,0,0.00,0,2.2900,0.1720,0.2090,0.0650,0,REST-S,3,7,6
4186,15896,6:57:30,0,0.00,0,2.2900,0.1760,0.2090,0.0650,0,REST-S,3,7,6
4186,15897,6:58:00,0,0.00,0,1.9800,0.1840,0.1760,0.0256,0,REST-S,3,7,6
4186,15898,6:58:30,0,0.00,0,1.9900,0.1880,0.1760,0.0256,0,REST-S,3,7,6
4186,15899,6:59:00,0,106.00,0,2.9900,0.2090,0.2770,0.0880,1,REST-S,3,7,6
4186,15900,6:59:30,0,0.00,0,3.2600,0.2280,0.3030,0.0981,0,REST-S,3,7,6
4186,15901,7:00:00,0,0.00,0,3.2700,0.2330,0.3030,0.0981,0,REST-S,3,7,6
4186,15902,7:00:30,0,0.00,0,3.5900,0.2380,0.3370,0.0981,0,REST-S,3,7,6
4186,15903,7:01:00,0,0.00,0,3.5900,0.2380,0.3370,0.0981,0,REST-S,3,7,6
4186,15904,7:01:30,0,0.00,0,3.6000,0.2440,0.3370,0.0981,0,REST-S,3,7,6
4186,15905,7:02:00,0,1.00,0,3.6300,0.2600,0.3370,0.0981,0,REST-S,3,7,6
4186,15906,7:02:30,0,0.00,0,3.6600,0.2720,0.3370,0.0981,0,REST-S,3,7,6
4186,15907,7:03:00,0,0.00,0,2.9200,0.2720,0.2600,0.0395,0,REST-S,3,7,6
4186,15908,7:03:30,0,0.00,0,2.9600,0.2900,0.2600,0.0395,0,REST-S,3,7,6
4186,15909,7:04:00,0,0.00,0,3.9800,0.2900,0.3680,0.1120,0,REST-S,3,7,6
4186,15910,7:04:30,0,0.00,0,3.2500,0.3030,0.2900,0.0440,0,REST-S,3,7,6
4186,15911,7:05:00,0,0.00,0,4.3400,0.3160,0.4010,0.1220,0,REST-S,3,7,6
4186,15912,7:05:30,0,0.00,0,4.3600,0.3230,0.4010,0.1220,0,REST-S,3,7,6
4186,15913,7:06:00,0,0.00,0,4.3900,0.3370,0.4010,0.1220,0,REST-S,3,7,6
4186,15914,7:06:30,0,0.00,0,4.7400,0.3520,0.4370,0.1220,0,REST-S,3,7,6
4186,15915,7:07:00,0,0.00,0,4.7900,0.3680,0.4370,0.1330,0,REST-S,3,7,6
4186,15916,7:07:30,0,0.00,0,5.0100,0.3920,0.4570,0.1330,0,REST-S,3,7,6
4186,15917,7:08:00,0,0.00,0,5.3500,0.4190,0.4870,0.1450,0,REST-S,3,7,6
4186,15918,7:08:30,0,0.00,0,5.4600,0.4670,0.4870,0.1450,0,REST-S,3,7,6
4186,15919,7:09:00,0,0.00,0,5.9300,0.4980,0.5310,0.1580,0,REST-S,3,7,6
4186,15920,7:09:30,0,0.00,0,6.1800,0.5200,0.5550,0.1580,0,REST-S,3,7,6
4186,15921,7:10:00,0,0.00,0,6.1100,0.4870,0.5550,0.1580,0,REST-S,3,7,6
4186,15922,7:10:30,0,0.00,0,6.0600,0.4670,0.5550,0.1580,0,REST-S,3,7,6
4186,15923,7:11:00,0,0.00,0,6.0000,0.4370,0.5550,0.1580,0,REST-S,3,7,6
4186,15924,7:11:30,0,0.00,0,5.9800,0.4280,0.5550,0.1580,0,REST-S,3,7,6
4186,15925,7:12:00,0,198.00,0,6.4400,0.4280,0.6050,0.1800,1,REST-S,3,7,6
4186,15926,7:12:30,0,0.00,0,8.6200,0.6050,0.8020,0.2380,1,REST-S,3,7,6
4186,15927,7:13:00,0,1.00,0,8.9600,0.6180,0.8370,0.2380,1,REST-S,3,7,6
4186,15928,7:13:30,0,7.00,0,6.6600,0.4670,0.6180,0.1920,0,REST-S,3,7,6
4186,15929,7:14:00,0,0.00,0,7.3100,0.4770,0.6890,0.2050,0,REST-S,3,7,6
4186,15930,7:14:30,0,0.00,0,7.2900,0.4670,0.6890,0.2050,0,REST-S,3,7,6
4186,15931,7:15:00,0,0.00,0,7.2900,0.4670,0.6890,0.2050,0,REST-S,3,7,6
4186,15932,7:15:30,0,0.00,0,7.3000,0.4670,0.6890,0.2140,0,REST-S,3,7,6
4186,15933,7:16:00,0,0.00,0,7.3000,0.4670,0.6890,0.2140,0,REST-S,3,7,6
4186,15934,7:16:30,0,0.00,0,7.5700,0.4670,0.7200,0.2140,0,REST-S,3,7,6
4186,15935,7:17:00,0,0.00,0,7.5700,0.4670,0.7200,0.2140,0,REST-S,3,7,6
4186,15936,7:17:30,0,0.00,0,7.6100,0.4770,0.7200,0.2280,0,REST-S,3,7,6
4186,15937,7:18:00,0,0.00,0,7.6100,0.4770,0.7200,0.2280,0,REST-S,3,7,6
4186,15938,7:18:30,0,92.00,0,5.6300,0.3600,0.5310,0.1690,1,REST-S,3,7,6
4186,15939,7:19:00,0,0.00,0,1.2000,0.1360,0.1000,0.0162,0,REST-S,3,7,6
4186,15940,7:19:30,0,0.00,0,1.1900,0.1330,0.1000,0.0162,0,REST-S,3,7,6
4186,15941,7:20:00,0,0.00,0,1.1900,0.1330,0.1000,0.0162,0,REST-S,3,7,6
4186,15942,7:20:30,0,0.00,0,1.1900,0.1330,0.1000,0.0162,0,REST-S,3,7,6
4186,15943,7:21:00,0,0.00,0,1.1600,0.1220,0.1000,0.0162,0,REST-S,3,7,6
4186,15944,7:21:30,0,0.00,0,1.1600,0.1220,0.1000,0.0162,0,REST-S,3,7,6
4186,15945,7:22:00,0,0.00,0,1.1600,0.1220,0.1000,0.0162,0,REST-S,3,7,6
4186,15946,7:22:30,0,0.00,0,1.1600,0.1220,0.1000,0.0162,0,REST-S,3,7,6
4186,15947,7:23:00,0,0.00,0,1.1600,0.1220,0.1000,0.0162,0,REST-S,3,7,6
4186,15948,7:23:30,0,0.00,0,1.1600,0.1220,0.1000,0.0162,0,REST-S,3,7,6
4186,15949,7:24:00,0,0.00,0,1.1600,0.1220,0.1000,0.0162,0,REST-S,3,7,6
4186,15950,7:24:30,0,0.00,0,1.1600,0.1220,0.1000,0.0162,1,REST-S,3,7,6
4186,15951,7:25:00,0,127.00,0,4.2700,0.2770,0.4010,0.1330,1,REST-S,3,7,6
4186,15952,7:25:30,0,89.00,0,4.9500,0.3520,0.4570,0.1580,1,REST-S,3,7,6
4186,15953,7:26:00,0,0.00,0,6.6300,0.4570,0.6180,0.1920,1,REST-S,3,7,6
4186,15954,7:26:30,0,36.00,0,3.6700,0.2770,0.3370,0.0981,1,REST-S,3,7,6
4186,15955,7:27:00,0,2.00,0,2.7100,0.2660,0.2380,0.0347,0,REST-S,3,7,6
4186,15956,7:27:30,0,0.00,0,2.7400,0.2770,0.2380,0.0347,0,REST-S,3,7,6
4186,15957,7:28:00,0,0.00,0,3.7300,0.3030,0.3370,0.0981,0,REST-S,3,7,6
4186,15958,7:28:30,0,0.00,0,3.0200,0.3160,0.2600,0.0395,0,REST-S,3,7,6
4186,15959,7:29:00,0,0.00,0,3.0500,0.3300,0.2600,0.0395,0,REST-S,3,7,6
4186,15960,7:29:30,0,0.00,0,3.0800,0.3450,0.2600,0.0395,0,REST-S,3,7,6
4186,15961,7:30:00,0,0.00,0,3.3600,0.3520,0.2900,0.0440,0,REST-S,3,7,6
4186,15962,7:30:30,0,1.00,0,3.3500,0.3450,0.2900,0.0440,0,REST-S,3,7,6
4186,15963,7:31:00,0,0.00,0,3.0200,0.3160,0.2600,0.0395,0,REST-S,3,7,6
4186,15964,7:31:30,0,2.00,0,2.7300,0.2720,0.2380,0.0347,0,REST-S,3,7,6
4186,15965,7:32:00,0,0.00,0,3.2700,0.2380,0.3030,0.0880,0,REST-S,3,7,6
4186,15966,7:32:30,0,0.00,0,3.0400,0.2330,0.2770,0.0880,0,REST-S,3,7,6
4186,15967,7:33:00,0,52.00,0,3.2800,0.2440,0.3030,0.0880,1,REST-S,3,7,6
4186,15968,7:33:30,0,0.00,0,4.3400,0.3160,0.4010,0.1220,0,REST-S,3,7,6
4186,15969,7:34:00,0,0.00,0,4.9100,0.3450,0.4570,0.1330,0,REST-S,3,7,6
4186,15970,7:34:30,0,0.00,0,4.8700,0.3300,0.4570,0.1330,0,REST-S,3,7,6
4186,15971,7:35:00,0,0.00,0,4.6900,0.3230,0.4370,0.1330,0,REST-S,3,7,6
4186,15972,7:35:30,0,0.00,0,4.6900,0.3230,0.4370,0.1330,0,REST-S,3,7,6
4186,15973,7:36:00,0,0.00,0,4.9200,0.3520,0.4570,0.1330,0,REST-S,3,7,6
4186,15974,7:36:30,0,0.00,0,5.2900,0.3920,0.4870,0.1450,0,REST-S,3,7,6
4186,15975,7:37:00,0,0.00,0,5.7900,0.4370,0.5310,0.1580,0,REST-S,3,7,6
4186,15976,7:37:30,0,0.00,0,6.0800,0.4670,0.5550,0.1690,0,REST-S,3,7,6
4186,15977,7:38:00,0,0.00,0,6.5600,0.4870,0.6050,0.1690,0,REST-S,3,7,6
4186,15978,7:38:30,0,0.00,0,6.7900,0.5310,0.6180,0.1800,0,REST-S,3,7,6
4186,15979,7:39:00,0,0.00,0,7.0800,0.5550,0.6460,0.1800,0,REST-S,3,7,6
4186,15980,7:39:30,0,0.00,0,5.6300,0.5790,0.4870,0.0724,0,REST-S,3,7,6
4186,15981,7:40:00,0,25.00,0,7.0800,0.5550,0.6460,0.1800,1,REST,3,7,6
4186,15982,7:40:30,0,0.00,0,6.1100,0.4870,0.5550,0.1580,1,REST,3,7,6
4186,15983,7:41:00,0,56.00,0,5.5500,0.5090,0.4870,0.1450,1,REST,3,7,6
4186,15984,7:41:30,0,204.00,0,53.8300,2.4700,5.2800,1.9500,1,REST,3,7,6
4186,15985,7:42:00,0,303.00,1,23.7500,1.4100,2.2700,0.7040,1,ACTIVE,3,7,6
4186,15986,7:42:30,0,218.00,0,10.2500,0.7040,0.9540,0.3090,1,ACTIVE,3,7,6
4186,15987,7:43:00,0,89.00,0,14.1200,0.6460,1.3800,0.5670,1,ACTIVE,3,7,6
4186,15988,7:43:30,0,0.00,0,14.3900,0.6460,1.4100,0.5790,1,ACTIVE,3,7,6
4186,15989,7:44:00,0,85.00,0,5.6400,0.2490,0.5550,0.2140,1,ACTIVE,3,7,6
4186,15990,7:44:30,0,95.00,0,3.7900,0.1880,0.3680,0.1450,1,ACTIVE,3,7,6
4186,15991,7:45:00,0,56.00,0,2.8800,0.1450,0.2770,0.1220,1,ACTIVE,3,7,6
4186,15992,7:45:30,0,95.00,0,3.8500,0.2000,0.3680,0.1690,1,ACTIVE,3,7,6
4186,15993,7:46:00,0,28.00,0,4.1400,0.1960,0.4010,0.1800,1,ACTIVE,3,7,6
4186,15994,7:46:30,0,27.00,0,7.3700,0.3370,0.7200,0.2960,1,ACTIVE,3,7,6
4186,15995,7:47:00,0,12.00,0,17.0500,0.7510,1.6700,0.6600,1,ACTIVE,3,7,6
4186,15996,7:47:30,0,275.00,0,11.1100,0.4670,1.0900,0.5200,1,ACTIVE,3,7,6
4186,15997,7:48:00,0,26.00,0,5.0200,0.2440,0.4870,0.1920,1,ACTIVE,3,7,6
4186,15998,7:48:30,1,,,,,,,1,EXCLUDED,3,7,6
4186,15999,7:49:00,1,,,,,,,1,EXCLUDED,3,7,6
4186,16000,7:49:30,1,,,,,,,1,EXCLUDED,3,7,6
4186,16001,7:50:00,1,,,,,,,1,EXCLUDED,3,7,6
4186,16002,7:50:30,1,,,,,,,,EXCLUDED,3,7,6
4186,16003,7:51:00,1,,,,,,,,EXCLUDED,3,7,6
4186,16004,7:51:30,1,,,,,,,,EXCLUDED,3,7,6
4186,16005,7:52:00,1,,,,,,,,EXCLUDED,3,7,6
4186,16006,7:52:30,1,,,,,,,,EXCLUDED,3,7,6
4186,16007,7:53:00,1,,,,,,,,EXCLUDED,3,7,6
4186,16008,7:53:30,1,,,,,,,,EXCLUDED,3,7,6
4186,16009,7:54:00,1,,,,,,,,EXCLUDED,3,7,6
4186,16010,7:54:30,1,,,,,,,,EXCLUDED,3,7,6
4186,16011,7:55:00,1,,,,,,,,EXCLUDED,3,7,6
4186,16012,7:55:30,1,,,,,,,,EXCLUDED,3,7,6
4186,16013,7:56:00,1,,,,,,,,EXCLUDED,3,7,6
4186,16014,7:56:30,1,,,,,,,,EXCLUDED,3,7,6
4186,16015,7:57:00,1,,,,,,,,EXCLUDED,3,7,6
4186,16016,7:57:30,1,,,,,,,,EXCLUDED,3,7,6
4186,16017,7:58:00,1,,,,,,,,EXCLUDED,3,7,6
4186,16018,7:58:30,1,,,,,,,,EXCLUDED,3,7,6
4186,16019,7:59:00,1,,,,,,,,EXCLUDED,3,7,6
4186,16020,7:59:30,1,,,,,,,,EXCLUDED,3,7,6
4186,16021,8:00:00,1,,,,,,,,EXCLUDED,3,7,6
4186,16022,8:00:30,1,,,,,,,,EXCLUDED,3,7,6
4186,16023,8:01:00,1,,,,,,,,EXCLUDED,3,7,6
4186,16024,8:01:30,1,,,,,,,,EXCLUDED,3,7,6
4186,16025,8:02:00,1,,,,,,,,EXCLUDED,3,7,6
4186,16026,8:02:30,1,,,,,,,,EXCLUDED,3,7,6
4186,16027,8:03:00,1,,,,,,,,EXCLUDED,3,7,6
4186,16028,8:03:30,1,,,,,,,,EXCLUDED,3,7,6
4186,16029,8:04:00,1,,,,,,,,EXCLUDED,3,7,6
4186,16030,8:04:30,1,,,,,,,,EXCLUDED,3,7,6
4186,16031,8:05:00,1,,,,,,,,EXCLUDED,3,7,6
4186,16032,8:05:30,1,,,,,,,,EXCLUDED,3,7,6
4186,16033,8:06:00,1,,,,,,,,EXCLUDED,3,7,6
4186,16034,8:06:30,1,,,,,,,,EXCLUDED,3,7,6
4186,16035,8:07:00,1,,,,,,,,EXCLUDED,3,7,6
4186,16036,8:07:30,1,,,,,,,,EXCLUDED,3,7,6
4186,16037,8:08:00,1,,,,,,,,EXCLUDED,3,7,6
4186,16038,8:08:30,1,,,,,,,,EXCLUDED,3,7,6
4186,16039,8:09:00,1,,,,,,,,EXCLUDED,3,7,6
4186,16040,8:09:30,1,,,,,,,,EXCLUDED,3,7,6
4186,16041,8:10:00,1,,,,,,,,EXCLUDED,3,7,6
4186,16042,8:10:30,1,,,,,,,1,EXCLUDED,3,7,6
4186,16043,8:11:00,1,,,,,,,1,EXCLUDED,3,7,6
4186,16044,8:11:30,1,,,,,,,1,EXCLUDED,3,7,6
4186,16045,8:12:00,1,,,,,,,1,EXCLUDED,3,7,6
4186,16046,8:12:30,0,226.00,0,59.2700,2.7000,5.8800,1.6400,1,ACTIVE,3,7,6
4186,16047,8:13:00,0,284.00,0,30.0800,1.8300,2.8200,1.2600,1,ACTIVE,3,7,6
4186,16048,8:13:30,0,131.00,0,25.7200,1.6000,2.4200,0.8940,1,ACTIVE,3,7,6
4186,16049,8:14:00,0,335.00,0,36.2600,2.6400,3.3500,0.9960,1,ACTIVE,3,7,6
4186,16050,8:14:30,0,266.00,0,37.4800,2.1300,3.5700,1.3500,1,ACTIVE,3,7,6
4186,16051,8:15:00,0,284.00,0,16.0800,1.0600,1.5000,0.5200,1,ACTIVE,3,7,6
4186,16052,8:15:30,0,218.00,0,26.2500,1.1600,2.5800,0.9750,1,ACTIVE,3,7,6
4186,16053,8:16:00,0,284.00,0,4.6200,0.2770,0.4370,0.1580,1,ACTIVE,3,7,6
4186,16054,8:16:30,0,508.00,0,1.2600,0.0596,0.1220,0.0523,1,ACTIVE,3,7,6
4186,16055,8:17:00,0,198.00,0,0.0300,0.0099,0.0000,0.0059,1,ACTIVE,3,7,6
4186,16056,8:17:30,0,191.00,0,0.0500,0.0197,0.0000,0.0059,1,ACTIVE,3,7,6
4186,16057,8:18:00,0,313.00,0,0.1800,0.0085,0.0173,0.0059,1,ACTIVE,3,7,6
4186,16058,8:18:30,0,102.00,0,0.0200,0.0049,0.0000,0.0059,1,ACTIVE,3,7,6
4186,16059,8:19:00,0,4.00,0,0.0300,0.0099,0.0000,0.0059,1,ACTIVE,3,7,6
4186,16060,8:19:30,0,85.00,0,0.0200,0.0049,0.0000,0.0059,1,ACTIVE,3,7,6
4186,16061,8:20:00,0,140.00,0,0.0100,0.0049,0.0000,0.0000,1,ACTIVE,3,7,6
4186,16062,8:20:30,0,162.00,0,0.0200,0.0049,0.0000,0.0059,1,ACTIVE,3,7,6
4186,16063,8:21:00,0,122.00,0,0.0200,0.0049,0.0000,0.0059,1,ACTIVE,3,7,6
4186,16064,8:21:30,0,131.00,0,0.1800,0.0085,0.0173,0.0059,1,ACTIVE,3,7,6
4186,16065,8:22:00,0,368.00,0,0.0200,0.0049,0.0000,0.0059,1,ACTIVE,3,7,6
4186,16066,8:22:30,0,405.00,0,0.0300,0.0099,0.0000,0.0059,1,ACTIVE,3,7,6
4186,16067,8:23:00,0,249.00,0,0.0200,0.0049,0.0000,0.0059,1,ACTIVE,3,7,6
4186,16068,8:23:30,0,357.00,0,0.0100,0.0049,0.0000,0.0000,1,ACTIVE,3,7,6
4186,16069,8:24:00,0,173.00,0,0.0100,0.0049,0.0000,0.0000,1,ACTIVE,3,7,6
4186,16070,8:24:30,0,82.00,0,0.0200,0.0049,0.0000,0.0059,1,ACTIVE,3,7,6
4186,16071,8:25:00,0,249.00,0,0.6500,0.0470,0.0622,0.0023,1,ACTIVE,3,7,6
4186,16072,8:25:30,0,65.00,0,0.0100,0.0049,0.0000,0.0000,1,ACTIVE,3,7,6
4186,16073,8:26:00,0,150.00,0,0.0200,0.0049,0.0000,0.0059,1,ACTIVE,3,7,6
4186,16074,8:26:30,0,82.00,0,0.0200,0.0049,0.0000,0.0059,1,ACTIVE,3,7,6
4186,16075,8:27:00,0,184.00,0,0.0200,0.0049,0.0000,0.0059,1,ACTIVE,3,7,6
4186,16076,8:27:30,0,204.00,0,0.0200,0.0049,0.0000,0.0059,1,ACTIVE,3,7,6
4186,16077,8:28:00,0,226.00,0,0.0100,0.0049,0.0000,0.0000,1,ACTIVE,3,7,6
4186,16078,8:28:30,0,218.00,0,0.0200,0.0049,0.0000,0.0059,1,ACTIVE,3,7,6
4186,16079,8:29:00,0,179.00,0,0.0200,0.0049,0.0000,0.0059,1,ACTIVE,3,7,6
4186,16080,8:29:30,0,218.00,0,0.2100,0.0215,0.0173,0.0059,1,ACTIVE,3,7,6
4186,16081,8:30:00,0,284.00,0,1764.610,39.6000,180.0000,90.1000,1,ACTIVE,3,7,6
4186,16082,8:30:30,0,249.00,0,4.6900,0.2490,0.4570,0.1330,1,ACTIVE,3,7,6
4186,16083,8:31:00,0,275.00,0,2.2300,0.1360,0.2090,0.0880,1,ACTIVE,3,7,6
4186,16084,8:31:30,0,204.00,0,1.4200,0.0559,0.1390,0.0756,1,ACTIVE,3,7,6
4186,16085,8:32:00,0,156.00,0,0.1800,0.0085,0.0173,0.0059,1,ACTIVE,3,7,6
4186,16086,8:32:30,0,118.00,0,0.5400,0.0298,0.0523,0.0173,1,ACTIVE,3,7,6
4186,16087,8:33:00,0,79.00,0,1.7600,0.0559,0.1760,0.0880,1,ACTIVE,3,7,6
4186,16088,8:33:30,0,63.00,0,0.9200,0.0431,0.0880,0.0523,1,ACTIVE,3,7,6
4186,16089,8:34:00,0,43.00,0,0.9400,0.0559,0.0880,0.0412,1,ACTIVE,3,7,6
4186,16090,8:34:30,0,106.00,0,0.2000,0.0298,0.0059,0.0790,1,ACTIVE,3,7,6
4186,16091,8:35:00,0,65.00,0,1.2400,0.0431,0.1220,0.0756,1,ACTIVE,3,7,6
4186,16092,8:35:30,0,38.00,0,1.2000,0.0298,0.1220,0.0650,1,ACTIVE,3,7,6
4186,16093,8:36:00,0,24.00,0,0.5700,0.0339,0.0523,0.0292,1,ACTIVE,3,7,6
4186,16094,8:36:30,0,63.00,0,1.7900,0.0807,0.1760,0.0650,1,ACTIVE,3,7,6
4186,16095,8:37:00,0,47.00,0,1.4000,0.0559,0.1390,0.0523,1,ACTIVE,3,7,6
4186,16096,8:37:30,0,33.00,0,0.0700,0.0170,0.0012,0.0215,1,ACTIVE,3,7,6
4186,16097,8:38:00,0,27.00,0,0.9200,0.0470,0.0880,0.0412,1,ACTIVE,3,7,6
4186,16098,8:38:30,0,95.00,0,2.4600,0.0981,0.2440,0.0981,1,ACTIVE,3,7,6
4186,16099,8:39:00,0,31.00,0,1.0900,0.0861,0.1000,0.0162,1,ACTIVE,3,7,6
4186,16100,8:39:30,0,30.00,0,1.2800,0.1760,0.1000,0.0115,1,ACTIVE,3,7,6
4186,16101,8:40:00,0,58.00,0,3.1100,0.2440,0.2900,0.0347,1,ACTIVE,3,7,6
4186,16102,8:40:30,0,47.00,0,0.1500,0.0298,0.0035,0.0501,1,ACTIVE,3,7,6
4186,16103,8:41:00,0,45.00,0,0.2800,0.0431,0.0081,0.1070,1,ACTIVE,3,7,6
4186,16104,8:41:30,0,70.00,0,1.4400,0.0679,0.1390,0.0650,1,ACTIVE,3,7,6
4186,16105,8:42:00,0,20.00,0,0.5900,0.0470,0.0523,0.0292,1,ACTIVE,3,7,6
4186,16106,8:42:30,0,54.00,0,0.6400,0.0679,0.0523,0.0292,1,ACTIVE,3,7,6
4186,16107,8:43:00,0,52.00,0,0.5900,0.0431,0.0523,0.0292,1,ACTIVE,3,7,6
4186,16108,8:43:30,0,45.00,0,1.2400,0.0596,0.1220,0.0412,1,ACTIVE,3,7,6
4186,16109,8:44:00,0,184.00,0,1.2300,0.0470,0.1220,0.0523,1,ACTIVE,3,7,6
4186,16110,8:44:30,0,109.00,0,0.0700,0.0170,0.0012,0.0215,1,ACTIVE,3,7,6
4186,16111,8:45:00,0,167.00,0,0.8800,0.0215,0.0880,0.0523,1,ACTIVE,3,7,6
4186,16112,8:45:30,0,49.00,0,0.0200,0.0049,0.0000,0.0059,1,ACTIVE,3,7,6
4186,16113,8:46:00,0,29.00,0,0.0200,0.0049,0.0000,0.0059,1,ACTIVE,3,7,6
4186,16114,8:46:30,0,52.00,0,0.0200,0.0049,0.0000,0.0059,1,ACTIVE,3,7,6
4186,16115,8:47:00,0,25.00,0,0.1700,0.0042,0.0173,0.0059,1,ACTIVE,3,7,6
4186,16116,8:47:30,0,7.00,0,0.0200,0.0049,0.0000,0.0059,1,ACTIVE,3,7,6
4186,16117,8:48:00,0,28.00,0,0.0200,0.0049,0.0000,0.0059,1,ACTIVE,3,7,6
4186,16118,8:48:30,0,63.00,0,0.0300,0.0099,0.0000,0.0059,1,ACTIVE,3,7,6
4186,16119,8:49:00,0,109.00,0,0.2100,0.0215,0.0173,0.0059,1,ACTIVE,3,7,6
4186,16120,8:49:30,0,432.00,0,0.9500,0.0559,0.0880,0.0523,1,ACTIVE,3,7,6
4186,16121,8:50:00,0,508.00,0,1.2700,0.0559,0.1220,0.0756,1,ACTIVE,3,7,6
4186,16122,8:50:30,0,335.00,0,3.5500,0.2090,0.3370,0.1220,1,ACTIVE,3,7,6
4186,16123,8:51:00,0,303.00,0,3.6300,0.1220,0.3680,0.1330,1,ACTIVE,3,7,6
4186,16124,8:51:30,0,226.00,0,4.3700,0.4370,0.3680,0.1690,1,ACTIVE,3,7,6
4186,16125,8:52:00,0,211.00,0,5.8700,1.1300,0.3680,0.1330,1,ACTIVE,3,7,6
4186,16126,8:52:30,0,284.00,0,2.9500,0.3230,0.2440,0.0981,1,ACTIVE,3,7,6
4186,16127,8:53:00,0,284.00,0,1.3600,0.2090,0.1000,0.0162,1,ACTIVE,3,7,6
4186,16128,8:53:30,0,179.00,0,0.0300,0.0099,0.0000,0.0059,1,ACTIVE,3,7,6
4186,16129,8:54:00,0,266.00,0,0.0200,0.0099,0.0000,0.0000,1,ACTIVE,3,7,6
4186,16130,8:54:30,0,204.00,0,0.0200,0.0049,0.0000,0.0059,1,ACTIVE,3,7,6
4186,16131,8:55:00,0,173.00,0,0.1800,0.0085,0.0173,0.0059,1,ACTIVE,3,7,6
4186,16132,8:55:30,0,63.00,0,0.1700,0.0042,0.0173,0.0059,1,ACTIVE,3,7,6
4186,16133,8:56:00,0,67.00,0,0.0200,0.0049,0.0000,0.0059,1,ACTIVE,3,7,6
4186,16134,8:56:30,0,226.00,0,0.0100,0.0049,0.0000,0.0000,1,ACTIVE,3,7,6
4186,16135,8:57:00,0,150.00,0,0.0200,0.0049,0.0000,0.0059,1,ACTIVE,3,7,6
4186,16136,8:57:30,0,323.00,0,0.0200,0.0049,0.0000,0.0059,1,ACTIVE,3,7,6
4186,16137,8:58:00,0,131.00,0,2.5200,0.1360,0.2440,0.0756,1,ACTIVE,3,7,6
4186,16138,8:58:30,0,85.00,0,0.0200,0.0049,0.0000,0.0059,1,ACTIVE,3,7,6
4186,16139,8:59:00,0,54.00,0,0.0200,0.0049,0.0000,0.0059,1,ACTIVE,3,7,6
4186,16140,8:59:30,0,10.00,0,0.0200,0.0049,0.0000,0.0059,1,ACTIVE,3,7,6
4186,16141,9:00:00,0,63.00,0,0.0200,0.0049,0.0000,0.0059,1,ACTIVE,3,7,6
4186,16142,9:00:30,0,323.00,0,0.5500,0.0339,0.0523,0.0173,1,ACTIVE,3,7,6
4186,16143,9:01:00,0,204.00,0,0.0200,0.0049,0.0000,0.0059,1,ACTIVE,3,7,6
4186,16144,9:01:30,0,303.00,0,0.0200,0.0049,0.0000,0.0059,1,ACTIVE,3,7,6
4186,16145,9:02:00,0,335.00,0,0.0200,0.0049,0.0000,0.0059,1,ACTIVE,3,7,6
4186,16146,9:02:30,0,381.00,0,0.0200,0.0049,0.0000,0.0059,1,ACTIVE,3,7,6
4186,16147,9:03:00,0,461.00,0,0.0100,0.0049,0.0000,0.0000,1,ACTIVE,3,7,6
4186,16148,9:03:30,0,191.00,0,0.0200,0.0049,0.0000,0.0059,1,ACTIVE,3,7,6
4186,16149,9:04:00,0,52.00,0,0.0300,0.0099,0.0000,0.0059,1,ACTIVE,3,7,6
4186,16150,9:04:30,0,82.00,0,0.0200,0.0049,0.0000,0.0059,1,ACTIVE,3,7,6
4186,16151,9:05:00,0,204.00,0,0.0200,0.0049,0.0000,0.0059,1,ACTIVE,3,7,6
4186,16152,9:05:30,0,241.00,0,0.4300,0.0431,0.0378,0.0023,1,ACTIVE,3,7,6
4186,16153,9:06:00,0,122.00,0,0.3800,0.0215,0.0378,0.0023,1,ACTIVE,3,7,6
4186,16154,9:06:30,0,85.00,0,0.2000,0.0170,0.0173,0.0059,1,ACTIVE,3,7,6
4186,16155,9:07:00,0,1.00,0,0.0300,0.0099,0.0000,0.0059,1,ACTIVE,3,7,6
4186,16156,9:07:30,0,3.00,0,0.0300,0.0099,0.0000,0.0059,1,ACTIVE,3,7,6
4186,16157,9:08:00,0,18.00,0,0.1800,0.0085,0.0173,0.0059,1,ACTIVE,3,7,6
4186,16158,9:08:30,0,4.00,0,0.0700,0.0170,0.0012,0.0215,0,ACTIVE,3,7,6
4186,16159,9:09:00,0,19.00,0,0.0700,0.0170,0.0012,0.0215,1,ACTIVE,3,7,6
4186,16160,9:09:30,0,1.00,0,0.1800,0.0085,0.0173,0.0059,1,ACTIVE,3,7,6
4186,16161,9:10:00,0,2.00,0,0.0700,0.0170,0.0012,0.0215,1,ACTIVE,3,7,6
4186,16162,9:10:30,0,109.00,0,0.5100,0.0170,0.0523,0.0173,1,ACTIVE,3,7,6
4186,16163,9:11:00,0,106.00,0,0.1800,0.0085,0.0173,0.0059,1,ACTIVE,3,7,6
4186,16164,9:11:30,0,173.00,0,0.0200,0.0049,0.0000,0.0059,1,ACTIVE,3,7,6
4186,16165,9:12:00,0,99.00,0,0.1800,0.0085,0.0173,0.0059,1,ACTIVE,3,7,6
4186,16166,9:12:30,0,21.00,0,0.0300,0.0099,0.0000,0.0059,1,ACTIVE,3,7,6
4186,16167,9:13:00,0,25.00,0,0.0500,0.0085,0.0012,0.0215,1,ACTIVE,3,7,6
4186,16168,9:13:30,0,2.00,0,0.0700,0.0170,0.0012,0.0215,0,ACTIVE,3,7,6
4186,16169,9:14:00,0,4.00,0,0.1800,0.0085,0.0173,0.0059,0,ACTIVE,3,7,6
4186,16170,9:14:30,0,7.00,0,0.0500,0.0085,0.0012,0.0215,0,ACTIVE,3,7,6
4186,16171,9:15:00,0,3.00,0,0.0700,0.0170,0.0012,0.0215,0,ACTIVE,3,7,6
4186,16172,9:15:30,0,4.00,0,0.0700,0.0170,0.0012,0.0215,0,ACTIVE,3,7,6
4186,16173,9:16:00,0,29.00,0,0.0700,0.0085,0.0012,0.0354,1,ACTIVE,3,7,6
4186,16174,9:16:30,0,47.00,0,0.3700,0.0170,0.0378,0.0023,1,ACTIVE,3,7,6
4186,16175,9:17:00,0,2.00,0,0.5100,0.0170,0.0523,0.0173,1,ACTIVE,3,7,6
4186,16176,9:17:30,0,56.00,0,0.1800,0.0085,0.0173,0.0059,1,ACTIVE,3,7,6
4186,16177,9:18:00,0,82.00,0,0.1800,0.0085,0.0173,0.0059,1,ACTIVE,3,7,6
4186,16178,9:18:30,0,40.00,0,0.0300,0.0099,0.0000,0.0059,1,ACTIVE,3,7,6
4186,16179,9:19:00,0,54.00,0,2.5100,0.0981,0.2600,0.0115,1,ACTIVE,3,7,6
4186,16180,9:19:30,0,82.00,0,0.1800,0.0085,0.0173,0.0059,1,ACTIVE,3,7,6
4186,16181,9:20:00,0,79.00,0,0.1800,0.0085,0.0173,0.0059,1,ACTIVE,3,7,6
4186,16182,9:20:30,0,6.00,0,0.0200,0.0049,0.0000,0.0059,1,ACTIVE,3,7,6
4186,16183,9:21:00,0,38.00,0,0.1800,0.0085,0.0173,0.0059,1,ACTIVE,3,7,6
4186,16184,9:21:30,0,0.00,0,0.0700,0.0170,0.0012,0.0215,0,ACTIVE,3,7,6
4186,16185,9:22:00,0,1.00,0,0.0700,0.0170,0.0012,0.0215,0,ACTIVE,3,7,6
4186,16186,9:22:30,0,1.00,0,0.0700,0.0170,0.0012,0.0215,0,ACTIVE,3,7,6
4186,16187,9:23:00,0,0.00,0,0.0700,0.0170,0.0012,0.0215,0,ACTIVE,3,7,6
4186,16188,9:23:30,0,7.00,0,0.0800,0.0215,0.0012,0.0215,1,ACTIVE,3,7,6
4186,16189,9:24:00,0,11.00,0,0.0700,0.0170,0.0012,0.0215,1,ACTIVE,3,7,6
4186,16190,9:24:30,0,140.00,0,0.2000,0.0170,0.0173,0.0059,1,ACTIVE,3,7,6
4186,16191,9:25:00,0,67.00,0,0.1800,0.0085,0.0173,0.0059,1,ACTIVE,3,7,6
4186,16192,9:25:30,0,29.00,0,0.0300,0.0099,0.0000,0.0059,1,ACTIVE,3,7,6
4186,16193,9:26:00,0,67.00,0,0.0700,0.0170,0.0012,0.0215,1,ACTIVE,3,7,6
4186,16194,9:26:30,0,4.00,0,0.0800,0.0215,0.0012,0.0215,0,ACTIVE,3,7,6
4186,16195,9:27:00,0,1.00,0,0.0800,0.0215,0.0012,0.0215,0,ACTIVE,3,7,6
4186,16196,9:27:30,0,0.00,0,0.1000,0.0298,0.0012,0.0215,0,ACTIVE,3,7,6
4186,16197,9:28:00,0,2.00,0,0.0800,0.0215,0.0012,0.0215,1,ACTIVE,3,7,6
4186,16198,9:28:30,0,99.00,0,0.0700,0.0170,0.0012,0.0215,1,ACTIVE,3,7,6
4186,16199,9:29:00,0,85.00,0,2.6700,0.0596,0.2770,0.0981,1,ACTIVE,3,7,6
4186,16200,9:29:30,0,18.00,0,11.8200,0.1580,1.2600,0.3680,1,ACTIVE,3,7,6
4186,16201,9:30:00,0,16.00,0,2.0900,0.0724,0.2090,0.0880,1,ACTIVE,3,7,6
4186,16202,9:30:30,0,1.00,0,1.2600,0.0679,0.1220,0.0412,1,ACTIVE,3,7,6
4186,16203,9:31:00,0,162.00,0,10.6300,0.2330,1.1300,0.1650,1,ACTIVE,3,7,6
4186,16204,9:31:30,0,13.00,0,0.3800,0.0215,0.0378,0.0023,1,ACTIVE,3,7,6
4186,16205,9:32:00,0,109.00,0,0.5400,0.0298,0.0523,0.0173,1,ACTIVE,3,7,6
4186,16206,9:32:30,0,79.00,0,0.3800,0.0215,0.0378,0.0023,1,ACTIVE,3,7,6
4186,16207,9:33:00,0,156.00,0,0.1800,0.0085,0.0173,0.0059,1,ACTIVE,3,7,6
4186,16208,9:33:30,0,204.00,0,0.2000,0.0170,0.0173,0.0059,1,ACTIVE,3,7,6
4186,16209,9:34:00,0,85.00,0,0.2200,0.0298,0.0173,0.0059,1,ACTIVE,3,7,6
4186,16210,9:34:30,0,13.00,0,0.1800,0.0085,0.0173,0.0059,1,ACTIVE,3,7,6
4186,16211,9:35:00,0,9.00,0,0.1800,0.0085,0.0173,0.0059,1,ACTIVE,3,7,6
4186,16212,9:35:30,0,0.00,0,0.1800,0.0085,0.0173,0.0059,0,ACTIVE,3,7,6
4186,16213,9:36:00,0,7.00,0,0.0300,0.0099,0.0000,0.0059,0,ACTIVE,3,7,6
4186,16214,9:36:30,0,0.00,0,0.1800,0.0085,0.0173,0.0059,0,ACTIVE,3,7,6
4186,16215,9:37:00,0,11.00,0,0.1800,0.0085,0.0173,0.0059,0,ACTIVE,3,7,6
4186,16216,9:37:30,0,0.00,0,0.0300,0.0099,0.0000,0.0059,0,ACTIVE,3,7,6
4186,16217,9:38:00,0,56.00,0,0.0300,0.0099,0.0000,0.0059,1,ACTIVE,3,7,6
4186,16218,9:38:30,0,27.00,0,0.0300,0.0099,0.0000,0.0059,1,ACTIVE,3,7,6
4186,16219,9:39:00,0,0.00,0,0.2000,0.0170,0.0173,0.0059,0,ACTIVE,3,7,6
4186,16220,9:39:30,0,33.00,0,0.5500,0.0339,0.0523,0.0173,1,ACTIVE,3,7,6
4186,16221,9:40:00,0,65.00,0,0.2100,0.0215,0.0173,0.0059,1,ACTIVE,3,7,6
4186,16222,9:40:30,0,1.00,0,0.0800,0.0215,0.0012,0.0215,0,ACTIVE,3,7,6
4186,16223,9:41:00,0,6.00,0,0.5500,0.0339,0.0523,0.0173,1,ACTIVE,3,7,6
4186,16224,9:41:30,0,40.00,0,0.4000,0.0298,0.0378,0.0023,1,ACTIVE,3,7,6
4186,16225,9:42:00,0,40.00,0,0.2000,0.0170,0.0173,0.0059,1,ACTIVE,3,7,6
4186,16226,9:42:30,0,0.00,0,0.2000,0.0170,0.0173,0.0059,1,ACTIVE,3,7,6
4186,16227,9:43:00,0,89.00,0,0.2000,0.0170,0.0173,0.0059,1,ACTIVE,3,7,6
4186,16228,9:43:30,0,82.00,0,0.1800,0.0085,0.0173,0.0059,1,ACTIVE,3,7,6
4186,16229,9:44:00,0,47.00,0,0.0700,0.0170,0.0012,0.0215,1,ACTIVE,3,7,6
4186,16230,9:44:30,0,0.00,0,0.5500,0.0339,0.0523,0.0173,0,ACTIVE,3,7,6
4186,16231,9:45:00,0,0.00,0,0.5700,0.0431,0.0523,0.0173,0,ACTIVE,3,7,6
4186,16232,9:45:30,0,0.00,0,0.4000,0.0298,0.0378,0.0023,0,ACTIVE,3,7,6
4186,16233,9:46:00,0,0.00,0,0.4000,0.0298,0.0378,0.0023,0,ACTIVE,3,7,6
4186,16234,9:46:30,0,0.00,0,0.4000,0.0298,0.0378,0.0023,0,ACTIVE,3,7,6
4186,16235,9:47:00,0,0.00,0,0.4000,0.0298,0.0378,0.0023,0,ACTIVE,3,7,6
4186,16236,9:47:30,0,0.00,0,0.4000,0.0298,0.0378,0.0023,0,ACTIVE,3,7,6
4186,16237,9:48:00,0,27.00,0,0.5400,0.0298,0.0523,0.0173,1,ACTIVE,3,7,6
4186,16238,9:48:30,0,43.00,0,0.0300,0.0099,0.0000,0.0059,1,ACTIVE,3,7,6
4186,16239,9:49:00,0,136.00,0,0.1800,0.0085,0.0173,0.0059,1,ACTIVE,3,7,6
4186,16240,9:49:30,0,38.00,0,0.0200,0.0049,0.0000,0.0059,1,ACTIVE,3,7,6
4186,16241,9:50:00,0,99.00,0,0.0200,0.0049,0.0000,0.0059,1,ACTIVE,3,7,6
4186,16242,9:50:30,0,131.00,0,0.0300,0.0099,0.0000,0.0059,1,ACTIVE,3,7,6
4186,16243,9:51:00,0,257.00,0,0.0300,0.0099,0.0000,0.0059,1,ACTIVE,3,7,6
4186,16244,9:51:30,0,140.00,0,0.0200,0.0049,0.0000,0.0059,1,ACTIVE,3,7,6
4186,16245,9:52:00,0,113.00,0,0.0200,0.0049,0.0000,0.0059,1,ACTIVE,3,7,6
4186,16246,9:52:30,0,54.00,0,0.0200,0.0049,0.0000,0.0059,1,ACTIVE,3,7,6
4186,16247,9:53:00,0,45.00,0,0.0300,0.0099,0.0000,0.0059,1,ACTIVE,3,7,6
4186,16248,9:53:30,0,102.00,0,0.0300,0.0099,0.0000,0.0059,1,ACTIVE,3,7,6
4186,16249,9:54:00,0,275.00,0,0.0200,0.0049,0.0000,0.0059,1,ACTIVE,3,7,6
4186,16250,9:54:30,0,184.00,0,0.0300,0.0099,0.0000,0.0059,1,ACTIVE,3,7,6
4186,16251,9:55:00,0,118.00,0,1.6700,0.3520,0.1000,0.0162,1,ACTIVE,3,7,6
4186,16252,9:55:30,0,106.00,0,3.1200,0.5550,0.2140,0.0206,1,ACTIVE,3,7,6
4186,16253,9:56:00,0,145.00,0,2.5600,0.3520,0.2000,0.0206,1,ACTIVE,3,7,6
4186,16254,9:56:30,0,303.00,0,0.5700,0.0339,0.0523,0.0292,1,ACTIVE,3,7,6
4186,16255,9:57:00,0,257.00,0,42.6700,3.8100,3.9000,0.0900,1,ACTIVE,3,7,6
4186,16256,9:57:30,0,191.00,0,2.2900,0.1720,0.2090,0.0650,1,ACTIVE,3,7,6
4186,16257,9:58:00,0,67.00,0,2.9500,0.1880,0.2770,0.0981,1,ACTIVE,3,7,6
4186,16258,9:58:30,0,72.00,0,2.9400,0.1760,0.2770,0.1120,1,ACTIVE,3,7,6
4186,16259,9:59:00,0,109.00,0,1.3300,0.0981,0.1220,0.0412,1,ACTIVE,3,7,6
4186,16260,9:59:30,0,156.00,0,1.8800,0.1190,0.1760,0.0650,1,ACTIVE,3,7,6
4186,16261,10:00:00,0,211.00,0,1.1000,0.1360,0.0880,0.0292,1,ACTIVE,3,7,6
4186,16262,10:00:30,0,335.00,0,6.8000,0.5200,0.6180,0.2140,1,ACTIVE,3,7,6
4186,16263,10:01:00,0,191.00,0,0.2000,0.0170,0.0173,0.0059,1,ACTIVE,3,7,6
4186,16264,10:01:30,0,58.00,0,0.5200,0.0215,0.0523,0.0173,1,ACTIVE,3,7,6
4186,16265,10:02:00,0,56.00,0,1.2200,0.0470,0.1220,0.0412,1,ACTIVE,3,7,6
4186,16266,10:02:30,0,45.00,0,0.8700,0.0298,0.0880,0.0292,1,ACTIVE,3,7,6
4186,16267,10:03:00,0,1.00,0,0.5500,0.0339,0.0523,0.0173,1,ACTIVE,3,7,6
4186,16268,10:03:30,0,162.00,0,1.5300,0.1840,0.1220,0.0523,1,ACTIVE,3,7,6
4186,16269,10:04:00,0,323.00,0,27.2700,7.1500,1.2900,0.1420,1,ACTIVE,3,7,6
4186,16270,10:04:30,0,140.00,0,1.2300,0.0470,0.1220,0.0523,1,ACTIVE,3,7,6
4186,16271,10:05:00,0,198.00,0,3.0900,0.1220,0.3030,0.1580,1,ACTIVE,3,7,6
4186,16272,10:05:30,0,249.00,0,1.2700,0.0596,0.1220,0.0650,1,ACTIVE,3,7,6
4186,16273,10:06:00,0,241.00,0,4.5500,0.1720,0.4570,0.1580,1,ACTIVE,3,7,6
4186,16274,10:06:30,0,82.00,0,6.5500,0.4370,0.6050,0.2600,1,ACTIVE,3,7,6
4186,16275,10:07:00,0,45.00,0,14.5900,2.8800,0.1070,6.7000,1,ACTIVE,3,7,6
4186,16276,10:07:30,0,25.00,0,10.5100,1.4100,0.1880,5.2800,1,ACTIVE,3,7,6
4186,16277,10:08:00,0,99.00,0,7.0100,1.3500,0.4370,0.1800,1,ACTIVE,3,7,6
4186,16278,10:08:30,0,58.00,0,0.2000,0.0170,0.0173,0.0059,1,ACTIVE,3,7,6
4186,16279,10:09:00,0,89.00,0,0.5200,0.0861,0.0378,0.0023,1,ACTIVE,3,7,6
4186,16280,10:09:30,0,33.00,0,2.8000,0.2600,0.2440,0.0880,1,ACTIVE,3,7,6
4186,16281,10:10:00,0,95.00,0,4.2700,0.2660,0.4010,0.1580,1,ACTIVE,3,7,6
4186,16282,10:10:30,0,52.00,0,0.2000,0.0170,0.0173,0.0059,1,ACTIVE,3,7,6
4186,16283,10:11:00,0,136.00,0,4.0600,0.3160,0.3680,0.1330,1,ACTIVE,3,7,6
4186,16284,10:11:30,0,167.00,0,2.2100,0.1220,0.2090,0.0981,1,ACTIVE,3,7,6
4186,16285,10:12:00,0,226.00,0,11.5300,1.5000,0.8940,0.3520,1,ACTIVE,3,7,6
4186,16286,10:12:30,0,85.00,0,12.2200,1.1100,1.0600,0.4190,1,ACTIVE,3,7,6
4186,16287,10:13:00,0,131.00,0,4.8500,0.3030,0.4570,0.1690,1,ACTIVE,3,7,6
4186,16288,10:13:30,0,118.00,0,2.7100,0.2660,0.2380,0.0347,1,ACTIVE,3,7,6
4186,16289,10:14:00,0,49.00,0,1.1400,0.1120,0.1000,0.0162,1,ACTIVE,3,7,6
4186,16290,10:14:30,0,150.00,0,4.1300,0.1840,0.4010,0.1920,1,ACTIVE,3,7,6
4186,16291,10:15:00,0,122.00,0,2.4800,0.2440,0.2090,0.0981,1,ACTIVE,3,7,6
4186,16292,10:15:30,0,127.00,0,5.0800,0.4770,0.4370,0.1800,1,ACTIVE,3,7,6
4186,16293,10:16:00,0,184.00,0,7.5900,1.1300,0.5550,0.2050,1,ACTIVE,3,7,6
4186,16294,10:16:30,0,198.00,0,7.8900,0.4280,0.7510,0.3300,1,ACTIVE,3,7,6
4186,16295,10:17:00,0,109.00,0,24.9900,1.7500,2.2700,1.1600,1,ACTIVE,3,7,6
4186,16296,10:17:30,0,136.00,0,2.8400,0.1190,0.2900,0.0395,1,ACTIVE,3,7,6
4186,16297,10:18:00,0,156.00,0,1840.560,94.1000,180.0000,49.1000,1,ACTIVE,3,7,6
4186,16298,10:18:30,0,140.00,0,26.4800,1.5700,2.5300,0.8020,1,ACTIVE,3,7,6
4186,16299,10:19:00,0,173.00,0,855.4600,82.7000,72.6000,34.0000,1,ACTIVE,3,7,6
4186,16300,10:19:30,0,179.00,0,2.9400,0.7350,0.1390,0.0880,1,ACTIVE,3,7,6
4186,16301,10:20:00,0,113.00,0,0.7900,0.1610,0.0189,0.2440,1,ACTIVE,3,7,6
4186,16302,10:20:30,0,179.00,0,0.5600,0.0298,0.0523,0.0292,1,ACTIVE,3,7,6
4186,16303,10:21:00,0,368.00,0,0.0100,0.0049,0.0000,0.0000,1,ACTIVE,3,7,6
4186,16304,10:21:30,0,266.00,0,0.0100,0.0049,0.0000,0.0000,1,ACTIVE,3,7,6
4186,16305,10:22:00,0,218.00,0,2.7300,0.2770,0.2380,0.0298,1,ACTIVE,3,7,6
4186,16306,10:22:30,0,275.00,0,2.3300,0.2440,0.2000,0.0298,1,ACTIVE,3,7,6
4186,16307,10:23:00,0,218.00,0,4.8900,0.3030,0.4570,0.2050,1,ACTIVE,3,7,6
4186,16308,10:23:30,0,284.00,0,2.5900,0.2090,0.2380,0.0347,1,ACTIVE,3,7,6
4186,16309,10:24:00,0,218.00,0,0.9500,0.0596,0.0880,0.0412,1,ACTIVE,3,7,6
4186,16310,10:24:30,0,234.00,0,0.0100,0.0049,0.0000,0.0000,1,ACTIVE,3,7,6
4186,16311,10:25:00,0,82.00,0,0.0100,0.0049,0.0000,0.0000,1,ACTIVE,3,7,6
4186,16312,10:25:30,0,241.00,0,0.0200,0.0049,0.0000,0.0059,1,ACTIVE,3,7,6
4186,16313,10:26:00,0,275.00,0,0.0100,0.0049,0.0000,0.0000,1,ACTIVE,3,7,6
4186,16314,10:26:30,0,184.00,0,0.0200,0.0049,0.0000,0.0059,1,ACTIVE,3,7,6
4186,16315,10:27:00,0,234.00,0,0.0200,0.0049,0.0000,0.0059,1,ACTIVE,3,7,6
4186,16316,10:27:30,0,284.00,0,0.2900,0.0596,0.0173,0.0059,1,ACTIVE,3,7,6
4186,16317,10:28:00,0,257.00,0,0.0200,0.0049,0.0000,0.0059,1,ACTIVE,3,7,6
4186,16318,10:28:30,0,335.00,0,0.0100,0.0049,0.0000,0.0000,1,ACTIVE,3,7,6
4186,16319,10:29:00,0,275.00,0,0.0200,0.0049,0.0000,0.0059,1,ACTIVE,3,7,6
4186,16320,10:29:30,0,218.00,0,0.0100,0.0049,0.0000,0.0000,1,ACTIVE,3,7,6
4186,16321,10:30:00,0,249.00,0,0.0300,0.0099,0.0000,0.0059,1,ACTIVE,3,7,6
4186,16322,10:30:30,0,293.00,0,0.0300,0.0099,0.0000,0.0059,1,ACTIVE,3,7,6
4186,16323,10:31:00,0,323.00,0,0.0200,0.0049,0.0000,0.0059,1,ACTIVE,3,7,6
4186,16324,10:31:30,0,179.00,0,0.0300,0.0099,0.0000,0.0059,1,ACTIVE,3,7,6
4186,16325,10:32:00,0,34.00,0,0.0300,0.0099,0.0000,0.0059,1,ACTIVE,3,7,6
4186,16326,10:32:30,0,7.00,0,0.0300,0.0099,0.0000,0.0059,1,ACTIVE,3,7,6
4186,16327,10:33:00,0,140.00,0,0.0300,0.0099,0.0000,0.0059,1,ACTIVE,3,7,6
4186,16328,10:33:30,0,198.00,0,0.0200,0.0049,0.0000,0.0059,1,ACTIVE,3,7,6
4186,16329,10:34:00,0,184.00,0,0.0200,0.0049,0.0000,0.0059,1,ACTIVE,3,7,6
4186,16330,10:34:30,0,204.00,0,0.0200,0.0049,0.0000,0.0059,1,ACTIVE,3,7,6
4186,16331,10:35:00,0,191.00,0,0.0300,0.0099,0.0000,0.0059,1,ACTIVE,3,7,6
4186,16332,10:35:30,0,109.00,0,0.0200,0.0049,0.0000,0.0059,1,ACTIVE,3,7,6
4186,16333,10:36:00,0,211.00,0,0.0200,0.0099,0.0000,0.0000,1,ACTIVE,3,7,6
4186,16334,10:36:30,0,234.00,0,0.0100,0.0049,0.0000,0.0000,1,ACTIVE,3,7,6
4186,16335,10:37:00,0,191.00,0,0.0200,0.0049,0.0000,0.0059,1,ACTIVE,3,7,6
4186,16336,10:37:30,0,33.00,0,0.0200,0.0049,0.0000,0.0059,1,ACTIVE,3,7,6
4186,16337,10:38:00,0,2.00,0,0.0200,0.0049,0.0000,0.0059,1,ACTIVE,3,7,6
4186,16338,10:38:30,0,0.00,0,0.0300,0.0099,0.0000,0.0059,0,ACTIVE,3,7,6
4186,16339,10:39:00,0,0.00,0,0.0300,0.0099,0.0000,0.0059,0,ACTIVE,3,7,6
4186,16340,10:39:30,0,1.00,0,0.0300,0.0099,0.0000,0.0059,0,ACTIVE,3,7,6
4186,16341,10:40:00,0,0.00,0,0.0300,0.0099,0.0000,0.0059,1,ACTIVE,3,7,6
4186,16342,10:40:30,0,17.00,0,0.0300,0.0099,0.0000,0.0059,1,ACTIVE,3,7,6
4186,16343,10:41:00,0,131.00,0,0.0200,0.0049,0.0000,0.0059,1,ACTIVE,3,7,6
4186,16344,10:41:30,0,156.00,0,0.0100,0.0049,0.0000,0.0000,1,ACTIVE,3,7,6
4186,16345,10:42:00,0,145.00,0,0.0200,0.0049,0.0000,0.0059,1,ACTIVE,3,7,6
4186,16346,10:42:30,0,241.00,0,0.5200,0.0215,0.0523,0.0173,1,ACTIVE,3,7,6
4186,16347,10:43:00,0,266.00,0,0.0200,0.0049,0.0000,0.0059,1,ACTIVE,3,7,6
4186,16348,10:43:30,0,36.00,0,0.2100,0.0215,0.0173,0.0059,1,ACTIVE,3,7,6
4186,16349,10:44:00,0,140.00,0,0.0800,0.0215,0.0012,0.0215,1,ACTIVE,3,7,6
4186,16350,10:44:30,0,218.00,0,0.0200,0.0049,0.0000,0.0059,1,ACTIVE,3,7,6
4186,16351,10:45:00,0,234.00,0,0.0200,0.0049,0.0000,0.0059,1,ACTIVE,3,7,6
4186,16352,10:45:30,0,162.00,0,0.0300,0.0099,0.0000,0.0059,1,ACTIVE,3,7,6
4186,16353,10:46:00,0,249.00,0,0.0200,0.0099,0.0000,0.0000,1,ACTIVE,3,7,6
4186,16354,10:46:30,0,54.00,0,0.0200,0.0049,0.0000,0.0059,1,ACTIVE,3,7,6
4186,16355,10:47:00,0,56.00,0,0.0100,0.0049,0.0000,0.0000,1,ACTIVE,3,7,6
4186,16356,10:47:30,0,43.00,0,0.0200,0.0049,0.0000,0.0059,1,ACTIVE,3,7,6
4186,16357,10:48:00,0,2.00,0,0.0100,0.0049,0.0000,0.0000,1,ACTIVE,3,7,6
4186,16358,10:48:30,0,26.00,0,0.0300,0.0099,0.0000,0.0059,1,ACTIVE,3,7,6
4186,16359,10:49:00,0,10.00,0,0.2000,0.0170,0.0173,0.0059,0,ACTIVE,3,7,6
4186,16360,10:49:30,0,0.00,0,0.2000,0.0170,0.0173,0.0059,0,ACTIVE,3,7,6
4186,16361,10:50:00,0,0.00,0,0.2000,0.0170,0.0173,0.0059,0,ACTIVE,3,7,6
4186,16362,10:50:30,0,0.00,0,0.2000,0.0170,0.0173,0.0059,0,ACTIVE,3,7,6
4186,16363,10:51:00,0,25.00,0,0.0200,0.0049,0.0000,0.0059,1,ACTIVE,3,7,6
4186,16364,10:51:30,0,38.00,0,0.0200,0.0049,0.0000,0.0059,1,ACTIVE,3,7,6
4186,16365,10:52:00,0,3.00,0,0.2000,0.0170,0.0173,0.0059,0,ACTIVE,3,7,6
4186,16366,10:52:30,0,18.00,0,0.2000,0.0170,0.0173,0.0059,1,ACTIVE,3,7,6
4186,16367,10:53:00,0,0.00,0,0.2100,0.0215,0.0173,0.0059,0,ACTIVE,3,7,6
4186,16368,10:53:30,0,0.00,0,0.2100,0.0215,0.0173,0.0059,0,ACTIVE,3,7,6
4186,16369,10:54:00,0,67.00,0,7.5600,1.0900,0.5790,0.0773,1,ACTIVE,3,7,6
4186,16370,10:54:30,0,18.00,0,0.2100,0.0215,0.0173,0.0059,1,ACTIVE,3,7,6
4186,16371,10:55:00,0,0.00,0,0.2100,0.0215,0.0173,0.0059,0,ACTIVE,3,7,6
4186,16372,10:55:30,0,7.00,0,0.2100,0.0215,0.0173,0.0059,0,ACTIVE,3,7,6
4186,16373,10:56:00,0,17.00,0,0.2100,0.0215,0.0173,0.0059,1,ACTIVE,3,7,6
4186,16374,10:56:30,0,12.00,0,0.2100,0.0215,0.0173,0.0059,0,ACTIVE,3,7,6
4186,16375,10:57:00,0,24.00,0,0.2100,0.0215,0.0173,0.0059,1,ACTIVE,3,7,6
4186,16376,10:57:30,0,0.00,0,0.2100,0.0215,0.0173,0.0059,0,ACTIVE,3,7,6
4186,16377,10:58:00,0,38.00,0,0.0200,0.0049,0.0000,0.0059,1,ACTIVE,3,7,6
4186,16378,10:58:30,0,72.00,0,0.0300,0.0099,0.0000,0.0059,1,ACTIVE,3,7,6
4186,16379,10:59:00,0,30.00,0,0.1800,0.0085,0.0173,0.0059,1,ACTIVE,3,7,6
4186,16380,10:59:30,0,140.00,0,0.0200,0.0049,0.0000,0.0059,1,ACTIVE,3,7,6
4186,16381,11:00:00,0,35.00,0,0.0100,0.0049,0.0000,0.0000,1,ACTIVE,3,7,6
4186,16382,11:00:30,0,30.00,0,0.0200,0.0049,0.0000,0.0059,1,ACTIVE,3,7,6
4186,16383,11:01:00,0,10.00,0,0.0200,0.0049,0.0000,0.0059,1,ACTIVE,3,7,6
4186,16384,11:01:30,0,79.00,0,0.0300,0.0099,0.0000,0.0059,1,ACTIVE,3,7,6
4186,16385,11:02:00,0,0.00,0,0.2000,0.0170,0.0173,0.0059,0,ACTIVE,3,7,6
4186,16386,11:02:30,0,11.00,0,0.2100,0.0215,0.0173,0.0059,0,ACTIVE,3,7,6
4186,16387,11:03:00,0,0.00,0,0.2100,0.0215,0.0173,0.0059,0,ACTIVE,3,7,6
4186,16388,11:03:30,0,0.00,0,0.2000,0.0170,0.0173,0.0059,0,ACTIVE,3,7,6
4186,16389,11:04:00,0,0.00,0,0.2000,0.0170,0.0173,0.0059,0,ACTIVE,3,7,6
4186,16390,11:04:30,0,4.00,0,0.2000,0.0170,0.0173,0.0059,0,ACTIVE,3,7,6
4186,16391,11:05:00,0,0.00,0,0.2100,0.0215,0.0173,0.0059,0,ACTIVE,3,7,6
4186,16392,11:05:30,0,0.00,0,0.2000,0.0170,0.0173,0.0059,0,ACTIVE,3,7,6
4186,16393,11:06:00,0,3.00,0,0.2000,0.0170,0.0173,0.0059,0,ACTIVE,3,7,6
4186,16394,11:06:30,0,0.00,0,0.2000,0.0170,0.0173,0.0059,0,ACTIVE,3,7,6
4186,16395,11:07:00,0,0.00,0,0.2000,0.0170,0.0173,0.0059,1,ACTIVE,3,7,6
4186,16396,11:07:30,0,61.00,0,0.1800,0.0085,0.0173,0.0059,1,ACTIVE,3,7,6
4186,16397,11:08:00,0,118.00,0,0.0200,0.0049,0.0000,0.0059,1,ACTIVE,3,7,6
4186,16398,11:08:30,0,109.00,0,0.0300,0.0099,0.0000,0.0059,1,ACTIVE,3,7,6
4186,16399,11:09:00,0,191.00,0,0.0300,0.0099,0.0000,0.0059,1,ACTIVE,3,7,6
4186,16400,11:09:30,0,67.00,0,0.0200,0.0049,0.0000,0.0059,1,ACTIVE,3,7,6
4186,16401,11:10:00,0,20.00,0,0.1700,0.0042,0.0173,0.0059,1,ACTIVE,3,7,6
4186,16402,11:10:30,0,58.00,0,0.0200,0.0049,0.0000,0.0059,1,ACTIVE,3,7,6
4186,16403,11:11:00,0,0.00,0,0.0200,0.0049,0.0000,0.0059,0,ACTIVE,3,7,6
4186,16404,11:11:30,0,0.00,0,0.0100,0.0049,0.0000,0.0000,0,ACTIVE,3,7,6
4186,16405,11:12:00,0,0.00,0,0.0200,0.0049,0.0000,0.0059,0,ACTIVE,3,7,6
4186,16406,11:12:30,0,0.00,0,0.0200,0.0049,0.0000,0.0059,0,ACTIVE,3,7,6
4186,16407,11:13:00,0,52.00,0,0.0100,0.0049,0.0000,0.0000,1,ACTIVE,3,7,6
4186,16408,11:13:30,0,0.00,0,0.0200,0.0049,0.0000,0.0059,0,ACTIVE,3,7,6
4186,16409,11:14:00,0,0.00,0,0.0200,0.0049,0.0000,0.0059,0,ACTIVE,3,7,6
4186,16410,11:14:30,0,54.00,0,0.0200,0.0049,0.0000,0.0059,1,ACTIVE,3,7,6
4186,16411,11:15:00,0,16.00,0,0.0200,0.0049,0.0000,0.0059,1,ACTIVE,3,7,6
4186,16412,11:15:30,0,17.00,0,0.0200,0.0049,0.0000,0.0059,1,ACTIVE,3,7,6
4186,16413,11:16:00,0,38.00,0,0.0300,0.0099,0.0000,0.0059,1,ACTIVE,3,7,6
4186,16414,11:16:30,0,72.00,0,0.0200,0.0049,0.0000,0.0059,1,ACTIVE,3,7,6
4186,16415,11:17:00,0,75.00,0,0.0300,0.0099,0.0000,0.0059,1,ACTIVE,3,7,6
4186,16416,11:17:30,0,11.00,0,0.2000,0.0170,0.0173,0.0059,1,ACTIVE,3,7,6
4186,16417,11:18:00,0,10.00,0,0.2000,0.0170,0.0173,0.0059,1,ACTIVE,3,7,6
4186,16418,11:18:30,0,0.00,0,0.0500,0.0197,0.0000,0.0059,0,ACTIVE,3,7,6
4186,16419,11:19:00,0,0.00,0,0.1800,0.0085,0.0173,0.0059,0,ACTIVE,3,7,6
4186,16420,11:19:30,0,2.00,0,0.1800,0.0085,0.0173,0.0059,0,ACTIVE,3,7,6
4186,16421,11:20:00,0,49.00,0,0.0200,0.0049,0.0000,0.0059,1,ACTIVE,3,7,6
4186,16422,11:20:30,0,13.00,0,0.0500,0.0197,0.0000,0.0059,0,ACTIVE,3,7,6
4186,16423,11:21:00,0,0.00,0,0.2000,0.0170,0.0173,0.0059,0,ACTIVE,3,7,6
4186,16424,11:21:30,0,0.00,0,0.2000,0.0170,0.0173,0.0059,0,ACTIVE,3,7,6
4186,16425,11:22:00,0,0.00,0,0.2000,0.0170,0.0173,0.0059,0,ACTIVE,3,7,6
4186,16426,11:22:30,0,0.00,0,0.2000,0.0170,0.0173,0.0059,0,ACTIVE,3,7,6
4186,16427,11:23:00,0,0.00,0,0.2100,0.0215,0.0173,0.0059,0,ACTIVE,3,7,6
4186,16428,11:23:30,0,45.00,0,0.0500,0.0197,0.0000,0.0059,1,ACTIVE,3,7,6
4186,16429,11:24:00,0,6.00,0,0.1800,0.0085,0.0173,0.0059,0,ACTIVE,3,7,6
4186,16430,11:24:30,0,25.00,0,0.2100,0.0215,0.0173,0.0059,1,ACTIVE,3,7,6
4186,16431,11:25:00,0,1.00,0,0.4400,0.0470,0.0378,0.0023,0,ACTIVE,3,7,6
4186,16432,11:25:30,0,15.00,0,0.4800,0.0679,0.0378,0.0023,1,ACTIVE,3,7,6
4186,16433,11:26:00,0,56.00,0,6.2900,0.1760,0.6460,0.2280,1,ACTIVE,3,7,6
4186,16434,11:26:30,0,33.00,0,8.8000,0.6180,0.8370,0.0939,1,ACTIVE,3,7,6
4186,16435,11:27:00,0,15.00,0,0.1800,0.0085,0.0173,0.0059,1,ACTIVE,3,7,6
4186,16436,11:27:30,0,12.00,0,0.1800,0.0085,0.0173,0.0059,1,ACTIVE,3,7,6
4186,16437,11:28:00,0,18.00,0,0.0300,0.0099,0.0000,0.0059,1,ACTIVE,3,7,6
4186,16438,11:28:30,0,0.00,0,0.0200,0.0049,0.0000,0.0059,0,ACTIVE,3,7,6
4186,16439,11:29:00,0,9.00,0,0.0200,0.0049,0.0000,0.0059,0,ACTIVE,3,7,6
4186,16440,11:29:30,0,0.00,0,0.0200,0.0049,0.0000,0.0059,0,ACTIVE,3,7,6
4186,16441,11:30:00,0,7.00,0,0.0200,0.0049,0.0000,0.0059,0,ACTIVE,3,7,6
4186,16442,11:30:30,0,15.00,0,0.0200,0.0049,0.0000,0.0059,0,ACTIVE,3,7,6
4186,16443,11:31:00,0,10.00,0,0.0200,0.0049,0.0000,0.0059,0,ACTIVE,3,7,6
4186,16444,11:31:30,0,1.00,0,0.0200,0.0049,0.0000,0.0059,0,ACTIVE,3,7,6
4186,16445,11:32:00,0,1.00,0,0.0200,0.0049,0.0000,0.0059,0,ACTIVE,3,7,6
4186,16446,11:32:30,0,4.00,0,0.0200,0.0049,0.0000,0.0059,0,ACTIVE,3,7,6
4186,16447,11:33:00,0,6.00,0,0.0200,0.0049,0.0000,0.0059,0,ACTIVE,3,7,6
4186,16448,11:33:30,0,0.00,0,0.0200,0.0049,0.0000,0.0059,0,ACTIVE,3,7,6
4186,16449,11:34:00,0,0.00,0,0.0200,0.0049,0.0000,0.0059,0,ACTIVE,3,7,6
4186,16450,11:34:30,0,0.00,0,0.0200,0.0049,0.0000,0.0059,0,ACTIVE,3,7,6
4186,16451,11:35:00,0,10.00,0,0.0200,0.0049,0.0000,0.0059,0,ACTIVE,3,7,6
4186,16452,11:35:30,0,0.00,0,0.0200,0.0049,0.0000,0.0059,0,ACTIVE,3,7,6
4186,16453,11:36:00,0,2.00,0,0.0200,0.0049,0.0000,0.0059,0,ACTIVE,3,7,6
4186,16454,11:36:30,0,0.00,0,0.0200,0.0049,0.0000,0.0059,0,ACTIVE,3,7,6
4186,16455,11:37:00,0,19.00,0,0.0100,0.0049,0.0000,0.0000,1,ACTIVE,3,7,6
4186,16456,11:37:30,0,0.00,0,0.0200,0.0049,0.0000,0.0059,0,ACTIVE,3,7,6
4186,16457,11:38:00,0,20.00,0,0.0200,0.0049,0.0000,0.0059,1,ACTIVE,3,7,6
4186,16458,11:38:30,0,7.00,0,0.0200,0.0049,0.0000,0.0059,0,ACTIVE,3,7,6
4186,16459,11:39:00,0,0.00,0,0.0200,0.0049,0.0000,0.0059,0,ACTIVE,3,7,6
4186,16460,11:39:30,0,10.00,0,0.0200,0.0049,0.0000,0.0059,0,ACTIVE,3,7,6
4186,16461,11:40:00,0,1.00,0,0.0200,0.0049,0.0000,0.0059,0,ACTIVE,3,7,6
4186,16462,11:40:30,0,0.00,0,0.0200,0.0049,0.0000,0.0059,0,ACTIVE,3,7,6
4186,16463,11:41:00,0,0.00,0,0.0200,0.0049,0.0000,0.0059,0,ACTIVE,3,7,6
4186,16464,11:41:30,0,33.00,0,0.0100,0.0049,0.0000,0.0000,1,ACTIVE,3,7,6
4186,16465,11:42:00,0,11.00,0,0.0200,0.0049,0.0000,0.0059,1,ACTIVE,3,7,6
4186,16466,11:42:30,0,36.00,0,0.0200,0.0049,0.0000,0.0059,1,ACTIVE,3,7,6
4186,16467,11:43:00,0,65.00,0,0.0200,0.0049,0.0000,0.0059,1,ACTIVE,3,7,6
4186,16468,11:43:30,0,1.00,0,0.1700,0.0042,0.0173,0.0059,1,ACTIVE,3,7,6
4186,16469,11:44:00,0,70.00,0,0.0200,0.0049,0.0000,0.0059,1,ACTIVE,3,7,6
4186,16470,11:44:30,0,70.00,0,0.0200,0.0049,0.0000,0.0059,1,ACTIVE,3,7,6
4186,16471,11:45:00,0,0.00,0,0.0200,0.0049,0.0000,0.0059,1,ACTIVE,3,7,6
4186,16472,11:45:30,0,0.00,0,0.0200,0.0049,0.0000,0.0059,0,ACTIVE,3,7,6
4186,16473,11:46:00,0,61.00,0,0.0200,0.0049,0.0000,0.0059,1,ACTIVE,3,7,6
4186,16474,11:46:30,0,7.00,0,0.1700,0.0042,0.0173,0.0059,0,ACTIVE,3,7,6
4186,16475,11:47:00,0,22.00,0,0.0200,0.0049,0.0000,0.0059,1,ACTIVE,3,7,6
4186,16476,11:47:30,0,0.00,0,0.0200,0.0049,0.0000,0.0059,0,ACTIVE,3,7,6
4186,16477,11:48:00,0,30.00,0,0.0300,0.0099,0.0000,0.0059,1,ACTIVE,3,7,6
4186,16478,11:48:30,0,38.00,0,0.0300,0.0099,0.0000,0.0059,1,ACTIVE,3,7,6
4186,16479,11:49:00,0,26.00,0,0.0200,0.0049,0.0000,0.0059,1,ACTIVE,3,7,6
4186,16480,11:49:30,0,0.00,0,0.0200,0.0049,0.0000,0.0059,0,ACTIVE,3,7,6
4186,16481,11:50:00,0,0.00,0,0.0200,0.0049,0.0000,0.0059,0,ACTIVE,3,7,6
4186,16482,11:50:30,0,47.00,0,0.0200,0.0049,0.0000,0.0059,1,ACTIVE,3,7,6
4186,16483,11:51:00,0,7.00,0,0.0200,0.0049,0.0000,0.0059,0,ACTIVE,3,7,6
4186,16484,11:51:30,0,0.00,0,0.0200,0.0049,0.0000,0.0059,0,ACTIVE,3,7,6
4186,16485,11:52:00,0,8.00,0,0.0200,0.0049,0.0000,0.0059,0,ACTIVE,3,7,6
4186,16486,11:52:30,0,22.00,0,0.0200,0.0049,0.0000,0.0059,1,ACTIVE,3,7,6
4186,16487,11:53:00,0,63.00,0,0.0200,0.0049,0.0000,0.0059,1,ACTIVE,3,7,6
4186,16488,11:53:30,0,7.00,0,0.0200,0.0049,0.0000,0.0059,0,ACTIVE,3,7,6
4186,16489,11:54:00,0,0.00,0,0.0300,0.0099,0.0000,0.0059,0,ACTIVE,3,7,6
4186,16490,11:54:30,0,4.00,0,0.1800,0.0085,0.0173,0.0059,0,ACTIVE,3,7,6
4186,16491,11:55:00,0,1.00,0,0.1800,0.0085,0.0173,0.0059,0,ACTIVE,3,7,6
4186,16492,11:55:30,0,0.00,0,0.0200,0.0049,0.0000,0.0059,0,ACTIVE,3,7,6
4186,16493,11:56:00,0,11.00,0,0.0200,0.0049,0.0000,0.0059,0,ACTIVE,3,7,6
4186,16494,11:56:30,0,0.00,0,0.0200,0.0049,0.0000,0.0059,0,ACTIVE,3,7,6
4186,16495,11:57:00,0,22.00,0,0.0200,0.0049,0.0000,0.0059,1,ACTIVE,3,7,6
4186,16496,11:57:30,0,3.00,0,0.0100,0.0049,0.0000,0.0000,0,ACTIVE,3,7,6
4186,16497,11:58:00,0,65.00,0,0.0200,0.0049,0.0000,0.0059,1,ACTIVE,3,7,6
4186,16498,11:58:30,0,3.00,0,0.0200,0.0049,0.0000,0.0059,0,ACTIVE,3,7,6
4186,16499,11:59:00,0,4.00,0,0.0200,0.0049,0.0000,0.0059,0,ACTIVE,3,7,6
4186,16500,11:59:30,0,24.00,0,0.0200,0.0049,0.0000,0.0059,1,ACTIVE,3,7,6
4186,16501,12:00:00,0,25.00,0,0.0200,0.0049,0.0000,0.0059,1,ACTIVE,3,7,7
4186,16502,12:00:30,0,10.00,0,0.0200,0.0049,0.0000,0.0059,0,ACTIVE,3,7,7
4186,16503,12:01:00,0,0.00,0,0.0200,0.0049,0.0000,0.0059,0,ACTIVE,3,7,7
4186,16504,12:01:30,0,12.00,0,0.0200,0.0049,0.0000,0.0059,0,ACTIVE,3,7,7
4186,16505,12:02:00,0,0.00,0,0.0200,0.0049,0.0000,0.0059,0,ACTIVE,3,7,7
4186,16506,12:02:30,0,1.00,0,0.0200,0.0049,0.0000,0.0059,0,ACTIVE,3,7,7
4186,16507,12:03:00,0,1.00,0,0.0200,0.0049,0.0000,0.0059,0,ACTIVE,3,7,7
4186,16508,12:03:30,0,38.00,0,0.0200,0.0049,0.0000,0.0059,1,ACTIVE,3,7,7
4186,16509,12:04:00,0,38.00,0,0.0200,0.0049,0.0000,0.0059,1,ACTIVE,3,7,7
4186,16510,12:04:30,0,0.00,0,0.0200,0.0049,0.0000,0.0059,0,ACTIVE,3,7,7
4186,16511,12:05:00,0,1.00,0,0.0200,0.0049,0.0000,0.0059,0,ACTIVE,3,7,7
4186,16512,12:05:30,0,0.00,0,0.0200,0.0049,0.0000,0.0059,0,ACTIVE,3,7,7
4186,16513,12:06:00,0,2.00,0,0.0200,0.0049,0.0000,0.0059,0,ACTIVE,3,7,7
4186,16514,12:06:30,0,47.00,0,0.0200,0.0049,0.0000,0.0059,1,ACTIVE,3,7,7
4186,16515,12:07:00,0,4.00,0,0.0200,0.0049,0.0000,0.0059,0,ACTIVE,3,7,7
4186,16516,12:07:30,0,24.00,0,0.0200,0.0049,0.0000,0.0059,1,ACTIVE,3,7,7
4186,16517,12:08:00,0,9.00,0,0.0200,0.0049,0.0000,0.0059,1,ACTIVE,3,7,7
4186,16518,12:08:30,0,30.00,0,0.0200,0.0049,0.0000,0.0059,1,ACTIVE,3,7,7
4186,16519,12:09:00,0,52.00,0,0.0200,0.0049,0.0000,0.0059,1,ACTIVE,3,7,7
4186,16520,12:09:30,0,36.00,0,0.0200,0.0049,0.0000,0.0059,1,ACTIVE,3,7,7
4186,16521,12:10:00,0,18.00,0,0.0200,0.0049,0.0000,0.0059,1,ACTIVE,3,7,7
4186,16522,12:10:30,0,40.00,0,0.0200,0.0049,0.0000,0.0059,1,ACTIVE,3,7,7
4186,16523,12:11:00,0,28.00,0,0.0200,0.0049,0.0000,0.0059,1,ACTIVE,3,7,7
4186,16524,12:11:30,0,56.00,0,0.0200,0.0049,0.0000,0.0059,1,ACTIVE,3,7,7
4186,16525,12:12:00,0,36.00,0,0.0200,0.0049,0.0000,0.0059,1,ACTIVE,3,7,7
4186,16526,12:12:30,0,12.00,0,0.0200,0.0049,0.0000,0.0059,1,ACTIVE,3,7,7
4186,16527,12:13:00,0,0.00,0,0.0200,0.0049,0.0000,0.0059,0,ACTIVE,3,7,7
4186,16528,12:13:30,0,2.00,0,0.0200,0.0049,0.0000,0.0059,0,ACTIVE,3,7,7
4186,16529,12:14:00,0,1.00,0,0.0200,0.0049,0.0000,0.0059,0,ACTIVE,3,7,7
4186,16530,12:14:30,0,0.00,0,0.0200,0.0049,0.0000,0.0059,0,ACTIVE,3,7,7
4186,16531,12:15:00,0,109.00,0,0.0200,0.0049,0.0000,0.0059,1,ACTIVE,3,7,7
4186,16532,12:15:30,0,0.00,0,0.0200,0.0049,0.0000,0.0059,0,ACTIVE,3,7,7
4186,16533,12:16:00,0,63.00,0,0.0200,0.0049,0.0000,0.0059,1,ACTIVE,3,7,7
4186,16534,12:16:30,0,0.00,0,0.0200,0.0049,0.0000,0.0059,0,ACTIVE,3,7,7
4186,16535,12:17:00,0,0.00,0,0.0200,0.0049,0.0000,0.0059,0,ACTIVE,3,7,7
4186,16536,12:17:30,0,13.00,0,0.0200,0.0049,0.0000,0.0059,0,ACTIVE,3,7,7
4186,16537,12:18:00,0,0.00,0,0.0200,0.0049,0.0000,0.0059,0,ACTIVE,3,7,7
4186,16538,12:18:30,0,0.00,0,0.0200,0.0049,0.0000,0.0059,0,ACTIVE,3,7,7
4186,16539,12:19:00,0,0.00,0,0.0200,0.0049,0.0000,0.0059,0,ACTIVE,3,7,7
4186,16540,12:19:30,0,102.00,0,0.0200,0.0049,0.0000,0.0059,1,ACTIVE,3,7,7
4186,16541,12:20:00,0,31.00,0,0.0200,0.0049,0.0000,0.0059,1,ACTIVE,3,7,7
4186,16542,12:20:30,0,3.00,0,0.0200,0.0049,0.0000,0.0059,1,ACTIVE,3,7,7
4186,16543,12:21:00,0,10.00,0,0.0200,0.0049,0.0000,0.0059,1,ACTIVE,3,7,7
4186,16544,12:21:30,0,79.00,0,0.0200,0.0049,0.0000,0.0059,1,ACTIVE,3,7,7
4186,16545,12:22:00,0,25.00,0,0.0200,0.0049,0.0000,0.0059,1,ACTIVE,3,7,7
4186,16546,12:22:30,0,0.00,0,0.0200,0.0049,0.0000,0.0059,0,ACTIVE,3,7,7
4186,16547,12:23:00,0,0.00,0,0.0200,0.0049,0.0000,0.0059,0,ACTIVE,3,7,7
4186,16548,12:23:30,0,0.00,0,0.0200,0.0049,0.0000,0.0059,0,ACTIVE,3,7,7
4186,16549,12:24:00,0,0.00,0,0.0200,0.0049,0.0000,0.0059,1,ACTIVE,3,7,7
4186,16550,12:24:30,0,89.00,0,0.0200,0.0049,0.0000,0.0059,1,ACTIVE,3,7,7
4186,16551,12:25:00,0,179.00,0,0.0200,0.0049,0.0000,0.0059,1,ACTIVE,3,7,7
4186,16552,12:25:30,0,75.00,0,0.0300,0.0049,0.0000,0.0173,1,ACTIVE,3,7,7
4186,16553,12:26:00,0,0.00,0,0.0200,0.0049,0.0000,0.0059,1,ACTIVE,3,7,7
4186,16554,12:26:30,0,0.00,0,0.0200,0.0049,0.0000,0.0059,0,ACTIVE,3,7,7
4186,16555,12:27:00,0,0.00,0,0.0200,0.0049,0.0000,0.0059,0,ACTIVE,3,7,7
4186,16556,12:27:30,0,0.00,0,0.0200,0.0049,0.0000,0.0059,0,ACTIVE,3,7,7
4186,16557,12:28:00,0,0.00,0,0.0200,0.0049,0.0000,0.0059,0,ACTIVE,3,7,7
4186,16558,12:28:30,0,0.00,0,0.0200,0.0049,0.0000,0.0059,0,ACTIVE,3,7,7
4186,16559,12:29:00,0,0.00,0,0.0200,0.0049,0.0000,0.0059,0,ACTIVE,3,7,7
4186,16560,12:29:30,0,0.00,0,0.0200,0.0049,0.0000,0.0059,0,ACTIVE,3,7,7
4186,16561,12:30:00,0,0.00,0,0.0200,0.0049,0.0000,0.0059,0,ACTIVE,3,7,7
4186,16562,12:30:30,0,2.00,0,0.0200,0.0049,0.0000,0.0059,0,ACTIVE,3,7,7
4186,16563,12:31:00,0,0.00,0,0.0200,0.0049,0.0000,0.0059,0,ACTIVE,3,7,7
4186,16564,12:31:30,0,0.00,0,0.0200,0.0049,0.0000,0.0059,0,ACTIVE,3,7,7
4186,16565,12:32:00,0,0.00,0,0.0200,0.0049,0.0000,0.0059,0,ACTIVE,3,7,7
4186,16566,12:32:30,0,36.00,0,0.0200,0.0049,0.0000,0.0059,1,ACTIVE,3,7,7
4186,16567,12:33:00,0,52.00,0,0.0200,0.0049,0.0000,0.0059,1,ACTIVE,3,7,7
4186,16568,12:33:30,0,4.00,0,0.0200,0.0049,0.0000,0.0059,0,ACTIVE,3,7,7
4186,16569,12:34:00,0,0.00,0,0.0200,0.0049,0.0000,0.0059,0,ACTIVE,3,7,7
4186,16570,12:34:30,0,0.00,0,0.0200,0.0049,0.0000,0.0059,0,ACTIVE,3,7,7
4186,16571,12:35:00,0,0.00,0,0.0200,0.0049,0.0000,0.0059,0,ACTIVE,3,7,7
4186,16572,12:35:30,0,2.00,0,0.0200,0.0049,0.0000,0.0059,0,ACTIVE,3,7,7
4186,16573,12:36:00,0,13.00,0,0.0100,0.0049,0.0000,0.0000,0,ACTIVE,3,7,7
4186,16574,12:36:30,0,19.00,0,0.0200,0.0049,0.0000,0.0059,1,ACTIVE,3,7,7
4186,16575,12:37:00,0,0.00,0,0.0200,0.0049,0.0000,0.0059,0,ACTIVE,3,7,7
4186,16576,12:37:30,0,52.00,0,0.0200,0.0049,0.0000,0.0059,1,ACTIVE,3,7,7
4186,16577,12:38:00,0,0.00,0,0.0200,0.0049,0.0000,0.0059,0,ACTIVE,3,7,7
4186,16578,12:38:30,0,0.00,0,0.0200,0.0049,0.0000,0.0059,0,ACTIVE,3,7,7
4186,16579,12:39:00,0,54.00,0,0.0200,0.0049,0.0000,0.0059,1,ACTIVE,3,7,7
4186,16580,12:39:30,0,38.00,0,0.0200,0.0049,0.0000,0.0059,1,ACTIVE,3,7,7
4186,16581,12:40:00,0,0.00,0,0.0200,0.0049,0.0000,0.0059,1,ACTIVE,3,7,7
4186,16582,12:40:30,0,0.00,0,0.0200,0.0049,0.0000,0.0059,1,ACTIVE,3,7,7
4186,16583,12:41:00,0,140.00,0,0.0200,0.0049,0.0000,0.0059,1,ACTIVE,3,7,7
4186,16584,12:41:30,0,85.00,0,0.0200,0.0049,0.0000,0.0059,1,ACTIVE,3,7,7
4186,16585,12:42:00,0,2.00,0,0.0200,0.0049,0.0000,0.0059,1,ACTIVE,3,7,7
4186,16586,12:42:30,0,13.00,0,0.0200,0.0049,0.0000,0.0059,1,ACTIVE,3,7,7
4186,16587,12:43:00,0,113.00,0,0.0200,0.0049,0.0000,0.0059,1,ACTIVE,3,7,7
4186,16588,12:43:30,0,54.00,0,0.0200,0.0049,0.0000,0.0059,1,ACTIVE,3,7,7
4186,16589,12:44:00,0,393.00,0,0.0200,0.0049,0.0000,0.0059,1,ACTIVE,3,7,7
4186,16590,12:44:30,0,122.00,0,0.0200,0.0049,0.0000,0.0059,1,ACTIVE,3,7,7
4186,16591,12:45:00,0,49.00,0,0.0200,0.0049,0.0000,0.0059,1,ACTIVE,3,7,7
4186,16592,12:45:30,0,122.00,0,0.0200,0.0049,0.0000,0.0059,1,ACTIVE,3,7,7
4186,16593,12:46:00,0,15.00,0,0.0200,0.0049,0.0000,0.0059,1,ACTIVE,3,7,7
4186,16594,12:46:30,0,0.00,0,0.0200,0.0049,0.0000,0.0059,0,ACTIVE,3,7,7
4186,16595,12:47:00,0,0.00,0,0.0200,0.0049,0.0000,0.0059,0,ACTIVE,3,7,7
4186,16596,12:47:30,0,0.00,0,0.0200,0.0049,0.0000,0.0059,0,ACTIVE,3,7,7
4186,16597,12:48:00,0,1.00,0,0.0200,0.0049,0.0000,0.0059,0,ACTIVE,3,7,7
4186,16598,12:48:30,0,0.00,0,0.0200,0.0049,0.0000,0.0059,0,ACTIVE,3,7,7
4186,16599,12:49:00,0,0.00,0,0.0200,0.0049,0.0000,0.0059,0,ACTIVE,3,7,7
4186,16600,12:49:30,0,0.00,0,0.0200,0.0049,0.0000,0.0059,0,ACTIVE,3,7,7
4186,16601,12:50:00,0,9.00,0,0.0200,0.0049,0.0000,0.0059,0,ACTIVE,3,7,7
4186,16602,12:50:30,0,0.00,0,0.0200,0.0049,0.0000,0.0059,0,ACTIVE,3,7,7
4186,16603,12:51:00,0,0.00,0,0.0200,0.0049,0.0000,0.0059,0,ACTIVE,3,7,7
4186,16604,12:51:30,0,11.00,0,0.0200,0.0049,0.0000,0.0059,1,ACTIVE,3,7,7
4186,16605,12:52:00,0,102.00,0,0.0200,0.0049,0.0000,0.0059,1,ACTIVE,3,7,7
4186,16606,12:52:30,0,26.00,0,0.0200,0.0049,0.0000,0.0059,1,ACTIVE,3,7,7
4186,16607,12:53:00,0,26.00,0,0.0200,0.0049,0.0000,0.0059,1,ACTIVE,3,7,7
4186,16608,12:53:30,0,15.00,0,0.0200,0.0049,0.0000,0.0059,1,ACTIVE,3,7,7
4186,16609,12:54:00,0,0.00,0,0.0200,0.0049,0.0000,0.0059,0,ACTIVE,3,7,7
4186,16610,12:54:30,0,7.00,0,0.0200,0.0049,0.0000,0.0059,0,ACTIVE,3,7,7
4186,16611,12:55:00,0,12.00,0,0.0200,0.0049,0.0000,0.0059,1,ACTIVE,3,7,7
4186,16612,12:55:30,0,1.00,0,0.0200,0.0049,0.0000,0.0059,1,ACTIVE,3,7,7
4186,16613,12:56:00,0,43.00,0,0.0200,0.0049,0.0000,0.0059,1,ACTIVE,3,7,7
4186,16614,12:56:30,0,52.00,0,0.0200,0.0049,0.0000,0.0059,1,ACTIVE,3,7,7
4186,16615,12:57:00,0,249.00,0,0.0200,0.0049,0.0000,0.0059,1,ACTIVE,3,7,7
4186,16616,12:57:30,0,173.00,0,0.0300,0.0099,0.0000,0.0059,1,ACTIVE,3,7,7
4186,16617,12:58:00,0,167.00,0,0.0300,0.0099,0.0000,0.0059,1,ACTIVE,3,7,7
4186,16618,12:58:30,0,2.00,0,0.0200,0.0049,0.0000,0.0059,1,ACTIVE,3,7,7
4186,16619,12:59:00,0,118.00,0,0.0200,0.0049,0.0000,0.0059,1,ACTIVE,3,7,7
4186,16620,12:59:30,0,92.00,0,0.0200,0.0049,0.0000,0.0059,1,ACTIVE,3,7,7
4186,16621,13:00:00,0,11.00,0,0.0200,0.0049,0.0000,0.0059,1,ACTIVE,3,7,7
4186,16622,13:00:30,0,79.00,0,0.0200,0.0049,0.0000,0.0059,1,ACTIVE,3,7,7
4186,16623,13:01:00,0,8.00,0,0.0200,0.0049,0.0000,0.0059,1,ACTIVE,3,7,7
4186,16624,13:01:30,0,0.00,0,0.0200,0.0049,0.0000,0.0059,0,ACTIVE,3,7,7
4186,16625,13:02:00,0,7.00,0,0.0200,0.0049,0.0000,0.0059,0,ACTIVE,3,7,7
4186,16626,13:02:30,0,2.00,0,0.1700,0.0042,0.0173,0.0059,0,ACTIVE,3,7,7
4186,16627,13:03:00,0,0.00,0,0.0200,0.0099,0.0000,0.0000,0,ACTIVE,3,7,7
4186,16628,13:03:30,0,0.00,0,0.1700,0.0042,0.0173,0.0059,0,ACTIVE,3,7,7
4186,16629,13:04:00,0,0.00,0,0.0200,0.0049,0.0000,0.0059,0,ACTIVE,3,7,7
4186,16630,13:04:30,0,0.00,0,0.0300,0.0099,0.0000,0.0059,0,ACTIVE,3,7,7
4186,16631,13:05:00,0,0.00,0,0.0300,0.0099,0.0000,0.0059,0,ACTIVE,3,7,7
4186,16632,13:05:30,0,47.00,0,0.0200,0.0049,0.0000,0.0059,1,ACTIVE,3,7,7
4186,16633,13:06:00,0,92.00,0,0.0200,0.0049,0.0000,0.0059,1,ACTIVE,3,7,7
4186,16634,13:06:30,0,127.00,0,0.0200,0.0049,0.0000,0.0059,1,ACTIVE,3,7,7
4186,16635,13:07:00,0,40.00,0,0.0200,0.0049,0.0000,0.0059,1,ACTIVE,3,7,7
4186,16636,13:07:30,0,346.00,0,0.0200,0.0049,0.0000,0.0059,1,ACTIVE,3,7,7
4186,16637,13:08:00,0,432.00,0,0.1700,0.0042,0.0173,0.0059,1,ACTIVE,3,7,7
4186,16638,13:08:30,0,335.00,0,0.0200,0.0049,0.0000,0.0059,1,ACTIVE,3,7,7
4186,16639,13:09:00,0,54.00,0,0.1700,0.0042,0.0173,0.0059,1,ACTIVE,3,7,7
4186,16640,13:09:30,0,12.00,0,0.0200,0.0049,0.0000,0.0059,1,ACTIVE,3,7,7
4186,16641,13:10:00,0,191.00,0,0.0200,0.0049,0.0000,0.0059,1,ACTIVE,3,7,7
4186,16642,13:10:30,0,3.00,0,0.0200,0.0049,0.0000,0.0059,1,ACTIVE,3,7,7
4186,16643,13:11:00,0,0.00,0,0.0200,0.0049,0.0000,0.0059,1,ACTIVE,3,7,7
4186,16644,13:11:30,0,0.00,0,0.0200,0.0049,0.0000,0.0059,0,ACTIVE,3,7,7
4186,16645,13:12:00,0,0.00,0,0.0200,0.0049,0.0000,0.0059,0,ACTIVE,3,7,7
4186,16646,13:12:30,0,0.00,0,0.0200,0.0049,0.0000,0.0059,0,ACTIVE,3,7,7
4186,16647,13:13:00,0,15.00,0,0.0200,0.0049,0.0000,0.0059,1,ACTIVE,3,7,7
4186,16648,13:13:30,0,106.00,0,0.0200,0.0049,0.0000,0.0059,1,ACTIVE,3,7,7
4186,16649,13:14:00,0,52.00,0,0.0200,0.0049,0.0000,0.0059,1,ACTIVE,3,7,7
4186,16650,13:14:30,0,27.00,0,0.0200,0.0049,0.0000,0.0059,1,ACTIVE,3,7,7
4186,16651,13:15:00,0,95.00,0,0.0200,0.0049,0.0000,0.0059,1,ACTIVE,3,7,7
4186,16652,13:15:30,0,249.00,0,0.0200,0.0049,0.0000,0.0059,1,ACTIVE,3,7,7
4186,16653,13:16:00,0,284.00,0,0.0200,0.0049,0.0000,0.0059,1,ACTIVE,3,7,7
4186,16654,13:16:30,0,89.00,0,0.0200,0.0049,0.0000,0.0059,1,ACTIVE,3,7,7
4186,16655,13:17:00,0,150.00,0,0.0200,0.0049,0.0000,0.0059,1,ACTIVE,3,7,7
4186,16656,13:17:30,0,99.00,0,0.0200,0.0049,0.0000,0.0059,1,ACTIVE,3,7,7
4186,16657,13:18:00,0,241.00,0,0.0500,0.0197,0.0000,0.0059,1,ACTIVE,3,7,7
4186,16658,13:18:30,0,58.00,0,0.0200,0.0049,0.0000,0.0059,1,ACTIVE,3,7,7
4186,16659,13:19:00,0,145.00,0,0.0200,0.0049,0.0000,0.0059,1,ACTIVE,3,7,7
4186,16660,13:19:30,0,52.00,0,0.0200,0.0049,0.0000,0.0059,1,ACTIVE,3,7,7
4186,16661,13:20:00,0,0.00,0,0.0300,0.0099,0.0000,0.0059,1,ACTIVE,3,7,7
4186,16662,13:20:30,0,1.00,0,0.0200,0.0049,0.0000,0.0059,0,ACTIVE,3,7,7
4186,16663,13:21:00,0,0.00,0,0.0200,0.0049,0.0000,0.0059,0,ACTIVE,3,7,7
4186,16664,13:21:30,0,21.00,0,0.0200,0.0049,0.0000,0.0059,1,ACTIVE,3,7,7
4186,16665,13:22:00,0,0.00,0,0.0200,0.0049,0.0000,0.0059,0,ACTIVE,3,7,7
4186,16666,13:22:30,0,38.00,0,0.0200,0.0049,0.0000,0.0059,1,ACTIVE,3,7,7
4186,16667,13:23:00,0,18.00,0,0.0200,0.0049,0.0000,0.0059,1,ACTIVE,3,7,7
4186,16668,13:23:30,0,12.00,0,0.1800,0.0085,0.0173,0.0059,0,ACTIVE,3,7,7
4186,16669,13:24:00,0,0.00,0,0.0300,0.0099,0.0000,0.0059,0,ACTIVE,3,7,7
4186,16670,13:24:30,0,0.00,0,0.1700,0.0042,0.0173,0.0059,0,ACTIVE,3,7,7
4186,16671,13:25:00,0,3.00,0,0.1800,0.0085,0.0173,0.0059,1,ACTIVE,3,7,7
4186,16672,13:25:30,0,45.00,0,0.0200,0.0049,0.0000,0.0059,1,ACTIVE,3,7,7
4186,16673,13:26:00,0,89.00,0,0.0200,0.0049,0.0000,0.0059,1,ACTIVE,3,7,7
4186,16674,13:26:30,0,162.00,0,0.0200,0.0049,0.0000,0.0059,1,ACTIVE,3,7,7
4186,16675,13:27:00,0,234.00,0,0.0200,0.0049,0.0000,0.0059,1,ACTIVE,3,7,7
4186,16676,13:27:30,0,323.00,0,2.2800,0.1580,0.2090,0.0880,1,ACTIVE,3,7,7
4186,16677,13:28:00,0,303.00,0,5.8300,0.4370,0.5310,0.1920,1,ACTIVE,3,7,7
4186,16678,13:28:30,0,393.00,0,9.5000,0.5310,0.8940,0.4570,1,ACTIVE,3,7,7
4186,16679,13:29:00,0,636.00,0,21.0700,1.7500,1.8700,0.7850,1,ACTIVE,3,7,7
4186,16680,13:29:30,0,173.00,0,9.7200,1.7500,0.1170,4.4400,1,ACTIVE,3,7,7
4186,16681,13:30:00,0,393.00,0,29.1400,1.9500,2.7000,1.1100,1,ACTIVE,3,7,7
4186,16682,13:30:30,0,131.00,0,16.2900,2.3200,1.2100,0.5200,1,ACTIVE,3,7,7
4186,16683,13:31:00,0,226.00,0,51.7600,16.6000,1.6400,0.5790,1,ACTIVE,3,7,7
4186,16684,13:31:30,0,179.00,0,5.2500,0.3600,0.4870,0.1690,1,ACTIVE,3,7,7
4186,16685,13:32:00,0,131.00,0,1.9300,0.1330,0.1760,0.0880,1,ACTIVE,3,7,7
4186,16686,13:32:30,0,131.00,0,10.8700,1.9500,0.7200,0.2380,1,ACTIVE,3,7,7
4186,16687,13:33:00,0,102.00,0,7.3900,1.1600,0.5310,0.1580,1,ACTIVE,3,7,7
4186,16688,13:33:30,0,127.00,0,4.9500,0.4470,0.4370,0.1220,1,ACTIVE,3,7,7
4186,16689,13:34:00,0,79.00,0,54.1700,2.1700,5.3900,1.9500,1,ACTIVE,3,7,7
4186,16690,13:34:30,0,89.00,0,13.0200,1.7900,0.9960,0.3230,1,ACTIVE,3,7,7
4186,16691,13:35:00,0,79.00,0,40.9400,5.6300,3.1400,0.9130,1,ACTIVE,3,7,7
4186,16692,13:35:30,0,102.00,0,18.7500,1.7500,1.6400,0.4870,1,ACTIVE,3,7,7
4186,16693,13:36:00,0,99.00,0,16.7700,2.8200,1.1800,0.1550,1,ACTIVE,3,7,7
4186,16694,13:36:30,0,198.00,0,1440.850,90.1000,136.0000,46.1000,1,ACTIVE,3,7,7
4186,16695,13:37:00,0,47.00,0,5640.110,1110.000,345.0000,145.0000,1,ACTIVE,3,7,7
4186,16696,13:37:30,0,136.00,0,1308.240,84.5000,122.0000,48.1000,1,ACTIVE,3,7,7
4186,16697,13:38:00,0,127.00,0,1459.600,86.3000,139.0000,47.1000,1,ACTIVE,3,7,7
4186,16698,13:38:30,0,127.00,0,3232.480,201.0000,303.0000,122.0000,1,ACTIVE,3,7,7
4186,16699,13:39:00,0,72.00,0,2830.870,110.0000,284.0000,92.1000,1,ACTIVE,3,7,7
4186,16700,13:39:30,0,21.00,0,211.0800,22.5000,17.8000,5.2800,1,ACTIVE,3,7,7
4186,16701,13:40:00,0,113.00,0,26796.77,1830.000,2590.000,74.2000,1,ACTIVE,3,7,7
4186,16702,13:40:30,0,131.00,0,65.1800,13.7000,3.8100,1.3800,1,ACTIVE,3,7,7
4186,16703,13:41:00,0,89.00,0,11.4600,1.2900,0.9330,0.3920,1,ACTIVE,3,7,7
4186,16704,13:41:30,0,85.00,0,14.5000,1.9900,1.1100,0.3450,1,ACTIVE,3,7,7
4186,16705,13:42:00,0,89.00,0,15.0800,2.4700,1.0600,0.2840,1,ACTIVE,3,7,7
4186,16706,13:42:30,0,72.00,0,15.6000,3.2100,0.9540,0.1420,1,ACTIVE,3,7,7
4186,16707,13:43:00,0,122.00,0,11.2500,1.4700,0.8750,0.3090,1,ACTIVE,3,7,7
4186,16708,13:43:30,0,92.00,0,14.0800,2.0800,1.0400,0.3450,1,ACTIVE,3,7,7
4186,16709,13:44:00,0,102.00,0,11.0000,1.3800,0.8750,0.2720,1,ACTIVE,3,7,7
4186,16710,13:44:30,0,113.00,0,20.5200,1.9500,1.7500,0.8200,1,ACTIVE,3,7,7
4186,16711,13:45:00,0,131.00,0,22.6700,2.2200,1.9500,0.6320,1,ACTIVE,3,7,7
4186,16712,13:45:30,0,127.00,0,0.9500,0.0596,0.0880,0.0412,1,ACTIVE,3,7,7
4186,16713,13:46:00,0,95.00,0,2.2400,0.1360,0.2090,0.0981,1,ACTIVE,3,7,7
4186,16714,13:46:30,0,113.00,0,1.4700,0.0724,0.1390,0.0880,1,ACTIVE,3,7,7
4186,16715,13:47:00,0,47.00,0,1.3100,0.0724,0.1220,0.0756,1,ACTIVE,3,7,7
4186,16716,13:47:30,0,150.00,0,6.1000,0.4100,0.5550,0.3090,1,ACTIVE,3,7,7
4186,16717,13:48:00,0,198.00,0,1.5100,0.0939,0.1390,0.0756,1,ACTIVE,3,7,7
4186,16718,13:48:30,0,63.00,0,0.6100,0.0596,0.0523,0.0173,1,ACTIVE,3,7,7
4186,16719,13:49:00,0,184.00,0,0.1000,0.0298,0.0012,0.0215,1,ACTIVE,3,7,7
4186,16720,13:49:30,0,72.00,0,0.9100,0.0431,0.0880,0.0412,1,ACTIVE,3,7,7
4186,16721,13:50:00,0,72.00,0,10.2800,0.1840,1.0600,0.5200,1,ACTIVE,3,7,7
4186,16722,13:50:30,0,99.00,0,2.0200,0.0470,0.2090,0.0756,1,ACTIVE,3,7,7
4186,16723,13:51:00,0,173.00,0,32.7400,10.6000,1.0400,0.2720,1,ACTIVE,3,7,7
4186,16724,13:51:30,0,38.00,0,1.1600,0.1190,0.1000,0.0162,1,ACTIVE,3,7,7
4186,16725,13:52:00,0,131.00,0,2.8400,0.1190,0.2770,0.1330,1,ACTIVE,3,7,7
4186,16726,13:52:30,0,49.00,0,291.4100,22.1000,27.4000,2.5800,1,ACTIVE,3,7,7
4186,16727,13:53:00,0,26.00,0,50.7300,4.4400,4.3400,2.6400,1,ACTIVE,3,7,7
4186,16728,13:53:30,0,150.00,0,213.7300,8.6900,22.1000,1.2600,1,ACTIVE,3,7,7
4186,16729,13:54:00,0,99.00,0,5.3000,0.3450,0.4870,0.2490,1,ACTIVE,3,7,7
4186,16730,13:54:30,0,56.00,0,2.0800,0.0724,0.2090,0.0756,1,ACTIVE,3,7,7
4186,16731,13:55:00,0,61.00,0,3.2400,0.2000,0.3030,0.1330,1,ACTIVE,3,7,7
4186,16732,13:55:30,0,82.00,0,236.5500,4.4400,24.6000,10.6000,1,ACTIVE,3,7,7
4186,16733,13:56:00,0,54.00,0,2.9200,0.1760,0.2770,0.0880,1,ACTIVE,3,7,7
4186,16734,13:56:30,0,61.00,0,0.1100,0.0339,0.0012,0.0215,1,ACTIVE,3,7,7
4186,16735,13:57:00,0,89.00,0,0.9900,0.0807,0.0880,0.0412,1,ACTIVE,3,7,7
4186,16736,13:57:30,0,18.00,0,0.0800,0.0215,0.0012,0.0215,1,ACTIVE,3,7,7
4186,16737,13:58:00,0,179.00,0,1.2600,0.0679,0.1220,0.0412,1,ACTIVE,3,7,7
4186,16738,13:58:30,0,173.00,0,2.0300,0.1840,0.1760,0.0756,1,ACTIVE,3,7,7
4186,16739,13:59:00,0,113.00,0,1.6800,0.1840,0.1390,0.0523,1,ACTIVE,3,7,7
4186,16740,13:59:30,0,140.00,0,2.7600,0.2230,0.2440,0.1220,1,ACTIVE,3,7,7
4186,16741,14:00:00,0,257.00,0,6.7100,1.6400,0.3370,0.1220,1,ACTIVE,3,7,7
4186,16742,14:00:30,0,127.00,0,1.7500,0.2090,0.1390,0.0650,1,ACTIVE,3,7,7
4186,16743,14:01:00,0,40.00,0,11.6900,1.4400,0.9330,0.3090,1,ACTIVE,3,7,7
4186,16744,14:01:30,0,118.00,0,0.1800,0.0085,0.0173,0.0059,1,ACTIVE,3,7,7
4186,16745,14:02:00,0,89.00,0,0.0200,0.0049,0.0000,0.0059,1,ACTIVE,3,7,7
4186,16746,14:02:30,0,92.00,0,0.0200,0.0049,0.0000,0.0059,1,ACTIVE,3,7,7
4186,16747,14:03:00,0,109.00,0,0.0200,0.0049,0.0000,0.0059,1,ACTIVE,3,7,7
4186,16748,14:03:30,0,52.00,0,0.0200,0.0049,0.0000,0.0059,1,ACTIVE,3,7,7
4186,16749,14:04:00,0,82.00,0,0.0200,0.0049,0.0000,0.0059,1,ACTIVE,3,7,7
4186,16750,14:04:30,0,25.00,0,0.0200,0.0049,0.0000,0.0059,1,ACTIVE,3,7,7
4186,16751,14:05:00,0,33.00,0,0.0100,0.0049,0.0000,0.0000,1,ACTIVE,3,7,7
4186,16752,14:05:30,0,173.00,0,0.0200,0.0049,0.0000,0.0059,1,ACTIVE,3,7,7
4186,16753,14:06:00,0,63.00,0,0.0100,0.0049,0.0000,0.0000,1,ACTIVE,3,7,7
4186,16754,14:06:30,0,67.00,0,0.0200,0.0049,0.0000,0.0059,1,ACTIVE,3,7,7
4186,16755,14:07:00,0,109.00,0,0.0200,0.0049,0.0000,0.0059,1,ACTIVE,3,7,7
4186,16756,14:07:30,0,58.00,0,0.0200,0.0049,0.0000,0.0059,1,ACTIVE,3,7,7
4186,16757,14:08:00,0,56.00,0,0.0200,0.0049,0.0000,0.0059,1,ACTIVE,3,7,7
4186,16758,14:08:30,0,85.00,0,0.0100,0.0049,0.0000,0.0000,1,ACTIVE,3,7,7
4186,16759,14:09:00,0,122.00,0,0.0200,0.0049,0.0000,0.0059,1,ACTIVE,3,7,7
4186,16760,14:09:30,0,72.00,0,0.0200,0.0049,0.0000,0.0059,1,ACTIVE,3,7,7
4186,16761,14:10:00,0,127.00,0,0.0200,0.0049,0.0000,0.0059,1,ACTIVE,3,7,7
4186,16762,14:10:30,0,70.00,0,0.0200,0.0049,0.0000,0.0059,1,ACTIVE,3,7,7
4186,16763,14:11:00,0,82.00,0,0.2100,0.0215,0.0173,0.0059,1,ACTIVE,3,7,7
4186,16764,14:11:30,0,162.00,0,0.0200,0.0049,0.0000,0.0059,1,ACTIVE,3,7,7
4186,16765,14:12:00,0,127.00,0,0.0100,0.0049,0.0000,0.0000,1,ACTIVE,3,7,7
4186,16766,14:12:30,0,89.00,0,0.0200,0.0049,0.0000,0.0059,1,ACTIVE,3,7,7
4186,16767,14:13:00,0,92.00,0,0.0200,0.0049,0.0000,0.0059,1,ACTIVE,3,7,7
4186,16768,14:13:30,0,85.00,0,0.0200,0.0049,0.0000,0.0059,1,ACTIVE,3,7,7
4186,16769,14:14:00,0,191.00,0,1.6800,0.1840,0.1390,0.0523,1,ACTIVE,3,7,7
4186,16770,14:14:30,0,72.00,0,0.4200,0.0861,0.0095,0.1360,1,ACTIVE,3,7,7
4186,16771,14:15:00,0,109.00,0,6.2700,0.4670,0.5550,0.3450,1,ACTIVE,3,7,7
4186,16772,14:15:30,0,118.00,0,7.2500,0.4370,0.6890,0.2280,1,ACTIVE,3,7,7
4186,16773,14:16:00,0,191.00,0,4.5600,0.3920,0.4010,0.1690,1,ACTIVE,3,7,7
4186,16774,14:16:30,0,122.00,0,7.8500,1.5400,0.4870,0.1690,1,ACTIVE,3,7,7
4186,16775,14:17:00,0,122.00,0,2.3600,0.2000,0.2090,0.0756,1,ACTIVE,3,7,7
4186,16776,14:17:30,0,106.00,0,0.0200,0.0049,0.0000,0.0059,1,ACTIVE,3,7,7
4186,16777,14:18:00,0,102.00,0,0.0200,0.0049,0.0000,0.0059,1,ACTIVE,3,7,7
4186,16778,14:18:30,0,85.00,0,0.0200,0.0049,0.0000,0.0059,1,ACTIVE,3,7,7
4186,16779,14:19:00,0,75.00,0,0.0600,0.0245,0.0000,0.0059,1,ACTIVE,3,7,7
4186,16780,14:19:30,0,82.00,0,4.6400,0.9540,0.2770,0.0981,1,ACTIVE,3,7,7
4186,16781,14:20:00,0,49.00,0,161.1500,3.2100,17.4000,1.7100,1,ACTIVE,3,7,7
4186,16782,14:20:30,0,26.00,0,141.8600,2.7600,15.3000,1.9500,1,ACTIVE,3,7,7
4186,16783,14:21:00,0,24.00,0,31.3500,2.6400,2.7600,1.2600,1,ACTIVE,3,7,7
4186,16784,14:21:30,0,29.00,0,22.8300,2.2200,1.9500,0.7850,1,ACTIVE,3,7,7
4186,16785,14:22:00,0,419.00,0,3.6300,0.3600,0.3030,0.1690,1,ACTIVE,3,7,7
4186,16786,14:22:30,0,313.00,0,22.9600,4.4400,1.4400,0.4980,1,ACTIVE,3,7,7
4186,16787,14:23:00,0,184.00,0,23.4700,3.2800,1.7900,0.5200,1,ACTIVE,3,7,7
4186,16788,14:23:30,0,82.00,0,10.0400,1.0900,0.8370,0.2840,1,ACTIVE,3,7,7
4186,16789,14:24:00,0,40.00,0,11.9400,1.3200,0.9960,0.2720,1,ACTIVE,3,7,7
4186,16790,14:24:30,0,63.00,0,3.6400,0.3760,0.3160,0.0395,1,ACTIVE,3,7,7
4186,16791,14:25:00,0,85.00,0,6.4900,0.9750,0.4870,0.0622,1,ACTIVE,3,7,7
4186,16792,14:25:30,0,118.00,0,6.9400,1.7500,0.3370,0.1120,1,ACTIVE,3,7,7
4186,16793,14:26:00,0,234.00,0,6.1900,0.7510,0.4870,0.2380,1,ACTIVE,3,7,7
4186,16794,14:26:30,0,226.00,0,6.8500,1.2600,0.4370,0.2050,1,ACTIVE,3,7,7
4186,16795,14:27:00,0,284.00,0,84.8100,7.3100,7.8000,0.3450,1,ACTIVE,3,7,7
4186,16796,14:27:30,0,204.00,0,4.2500,0.3920,0.3680,0.1450,1,ACTIVE,3,7,7
4186,16797,14:28:00,0,323.00,0,1.5700,0.1360,0.1390,0.0523,1,ACTIVE,3,7,7
4186,16798,14:28:30,0,357.00,0,2.8900,0.1360,0.2770,0.1450,1,ACTIVE,3,7,7
4186,16799,14:29:00,0,405.00,0,1.9300,0.1330,0.1760,0.0880,1,ACTIVE,3,7,7
4186,16800,14:29:30,0,249.00,0,2.6100,0.1450,0.2440,0.1450,1,ACTIVE,3,7,7
4186,16801,14:30:00,0,162.00,0,3.0500,0.1960,0.2770,0.1690,1,ACTIVE,3,7,7
4186,16802,14:30:30,0,156.00,0,3.8200,0.2000,0.3680,0.1450,1,ACTIVE,3,7,7
4186,16803,14:31:00,0,461.00,0,3.1600,0.1720,0.3030,0.1220,1,ACTIVE,3,7,7
4186,16804,14:31:30,0,211.00,0,5.4100,0.4370,0.4870,0.1580,1,ACTIVE,3,7,7
4186,16805,14:32:00,0,140.00,0,2.3700,0.1880,0.2090,0.1120,1,ACTIVE,3,7,7
4186,16806,14:32:30,0,198.00,0,1.2300,0.0431,0.1220,0.0650,1,ACTIVE,3,7,7
4186,16807,14:33:00,0,122.00,0,5.3100,0.3920,0.4870,0.1580,1,ACTIVE,3,7,7
4186,16808,14:33:30,0,234.00,0,0.5200,0.0215,0.0523,0.0173,1,ACTIVE,3,7,7
4186,16809,14:34:00,0,204.00,0,0.0700,0.0170,0.0012,0.0215,1,ACTIVE,3,7,7
4186,16810,14:34:30,0,136.00,0,806.0600,38.7000,80.9000,11.0000,1,ACTIVE,3,7,7
4186,16811,14:35:00,0,179.00,0,1147.990,37.1000,117.0000,38.7000,1,ACTIVE,3,7,7
4186,16812,14:35:30,0,127.00,0,2.1500,0.0981,0.2090,0.0880,1,ACTIVE,3,7,7
4186,16813,14:36:00,0,150.00,0,88.7300,1.0200,9.2700,4.8400,1,ACTIVE,3,7,7
4186,16814,14:36:30,0,179.00,0,10.3300,0.5430,0.9960,0.3760,1,ACTIVE,3,7,7
4186,16815,14:37:00,0,275.00,0,9.2400,0.4870,0.8940,0.3090,1,ACTIVE,3,7,7
4186,16816,14:37:30,0,92.00,0,7.8200,0.4190,0.7510,0.2840,1,ACTIVE,3,7,7
4186,16817,14:38:00,0,257.00,0,1.2600,0.0559,0.1220,0.0650,1,ACTIVE,3,7,7
4186,16818,14:38:30,0,191.00,0,1.9100,0.1330,0.1760,0.0650,1,ACTIVE,3,7,7
4186,16819,14:39:00,0,162.00,0,813.0200,26.8000,82.7000,27.4000,1,ACTIVE,3,7,7
4186,16820,14:39:30,0,56.00,0,4.3700,0.3160,0.4010,0.1450,1,ACTIVE,3,7,7
4186,16821,14:40:00,0,284.00,0,5.5600,0.3160,0.5310,0.1920,1,ACTIVE,3,7,7
4186,16822,14:40:30,0,40.00,0,5.6600,0.8940,0.4010,0.1580,1,ACTIVE,3,7,7
4186,16823,14:41:00,0,58.00,0,3.3100,0.2490,0.3030,0.0981,1,ACTIVE,3,7,7
4186,16824,14:41:30,0,162.00,0,20.1300,1.6000,1.8700,0.2140,1,ACTIVE,3,7,7
4186,16825,14:42:00,0,461.00,0,1.8200,0.0807,0.1760,0.0880,1,ACTIVE,3,7,7
4186,16826,14:42:30,0,241.00,0,0.2000,0.0170,0.0173,0.0059,1,ACTIVE,3,7,7
4186,16827,14:43:00,0,179.00,0,0.2000,0.0170,0.0173,0.0059,1,ACTIVE,3,7,7
4186,16828,14:43:30,0,89.00,0,0.2000,0.0170,0.0173,0.0059,1,ACTIVE,3,7,7
4186,16829,14:44:00,0,109.00,0,0.0500,0.0197,0.0000,0.0059,1,ACTIVE,3,7,7
4186,16830,14:44:30,0,156.00,0,0.1800,0.0085,0.0173,0.0059,1,ACTIVE,3,7,7
4186,16831,14:45:00,0,140.00,0,0.1800,0.0085,0.0173,0.0059,1,ACTIVE,3,7,7
4186,16832,14:45:30,0,95.00,0,0.0400,0.0099,0.0000,0.0173,1,ACTIVE,3,7,7
4186,16833,14:46:00,0,106.00,0,0.1800,0.0085,0.0173,0.0059,1,ACTIVE,3,7,7
4186,16834,14:46:30,0,99.00,0,0.1800,0.0085,0.0173,0.0059,1,ACTIVE,3,7,7
4186,16835,14:47:00,0,106.00,0,0.1500,0.0298,0.0035,0.0501,1,ACTIVE,3,7,7
4186,16836,14:47:30,0,167.00,0,0.0200,0.0049,0.0000,0.0059,1,ACTIVE,3,7,7
4186,16837,14:48:00,0,7.00,0,0.0200,0.0049,0.0000,0.0059,1,ACTIVE,3,7,7
4186,16838,14:48:30,0,4.00,0,0.0100,0.0049,0.0000,0.0000,1,ACTIVE,3,7,7
4186,16839,14:49:00,0,1.00,0,0.0200,0.0049,0.0000,0.0059,1,ACTIVE,3,7,7
4186,16840,14:49:30,0,79.00,0,0.2000,0.0170,0.0173,0.0059,1,ACTIVE,3,7,7
4186,16841,14:50:00,0,52.00,0,0.6000,0.0559,0.0523,0.0173,1,ACTIVE,3,7,7
4186,16842,14:50:30,0,10.00,0,0.9300,0.0596,0.0880,0.0292,1,ACTIVE,3,7,7
4186,16843,14:51:00,0,35.00,0,0.6800,0.0596,0.0622,0.0070,1,ACTIVE,3,7,7
4186,16844,14:51:30,0,29.00,0,0.2000,0.0170,0.0173,0.0059,1,ACTIVE,3,7,7
4186,16845,14:52:00,0,95.00,0,0.0300,0.0099,0.0000,0.0059,1,ACTIVE,3,7,7
4186,16846,14:52:30,0,368.00,0,0.2000,0.0170,0.0173,0.0059,1,ACTIVE,3,7,7
4186,16847,14:53:00,0,211.00,0,7.2500,0.2770,0.7200,0.3090,1,ACTIVE,3,7,7
4186,16848,14:53:30,0,257.00,0,5.7800,0.5310,0.5200,0.0480,1,ACTIVE,3,7,7
4186,16849,14:54:00,0,241.00,0,2.1700,0.1070,0.2090,0.0880,1,ACTIVE,3,7,7
4186,16850,14:54:30,0,145.00,0,0.9300,0.0470,0.0880,0.0523,1,ACTIVE,3,7,7
4186,16851,14:55:00,0,95.00,0,0.9900,0.0807,0.0880,0.0412,1,ACTIVE,3,7,7
4186,16852,14:55:30,0,140.00,0,119.5800,6.5600,11.5000,3.9000,1,ACTIVE,3,7,7
4186,16853,14:56:00,0,75.00,0,2.7900,0.0981,0.2770,0.1330,1,ACTIVE,3,7,7
4186,16854,14:56:30,0,82.00,0,1.8300,0.0861,0.1760,0.0880,1,ACTIVE,3,7,7
4186,16855,14:57:00,0,150.00,0,6.6400,0.4370,0.6180,0.2380,1,ACTIVE,3,7,7
4186,16856,14:57:30,0,61.00,0,5.9200,0.4770,0.5310,0.1920,1,ACTIVE,3,7,7
4186,16857,14:58:00,0,72.00,0,3.1900,0.1720,0.3160,0.0395,1,ACTIVE,3,7,7
4186,16858,14:58:30,0,95.00,0,6.0300,0.4280,0.5550,0.2050,1,ACTIVE,3,7,7
4186,16859,14:59:00,0,45.00,0,2.8600,0.1510,0.2770,0.0880,1,ACTIVE,3,7,7
4186,16860,14:59:30,0,54.00,0,1.8500,0.1070,0.1760,0.0650,1,ACTIVE,3,7,7
4186,16861,15:00:00,0,40.00,0,1.8200,0.0981,0.1760,0.0523,1,ACTIVE,3,7,7
4186,16862,15:00:30,0,184.00,0,1.9200,0.1360,0.1760,0.0756,1,ACTIVE,3,7,7
4186,16863,15:01:00,0,150.00,0,2.6300,0.1760,0.2440,0.0981,1,ACTIVE,3,7,7
4186,16864,15:01:30,0,179.00,0,2.6000,0.1510,0.2440,0.1220,1,ACTIVE,3,7,7
4186,16865,15:02:00,0,234.00,0,1.7700,0.0596,0.1760,0.0880,1,ACTIVE,3,7,7
4186,16866,15:02:30,0,313.00,0,171.5100,2.3200,18.1000,6.8500,1,ACTIVE,3,7,7
4186,16867,15:03:00,0,113.00,0,2.3900,0.0596,0.2440,0.1120,1,ACTIVE,3,7,7
4186,16868,15:03:30,0,67.00,0,0.7700,0.0981,0.0189,0.3520,1,ACTIVE,3,7,7
4186,16869,15:04:00,0,136.00,0,2.5300,0.1120,0.2440,0.1330,1,ACTIVE,3,7,7
4186,16870,15:04:30,0,145.00,0,241.3500,14.6000,23.5000,2.7000,1,ACTIVE,3,7,7
4186,16871,15:05:00,0,85.00,0,0.2200,0.0298,0.0173,0.0059,1,ACTIVE,3,7,7
4186,16872,15:05:30,0,127.00,0,1.2200,0.0431,0.1220,0.0523,1,ACTIVE,3,7,7
4186,16873,15:06:00,0,140.00,0,11.4500,1.7100,0.2050,5.3900,1,ACTIVE,3,7,7
4186,16874,15:06:30,0,127.00,0,3.3200,0.2380,0.3030,0.1330,1,ACTIVE,3,7,7
4186,16875,15:07:00,0,102.00,0,6.4800,0.5920,0.5550,0.2840,1,ACTIVE,3,7,7
4186,16876,15:07:30,0,167.00,0,22.4200,7.0000,0.7680,0.2140,1,ACTIVE,3,7,7
4186,16877,15:08:00,0,122.00,0,1.4600,0.0724,0.1390,0.0756,1,ACTIVE,3,7,7
4186,16878,15:08:30,0,122.00,0,1.4900,0.0939,0.1390,0.0650,1,ACTIVE,3,7,7
4186,16879,15:09:00,0,179.00,0,5.8300,0.1070,0.6050,0.2720,1,ACTIVE,3,7,7
4186,16880,15:09:30,0,198.00,0,4.1000,0.2000,0.4010,0.1330,1,ACTIVE,3,7,7
4186,16881,15:10:00,0,211.00,0,2.5400,0.1220,0.2440,0.1220,1,ACTIVE,3,7,7
4186,16882,15:10:30,0,43.00,0,2.2600,0.1330,0.2090,0.1220,1,ACTIVE,3,7,7
4186,16883,15:11:00,0,17.00,0,0.4800,0.0939,0.0117,0.1510,1,ACTIVE,3,7,7
4186,16884,15:11:30,0,38.00,0,1.8300,0.0861,0.1760,0.0880,1,ACTIVE,3,7,7
4186,16885,15:12:00,0,20.00,0,2.1500,0.0981,0.2090,0.0880,1,ACTIVE,3,7,7
4186,16886,15:12:30,0,17.00,0,2.1600,0.0981,0.2090,0.0981,1,ACTIVE,3,7,7
4186,16887,15:13:00,0,2.00,0,2.1200,0.0939,0.2090,0.0756,0,ACTIVE,3,7,7
4186,16888,15:13:30,0,21.00,0,2.0900,0.0861,0.2090,0.0650,1,ACTIVE,3,7,7
4186,16889,15:14:00,0,25.00,0,2.1600,0.0861,0.2090,0.1220,1,ACTIVE,3,7,7
4186,16890,15:14:30,0,122.00,0,3.6200,0.2440,0.3370,0.1220,1,ACTIVE,3,7,7
4186,16891,15:15:00,0,82.00,0,3.5500,0.2000,0.3370,0.1450,1,ACTIVE,3,7,7
4186,16892,15:15:30,0,25.00,0,3.6600,0.2440,0.3370,0.1580,1,ACTIVE,3,7,7
4186,16893,15:16:00,0,173.00,0,3.0600,0.2090,0.2770,0.1580,1,ACTIVE,3,7,7
4186,16894,15:16:30,0,293.00,0,6.2000,0.2490,0.6050,0.3230,1,ACTIVE,3,7,7
4186,16895,15:17:00,0,179.00,0,20.1500,2.2200,1.6400,0.8200,1,ACTIVE,3,7,7
4186,16896,15:17:30,0,131.00,0,8.5900,1.3800,0.6050,0.2280,1,ACTIVE,3,7,7
4186,16897,15:18:00,0,234.00,0,1.4300,0.0596,0.1390,0.0756,1,ACTIVE,3,7,7
4186,16898,15:18:30,0,173.00,0,2.4800,0.1120,0.2440,0.0880,1,ACTIVE,3,7,7
4186,16899,15:19:00,0,145.00,0,1.8000,0.0679,0.1760,0.0981,1,ACTIVE,3,7,7
4186,16900,15:19:30,0,99.00,0,1.8000,0.0861,0.1760,0.0650,1,ACTIVE,3,7,7
4186,16901,15:20:00,0,140.00,0,1.8100,0.0861,0.1760,0.0756,1,ACTIVE,3,7,7
4186,16902,15:20:30,0,131.00,0,1.8500,0.0981,0.1760,0.0880,1,ACTIVE,3,7,7
4186,16903,15:21:00,0,162.00,0,1.8700,0.0939,0.1760,0.1120,1,ACTIVE,3,7,7
4186,16904,15:21:30,0,92.00,0,1.7600,0.0981,0.1760,0.0038,1,ACTIVE,3,7,7
4186,16905,15:22:00,0,15.00,0,0.0000,0.0000,0.0001,0.0000,1,ACTIVE,3,7,7
4186,16906,15:22:30,0,15.00,0,0.0000,0.0000,0.0001,0.0000,1,ACTIVE,3,7,7
4186,16907,15:23:00,0,15.00,0,0.0000,0.0000,0.0001,0.0000,1,ACTIVE,3,7,7
4186,16908,15:23:30,0,15.00,0,0.0000,0.0000,0.0001,0.0000,1,ACTIVE,3,7,7
4186,16909,15:24:00,0,15.00,0,0.0000,0.0000,0.0001,0.0000,1,ACTIVE,3,7,7
4186,16910,15:24:30,0,106.00,0,,,,,1,ACTIVE,3,7,7
