mesaid,line,linetime,offwrist,activity,marker,whitelight,redlight,greenlight,bluelight,wake,interval,dayofweek,daybymidnight,daybynoon
581,1,17:06:00,1,,,,,,,,EXCLUDED,4,1,1
581,2,17:06:30,1,,,,,,,,EXCLUDED,4,1,1
581,3,17:07:00,1,,,,,,,,EXCLUDED,4,1,1
581,4,17:07:30,1,,,,,,,,EXCLUDED,4,1,1
581,5,17:08:00,1,,,,,,,,EXCLUDED,4,1,1
581,6,17:08:30,1,,,,,,,,EXCLUDED,4,1,1
581,7,17:09:00,1,,,,,,,,EXCLUDED,4,1,1
581,8,17:09:30,1,,,,,,,,EXCLUDED,4,1,1
581,9,17:10:00,1,,,,,,,,EXCLUDED,4,1,1
581,10,17:10:30,1,,,,,,,,EXCLUDED,4,1,1
581,11,17:11:00,1,,,,,,,,EXCLUDED,4,1,1
581,12,17:11:30,1,,,,,,,,EXCLUDED,4,1,1
581,13,17:12:00,1,,,,,,,,EXCLUDED,4,1,1
581,14,17:12:30,1,,,,,,,,EXCLUDED,4,1,1
581,15,17:13:00,1,,,,,,,,EXCLUDED,4,1,1
581,16,17:13:30,1,,,,,,,,EXCLUDED,4,1,1
581,17,17:14:00,1,,,,,,,,EXCLUDED,4,1,1
581,18,17:14:30,1,,,,,,,,EXCLUDED,4,1,1
581,19,17:15:00,1,,,,,,,,EXCLUDED,4,1,1
581,20,17:15:30,1,,,,,,,,EXCLUDED,4,1,1
581,21,17:16:00,1,,,,,,,,EXCLUDED,4,1,1
581,22,17:16:30,1,,,,,,,,EXCLUDED,4,1,1
581,23,17:17:00,1,,,,,,,,EXCLUDED,4,1,1
581,24,17:17:30,1,,,,,,,,EXCLUDED,4,1,1
581,25,17:18:00,1,,,,,,,,EXCLUDED,4,1,1
581,26,17:18:30,1,,,,,,,,EXCLUDED,4,1,1
581,27,17:19:00,1,,,,,,,,EXCLUDED,4,1,1
581,28,17:19:30,1,,,,,,,,EXCLUDED,4,1,1
581,29,17:20:00,1,,,,,,,,EXCLUDED,4,1,1
581,30,17:20:30,1,,,,,,,,EXCLUDED,4,1,1
581,31,17:21:00,1,,,,,,,,EXCLUDED,4,1,1
581,32,17:21:30,1,,,,,,,,EXCLUDED,4,1,1
581,33,17:22:00,1,,,,,,,,EXCLUDED,4,1,1
581,34,17:22:30,1,,,,,,,,EXCLUDED,4,1,1
581,35,17:23:00,1,,,,,,,,EXCLUDED,4,1,1
581,36,17:23:30,1,,,,,,,,EXCLUDED,4,1,1
581,37,17:24:00,1,,,,,,,,EXCLUDED,4,1,1
581,38,17:24:30,1,,,,,,,,EXCLUDED,4,1,1
581,39,17:25:00,1,,,,,,,,EXCLUDED,4,1,1
581,40,17:25:30,1,,,,,,,,EXCLUDED,4,1,1
581,41,17:26:00,1,,,,,,,,EXCLUDED,4,1,1
581,42,17:26:30,1,,,,,,,,EXCLUDED,4,1,1
581,43,17:27:00,1,,,,,,,,EXCLUDED,4,1,1
581,44,17:27:30,1,,,,,,,,EXCLUDED,4,1,1
581,45,17:28:00,1,,,,,,,,EXCLUDED,4,1,1
581,46,17:28:30,1,,,,,,,,EXCLUDED,4,1,1
581,47,17:29:00,1,,,,,,,,EXCLUDED,4,1,1
581,48,17:29:30,1,,,,,,,,EXCLUDED,4,1,1
581,49,17:30:00,1,,,,,,,,EXCLUDED,4,1,1
581,50,17:30:30,1,,,,,,,,EXCLUDED,4,1,1
581,51,17:31:00,1,,,,,,,,EXCLUDED,4,1,1
581,52,17:31:30,1,,,,,,,,EXCLUDED,4,1,1
581,53,17:32:00,1,,,,,,,,EXCLUDED,4,1,1
581,54,17:32:30,1,,,,,,,,EXCLUDED,4,1,1
581,55,17:33:00,1,,,,,,,,EXCLUDED,4,1,1
581,56,17:33:30,1,,,,,,,,EXCLUDED,4,1,1
581,57,17:34:00,1,,,,,,,,EXCLUDED,4,1,1
581,58,17:34:30,1,,,,,,,,EXCLUDED,4,1,1
581,59,17:35:00,1,,,,,,,,EXCLUDED,4,1,1
581,60,17:35:30,1,,,,,,,,EXCLUDED,4,1,1
581,61,17:36:00,1,,,,,,,,EXCLUDED,4,1,1
581,62,17:36:30,1,,,,,,,,EXCLUDED,4,1,1
581,63,17:37:00,1,,,,,,,,EXCLUDED,4,1,1
581,64,17:37:30,1,,,,,,,,EXCLUDED,4,1,1
581,65,17:38:00,1,,,,,,,,EXCLUDED,4,1,1
581,66,17:38:30,1,,,,,,,,EXCLUDED,4,1,1
581,67,17:39:00,1,,,,,,,,EXCLUDED,4,1,1
581,68,17:39:30,1,,,,,,,,EXCLUDED,4,1,1
581,69,17:40:00,1,,,,,,,,EXCLUDED,4,1,1
581,70,17:40:30,1,,,,,,,,EXCLUDED,4,1,1
581,71,17:41:00,1,,,,,,,,EXCLUDED,4,1,1
581,72,17:41:30,1,,,,,,,,EXCLUDED,4,1,1
581,73,17:42:00,1,,,,,,,,EXCLUDED,4,1,1
581,74,17:42:30,1,,,,,,,,EXCLUDED,4,1,1
581,75,17:43:00,1,,,,,,,,EXCLUDED,4,1,1
581,76,17:43:30,1,,,,,,,,EXCLUDED,4,1,1
581,77,17:44:00,1,,,,,,,,EXCLUDED,4,1,1
581,78,17:44:30,1,,,,,,,,EXCLUDED,4,1,1
581,79,17:45:00,1,,,,,,,,EXCLUDED,4,1,1
581,80,17:45:30,1,,,,,,,,EXCLUDED,4,1,1
581,81,17:46:00,1,,,,,,,,EXCLUDED,4,1,1
581,82,17:46:30,1,,,,,,,,EXCLUDED,4,1,1
581,83,17:47:00,1,,,,,,,,EXCLUDED,4,1,1
581,84,17:47:30,1,,,,,,,,EXCLUDED,4,1,1
581,85,17:48:00,1,,,,,,,,EXCLUDED,4,1,1
581,86,17:48:30,1,,,,,,,,EXCLUDED,4,1,1
581,87,17:49:00,1,,,,,,,,EXCLUDED,4,1,1
581,88,17:49:30,1,,,,,,,,EXCLUDED,4,1,1
581,89,17:50:00,1,,,,,,,,EXCLUDED,4,1,1
581,90,17:50:30,1,,,,,,,,EXCLUDED,4,1,1
581,91,17:51:00,1,,,,,,,,EXCLUDED,4,1,1
581,92,17:51:30,1,,,,,,,,EXCLUDED,4,1,1
581,93,17:52:00,1,,,,,,,,EXCLUDED,4,1,1
581,94,17:52:30,1,,,,,,,,EXCLUDED,4,1,1
581,95,17:53:00,1,,,,,,,,EXCLUDED,4,1,1
581,96,17:53:30,1,,,,,,,,EXCLUDED,4,1,1
581,97,17:54:00,1,,,,,,,,EXCLUDED,4,1,1
581,98,17:54:30,1,,,,,,,,EXCLUDED,4,1,1
581,99,17:55:00,1,,,,,,,,EXCLUDED,4,1,1
581,100,17:55:30,1,,,,,,,,EXCLUDED,4,1,1
581,101,17:56:00,1,,,,,,,,EXCLUDED,4,1,1
581,102,17:56:30,1,,,,,,,,EXCLUDED,4,1,1
581,103,17:57:00,1,,,,,,,,EXCLUDED,4,1,1
581,104,17:57:30,1,,,,,,,,EXCLUDED,4,1,1
581,105,17:58:00,1,,,,,,,,EXCLUDED,4,1,1
581,106,17:58:30,1,,,,,,,,EXCLUDED,4,1,1
581,107,17:59:00,1,,,,,,,,EXCLUDED,4,1,1
581,108,17:59:30,1,,,,,,,,EXCLUDED,4,1,1
581,109,18:00:00,1,,,,,,,,EXCLUDED,4,1,1
581,110,18:00:30,1,,,,,,,,EXCLUDED,4,1,1
581,111,18:01:00,1,,,,,,,,EXCLUDED,4,1,1
581,112,18:01:30,1,,,,,,,,EXCLUDED,4,1,1
581,113,18:02:00,1,,,,,,,,EXCLUDED,4,1,1
581,114,18:02:30,1,,,,,,,,EXCLUDED,4,1,1
581,115,18:03:00,1,,,,,,,,EXCLUDED,4,1,1
581,116,18:03:30,1,,,,,,,,EXCLUDED,4,1,1
581,117,18:04:00,1,,,,,,,,EXCLUDED,4,1,1
581,118,18:04:30,1,,,,,,,,EXCLUDED,4,1,1
581,119,18:05:00,1,,,,,,,,EXCLUDED,4,1,1
581,120,18:05:30,1,,,,,,,,EXCLUDED,4,1,1
581,121,18:06:00,1,,,,,,,,EXCLUDED,4,1,1
581,122,18:06:30,1,,,,,,,,EXCLUDED,4,1,1
581,123,18:07:00,1,,,,,,,,EXCLUDED,4,1,1
581,124,18:07:30,1,,,,,,,,EXCLUDED,4,1,1
581,125,18:08:00,1,,,,,,,,EXCLUDED,4,1,1
581,126,18:08:30,1,,,,,,,,EXCLUDED,4,1,1
581,127,18:09:00,1,,,,,,,,EXCLUDED,4,1,1
581,128,18:09:30,1,,,,,,,,EXCLUDED,4,1,1
581,129,18:10:00,1,,,,,,,,EXCLUDED,4,1,1
581,130,18:10:30,1,,,,,,,,EXCLUDED,4,1,1
581,131,18:11:00,1,,,,,,,,EXCLUDED,4,1,1
581,132,18:11:30,1,,,,,,,,EXCLUDED,4,1,1
581,133,18:12:00,1,,,,,,,,EXCLUDED,4,1,1
581,134,18:12:30,1,,,,,,,,EXCLUDED,4,1,1
581,135,18:13:00,1,,,,,,,,EXCLUDED,4,1,1
581,136,18:13:30,1,,,,,,,,EXCLUDED,4,1,1
581,137,18:14:00,1,,,,,,,,EXCLUDED,4,1,1
581,138,18:14:30,1,,,,,,,,EXCLUDED,4,1,1
581,139,18:15:00,1,,,,,,,,EXCLUDED,4,1,1
581,140,18:15:30,1,,,,,,,,EXCLUDED,4,1,1
581,141,18:16:00,1,,,,,,,,EXCLUDED,4,1,1
581,142,18:16:30,1,,,,,,,,EXCLUDED,4,1,1
581,143,18:17:00,1,,,,,,,,EXCLUDED,4,1,1
581,144,18:17:30,1,,,,,,,,EXCLUDED,4,1,1
581,145,18:18:00,1,,,,,,,,EXCLUDED,4,1,1
581,146,18:18:30,1,,,,,,,,EXCLUDED,4,1,1
581,147,18:19:00,1,,,,,,,,EXCLUDED,4,1,1
581,148,18:19:30,1,,,,,,,,EXCLUDED,4,1,1
581,149,18:20:00,1,,,,,,,,EXCLUDED,4,1,1
581,150,18:20:30,1,,,,,,,,EXCLUDED,4,1,1
581,151,18:21:00,1,,,,,,,,EXCLUDED,4,1,1
581,152,18:21:30,1,,,,,,,,EXCLUDED,4,1,1
581,153,18:22:00,1,,,,,,,,EXCLUDED,4,1,1
581,154,18:22:30,1,,,,,,,,EXCLUDED,4,1,1
581,155,18:23:00,1,,,,,,,,EXCLUDED,4,1,1
581,156,18:23:30,1,,,,,,,,EXCLUDED,4,1,1
581,157,18:24:00,1,,,,,,,,EXCLUDED,4,1,1
581,158,18:24:30,1,,,,,,,,EXCLUDED,4,1,1
581,159,18:25:00,1,,,,,,,,EXCLUDED,4,1,1
581,160,18:25:30,1,,,,,,,,EXCLUDED,4,1,1
581,161,18:26:00,1,,,,,,,,EXCLUDED,4,1,1
581,162,18:26:30,1,,,,,,,,EXCLUDED,4,1,1
581,163,18:27:00,1,,,,,,,,EXCLUDED,4,1,1
581,164,18:27:30,1,,,,,,,,EXCLUDED,4,1,1
581,165,18:28:00,1,,,,,,,,EXCLUDED,4,1,1
581,166,18:28:30,1,,,,,,,,EXCLUDED,4,1,1
581,167,18:29:00,1,,,,,,,,EXCLUDED,4,1,1
581,168,18:29:30,1,,,,,,,,EXCLUDED,4,1,1
581,169,18:30:00,1,,,,,,,,EXCLUDED,4,1,1
581,170,18:30:30,1,,,,,,,,EXCLUDED,4,1,1
581,171,18:31:00,1,,,,,,,,EXCLUDED,4,1,1
581,172,18:31:30,1,,,,,,,,EXCLUDED,4,1,1
581,173,18:32:00,1,,,,,,,,EXCLUDED,4,1,1
581,174,18:32:30,1,,,,,,,,EXCLUDED,4,1,1
581,175,18:33:00,1,,,,,,,,EXCLUDED,4,1,1
581,176,18:33:30,1,,,,,,,,EXCLUDED,4,1,1
581,177,18:34:00,1,,,,,,,,EXCLUDED,4,1,1
581,178,18:34:30,1,,,,,,,,EXCLUDED,4,1,1
581,179,18:35:00,1,,,,,,,,EXCLUDED,4,1,1
581,180,18:35:30,1,,,,,,,,EXCLUDED,4,1,1
581,181,18:36:00,1,,,,,,,,EXCLUDED,4,1,1
581,182,18:36:30,1,,,,,,,,EXCLUDED,4,1,1
581,183,18:37:00,1,,,,,,,,EXCLUDED,4,1,1
581,184,18:37:30,1,,,,,,,,EXCLUDED,4,1,1
581,185,18:38:00,1,,,,,,,,EXCLUDED,4,1,1
581,186,18:38:30,1,,,,,,,,EXCLUDED,4,1,1
581,187,18:39:00,1,,,,,,,,EXCLUDED,4,1,1
581,188,18:39:30,1,,,,,,,,EXCLUDED,4,1,1
581,189,18:40:00,1,,,,,,,,EXCLUDED,4,1,1
581,190,18:40:30,1,,,,,,,,EXCLUDED,4,1,1
581,191,18:41:00,1,,,,,,,,EXCLUDED,4,1,1
581,192,18:41:30,1,,,,,,,,EXCLUDED,4,1,1
581,193,18:42:00,1,,,,,,,,EXCLUDED,4,1,1
581,194,18:42:30,1,,,,,,,,EXCLUDED,4,1,1
581,195,18:43:00,1,,,,,,,,EXCLUDED,4,1,1
581,196,18:43:30,1,,,,,,,,EXCLUDED,4,1,1
581,197,18:44:00,1,,,,,,,,EXCLUDED,4,1,1
581,198,18:44:30,1,,,,,,,,EXCLUDED,4,1,1
581,199,18:45:00,1,,,,,,,,EXCLUDED,4,1,1
581,200,18:45:30,1,,,,,,,,EXCLUDED,4,1,1
581,201,18:46:00,1,,,,,,,,EXCLUDED,4,1,1
581,202,18:46:30,1,,,,,,,,EXCLUDED,4,1,1
581,203,18:47:00,1,,,,,,,,EXCLUDED,4,1,1
581,204,18:47:30,1,,,,,,,,EXCLUDED,4,1,1
581,205,18:48:00,1,,,,,,,,EXCLUDED,4,1,1
581,206,18:48:30,1,,,,,,,,EXCLUDED,4,1,1
581,207,18:49:00,1,,,,,,,,EXCLUDED,4,1,1
581,208,18:49:30,1,,,,,,,,EXCLUDED,4,1,1
581,209,18:50:00,1,,,,,,,,EXCLUDED,4,1,1
581,210,18:50:30,1,,,,,,,,EXCLUDED,4,1,1
581,211,18:51:00,1,,,,,,,,EXCLUDED,4,1,1
581,212,18:51:30,1,,,,,,,,EXCLUDED,4,1,1
581,213,18:52:00,1,,,,,,,,EXCLUDED,4,1,1
581,214,18:52:30,1,,,,,,,,EXCLUDED,4,1,1
581,215,18:53:00,1,,,,,,,,EXCLUDED,4,1,1
581,216,18:53:30,1,,,,,,,,EXCLUDED,4,1,1
581,217,18:54:00,1,,,,,,,,EXCLUDED,4,1,1
581,218,18:54:30,1,,,,,,,,EXCLUDED,4,1,1
581,219,18:55:00,1,,,,,,,,EXCLUDED,4,1,1
581,220,18:55:30,1,,,,,,,,EXCLUDED,4,1,1
581,221,18:56:00,1,,,,,,,,EXCLUDED,4,1,1
581,222,18:56:30,1,,,,,,,,EXCLUDED,4,1,1
581,223,18:57:00,1,,,,,,,,EXCLUDED,4,1,1
581,224,18:57:30,1,,,,,,,,EXCLUDED,4,1,1
581,225,18:58:00,1,,,,,,,,EXCLUDED,4,1,1
581,226,18:58:30,1,,,,,,,,EXCLUDED,4,1,1
581,227,18:59:00,1,,,,,,,,EXCLUDED,4,1,1
581,228,18:59:30,1,,,,,,,,EXCLUDED,4,1,1
581,229,19:00:00,1,,,,,,,,EXCLUDED,4,1,1
581,230,19:00:30,1,,,,,,,,EXCLUDED,4,1,1
581,231,19:01:00,1,,,,,,,,EXCLUDED,4,1,1
581,232,19:01:30,1,,,,,,,,EXCLUDED,4,1,1
581,233,19:02:00,1,,,,,,,,EXCLUDED,4,1,1
581,234,19:02:30,1,,,,,,,,EXCLUDED,4,1,1
581,235,19:03:00,1,,,,,,,,EXCLUDED,4,1,1
581,236,19:03:30,1,,,,,,,,EXCLUDED,4,1,1
581,237,19:04:00,1,,,,,,,,EXCLUDED,4,1,1
581,238,19:04:30,1,,,,,,,,EXCLUDED,4,1,1
581,239,19:05:00,1,,,,,,,,EXCLUDED,4,1,1
581,240,19:05:30,1,,,,,,,,EXCLUDED,4,1,1
581,241,19:06:00,1,,,,,,,,EXCLUDED,4,1,1
581,242,19:06:30,1,,,,,,,,EXCLUDED,4,1,1
581,243,19:07:00,1,,,,,,,,EXCLUDED,4,1,1
581,244,19:07:30,1,,,,,,,,EXCLUDED,4,1,1
581,245,19:08:00,1,,,,,,,,EXCLUDED,4,1,1
581,246,19:08:30,1,,,,,,,,EXCLUDED,4,1,1
581,247,19:09:00,1,,,,,,,,EXCLUDED,4,1,1
581,248,19:09:30,1,,,,,,,,EXCLUDED,4,1,1
581,249,19:10:00,1,,,,,,,,EXCLUDED,4,1,1
581,250,19:10:30,1,,,,,,,,EXCLUDED,4,1,1
581,251,19:11:00,1,,,,,,,,EXCLUDED,4,1,1
581,252,19:11:30,1,,,,,,,,EXCLUDED,4,1,1
581,253,19:12:00,1,,,,,,,,EXCLUDED,4,1,1
581,254,19:12:30,1,,,,,,,,EXCLUDED,4,1,1
581,255,19:13:00,1,,,,,,,,EXCLUDED,4,1,1
581,256,19:13:30,1,,,,,,,,EXCLUDED,4,1,1
581,257,19:14:00,1,,,,,,,,EXCLUDED,4,1,1
581,258,19:14:30,1,,,,,,,,EXCLUDED,4,1,1
581,259,19:15:00,1,,,,,,,,EXCLUDED,4,1,1
581,260,19:15:30,1,,,,,,,,EXCLUDED,4,1,1
581,261,19:16:00,1,,,,,,,,EXCLUDED,4,1,1
581,262,19:16:30,1,,,,,,,,EXCLUDED,4,1,1
581,263,19:17:00,1,,,,,,,,EXCLUDED,4,1,1
581,264,19:17:30,1,,,,,,,,EXCLUDED,4,1,1
581,265,19:18:00,1,,,,,,,,EXCLUDED,4,1,1
581,266,19:18:30,1,,,,,,,,EXCLUDED,4,1,1
581,267,19:19:00,1,,,,,,,,EXCLUDED,4,1,1
581,268,19:19:30,1,,,,,,,,EXCLUDED,4,1,1
581,269,19:20:00,1,,,,,,,,EXCLUDED,4,1,1
581,270,19:20:30,1,,,,,,,,EXCLUDED,4,1,1
581,271,19:21:00,1,,,,,,,,EXCLUDED,4,1,1
581,272,19:21:30,1,,,,,,,,EXCLUDED,4,1,1
581,273,19:22:00,1,,,,,,,,EXCLUDED,4,1,1
581,274,19:22:30,1,,,,,,,,EXCLUDED,4,1,1
581,275,19:23:00,1,,,,,,,,EXCLUDED,4,1,1
581,276,19:23:30,1,,,,,,,,EXCLUDED,4,1,1
581,277,19:24:00,1,,,,,,,,EXCLUDED,4,1,1
581,278,19:24:30,1,,,,,,,,EXCLUDED,4,1,1
581,279,19:25:00,1,,,,,,,,EXCLUDED,4,1,1
581,280,19:25:30,1,,,,,,,,EXCLUDED,4,1,1
581,281,19:26:00,1,,,,,,,,EXCLUDED,4,1,1
581,282,19:26:30,1,,,,,,,,EXCLUDED,4,1,1
581,283,19:27:00,1,,,,,,,,EXCLUDED,4,1,1
581,284,19:27:30,1,,,,,,,,EXCLUDED,4,1,1
581,285,19:28:00,1,,,,,,,,EXCLUDED,4,1,1
581,286,19:28:30,1,,,,,,,,EXCLUDED,4,1,1
581,287,19:29:00,1,,,,,,,,EXCLUDED,4,1,1
581,288,19:29:30,1,,,,,,,,EXCLUDED,4,1,1
581,289,19:30:00,1,,,,,,,,EXCLUDED,4,1,1
581,290,19:30:30,1,,,,,,,,EXCLUDED,4,1,1
581,291,19:31:00,1,,,,,,,,EXCLUDED,4,1,1
581,292,19:31:30,1,,,,,,,,EXCLUDED,4,1,1
581,293,19:32:00,1,,,,,,,,EXCLUDED,4,1,1
581,294,19:32:30,1,,,,,,,,EXCLUDED,4,1,1
581,295,19:33:00,1,,,,,,,,EXCLUDED,4,1,1
581,296,19:33:30,1,,,,,,,,EXCLUDED,4,1,1
581,297,19:34:00,1,,,,,,,,EXCLUDED,4,1,1
581,298,19:34:30,1,,,,,,,,EXCLUDED,4,1,1
581,299,19:35:00,1,,,,,,,,EXCLUDED,4,1,1
581,300,19:35:30,1,,,,,,,,EXCLUDED,4,1,1
581,301,19:36:00,1,,,,,,,,EXCLUDED,4,1,1
581,302,19:36:30,1,,,,,,,,EXCLUDED,4,1,1
581,303,19:37:00,1,,,,,,,,EXCLUDED,4,1,1
581,304,19:37:30,1,,,,,,,,EXCLUDED,4,1,1
581,305,19:38:00,1,,,,,,,,EXCLUDED,4,1,1
581,306,19:38:30,1,,,,,,,,EXCLUDED,4,1,1
581,307,19:39:00,1,,,,,,,,EXCLUDED,4,1,1
581,308,19:39:30,1,,,,,,,,EXCLUDED,4,1,1
581,309,19:40:00,1,,,,,,,,EXCLUDED,4,1,1
581,310,19:40:30,1,,,,,,,,EXCLUDED,4,1,1
581,311,19:41:00,1,,,,,,,,EXCLUDED,4,1,1
581,312,19:41:30,1,,,,,,,,EXCLUDED,4,1,1
581,313,19:42:00,1,,,,,,,,EXCLUDED,4,1,1
581,314,19:42:30,1,,,,,,,,EXCLUDED,4,1,1
581,315,19:43:00,1,,,,,,,,EXCLUDED,4,1,1
581,316,19:43:30,1,,,,,,,,EXCLUDED,4,1,1
581,317,19:44:00,1,,,,,,,,EXCLUDED,4,1,1
581,318,19:44:30,1,,,,,,,,EXCLUDED,4,1,1
581,319,19:45:00,1,,,,,,,,EXCLUDED,4,1,1
581,320,19:45:30,1,,,,,,,,EXCLUDED,4,1,1
581,321,19:46:00,1,,,,,,,,EXCLUDED,4,1,1
581,322,19:46:30,1,,,,,,,,EXCLUDED,4,1,1
581,323,19:47:00,1,,,,,,,,EXCLUDED,4,1,1
581,324,19:47:30,1,,,,,,,,EXCLUDED,4,1,1
581,325,19:48:00,1,,,,,,,,EXCLUDED,4,1,1
581,326,19:48:30,1,,,,,,,,EXCLUDED,4,1,1
581,327,19:49:00,1,,,,,,,,EXCLUDED,4,1,1
581,328,19:49:30,1,,,,,,,,EXCLUDED,4,1,1
581,329,19:50:00,1,,,,,,,,EXCLUDED,4,1,1
581,330,19:50:30,1,,,,,,,,EXCLUDED,4,1,1
581,331,19:51:00,1,,,,,,,,EXCLUDED,4,1,1
581,332,19:51:30,1,,,,,,,,EXCLUDED,4,1,1
581,333,19:52:00,1,,,,,,,,EXCLUDED,4,1,1
581,334,19:52:30,1,,,,,,,,EXCLUDED,4,1,1
581,335,19:53:00,1,,,,,,,,EXCLUDED,4,1,1
581,336,19:53:30,1,,,,,,,,EXCLUDED,4,1,1
581,337,19:54:00,1,,,,,,,,EXCLUDED,4,1,1
581,338,19:54:30,1,,,,,,,,EXCLUDED,4,1,1
581,339,19:55:00,1,,,,,,,,EXCLUDED,4,1,1
581,340,19:55:30,1,,,,,,,,EXCLUDED,4,1,1
581,341,19:56:00,1,,,,,,,,EXCLUDED,4,1,1
581,342,19:56:30,1,,,,,,,,EXCLUDED,4,1,1
581,343,19:57:00,1,,,,,,,,EXCLUDED,4,1,1
581,344,19:57:30,1,,,,,,,,EXCLUDED,4,1,1
581,345,19:58:00,1,,,,,,,,EXCLUDED,4,1,1
581,346,19:58:30,1,,,,,,,,EXCLUDED,4,1,1
581,347,19:59:00,1,,,,,,,,EXCLUDED,4,1,1
581,348,19:59:30,1,,,,,,,,EXCLUDED,4,1,1
581,349,20:00:00,1,,,,,,,,EXCLUDED,4,1,1
581,350,20:00:30,1,,,,,,,,EXCLUDED,4,1,1
581,351,20:01:00,1,,,,,,,,EXCLUDED,4,1,1
581,352,20:01:30,1,,,,,,,,EXCLUDED,4,1,1
581,353,20:02:00,1,,,,,,,,EXCLUDED,4,1,1
581,354,20:02:30,1,,,,,,,,EXCLUDED,4,1,1
581,355,20:03:00,1,,,,,,,,EXCLUDED,4,1,1
581,356,20:03:30,1,,,,,,,,EXCLUDED,4,1,1
581,357,20:04:00,1,,,,,,,,EXCLUDED,4,1,1
581,358,20:04:30,1,,,,,,,,EXCLUDED,4,1,1
581,359,20:05:00,1,,,,,,,,EXCLUDED,4,1,1
581,360,20:05:30,1,,,,,,,,EXCLUDED,4,1,1
581,361,20:06:00,1,,,,,,,,EXCLUDED,4,1,1
581,362,20:06:30,1,,,,,,,,EXCLUDED,4,1,1
581,363,20:07:00,1,,,,,,,,EXCLUDED,4,1,1
581,364,20:07:30,1,,,,,,,,EXCLUDED,4,1,1
581,365,20:08:00,1,,,,,,,,EXCLUDED,4,1,1
581,366,20:08:30,1,,,,,,,,EXCLUDED,4,1,1
581,367,20:09:00,1,,,,,,,,EXCLUDED,4,1,1
581,368,20:09:30,1,,,,,,,,EXCLUDED,4,1,1
581,369,20:10:00,1,,,,,,,,EXCLUDED,4,1,1
581,370,20:10:30,1,,,,,,,,EXCLUDED,4,1,1
581,371,20:11:00,1,,,,,,,,EXCLUDED,4,1,1
581,372,20:11:30,1,,,,,,,,EXCLUDED,4,1,1
581,373,20:12:00,1,,,,,,,,EXCLUDED,4,1,1
581,374,20:12:30,1,,,,,,,,EXCLUDED,4,1,1
581,375,20:13:00,1,,,,,,,,EXCLUDED,4,1,1
581,376,20:13:30,1,,,,,,,,EXCLUDED,4,1,1
581,377,20:14:00,1,,,,,,,,EXCLUDED,4,1,1
581,378,20:14:30,1,,,,,,,,EXCLUDED,4,1,1
581,379,20:15:00,1,,,,,,,,EXCLUDED,4,1,1
581,380,20:15:30,1,,,,,,,,EXCLUDED,4,1,1
581,381,20:16:00,1,,,,,,,,EXCLUDED,4,1,1
581,382,20:16:30,1,,,,,,,,EXCLUDED,4,1,1
581,383,20:17:00,1,,,,,,,,EXCLUDED,4,1,1
581,384,20:17:30,1,,,,,,,,EXCLUDED,4,1,1
581,385,20:18:00,1,,,,,,,,EXCLUDED,4,1,1
581,386,20:18:30,1,,,,,,,,EXCLUDED,4,1,1
581,387,20:19:00,1,,,,,,,,EXCLUDED,4,1,1
581,388,20:19:30,1,,,,,,,,EXCLUDED,4,1,1
581,389,20:20:00,1,,,,,,,,EXCLUDED,4,1,1
581,390,20:20:30,1,,,,,,,,EXCLUDED,4,1,1
581,391,20:21:00,1,,,,,,,,EXCLUDED,4,1,1
581,392,20:21:30,1,,,,,,,,EXCLUDED,4,1,1
581,393,20:22:00,1,,,,,,,,EXCLUDED,4,1,1
581,394,20:22:30,1,,,,,,,,EXCLUDED,4,1,1
581,395,20:23:00,1,,,,,,,,EXCLUDED,4,1,1
581,396,20:23:30,1,,,,,,,,EXCLUDED,4,1,1
581,397,20:24:00,1,,,,,,,,EXCLUDED,4,1,1
581,398,20:24:30,1,,,,,,,,EXCLUDED,4,1,1
581,399,20:25:00,1,,,,,,,,EXCLUDED,4,1,1
581,400,20:25:30,1,,,,,,,,EXCLUDED,4,1,1
581,401,20:26:00,1,,,,,,,,EXCLUDED,4,1,1
581,402,20:26:30,1,,,,,,,,EXCLUDED,4,1,1
581,403,20:27:00,1,,,,,,,,EXCLUDED,4,1,1
581,404,20:27:30,1,,,,,,,,EXCLUDED,4,1,1
581,405,20:28:00,1,,,,,,,,EXCLUDED,4,1,1
581,406,20:28:30,1,,,,,,,,EXCLUDED,4,1,1
581,407,20:29:00,1,,,,,,,,EXCLUDED,4,1,1
581,408,20:29:30,1,,,,,,,,EXCLUDED,4,1,1
581,409,20:30:00,1,,,,,,,,EXCLUDED,4,1,1
581,410,20:30:30,1,,,,,,,,EXCLUDED,4,1,1
581,411,20:31:00,1,,,,,,,,EXCLUDED,4,1,1
581,412,20:31:30,1,,,,,,,,EXCLUDED,4,1,1
581,413,20:32:00,1,,,,,,,,EXCLUDED,4,1,1
581,414,20:32:30,1,,,,,,,,EXCLUDED,4,1,1
581,415,20:33:00,1,,,,,,,,EXCLUDED,4,1,1
581,416,20:33:30,1,,,,,,,,EXCLUDED,4,1,1
581,417,20:34:00,1,,,,,,,,EXCLUDED,4,1,1
581,418,20:34:30,1,,,,,,,,EXCLUDED,4,1,1
581,419,20:35:00,1,,,,,,,,EXCLUDED,4,1,1
581,420,20:35:30,1,,,,,,,,EXCLUDED,4,1,1
581,421,20:36:00,1,,,,,,,,EXCLUDED,4,1,1
581,422,20:36:30,1,,,,,,,,EXCLUDED,4,1,1
581,423,20:37:00,1,,,,,,,,EXCLUDED,4,1,1
581,424,20:37:30,1,,,,,,,,EXCLUDED,4,1,1
581,425,20:38:00,1,,,,,,,,EXCLUDED,4,1,1
581,426,20:38:30,1,,,,,,,,EXCLUDED,4,1,1
581,427,20:39:00,1,,,,,,,,EXCLUDED,4,1,1
581,428,20:39:30,1,,,,,,,,EXCLUDED,4,1,1
581,429,20:40:00,1,,,,,,,,EXCLUDED,4,1,1
581,430,20:40:30,1,,,,,,,,EXCLUDED,4,1,1
581,431,20:41:00,1,,,,,,,,EXCLUDED,4,1,1
581,432,20:41:30,1,,,,,,,,EXCLUDED,4,1,1
581,433,20:42:00,1,,,,,,,,EXCLUDED,4,1,1
581,434,20:42:30,1,,,,,,,,EXCLUDED,4,1,1
581,435,20:43:00,1,,,,,,,,EXCLUDED,4,1,1
581,436,20:43:30,1,,,,,,,,EXCLUDED,4,1,1
581,437,20:44:00,1,,,,,,,,EXCLUDED,4,1,1
581,438,20:44:30,1,,,,,,,,EXCLUDED,4,1,1
581,439,20:45:00,1,,,,,,,,EXCLUDED,4,1,1
581,440,20:45:30,1,,,,,,,,EXCLUDED,4,1,1
581,441,20:46:00,1,,,,,,,,EXCLUDED,4,1,1
581,442,20:46:30,1,,,,,,,,EXCLUDED,4,1,1
581,443,20:47:00,1,,,,,,,,EXCLUDED,4,1,1
581,444,20:47:30,1,,,,,,,,EXCLUDED,4,1,1
581,445,20:48:00,1,,,,,,,,EXCLUDED,4,1,1
581,446,20:48:30,1,,,,,,,,EXCLUDED,4,1,1
581,447,20:49:00,1,,,,,,,,EXCLUDED,4,1,1
581,448,20:49:30,1,,,,,,,,EXCLUDED,4,1,1
581,449,20:50:00,1,,,,,,,,EXCLUDED,4,1,1
581,450,20:50:30,1,,,,,,,,EXCLUDED,4,1,1
581,451,20:51:00,1,,,,,,,,EXCLUDED,4,1,1
581,452,20:51:30,1,,,,,,,,EXCLUDED,4,1,1
581,453,20:52:00,1,,,,,,,,EXCLUDED,4,1,1
581,454,20:52:30,1,,,,,,,,EXCLUDED,4,1,1
581,455,20:53:00,1,,,,,,,,EXCLUDED,4,1,1
581,456,20:53:30,1,,,,,,,,EXCLUDED,4,1,1
581,457,20:54:00,1,,,,,,,,EXCLUDED,4,1,1
581,458,20:54:30,1,,,,,,,,EXCLUDED,4,1,1
581,459,20:55:00,1,,,,,,,,EXCLUDED,4,1,1
581,460,20:55:30,1,,,,,,,,EXCLUDED,4,1,1
581,461,20:56:00,1,,,,,,,,EXCLUDED,4,1,1
581,462,20:56:30,1,,,,,,,,EXCLUDED,4,1,1
581,463,20:57:00,1,,,,,,,,EXCLUDED,4,1,1
581,464,20:57:30,1,,,,,,,,EXCLUDED,4,1,1
581,465,20:58:00,1,,,,,,,,EXCLUDED,4,1,1
581,466,20:58:30,1,,,,,,,,EXCLUDED,4,1,1
581,467,20:59:00,1,,,,,,,,EXCLUDED,4,1,1
581,468,20:59:30,1,,,,,,,,EXCLUDED,4,1,1
581,469,21:00:00,1,,,,,,,,EXCLUDED,4,1,1
581,470,21:00:30,1,,,,,,,,EXCLUDED,4,1,1
581,471,21:01:00,1,,,,,,,,EXCLUDED,4,1,1
581,472,21:01:30,1,,,,,,,,EXCLUDED,4,1,1
581,473,21:02:00,1,,,,,,,,EXCLUDED,4,1,1
581,474,21:02:30,1,,,,,,,,EXCLUDED,4,1,1
581,475,21:03:00,1,,,,,,,,EXCLUDED,4,1,1
581,476,21:03:30,1,,,,,,,,EXCLUDED,4,1,1
581,477,21:04:00,1,,,,,,,,EXCLUDED,4,1,1
581,478,21:04:30,1,,,,,,,,EXCLUDED,4,1,1
581,479,21:05:00,1,,,,,,,,EXCLUDED,4,1,1
581,480,21:05:30,1,,,,,,,,EXCLUDED,4,1,1
581,481,21:06:00,1,,,,,,,,EXCLUDED,4,1,1
581,482,21:06:30,1,,,,,,,,EXCLUDED,4,1,1
581,483,21:07:00,1,,,,,,,,EXCLUDED,4,1,1
581,484,21:07:30,1,,,,,,,,EXCLUDED,4,1,1
581,485,21:08:00,1,,,,,,,,EXCLUDED,4,1,1
581,486,21:08:30,1,,,,,,,,EXCLUDED,4,1,1
581,487,21:09:00,1,,,,,,,,EXCLUDED,4,1,1
581,488,21:09:30,1,,,,,,,,EXCLUDED,4,1,1
581,489,21:10:00,1,,,,,,,,EXCLUDED,4,1,1
581,490,21:10:30,1,,,,,,,,EXCLUDED,4,1,1
581,491,21:11:00,1,,,,,,,,EXCLUDED,4,1,1
581,492,21:11:30,1,,,,,,,,EXCLUDED,4,1,1
581,493,21:12:00,1,,,,,,,,EXCLUDED,4,1,1
581,494,21:12:30,1,,,,,,,,EXCLUDED,4,1,1
581,495,21:13:00,1,,,,,,,,EXCLUDED,4,1,1
581,496,21:13:30,1,,,,,,,,EXCLUDED,4,1,1
581,497,21:14:00,1,,,,,,,,EXCLUDED,4,1,1
581,498,21:14:30,1,,,,,,,,EXCLUDED,4,1,1
581,499,21:15:00,1,,,,,,,,EXCLUDED,4,1,1
581,500,21:15:30,1,,,,,,,,EXCLUDED,4,1,1
581,501,21:16:00,1,,,,,,,,EXCLUDED,4,1,1
581,502,21:16:30,1,,,,,,,1,EXCLUDED,4,1,1
581,503,21:17:00,1,,,,,,,1,EXCLUDED,4,1,1
581,504,21:17:30,1,,,,,,,1,EXCLUDED,4,1,1
581,505,21:18:00,1,,,,,,,1,EXCLUDED,4,1,1
581,506,21:18:30,0,23.00,0,35.0700,8.5000,1.8300,0.2540,1,ACTIVE,4,1,1
581,507,21:19:00,0,19.00,1,22.4600,5.2800,1.2100,0.1720,1,ACTIVE,4,1,1
581,508,21:19:30,0,42.00,0,33.5500,7.9700,1.7900,0.2600,1,ACTIVE,4,1,1
581,509,21:20:00,0,6.00,0,12.3100,3.1400,0.6050,0.0694,0,ACTIVE,4,1,1
581,510,21:20:30,0,0.00,0,2.3500,0.7850,0.0694,0.0117,0,ACTIVE,4,1,1
581,511,21:21:00,0,0.00,0,2.6000,0.8940,0.0694,0.0117,0,ACTIVE,4,1,1
581,512,21:21:30,0,0.00,0,3.0200,1.0900,0.0694,0.0117,0,ACTIVE,4,1,1
581,513,21:22:00,0,5.00,0,12.9100,4.1600,0.4190,0.0460,0,ACTIVE,4,1,1
581,514,21:22:30,0,75.00,0,6.1600,1.7900,0.2490,0.0279,1,ACTIVE,4,1,1
581,515,21:23:00,0,0.00,0,9.9800,2.6400,0.4670,0.0535,0,ACTIVE,4,1,1
581,516,21:23:30,0,0.00,0,10.1600,2.6400,0.4870,0.0535,0,ACTIVE,4,1,1
581,517,21:24:00,0,0.00,0,9.8500,2.5800,0.4670,0.0535,0,ACTIVE,4,1,1
581,518,21:24:30,0,0.00,0,8.8400,2.3200,0.4190,0.0460,0,ACTIVE,4,1,1
581,519,21:25:00,0,0.00,0,8.3100,2.2200,0.3840,0.0395,0,ACTIVE,4,1,1
581,520,21:25:30,0,0.00,0,7.8900,2.1300,0.3600,0.0395,0,ACTIVE,4,1,1
581,521,21:26:00,0,0.00,0,6.5100,1.6700,0.3160,0.0395,0,ACTIVE,4,1,1
581,522,21:26:30,0,0.00,0,6.1300,1.5000,0.3160,0.0347,0,ACTIVE,4,1,1
581,523,21:27:00,0,79.00,0,8.9100,2.2700,0.4370,0.0571,1,ACTIVE,4,1,1
581,524,21:27:30,0,0.00,0,20.8400,5.0600,1.0900,0.1420,0,ACTIVE,4,1,1
581,525,21:28:00,0,52.00,0,13.5000,3.2100,0.7200,0.0939,1,ACTIVE,4,1,1
581,526,21:28:30,0,59.00,0,8.8400,2.1300,0.4670,0.0535,1,ACTIVE,4,1,1
581,527,21:29:00,0,0.00,0,6.7500,1.7900,0.3160,0.0279,0,ACTIVE,4,1,1
581,528,21:29:30,0,0.00,0,5.9800,1.4400,0.3160,0.0279,0,ACTIVE,4,1,1
581,529,21:30:00,0,0.00,0,5.1300,1.3200,0.2490,0.0279,0,ACTIVE,4,1,1
581,530,21:30:30,0,7.00,0,8.1000,2.1300,0.3840,0.0395,0,ACTIVE,4,1,1
581,531,21:31:00,0,27.00,0,5.3100,1.2400,0.2900,0.0395,1,ACTIVE,4,1,1
581,532,21:31:30,0,11.00,0,4.5000,1.1300,0.2230,0.0347,1,ACTIVE,4,1,1
581,533,21:32:00,0,0.00,0,5.4400,1.2900,0.2900,0.0395,0,ACTIVE,4,1,1
581,534,21:32:30,0,66.00,0,4.8900,1.2100,0.2490,0.0347,1,ACTIVE,4,1,1
581,535,21:33:00,0,75.00,0,3.9800,0.9960,0.2000,0.0230,1,ACTIVE,4,1,1
581,536,21:33:30,0,0.00,0,3.3100,0.8940,0.1510,0.0115,1,ACTIVE,4,1,1
581,537,21:34:00,0,40.00,0,4.2300,1.1100,0.2000,0.0162,1,ACTIVE,4,1,1
581,538,21:34:30,0,49.00,0,4.7200,1.2400,0.2230,0.0230,1,ACTIVE,4,1,1
581,539,21:35:00,0,18.00,0,5.2600,1.3800,0.2490,0.0279,1,ACTIVE,4,1,1
581,540,21:35:30,0,82.00,0,6.2000,1.5400,0.3160,0.0347,1,ACTIVE,4,1,1
581,541,21:36:00,0,214.00,0,6.2500,1.4700,0.3370,0.0460,1,ACTIVE,4,1,1
581,542,21:36:30,0,207.00,0,0.7000,0.3160,0.0000,0.0000,1,ACTIVE,4,1,1
581,543,21:37:00,0,119.00,0,0.5300,0.2380,0.0000,0.0000,1,ACTIVE,4,1,1
581,544,21:37:30,0,133.00,0,0.6000,0.2720,0.0000,0.0000,1,ACTIVE,4,1,1
581,545,21:38:00,0,5.00,0,0.4300,0.1960,0.0000,0.0000,1,ACTIVE,4,1,1
581,546,21:38:30,0,14.00,0,0.4500,0.2050,0.0000,0.0000,1,ACTIVE,4,1,1
581,547,21:39:00,0,8.00,0,0.4800,0.2190,0.0000,0.0000,1,ACTIVE,4,1,1
581,548,21:39:30,0,147.00,0,0.4800,0.2190,0.0000,0.0000,1,ACTIVE,4,1,1
581,549,21:40:00,0,93.00,0,0.3600,0.1650,0.0000,0.0000,1,ACTIVE,4,1,1
581,550,21:40:30,0,123.00,0,0.3200,0.1450,0.0000,0.0000,1,ACTIVE,4,1,1
581,551,21:41:00,0,47.00,0,0.4700,0.2140,0.0000,0.0000,1,ACTIVE,4,1,1
581,552,21:41:30,0,0.00,0,0.5000,0.2280,0.0000,0.0000,1,ACTIVE,4,1,1
581,553,21:42:00,0,0.00,0,0.5300,0.2380,0.0000,0.0000,0,ACTIVE,4,1,1
581,554,21:42:30,0,5.00,0,0.4800,0.2190,0.0000,0.0000,0,ACTIVE,4,1,1
581,555,21:43:00,0,5.00,0,0.4700,0.2140,0.0000,0.0000,0,ACTIVE,4,1,1
581,556,21:43:30,0,0.00,0,0.4800,0.2190,0.0000,0.0000,0,ACTIVE,4,1,1
581,557,21:44:00,0,0.00,0,0.4800,0.2190,0.0000,0.0000,0,ACTIVE,4,1,1
581,558,21:44:30,0,0.00,0,0.4700,0.2140,0.0000,0.0000,0,ACTIVE,4,1,1
581,559,21:45:00,0,0.00,0,0.3800,0.1720,0.0000,0.0000,0,ACTIVE,4,1,1
581,560,21:45:30,0,0.00,0,0.3500,0.1580,0.0000,0.0000,0,ACTIVE,4,1,1
581,561,21:46:00,0,0.00,0,0.3500,0.1580,0.0000,0.0000,0,ACTIVE,4,1,1
581,562,21:46:30,0,0.00,0,0.3600,0.1650,0.0000,0.0000,0,ACTIVE,4,1,1
581,563,21:47:00,0,1.00,0,0.3500,0.1580,0.0000,0.0000,0,ACTIVE,4,1,1
581,564,21:47:30,0,0.00,0,0.3600,0.1650,0.0000,0.0000,0,ACTIVE,4,1,1
581,565,21:48:00,0,0.00,0,0.3600,0.1650,0.0000,0.0000,0,ACTIVE,4,1,1
581,566,21:48:30,0,0.00,0,0.3800,0.1720,0.0000,0.0000,0,ACTIVE,4,1,1
581,567,21:49:00,0,0.00,0,0.3000,0.1360,0.0000,0.0000,0,ACTIVE,4,1,1
581,568,21:49:30,0,0.00,0,0.2500,0.1120,0.0000,0.0000,0,ACTIVE,4,1,1
581,569,21:50:00,0,0.00,0,0.3200,0.1450,0.0000,0.0000,0,ACTIVE,4,1,1
581,570,21:50:30,0,0.00,0,0.3200,0.1450,0.0000,0.0000,0,ACTIVE,4,1,1
581,571,21:51:00,0,8.00,0,0.2900,0.1300,0.0000,0.0000,0,ACTIVE,4,1,1
581,572,21:51:30,0,2.00,0,0.3800,0.1720,0.0000,0.0000,0,ACTIVE,4,1,1
581,573,21:52:00,0,0.00,0,0.3800,0.1720,0.0000,0.0000,0,ACTIVE,4,1,1
581,574,21:52:30,0,0.00,0,0.4000,0.1800,0.0000,0.0000,0,ACTIVE,4,1,1
581,575,21:53:00,0,0.00,0,0.4000,0.1800,0.0000,0.0000,0,ACTIVE,4,1,1
581,576,21:53:30,0,31.00,0,0.2900,0.1300,0.0000,0.0000,1,ACTIVE,4,1,1
581,577,21:54:00,0,4.00,0,0.2700,0.1220,0.0000,0.0000,0,ACTIVE,4,1,1
581,578,21:54:30,0,21.00,0,0.2700,0.1220,0.0000,0.0000,1,ACTIVE,4,1,1
581,579,21:55:00,0,28.00,0,0.2500,0.1120,0.0000,0.0000,1,ACTIVE,4,1,1
581,580,21:55:30,0,7.00,0,0.2700,0.1220,0.0000,0.0000,0,ACTIVE,4,1,1
581,581,21:56:00,0,16.00,0,0.2900,0.1300,0.0000,0.0000,1,ACTIVE,4,1,1
581,582,21:56:30,0,13.00,0,0.2700,0.1220,0.0000,0.0000,1,ACTIVE,4,1,1
581,583,21:57:00,0,25.00,0,0.4000,0.1800,0.0000,0.0000,1,ACTIVE,4,1,1
581,584,21:57:30,0,96.00,0,0.2700,0.1220,0.0000,0.0000,1,ACTIVE,4,1,1
581,585,21:58:00,0,0.00,0,0.2900,0.1300,0.0000,0.0000,1,ACTIVE,4,1,1
581,586,21:58:30,0,82.00,0,0.4300,0.1960,0.0000,0.0000,1,ACTIVE,4,1,1
581,587,21:59:00,0,40.00,0,0.3800,0.1720,0.0000,0.0000,1,ACTIVE,4,1,1
581,588,21:59:30,0,119.00,0,0.4200,0.1920,0.0000,0.0000,1,ACTIVE,4,1,1
581,589,22:00:00,0,151.00,0,0.3000,0.1360,0.0000,0.0000,1,ACTIVE,4,1,1
581,590,22:00:30,0,15.00,0,0.2900,0.1300,0.0000,0.0000,1,ACTIVE,4,1,1
581,591,22:01:00,0,137.00,0,0.3000,0.1360,0.0000,0.0000,1,ACTIVE,4,1,1
581,592,22:01:30,0,25.00,0,0.3000,0.1360,0.0000,0.0000,1,ACTIVE,4,1,1
581,593,22:02:00,0,119.00,0,1.1200,0.2090,0.0694,0.0412,1,ACTIVE,4,1,1
581,594,22:02:30,0,163.00,0,0.4000,0.1800,0.0000,0.0000,1,ACTIVE,4,1,1
581,595,22:03:00,0,207.00,0,13.2900,3.3500,0.6600,0.0939,1,ACTIVE,4,1,1
581,596,22:03:30,0,193.00,0,14.8600,3.2800,0.8560,0.1120,1,ACTIVE,4,1,1
581,597,22:04:00,0,66.00,0,0.2400,0.1070,0.0000,0.0000,1,ACTIVE,4,1,1
581,598,22:04:30,0,75.00,0,1.6000,0.4190,0.0756,0.0115,1,ACTIVE,4,1,1
581,599,22:05:00,0,1.00,0,1.9000,0.4570,0.1000,0.0115,1,ACTIVE,4,1,1
581,600,22:05:30,0,20.00,0,2.0400,0.5200,0.1000,0.0162,1,ACTIVE,4,1,1
581,601,22:06:00,0,70.00,0,2.1700,0.5790,0.1000,0.0115,1,ACTIVE,4,1,1
581,602,22:06:30,0,7.00,0,2.8400,0.7850,0.1240,0.0162,0,ACTIVE,4,1,1
581,603,22:07:00,0,1.00,0,3.2000,0.8370,0.1510,0.0230,0,ACTIVE,4,1,1
581,604,22:07:30,0,14.00,0,3.1200,0.8020,0.1510,0.0162,0,ACTIVE,4,1,1
581,605,22:08:00,0,1.00,0,3.2300,0.8560,0.1510,0.0162,0,ACTIVE,4,1,1
581,606,22:08:30,0,0.00,0,3.2800,0.8750,0.1510,0.0162,0,ACTIVE,4,1,1
581,607,22:09:00,0,42.00,0,18.3900,6.0100,0.5790,0.0279,1,ACTIVE,4,1,1
581,608,22:09:30,0,61.00,0,23.9400,6.4200,1.1100,0.0347,1,ACTIVE,4,1,1
581,609,22:10:00,0,187.00,0,61.9400,11.5000,4.1600,0.0535,1,ACTIVE,4,1,1
581,610,22:10:30,0,103.00,0,166.9200,31.2000,10.8000,3.2100,1,ACTIVE,4,1,1
581,611,22:11:00,0,61.00,0,109.9900,23.5000,6.5600,0.5090,1,ACTIVE,4,1,1
581,612,22:11:30,0,19.00,0,71.8300,14.3000,4.5400,0.4570,1,ACTIVE,4,1,1
581,613,22:12:00,0,6.00,0,105.2700,16.3000,7.4700,3.5700,1,ACTIVE,4,1,1
581,614,22:12:30,0,9.00,0,225.4300,34.8000,16.3000,5.5100,1,ACTIVE,4,1,1
581,615,22:13:00,0,96.00,0,318.6200,47.1000,23.5000,7.8000,1,ACTIVE,4,1,1
581,616,22:13:30,0,33.00,0,432.0100,66.6000,31.2000,10.8000,1,ACTIVE,4,1,1
581,617,22:14:00,0,66.00,0,390.4300,58.4000,28.6000,9.8900,1,ACTIVE,4,1,1
581,618,22:14:30,0,32.00,0,223.5300,34.0000,16.3000,5.2800,1,ACTIVE,4,1,1
581,619,22:15:00,0,0.00,0,208.0800,31.2000,15.3000,5.0600,0,ACTIVE,4,1,1
581,620,22:15:30,0,25.00,0,215.8800,33.3000,15.6000,5.2800,1,ACTIVE,4,1,1
581,621,22:16:00,0,1.00,0,330.6900,50.2000,24.0000,8.3200,0,ACTIVE,4,1,1
581,622,22:16:30,0,33.00,0,322.9600,47.1000,24.0000,7.6300,1,ACTIVE,4,1,1
581,623,22:17:00,0,49.00,0,330.6900,50.2000,24.0000,8.3200,1,ACTIVE,4,1,1
581,624,22:17:30,0,15.00,0,172.5600,26.2000,12.6000,4.2500,1,ACTIVE,4,1,1
581,625,22:18:00,0,0.00,0,344.9300,52.4000,25.1000,8.3200,0,ACTIVE,4,1,1
581,626,22:18:30,0,0.00,0,345.1300,52.4000,25.1000,8.5000,0,ACTIVE,4,1,1
581,627,22:19:00,0,20.00,0,176.2400,26.8000,12.8000,4.2500,1,ACTIVE,4,1,1
581,628,22:19:30,0,1.00,0,352.6900,53.6000,25.7000,8.6900,0,ACTIVE,4,1,1
581,629,22:20:00,0,13.00,0,345.1300,52.4000,25.1000,8.5000,1,ACTIVE,4,1,1
581,630,22:20:30,0,119.00,0,157.4900,22.5000,11.8000,4.2500,1,ACTIVE,4,1,1
581,631,22:21:00,0,0.00,0,3.5500,0.8020,0.2000,0.0230,0,ACTIVE,4,1,1
581,632,22:21:30,0,0.00,0,3.7200,0.8750,0.2000,0.0279,0,ACTIVE,4,1,1
581,633,22:22:00,0,7.00,0,3.9200,0.8750,0.2230,0.0279,0,ACTIVE,4,1,1
581,634,22:22:30,0,5.00,0,3.7100,0.8750,0.2000,0.0230,0,ACTIVE,4,1,1
581,635,22:23:00,0,0.00,0,3.3400,0.8020,0.1760,0.0230,0,ACTIVE,4,1,1
581,636,22:23:30,0,0.00,0,3.3400,0.8020,0.1760,0.0230,0,ACTIVE,4,1,1
581,637,22:24:00,0,0.00,0,2.9100,0.7040,0.1510,0.0230,0,ACTIVE,4,1,1
581,638,22:24:30,0,0.00,0,3.1600,0.7200,0.1760,0.0230,0,ACTIVE,4,1,1
581,639,22:25:00,0,0.00,0,3.1600,0.7200,0.1760,0.0230,0,ACTIVE,4,1,1
581,640,22:25:30,0,0.00,0,3.8000,0.7200,0.2440,0.0694,0,ACTIVE,4,1,1
581,641,22:26:00,0,9.00,0,3.7600,0.8940,0.2000,0.0279,0,ACTIVE,4,1,1
581,642,22:26:30,0,0.00,0,3.7600,0.8940,0.2000,0.0279,0,ACTIVE,4,1,1
581,643,22:27:00,0,0.00,0,4.0500,0.9330,0.2230,0.0279,0,ACTIVE,4,1,1
581,644,22:27:30,0,0.00,0,4.1000,0.9540,0.2230,0.0279,0,ACTIVE,4,1,1
581,645,22:28:00,0,1.00,0,3.7600,0.8940,0.2000,0.0279,0,ACTIVE,4,1,1
581,646,22:28:30,0,0.00,0,3.6700,0.8560,0.2000,0.0230,0,ACTIVE,4,1,1
581,647,22:29:00,0,11.00,0,3.3800,0.8200,0.1760,0.0230,0,ACTIVE,4,1,1
581,648,22:29:30,0,1.00,0,3.3800,0.8200,0.1760,0.0230,0,ACTIVE,4,1,1
581,649,22:30:00,0,0.00,0,3.7600,0.8940,0.2000,0.0279,0,ACTIVE,4,1,1
581,650,22:30:30,0,0.00,0,3.8000,0.9130,0.2000,0.0279,0,ACTIVE,4,1,1
581,651,22:31:00,0,0.00,0,3.8000,0.9130,0.2000,0.0279,0,ACTIVE,4,1,1
581,652,22:31:30,0,1.00,0,4.1000,0.9540,0.2230,0.0279,0,ACTIVE,4,1,1
581,653,22:32:00,0,0.00,0,4.1400,0.9750,0.2230,0.0279,0,ACTIVE,4,1,1
581,654,22:32:30,0,0.00,0,3.9400,0.9750,0.2000,0.0279,0,ACTIVE,4,1,1
581,655,22:33:00,0,5.00,0,3.8000,0.9130,0.2000,0.0279,0,ACTIVE,4,1,1
581,656,22:33:30,0,0.00,0,3.3000,0.7850,0.1760,0.0230,0,ACTIVE,4,1,1
581,657,22:34:00,0,0.00,0,3.4200,0.8370,0.1760,0.0230,0,ACTIVE,4,1,1
581,658,22:34:30,0,7.00,0,3.7100,0.8750,0.2000,0.0230,0,ACTIVE,4,1,1
581,659,22:35:00,0,0.00,0,4.2000,0.9960,0.2230,0.0347,0,ACTIVE,4,1,1
581,660,22:35:30,0,0.00,0,4.5100,1.0400,0.2490,0.0279,0,ACTIVE,4,1,1
581,661,22:36:00,0,0.00,0,4.1400,0.9750,0.2230,0.0279,0,ACTIVE,4,1,1
581,662,22:36:30,0,7.00,0,3.7200,0.8750,0.2000,0.0279,0,ACTIVE,4,1,1
581,663,22:37:00,0,0.00,0,3.5900,0.8200,0.2000,0.0230,0,ACTIVE,4,1,1
581,664,22:37:30,0,0.00,0,3.7200,0.8750,0.2000,0.0279,0,ACTIVE,4,1,1
581,665,22:38:00,0,2.00,0,3.7600,0.8940,0.2000,0.0279,0,ACTIVE,4,1,1
581,666,22:38:30,0,0.00,0,9.7800,2.4700,0.4870,0.0460,0,ACTIVE,4,1,1
581,667,22:39:00,0,0.00,0,7.8400,1.8700,0.4190,0.0395,0,ACTIVE,4,1,1
581,668,22:39:30,0,0.00,0,4.4200,0.9960,0.2490,0.0347,0,ACTIVE,4,1,1
581,669,22:40:00,0,0.00,0,4.1000,0.9540,0.2230,0.0279,0,ACTIVE,4,1,1
581,670,22:40:30,0,0.00,0,3.3800,0.8200,0.1760,0.0230,0,ACTIVE,4,1,1
581,671,22:41:00,0,0.00,0,3.6800,0.8560,0.2000,0.0279,0,ACTIVE,4,1,1
581,672,22:41:30,0,0.00,0,3.7200,0.8750,0.2000,0.0279,0,ACTIVE,4,1,1
581,673,22:42:00,0,4.00,0,4.1000,0.9540,0.2230,0.0279,0,ACTIVE,4,1,1
581,674,22:42:30,0,0.00,0,4.1400,0.9750,0.2230,0.0279,0,ACTIVE,4,1,1
581,675,22:43:00,0,0.00,0,3.7200,0.8750,0.2000,0.0279,0,ACTIVE,4,1,1
581,676,22:43:30,0,0.00,0,4.1000,0.9540,0.2230,0.0279,0,ACTIVE,4,1,1
581,677,22:44:00,0,2.00,0,3.7600,0.8940,0.2000,0.0279,0,ACTIVE,4,1,1
581,678,22:44:30,0,0.00,0,4.0500,0.9330,0.2230,0.0279,0,ACTIVE,4,1,1
581,679,22:45:00,0,0.00,0,4.1000,0.9540,0.2230,0.0347,0,ACTIVE,4,1,1
581,680,22:45:30,0,4.00,0,3.7600,0.8940,0.2000,0.0279,0,ACTIVE,4,1,1
581,681,22:46:00,0,0.00,0,4.1000,0.9540,0.2230,0.0279,0,ACTIVE,4,1,1
581,682,22:46:30,0,0.00,0,4.1900,0.9960,0.2230,0.0279,0,ACTIVE,4,1,1
581,683,22:47:00,0,0.00,0,5.2600,1.1100,0.3160,0.0347,0,ACTIVE,4,1,1
581,684,22:47:30,0,5.00,0,3.3800,0.8200,0.1760,0.0230,0,ACTIVE,4,1,1
581,685,22:48:00,0,0.00,0,3.9100,0.7680,0.2440,0.0694,0,ACTIVE,4,1,1
581,686,22:48:30,0,1.00,0,3.2600,0.7680,0.1760,0.0230,0,ACTIVE,4,1,1
581,687,22:49:00,0,5.00,0,3.7200,0.8750,0.2000,0.0279,0,ACTIVE,4,1,1
581,688,22:49:30,0,0.00,0,4.8700,1.0400,0.2900,0.0347,0,ACTIVE,4,1,1
581,689,22:50:00,0,0.00,0,5.2600,1.1100,0.3160,0.0347,0,ACTIVE,4,1,1
581,690,22:50:30,0,1.00,0,4.5100,1.0400,0.2490,0.0279,0,ACTIVE,4,1,1
581,691,22:51:00,0,1.00,0,4.1900,0.9960,0.2230,0.0279,0,ACTIVE,4,1,1
581,692,22:51:30,0,4.00,0,3.2600,0.7680,0.1760,0.0230,0,ACTIVE,4,1,1
581,693,22:52:00,0,0.00,0,3.9400,0.7850,0.2440,0.0694,0,ACTIVE,4,1,1
581,694,22:52:30,0,4.00,0,4.0600,0.8370,0.2440,0.0694,0,ACTIVE,4,1,1
581,695,22:53:00,0,4.00,0,4.1000,0.9540,0.2230,0.0279,0,ACTIVE,4,1,1
581,696,22:53:30,0,0.00,0,4.9200,1.0600,0.2900,0.0347,0,ACTIVE,4,1,1
581,697,22:54:00,0,0.00,0,5.4400,1.1100,0.3370,0.0347,0,ACTIVE,4,1,1
581,698,22:54:30,0,0.00,0,5.9300,1.2400,0.3600,0.0395,0,ACTIVE,4,1,1
581,699,22:55:00,0,1.00,0,3.9200,0.8750,0.2230,0.0279,0,ACTIVE,4,1,1
581,700,22:55:30,0,1.00,0,3.7200,0.8750,0.2000,0.0279,0,ACTIVE,4,1,1
581,701,22:56:00,0,0.00,0,3.8000,0.9130,0.2000,0.0279,0,ACTIVE,4,1,1
581,702,22:56:30,0,0.00,0,4.1000,0.9540,0.2230,0.0279,0,ACTIVE,4,1,1
581,703,22:57:00,0,0.00,0,4.1000,0.9540,0.2230,0.0279,0,ACTIVE,4,1,1
581,704,22:57:30,0,1.00,0,4.3700,0.9750,0.2490,0.0279,0,ACTIVE,4,1,1
581,705,22:58:00,0,0.00,0,5.2000,1.0900,0.3160,0.0279,0,ACTIVE,4,1,1
581,706,22:58:30,0,0.00,0,5.2500,1.1100,0.3160,0.0279,0,ACTIVE,4,1,1
581,707,22:59:00,0,45.00,0,80.9100,10.8000,6.2800,1.9100,1,ACTIVE,4,1,1
581,708,22:59:30,0,42.00,1,70.6200,12.3000,4.9500,0.1190,1,REST,4,1,1
581,709,23:00:00,0,103.00,0,0.2500,0.1120,0.0000,0.0000,1,REST,4,1,1
581,710,23:00:30,0,7.00,0,0.2500,0.1120,0.0000,0.0000,1,REST,4,1,1
581,711,23:01:00,0,2.00,0,0.2700,0.1220,0.0000,0.0000,1,REST,4,1,1
581,712,23:01:30,0,22.00,0,0.2700,0.1220,0.0000,0.0000,1,REST,4,1,1
581,713,23:02:00,0,0.00,0,0.2700,0.1220,0.0000,0.0000,0,REST-S,4,1,1
581,714,23:02:30,0,0.00,0,0.2700,0.1220,0.0000,0.0000,0,REST-S,4,1,1
581,715,23:03:00,0,0.00,0,0.2700,0.1220,0.0000,0.0000,0,REST-S,4,1,1
581,716,23:03:30,0,0.00,0,0.2700,0.1220,0.0000,0.0000,0,REST-S,4,1,1
581,717,23:04:00,0,52.00,0,0.2500,0.1120,0.0000,0.0000,1,REST-S,4,1,1
581,718,23:04:30,0,0.00,0,0.2700,0.1220,0.0000,0.0000,0,REST-S,4,1,1
581,719,23:05:00,0,0.00,0,0.2700,0.1220,0.0000,0.0000,0,REST-S,4,1,1
581,720,23:05:30,0,0.00,0,0.2700,0.1220,0.0000,0.0000,0,REST-S,4,1,1
581,721,23:06:00,0,0.00,0,0.2700,0.1220,0.0000,0.0000,0,REST-S,4,1,1
581,722,23:06:30,0,0.00,0,0.2700,0.1220,0.0000,0.0000,0,REST-S,4,1,1
581,723,23:07:00,0,0.00,0,0.2700,0.1220,0.0000,0.0000,0,REST-S,4,1,1
581,724,23:07:30,0,0.00,0,0.2700,0.1220,0.0000,0.0000,0,REST-S,4,1,1
581,725,23:08:00,0,0.00,0,0.2700,0.1220,0.0000,0.0000,0,REST-S,4,1,1
581,726,23:08:30,0,0.00,0,0.2700,0.1220,0.0000,0.0000,0,REST-S,4,1,1
581,727,23:09:00,0,0.00,0,0.2700,0.1220,0.0000,0.0000,0,REST-S,4,1,1
581,728,23:09:30,0,0.00,0,0.2700,0.1220,0.0000,0.0000,0,REST-S,4,1,1
581,729,23:10:00,0,0.00,0,0.2700,0.1220,0.0000,0.0000,0,REST-S,4,1,1
581,730,23:10:30,0,0.00,0,0.2700,0.1220,0.0000,0.0000,0,REST-S,4,1,1
581,731,23:11:00,0,0.00,0,0.2700,0.1220,0.0000,0.0000,0,REST-S,4,1,1
581,732,23:11:30,0,0.00,0,0.2700,0.1220,0.0000,0.0000,0,REST-S,4,1,1
581,733,23:12:00,0,0.00,0,0.2700,0.1220,0.0000,0.0000,0,REST-S,4,1,1
581,734,23:12:30,0,0.00,0,0.2700,0.1220,0.0000,0.0000,0,REST-S,4,1,1
581,735,23:13:00,0,0.00,0,0.2700,0.1220,0.0000,0.0000,0,REST-S,4,1,1
581,736,23:13:30,0,0.00,0,0.2700,0.1220,0.0000,0.0000,0,REST-S,4,1,1
581,737,23:14:00,0,0.00,0,0.2700,0.1220,0.0000,0.0000,0,REST-S,4,1,1
581,738,23:14:30,0,0.00,0,0.2700,0.1220,0.0000,0.0000,0,REST-S,4,1,1
581,739,23:15:00,0,0.00,0,0.2700,0.1220,0.0000,0.0000,0,REST-S,4,1,1
581,740,23:15:30,0,7.00,0,0.2700,0.1220,0.0000,0.0000,0,REST-S,4,1,1
581,741,23:16:00,0,0.00,0,0.2700,0.1220,0.0000,0.0000,0,REST-S,4,1,1
581,742,23:16:30,0,0.00,0,0.2700,0.1220,0.0000,0.0000,0,REST-S,4,1,1
581,743,23:17:00,0,0.00,0,0.2700,0.1220,0.0000,0.0000,0,REST-S,4,1,1
581,744,23:17:30,0,0.00,0,0.2700,0.1220,0.0000,0.0000,0,REST-S,4,1,1
581,745,23:18:00,0,0.00,0,0.2700,0.1220,0.0000,0.0000,0,REST-S,4,1,1
581,746,23:18:30,0,0.00,0,0.2700,0.1220,0.0000,0.0000,0,REST-S,4,1,1
581,747,23:19:00,0,0.00,0,0.2700,0.1220,0.0000,0.0000,0,REST-S,4,1,1
581,748,23:19:30,0,0.00,0,0.2700,0.1220,0.0000,0.0000,0,REST-S,4,1,1
581,749,23:20:00,0,1.00,0,0.2700,0.1220,0.0000,0.0000,0,REST-S,4,1,1
581,750,23:20:30,0,0.00,0,0.2700,0.1220,0.0000,0.0000,0,REST-S,4,1,1
581,751,23:21:00,0,0.00,0,0.2700,0.1220,0.0000,0.0000,0,REST-S,4,1,1
581,752,23:21:30,0,0.00,0,0.2700,0.1220,0.0000,0.0000,0,REST-S,4,1,1
581,753,23:22:00,0,0.00,0,0.2700,0.1220,0.0000,0.0000,0,REST-S,4,1,1
581,754,23:22:30,0,0.00,0,0.2700,0.1220,0.0000,0.0000,0,REST-S,4,1,1
581,755,23:23:00,0,0.00,0,0.2700,0.1220,0.0000,0.0000,0,REST-S,4,1,1
581,756,23:23:30,0,0.00,0,0.2700,0.1220,0.0000,0.0000,0,REST-S,4,1,1
581,757,23:24:00,0,0.00,0,0.2700,0.1220,0.0000,0.0000,0,REST-S,4,1,1
581,758,23:24:30,0,0.00,0,0.2700,0.1220,0.0000,0.0000,0,REST-S,4,1,1
581,759,23:25:00,0,0.00,0,0.2700,0.1220,0.0000,0.0000,0,REST-S,4,1,1
581,760,23:25:30,0,0.00,0,0.2700,0.1220,0.0000,0.0000,0,REST-S,4,1,1
581,761,23:26:00,0,0.00,0,0.2700,0.1220,0.0000,0.0000,0,REST-S,4,1,1
581,762,23:26:30,0,0.00,0,0.2700,0.1220,0.0000,0.0000,0,REST-S,4,1,1
581,763,23:27:00,0,0.00,0,0.2700,0.1220,0.0000,0.0000,0,REST-S,4,1,1
581,764,23:27:30,0,0.00,0,0.2700,0.1220,0.0000,0.0000,0,REST-S,4,1,1
581,765,23:28:00,0,15.00,0,0.2700,0.1220,0.0000,0.0000,0,REST-S,4,1,1
581,766,23:28:30,0,0.00,0,0.2700,0.1220,0.0000,0.0000,0,REST-S,4,1,1
581,767,23:29:00,0,0.00,0,0.2400,0.1070,0.0000,0.0000,0,REST-S,4,1,1
581,768,23:29:30,0,0.00,0,0.2200,0.0981,0.0000,0.0000,0,REST-S,4,1,1
581,769,23:30:00,0,0.00,0,0.2400,0.1070,0.0000,0.0000,0,REST-S,4,1,1
581,770,23:30:30,0,0.00,0,0.2400,0.1070,0.0000,0.0000,0,REST-S,4,1,1
581,771,23:31:00,0,0.00,0,0.2400,0.1070,0.0000,0.0000,0,REST-S,4,1,1
581,772,23:31:30,0,0.00,0,0.2400,0.1070,0.0000,0.0000,0,REST-S,4,1,1
581,773,23:32:00,0,0.00,0,0.2400,0.1070,0.0000,0.0000,0,REST-S,4,1,1
581,774,23:32:30,0,0.00,0,0.2400,0.1070,0.0000,0.0000,0,REST-S,4,1,1
581,775,23:33:00,0,0.00,0,0.2400,0.1070,0.0000,0.0000,0,REST-S,4,1,1
581,776,23:33:30,0,0.00,0,0.2400,0.1070,0.0000,0.0000,0,REST-S,4,1,1
581,777,23:34:00,0,0.00,0,0.2400,0.1070,0.0000,0.0000,0,REST-S,4,1,1
581,778,23:34:30,0,0.00,0,0.2400,0.1070,0.0000,0.0000,0,REST-S,4,1,1
581,779,23:35:00,0,0.00,0,0.2400,0.1070,0.0000,0.0000,0,REST-S,4,1,1
581,780,23:35:30,0,0.00,0,0.2400,0.1070,0.0000,0.0000,0,REST-S,4,1,1
581,781,23:36:00,0,0.00,0,0.2400,0.1070,0.0000,0.0000,0,REST-S,4,1,1
581,782,23:36:30,0,0.00,0,0.2400,0.1070,0.0000,0.0000,0,REST-S,4,1,1
581,783,23:37:00,0,0.00,0,0.2400,0.1070,0.0000,0.0000,0,REST-S,4,1,1
581,784,23:37:30,0,0.00,0,0.2400,0.1070,0.0000,0.0000,0,REST-S,4,1,1
581,785,23:38:00,0,0.00,0,0.2400,0.1070,0.0000,0.0000,0,REST-S,4,1,1
581,786,23:38:30,0,0.00,0,0.2400,0.1070,0.0000,0.0000,0,REST-S,4,1,1
581,787,23:39:00,0,0.00,0,0.2400,0.1070,0.0000,0.0000,0,REST-S,4,1,1
581,788,23:39:30,0,0.00,0,0.2400,0.1070,0.0000,0.0000,0,REST-S,4,1,1
581,789,23:40:00,0,0.00,0,0.2400,0.1070,0.0000,0.0000,0,REST-S,4,1,1
581,790,23:40:30,0,0.00,0,0.2400,0.1070,0.0000,0.0000,0,REST-S,4,1,1
581,791,23:41:00,0,0.00,0,0.2400,0.1070,0.0000,0.0000,0,REST-S,4,1,1
581,792,23:41:30,0,0.00,0,0.2200,0.0981,0.0000,0.0000,0,REST-S,4,1,1
581,793,23:42:00,0,0.00,0,0.2400,0.1070,0.0000,0.0000,0,REST-S,4,1,1
581,794,23:42:30,0,0.00,0,0.2400,0.1070,0.0000,0.0000,0,REST-S,4,1,1
581,795,23:43:00,0,0.00,0,0.2400,0.1070,0.0000,0.0000,0,REST-S,4,1,1
581,796,23:43:30,0,0.00,0,0.2400,0.1070,0.0000,0.0000,0,REST-S,4,1,1
581,797,23:44:00,0,49.00,0,0.2400,0.1070,0.0000,0.0000,1,REST-S,4,1,1
581,798,23:44:30,0,0.00,0,0.2400,0.1070,0.0000,0.0000,0,REST-S,4,1,1
581,799,23:45:00,0,0.00,0,0.2400,0.1070,0.0000,0.0000,0,REST-S,4,1,1
581,800,23:45:30,0,0.00,0,0.2400,0.1070,0.0000,0.0000,0,REST-S,4,1,1
581,801,23:46:00,0,0.00,0,0.2400,0.1070,0.0000,0.0000,0,REST-S,4,1,1
581,802,23:46:30,0,0.00,0,0.2400,0.1070,0.0000,0.0000,0,REST-S,4,1,1
581,803,23:47:00,0,0.00,0,0.2500,0.1120,0.0000,0.0000,0,REST-S,4,1,1
581,804,23:47:30,0,0.00,0,0.2500,0.1120,0.0000,0.0000,0,REST-S,4,1,1
581,805,23:48:00,0,0.00,0,0.2400,0.1070,0.0000,0.0000,0,REST-S,4,1,1
581,806,23:48:30,0,0.00,0,0.2500,0.1120,0.0000,0.0000,0,REST-S,4,1,1
581,807,23:49:00,0,0.00,0,0.2400,0.1070,0.0000,0.0000,0,REST-S,4,1,1
581,808,23:49:30,0,0.00,0,0.2400,0.1070,0.0000,0.0000,0,REST-S,4,1,1
581,809,23:50:00,0,0.00,0,0.2500,0.1120,0.0000,0.0000,0,REST-S,4,1,1
581,810,23:50:30,0,0.00,0,0.2500,0.1120,0.0000,0.0000,0,REST-S,4,1,1
581,811,23:51:00,0,0.00,0,0.2500,0.1120,0.0000,0.0000,0,REST-S,4,1,1
581,812,23:51:30,0,0.00,0,0.2500,0.1120,0.0000,0.0000,0,REST-S,4,1,1
581,813,23:52:00,0,0.00,0,0.2500,0.1120,0.0000,0.0000,0,REST-S,4,1,1
581,814,23:52:30,0,0.00,0,0.2500,0.1120,0.0000,0.0000,0,REST-S,4,1,1
581,815,23:53:00,0,0.00,0,0.2500,0.1120,0.0000,0.0000,0,REST-S,4,1,1
581,816,23:53:30,0,0.00,0,0.2500,0.1120,0.0000,0.0000,0,REST-S,4,1,1
581,817,23:54:00,0,0.00,0,0.2500,0.1120,0.0000,0.0000,0,REST-S,4,1,1
581,818,23:54:30,0,0.00,0,0.2500,0.1120,0.0000,0.0000,0,REST-S,4,1,1
581,819,23:55:00,0,0.00,0,0.2500,0.1120,0.0000,0.0000,0,REST-S,4,1,1
581,820,23:55:30,0,0.00,0,0.2500,0.1120,0.0000,0.0000,0,REST-S,4,1,1
581,821,23:56:00,0,0.00,0,0.2700,0.1220,0.0000,0.0000,0,REST-S,4,1,1
581,822,23:56:30,0,0.00,0,0.2500,0.1120,0.0000,0.0000,0,REST-S,4,1,1
581,823,23:57:00,0,0.00,0,0.2500,0.1120,0.0000,0.0000,0,REST-S,4,1,1
581,824,23:57:30,0,0.00,0,0.2500,0.1120,0.0000,0.0000,0,REST-S,4,1,1
581,825,23:58:00,0,0.00,0,0.2500,0.1120,0.0000,0.0000,0,REST-S,4,1,1
581,826,23:58:30,0,0.00,0,0.2700,0.1220,0.0000,0.0000,0,REST-S,4,1,1
581,827,23:59:00,0,0.00,0,0.2700,0.1220,0.0000,0.0000,0,REST-S,4,1,1
581,828,23:59:30,0,0.00,0,0.2500,0.1120,0.0000,0.0000,0,REST-S,4,1,1
581,829,0:00:00,0,0.00,0,0.2500,0.1120,0.0000,0.0000,0,REST-S,5,2,1
581,830,0:00:30,0,0.00,0,0.2500,0.1120,0.0000,0.0000,0,REST-S,5,2,1
581,831,0:01:00,0,0.00,0,0.2500,0.1120,0.0000,0.0000,0,REST-S,5,2,1
581,832,0:01:30,0,0.00,0,0.2500,0.1120,0.0000,0.0000,0,REST-S,5,2,1
581,833,0:02:00,0,0.00,0,0.2500,0.1120,0.0000,0.0000,0,REST-S,5,2,1
581,834,0:02:30,0,0.00,0,0.2500,0.1120,0.0000,0.0000,0,REST-S,5,2,1
581,835,0:03:00,0,0.00,0,0.2500,0.1120,0.0000,0.0000,0,REST-S,5,2,1
581,836,0:03:30,0,0.00,0,0.2500,0.1120,0.0000,0.0000,0,REST-S,5,2,1
581,837,0:04:00,0,0.00,0,0.2500,0.1120,0.0000,0.0000,0,REST-S,5,2,1
581,838,0:04:30,0,0.00,0,0.2500,0.1120,0.0000,0.0000,0,REST-S,5,2,1
581,839,0:05:00,0,0.00,0,0.2500,0.1120,0.0000,0.0000,0,REST-S,5,2,1
581,840,0:05:30,0,0.00,0,0.2500,0.1120,0.0000,0.0000,0,REST-S,5,2,1
581,841,0:06:00,0,0.00,0,0.2500,0.1120,0.0000,0.0000,0,REST-S,5,2,1
581,842,0:06:30,0,0.00,0,0.2500,0.1120,0.0000,0.0000,0,REST-S,5,2,1
581,843,0:07:00,0,0.00,0,0.2700,0.1220,0.0000,0.0000,0,REST-S,5,2,1
581,844,0:07:30,0,0.00,0,0.2700,0.1220,0.0000,0.0000,0,REST-S,5,2,1
581,845,0:08:00,0,0.00,0,0.2700,0.1220,0.0000,0.0000,0,REST-S,5,2,1
581,846,0:08:30,0,0.00,0,0.2700,0.1220,0.0000,0.0000,0,REST-S,5,2,1
581,847,0:09:00,0,0.00,0,0.2700,0.1220,0.0000,0.0000,0,REST-S,5,2,1
581,848,0:09:30,0,0.00,0,0.2700,0.1220,0.0000,0.0000,0,REST-S,5,2,1
581,849,0:10:00,0,0.00,0,0.2500,0.1120,0.0000,0.0000,0,REST-S,5,2,1
581,850,0:10:30,0,0.00,0,0.2700,0.1220,0.0000,0.0000,0,REST-S,5,2,1
581,851,0:11:00,0,0.00,0,0.2700,0.1220,0.0000,0.0000,0,REST-S,5,2,1
581,852,0:11:30,0,0.00,0,0.2700,0.1220,0.0000,0.0000,0,REST-S,5,2,1
581,853,0:12:00,0,0.00,0,0.2500,0.1120,0.0000,0.0000,0,REST-S,5,2,1
581,854,0:12:30,0,0.00,0,0.2700,0.1220,0.0000,0.0000,0,REST-S,5,2,1
581,855,0:13:00,0,0.00,0,0.2700,0.1220,0.0000,0.0000,0,REST-S,5,2,1
581,856,0:13:30,0,0.00,0,0.2700,0.1220,0.0000,0.0000,0,REST-S,5,2,1
581,857,0:14:00,0,0.00,0,0.2800,0.1220,0.0000,0.0117,0,REST-S,5,2,1
581,858,0:14:30,0,0.00,0,0.2800,0.1220,0.0000,0.0117,0,REST-S,5,2,1
581,859,0:15:00,0,20.00,0,0.2800,0.1220,0.0000,0.0117,0,REST-S,5,2,1
581,860,0:15:30,0,0.00,0,0.2700,0.1220,0.0000,0.0000,0,REST-S,5,2,1
581,861,0:16:00,0,0.00,0,0.2700,0.1220,0.0000,0.0000,0,REST-S,5,2,1
581,862,0:16:30,0,0.00,0,0.2700,0.1220,0.0000,0.0000,0,REST-S,5,2,1
581,863,0:17:00,0,0.00,0,0.2800,0.1220,0.0000,0.0117,0,REST-S,5,2,1
581,864,0:17:30,0,0.00,0,0.2700,0.1220,0.0000,0.0000,0,REST-S,5,2,1
581,865,0:18:00,0,0.00,0,0.2700,0.1220,0.0000,0.0000,0,REST-S,5,2,1
581,866,0:18:30,0,0.00,0,0.2700,0.1220,0.0000,0.0000,0,REST-S,5,2,1
581,867,0:19:00,0,0.00,0,0.2700,0.1220,0.0000,0.0000,0,REST-S,5,2,1
581,868,0:19:30,0,0.00,0,0.2700,0.1220,0.0000,0.0000,0,REST-S,5,2,1
581,869,0:20:00,0,0.00,0,0.2700,0.1220,0.0000,0.0000,0,REST-S,5,2,1
581,870,0:20:30,0,0.00,0,0.2700,0.1220,0.0000,0.0000,0,REST-S,5,2,1
581,871,0:21:00,0,0.00,0,0.2700,0.1220,0.0000,0.0000,0,REST-S,5,2,1
581,872,0:21:30,0,0.00,0,0.2700,0.1220,0.0000,0.0000,0,REST-S,5,2,1
581,873,0:22:00,0,0.00,0,0.2700,0.1220,0.0000,0.0000,0,REST-S,5,2,1
581,874,0:22:30,0,0.00,0,0.2700,0.1220,0.0000,0.0000,0,REST-S,5,2,1
581,875,0:23:00,0,0.00,0,0.2800,0.1220,0.0000,0.0117,0,REST-S,5,2,1
581,876,0:23:30,0,0.00,0,0.2800,0.1220,0.0000,0.0117,0,REST-S,5,2,1
581,877,0:24:00,0,0.00,0,0.4600,0.1070,0.0251,0.0000,0,REST-S,5,2,1
581,878,0:24:30,0,0.00,0,0.2700,0.1220,0.0000,0.0000,0,REST-S,5,2,1
581,879,0:25:00,0,0.00,0,0.2800,0.1220,0.0000,0.0117,0,REST-S,5,2,1
581,880,0:25:30,0,0.00,0,0.2700,0.1220,0.0000,0.0000,0,REST-S,5,2,1
581,881,0:26:00,0,0.00,0,0.2700,0.1220,0.0000,0.0000,0,REST-S,5,2,1
581,882,0:26:30,0,0.00,0,0.2900,0.1300,0.0000,0.0000,0,REST-S,5,2,1
581,883,0:27:00,0,0.00,0,0.2800,0.1220,0.0000,0.0117,0,REST-S,5,2,1
581,884,0:27:30,0,0.00,0,0.2800,0.1220,0.0000,0.0117,0,REST-S,5,2,1
581,885,0:28:00,0,0.00,0,0.2900,0.1300,0.0000,0.0000,0,REST-S,5,2,1
581,886,0:28:30,0,0.00,0,0.2900,0.1300,0.0000,0.0000,0,REST-S,5,2,1
581,887,0:29:00,0,0.00,0,0.2800,0.1220,0.0000,0.0117,0,REST-S,5,2,1
581,888,0:29:30,0,0.00,0,0.4600,0.1070,0.0251,0.0000,0,REST-S,5,2,1
581,889,0:30:00,0,0.00,0,0.5500,0.1070,0.0347,0.0117,0,REST-S,5,2,1
581,890,0:30:30,0,0.00,0,0.5500,0.1070,0.0347,0.0117,0,REST-S,5,2,1
581,891,0:31:00,0,0.00,0,0.4600,0.1070,0.0251,0.0000,0,REST-S,5,2,1
581,892,0:31:30,0,0.00,0,0.2800,0.1220,0.0000,0.0117,0,REST-S,5,2,1
581,893,0:32:00,0,0.00,0,0.2700,0.1220,0.0000,0.0000,0,REST-S,5,2,1
581,894,0:32:30,0,0.00,0,0.2800,0.1220,0.0000,0.0117,0,REST-S,5,2,1
581,895,0:33:00,0,0.00,0,0.2700,0.1220,0.0000,0.0000,0,REST-S,5,2,1
581,896,0:33:30,0,0.00,0,0.5500,0.1070,0.0347,0.0117,0,REST-S,5,2,1
581,897,0:34:00,0,0.00,0,0.4700,0.1140,0.0251,0.0000,0,REST-S,5,2,1
581,898,0:34:30,0,0.00,0,0.5700,0.1140,0.0347,0.0117,0,REST-S,5,2,1
581,899,0:35:00,0,0.00,0,0.3000,0.1300,0.0000,0.0117,0,REST-S,5,2,1
581,900,0:35:30,0,0.00,0,0.5700,0.1140,0.0347,0.0117,0,REST-S,5,2,1
581,901,0:36:00,0,0.00,0,0.2800,0.1220,0.0000,0.0117,0,REST-S,5,2,1
581,902,0:36:30,0,0.00,0,0.2700,0.1220,0.0000,0.0000,0,REST-S,5,2,1
581,903,0:37:00,0,0.00,0,0.5500,0.1070,0.0347,0.0117,0,REST-S,5,2,1
581,904,0:37:30,0,0.00,0,0.5500,0.1070,0.0347,0.0117,0,REST-S,5,2,1
581,905,0:38:00,0,0.00,0,0.5500,0.1070,0.0347,0.0117,0,REST-S,5,2,1
581,906,0:38:30,0,0.00,0,0.5700,0.1140,0.0347,0.0117,0,REST-S,5,2,1
581,907,0:39:00,0,0.00,0,0.5500,0.1070,0.0347,0.0117,0,REST-S,5,2,1
581,908,0:39:30,0,0.00,0,0.5500,0.1070,0.0347,0.0117,0,REST-S,5,2,1
581,909,0:40:00,0,0.00,0,0.5700,0.1140,0.0347,0.0117,0,REST-S,5,2,1
581,910,0:40:30,0,0.00,0,0.5700,0.1140,0.0347,0.0117,0,REST-S,5,2,1
581,911,0:41:00,0,0.00,0,0.5700,0.1140,0.0347,0.0117,0,REST-S,5,2,1
581,912,0:41:30,0,0.00,0,0.5700,0.1140,0.0347,0.0117,0,REST-S,5,2,1
581,913,0:42:00,0,0.00,0,0.5700,0.1140,0.0347,0.0117,0,REST-S,5,2,1
581,914,0:42:30,0,0.00,0,0.5700,0.1140,0.0347,0.0117,0,REST-S,5,2,1
581,915,0:43:00,0,0.00,0,0.5500,0.1070,0.0347,0.0117,0,REST-S,5,2,1
581,916,0:43:30,0,0.00,0,0.5500,0.1070,0.0347,0.0117,0,REST-S,5,2,1
581,917,0:44:00,0,0.00,0,0.5700,0.1140,0.0347,0.0117,0,REST-S,5,2,1
581,918,0:44:30,0,0.00,0,0.5700,0.1140,0.0347,0.0117,0,REST-S,5,2,1
581,919,0:45:00,0,0.00,0,0.5700,0.1140,0.0347,0.0117,0,REST-S,5,2,1
581,920,0:45:30,0,0.00,0,0.5700,0.1140,0.0347,0.0117,0,REST-S,5,2,1
581,921,0:46:00,0,0.00,0,0.5700,0.1140,0.0347,0.0117,0,REST-S,5,2,1
581,922,0:46:30,0,0.00,0,0.5700,0.1140,0.0347,0.0117,0,REST-S,5,2,1
581,923,0:47:00,0,0.00,0,0.5700,0.1140,0.0347,0.0117,0,REST-S,5,2,1
581,924,0:47:30,0,0.00,0,0.5700,0.1140,0.0347,0.0117,0,REST-S,5,2,1
581,925,0:48:00,0,0.00,0,0.5700,0.1140,0.0347,0.0117,0,REST-S,5,2,1
581,926,0:48:30,0,0.00,0,0.5700,0.1140,0.0347,0.0117,0,REST-S,5,2,1
581,927,0:49:00,0,0.00,0,0.5700,0.1140,0.0347,0.0117,0,REST-S,5,2,1
581,928,0:49:30,0,0.00,0,0.5700,0.1140,0.0347,0.0117,0,REST-S,5,2,1
581,929,0:50:00,0,0.00,0,0.5700,0.1140,0.0347,0.0117,0,REST-S,5,2,1
581,930,0:50:30,0,0.00,0,0.5700,0.1140,0.0347,0.0117,0,REST-S,5,2,1
581,931,0:51:00,0,0.00,0,0.5700,0.1140,0.0347,0.0117,0,REST-S,5,2,1
581,932,0:51:30,0,0.00,0,0.5700,0.1140,0.0347,0.0117,0,REST-S,5,2,1
581,933,0:52:00,0,0.00,0,0.5700,0.1140,0.0347,0.0117,0,REST-S,5,2,1
581,934,0:52:30,0,0.00,0,0.5700,0.1140,0.0347,0.0117,0,REST-S,5,2,1
581,935,0:53:00,0,0.00,0,0.5700,0.1140,0.0347,0.0117,0,REST-S,5,2,1
581,936,0:53:30,0,0.00,0,0.5700,0.1140,0.0347,0.0117,0,REST-S,5,2,1
581,937,0:54:00,0,0.00,0,0.5700,0.1140,0.0347,0.0117,0,REST-S,5,2,1
581,938,0:54:30,0,0.00,0,0.5700,0.1140,0.0347,0.0117,0,REST-S,5,2,1
581,939,0:55:00,0,0.00,0,0.5800,0.1190,0.0347,0.0117,0,REST-S,5,2,1
581,940,0:55:30,0,79.00,0,0.6000,0.1300,0.0347,0.0117,1,REST-S,5,2,1
581,941,0:56:00,0,0.00,0,0.6000,0.1300,0.0347,0.0117,0,REST-S,5,2,1
581,942,0:56:30,0,7.00,0,0.6000,0.1300,0.0347,0.0117,0,REST-S,5,2,1
581,943,0:57:00,0,5.00,0,0.6200,0.1360,0.0347,0.0117,0,REST-S,5,2,1
581,944,0:57:30,0,0.00,0,0.5800,0.1190,0.0347,0.0117,0,REST-S,5,2,1
581,945,0:58:00,0,0.00,0,0.5700,0.1140,0.0347,0.0117,0,REST-S,5,2,1
581,946,0:58:30,0,1.00,0,0.5700,0.1140,0.0347,0.0117,0,REST-S,5,2,1
581,947,0:59:00,0,0.00,0,0.5700,0.1140,0.0347,0.0117,0,REST-S,5,2,1
581,948,0:59:30,0,0.00,0,0.5700,0.1140,0.0347,0.0117,0,REST-S,5,2,1
581,949,1:00:00,0,0.00,0,0.5700,0.1140,0.0347,0.0117,0,REST-S,5,2,1
581,950,1:00:30,0,0.00,0,0.5700,0.1140,0.0347,0.0117,0,REST-S,5,2,1
581,951,1:01:00,0,0.00,0,0.5700,0.1140,0.0347,0.0117,0,REST-S,5,2,1
581,952,1:01:30,0,0.00,0,0.5700,0.1140,0.0347,0.0117,0,REST-S,5,2,1
581,953,1:02:00,0,0.00,0,0.5700,0.1140,0.0347,0.0117,0,REST-S,5,2,1
581,954,1:02:30,0,0.00,0,0.5700,0.1140,0.0347,0.0117,0,REST-S,5,2,1
581,955,1:03:00,0,0.00,0,0.5700,0.1140,0.0347,0.0117,0,REST-S,5,2,1
581,956,1:03:30,0,0.00,0,0.5700,0.1140,0.0347,0.0117,0,REST-S,5,2,1
581,957,1:04:00,0,0.00,0,0.5700,0.1140,0.0347,0.0117,0,REST-S,5,2,1
581,958,1:04:30,0,0.00,0,0.5700,0.1140,0.0347,0.0117,1,REST-S,5,2,1
581,959,1:05:00,0,0.00,0,0.5800,0.1190,0.0347,0.0117,1,REST-S,5,2,1
581,960,1:05:30,0,362.00,0,0.4700,0.1140,0.0251,0.0000,1,REST-S,5,2,1
581,961,1:06:00,0,36.00,0,0.5800,0.1190,0.0347,0.0117,1,REST-S,5,2,1
581,962,1:06:30,0,0.00,0,0.5800,0.1190,0.0347,0.0117,1,REST-S,5,2,1
581,963,1:07:00,0,0.00,0,0.5800,0.1190,0.0347,0.0117,0,REST-S,5,2,1
581,964,1:07:30,0,0.00,0,0.5800,0.1190,0.0347,0.0117,0,REST-S,5,2,1
581,965,1:08:00,0,0.00,0,0.5700,0.1140,0.0347,0.0117,0,REST-S,5,2,1
581,966,1:08:30,0,0.00,0,0.5800,0.1190,0.0347,0.0117,0,REST-S,5,2,1
581,967,1:09:00,0,0.00,0,0.5800,0.1190,0.0347,0.0117,0,REST-S,5,2,1
581,968,1:09:30,0,0.00,0,0.5700,0.1140,0.0347,0.0117,0,REST-S,5,2,1
581,969,1:10:00,0,0.00,0,0.5800,0.1190,0.0347,0.0117,0,REST-S,5,2,1
581,970,1:10:30,0,0.00,0,0.6000,0.1300,0.0347,0.0117,0,REST-S,5,2,1
581,971,1:11:00,0,0.00,0,0.6200,0.1360,0.0347,0.0117,0,REST-S,5,2,1
581,972,1:11:30,0,0.00,0,0.6200,0.1360,0.0347,0.0117,0,REST-S,5,2,1
581,973,1:12:00,0,0.00,0,0.6200,0.1360,0.0347,0.0117,0,REST-S,5,2,1
581,974,1:12:30,0,0.00,0,0.6400,0.1450,0.0347,0.0117,0,REST-S,5,2,1
581,975,1:13:00,0,0.00,0,0.6200,0.1360,0.0347,0.0117,0,REST-S,5,2,1
581,976,1:13:30,0,0.00,0,0.6200,0.1360,0.0347,0.0117,0,REST-S,5,2,1
581,977,1:14:00,0,0.00,0,0.6200,0.1360,0.0347,0.0117,0,REST-S,5,2,1
581,978,1:14:30,0,0.00,0,0.6200,0.1360,0.0347,0.0117,0,REST-S,5,2,1
581,979,1:15:00,0,0.00,0,0.6200,0.1360,0.0347,0.0117,0,REST-S,5,2,1
581,980,1:15:30,0,0.00,0,0.6400,0.1450,0.0347,0.0117,0,REST-S,5,2,1
581,981,1:16:00,0,0.00,0,0.6200,0.1360,0.0347,0.0117,0,REST-S,5,2,1
581,982,1:16:30,0,0.00,0,0.5800,0.1190,0.0347,0.0117,0,REST-S,5,2,1
581,983,1:17:00,0,0.00,0,0.5800,0.1190,0.0347,0.0117,0,REST-S,5,2,1
581,984,1:17:30,0,0.00,0,0.5800,0.1190,0.0347,0.0117,0,REST-S,5,2,1
581,985,1:18:00,0,0.00,0,0.5800,0.1190,0.0347,0.0117,0,REST-S,5,2,1
581,986,1:18:30,0,0.00,0,0.5800,0.1190,0.0347,0.0117,0,REST-S,5,2,1
581,987,1:19:00,0,0.00,0,0.5800,0.1190,0.0347,0.0117,0,REST-S,5,2,1
581,988,1:19:30,0,0.00,0,0.5800,0.1190,0.0347,0.0117,0,REST-S,5,2,1
581,989,1:20:00,0,0.00,0,0.5800,0.1190,0.0347,0.0117,0,REST-S,5,2,1
581,990,1:20:30,0,0.00,0,0.5800,0.1190,0.0347,0.0117,0,REST-S,5,2,1
581,991,1:21:00,0,0.00,0,0.5800,0.1190,0.0347,0.0117,0,REST-S,5,2,1
581,992,1:21:30,0,0.00,0,0.6000,0.1300,0.0347,0.0117,0,REST-S,5,2,1
581,993,1:22:00,0,0.00,0,0.5800,0.1190,0.0347,0.0117,0,REST-S,5,2,1
581,994,1:22:30,0,0.00,0,0.6000,0.1300,0.0347,0.0117,0,REST-S,5,2,1
581,995,1:23:00,0,0.00,0,0.6000,0.1300,0.0347,0.0117,0,REST-S,5,2,1
581,996,1:23:30,0,47.00,0,0.6000,0.1300,0.0347,0.0117,1,REST-S,5,2,1
581,997,1:24:00,0,0.00,0,0.5800,0.1190,0.0347,0.0117,0,REST-S,5,2,1
581,998,1:24:30,0,0.00,0,0.5800,0.1190,0.0347,0.0117,0,REST-S,5,2,1
581,999,1:25:00,0,0.00,0,0.5800,0.1190,0.0347,0.0117,0,REST-S,5,2,1
581,1000,1:25:30,0,0.00,0,0.5800,0.1190,0.0347,0.0117,0,REST-S,5,2,1
581,1001,1:26:00,0,0.00,0,0.5800,0.1190,0.0347,0.0117,0,REST-S,5,2,1
581,1002,1:26:30,0,0.00,0,0.5800,0.1190,0.0347,0.0117,0,REST-S,5,2,1
581,1003,1:27:00,0,0.00,0,0.5800,0.1190,0.0347,0.0117,0,REST-S,5,2,1
581,1004,1:27:30,0,0.00,0,0.5800,0.1190,0.0347,0.0117,0,REST-S,5,2,1
581,1005,1:28:00,0,0.00,0,0.5800,0.1190,0.0347,0.0117,0,REST-S,5,2,1
581,1006,1:28:30,0,0.00,0,0.5800,0.1190,0.0347,0.0117,0,REST-S,5,2,1
581,1007,1:29:00,0,0.00,0,0.5800,0.1190,0.0347,0.0117,0,REST-S,5,2,1
581,1008,1:29:30,0,0.00,0,0.5800,0.1190,0.0347,0.0117,0,REST-S,5,2,1
581,1009,1:30:00,0,0.00,0,0.5800,0.1190,0.0347,0.0117,0,REST-S,5,2,1
581,1010,1:30:30,0,0.00,0,0.5800,0.1190,0.0347,0.0117,0,REST-S,5,2,1
581,1011,1:31:00,0,0.00,0,0.5800,0.1190,0.0347,0.0117,0,REST-S,5,2,1
581,1012,1:31:30,0,0.00,0,0.5800,0.1190,0.0347,0.0117,0,REST-S,5,2,1
581,1013,1:32:00,0,0.00,0,0.5800,0.1190,0.0347,0.0117,0,REST-S,5,2,1
581,1014,1:32:30,0,0.00,0,0.5700,0.1140,0.0347,0.0117,0,REST-S,5,2,1
581,1015,1:33:00,0,0.00,0,0.5700,0.1140,0.0347,0.0117,0,REST-S,5,2,1
581,1016,1:33:30,0,0.00,0,0.5800,0.1190,0.0347,0.0117,0,REST-S,5,2,1
581,1017,1:34:00,0,0.00,0,0.5800,0.1190,0.0347,0.0117,0,REST-S,5,2,1
581,1018,1:34:30,0,66.00,0,0.5800,0.1190,0.0347,0.0117,1,REST-S,5,2,1
581,1019,1:35:00,0,79.00,0,0.5800,0.1190,0.0347,0.0117,1,REST-S,5,2,1
581,1020,1:35:30,0,0.00,0,0.5800,0.1190,0.0347,0.0117,0,REST-S,5,2,1
581,1021,1:36:00,0,0.00,0,0.5800,0.1190,0.0347,0.0117,0,REST-S,5,2,1
581,1022,1:36:30,0,0.00,0,0.5800,0.1190,0.0347,0.0117,0,REST-S,5,2,1
581,1023,1:37:00,0,0.00,0,0.5800,0.1190,0.0347,0.0117,0,REST-S,5,2,1
581,1024,1:37:30,0,0.00,0,0.5800,0.1190,0.0347,0.0117,0,REST-S,5,2,1
581,1025,1:38:00,0,0.00,0,0.5800,0.1190,0.0347,0.0117,0,REST-S,5,2,1
581,1026,1:38:30,0,0.00,0,0.5800,0.1190,0.0347,0.0117,0,REST-S,5,2,1
581,1027,1:39:00,0,0.00,0,0.5800,0.1190,0.0347,0.0117,0,REST-S,5,2,1
581,1028,1:39:30,0,0.00,0,0.5800,0.1190,0.0347,0.0117,0,REST-S,5,2,1
581,1029,1:40:00,0,0.00,0,0.5800,0.1190,0.0347,0.0117,0,REST-S,5,2,1
581,1030,1:40:30,0,0.00,0,0.5800,0.1190,0.0347,0.0117,0,REST-S,5,2,1
581,1031,1:41:00,0,0.00,0,0.5800,0.1190,0.0347,0.0117,0,REST-S,5,2,1
581,1032,1:41:30,0,0.00,0,0.5800,0.1190,0.0347,0.0117,0,REST-S,5,2,1
581,1033,1:42:00,0,0.00,0,0.5800,0.1190,0.0347,0.0117,0,REST-S,5,2,1
581,1034,1:42:30,0,0.00,0,0.5800,0.1190,0.0347,0.0117,0,REST-S,5,2,1
581,1035,1:43:00,0,0.00,0,0.5800,0.1190,0.0347,0.0117,0,REST-S,5,2,1
581,1036,1:43:30,0,0.00,0,0.5800,0.1190,0.0347,0.0117,0,REST-S,5,2,1
581,1037,1:44:00,0,0.00,0,0.5800,0.1190,0.0347,0.0117,0,REST-S,5,2,1
581,1038,1:44:30,0,0.00,0,0.5800,0.1190,0.0347,0.0117,0,REST-S,5,2,1
581,1039,1:45:00,0,0.00,0,0.5800,0.1190,0.0347,0.0117,0,REST-S,5,2,1
581,1040,1:45:30,0,0.00,0,0.5800,0.1190,0.0347,0.0117,0,REST-S,5,2,1
581,1041,1:46:00,0,0.00,0,0.5800,0.1190,0.0347,0.0117,0,REST-S,5,2,1
581,1042,1:46:30,0,0.00,0,0.5800,0.1190,0.0347,0.0117,0,REST-S,5,2,1
581,1043,1:47:00,0,0.00,0,0.5800,0.1190,0.0347,0.0117,0,REST-S,5,2,1
581,1044,1:47:30,0,0.00,0,0.5800,0.1190,0.0347,0.0117,0,REST-S,5,2,1
581,1045,1:48:00,0,0.00,0,0.6200,0.1360,0.0347,0.0117,0,REST-S,5,2,1
581,1046,1:48:30,0,0.00,0,0.6200,0.1360,0.0347,0.0117,0,REST-S,5,2,1
581,1047,1:49:00,0,0.00,0,0.6200,0.1360,0.0347,0.0117,0,REST-S,5,2,1
581,1048,1:49:30,0,0.00,0,0.6200,0.1360,0.0347,0.0117,0,REST-S,5,2,1
581,1049,1:50:00,0,0.00,0,0.6200,0.1360,0.0347,0.0117,0,REST-S,5,2,1
581,1050,1:50:30,0,0.00,0,0.6200,0.1360,0.0347,0.0117,0,REST-S,5,2,1
581,1051,1:51:00,0,0.00,0,0.6200,0.1360,0.0347,0.0117,0,REST-S,5,2,1
581,1052,1:51:30,0,0.00,0,0.6400,0.1450,0.0347,0.0117,0,REST-S,5,2,1
581,1053,1:52:00,0,0.00,0,0.6200,0.1360,0.0347,0.0117,0,REST-S,5,2,1
581,1054,1:52:30,0,0.00,0,0.6000,0.1300,0.0347,0.0117,0,REST-S,5,2,1
581,1055,1:53:00,0,0.00,0,0.6000,0.1300,0.0347,0.0117,0,REST-S,5,2,1
581,1056,1:53:30,0,0.00,0,0.6000,0.1300,0.0347,0.0117,0,REST-S,5,2,1
581,1057,1:54:00,0,0.00,0,0.6000,0.1300,0.0347,0.0117,0,REST-S,5,2,1
581,1058,1:54:30,0,0.00,0,0.5800,0.1190,0.0347,0.0117,0,REST-S,5,2,1
581,1059,1:55:00,0,0.00,0,0.5800,0.1190,0.0347,0.0117,0,REST-S,5,2,1
581,1060,1:55:30,0,0.00,0,0.6000,0.1300,0.0347,0.0117,0,REST-S,5,2,1
581,1061,1:56:00,0,0.00,0,0.5800,0.1190,0.0347,0.0117,0,REST-S,5,2,1
581,1062,1:56:30,0,0.00,0,0.6000,0.1300,0.0347,0.0117,0,REST-S,5,2,1
581,1063,1:57:00,0,0.00,0,0.6000,0.1300,0.0347,0.0117,0,REST-S,5,2,1
581,1064,1:57:30,0,0.00,0,0.6000,0.1300,0.0347,0.0117,0,REST-S,5,2,1
581,1065,1:58:00,0,0.00,0,0.5800,0.1190,0.0347,0.0117,0,REST-S,5,2,1
581,1066,1:58:30,0,0.00,0,0.6000,0.1300,0.0347,0.0117,0,REST-S,5,2,1
581,1067,1:59:00,0,0.00,0,0.5800,0.1190,0.0347,0.0117,0,REST-S,5,2,1
581,1068,1:59:30,0,0.00,0,0.6000,0.1300,0.0347,0.0117,0,REST-S,5,2,1
581,1069,2:00:00,0,0.00,0,0.6000,0.1300,0.0347,0.0117,0,REST-S,5,2,1
581,1070,2:00:30,0,0.00,0,0.6000,0.1300,0.0347,0.0117,0,REST-S,5,2,1
581,1071,2:01:00,0,0.00,0,0.5800,0.1190,0.0347,0.0117,0,REST-S,5,2,1
581,1072,2:01:30,0,0.00,0,0.6000,0.1300,0.0347,0.0117,0,REST-S,5,2,1
581,1073,2:02:00,0,0.00,0,0.6000,0.1300,0.0347,0.0117,0,REST-S,5,2,1
581,1074,2:02:30,0,0.00,0,0.5800,0.1190,0.0347,0.0117,0,REST-S,5,2,1
581,1075,2:03:00,0,0.00,0,0.6000,0.1300,0.0347,0.0117,0,REST-S,5,2,1
581,1076,2:03:30,0,0.00,0,0.5800,0.1190,0.0347,0.0117,0,REST-S,5,2,1
581,1077,2:04:00,0,0.00,0,0.5700,0.1140,0.0347,0.0117,0,REST-S,5,2,1
581,1078,2:04:30,0,0.00,0,0.5700,0.1140,0.0347,0.0117,0,REST-S,5,2,1
581,1079,2:05:00,0,0.00,0,0.5700,0.1140,0.0347,0.0117,0,REST-S,5,2,1
581,1080,2:05:30,0,0.00,0,0.6000,0.1300,0.0347,0.0117,0,REST-S,5,2,1
581,1081,2:06:00,0,0.00,0,0.6000,0.1300,0.0347,0.0117,0,REST-S,5,2,1
581,1082,2:06:30,0,0.00,0,0.6000,0.1300,0.0347,0.0117,0,REST-S,5,2,1
581,1083,2:07:00,0,0.00,0,0.6000,0.1300,0.0347,0.0117,0,REST-S,5,2,1
581,1084,2:07:30,0,0.00,0,0.6000,0.1300,0.0347,0.0117,0,REST-S,5,2,1
581,1085,2:08:00,0,0.00,0,0.6000,0.1300,0.0347,0.0117,0,REST-S,5,2,1
581,1086,2:08:30,0,0.00,0,0.6000,0.1300,0.0347,0.0117,0,REST-S,5,2,1
581,1087,2:09:00,0,0.00,0,0.6000,0.1300,0.0347,0.0117,0,REST-S,5,2,1
581,1088,2:09:30,0,0.00,0,0.6000,0.1300,0.0347,0.0117,0,REST-S,5,2,1
581,1089,2:10:00,0,0.00,0,0.6000,0.1300,0.0347,0.0117,0,REST-S,5,2,1
581,1090,2:10:30,0,0.00,0,0.6000,0.1300,0.0347,0.0117,0,REST-S,5,2,1
581,1091,2:11:00,0,0.00,0,0.6000,0.1300,0.0347,0.0117,0,REST-S,5,2,1
581,1092,2:11:30,0,0.00,0,0.5800,0.1190,0.0347,0.0117,0,REST-S,5,2,1
581,1093,2:12:00,0,0.00,0,0.5700,0.1140,0.0347,0.0117,0,REST-S,5,2,1
581,1094,2:12:30,0,0.00,0,0.5700,0.1140,0.0347,0.0117,0,REST-S,5,2,1
581,1095,2:13:00,0,0.00,0,0.5800,0.1190,0.0347,0.0117,0,REST-S,5,2,1
581,1096,2:13:30,0,1.00,0,0.6000,0.1300,0.0347,0.0117,0,REST-S,5,2,1
581,1097,2:14:00,0,0.00,0,0.6000,0.1300,0.0347,0.0117,0,REST-S,5,2,1
581,1098,2:14:30,0,0.00,0,0.6000,0.1300,0.0347,0.0117,0,REST-S,5,2,1
581,1099,2:15:00,0,0.00,0,0.6000,0.1300,0.0347,0.0117,0,REST-S,5,2,1
581,1100,2:15:30,0,0.00,0,0.6000,0.1300,0.0347,0.0117,0,REST-S,5,2,1
581,1101,2:16:00,0,0.00,0,0.6000,0.1300,0.0347,0.0117,0,REST-S,5,2,1
581,1102,2:16:30,0,0.00,0,0.6000,0.1300,0.0347,0.0117,0,REST-S,5,2,1
581,1103,2:17:00,0,0.00,0,0.6000,0.1300,0.0347,0.0117,0,REST-S,5,2,1
581,1104,2:17:30,0,0.00,0,0.6000,0.1300,0.0347,0.0117,0,REST-S,5,2,1
581,1105,2:18:00,0,0.00,0,0.6000,0.1300,0.0347,0.0117,0,REST-S,5,2,1
581,1106,2:18:30,0,0.00,0,0.6000,0.1300,0.0347,0.0117,0,REST-S,5,2,1
581,1107,2:19:00,0,0.00,0,0.6000,0.1300,0.0347,0.0117,0,REST-S,5,2,1
581,1108,2:19:30,0,0.00,0,0.6000,0.1300,0.0347,0.0117,0,REST-S,5,2,1
581,1109,2:20:00,0,0.00,0,0.6000,0.1300,0.0347,0.0117,0,REST-S,5,2,1
581,1110,2:20:30,0,0.00,0,0.6000,0.1300,0.0347,0.0117,0,REST-S,5,2,1
581,1111,2:21:00,0,0.00,0,0.6000,0.1300,0.0347,0.0117,0,REST-S,5,2,1
581,1112,2:21:30,0,0.00,0,0.6000,0.1300,0.0347,0.0117,0,REST-S,5,2,1
581,1113,2:22:00,0,0.00,0,0.5700,0.1140,0.0347,0.0117,0,REST-S,5,2,1
581,1114,2:22:30,0,0.00,0,0.5700,0.1140,0.0347,0.0117,0,REST-S,5,2,1
581,1115,2:23:00,0,0.00,0,0.5700,0.1140,0.0347,0.0117,0,REST-S,5,2,1
581,1116,2:23:30,0,0.00,0,0.5700,0.1140,0.0347,0.0117,0,REST-S,5,2,1
581,1117,2:24:00,0,0.00,0,0.5700,0.1140,0.0347,0.0117,0,REST-S,5,2,1
581,1118,2:24:30,0,0.00,0,0.5700,0.1140,0.0347,0.0117,0,REST-S,5,2,1
581,1119,2:25:00,0,0.00,0,0.6000,0.1300,0.0347,0.0117,0,REST-S,5,2,1
581,1120,2:25:30,0,0.00,0,0.6000,0.1300,0.0347,0.0117,0,REST-S,5,2,1
581,1121,2:26:00,0,0.00,0,0.6000,0.1300,0.0347,0.0117,0,REST-S,5,2,1
581,1122,2:26:30,0,151.00,0,0.5800,0.1190,0.0347,0.0117,1,REST-S,5,2,1
581,1123,2:27:00,0,0.00,0,0.6000,0.1300,0.0347,0.0117,0,REST-S,5,2,1
581,1124,2:27:30,0,0.00,0,0.6000,0.1300,0.0347,0.0117,0,REST-S,5,2,1
581,1125,2:28:00,0,0.00,0,0.6000,0.1300,0.0347,0.0117,0,REST-S,5,2,1
581,1126,2:28:30,0,0.00,0,0.5800,0.1190,0.0347,0.0117,0,REST-S,5,2,1
581,1127,2:29:00,0,16.00,0,0.6000,0.1300,0.0347,0.0117,0,REST-S,5,2,1
581,1128,2:29:30,0,31.00,0,0.6000,0.1300,0.0347,0.0117,1,REST-S,5,2,1
581,1129,2:30:00,0,0.00,0,0.6000,0.1300,0.0347,0.0117,0,REST-S,5,2,1
581,1130,2:30:30,0,29.00,0,0.5800,0.1190,0.0347,0.0117,1,REST-S,5,2,1
581,1131,2:31:00,0,0.00,0,0.5800,0.1190,0.0347,0.0117,0,REST-S,5,2,1
581,1132,2:31:30,0,0.00,0,0.5800,0.1190,0.0347,0.0117,0,REST-S,5,2,1
581,1133,2:32:00,0,0.00,0,0.6000,0.1300,0.0347,0.0117,0,REST-S,5,2,1
581,1134,2:32:30,0,0.00,0,0.6000,0.1300,0.0347,0.0117,0,REST-S,5,2,1
581,1135,2:33:00,0,0.00,0,0.5800,0.1190,0.0347,0.0117,0,REST-S,5,2,1
581,1136,2:33:30,0,0.00,0,0.5800,0.1190,0.0347,0.0117,0,REST-S,5,2,1
581,1137,2:34:00,0,0.00,0,0.5800,0.1190,0.0347,0.0117,0,REST-S,5,2,1
581,1138,2:34:30,0,0.00,0,0.5800,0.1190,0.0347,0.0117,0,REST-S,5,2,1
581,1139,2:35:00,0,0.00,0,0.6000,0.1300,0.0347,0.0117,0,REST-S,5,2,1
581,1140,2:35:30,0,0.00,0,0.5800,0.1190,0.0347,0.0117,0,REST-S,5,2,1
581,1141,2:36:00,0,0.00,0,0.5800,0.1190,0.0347,0.0117,0,REST-S,5,2,1
581,1142,2:36:30,0,0.00,0,0.6000,0.1300,0.0347,0.0117,0,REST-S,5,2,1
581,1143,2:37:00,0,0.00,0,0.5800,0.1190,0.0347,0.0117,0,REST-S,5,2,1
581,1144,2:37:30,0,0.00,0,0.5800,0.1190,0.0347,0.0117,0,REST-S,5,2,1
581,1145,2:38:00,0,0.00,0,0.5800,0.1190,0.0347,0.0117,0,REST-S,5,2,1
581,1146,2:38:30,0,0.00,0,0.5800,0.1190,0.0347,0.0117,0,REST-S,5,2,1
581,1147,2:39:00,0,0.00,0,0.5800,0.1190,0.0347,0.0117,0,REST-S,5,2,1
581,1148,2:39:30,0,0.00,0,0.5800,0.1190,0.0347,0.0117,0,REST-S,5,2,1
581,1149,2:40:00,0,0.00,0,0.5800,0.1190,0.0347,0.0117,0,REST-S,5,2,1
581,1150,2:40:30,0,0.00,0,0.5800,0.1190,0.0347,0.0117,0,REST-S,5,2,1
581,1151,2:41:00,0,0.00,0,0.5800,0.1190,0.0347,0.0117,0,REST-S,5,2,1
581,1152,2:41:30,0,0.00,0,0.5800,0.1190,0.0347,0.0117,0,REST-S,5,2,1
581,1153,2:42:00,0,0.00,0,0.5800,0.1190,0.0347,0.0117,0,REST-S,5,2,1
581,1154,2:42:30,0,0.00,0,0.5800,0.1190,0.0347,0.0117,0,REST-S,5,2,1
581,1155,2:43:00,0,0.00,0,0.5800,0.1190,0.0347,0.0117,0,REST-S,5,2,1
581,1156,2:43:30,0,0.00,0,0.5800,0.1190,0.0347,0.0117,0,REST-S,5,2,1
581,1157,2:44:00,0,0.00,0,0.6000,0.1300,0.0347,0.0117,0,REST-S,5,2,1
581,1158,2:44:30,0,0.00,0,0.5800,0.1190,0.0347,0.0117,0,REST-S,5,2,1
581,1159,2:45:00,0,0.00,0,0.6000,0.1300,0.0347,0.0117,0,REST-S,5,2,1
581,1160,2:45:30,0,0.00,0,0.6000,0.1300,0.0347,0.0117,0,REST-S,5,2,1
581,1161,2:46:00,0,0.00,0,0.6000,0.1300,0.0347,0.0117,0,REST-S,5,2,1
581,1162,2:46:30,0,0.00,0,0.6000,0.1300,0.0347,0.0117,0,REST-S,5,2,1
581,1163,2:47:00,0,0.00,0,0.6000,0.1300,0.0347,0.0117,0,REST-S,5,2,1
581,1164,2:47:30,0,0.00,0,0.6000,0.1300,0.0347,0.0117,0,REST-S,5,2,1
581,1165,2:48:00,0,0.00,0,0.5800,0.1190,0.0347,0.0117,0,REST-S,5,2,1
581,1166,2:48:30,0,0.00,0,0.6000,0.1300,0.0347,0.0117,0,REST-S,5,2,1
581,1167,2:49:00,0,0.00,0,0.6000,0.1300,0.0347,0.0117,0,REST-S,5,2,1
581,1168,2:49:30,0,0.00,0,0.6000,0.1300,0.0347,0.0117,0,REST-S,5,2,1
581,1169,2:50:00,0,0.00,0,0.6000,0.1300,0.0347,0.0117,0,REST-S,5,2,1
581,1170,2:50:30,0,0.00,0,0.6000,0.1300,0.0347,0.0117,0,REST-S,5,2,1
581,1171,2:51:00,0,0.00,0,0.6000,0.1300,0.0347,0.0117,0,REST-S,5,2,1
581,1172,2:51:30,0,0.00,0,0.6000,0.1300,0.0347,0.0117,0,REST-S,5,2,1
581,1173,2:52:00,0,0.00,0,0.6000,0.1300,0.0347,0.0117,0,REST-S,5,2,1
581,1174,2:52:30,0,0.00,0,0.6000,0.1300,0.0347,0.0117,0,REST-S,5,2,1
581,1175,2:53:00,0,0.00,0,0.6200,0.1360,0.0347,0.0117,0,REST-S,5,2,1
581,1176,2:53:30,0,0.00,0,0.6000,0.1300,0.0347,0.0117,0,REST-S,5,2,1
581,1177,2:54:00,0,0.00,0,0.6200,0.1360,0.0347,0.0117,0,REST-S,5,2,1
581,1178,2:54:30,0,0.00,0,0.6000,0.1300,0.0347,0.0117,0,REST-S,5,2,1
581,1179,2:55:00,0,0.00,0,0.6000,0.1300,0.0347,0.0117,0,REST-S,5,2,1
581,1180,2:55:30,0,0.00,0,0.6000,0.1300,0.0347,0.0117,0,REST-S,5,2,1
581,1181,2:56:00,0,0.00,0,0.6000,0.1300,0.0347,0.0117,0,REST-S,5,2,1
581,1182,2:56:30,0,0.00,0,0.6000,0.1300,0.0347,0.0117,0,REST-S,5,2,1
581,1183,2:57:00,0,0.00,0,0.6000,0.1300,0.0347,0.0117,0,REST-S,5,2,1
581,1184,2:57:30,0,0.00,0,0.6000,0.1300,0.0347,0.0117,0,REST-S,5,2,1
581,1185,2:58:00,0,0.00,0,0.6000,0.1300,0.0347,0.0117,0,REST-S,5,2,1
581,1186,2:58:30,0,0.00,0,0.6200,0.1360,0.0347,0.0117,0,REST-S,5,2,1
581,1187,2:59:00,0,0.00,0,0.6400,0.1450,0.0347,0.0117,0,REST-S,5,2,1
581,1188,2:59:30,0,0.00,0,0.6400,0.1450,0.0347,0.0117,0,REST-S,5,2,1
581,1189,3:00:00,0,0.00,0,0.6400,0.1450,0.0347,0.0117,0,REST-S,5,2,1
581,1190,3:00:30,0,0.00,0,0.6400,0.1450,0.0347,0.0117,0,REST-S,5,2,1
581,1191,3:01:00,0,0.00,0,0.6400,0.1450,0.0347,0.0117,0,REST-S,5,2,1
581,1192,3:01:30,0,0.00,0,0.6400,0.1450,0.0347,0.0117,0,REST-S,5,2,1
581,1193,3:02:00,0,0.00,0,0.6400,0.1450,0.0347,0.0117,0,REST-S,5,2,1
581,1194,3:02:30,0,0.00,0,0.6400,0.1450,0.0347,0.0117,0,REST-S,5,2,1
581,1195,3:03:00,0,0.00,0,0.6400,0.1450,0.0347,0.0117,0,REST-S,5,2,1
581,1196,3:03:30,0,0.00,0,0.6400,0.1450,0.0347,0.0117,0,REST-S,5,2,1
581,1197,3:04:00,0,0.00,0,0.6400,0.1450,0.0347,0.0117,0,REST-S,5,2,1
581,1198,3:04:30,0,0.00,0,0.6400,0.1450,0.0347,0.0117,0,REST-S,5,2,1
581,1199,3:05:00,0,1.00,0,0.6400,0.1450,0.0347,0.0117,0,REST-S,5,2,1
581,1200,3:05:30,0,0.00,0,0.6500,0.1510,0.0347,0.0117,0,REST-S,5,2,1
581,1201,3:06:00,0,0.00,0,0.6400,0.1450,0.0347,0.0117,0,REST-S,5,2,1
581,1202,3:06:30,0,0.00,0,0.6400,0.1450,0.0347,0.0117,0,REST-S,5,2,1
581,1203,3:07:00,0,0.00,0,0.6400,0.1450,0.0347,0.0117,0,REST-S,5,2,1
581,1204,3:07:30,0,0.00,0,0.6400,0.1450,0.0347,0.0117,0,REST-S,5,2,1
581,1205,3:08:00,0,52.00,0,0.6400,0.1450,0.0347,0.0117,1,REST-S,5,2,1
581,1206,3:08:30,0,0.00,0,0.6400,0.1450,0.0347,0.0117,0,REST-S,5,2,1
581,1207,3:09:00,0,0.00,0,0.6400,0.1450,0.0347,0.0117,0,REST-S,5,2,1
581,1208,3:09:30,0,0.00,0,0.6400,0.1450,0.0347,0.0117,0,REST-S,5,2,1
581,1209,3:10:00,0,0.00,0,0.6400,0.1450,0.0347,0.0117,0,REST-S,5,2,1
581,1210,3:10:30,0,0.00,0,0.6400,0.1450,0.0347,0.0117,0,REST-S,5,2,1
581,1211,3:11:00,0,0.00,0,0.6400,0.1450,0.0347,0.0117,0,REST-S,5,2,1
581,1212,3:11:30,0,0.00,0,0.6400,0.1450,0.0347,0.0117,0,REST-S,5,2,1
581,1213,3:12:00,0,0.00,0,0.6400,0.1450,0.0347,0.0117,0,REST-S,5,2,1
581,1214,3:12:30,0,0.00,0,0.6400,0.1450,0.0347,0.0117,0,REST-S,5,2,1
581,1215,3:13:00,0,0.00,0,0.6400,0.1450,0.0347,0.0117,0,REST-S,5,2,1
581,1216,3:13:30,0,0.00,0,0.6400,0.1450,0.0347,0.0117,0,REST-S,5,2,1
581,1217,3:14:00,0,0.00,0,0.6400,0.1450,0.0347,0.0117,0,REST-S,5,2,1
581,1218,3:14:30,0,0.00,0,0.6400,0.1450,0.0347,0.0117,0,REST-S,5,2,1
581,1219,3:15:00,0,0.00,0,0.6400,0.1450,0.0347,0.0117,0,REST-S,5,2,1
581,1220,3:15:30,0,0.00,0,0.6400,0.1450,0.0347,0.0117,0,REST-S,5,2,1
581,1221,3:16:00,0,0.00,0,0.6400,0.1450,0.0347,0.0117,0,REST-S,5,2,1
581,1222,3:16:30,0,0.00,0,0.6400,0.1450,0.0347,0.0117,0,REST-S,5,2,1
581,1223,3:17:00,0,0.00,0,0.6400,0.1450,0.0347,0.0117,0,REST-S,5,2,1
581,1224,3:17:30,0,0.00,0,0.6400,0.1450,0.0347,0.0117,0,REST-S,5,2,1
581,1225,3:18:00,0,0.00,0,0.6400,0.1450,0.0347,0.0117,0,REST-S,5,2,1
581,1226,3:18:30,0,0.00,0,0.6400,0.1450,0.0347,0.0117,0,REST-S,5,2,1
581,1227,3:19:00,0,0.00,0,0.6500,0.1510,0.0347,0.0117,0,REST-S,5,2,1
581,1228,3:19:30,0,0.00,0,0.6400,0.1450,0.0347,0.0117,0,REST-S,5,2,1
581,1229,3:20:00,0,0.00,0,0.6500,0.1510,0.0347,0.0117,0,REST-S,5,2,1
581,1230,3:20:30,0,0.00,0,0.6400,0.1450,0.0347,0.0117,0,REST-S,5,2,1
581,1231,3:21:00,0,0.00,0,0.6400,0.1450,0.0347,0.0117,0,REST-S,5,2,1
581,1232,3:21:30,0,0.00,0,0.6400,0.1450,0.0347,0.0117,0,REST-S,5,2,1
581,1233,3:22:00,0,0.00,0,0.6400,0.1450,0.0347,0.0117,0,REST-S,5,2,1
581,1234,3:22:30,0,11.00,0,0.6400,0.1450,0.0347,0.0117,0,REST-S,5,2,1
581,1235,3:23:00,0,61.00,0,0.6500,0.1510,0.0347,0.0117,1,REST-S,5,2,1
581,1236,3:23:30,0,0.00,0,0.6400,0.1450,0.0347,0.0117,0,REST-S,5,2,1
581,1237,3:24:00,0,0.00,0,0.6400,0.1450,0.0347,0.0117,0,REST-S,5,2,1
581,1238,3:24:30,0,0.00,0,0.6400,0.1450,0.0347,0.0117,0,REST-S,5,2,1
581,1239,3:25:00,0,0.00,0,0.6400,0.1450,0.0347,0.0117,0,REST-S,5,2,1
581,1240,3:25:30,0,0.00,0,0.6400,0.1450,0.0347,0.0117,0,REST-S,5,2,1
581,1241,3:26:00,0,4.00,0,0.6500,0.1510,0.0347,0.0117,0,REST-S,5,2,1
581,1242,3:26:30,0,93.00,0,0.6400,0.1450,0.0347,0.0117,1,REST-S,5,2,1
581,1243,3:27:00,0,0.00,0,0.6400,0.1450,0.0347,0.0117,0,REST-S,5,2,1
581,1244,3:27:30,0,0.00,0,0.6400,0.1450,0.0347,0.0117,0,REST-S,5,2,1
581,1245,3:28:00,0,0.00,0,0.6400,0.1450,0.0347,0.0117,0,REST-S,5,2,1
581,1246,3:28:30,0,0.00,0,0.6500,0.1510,0.0347,0.0117,0,REST-S,5,2,1
581,1247,3:29:00,0,0.00,0,0.6400,0.1450,0.0347,0.0117,0,REST-S,5,2,1
581,1248,3:29:30,0,0.00,0,0.6400,0.1450,0.0347,0.0117,0,REST-S,5,2,1
581,1249,3:30:00,0,0.00,0,0.6400,0.1450,0.0347,0.0117,0,REST-S,5,2,1
581,1250,3:30:30,0,0.00,0,0.6400,0.1450,0.0347,0.0117,0,REST-S,5,2,1
581,1251,3:31:00,0,0.00,0,0.6400,0.1450,0.0347,0.0117,0,REST-S,5,2,1
581,1252,3:31:30,0,0.00,0,0.6200,0.1360,0.0347,0.0117,0,REST-S,5,2,1
581,1253,3:32:00,0,36.00,0,0.6400,0.1450,0.0347,0.0117,1,REST-S,5,2,1
581,1254,3:32:30,0,0.00,0,0.6400,0.1450,0.0347,0.0117,0,REST-S,5,2,1
581,1255,3:33:00,0,0.00,0,0.6400,0.1450,0.0347,0.0117,0,REST-S,5,2,1
581,1256,3:33:30,0,0.00,0,0.6400,0.1450,0.0347,0.0117,0,REST-S,5,2,1
581,1257,3:34:00,0,0.00,0,0.6400,0.1450,0.0347,0.0117,0,REST-S,5,2,1
581,1258,3:34:30,0,0.00,0,0.6400,0.1450,0.0347,0.0117,0,REST-S,5,2,1
581,1259,3:35:00,0,0.00,0,0.6400,0.1450,0.0347,0.0117,0,REST-S,5,2,1
581,1260,3:35:30,0,0.00,0,0.6400,0.1450,0.0347,0.0117,0,REST-S,5,2,1
581,1261,3:36:00,0,0.00,0,0.6400,0.1450,0.0347,0.0117,0,REST-S,5,2,1
581,1262,3:36:30,0,0.00,0,0.6400,0.1450,0.0347,0.0117,0,REST-S,5,2,1
581,1263,3:37:00,0,0.00,0,0.6400,0.1450,0.0347,0.0117,0,REST-S,5,2,1
581,1264,3:37:30,0,0.00,0,0.6400,0.1450,0.0347,0.0117,0,REST-S,5,2,1
581,1265,3:38:00,0,0.00,0,0.6400,0.1450,0.0347,0.0117,0,REST-S,5,2,1
581,1266,3:38:30,0,0.00,0,0.6400,0.1450,0.0347,0.0117,0,REST-S,5,2,1
581,1267,3:39:00,0,0.00,0,0.6400,0.1450,0.0347,0.0117,0,REST-S,5,2,1
581,1268,3:39:30,0,0.00,0,0.6400,0.1450,0.0347,0.0117,0,REST-S,5,2,1
581,1269,3:40:00,0,0.00,0,0.6200,0.1360,0.0347,0.0117,0,REST-S,5,2,1
581,1270,3:40:30,0,0.00,0,0.6200,0.1360,0.0347,0.0117,0,REST-S,5,2,1
581,1271,3:41:00,0,0.00,0,0.6200,0.1360,0.0347,0.0117,0,REST-S,5,2,1
581,1272,3:41:30,0,12.00,0,0.6400,0.1450,0.0347,0.0117,0,REST-S,5,2,1
581,1273,3:42:00,0,0.00,0,0.6400,0.1450,0.0347,0.0117,0,REST-S,5,2,1
581,1274,3:42:30,0,0.00,0,0.6400,0.1450,0.0347,0.0117,0,REST-S,5,2,1
581,1275,3:43:00,0,0.00,0,0.6200,0.1360,0.0347,0.0117,0,REST-S,5,2,1
581,1276,3:43:30,0,0.00,0,0.6200,0.1360,0.0347,0.0117,0,REST-S,5,2,1
581,1277,3:44:00,0,0.00,0,0.6200,0.1360,0.0347,0.0117,0,REST-S,5,2,1
581,1278,3:44:30,0,0.00,0,0.6400,0.1450,0.0347,0.0117,0,REST-S,5,2,1
581,1279,3:45:00,0,0.00,0,0.6200,0.1360,0.0347,0.0117,0,REST-S,5,2,1
581,1280,3:45:30,0,0.00,0,0.6400,0.1450,0.0347,0.0117,0,REST-S,5,2,1
581,1281,3:46:00,0,0.00,0,0.6400,0.1450,0.0347,0.0117,0,REST-S,5,2,1
581,1282,3:46:30,0,0.00,0,0.6400,0.1450,0.0347,0.0117,0,REST-S,5,2,1
581,1283,3:47:00,0,0.00,0,0.6200,0.1360,0.0347,0.0117,0,REST-S,5,2,1
581,1284,3:47:30,0,0.00,0,0.6400,0.1450,0.0347,0.0117,0,REST-S,5,2,1
581,1285,3:48:00,0,0.00,0,0.6400,0.1450,0.0347,0.0117,0,REST-S,5,2,1
581,1286,3:48:30,0,0.00,0,0.6200,0.1360,0.0347,0.0117,0,REST-S,5,2,1
581,1287,3:49:00,0,0.00,0,0.6400,0.1450,0.0347,0.0117,0,REST-S,5,2,1
581,1288,3:49:30,0,0.00,0,0.6400,0.1450,0.0347,0.0117,0,REST-S,5,2,1
581,1289,3:50:00,0,0.00,0,0.6400,0.1450,0.0347,0.0117,0,REST-S,5,2,1
581,1290,3:50:30,0,0.00,0,0.6200,0.1360,0.0347,0.0117,0,REST-S,5,2,1
581,1291,3:51:00,0,0.00,0,0.6400,0.1450,0.0347,0.0117,0,REST-S,5,2,1
581,1292,3:51:30,0,0.00,0,0.6200,0.1360,0.0347,0.0117,0,REST-S,5,2,1
581,1293,3:52:00,0,0.00,0,0.6400,0.1450,0.0347,0.0117,0,REST-S,5,2,1
581,1294,3:52:30,0,0.00,0,0.6400,0.1450,0.0347,0.0117,0,REST-S,5,2,1
581,1295,3:53:00,0,0.00,0,0.6400,0.1450,0.0347,0.0117,0,REST-S,5,2,1
581,1296,3:53:30,0,59.00,0,0.6400,0.1450,0.0347,0.0117,1,REST-S,5,2,1
581,1297,3:54:00,0,0.00,0,0.6400,0.1450,0.0347,0.0117,0,REST-S,5,2,1
581,1298,3:54:30,0,0.00,0,0.6400,0.1450,0.0347,0.0117,0,REST-S,5,2,1
581,1299,3:55:00,0,0.00,0,0.6400,0.1450,0.0347,0.0117,0,REST-S,5,2,1
581,1300,3:55:30,0,0.00,0,0.6400,0.1450,0.0347,0.0117,0,REST-S,5,2,1
581,1301,3:56:00,0,0.00,0,0.6400,0.1450,0.0347,0.0117,0,REST-S,5,2,1
581,1302,3:56:30,0,0.00,0,0.6400,0.1450,0.0347,0.0117,0,REST-S,5,2,1
581,1303,3:57:00,0,0.00,0,0.6200,0.1360,0.0347,0.0117,0,REST-S,5,2,1
581,1304,3:57:30,0,0.00,0,0.6400,0.1450,0.0347,0.0117,0,REST-S,5,2,1
581,1305,3:58:00,0,0.00,0,0.6400,0.1450,0.0347,0.0117,0,REST-S,5,2,1
581,1306,3:58:30,0,0.00,0,0.6400,0.1450,0.0347,0.0117,0,REST-S,5,2,1
581,1307,3:59:00,0,0.00,0,0.6200,0.1360,0.0347,0.0117,0,REST-S,5,2,1
581,1308,3:59:30,0,0.00,0,0.6400,0.1450,0.0347,0.0117,0,REST-S,5,2,1
581,1309,4:00:00,0,0.00,0,0.6400,0.1450,0.0347,0.0117,0,REST-S,5,2,1
581,1310,4:00:30,0,0.00,0,0.6200,0.1360,0.0347,0.0117,0,REST-S,5,2,1
581,1311,4:01:00,0,0.00,0,0.6400,0.1450,0.0347,0.0117,0,REST-S,5,2,1
581,1312,4:01:30,0,0.00,0,0.6400,0.1450,0.0347,0.0117,0,REST-S,5,2,1
581,1313,4:02:00,0,0.00,0,0.6400,0.1450,0.0347,0.0117,0,REST-S,5,2,1
581,1314,4:02:30,0,0.00,0,0.6400,0.1450,0.0347,0.0117,0,REST-S,5,2,1
581,1315,4:03:00,0,0.00,0,0.6400,0.1450,0.0347,0.0117,0,REST-S,5,2,1
581,1316,4:03:30,0,0.00,0,0.6400,0.1450,0.0347,0.0117,0,REST-S,5,2,1
581,1317,4:04:00,0,0.00,0,0.6200,0.1360,0.0347,0.0117,0,REST-S,5,2,1
581,1318,4:04:30,0,0.00,0,0.6200,0.1360,0.0347,0.0117,0,REST-S,5,2,1
581,1319,4:05:00,0,0.00,0,0.6200,0.1360,0.0347,0.0117,0,REST-S,5,2,1
581,1320,4:05:30,0,0.00,0,0.6400,0.1450,0.0347,0.0117,0,REST-S,5,2,1
581,1321,4:06:00,0,0.00,0,0.6200,0.1360,0.0347,0.0117,0,REST-S,5,2,1
581,1322,4:06:30,0,0.00,0,0.6400,0.1450,0.0347,0.0117,0,REST-S,5,2,1
581,1323,4:07:00,0,0.00,0,0.6500,0.1510,0.0347,0.0117,0,REST-S,5,2,1
581,1324,4:07:30,0,0.00,0,0.6500,0.1510,0.0347,0.0117,0,REST-S,5,2,1
581,1325,4:08:00,0,0.00,0,0.6400,0.1450,0.0347,0.0117,0,REST-S,5,2,1
581,1326,4:08:30,0,0.00,0,0.6400,0.1450,0.0347,0.0117,0,REST-S,5,2,1
581,1327,4:09:00,0,0.00,0,0.6400,0.1450,0.0347,0.0117,0,REST-S,5,2,1
581,1328,4:09:30,0,0.00,0,0.6200,0.1360,0.0347,0.0117,0,REST-S,5,2,1
581,1329,4:10:00,0,0.00,0,0.6400,0.1450,0.0347,0.0117,0,REST-S,5,2,1
581,1330,4:10:30,0,0.00,0,0.6400,0.1450,0.0347,0.0117,0,REST-S,5,2,1
581,1331,4:11:00,0,0.00,0,0.6400,0.1450,0.0347,0.0117,0,REST-S,5,2,1
581,1332,4:11:30,0,0.00,0,0.6400,0.1450,0.0347,0.0117,0,REST-S,5,2,1
581,1333,4:12:00,0,0.00,0,0.6400,0.1450,0.0347,0.0117,0,REST-S,5,2,1
581,1334,4:12:30,0,0.00,0,0.6400,0.1450,0.0347,0.0117,0,REST-S,5,2,1
581,1335,4:13:00,0,0.00,0,0.6400,0.1450,0.0347,0.0117,0,REST-S,5,2,1
581,1336,4:13:30,0,0.00,0,0.6400,0.1450,0.0347,0.0117,0,REST-S,5,2,1
581,1337,4:14:00,0,0.00,0,0.6400,0.1450,0.0347,0.0117,0,REST-S,5,2,1
581,1338,4:14:30,0,0.00,0,0.6400,0.1450,0.0347,0.0117,0,REST-S,5,2,1
581,1339,4:15:00,0,0.00,0,0.6400,0.1450,0.0347,0.0117,0,REST-S,5,2,1
581,1340,4:15:30,0,0.00,0,0.6400,0.1450,0.0347,0.0117,0,REST-S,5,2,1
581,1341,4:16:00,0,0.00,0,0.6400,0.1450,0.0347,0.0117,0,REST-S,5,2,1
581,1342,4:16:30,0,0.00,0,0.6400,0.1450,0.0347,0.0117,0,REST-S,5,2,1
581,1343,4:17:00,0,0.00,0,0.6400,0.1450,0.0347,0.0117,0,REST-S,5,2,1
581,1344,4:17:30,0,0.00,0,0.6400,0.1450,0.0347,0.0117,0,REST-S,5,2,1
581,1345,4:18:00,0,0.00,0,0.6400,0.1450,0.0347,0.0117,0,REST-S,5,2,1
581,1346,4:18:30,0,0.00,0,0.6400,0.1450,0.0347,0.0117,0,REST-S,5,2,1
581,1347,4:19:00,0,0.00,0,0.6400,0.1450,0.0347,0.0117,0,REST-S,5,2,1
581,1348,4:19:30,0,0.00,0,0.6400,0.1450,0.0347,0.0117,0,REST-S,5,2,1
581,1349,4:20:00,0,0.00,0,0.6500,0.1510,0.0347,0.0117,0,REST-S,5,2,1
581,1350,4:20:30,0,0.00,0,0.6500,0.1510,0.0347,0.0117,0,REST-S,5,2,1
581,1351,4:21:00,0,0.00,0,0.6500,0.1510,0.0347,0.0117,0,REST-S,5,2,1
581,1352,4:21:30,0,0.00,0,0.6400,0.1450,0.0347,0.0117,0,REST-S,5,2,1
581,1353,4:22:00,0,0.00,0,0.6400,0.1450,0.0347,0.0117,0,REST-S,5,2,1
581,1354,4:22:30,0,0.00,0,0.6400,0.1450,0.0347,0.0117,0,REST-S,5,2,1
581,1355,4:23:00,0,6.00,0,0.6400,0.1450,0.0347,0.0117,0,REST-S,5,2,1
581,1356,4:23:30,0,0.00,0,0.6400,0.1450,0.0347,0.0117,0,REST-S,5,2,1
581,1357,4:24:00,0,89.00,0,0.6400,0.1450,0.0347,0.0117,1,REST-S,5,2,1
581,1358,4:24:30,0,0.00,0,0.6400,0.1450,0.0347,0.0117,0,REST-S,5,2,1
581,1359,4:25:00,0,0.00,0,0.6400,0.1450,0.0347,0.0117,0,REST-S,5,2,1
581,1360,4:25:30,0,0.00,0,0.6400,0.1450,0.0347,0.0117,0,REST-S,5,2,1
581,1361,4:26:00,0,0.00,0,0.6400,0.1450,0.0347,0.0117,0,REST-S,5,2,1
581,1362,4:26:30,0,0.00,0,0.6400,0.1450,0.0347,0.0117,0,REST-S,5,2,1
581,1363,4:27:00,0,0.00,0,0.6400,0.1450,0.0347,0.0117,0,REST-S,5,2,1
581,1364,4:27:30,0,0.00,0,0.6400,0.1450,0.0347,0.0117,0,REST-S,5,2,1
581,1365,4:28:00,0,0.00,0,0.6400,0.1450,0.0347,0.0117,0,REST-S,5,2,1
581,1366,4:28:30,0,0.00,0,0.6500,0.1510,0.0347,0.0117,0,REST-S,5,2,1
581,1367,4:29:00,0,0.00,0,0.6500,0.1510,0.0347,0.0117,0,REST-S,5,2,1
581,1368,4:29:30,0,0.00,0,0.6500,0.1510,0.0347,0.0117,0,REST-S,5,2,1
581,1369,4:30:00,0,0.00,0,0.6400,0.1450,0.0347,0.0117,0,REST-S,5,2,1
581,1370,4:30:30,0,0.00,0,0.6400,0.1450,0.0347,0.0117,0,REST-S,5,2,1
581,1371,4:31:00,0,0.00,0,0.6400,0.1450,0.0347,0.0117,0,REST-S,5,2,1
581,1372,4:31:30,0,0.00,0,0.6500,0.1510,0.0347,0.0117,0,REST-S,5,2,1
581,1373,4:32:00,0,0.00,0,0.6500,0.1510,0.0347,0.0117,0,REST-S,5,2,1
581,1374,4:32:30,0,0.00,0,0.6500,0.1510,0.0347,0.0117,0,REST-S,5,2,1
581,1375,4:33:00,0,0.00,0,0.6500,0.1510,0.0347,0.0117,0,REST-S,5,2,1
581,1376,4:33:30,0,0.00,0,0.6500,0.1510,0.0347,0.0117,0,REST-S,5,2,1
581,1377,4:34:00,0,0.00,0,0.6400,0.1450,0.0347,0.0117,0,REST-S,5,2,1
581,1378,4:34:30,0,0.00,0,0.6400,0.1450,0.0347,0.0117,0,REST-S,5,2,1
581,1379,4:35:00,0,0.00,0,0.6400,0.1450,0.0347,0.0117,0,REST-S,5,2,1
581,1380,4:35:30,0,0.00,0,0.6400,0.1450,0.0347,0.0117,0,REST-S,5,2,1
581,1381,4:36:00,0,0.00,0,0.6400,0.1450,0.0347,0.0117,0,REST-S,5,2,1
581,1382,4:36:30,0,0.00,0,0.6400,0.1450,0.0347,0.0117,0,REST-S,5,2,1
581,1383,4:37:00,0,0.00,0,0.6400,0.1450,0.0347,0.0117,0,REST-S,5,2,1
581,1384,4:37:30,0,0.00,0,0.6400,0.1450,0.0347,0.0117,0,REST-S,5,2,1
581,1385,4:38:00,0,0.00,0,0.6400,0.1450,0.0347,0.0117,0,REST-S,5,2,1
581,1386,4:38:30,0,0.00,0,0.6500,0.1510,0.0347,0.0117,0,REST-S,5,2,1
581,1387,4:39:00,0,0.00,0,0.6400,0.1450,0.0347,0.0117,0,REST-S,5,2,1
581,1388,4:39:30,0,0.00,0,0.6400,0.1450,0.0347,0.0117,0,REST-S,5,2,1
581,1389,4:40:00,0,0.00,0,0.6400,0.1450,0.0347,0.0117,0,REST-S,5,2,1
581,1390,4:40:30,0,0.00,0,0.6400,0.1450,0.0347,0.0117,0,REST-S,5,2,1
581,1391,4:41:00,0,0.00,0,0.6400,0.1450,0.0347,0.0117,0,REST-S,5,2,1
581,1392,4:41:30,0,0.00,0,0.6400,0.1450,0.0347,0.0117,0,REST-S,5,2,1
581,1393,4:42:00,0,0.00,0,0.6400,0.1450,0.0347,0.0117,0,REST-S,5,2,1
581,1394,4:42:30,0,0.00,0,0.6400,0.1450,0.0347,0.0117,0,REST-S,5,2,1
581,1395,4:43:00,0,0.00,0,0.6200,0.1360,0.0347,0.0117,0,REST-S,5,2,1
581,1396,4:43:30,0,0.00,0,0.6400,0.1450,0.0347,0.0117,0,REST-S,5,2,1
581,1397,4:44:00,0,0.00,0,0.6400,0.1450,0.0347,0.0117,0,REST-S,5,2,1
581,1398,4:44:30,0,0.00,0,0.6400,0.1450,0.0347,0.0117,0,REST-S,5,2,1
581,1399,4:45:00,0,0.00,0,0.6400,0.1450,0.0347,0.0117,0,REST-S,5,2,1
581,1400,4:45:30,0,0.00,0,0.6400,0.1450,0.0347,0.0117,0,REST-S,5,2,1
581,1401,4:46:00,0,0.00,0,0.6400,0.1450,0.0347,0.0117,0,REST-S,5,2,1
581,1402,4:46:30,0,0.00,0,0.6400,0.1450,0.0347,0.0117,0,REST-S,5,2,1
581,1403,4:47:00,0,0.00,0,0.6400,0.1450,0.0347,0.0117,0,REST-S,5,2,1
581,1404,4:47:30,0,0.00,0,0.6400,0.1450,0.0347,0.0117,0,REST-S,5,2,1
581,1405,4:48:00,0,22.00,0,0.6400,0.1450,0.0347,0.0117,1,REST-S,5,2,1
581,1406,4:48:30,0,0.00,0,0.6400,0.1450,0.0347,0.0117,0,REST-S,5,2,1
581,1407,4:49:00,0,0.00,0,0.6400,0.1450,0.0347,0.0117,0,REST-S,5,2,1
581,1408,4:49:30,0,0.00,0,0.6400,0.1450,0.0347,0.0117,0,REST-S,5,2,1
581,1409,4:50:00,0,0.00,0,0.6400,0.1450,0.0347,0.0117,0,REST-S,5,2,1
581,1410,4:50:30,0,0.00,0,0.6400,0.1450,0.0347,0.0117,0,REST-S,5,2,1
581,1411,4:51:00,0,0.00,0,0.6400,0.1450,0.0347,0.0117,0,REST-S,5,2,1
581,1412,4:51:30,0,0.00,0,0.6400,0.1450,0.0347,0.0117,0,REST-S,5,2,1
581,1413,4:52:00,0,0.00,0,0.6400,0.1450,0.0347,0.0117,0,REST-S,5,2,1
581,1414,4:52:30,0,0.00,0,0.6400,0.1450,0.0347,0.0117,0,REST-S,5,2,1
581,1415,4:53:00,0,0.00,0,0.6400,0.1450,0.0347,0.0117,0,REST-S,5,2,1
581,1416,4:53:30,0,0.00,0,0.6400,0.1450,0.0347,0.0117,0,REST-S,5,2,1
581,1417,4:54:00,0,0.00,0,0.6400,0.1450,0.0347,0.0117,0,REST-S,5,2,1
581,1418,4:54:30,0,0.00,0,0.6400,0.1450,0.0347,0.0117,0,REST-S,5,2,1
581,1419,4:55:00,0,0.00,0,0.6400,0.1450,0.0347,0.0117,0,REST-S,5,2,1
581,1420,4:55:30,0,0.00,0,0.6400,0.1450,0.0347,0.0117,0,REST-S,5,2,1
581,1421,4:56:00,0,0.00,0,0.6400,0.1450,0.0347,0.0117,0,REST-S,5,2,1
581,1422,4:56:30,0,0.00,0,0.6400,0.1450,0.0347,0.0117,0,REST-S,5,2,1
581,1423,4:57:00,0,0.00,0,0.6500,0.1510,0.0347,0.0117,0,REST-S,5,2,1
581,1424,4:57:30,0,0.00,0,0.6500,0.1510,0.0347,0.0117,0,REST-S,5,2,1
581,1425,4:58:00,0,0.00,0,0.6500,0.1510,0.0347,0.0117,0,REST-S,5,2,1
581,1426,4:58:30,0,0.00,0,0.6500,0.1510,0.0347,0.0117,0,REST-S,5,2,1
581,1427,4:59:00,0,0.00,0,0.6500,0.1510,0.0347,0.0117,0,REST-S,5,2,1
581,1428,4:59:30,0,0.00,0,0.6500,0.1510,0.0347,0.0117,0,REST-S,5,2,1
581,1429,5:00:00,0,0.00,0,0.6500,0.1510,0.0347,0.0117,0,REST-S,5,2,1
581,1430,5:00:30,0,0.00,0,0.6400,0.1450,0.0347,0.0117,0,REST-S,5,2,1
581,1431,5:01:00,0,0.00,0,0.6400,0.1450,0.0347,0.0117,0,REST-S,5,2,1
581,1432,5:01:30,0,0.00,0,0.6400,0.1450,0.0347,0.0117,0,REST-S,5,2,1
581,1433,5:02:00,0,0.00,0,0.6500,0.1510,0.0347,0.0117,0,REST-S,5,2,1
581,1434,5:02:30,0,0.00,0,0.6500,0.1510,0.0347,0.0117,0,REST-S,5,2,1
581,1435,5:03:00,0,0.00,0,0.6400,0.1450,0.0347,0.0117,0,REST-S,5,2,1
581,1436,5:03:30,0,0.00,0,0.6400,0.1450,0.0347,0.0117,0,REST-S,5,2,1
581,1437,5:04:00,0,0.00,0,0.6400,0.1450,0.0347,0.0117,0,REST-S,5,2,1
581,1438,5:04:30,0,0.00,0,0.6200,0.1360,0.0347,0.0117,0,REST-S,5,2,1
581,1439,5:05:00,0,0.00,0,0.6400,0.1450,0.0347,0.0117,0,REST-S,5,2,1
581,1440,5:05:30,0,0.00,0,0.6400,0.1450,0.0347,0.0117,0,REST-S,5,2,1
581,1441,5:06:00,0,0.00,0,0.6400,0.1450,0.0347,0.0117,0,REST-S,5,2,1
581,1442,5:06:30,0,0.00,0,0.6400,0.1450,0.0347,0.0117,0,REST-S,5,2,1
581,1443,5:07:00,0,0.00,0,0.6400,0.1450,0.0347,0.0117,0,REST-S,5,2,1
581,1444,5:07:30,0,0.00,0,0.6400,0.1450,0.0347,0.0117,0,REST-S,5,2,1
581,1445,5:08:00,0,0.00,0,0.6400,0.1450,0.0347,0.0117,0,REST-S,5,2,1
581,1446,5:08:30,0,0.00,0,0.6500,0.1510,0.0347,0.0117,0,REST-S,5,2,1
581,1447,5:09:00,0,0.00,0,0.6400,0.1450,0.0347,0.0117,0,REST-S,5,2,1
581,1448,5:09:30,0,0.00,0,0.6400,0.1450,0.0347,0.0117,0,REST-S,5,2,1
581,1449,5:10:00,0,0.00,0,0.6400,0.1450,0.0347,0.0117,0,REST-S,5,2,1
581,1450,5:10:30,0,0.00,0,0.6400,0.1450,0.0347,0.0117,0,REST-S,5,2,1
581,1451,5:11:00,0,0.00,0,0.6400,0.1450,0.0347,0.0117,0,REST-S,5,2,1
581,1452,5:11:30,0,0.00,0,0.6400,0.1450,0.0347,0.0117,0,REST-S,5,2,1
581,1453,5:12:00,0,0.00,0,0.6400,0.1450,0.0347,0.0117,0,REST-S,5,2,1
581,1454,5:12:30,0,0.00,0,0.6400,0.1450,0.0347,0.0117,0,REST-S,5,2,1
581,1455,5:13:00,0,0.00,0,0.6400,0.1450,0.0347,0.0117,0,REST-S,5,2,1
581,1456,5:13:30,0,0.00,0,0.6400,0.1450,0.0347,0.0117,0,REST-S,5,2,1
581,1457,5:14:00,0,12.00,0,0.6400,0.1450,0.0347,0.0117,0,REST-S,5,2,1
581,1458,5:14:30,0,59.00,0,0.6400,0.1450,0.0347,0.0117,1,REST-S,5,2,1
581,1459,5:15:00,0,0.00,0,0.6500,0.1510,0.0347,0.0117,0,REST-S,5,2,1
581,1460,5:15:30,0,0.00,0,0.6400,0.1450,0.0347,0.0117,0,REST-S,5,2,1
581,1461,5:16:00,0,0.00,0,0.6400,0.1450,0.0347,0.0117,0,REST-S,5,2,1
581,1462,5:16:30,0,0.00,0,0.6400,0.1450,0.0347,0.0117,0,REST-S,5,2,1
581,1463,5:17:00,0,42.00,0,0.6400,0.1450,0.0347,0.0117,1,REST-S,5,2,1
581,1464,5:17:30,0,0.00,0,0.6400,0.1450,0.0347,0.0117,0,REST-S,5,2,1
581,1465,5:18:00,0,0.00,0,0.6400,0.1450,0.0347,0.0117,0,REST-S,5,2,1
581,1466,5:18:30,0,0.00,0,0.6200,0.1360,0.0347,0.0117,0,REST-S,5,2,1
581,1467,5:19:00,0,0.00,0,0.6200,0.1360,0.0347,0.0117,0,REST-S,5,2,1
581,1468,5:19:30,0,0.00,0,0.6400,0.1450,0.0347,0.0117,0,REST-S,5,2,1
581,1469,5:20:00,0,0.00,0,0.6200,0.1360,0.0347,0.0117,0,REST-S,5,2,1
581,1470,5:20:30,0,61.00,0,0.6200,0.1360,0.0347,0.0117,1,REST-S,5,2,1
581,1471,5:21:00,0,0.00,0,0.6200,0.1360,0.0347,0.0117,0,REST-S,5,2,1
581,1472,5:21:30,0,0.00,0,0.6200,0.1360,0.0347,0.0117,0,REST-S,5,2,1
581,1473,5:22:00,0,22.00,0,0.6200,0.1360,0.0347,0.0117,1,REST-S,5,2,1
581,1474,5:22:30,0,0.00,0,0.6200,0.1360,0.0347,0.0117,0,REST-S,5,2,1
581,1475,5:23:00,0,0.00,0,0.6200,0.1360,0.0347,0.0117,0,REST-S,5,2,1
581,1476,5:23:30,0,0.00,0,0.6000,0.1300,0.0347,0.0117,0,REST-S,5,2,1
581,1477,5:24:00,0,0.00,0,0.6000,0.1300,0.0347,0.0117,0,REST-S,5,2,1
581,1478,5:24:30,0,0.00,0,0.3200,0.1450,0.0000,0.0000,0,REST-S,5,2,1
581,1479,5:25:00,0,0.00,0,0.3300,0.1450,0.0000,0.0117,0,REST-S,5,2,1
581,1480,5:25:30,0,0.00,0,0.3300,0.1450,0.0000,0.0117,0,REST-S,5,2,1
581,1481,5:26:00,0,0.00,0,0.3200,0.1450,0.0000,0.0000,0,REST-S,5,2,1
581,1482,5:26:30,0,0.00,0,0.3200,0.1450,0.0000,0.0000,0,REST-S,5,2,1
581,1483,5:27:00,0,0.00,0,0.3200,0.1450,0.0000,0.0000,0,REST-S,5,2,1
581,1484,5:27:30,0,0.00,0,0.3200,0.1450,0.0000,0.0000,0,REST-S,5,2,1
581,1485,5:28:00,0,0.00,0,0.3300,0.1450,0.0000,0.0117,0,REST-S,5,2,1
581,1486,5:28:30,0,0.00,0,0.4800,0.1190,0.0251,0.0000,0,REST-S,5,2,1
581,1487,5:29:00,0,0.00,0,0.3000,0.1360,0.0000,0.0000,0,REST-S,5,2,1
581,1488,5:29:30,0,0.00,0,0.3000,0.1360,0.0000,0.0000,0,REST-S,5,2,1
581,1489,5:30:00,0,0.00,0,0.3000,0.1360,0.0000,0.0000,0,REST-S,5,2,1
581,1490,5:30:30,0,0.00,0,0.3000,0.1360,0.0000,0.0000,0,REST-S,5,2,1
581,1491,5:31:00,0,0.00,0,0.3000,0.1360,0.0000,0.0000,0,REST-S,5,2,1
581,1492,5:31:30,0,0.00,0,0.3000,0.1360,0.0000,0.0000,0,REST-S,5,2,1
581,1493,5:32:00,0,0.00,0,0.3000,0.1360,0.0000,0.0000,0,REST-S,5,2,1
581,1494,5:32:30,0,0.00,0,0.3200,0.1450,0.0000,0.0000,0,REST-S,5,2,1
581,1495,5:33:00,0,0.00,0,0.3000,0.1360,0.0000,0.0000,0,REST-S,5,2,1
581,1496,5:33:30,0,0.00,0,0.3000,0.1360,0.0000,0.0000,0,REST-S,5,2,1
581,1497,5:34:00,0,0.00,0,0.3000,0.1360,0.0000,0.0000,0,REST-S,5,2,1
581,1498,5:34:30,0,0.00,0,0.3000,0.1360,0.0000,0.0000,0,REST-S,5,2,1
581,1499,5:35:00,0,0.00,0,0.3000,0.1360,0.0000,0.0000,0,REST-S,5,2,1
581,1500,5:35:30,0,0.00,0,0.3000,0.1360,0.0000,0.0000,0,REST-S,5,2,1
581,1501,5:36:00,0,0.00,0,0.2900,0.1300,0.0000,0.0000,0,REST-S,5,2,1
581,1502,5:36:30,0,0.00,0,0.3000,0.1360,0.0000,0.0000,0,REST-S,5,2,1
581,1503,5:37:00,0,0.00,0,0.3000,0.1360,0.0000,0.0000,0,REST-S,5,2,1
581,1504,5:37:30,0,0.00,0,0.3000,0.1360,0.0000,0.0000,0,REST-S,5,2,1
581,1505,5:38:00,0,0.00,0,0.2900,0.1300,0.0000,0.0000,0,REST-S,5,2,1
581,1506,5:38:30,0,0.00,0,0.3000,0.1360,0.0000,0.0000,0,REST-S,5,2,1
581,1507,5:39:00,0,0.00,0,0.3000,0.1360,0.0000,0.0000,0,REST-S,5,2,1
581,1508,5:39:30,0,0.00,0,0.3000,0.1360,0.0000,0.0000,0,REST-S,5,2,1
581,1509,5:40:00,0,0.00,0,0.2900,0.1300,0.0000,0.0000,0,REST-S,5,2,1
581,1510,5:40:30,0,0.00,0,0.3000,0.1360,0.0000,0.0000,0,REST-S,5,2,1
581,1511,5:41:00,0,0.00,0,0.3000,0.1360,0.0000,0.0000,0,REST-S,5,2,1
581,1512,5:41:30,0,0.00,0,0.3000,0.1360,0.0000,0.0000,0,REST-S,5,2,1
581,1513,5:42:00,0,0.00,0,0.2900,0.1300,0.0000,0.0000,0,REST-S,5,2,1
581,1514,5:42:30,0,0.00,0,0.3000,0.1360,0.0000,0.0000,0,REST-S,5,2,1
581,1515,5:43:00,0,0.00,0,0.3000,0.1360,0.0000,0.0000,0,REST-S,5,2,1
581,1516,5:43:30,0,0.00,0,0.3000,0.1360,0.0000,0.0000,0,REST-S,5,2,1
581,1517,5:44:00,0,0.00,0,0.2900,0.1300,0.0000,0.0000,0,REST-S,5,2,1
581,1518,5:44:30,0,0.00,0,0.2900,0.1300,0.0000,0.0000,0,REST-S,5,2,1
581,1519,5:45:00,0,0.00,0,0.3000,0.1360,0.0000,0.0000,0,REST-S,5,2,1
581,1520,5:45:30,0,0.00,0,0.3000,0.1360,0.0000,0.0000,0,REST-S,5,2,1
581,1521,5:46:00,0,0.00,0,0.2900,0.1300,0.0000,0.0000,0,REST-S,5,2,1
581,1522,5:46:30,0,0.00,0,0.2900,0.1300,0.0000,0.0000,0,REST-S,5,2,1
581,1523,5:47:00,0,0.00,0,0.3000,0.1360,0.0000,0.0000,0,REST-S,5,2,1
581,1524,5:47:30,0,23.00,0,0.3000,0.1360,0.0000,0.0000,1,REST-S,5,2,1
581,1525,5:48:00,0,0.00,0,0.3000,0.1360,0.0000,0.0000,0,REST-S,5,2,1
581,1526,5:48:30,0,0.00,0,0.2900,0.1300,0.0000,0.0000,0,REST-S,5,2,1
581,1527,5:49:00,0,0.00,0,0.3000,0.1360,0.0000,0.0000,0,REST-S,5,2,1
581,1528,5:49:30,0,0.00,0,0.3000,0.1360,0.0000,0.0000,0,REST-S,5,2,1
581,1529,5:50:00,0,0.00,0,0.3000,0.1360,0.0000,0.0000,0,REST-S,5,2,1
581,1530,5:50:30,0,0.00,0,0.3000,0.1360,0.0000,0.0000,0,REST-S,5,2,1
581,1531,5:51:00,0,0.00,0,0.3000,0.1360,0.0000,0.0000,0,REST-S,5,2,1
581,1532,5:51:30,0,0.00,0,0.3000,0.1360,0.0000,0.0000,0,REST-S,5,2,1
581,1533,5:52:00,0,0.00,0,0.2900,0.1300,0.0000,0.0000,0,REST-S,5,2,1
581,1534,5:52:30,0,0.00,0,0.2900,0.1300,0.0000,0.0000,0,REST-S,5,2,1
581,1535,5:53:00,0,0.00,0,0.2900,0.1300,0.0000,0.0000,0,REST-S,5,2,1
581,1536,5:53:30,0,0.00,0,0.3000,0.1360,0.0000,0.0000,0,REST-S,5,2,1
581,1537,5:54:00,0,0.00,0,0.2900,0.1300,0.0000,0.0000,0,REST-S,5,2,1
581,1538,5:54:30,0,0.00,0,0.2900,0.1300,0.0000,0.0000,0,REST-S,5,2,1
581,1539,5:55:00,0,0.00,0,0.3000,0.1360,0.0000,0.0000,0,REST-S,5,2,1
581,1540,5:55:30,0,0.00,0,0.3000,0.1360,0.0000,0.0000,0,REST-S,5,2,1
581,1541,5:56:00,0,0.00,0,0.3000,0.1360,0.0000,0.0000,0,REST-S,5,2,1
581,1542,5:56:30,0,0.00,0,0.3000,0.1360,0.0000,0.0000,0,REST-S,5,2,1
581,1543,5:57:00,0,0.00,0,0.3000,0.1360,0.0000,0.0000,0,REST-S,5,2,1
581,1544,5:57:30,0,0.00,0,0.2900,0.1300,0.0000,0.0000,0,REST-S,5,2,1
581,1545,5:58:00,0,0.00,0,0.3000,0.1360,0.0000,0.0000,0,REST-S,5,2,1
581,1546,5:58:30,0,0.00,0,0.3000,0.1360,0.0000,0.0000,0,REST-S,5,2,1
581,1547,5:59:00,0,0.00,0,0.3000,0.1360,0.0000,0.0000,0,REST-S,5,2,1
581,1548,5:59:30,0,0.00,0,0.3100,0.1360,0.0000,0.0117,0,REST-S,5,2,1
581,1549,6:00:00,0,0.00,0,0.3000,0.1360,0.0000,0.0000,0,REST-S,5,2,1
581,1550,6:00:30,0,0.00,0,0.3000,0.1360,0.0000,0.0000,0,REST-S,5,2,1
581,1551,6:01:00,0,0.00,0,0.3000,0.1360,0.0000,0.0000,0,REST-S,5,2,1
581,1552,6:01:30,0,0.00,0,0.3000,0.1360,0.0000,0.0000,0,REST-S,5,2,1
581,1553,6:02:00,0,0.00,0,0.3000,0.1360,0.0000,0.0000,0,REST-S,5,2,1
581,1554,6:02:30,0,0.00,0,0.2900,0.1300,0.0000,0.0000,0,REST-S,5,2,1
581,1555,6:03:00,0,0.00,0,0.2900,0.1300,0.0000,0.0000,0,REST-S,5,2,1
581,1556,6:03:30,0,0.00,0,0.3000,0.1360,0.0000,0.0000,0,REST-S,5,2,1
581,1557,6:04:00,0,0.00,0,0.3000,0.1360,0.0000,0.0000,0,REST-S,5,2,1
581,1558,6:04:30,0,0.00,0,0.3000,0.1360,0.0000,0.0000,0,REST-S,5,2,1
581,1559,6:05:00,0,0.00,0,0.3000,0.1360,0.0000,0.0000,0,REST-S,5,2,1
581,1560,6:05:30,0,0.00,0,0.3000,0.1360,0.0000,0.0000,0,REST-S,5,2,1
581,1561,6:06:00,0,0.00,0,0.3000,0.1360,0.0000,0.0000,0,REST-S,5,2,1
581,1562,6:06:30,0,0.00,0,0.3000,0.1360,0.0000,0.0000,0,REST-S,5,2,1
581,1563,6:07:00,0,0.00,0,0.3000,0.1360,0.0000,0.0000,0,REST-S,5,2,1
581,1564,6:07:30,0,0.00,0,0.3000,0.1360,0.0000,0.0000,0,REST-S,5,2,1
581,1565,6:08:00,0,0.00,0,0.3000,0.1360,0.0000,0.0000,0,REST-S,5,2,1
581,1566,6:08:30,0,0.00,0,0.3000,0.1360,0.0000,0.0000,0,REST-S,5,2,1
581,1567,6:09:00,0,0.00,0,0.3000,0.1360,0.0000,0.0000,0,REST-S,5,2,1
581,1568,6:09:30,0,0.00,0,0.3000,0.1360,0.0000,0.0000,0,REST-S,5,2,1
581,1569,6:10:00,0,0.00,0,0.3000,0.1360,0.0000,0.0000,0,REST-S,5,2,1
581,1570,6:10:30,0,0.00,0,0.3000,0.1360,0.0000,0.0000,0,REST-S,5,2,1
581,1571,6:11:00,0,0.00,0,0.2900,0.1300,0.0000,0.0000,0,REST-S,5,2,1
581,1572,6:11:30,0,0.00,0,0.3000,0.1360,0.0000,0.0000,0,REST-S,5,2,1
581,1573,6:12:00,0,0.00,0,0.3000,0.1360,0.0000,0.0000,0,REST-S,5,2,1
581,1574,6:12:30,0,0.00,0,0.3000,0.1360,0.0000,0.0000,0,REST-S,5,2,1
581,1575,6:13:00,0,0.00,0,0.3000,0.1360,0.0000,0.0000,0,REST-S,5,2,1
581,1576,6:13:30,0,0.00,0,0.3000,0.1360,0.0000,0.0000,0,REST-S,5,2,1
581,1577,6:14:00,0,0.00,0,0.3000,0.1360,0.0000,0.0000,0,REST-S,5,2,1
581,1578,6:14:30,0,0.00,0,0.3000,0.1360,0.0000,0.0000,0,REST-S,5,2,1
581,1579,6:15:00,0,0.00,0,0.3000,0.1360,0.0000,0.0000,0,REST-S,5,2,1
581,1580,6:15:30,0,0.00,0,0.2900,0.1300,0.0000,0.0000,0,REST-S,5,2,1
581,1581,6:16:00,0,0.00,0,0.3000,0.1360,0.0000,0.0000,0,REST-S,5,2,1
581,1582,6:16:30,0,0.00,0,0.3000,0.1360,0.0000,0.0000,0,REST-S,5,2,1
581,1583,6:17:00,0,0.00,0,0.2900,0.1300,0.0000,0.0000,0,REST-S,5,2,1
581,1584,6:17:30,0,0.00,0,0.3000,0.1360,0.0000,0.0000,0,REST-S,5,2,1
581,1585,6:18:00,0,0.00,0,0.2900,0.1300,0.0000,0.0000,0,REST-S,5,2,1
581,1586,6:18:30,0,0.00,0,0.3000,0.1360,0.0000,0.0000,0,REST-S,5,2,1
581,1587,6:19:00,0,0.00,0,0.2900,0.1300,0.0000,0.0000,1,REST-S,5,2,1
581,1588,6:19:30,0,0.00,0,0.2900,0.1300,0.0000,0.0000,1,REST-S,5,2,1
581,1589,6:20:00,0,221.00,0,0.2900,0.1300,0.0000,0.0000,1,REST-S,5,2,1
581,1590,6:20:30,0,0.00,0,0.2900,0.1300,0.0000,0.0000,1,REST-S,5,2,1
581,1591,6:21:00,0,0.00,0,0.3000,0.1360,0.0000,0.0000,1,REST-S,5,2,1
581,1592,6:21:30,0,0.00,0,0.3000,0.1360,0.0000,0.0000,0,REST-S,5,2,1
581,1593,6:22:00,0,1.00,0,0.3000,0.1360,0.0000,0.0000,0,REST-S,5,2,1
581,1594,6:22:30,0,0.00,0,0.3000,0.1360,0.0000,0.0000,0,REST-S,5,2,1
581,1595,6:23:00,0,0.00,0,0.3000,0.1360,0.0000,0.0000,0,REST-S,5,2,1
581,1596,6:23:30,0,0.00,0,0.3000,0.1360,0.0000,0.0000,0,REST-S,5,2,1
581,1597,6:24:00,0,0.00,0,0.3000,0.1360,0.0000,0.0000,0,REST-S,5,2,1
581,1598,6:24:30,0,0.00,0,0.3200,0.1450,0.0000,0.0000,0,REST-S,5,2,1
581,1599,6:25:00,0,0.00,0,0.3200,0.1450,0.0000,0.0000,0,REST-S,5,2,1
581,1600,6:25:30,0,0.00,0,0.3300,0.1450,0.0000,0.0117,0,REST-S,5,2,1
581,1601,6:26:00,0,0.00,0,0.3300,0.1450,0.0000,0.0117,0,REST-S,5,2,1
581,1602,6:26:30,0,0.00,0,0.3200,0.1450,0.0000,0.0000,0,REST-S,5,2,1
581,1603,6:27:00,0,0.00,0,0.3200,0.1450,0.0000,0.0000,0,REST-S,5,2,1
581,1604,6:27:30,0,0.00,0,0.5100,0.1300,0.0251,0.0000,0,REST-S,5,2,1
581,1605,6:28:00,0,66.00,0,0.3200,0.1450,0.0000,0.0000,1,REST-S,5,2,1
581,1606,6:28:30,0,0.00,0,0.6000,0.1300,0.0347,0.0117,0,REST-S,5,2,1
581,1607,6:29:00,0,0.00,0,0.3200,0.1450,0.0000,0.0000,0,REST-S,5,2,1
581,1608,6:29:30,0,0.00,0,0.3600,0.1580,0.0000,0.0117,0,REST-S,5,2,1
581,1609,6:30:00,0,0.00,0,0.3300,0.1450,0.0000,0.0117,0,REST-S,5,2,1
581,1610,6:30:30,0,0.00,0,0.5200,0.1360,0.0251,0.0000,0,REST-S,5,2,1
581,1611,6:31:00,0,0.00,0,0.6200,0.1360,0.0347,0.0117,0,REST-S,5,2,1
581,1612,6:31:30,0,0.00,0,0.6200,0.1360,0.0347,0.0117,0,REST-S,5,2,1
581,1613,6:32:00,0,0.00,0,0.6000,0.1300,0.0347,0.0117,0,REST-S,5,2,1
581,1614,6:32:30,0,0.00,0,0.6200,0.1360,0.0347,0.0117,0,REST-S,5,2,1
581,1615,6:33:00,0,0.00,0,0.6200,0.1360,0.0347,0.0117,0,REST-S,5,2,1
581,1616,6:33:30,0,0.00,0,0.6200,0.1360,0.0347,0.0117,0,REST-S,5,2,1
581,1617,6:34:00,0,0.00,0,0.6200,0.1360,0.0347,0.0117,0,REST-S,5,2,1
581,1618,6:34:30,0,0.00,0,0.6200,0.1360,0.0347,0.0117,0,REST-S,5,2,1
581,1619,6:35:00,0,0.00,0,0.6200,0.1360,0.0347,0.0117,0,REST-S,5,2,1
581,1620,6:35:30,0,107.00,0,0.3600,0.1580,0.0000,0.0117,1,REST-S,5,2,1
581,1621,6:36:00,0,5.00,0,0.6200,0.1360,0.0347,0.0117,0,REST-S,5,2,1
581,1622,6:36:30,0,0.00,0,0.6200,0.1360,0.0347,0.0117,0,REST-S,5,2,1
581,1623,6:37:00,0,0.00,0,0.6200,0.1360,0.0347,0.0117,0,REST-S,5,2,1
581,1624,6:37:30,0,0.00,0,0.6200,0.1360,0.0347,0.0117,0,REST-S,5,2,1
581,1625,6:38:00,0,0.00,0,0.6200,0.1360,0.0347,0.0117,0,REST-S,5,2,1
581,1626,6:38:30,0,0.00,0,0.6400,0.1450,0.0347,0.0117,0,REST-S,5,2,1
581,1627,6:39:00,0,0.00,0,0.6400,0.1450,0.0347,0.0117,0,REST-S,5,2,1
581,1628,6:39:30,0,0.00,0,0.6200,0.1360,0.0347,0.0117,0,REST-S,5,2,1
581,1629,6:40:00,0,0.00,0,0.6200,0.1360,0.0347,0.0117,0,REST-S,5,2,1
581,1630,6:40:30,0,0.00,0,0.6200,0.1360,0.0347,0.0117,0,REST-S,5,2,1
581,1631,6:41:00,0,0.00,0,0.6200,0.1360,0.0347,0.0117,0,REST-S,5,2,1
581,1632,6:41:30,0,0.00,0,0.6200,0.1360,0.0347,0.0117,0,REST-S,5,2,1
581,1633,6:42:00,0,0.00,0,0.6200,0.1360,0.0347,0.0117,0,REST-S,5,2,1
581,1634,6:42:30,0,0.00,0,0.6200,0.1360,0.0347,0.0117,0,REST-S,5,2,1
581,1635,6:43:00,0,0.00,0,0.6200,0.1360,0.0347,0.0117,0,REST-S,5,2,1
581,1636,6:43:30,0,0.00,0,0.6200,0.1360,0.0347,0.0117,0,REST-S,5,2,1
581,1637,6:44:00,0,0.00,0,0.6400,0.1450,0.0347,0.0117,0,REST-S,5,2,1
581,1638,6:44:30,0,96.00,0,0.6200,0.1360,0.0347,0.0117,1,REST-S,5,2,1
581,1639,6:45:00,0,40.00,0,0.7600,0.1450,0.0501,0.0046,1,REST-S,5,2,1
581,1640,6:45:30,0,29.00,0,0.7600,0.1450,0.0501,0.0046,1,REST-S,5,2,1
581,1641,6:46:00,0,0.00,0,0.6400,0.1450,0.0347,0.0117,0,REST-S,5,2,1
581,1642,6:46:30,0,0.00,0,0.6400,0.1450,0.0347,0.0117,0,REST-S,5,2,1
581,1643,6:47:00,0,0.00,0,0.6200,0.1360,0.0347,0.0117,0,REST-S,5,2,1
581,1644,6:47:30,0,0.00,0,0.6200,0.1360,0.0347,0.0117,0,REST-S,5,2,1
581,1645,6:48:00,0,0.00,0,0.6200,0.1360,0.0347,0.0117,0,REST-S,5,2,1
581,1646,6:48:30,0,0.00,0,0.6200,0.1360,0.0347,0.0117,0,REST-S,5,2,1
581,1647,6:49:00,0,0.00,0,0.6200,0.1360,0.0347,0.0117,0,REST-S,5,2,1
581,1648,6:49:30,0,0.00,0,0.6200,0.1360,0.0347,0.0117,0,REST-S,5,2,1
581,1649,6:50:00,0,4.00,0,0.6200,0.1360,0.0347,0.0117,0,REST-S,5,2,1
581,1650,6:50:30,0,0.00,0,0.6200,0.1360,0.0347,0.0117,0,REST-S,5,2,1
581,1651,6:51:00,0,0.00,0,0.6400,0.1450,0.0347,0.0117,0,REST-S,5,2,1
581,1652,6:51:30,0,0.00,0,0.6200,0.1360,0.0347,0.0117,0,REST-S,5,2,1
581,1653,6:52:00,0,0.00,0,0.6200,0.1360,0.0347,0.0117,0,REST-S,5,2,1
581,1654,6:52:30,0,0.00,0,0.6200,0.1360,0.0347,0.0117,0,REST-S,5,2,1
581,1655,6:53:00,0,0.00,0,0.6200,0.1360,0.0347,0.0117,0,REST-S,5,2,1
581,1656,6:53:30,0,0.00,0,0.6200,0.1360,0.0347,0.0117,0,REST-S,5,2,1
581,1657,6:54:00,0,0.00,0,0.6200,0.1360,0.0347,0.0117,0,REST-S,5,2,1
581,1658,6:54:30,0,0.00,0,0.6200,0.1360,0.0347,0.0117,0,REST-S,5,2,1
581,1659,6:55:00,0,0.00,0,0.6400,0.1450,0.0347,0.0117,0,REST-S,5,2,1
581,1660,6:55:30,0,0.00,0,0.6200,0.1360,0.0347,0.0117,0,REST-S,5,2,1
581,1661,6:56:00,0,0.00,0,0.6200,0.1360,0.0347,0.0117,0,REST-S,5,2,1
581,1662,6:56:30,0,0.00,0,0.6200,0.1360,0.0347,0.0117,0,REST-S,5,2,1
581,1663,6:57:00,0,0.00,0,0.6200,0.1360,0.0347,0.0117,0,REST-S,5,2,1
581,1664,6:57:30,0,0.00,0,0.6200,0.1360,0.0347,0.0117,0,REST-S,5,2,1
581,1665,6:58:00,0,0.00,0,0.6200,0.1360,0.0347,0.0117,0,REST-S,5,2,1
581,1666,6:58:30,0,0.00,0,0.6400,0.1450,0.0347,0.0117,0,REST-S,5,2,1
581,1667,6:59:00,0,0.00,0,0.6400,0.1450,0.0347,0.0117,0,REST-S,5,2,1
581,1668,6:59:30,0,0.00,0,0.6200,0.1360,0.0347,0.0117,0,REST-S,5,2,1
581,1669,7:00:00,0,0.00,0,0.6200,0.1360,0.0347,0.0117,0,REST-S,5,2,1
581,1670,7:00:30,0,0.00,0,0.6200,0.1360,0.0347,0.0117,0,REST-S,5,2,1
581,1671,7:01:00,0,0.00,0,0.6200,0.1360,0.0347,0.0117,0,REST-S,5,2,1
581,1672,7:01:30,0,0.00,0,0.6200,0.1360,0.0347,0.0117,0,REST-S,5,2,1
581,1673,7:02:00,0,0.00,0,0.6200,0.1360,0.0347,0.0117,0,REST-S,5,2,1
581,1674,7:02:30,0,0.00,0,0.6200,0.1360,0.0347,0.0117,0,REST-S,5,2,1
581,1675,7:03:00,0,0.00,0,0.6200,0.1360,0.0347,0.0117,0,REST-S,5,2,1
581,1676,7:03:30,0,0.00,0,0.6200,0.1360,0.0347,0.0117,0,REST-S,5,2,1
581,1677,7:04:00,0,0.00,0,0.6200,0.1360,0.0347,0.0117,0,REST-S,5,2,1
581,1678,7:04:30,0,0.00,0,0.6200,0.1360,0.0347,0.0117,0,REST-S,5,2,1
581,1679,7:05:00,0,0.00,0,0.6200,0.1360,0.0347,0.0117,0,REST-S,5,2,1
581,1680,7:05:30,0,0.00,0,0.6200,0.1360,0.0347,0.0117,0,REST-S,5,2,1
581,1681,7:06:00,0,0.00,0,0.6400,0.1450,0.0347,0.0117,0,REST-S,5,2,1
581,1682,7:06:30,0,0.00,0,0.6400,0.1450,0.0347,0.0117,0,REST-S,5,2,1
581,1683,7:07:00,0,0.00,0,0.6400,0.1450,0.0347,0.0117,0,REST-S,5,2,1
581,1684,7:07:30,0,0.00,0,0.6400,0.1450,0.0347,0.0117,0,REST-S,5,2,1
581,1685,7:08:00,0,0.00,0,0.6400,0.1450,0.0347,0.0117,0,REST-S,5,2,1
581,1686,7:08:30,0,0.00,0,0.6400,0.1450,0.0347,0.0117,0,REST-S,5,2,1
581,1687,7:09:00,0,0.00,0,0.6400,0.1450,0.0347,0.0117,0,REST-S,5,2,1
581,1688,7:09:30,0,0.00,0,0.6400,0.1450,0.0347,0.0117,0,REST-S,5,2,1
581,1689,7:10:00,0,0.00,0,0.6200,0.1360,0.0347,0.0117,0,REST-S,5,2,1
581,1690,7:10:30,0,0.00,0,0.6200,0.1360,0.0347,0.0117,0,REST-S,5,2,1
581,1691,7:11:00,0,0.00,0,0.6200,0.1360,0.0347,0.0117,0,REST-S,5,2,1
581,1692,7:11:30,0,0.00,0,0.6200,0.1360,0.0347,0.0117,0,REST-S,5,2,1
581,1693,7:12:00,0,0.00,0,0.6400,0.1450,0.0347,0.0117,0,REST-S,5,2,1
581,1694,7:12:30,0,0.00,0,0.6400,0.1450,0.0347,0.0117,0,REST-S,5,2,1
581,1695,7:13:00,0,0.00,0,0.6400,0.1450,0.0347,0.0117,0,REST-S,5,2,1
581,1696,7:13:30,0,0.00,0,0.6400,0.1450,0.0347,0.0117,0,REST-S,5,2,1
581,1697,7:14:00,0,0.00,0,0.6200,0.1360,0.0347,0.0117,0,REST-S,5,2,1
581,1698,7:14:30,0,0.00,0,0.6400,0.1450,0.0347,0.0117,0,REST-S,5,2,1
581,1699,7:15:00,0,0.00,0,0.6200,0.1360,0.0347,0.0117,0,REST-S,5,2,1
581,1700,7:15:30,0,0.00,0,0.6200,0.1360,0.0347,0.0117,0,REST-S,5,2,1
581,1701,7:16:00,0,0.00,0,0.6400,0.1450,0.0347,0.0117,0,REST-S,5,2,1
581,1702,7:16:30,0,0.00,0,0.6200,0.1360,0.0347,0.0117,0,REST-S,5,2,1
581,1703,7:17:00,0,0.00,0,0.6200,0.1360,0.0347,0.0117,0,REST-S,5,2,1
581,1704,7:17:30,0,0.00,0,0.6400,0.1450,0.0347,0.0117,0,REST-S,5,2,1
581,1705,7:18:00,0,0.00,0,0.6200,0.1360,0.0347,0.0117,0,REST-S,5,2,1
581,1706,7:18:30,0,0.00,0,0.6400,0.1450,0.0347,0.0117,0,REST-S,5,2,1
581,1707,7:19:00,0,0.00,0,0.6200,0.1360,0.0347,0.0117,0,REST-S,5,2,1
581,1708,7:19:30,0,0.00,0,0.6200,0.1360,0.0347,0.0117,0,REST-S,5,2,1
581,1709,7:20:00,0,0.00,0,0.6200,0.1360,0.0347,0.0117,0,REST-S,5,2,1
581,1710,7:20:30,0,0.00,0,0.6200,0.1360,0.0347,0.0117,0,REST-S,5,2,1
581,1711,7:21:00,0,0.00,0,0.6200,0.1360,0.0347,0.0117,0,REST-S,5,2,1
581,1712,7:21:30,0,0.00,0,0.6400,0.1450,0.0347,0.0117,0,REST-S,5,2,1
581,1713,7:22:00,0,0.00,0,0.6400,0.1450,0.0347,0.0117,0,REST-S,5,2,1
581,1714,7:22:30,0,0.00,0,0.6400,0.1450,0.0347,0.0117,0,REST-S,5,2,1
581,1715,7:23:00,0,0.00,0,0.6200,0.1360,0.0347,0.0117,0,REST-S,5,2,1
581,1716,7:23:30,0,0.00,0,0.6400,0.1450,0.0347,0.0117,0,REST-S,5,2,1
581,1717,7:24:00,0,0.00,0,0.6400,0.1450,0.0347,0.0117,0,REST-S,5,2,1
581,1718,7:24:30,0,0.00,0,0.6400,0.1450,0.0347,0.0117,0,REST-S,5,2,1
581,1719,7:25:00,0,0.00,0,0.6400,0.1450,0.0347,0.0117,0,REST-S,5,2,1
581,1720,7:25:30,0,0.00,0,0.6400,0.1450,0.0347,0.0117,0,REST-S,5,2,1
581,1721,7:26:00,0,0.00,0,0.6400,0.1450,0.0347,0.0117,0,REST-S,5,2,1
581,1722,7:26:30,0,0.00,0,0.6400,0.1450,0.0347,0.0117,0,REST-S,5,2,1
581,1723,7:27:00,0,0.00,0,0.6400,0.1450,0.0347,0.0117,0,REST-S,5,2,1
581,1724,7:27:30,0,0.00,0,0.6400,0.1450,0.0347,0.0117,0,REST-S,5,2,1
581,1725,7:28:00,0,0.00,0,0.6400,0.1450,0.0347,0.0117,0,REST-S,5,2,1
581,1726,7:28:30,0,0.00,0,0.6400,0.1450,0.0347,0.0117,0,REST-S,5,2,1
581,1727,7:29:00,0,0.00,0,0.6400,0.1450,0.0347,0.0117,0,REST-S,5,2,1
581,1728,7:29:30,0,0.00,0,0.6400,0.1450,0.0347,0.0117,0,REST-S,5,2,1
581,1729,7:30:00,0,0.00,0,0.6400,0.1450,0.0347,0.0117,0,REST-S,5,2,1
581,1730,7:30:30,0,0.00,0,0.6400,0.1450,0.0347,0.0117,0,REST-S,5,2,1
581,1731,7:31:00,0,0.00,0,0.6200,0.1360,0.0347,0.0117,0,REST-S,5,2,1
581,1732,7:31:30,0,0.00,0,0.6400,0.1450,0.0347,0.0117,0,REST-S,5,2,1
581,1733,7:32:00,0,0.00,0,0.6400,0.1450,0.0347,0.0117,0,REST-S,5,2,1
581,1734,7:32:30,0,0.00,0,0.6400,0.1450,0.0347,0.0117,0,REST-S,5,2,1
581,1735,7:33:00,0,0.00,0,0.6400,0.1450,0.0347,0.0117,0,REST-S,5,2,1
581,1736,7:33:30,0,0.00,0,0.6400,0.1450,0.0347,0.0117,0,REST-S,5,2,1
581,1737,7:34:00,0,0.00,0,0.6400,0.1450,0.0347,0.0117,0,REST-S,5,2,1
581,1738,7:34:30,0,0.00,0,0.6400,0.1450,0.0347,0.0117,0,REST-S,5,2,1
581,1739,7:35:00,0,0.00,0,0.6400,0.1450,0.0347,0.0117,0,REST-S,5,2,1
581,1740,7:35:30,0,0.00,0,0.6400,0.1450,0.0347,0.0117,0,REST-S,5,2,1
581,1741,7:36:00,0,0.00,0,0.6400,0.1450,0.0347,0.0117,0,REST-S,5,2,1
581,1742,7:36:30,0,0.00,0,0.6400,0.1450,0.0347,0.0117,0,REST-S,5,2,1
581,1743,7:37:00,0,0.00,0,0.6400,0.1450,0.0347,0.0117,0,REST-S,5,2,1
581,1744,7:37:30,0,0.00,0,0.6400,0.1450,0.0347,0.0117,0,REST-S,5,2,1
581,1745,7:38:00,0,0.00,0,0.6400,0.1450,0.0347,0.0117,0,REST-S,5,2,1
581,1746,7:38:30,0,0.00,0,0.6400,0.1450,0.0347,0.0117,0,REST-S,5,2,1
581,1747,7:39:00,0,0.00,0,0.6400,0.1450,0.0347,0.0117,0,REST-S,5,2,1
581,1748,7:39:30,0,0.00,0,0.6400,0.1450,0.0347,0.0117,0,REST-S,5,2,1
581,1749,7:40:00,0,0.00,0,0.6400,0.1450,0.0347,0.0117,0,REST-S,5,2,1
581,1750,7:40:30,0,0.00,0,0.6400,0.1450,0.0347,0.0117,0,REST-S,5,2,1
581,1751,7:41:00,0,0.00,0,0.6400,0.1450,0.0347,0.0117,0,REST-S,5,2,1
581,1752,7:41:30,0,0.00,0,0.6400,0.1450,0.0347,0.0117,0,REST-S,5,2,1
581,1753,7:42:00,0,0.00,0,0.6400,0.1450,0.0347,0.0117,0,REST-S,5,2,1
581,1754,7:42:30,0,0.00,0,0.6400,0.1450,0.0347,0.0117,0,REST-S,5,2,1
581,1755,7:43:00,0,0.00,0,0.6200,0.1360,0.0347,0.0117,0,REST-S,5,2,1
581,1756,7:43:30,0,0.00,0,0.6400,0.1450,0.0347,0.0117,0,REST-S,5,2,1
581,1757,7:44:00,0,0.00,0,0.6400,0.1450,0.0347,0.0117,0,REST-S,5,2,1
581,1758,7:44:30,0,0.00,0,0.6400,0.1450,0.0347,0.0117,0,REST-S,5,2,1
581,1759,7:45:00,0,0.00,0,0.6500,0.1510,0.0347,0.0117,0,REST-S,5,2,1
581,1760,7:45:30,0,0.00,0,0.6400,0.1450,0.0347,0.0117,0,REST-S,5,2,1
581,1761,7:46:00,0,0.00,0,0.6500,0.1510,0.0347,0.0117,0,REST-S,5,2,1
581,1762,7:46:30,0,0.00,0,0.6400,0.1450,0.0347,0.0117,0,REST-S,5,2,1
581,1763,7:47:00,0,0.00,0,0.6400,0.1450,0.0347,0.0117,0,REST-S,5,2,1
581,1764,7:47:30,0,0.00,0,0.6400,0.1450,0.0347,0.0117,0,REST-S,5,2,1
581,1765,7:48:00,0,0.00,0,0.6400,0.1450,0.0347,0.0117,0,REST-S,5,2,1
581,1766,7:48:30,0,0.00,0,0.6400,0.1450,0.0347,0.0117,0,REST-S,5,2,1
581,1767,7:49:00,0,0.00,0,0.6400,0.1450,0.0347,0.0117,0,REST-S,5,2,1
581,1768,7:49:30,0,0.00,0,0.6400,0.1450,0.0347,0.0117,0,REST-S,5,2,1
581,1769,7:50:00,0,0.00,0,0.6400,0.1450,0.0347,0.0117,0,REST-S,5,2,1
581,1770,7:50:30,0,0.00,0,0.6400,0.1450,0.0347,0.0117,0,REST-S,5,2,1
581,1771,7:51:00,0,0.00,0,0.6500,0.1510,0.0347,0.0117,0,REST-S,5,2,1
581,1772,7:51:30,0,0.00,0,0.6500,0.1510,0.0347,0.0117,0,REST-S,5,2,1
581,1773,7:52:00,0,0.00,0,0.6400,0.1450,0.0347,0.0117,0,REST-S,5,2,1
581,1774,7:52:30,0,0.00,0,0.6400,0.1450,0.0347,0.0117,0,REST-S,5,2,1
581,1775,7:53:00,0,0.00,0,0.6400,0.1450,0.0347,0.0117,0,REST-S,5,2,1
581,1776,7:53:30,0,0.00,0,0.6400,0.1450,0.0347,0.0117,0,REST-S,5,2,1
581,1777,7:54:00,0,0.00,0,0.6400,0.1450,0.0347,0.0117,0,REST-S,5,2,1
581,1778,7:54:30,0,0.00,0,0.6500,0.1510,0.0347,0.0117,0,REST-S,5,2,1
581,1779,7:55:00,0,0.00,0,0.6500,0.1510,0.0347,0.0117,0,REST-S,5,2,1
581,1780,7:55:30,0,0.00,0,0.6500,0.1510,0.0347,0.0117,0,REST-S,5,2,1
581,1781,7:56:00,0,0.00,0,0.6400,0.1450,0.0347,0.0117,0,REST-S,5,2,1
581,1782,7:56:30,0,0.00,0,0.6400,0.1450,0.0347,0.0117,0,REST-S,5,2,1
581,1783,7:57:00,0,0.00,0,0.6400,0.1450,0.0347,0.0117,0,REST-S,5,2,1
581,1784,7:57:30,0,0.00,0,0.6400,0.1450,0.0347,0.0117,0,REST-S,5,2,1
581,1785,7:58:00,0,0.00,0,0.6400,0.1450,0.0347,0.0117,0,REST-S,5,2,1
581,1786,7:58:30,0,0.00,0,0.6400,0.1450,0.0347,0.0117,0,REST-S,5,2,1
581,1787,7:59:00,0,0.00,0,0.6500,0.1510,0.0347,0.0117,0,REST-S,5,2,1
581,1788,7:59:30,0,18.00,0,0.6400,0.1450,0.0347,0.0117,1,REST-S,5,2,1
581,1789,8:00:00,0,82.00,0,0.6500,0.1510,0.0347,0.0117,1,REST-S,5,2,1
581,1790,8:00:30,0,0.00,0,0.6400,0.1450,0.0347,0.0117,0,REST-S,5,2,1
581,1791,8:01:00,0,0.00,0,0.6400,0.1450,0.0347,0.0117,0,REST-S,5,2,1
581,1792,8:01:30,0,8.00,0,0.6400,0.1450,0.0347,0.0117,0,REST-S,5,2,1
581,1793,8:02:00,0,0.00,0,0.6200,0.1360,0.0347,0.0117,0,REST-S,5,2,1
581,1794,8:02:30,0,16.00,0,0.6400,0.1450,0.0347,0.0117,0,REST-S,5,2,1
581,1795,8:03:00,0,0.00,0,0.6400,0.1450,0.0347,0.0117,0,REST-S,5,2,1
581,1796,8:03:30,0,0.00,0,0.6200,0.1360,0.0347,0.0117,0,REST-S,5,2,1
581,1797,8:04:00,0,86.00,0,0.6400,0.1450,0.0347,0.0117,1,REST-S,5,2,1
581,1798,8:04:30,0,0.00,0,0.6400,0.1450,0.0347,0.0117,0,REST-S,5,2,1
581,1799,8:05:00,0,0.00,0,0.6400,0.1450,0.0347,0.0117,0,REST-S,5,2,1
581,1800,8:05:30,0,0.00,0,0.6400,0.1450,0.0347,0.0117,0,REST-S,5,2,1
581,1801,8:06:00,0,0.00,0,0.6400,0.1450,0.0347,0.0117,0,REST-S,5,2,1
581,1802,8:06:30,0,0.00,0,0.6400,0.1450,0.0347,0.0117,0,REST-S,5,2,1
581,1803,8:07:00,0,0.00,0,0.6200,0.1360,0.0347,0.0117,0,REST-S,5,2,1
581,1804,8:07:30,0,0.00,0,0.6200,0.1360,0.0347,0.0117,0,REST-S,5,2,1
581,1805,8:08:00,0,0.00,0,0.6200,0.1360,0.0347,0.0117,0,REST-S,5,2,1
581,1806,8:08:30,0,0.00,0,0.6400,0.1450,0.0347,0.0117,0,REST-S,5,2,1
581,1807,8:09:00,0,0.00,0,0.6400,0.1450,0.0347,0.0117,0,REST-S,5,2,1
581,1808,8:09:30,0,0.00,0,0.6400,0.1450,0.0347,0.0117,0,REST-S,5,2,1
581,1809,8:10:00,0,7.00,0,0.6400,0.1450,0.0347,0.0117,0,REST-S,5,2,1
581,1810,8:10:30,0,0.00,0,0.6400,0.1450,0.0347,0.0117,0,REST-S,5,2,1
581,1811,8:11:00,0,0.00,0,0.6400,0.1450,0.0347,0.0117,0,REST-S,5,2,1
581,1812,8:11:30,0,0.00,0,0.6400,0.1450,0.0347,0.0117,0,REST-S,5,2,1
581,1813,8:12:00,0,0.00,0,0.6400,0.1450,0.0347,0.0117,0,REST-S,5,2,1
581,1814,8:12:30,0,0.00,0,0.6400,0.1450,0.0347,0.0117,0,REST-S,5,2,1
581,1815,8:13:00,0,0.00,0,0.6400,0.1450,0.0347,0.0117,0,REST-S,5,2,1
581,1816,8:13:30,0,0.00,0,0.6400,0.1450,0.0347,0.0117,0,REST-S,5,2,1
581,1817,8:14:00,0,0.00,0,0.6400,0.1450,0.0347,0.0117,0,REST-S,5,2,1
581,1818,8:14:30,0,0.00,0,0.6400,0.1450,0.0347,0.0117,0,REST-S,5,2,1
581,1819,8:15:00,0,0.00,0,0.6400,0.1450,0.0347,0.0117,0,REST-S,5,2,1
581,1820,8:15:30,0,0.00,0,0.6400,0.1450,0.0347,0.0117,0,REST-S,5,2,1
581,1821,8:16:00,0,0.00,0,0.6400,0.1450,0.0347,0.0117,0,REST-S,5,2,1
581,1822,8:16:30,0,0.00,0,0.6400,0.1450,0.0347,0.0117,0,REST-S,5,2,1
581,1823,8:17:00,0,0.00,0,0.6400,0.1450,0.0347,0.0117,0,REST-S,5,2,1
581,1824,8:17:30,0,0.00,0,0.6400,0.1450,0.0347,0.0117,0,REST-S,5,2,1
581,1825,8:18:00,0,0.00,0,0.6400,0.1450,0.0347,0.0117,0,REST-S,5,2,1
581,1826,8:18:30,0,0.00,0,0.6400,0.1450,0.0347,0.0117,0,REST-S,5,2,1
581,1827,8:19:00,0,0.00,0,0.6400,0.1450,0.0347,0.0117,0,REST-S,5,2,1
581,1828,8:19:30,0,0.00,0,0.6200,0.1360,0.0347,0.0117,0,REST-S,5,2,1
581,1829,8:20:00,0,0.00,0,0.6400,0.1450,0.0347,0.0117,0,REST-S,5,2,1
581,1830,8:20:30,0,0.00,0,0.6400,0.1450,0.0347,0.0117,0,REST-S,5,2,1
581,1831,8:21:00,0,0.00,0,0.6400,0.1450,0.0347,0.0117,0,REST-S,5,2,1
581,1832,8:21:30,0,0.00,0,0.6400,0.1450,0.0347,0.0117,0,REST-S,5,2,1
581,1833,8:22:00,0,0.00,0,0.6400,0.1450,0.0347,0.0117,0,REST-S,5,2,1
581,1834,8:22:30,0,0.00,0,0.6400,0.1450,0.0347,0.0117,0,REST-S,5,2,1
581,1835,8:23:00,0,0.00,0,0.6400,0.1450,0.0347,0.0117,0,REST-S,5,2,1
581,1836,8:23:30,0,0.00,0,0.6400,0.1450,0.0347,0.0117,0,REST-S,5,2,1
581,1837,8:24:00,0,0.00,0,0.6400,0.1450,0.0347,0.0117,0,REST-S,5,2,1
581,1838,8:24:30,0,0.00,0,0.6400,0.1450,0.0347,0.0117,0,REST-S,5,2,1
581,1839,8:25:00,0,0.00,0,0.6400,0.1450,0.0347,0.0117,0,REST-S,5,2,1
581,1840,8:25:30,0,0.00,0,0.6400,0.1450,0.0347,0.0117,0,REST-S,5,2,1
581,1841,8:26:00,0,0.00,0,0.6400,0.1450,0.0347,0.0117,0,REST-S,5,2,1
581,1842,8:26:30,0,0.00,0,0.6400,0.1450,0.0347,0.0117,0,REST-S,5,2,1
581,1843,8:27:00,0,0.00,0,0.6400,0.1450,0.0347,0.0117,0,REST-S,5,2,1
581,1844,8:27:30,0,0.00,0,0.6400,0.1450,0.0347,0.0117,0,REST-S,5,2,1
581,1845,8:28:00,0,0.00,0,0.6400,0.1450,0.0347,0.0117,0,REST-S,5,2,1
581,1846,8:28:30,0,0.00,0,0.6400,0.1450,0.0347,0.0117,0,REST-S,5,2,1
581,1847,8:29:00,0,0.00,0,0.6400,0.1450,0.0347,0.0117,0,REST-S,5,2,1
581,1848,8:29:30,0,0.00,0,0.6400,0.1450,0.0347,0.0117,0,REST-S,5,2,1
581,1849,8:30:00,0,0.00,0,0.6200,0.1360,0.0347,0.0117,0,REST-S,5,2,1
581,1850,8:30:30,0,0.00,0,0.6400,0.1450,0.0347,0.0117,0,REST-S,5,2,1
581,1851,8:31:00,0,0.00,0,0.6400,0.1450,0.0347,0.0117,0,REST-S,5,2,1
581,1852,8:31:30,0,0.00,0,0.6400,0.1450,0.0347,0.0117,0,REST-S,5,2,1
581,1853,8:32:00,0,0.00,0,0.6500,0.1510,0.0347,0.0117,0,REST-S,5,2,1
581,1854,8:32:30,0,0.00,0,0.6400,0.1450,0.0347,0.0117,0,REST-S,5,2,1
581,1855,8:33:00,0,0.00,0,0.6500,0.1510,0.0347,0.0117,0,REST-S,5,2,1
581,1856,8:33:30,0,0.00,0,0.6700,0.1580,0.0347,0.0117,0,REST-S,5,2,1
581,1857,8:34:00,0,0.00,0,0.6500,0.1510,0.0347,0.0117,0,REST-S,5,2,1
581,1858,8:34:30,0,0.00,0,0.6400,0.1450,0.0347,0.0117,0,REST-S,5,2,1
581,1859,8:35:00,0,0.00,0,0.6400,0.1450,0.0347,0.0117,0,REST-S,5,2,1
581,1860,8:35:30,0,0.00,0,0.6400,0.1450,0.0347,0.0117,0,REST-S,5,2,1
581,1861,8:36:00,0,0.00,0,0.6400,0.1450,0.0347,0.0117,0,REST-S,5,2,1
581,1862,8:36:30,0,0.00,0,0.6200,0.1360,0.0347,0.0117,0,REST-S,5,2,1
581,1863,8:37:00,0,23.00,0,0.6400,0.1450,0.0347,0.0117,1,REST-S,5,2,1
581,1864,8:37:30,0,19.00,0,0.6200,0.1360,0.0347,0.0117,1,REST-S,5,2,1
581,1865,8:38:00,0,0.00,0,0.6400,0.1450,0.0347,0.0117,0,REST-S,5,2,1
581,1866,8:38:30,0,0.00,0,0.6400,0.1450,0.0347,0.0117,0,REST-S,5,2,1
581,1867,8:39:00,0,0.00,0,0.6400,0.1450,0.0347,0.0117,0,REST-S,5,2,1
581,1868,8:39:30,0,0.00,0,0.6400,0.1450,0.0347,0.0117,0,REST-S,5,2,1
581,1869,8:40:00,0,0.00,0,0.6400,0.1450,0.0347,0.0117,0,REST-S,5,2,1
581,1870,8:40:30,0,0.00,0,0.6400,0.1450,0.0347,0.0117,0,REST-S,5,2,1
581,1871,8:41:00,0,0.00,0,0.6400,0.1450,0.0347,0.0117,0,REST-S,5,2,1
581,1872,8:41:30,0,0.00,0,0.6400,0.1450,0.0347,0.0117,0,REST-S,5,2,1
581,1873,8:42:00,0,0.00,0,0.6500,0.1510,0.0347,0.0117,0,REST-S,5,2,1
581,1874,8:42:30,0,0.00,0,0.6400,0.1450,0.0347,0.0117,0,REST-S,5,2,1
581,1875,8:43:00,0,0.00,0,0.6400,0.1450,0.0347,0.0117,0,REST-S,5,2,1
581,1876,8:43:30,0,0.00,0,0.6400,0.1450,0.0347,0.0117,0,REST-S,5,2,1
581,1877,8:44:00,0,0.00,0,0.6400,0.1450,0.0347,0.0117,0,REST-S,5,2,1
581,1878,8:44:30,0,0.00,0,0.6500,0.1510,0.0347,0.0117,0,REST-S,5,2,1
581,1879,8:45:00,0,0.00,0,0.6500,0.1510,0.0347,0.0117,0,REST-S,5,2,1
581,1880,8:45:30,0,29.00,0,0.6400,0.1450,0.0347,0.0117,1,REST-S,5,2,1
581,1881,8:46:00,0,0.00,0,0.6400,0.1450,0.0347,0.0117,0,REST-S,5,2,1
581,1882,8:46:30,0,0.00,0,0.6400,0.1450,0.0347,0.0117,0,REST-S,5,2,1
581,1883,8:47:00,0,0.00,0,0.6400,0.1450,0.0347,0.0117,0,REST-S,5,2,1
581,1884,8:47:30,0,0.00,0,0.6400,0.1450,0.0347,0.0117,0,REST-S,5,2,1
581,1885,8:48:00,0,0.00,0,0.6400,0.1450,0.0347,0.0117,0,REST-S,5,2,1
581,1886,8:48:30,0,0.00,0,0.6400,0.1450,0.0347,0.0117,0,REST-S,5,2,1
581,1887,8:49:00,0,0.00,0,0.6400,0.1450,0.0347,0.0117,0,REST-S,5,2,1
581,1888,8:49:30,0,0.00,0,0.6400,0.1450,0.0347,0.0117,0,REST-S,5,2,1
581,1889,8:50:00,0,0.00,0,0.6400,0.1450,0.0347,0.0117,0,REST-S,5,2,1
581,1890,8:50:30,0,1.00,0,0.6400,0.1450,0.0347,0.0117,0,REST-S,5,2,1
581,1891,8:51:00,0,0.00,0,0.6400,0.1450,0.0347,0.0117,0,REST-S,5,2,1
581,1892,8:51:30,0,0.00,0,0.6400,0.1450,0.0347,0.0117,0,REST-S,5,2,1
581,1893,8:52:00,0,0.00,0,0.6400,0.1450,0.0347,0.0117,0,REST-S,5,2,1
581,1894,8:52:30,0,33.00,0,0.6400,0.1450,0.0347,0.0117,1,REST-S,5,2,1
581,1895,8:53:00,0,16.00,0,0.6200,0.1360,0.0347,0.0117,0,REST-S,5,2,1
581,1896,8:53:30,0,0.00,0,0.6400,0.1450,0.0347,0.0117,0,REST-S,5,2,1
581,1897,8:54:00,0,0.00,0,0.6400,0.1450,0.0347,0.0117,0,REST-S,5,2,1
581,1898,8:54:30,0,0.00,0,0.6400,0.1450,0.0347,0.0117,0,REST-S,5,2,1
581,1899,8:55:00,0,0.00,0,0.6400,0.1450,0.0347,0.0117,0,REST-S,5,2,1
581,1900,8:55:30,0,0.00,0,0.6400,0.1450,0.0347,0.0117,0,REST-S,5,2,1
581,1901,8:56:00,0,0.00,0,0.6400,0.1450,0.0347,0.0117,0,REST-S,5,2,1
581,1902,8:56:30,0,0.00,0,0.6400,0.1450,0.0347,0.0117,0,REST-S,5,2,1
581,1903,8:57:00,0,0.00,0,0.6400,0.1450,0.0347,0.0117,0,REST-S,5,2,1
581,1904,8:57:30,0,0.00,0,0.6400,0.1450,0.0347,0.0117,0,REST-S,5,2,1
581,1905,8:58:00,0,0.00,0,0.6400,0.1450,0.0347,0.0117,0,REST-S,5,2,1
581,1906,8:58:30,0,0.00,0,0.6400,0.1450,0.0347,0.0117,0,REST-S,5,2,1
581,1907,8:59:00,0,0.00,0,0.6200,0.1360,0.0347,0.0117,0,REST-S,5,2,1
581,1908,8:59:30,0,0.00,0,0.6200,0.1360,0.0347,0.0117,0,REST-S,5,2,1
581,1909,9:00:00,0,0.00,0,0.6400,0.1450,0.0347,0.0117,0,REST-S,5,2,1
581,1910,9:00:30,0,0.00,0,0.6400,0.1450,0.0347,0.0117,0,REST-S,5,2,1
581,1911,9:01:00,0,18.00,0,0.6200,0.1360,0.0347,0.0117,1,REST-S,5,2,1
581,1912,9:01:30,0,0.00,0,0.6400,0.1450,0.0347,0.0117,0,REST-S,5,2,1
581,1913,9:02:00,0,0.00,0,0.6400,0.1450,0.0347,0.0117,1,REST,5,2,1
581,1914,9:02:30,0,0.00,0,0.6400,0.1450,0.0347,0.0117,1,REST,5,2,1
581,1915,9:03:00,0,163.00,0,1.5200,0.2840,0.1000,0.0162,1,ACTIVE,5,2,1
581,1916,9:03:30,0,119.00,0,14.9300,1.7900,1.2100,0.3450,1,ACTIVE,5,2,1
581,1917,9:04:00,0,137.00,0,5.3000,0.4280,0.4770,0.1650,1,ACTIVE,5,2,1
581,1918,9:04:30,0,63.00,0,17.0400,2.2700,1.3200,0.4280,1,ACTIVE,5,2,1
581,1919,9:05:00,0,133.00,0,49.5700,2.7600,4.7400,1.8300,1,ACTIVE,5,2,1
581,1920,9:05:30,0,261.00,0,51.2000,2.2700,5.0600,1.7500,1,ACTIVE,5,2,1
581,1921,9:06:00,0,89.00,0,21.0000,1.7900,1.8700,0.6460,1,ACTIVE,5,2,1
581,1922,9:06:30,0,25.00,0,16.5800,1.5700,1.4700,0.2140,1,ACTIVE,5,2,1
581,1923,9:07:00,0,114.00,0,43.8500,1.8700,4.3400,1.5400,1,ACTIVE,5,2,1
581,1924,9:07:30,0,193.00,0,58.8500,2.1700,5.8800,2.3200,1,ACTIVE,5,2,1
581,1925,9:08:00,0,151.00,0,55.6000,2.8800,5.3900,1.8300,1,ACTIVE,5,2,1
581,1926,9:08:30,0,151.00,0,75.6200,3.2100,7.4700,2.8800,1,ACTIVE,5,2,1
581,1927,9:09:00,0,86.00,0,32.8800,1.9500,3.2100,0.4370,1,ACTIVE,5,2,1
581,1928,9:09:30,0,200.00,0,49.1300,2.1300,4.8400,1.8700,1,ACTIVE,5,2,1
581,1929,9:10:00,0,142.00,0,35.5500,1.9500,3.4200,1.1600,1,ACTIVE,5,2,1
581,1930,9:10:30,0,200.00,0,48.5200,2.2200,4.7400,1.9500,1,ACTIVE,5,2,1
581,1931,9:11:00,0,169.00,0,19.5900,2.3700,1.5700,0.5550,1,ACTIVE,5,2,1
581,1932,9:11:30,0,373.00,0,19.9000,1.7900,1.7500,0.5790,1,ACTIVE,5,2,1
581,1933,9:12:00,0,350.00,0,14.3500,1.6700,1.1600,0.4570,1,ACTIVE,5,2,1
581,1934,9:12:30,0,193.00,0,13.5400,0.7850,1.2900,0.4570,1,ACTIVE,5,2,1
581,1935,9:13:00,0,142.00,0,16.3500,1.9900,1.3200,0.3520,1,ACTIVE,5,2,1
581,1936,9:13:30,0,0.00,0,5.3600,0.9750,0.3600,0.0460,1,ACTIVE,5,2,1
581,1937,9:14:00,0,133.00,0,12.5400,2.5800,0.7680,0.1000,1,ACTIVE,5,2,1
581,1938,9:14:30,0,54.00,0,44.0800,6.1400,3.4200,0.4770,1,ACTIVE,5,2,1
581,1939,9:15:00,0,103.00,0,42.2100,5.8800,3.2800,0.4570,1,ACTIVE,5,2,1
581,1940,9:15:30,0,221.00,0,14.1400,1.8300,1.1300,0.1550,1,ACTIVE,5,2,1
581,1941,9:16:00,0,252.00,0,13.3000,1.2600,1.1600,0.3300,1,ACTIVE,5,2,1
581,1942,9:16:30,0,52.00,0,26.9100,1.5400,2.5800,0.8200,1,ACTIVE,5,2,1
581,1943,9:17:00,0,103.00,0,19.5400,1.4400,1.7900,0.6460,1,ACTIVE,5,2,1
581,1944,9:17:30,0,452.00,0,1.5900,0.3160,0.1000,0.0115,1,ACTIVE,5,2,1
581,1945,9:18:00,0,147.00,0,2.9800,0.4770,0.2090,0.0880,1,ACTIVE,5,2,1
581,1946,9:18:30,0,137.00,0,6.7700,0.8020,0.5430,0.2230,1,ACTIVE,5,2,1
581,1947,9:19:00,0,6.00,0,3.2800,0.4770,0.2440,0.0880,1,ACTIVE,5,2,1
581,1948,9:19:30,0,5.00,0,3.3400,0.4980,0.2440,0.0981,1,ACTIVE,5,2,1
581,1949,9:20:00,0,175.00,0,3.1300,0.5430,0.2090,0.0880,1,ACTIVE,5,2,1
581,1950,9:20:30,0,193.00,0,3.7400,0.4190,0.3160,0.0395,1,ACTIVE,5,2,1
581,1951,9:21:00,0,35.00,0,12.8100,3.2100,0.6180,0.2770,1,ACTIVE,5,2,1
581,1952,9:21:30,0,438.00,0,14.8900,3.0700,0.8750,0.4010,1,ACTIVE,5,2,1
581,1953,9:22:00,0,214.00,0,0.8600,0.1880,0.0501,0.0046,1,ACTIVE,5,2,1
581,1954,9:22:30,0,137.00,0,6.1300,2.2200,0.1390,0.0117,1,ACTIVE,5,2,1
581,1955,9:23:00,0,133.00,0,0.8600,0.2440,0.0347,0.0117,1,ACTIVE,5,2,1
581,1956,9:23:30,0,56.00,0,3.1100,0.5430,0.2090,0.0694,1,ACTIVE,5,2,1
581,1957,9:24:00,0,0.00,0,2.5700,0.4370,0.1760,0.0583,1,ACTIVE,5,2,1
581,1958,9:24:30,0,0.00,0,2.6100,0.4570,0.1760,0.0583,1,ACTIVE,5,2,1
581,1959,9:25:00,0,103.00,0,1.0800,0.2900,0.0501,0.0046,1,ACTIVE,5,2,1
581,1960,9:25:30,0,89.00,0,31.9700,3.1400,2.7600,0.8200,1,ACTIVE,5,2,1
581,1961,9:26:00,0,187.00,0,6.6300,0.8750,0.5090,0.2230,1,ACTIVE,5,2,1
581,1962,9:26:30,0,18.00,0,0.8700,0.2490,0.0347,0.0117,1,ACTIVE,5,2,1
581,1963,9:27:00,0,22.00,0,10.2200,0.9750,0.8750,0.3760,1,ACTIVE,5,2,1
581,1964,9:27:30,0,0.00,0,10.4700,1.0900,0.8750,0.3760,0,ACTIVE,5,2,1
581,1965,9:28:00,0,9.00,0,9.6600,1.0200,0.8020,0.3520,1,ACTIVE,5,2,1
581,1966,9:28:30,0,9.00,0,37.6800,2.1300,3.5700,1.5400,1,ACTIVE,5,2,1
581,1967,9:29:00,0,137.00,0,19.5300,0.7350,1.9500,0.7680,1,ACTIVE,5,2,1
581,1968,9:29:30,0,297.00,0,5.7800,2.0800,0.0512,0.6740,1,ACTIVE,5,2,1
581,1969,9:30:00,0,52.00,0,2.2400,0.3840,0.0480,0.8940,1,ACTIVE,5,2,1
581,1970,9:30:30,0,13.00,0,3.2200,0.3030,0.0790,1.7100,1,ACTIVE,5,2,1
581,1971,9:31:00,0,0.00,0,0.3500,0.1580,0.0000,0.0000,0,ACTIVE,5,2,1
581,1972,9:31:30,0,0.00,0,0.3200,0.1450,0.0000,0.0000,0,ACTIVE,5,2,1
581,1973,9:32:00,0,11.00,0,0.3600,0.1650,0.0000,0.0000,0,ACTIVE,5,2,1
581,1974,9:32:30,0,16.00,0,0.3500,0.1580,0.0000,0.0000,0,ACTIVE,5,2,1
581,1975,9:33:00,0,11.00,0,0.3200,0.1450,0.0000,0.0000,0,ACTIVE,5,2,1
581,1976,9:33:30,0,6.00,0,0.3000,0.1360,0.0000,0.0000,0,ACTIVE,5,2,1
581,1977,9:34:00,0,5.00,0,0.3800,0.1650,0.0000,0.0117,0,ACTIVE,5,2,1
581,1978,9:34:30,0,0.00,0,0.3200,0.1450,0.0000,0.0000,0,ACTIVE,5,2,1
581,1979,9:35:00,0,6.00,0,0.5500,0.1510,0.0251,0.0000,0,ACTIVE,5,2,1
581,1980,9:35:30,0,19.00,0,0.6000,0.1720,0.0251,0.0000,1,ACTIVE,5,2,1
581,1981,9:36:00,0,0.00,0,0.4000,0.1800,0.0000,0.0000,0,ACTIVE,5,2,1
581,1982,9:36:30,0,11.00,0,0.6500,0.1510,0.0347,0.0117,1,ACTIVE,5,2,1
581,1983,9:37:00,0,79.00,0,130.4000,11.0000,12.0000,0.6600,1,ACTIVE,5,2,1
581,1984,9:37:30,0,70.00,0,1.7100,0.3370,0.1050,0.0412,1,ACTIVE,5,2,1
581,1985,9:38:00,0,107.00,0,4.0300,0.6600,0.2900,0.0347,1,ACTIVE,5,2,1
581,1986,9:38:30,0,13.00,0,0.5900,0.1690,0.0251,0.0000,1,ACTIVE,5,2,1
581,1987,9:39:00,0,1.00,0,0.4000,0.1800,0.0000,0.0000,0,ACTIVE,5,2,1
581,1988,9:39:30,0,18.00,0,0.4300,0.1960,0.0000,0.0000,1,ACTIVE,5,2,1
581,1989,9:40:00,0,0.00,0,0.5000,0.2280,0.0000,0.0000,0,ACTIVE,5,2,1
581,1990,9:40:30,0,0.00,0,0.4700,0.2140,0.0000,0.0000,0,ACTIVE,5,2,1
581,1991,9:41:00,0,26.00,0,1.8500,0.2600,0.1390,0.0583,1,ACTIVE,5,2,1
581,1992,9:41:30,0,31.00,0,0.4500,0.1960,0.0000,0.0117,1,ACTIVE,5,2,1
581,1993,9:42:00,0,25.00,0,0.6500,0.1510,0.0347,0.0117,1,ACTIVE,5,2,1
581,1994,9:42:30,0,52.00,0,0.3600,0.1650,0.0000,0.0000,1,ACTIVE,5,2,1
581,1995,9:43:00,0,19.00,0,0.4500,0.2050,0.0000,0.0000,1,ACTIVE,5,2,1
581,1996,9:43:30,0,1.00,0,0.5400,0.2440,0.0000,0.0000,0,ACTIVE,5,2,1
581,1997,9:44:00,0,0.00,0,0.5400,0.2440,0.0000,0.0000,0,ACTIVE,5,2,1
581,1998,9:44:30,0,0.00,0,0.5400,0.2440,0.0000,0.0000,0,ACTIVE,5,2,1
581,1999,9:45:00,0,19.00,0,0.4000,0.1800,0.0000,0.0000,1,ACTIVE,5,2,1
581,2000,9:45:30,0,40.00,0,0.4000,0.1800,0.0000,0.0000,1,ACTIVE,5,2,1
581,2001,9:46:00,0,16.00,0,0.4000,0.1800,0.0000,0.0000,1,ACTIVE,5,2,1
581,2002,9:46:30,0,1.00,0,0.3800,0.1720,0.0000,0.0000,0,ACTIVE,5,2,1
581,2003,9:47:00,0,29.00,0,0.4500,0.2050,0.0000,0.0000,1,ACTIVE,5,2,1
581,2004,9:47:30,0,35.00,0,0.7300,0.1880,0.0347,0.0117,1,ACTIVE,5,2,1
581,2005,9:48:00,0,11.00,0,0.4000,0.1800,0.0000,0.0000,1,ACTIVE,5,2,1
581,2006,9:48:30,0,21.00,0,0.7100,0.1800,0.0347,0.0117,1,ACTIVE,5,2,1
581,2007,9:49:00,0,1.00,0,0.4000,0.1800,0.0000,0.0000,0,ACTIVE,5,2,1
581,2008,9:49:30,0,2.00,0,0.4200,0.1920,0.0000,0.0000,0,ACTIVE,5,2,1
581,2009,9:50:00,0,7.00,0,0.4300,0.1960,0.0000,0.0000,0,ACTIVE,5,2,1
581,2010,9:50:30,0,0.00,0,0.4200,0.1920,0.0000,0.0000,0,ACTIVE,5,2,1
581,2011,9:51:00,0,0.00,0,0.4200,0.1920,0.0000,0.0000,0,ACTIVE,5,2,1
581,2012,9:51:30,0,0.00,0,0.4200,0.1920,0.0000,0.0000,0,ACTIVE,5,2,1
581,2013,9:52:00,0,0.00,0,0.4200,0.1920,0.0000,0.0000,0,ACTIVE,5,2,1
581,2014,9:52:30,0,0.00,0,0.4300,0.1960,0.0000,0.0000,0,ACTIVE,5,2,1
581,2015,9:53:00,0,0.00,0,0.4300,0.1960,0.0000,0.0000,0,ACTIVE,5,2,1
581,2016,9:53:30,0,0.00,0,0.4300,0.1960,0.0000,0.0000,0,ACTIVE,5,2,1
581,2017,9:54:00,0,21.00,0,0.4700,0.2140,0.0000,0.0000,1,ACTIVE,5,2,1
581,2018,9:54:30,0,6.00,0,0.3600,0.1650,0.0000,0.0000,0,ACTIVE,5,2,1
581,2019,9:55:00,0,0.00,0,0.3600,0.1650,0.0000,0.0000,0,ACTIVE,5,2,1
581,2020,9:55:30,0,0.00,0,0.3500,0.1580,0.0000,0.0000,0,ACTIVE,5,2,1
581,2021,9:56:00,0,0.00,0,0.3600,0.1650,0.0000,0.0000,0,ACTIVE,5,2,1
581,2022,9:56:30,0,0.00,0,0.3600,0.1650,0.0000,0.0000,0,ACTIVE,5,2,1
581,2023,9:57:00,0,0.00,0,0.3600,0.1650,0.0000,0.0000,0,ACTIVE,5,2,1
581,2024,9:57:30,0,0.00,0,0.3500,0.1580,0.0000,0.0000,0,ACTIVE,5,2,1
581,2025,9:58:00,0,0.00,0,0.3500,0.1580,0.0000,0.0000,0,ACTIVE,5,2,1
581,2026,9:58:30,0,0.00,0,0.3600,0.1650,0.0000,0.0000,0,ACTIVE,5,2,1
581,2027,9:59:00,0,23.00,0,0.4700,0.1880,0.0024,0.0354,1,ACTIVE,5,2,1
581,2028,9:59:30,0,4.00,0,0.3600,0.1650,0.0000,0.0000,0,ACTIVE,5,2,1
581,2029,10:00:00,0,29.00,0,0.5800,0.2540,0.0000,0.0117,1,ACTIVE,5,2,1
581,2030,10:00:30,0,27.00,0,0.8700,0.2490,0.0347,0.0117,1,ACTIVE,5,2,1
581,2031,10:01:00,0,56.00,0,3.7400,0.4190,0.3160,0.0395,1,ACTIVE,5,2,1
581,2032,10:01:30,0,0.00,0,3.7500,0.4280,0.3160,0.0347,0,ACTIVE,5,2,1
581,2033,10:02:00,0,0.00,0,0.8600,0.2440,0.0347,0.0117,0,ACTIVE,5,2,1
581,2034,10:02:30,0,0.00,0,0.8400,0.2380,0.0347,0.0117,0,ACTIVE,5,2,1
581,2035,10:03:00,0,13.00,0,0.8600,0.2440,0.0347,0.0117,0,ACTIVE,5,2,1
581,2036,10:03:30,0,4.00,0,0.7600,0.2000,0.0347,0.0117,0,ACTIVE,5,2,1
581,2037,10:04:00,0,0.00,0,0.6800,0.2090,0.0251,0.0000,0,ACTIVE,5,2,1
581,2038,10:04:30,0,1.00,0,0.6800,0.2090,0.0251,0.0000,0,ACTIVE,5,2,1
581,2039,10:05:00,0,0.00,0,0.6800,0.2090,0.0251,0.0000,0,ACTIVE,5,2,1
581,2040,10:05:30,0,21.00,0,1.0100,0.4570,0.0000,0.0000,1,ACTIVE,5,2,1
581,2041,10:06:00,0,89.00,0,8.2600,2.8800,0.2090,0.0583,1,ACTIVE,5,2,1
581,2042,10:06:30,0,163.00,0,4.2200,1.1800,0.1760,0.0583,1,ACTIVE,5,2,1
581,2043,10:07:00,0,163.00,0,0.9000,0.2660,0.0347,0.0117,1,ACTIVE,5,2,1
581,2044,10:07:30,0,89.00,0,12.4800,4.3400,0.3160,0.0981,1,ACTIVE,5,2,1
581,2045,10:08:00,0,193.00,0,90.1900,22.5000,4.4400,1.3800,1,ACTIVE,5,2,1
581,2046,10:08:30,0,181.00,0,11.6800,1.5000,0.9130,0.3300,1,ACTIVE,5,2,1
581,2047,10:09:00,0,61.00,0,16.2800,2.8800,1.0900,0.3760,1,ACTIVE,5,2,1
581,2048,10:09:30,0,236.00,0,85.7600,7.1500,7.6300,2.8800,1,ACTIVE,5,2,1
581,2049,10:10:00,0,73.00,0,15.6700,4.2500,0.7040,0.0939,1,ACTIVE,5,2,1
581,2050,10:10:30,0,2.00,0,0.4300,0.1960,0.0000,0.0000,1,ACTIVE,5,2,1
581,2051,10:11:00,0,21.00,0,638.2100,26.2000,62.4000,31.2000,1,ACTIVE,5,2,1
581,2052,10:11:30,0,9.00,0,1298.900,52.4000,127.0000,61.0000,1,ACTIVE,5,2,1
581,2053,10:12:00,0,23.00,0,3.8700,1.3200,0.1050,0.0292,1,ACTIVE,5,2,1
581,2054,10:12:30,0,5.00,0,4.3600,1.4100,0.1390,0.0292,0,ACTIVE,5,2,1
581,2055,10:13:00,0,16.00,0,1.2800,0.4370,0.0347,0.0117,1,ACTIVE,5,2,1
581,2056,10:13:30,0,75.00,0,0.9000,0.2660,0.0347,0.0117,1,ACTIVE,5,2,1
581,2057,10:14:00,0,4.00,0,1.2200,0.3520,0.0501,0.0046,0,ACTIVE,5,2,1
581,2058,10:14:30,0,0.00,0,1.3100,0.3920,0.0501,0.0046,0,ACTIVE,5,2,1
581,2059,10:15:00,0,0.00,0,1.3700,0.4190,0.0501,0.0046,0,ACTIVE,5,2,1
581,2060,10:15:30,0,0.00,0,1.4400,0.5090,0.0347,0.0117,0,ACTIVE,5,2,1
581,2061,10:16:00,0,20.00,0,1.0300,0.3230,0.0347,0.0117,1,ACTIVE,5,2,1
581,2062,10:16:30,0,0.00,0,0.4700,0.2140,0.0000,0.0000,0,ACTIVE,5,2,1
581,2063,10:17:00,0,0.00,0,0.4100,0.1800,0.0000,0.0117,0,ACTIVE,5,2,1
581,2064,10:17:30,0,0.00,0,0.4000,0.1800,0.0000,0.0000,0,ACTIVE,5,2,1
581,2065,10:18:00,0,0.00,0,0.3800,0.1720,0.0000,0.0000,0,ACTIVE,5,2,1
581,2066,10:18:30,0,0.00,0,0.3800,0.1720,0.0000,0.0000,0,ACTIVE,5,2,1
581,2067,10:19:00,0,0.00,0,0.3800,0.1720,0.0000,0.0000,0,ACTIVE,5,2,1
581,2068,10:19:30,0,0.00,0,0.4000,0.1800,0.0000,0.0000,0,ACTIVE,5,2,1
581,2069,10:20:00,0,0.00,0,0.4100,0.1800,0.0000,0.0117,0,ACTIVE,5,2,1
581,2070,10:20:30,0,0.00,0,0.4000,0.1800,0.0000,0.0000,0,ACTIVE,5,2,1
581,2071,10:21:00,0,0.00,0,0.4200,0.1920,0.0000,0.0000,0,ACTIVE,5,2,1
581,2072,10:21:30,0,1.00,0,0.4200,0.1920,0.0000,0.0000,0,ACTIVE,5,2,1
581,2073,10:22:00,0,2.00,0,1.7200,0.4870,0.0694,0.0292,0,ACTIVE,5,2,1
581,2074,10:22:30,0,1.00,0,2.0700,0.6320,0.0756,0.0115,0,ACTIVE,5,2,1
581,2075,10:23:00,0,19.00,0,2.9000,0.7350,0.1390,0.0583,1,ACTIVE,5,2,1
581,2076,10:23:30,0,1.00,0,2.6300,0.7850,0.1000,0.0162,1,ACTIVE,5,2,1
581,2077,10:24:00,0,214.00,0,2.2600,0.6180,0.1000,0.0162,1,ACTIVE,5,2,1
581,2078,10:24:30,0,26.00,0,3.1200,0.4010,0.2440,0.0880,1,ACTIVE,5,2,1
581,2079,10:25:00,0,9.00,0,5.2100,0.5550,0.4370,0.1450,1,ACTIVE,5,2,1
581,2080,10:25:30,0,114.00,0,4.3800,0.5200,0.3520,0.1330,1,ACTIVE,5,2,1
581,2081,10:26:00,0,151.00,0,4.1500,0.5790,0.3160,0.0981,1,ACTIVE,5,2,1
581,2082,10:26:30,0,261.00,0,2.3600,0.4570,0.1510,0.0230,1,ACTIVE,5,2,1
581,2083,10:27:00,0,236.00,0,40.2100,7.3100,2.5800,1.3200,1,ACTIVE,5,2,1
581,2084,10:27:30,0,40.00,0,286.9700,80.9000,3.9000,68.0000,1,ACTIVE,5,2,1
581,2085,10:28:00,0,0.00,0,2.5000,0.3840,0.1760,0.0981,1,ACTIVE,5,2,1
581,2086,10:28:30,0,0.00,0,2.5000,0.3840,0.1760,0.0981,0,ACTIVE,5,2,1
581,2087,10:29:00,0,0.00,0,2.4500,0.3680,0.1760,0.0880,0,ACTIVE,5,2,1
581,2088,10:29:30,0,0.00,0,2.0700,0.3520,0.1390,0.0694,0,ACTIVE,5,2,1
581,2089,10:30:00,0,0.00,0,1.7400,0.3450,0.1050,0.0583,0,ACTIVE,5,2,1
581,2090,10:30:30,0,0.00,0,1.7200,0.3450,0.1050,0.0412,0,ACTIVE,5,2,1
581,2091,10:31:00,0,0.00,0,1.6800,0.3230,0.1050,0.0412,0,ACTIVE,5,2,1
581,2092,10:31:30,0,0.00,0,1.3700,0.3230,0.0694,0.0412,0,ACTIVE,5,2,1
581,2093,10:32:00,0,0.00,0,1.7200,0.3450,0.1050,0.0412,0,ACTIVE,5,2,1
581,2094,10:32:30,0,0.00,0,1.8500,0.4010,0.1050,0.0412,0,ACTIVE,5,2,1
581,2095,10:33:00,0,0.00,0,1.8300,0.3920,0.1050,0.0412,0,ACTIVE,5,2,1
581,2096,10:33:30,0,0.00,0,1.7700,0.3680,0.1050,0.0412,0,ACTIVE,5,2,1
581,2097,10:34:00,0,0.00,0,1.7600,0.3600,0.1050,0.0412,0,ACTIVE,5,2,1
581,2098,10:34:30,0,0.00,0,1.7200,0.3450,0.1050,0.0412,0,ACTIVE,5,2,1
581,2099,10:35:00,0,0.00,0,1.7100,0.3370,0.1050,0.0412,0,ACTIVE,5,2,1
581,2100,10:35:30,0,0.00,0,1.3900,0.3230,0.0756,0.0115,0,ACTIVE,5,2,1
581,2101,10:36:00,0,0.00,0,1.3400,0.3030,0.0756,0.0115,0,ACTIVE,5,2,1
581,2102,10:36:30,0,0.00,0,1.3300,0.2960,0.0756,0.0115,0,ACTIVE,5,2,1
581,2103,10:37:00,0,0.00,0,1.3200,0.2900,0.0756,0.0115,0,ACTIVE,5,2,1
581,2104,10:37:30,0,0.00,0,1.2800,0.2720,0.0756,0.0115,0,ACTIVE,5,2,1
581,2105,10:38:00,0,0.00,0,1.3300,0.2960,0.0756,0.0115,0,ACTIVE,5,2,1
581,2106,10:38:30,0,0.00,0,1.3300,0.2960,0.0756,0.0115,0,ACTIVE,5,2,1
581,2107,10:39:00,0,0.00,0,1.3200,0.2900,0.0756,0.0115,0,ACTIVE,5,2,1
581,2108,10:39:30,0,0.00,0,1.1800,0.2440,0.0694,0.0292,1,ACTIVE,5,2,1
581,2109,10:40:00,0,54.00,0,1.2100,0.2600,0.0694,0.0292,1,ACTIVE,5,2,1
581,2110,10:40:30,0,151.00,0,8.6400,1.7900,0.5090,0.2090,1,ACTIVE,5,2,1
581,2111,10:41:00,0,,0,,,,,1,ACTIVE,5,2,1
581,2112,10:41:30,0,244.00,0,0.8000,0.2190,0.0347,0.0117,1,ACTIVE,5,2,1
581,2113,10:42:00,0,137.00,0,2.8400,0.7040,0.1390,0.0583,1,ACTIVE,5,2,1
581,2114,10:42:30,0,75.00,0,21.5300,2.1300,1.8300,0.7680,1,ACTIVE,5,2,1
581,2115,10:43:00,0,0.00,0,1.7200,0.4870,0.0694,0.0292,1,ACTIVE,5,2,1
581,2116,10:43:30,0,0.00,0,1.6900,0.4770,0.0694,0.0292,0,ACTIVE,5,2,1
581,2117,10:44:00,0,0.00,0,1.8500,0.5310,0.0756,0.0115,0,ACTIVE,5,2,1
581,2118,10:44:30,0,1.00,0,2.1200,0.5550,0.1000,0.0162,0,ACTIVE,5,2,1
581,2119,10:45:00,0,0.00,0,1.8800,0.5430,0.0756,0.0115,0,ACTIVE,5,2,1
581,2120,10:45:30,0,0.00,0,1.8500,0.5310,0.0756,0.0115,0,ACTIVE,5,2,1
581,2121,10:46:00,0,0.00,0,2.0900,0.5430,0.1000,0.0115,0,ACTIVE,5,2,1
581,2122,10:46:30,0,0.00,0,1.7300,0.4770,0.0756,0.0115,0,ACTIVE,5,2,1
581,2123,10:47:00,0,0.00,0,1.4800,0.4670,0.0501,0.0046,1,ACTIVE,5,2,1
581,2124,10:47:30,0,16.00,0,10.1900,1.6000,0.7200,0.3160,1,ACTIVE,5,2,1
581,2125,10:48:00,0,187.00,0,3.9100,0.7680,0.2440,0.0694,1,ACTIVE,5,2,1
581,2126,10:48:30,0,79.00,0,1.9700,0.4570,0.1050,0.0412,1,ACTIVE,5,2,1
581,2127,10:49:00,0,137.00,0,0.4500,0.2050,0.0000,0.0000,1,ACTIVE,5,2,1
581,2128,10:49:30,0,56.00,0,0.8700,0.2490,0.0347,0.0117,1,ACTIVE,5,2,1
581,2129,10:50:00,0,278.00,0,2.7400,0.3760,0.2090,0.0694,1,ACTIVE,5,2,1
581,2130,10:50:30,0,548.00,0,6.6200,1.2400,0.4370,0.0535,1,ACTIVE,5,2,1
581,2131,10:51:00,0,244.00,0,17.3300,2.1700,1.3800,0.4190,1,ACTIVE,5,2,1
581,2132,10:51:30,0,411.00,0,16.0300,1.5700,1.4100,0.2090,1,ACTIVE,5,2,1
581,2133,10:52:00,0,483.00,0,28.6000,2.5800,2.5300,0.6890,1,ACTIVE,5,2,1
581,2134,10:52:30,0,362.00,0,21.0300,2.7600,1.6700,0.2440,1,ACTIVE,5,2,1
581,2135,10:53:00,0,244.00,0,18.3100,2.4700,1.4400,0.2140,1,ACTIVE,5,2,1
581,2136,10:53:30,0,338.00,0,14.8200,1.7100,1.2400,0.1840,1,ACTIVE,5,2,1
581,2137,10:54:00,0,297.00,0,12.4500,1.4400,1.0400,0.1480,1,ACTIVE,5,2,1
581,2138,10:54:30,0,452.00,0,4.7900,0.6180,0.3840,0.0535,1,ACTIVE,5,2,1
581,2139,10:55:00,0,411.00,0,30.8400,2.3700,2.8200,0.8560,1,ACTIVE,5,2,1
581,2140,10:55:30,0,829.00,0,31.9200,2.0800,3.0100,0.9130,1,ACTIVE,5,2,1
581,2141,10:56:00,0,373.00,0,19.9900,2.1700,1.6700,0.4770,1,ACTIVE,5,2,1
581,2142,10:56:30,0,362.00,0,2.9200,0.3230,0.2440,0.0694,1,ACTIVE,5,2,1
581,2143,10:57:00,0,27.00,0,2.1400,0.2380,0.1760,0.0694,1,ACTIVE,5,2,1
581,2144,10:57:30,0,288.00,0,1.1600,0.2190,0.0756,0.0115,1,ACTIVE,5,2,1
581,2145,10:58:00,0,297.00,0,1.8500,0.2600,0.1390,0.0583,1,ACTIVE,5,2,1
581,2146,10:58:30,0,398.00,0,7.6300,0.6180,0.6890,0.2090,1,ACTIVE,5,2,1
581,2147,10:59:00,0,252.00,0,10.2900,0.9750,0.9130,0.1240,1,ACTIVE,5,2,1
581,2148,10:59:30,0,0.00,0,17.9100,1.7900,1.5700,0.1920,1,ACTIVE,5,2,1
581,2149,11:00:00,0,0.00,0,18.8000,1.9100,1.6400,0.2090,1,ACTIVE,5,2,1
581,2150,11:00:30,0,147.00,0,0.3000,0.1360,0.0000,0.0000,1,ACTIVE,5,2,1
581,2151,11:01:00,0,49.00,0,0.3000,0.1360,0.0000,0.0000,1,ACTIVE,5,2,1
581,2152,11:01:30,0,142.00,0,0.3000,0.1360,0.0000,0.0000,1,ACTIVE,5,2,1
581,2153,11:02:00,0,82.00,0,0.3200,0.1450,0.0000,0.0000,1,ACTIVE,5,2,1
581,2154,11:02:30,0,317.00,0,0.3000,0.1360,0.0000,0.0000,1,ACTIVE,5,2,1
581,2155,11:03:00,0,157.00,0,1.7700,0.8020,0.0000,0.0000,1,ACTIVE,5,2,1
581,2156,11:03:30,0,107.00,0,0.3000,0.1360,0.0000,0.0000,1,ACTIVE,5,2,1
581,2157,11:04:00,0,110.00,0,1.1800,0.2440,0.0694,0.0292,1,ACTIVE,5,2,1
581,2158,11:04:30,0,103.00,0,4.6200,0.4370,0.4010,0.1330,1,ACTIVE,5,2,1
581,2159,11:05:00,0,114.00,0,0.3000,0.1360,0.0000,0.0000,1,ACTIVE,5,2,1
581,2160,11:05:30,0,548.00,0,0.3200,0.1450,0.0000,0.0000,1,ACTIVE,5,2,1
581,2161,11:06:00,0,278.00,0,1.5200,0.2840,0.1000,0.0115,1,ACTIVE,5,2,1
581,2162,11:06:30,0,362.00,0,170.5400,6.8500,16.6000,8.8800,1,ACTIVE,5,2,1
581,2163,11:07:00,0,207.00,0,1.1900,0.2490,0.0694,0.0292,1,ACTIVE,5,2,1
581,2164,11:07:30,0,11.00,0,0.3000,0.1360,0.0000,0.0000,1,ACTIVE,5,2,1
581,2165,11:08:00,0,278.00,0,0.3000,0.1360,0.0000,0.0000,1,ACTIVE,5,2,1
581,2166,11:08:30,0,175.00,0,0.3000,0.1360,0.0000,0.0000,1,ACTIVE,5,2,1
581,2167,11:09:00,0,221.00,0,0.2900,0.1300,0.0000,0.0000,1,ACTIVE,5,2,1
581,2168,11:09:30,0,244.00,0,0.3000,0.1360,0.0000,0.0000,1,ACTIVE,5,2,1
581,2169,11:10:00,0,228.00,0,50.4700,5.1700,4.4400,0.1550,1,ACTIVE,5,2,1
581,2170,11:10:30,0,1.00,0,240.1500,15.6000,22.5000,7.6300,1,ACTIVE,5,2,1
581,2171,11:11:00,0,107.00,0,189.3300,17.0000,16.6000,5.5100,1,ACTIVE,5,2,1
581,2172,11:11:30,0,411.00,0,662.3300,23.5000,66.6000,25.1000,1,ACTIVE,5,2,1
581,2173,11:12:00,0,252.00,0,78.6600,3.9000,7.9700,0.2380,1,ACTIVE,5,2,1
581,2174,11:12:30,0,452.00,0,0.0000,0.0000,0.0000,0.0000,1,ACTIVE,5,2,1
581,2175,11:13:00,0,119.00,0,5190.560,317.0000,488.0000,197.0000,1,ACTIVE,5,2,1
581,2176,11:13:30,0,73.00,0,3803.700,192.0000,368.0000,139.0000,1,ACTIVE,5,2,1
581,2177,11:14:00,0,411.00,0,1757.090,94.1000,169.0000,63.7000,1,ACTIVE,5,2,1
581,2178,11:14:30,0,175.00,0,0.4100,0.1580,0.0024,0.0354,1,ACTIVE,5,2,1
581,2179,11:15:00,0,398.00,0,0.0000,0.0000,0.0000,0.0000,1,ACTIVE,5,2,1
581,2180,11:15:30,0,385.00,0,12.4700,1.2600,1.0900,0.1550,1,ACTIVE,5,2,1
581,2181,11:16:00,0,452.00,0,2374.200,90.1000,234.0000,117.0000,1,ACTIVE,5,2,1
581,2182,11:16:30,0,252.00,0,1931.980,136.0000,173.0000,110.0000,1,ACTIVE,5,2,1
581,2183,11:17:00,0,151.00,0,6.8300,0.5550,0.6180,0.1760,1,ACTIVE,5,2,1
581,2184,11:17:30,0,317.00,0,3.3900,0.3920,0.2770,0.0880,1,ACTIVE,5,2,1
581,2185,11:18:00,0,385.00,0,10.0000,1.2100,0.8020,0.2770,1,ACTIVE,5,2,1
581,2186,11:18:30,0,297.00,0,19.0600,4.2500,1.0600,0.3300,1,ACTIVE,5,2,1
581,2187,11:19:00,0,317.00,0,1918.130,98.3000,180.0000,112.0000,1,ACTIVE,5,2,1
581,2188,11:19:30,0,137.00,0,744.4600,37.1000,71.0000,37.1000,1,ACTIVE,5,2,1
581,2189,11:20:00,0,338.00,0,2658.530,98.3000,266.0000,100.0000,1,ACTIVE,5,2,1
581,2190,11:20:30,0,89.00,0,424.4700,42.2000,12.3000,205.0000,1,ACTIVE,5,2,1
581,2191,11:21:00,0,107.00,0,1181.340,63.7000,117.0000,15.3000,1,ACTIVE,5,2,1
581,2192,11:21:30,0,93.00,0,554.6500,74.2000,17.4000,219.0000,1,ACTIVE,5,2,1
581,2193,11:22:00,0,12.00,0,594.2800,66.6000,19.4000,255.0000,1,ACTIVE,5,2,1
581,2194,11:22:30,0,103.00,0,4198.400,411.0000,353.0000,184.0000,1,ACTIVE,5,2,1
581,2195,11:23:00,0,45.00,0,490.7700,50.2000,14.3000,234.0000,1,ACTIVE,5,2,1
581,2196,11:23:30,0,6.00,0,814.7800,98.3000,26.2000,338.0000,1,ACTIVE,5,2,1
581,2197,11:24:00,0,42.00,0,609.7900,68.0000,19.4000,266.0000,1,ACTIVE,5,2,1
581,2198,11:24:30,0,228.00,0,4563.990,139.0000,458.0000,229.0000,1,ACTIVE,5,2,1
581,2199,11:25:00,0,54.00,0,60203.15,4750.000,5650.000,244.0000,1,ACTIVE,5,2,1
581,2200,11:25:30,0,68.00,0,27323.69,2480.000,2480.000,125.0000,1,ACTIVE,5,2,1
581,2201,11:26:00,0,49.00,0,4104.840,107.0000,411.0000,249.0000,1,ACTIVE,5,2,1
581,2202,11:26:30,0,107.00,0,5285.480,201.0000,521.0000,255.0000,1,ACTIVE,5,2,1
581,2203,11:27:00,0,169.00,0,3825.810,98.3000,385.0000,219.0000,1,ACTIVE,5,2,1
581,2204,11:27:30,0,142.00,0,130709.9,5410.000,12900.00,5650.000,1,ACTIVE,5,2,1
581,2205,11:28:00,0,100.00,0,5719.390,158.0000,568.0000,361.0000,1,ACTIVE,5,2,1
581,2206,11:28:30,0,82.00,0,10672.80,297.0000,1060.000,633.0000,1,ACTIVE,5,2,1
581,2207,11:29:00,0,181.00,0,705.0900,74.2000,19.8000,338.0000,1,ACTIVE,5,2,1
581,2208,11:29:30,0,278.00,0,720.3200,84.5000,24.0000,297.0000,1,ACTIVE,5,2,1
581,2209,11:30:00,0,236.00,0,1064.370,28.0000,107.0000,58.4000,1,ACTIVE,5,2,1
581,2210,11:30:30,0,93.00,0,2378.450,66.6000,239.0000,127.0000,1,ACTIVE,5,2,1
581,2211,11:31:00,0,79.00,0,1918.180,49.1000,192.0000,114.0000,1,ACTIVE,5,2,1
581,2212,11:31:30,0,82.00,0,789.1000,20.7000,79.2000,46.1000,1,ACTIVE,5,2,1
581,2213,11:32:00,0,96.00,0,3460.980,82.7000,353.0000,173.0000,1,ACTIVE,5,2,1
581,2214,11:32:30,0,82.00,0,6641.540,214.0000,661.0000,345.0000,1,ACTIVE,5,2,1
581,2215,11:33:00,0,187.00,0,0.0000,0.0000,0.0000,0.0000,1,ACTIVE,5,2,1
581,2216,11:33:30,0,181.00,0,240.3100,14.0000,22.5000,11.0000,1,ACTIVE,5,2,1
581,2217,11:34:00,0,498.00,0,78.3900,4.6400,7.3100,3.8100,1,ACTIVE,5,2,1
581,2218,11:34:30,0,424.00,0,1.4700,0.3760,0.0694,0.0292,1,ACTIVE,5,2,1
581,2219,11:35:00,0,350.00,0,331.5500,27.4000,30.5000,3.4200,1,ACTIVE,5,2,1
581,2220,11:35:30,0,269.00,0,18.1700,2.4200,1.4400,0.2000,1,ACTIVE,5,2,1
581,2221,11:36:00,0,306.00,0,114.2100,7.0000,10.8000,3.9000,1,ACTIVE,5,2,1
581,2222,11:36:30,0,128.00,0,132.0500,7.1500,12.6000,5.7600,1,ACTIVE,5,2,1
581,2223,11:37:00,0,228.00,0,27.8800,2.2200,2.5300,0.7680,1,ACTIVE,5,2,1
581,2224,11:37:30,0,350.00,0,0.3600,0.1650,0.0000,0.0000,1,ACTIVE,5,2,1
581,2225,11:38:00,0,181.00,0,1.0500,0.1880,0.0694,0.0292,1,ACTIVE,5,2,1
581,2226,11:38:30,0,68.00,0,0.3000,0.1360,0.0000,0.0000,1,ACTIVE,5,2,1
581,2227,11:39:00,0,338.00,0,0.8200,0.1720,0.0501,0.0046,1,ACTIVE,5,2,1
581,2228,11:39:30,0,514.00,0,85.5300,4.6400,8.1400,3.6500,1,ACTIVE,5,2,1
581,2229,11:40:00,0,483.00,0,59.5300,3.9000,5.7600,0.4470,1,ACTIVE,5,2,1
581,2230,11:40:30,0,398.00,0,13.4400,2.3200,0.9330,0.1360,1,ACTIVE,5,2,1
581,2231,11:41:00,0,187.00,0,0.3000,0.1360,0.0000,0.0000,1,ACTIVE,5,2,1
581,2232,11:41:30,0,107.00,0,0.3000,0.1360,0.0000,0.0000,1,ACTIVE,5,2,1
581,2233,11:42:00,0,244.00,0,0.3100,0.1360,0.0000,0.0117,1,ACTIVE,5,2,1
581,2234,11:42:30,0,157.00,0,0.3200,0.1450,0.0000,0.0000,1,ACTIVE,5,2,1
581,2235,11:43:00,0,19.00,0,0.3200,0.1450,0.0000,0.0000,1,ACTIVE,5,2,1
581,2236,11:43:30,0,40.00,0,0.3000,0.1360,0.0000,0.0000,1,ACTIVE,5,2,1
581,2237,11:44:00,0,52.00,0,0.3000,0.1360,0.0000,0.0000,1,ACTIVE,5,2,1
581,2238,11:44:30,0,0.00,0,0.3000,0.1360,0.0000,0.0000,0,ACTIVE,5,2,1
581,2239,11:45:00,0,14.00,0,0.3000,0.1360,0.0000,0.0000,1,ACTIVE,5,2,1
581,2240,11:45:30,0,6.00,0,0.3000,0.1360,0.0000,0.0000,1,ACTIVE,5,2,1
581,2241,11:46:00,0,49.00,0,0.3000,0.1360,0.0000,0.0000,1,ACTIVE,5,2,1
581,2242,11:46:30,0,114.00,0,0.2900,0.1300,0.0000,0.0000,1,ACTIVE,5,2,1
581,2243,11:47:00,0,128.00,0,59.3300,3.0100,5.7600,2.0800,1,ACTIVE,5,2,1
581,2244,11:47:30,0,100.00,0,145.6800,8.5000,14.0000,3.9800,1,ACTIVE,5,2,1
581,2245,11:48:00,0,75.00,0,0.2900,0.1300,0.0000,0.0000,1,ACTIVE,5,2,1
581,2246,11:48:30,0,119.00,0,0.3000,0.1360,0.0000,0.0000,1,ACTIVE,5,2,1
581,2247,11:49:00,0,63.00,0,0.2900,0.1300,0.0000,0.0000,1,ACTIVE,5,2,1
581,2248,11:49:30,0,29.00,0,0.2900,0.1300,0.0000,0.0000,1,ACTIVE,5,2,1
581,2249,11:50:00,0,0.00,0,0.3000,0.1360,0.0000,0.0000,0,ACTIVE,5,2,1
581,2250,11:50:30,0,0.00,0,0.3000,0.1360,0.0000,0.0000,0,ACTIVE,5,2,1
581,2251,11:51:00,0,7.00,0,0.3000,0.1360,0.0000,0.0000,0,ACTIVE,5,2,1
581,2252,11:51:30,0,7.00,0,0.3000,0.1360,0.0000,0.0000,0,ACTIVE,5,2,1
581,2253,11:52:00,0,56.00,0,0.3100,0.1360,0.0000,0.0117,1,ACTIVE,5,2,1
581,2254,11:52:30,0,0.00,0,0.3200,0.1450,0.0000,0.0000,0,ACTIVE,5,2,1
581,2255,11:53:00,0,0.00,0,0.3200,0.1450,0.0000,0.0000,0,ACTIVE,5,2,1
581,2256,11:53:30,0,0.00,0,0.3000,0.1360,0.0000,0.0000,0,ACTIVE,5,2,1
581,2257,11:54:00,0,1.00,0,0.3200,0.1450,0.0000,0.0000,1,ACTIVE,5,2,1
581,2258,11:54:30,0,119.00,0,0.3000,0.1360,0.0000,0.0000,1,ACTIVE,5,2,1
581,2259,11:55:00,0,163.00,0,0.3000,0.1360,0.0000,0.0000,1,ACTIVE,5,2,1
581,2260,11:55:30,0,82.00,0,0.6000,0.1300,0.0347,0.0117,1,ACTIVE,5,2,1
581,2261,11:56:00,0,7.00,0,0.6000,0.1300,0.0347,0.0117,1,ACTIVE,5,2,1
581,2262,11:56:30,0,7.00,0,0.3000,0.1360,0.0000,0.0000,1,ACTIVE,5,2,1
581,2263,11:57:00,0,137.00,0,0.3100,0.1360,0.0000,0.0117,1,ACTIVE,5,2,1
581,2264,11:57:30,0,45.00,0,0.3000,0.1360,0.0000,0.0000,1,ACTIVE,5,2,1
581,2265,11:58:00,0,133.00,0,0.3000,0.1360,0.0000,0.0000,1,ACTIVE,5,2,1
581,2266,11:58:30,0,59.00,0,0.3200,0.1450,0.0000,0.0000,1,ACTIVE,5,2,1
581,2267,11:59:00,0,47.00,0,0.9100,0.2090,0.0501,0.0046,1,ACTIVE,5,2,1
581,2268,11:59:30,0,45.00,0,0.3000,0.1360,0.0000,0.0000,1,ACTIVE,5,2,1
581,2269,12:00:00,0,13.00,0,0.2900,0.1300,0.0000,0.0000,1,ACTIVE,5,2,2
581,2270,12:00:30,0,21.00,0,0.3000,0.1360,0.0000,0.0000,1,ACTIVE,5,2,2
581,2271,12:01:00,0,169.00,0,0.3000,0.1360,0.0000,0.0000,1,ACTIVE,5,2,2
581,2272,12:01:30,0,193.00,0,0.3000,0.1360,0.0000,0.0000,1,ACTIVE,5,2,2
581,2273,12:02:00,0,147.00,0,0.3000,0.1360,0.0000,0.0000,1,ACTIVE,5,2,2
581,2274,12:02:30,0,193.00,0,0.3000,0.1360,0.0000,0.0000,1,ACTIVE,5,2,2
581,2275,12:03:00,0,200.00,0,0.3500,0.1580,0.0000,0.0000,1,ACTIVE,5,2,2
581,2276,12:03:30,0,96.00,0,0.3000,0.1360,0.0000,0.0000,1,ACTIVE,5,2,2
581,2277,12:04:00,0,63.00,0,0.4700,0.2050,0.0000,0.0117,1,ACTIVE,5,2,2
581,2278,12:04:30,0,4.00,0,0.3000,0.1360,0.0000,0.0000,1,ACTIVE,5,2,2
581,2279,12:05:00,0,137.00,0,0.3500,0.1580,0.0000,0.0000,1,ACTIVE,5,2,2
581,2280,12:05:30,0,288.00,0,0.3500,0.1580,0.0000,0.0000,1,ACTIVE,5,2,2
581,2281,12:06:00,0,169.00,0,1.6800,0.4570,0.0756,0.0046,1,ACTIVE,5,2,2
581,2282,12:06:30,0,9.00,0,1.6300,0.4370,0.0756,0.0046,1,ACTIVE,5,2,2
581,2283,12:07:00,0,23.00,0,0.8400,0.2380,0.0347,0.0117,1,ACTIVE,5,2,2
581,2284,12:07:30,0,26.00,0,0.9000,0.2660,0.0347,0.0117,1,ACTIVE,5,2,2
581,2285,12:08:00,0,0.00,0,0.7000,0.2190,0.0251,0.0000,0,ACTIVE,5,2,2
581,2286,12:08:30,0,0.00,0,0.6600,0.2000,0.0251,0.0000,0,ACTIVE,5,2,2
581,2287,12:09:00,0,16.00,0,0.7400,0.1920,0.0347,0.0117,1,ACTIVE,5,2,2
581,2288,12:09:30,0,66.00,0,0.9000,0.2660,0.0347,0.0117,1,ACTIVE,5,2,2
581,2289,12:10:00,0,19.00,0,1.9700,0.4870,0.1000,0.0115,1,ACTIVE,5,2,2
581,2290,12:10:30,0,12.00,0,2.0900,0.5430,0.1000,0.0115,1,ACTIVE,5,2,2
581,2291,12:11:00,0,0.00,0,2.0900,0.5430,0.1000,0.0115,0,ACTIVE,5,2,2
581,2292,12:11:30,0,0.00,0,2.0900,0.5430,0.1000,0.0115,0,ACTIVE,5,2,2
581,2293,12:12:00,0,0.00,0,2.0600,0.5310,0.1000,0.0115,0,ACTIVE,5,2,2
581,2294,12:12:30,0,0.00,0,2.1200,0.5550,0.1000,0.0162,0,ACTIVE,5,2,2
581,2295,12:13:00,0,0.00,0,2.3300,0.5550,0.1240,0.0162,0,ACTIVE,5,2,2
581,2296,12:13:30,0,0.00,0,2.1000,0.5430,0.1000,0.0162,0,ACTIVE,5,2,2
581,2297,12:14:00,0,61.00,0,1.9700,0.4870,0.1000,0.0115,1,ACTIVE,5,2,2
581,2298,12:14:30,0,0.00,0,1.2400,0.3600,0.0501,0.0046,0,ACTIVE,5,2,2
581,2299,12:15:00,0,0.00,0,1.2200,0.3520,0.0501,0.0000,0,ACTIVE,5,2,2
581,2300,12:15:30,0,0.00,0,1.2600,0.3680,0.0501,0.0046,0,ACTIVE,5,2,2
581,2301,12:16:00,0,0.00,0,1.5900,0.4190,0.0756,0.0046,0,ACTIVE,5,2,2
581,2302,12:16:30,0,1.00,0,1.6400,0.4370,0.0756,0.0115,0,ACTIVE,5,2,2
581,2303,12:17:00,0,142.00,0,0.6400,0.1920,0.0251,0.0000,1,ACTIVE,5,2,2
581,2304,12:17:30,0,4.00,0,0.3200,0.1450,0.0000,0.0000,0,ACTIVE,5,2,2
581,2305,12:18:00,0,4.00,0,0.3200,0.1450,0.0000,0.0000,1,ACTIVE,5,2,2
581,2306,12:18:30,0,0.00,0,0.3200,0.1450,0.0000,0.0000,0,ACTIVE,5,2,2
581,2307,12:19:00,0,32.00,0,0.6200,0.1800,0.0251,0.0000,1,ACTIVE,5,2,2
581,2308,12:19:30,0,7.00,0,0.8900,0.2600,0.0347,0.0117,0,ACTIVE,5,2,2
581,2309,12:20:00,0,0.00,0,1.9700,0.4870,0.1000,0.0115,0,ACTIVE,5,2,2
581,2310,12:20:30,0,0.00,0,1.9700,0.4870,0.1000,0.0162,0,ACTIVE,5,2,2
581,2311,12:21:00,0,0.00,0,2.0000,0.4980,0.1000,0.0162,0,ACTIVE,5,2,2
581,2312,12:21:30,0,0.00,0,1.9700,0.4870,0.1000,0.0162,0,ACTIVE,5,2,2
581,2313,12:22:00,0,28.00,0,1.7300,0.4770,0.0756,0.0115,1,ACTIVE,5,2,2
581,2314,12:22:30,0,31.00,0,0.8900,0.2600,0.0347,0.0117,1,ACTIVE,5,2,2
581,2315,12:23:00,0,0.00,0,1.5500,0.4010,0.0756,0.0046,0,ACTIVE,5,2,2
581,2316,12:23:30,0,63.00,0,1.0400,0.2720,0.0501,0.0046,1,ACTIVE,5,2,2
581,2317,12:24:00,0,59.00,0,1.0500,0.3300,0.0347,0.0117,1,ACTIVE,5,2,2
581,2318,12:24:30,0,28.00,0,1.5300,0.3920,0.0756,0.0046,1,ACTIVE,5,2,2
581,2319,12:25:00,0,56.00,0,0.8000,0.2190,0.0347,0.0117,1,ACTIVE,5,2,2
581,2320,12:25:30,0,40.00,0,0.9000,0.2660,0.0347,0.0117,1,ACTIVE,5,2,2
581,2321,12:26:00,0,59.00,0,1.1900,0.3370,0.0501,0.0046,1,ACTIVE,5,2,2
581,2322,12:26:30,0,96.00,0,0.7900,0.2600,0.0251,0.0000,1,ACTIVE,5,2,2
581,2323,12:27:00,0,0.00,0,1.6800,0.4570,0.0756,0.0115,1,ACTIVE,5,2,2
581,2324,12:27:30,0,0.00,0,1.3700,0.4190,0.0501,0.0046,1,ACTIVE,5,2,2
581,2325,12:28:00,0,49.00,0,0.8000,0.2190,0.0347,0.0117,1,ACTIVE,5,2,2
581,2326,12:28:30,0,103.00,0,1.4900,0.3680,0.0756,0.0115,1,ACTIVE,5,2,2
581,2327,12:29:00,0,79.00,0,0.7600,0.2000,0.0347,0.0117,1,ACTIVE,5,2,2
581,2328,12:29:30,0,27.00,0,0.8100,0.2230,0.0347,0.0117,1,ACTIVE,5,2,2
581,2329,12:30:00,0,34.00,0,0.7800,0.2090,0.0347,0.0117,1,ACTIVE,5,2,2
581,2330,12:30:30,0,47.00,0,0.7300,0.1880,0.0347,0.0117,1,ACTIVE,5,2,2
581,2331,12:31:00,0,22.00,0,0.8000,0.2190,0.0347,0.0117,1,ACTIVE,5,2,2
581,2332,12:31:30,0,79.00,0,1.0100,0.3160,0.0347,0.0117,1,ACTIVE,5,2,2
581,2333,12:32:00,0,137.00,0,0.7000,0.2190,0.0251,0.0000,1,ACTIVE,5,2,2
581,2334,12:32:30,0,40.00,0,1.8400,0.4280,0.1000,0.0115,1,ACTIVE,5,2,2
581,2335,12:33:00,0,8.00,0,0.8400,0.2380,0.0347,0.0117,1,ACTIVE,5,2,2
581,2336,12:33:30,0,42.00,0,1.0100,0.3160,0.0347,0.0117,1,ACTIVE,5,2,2
581,2337,12:34:00,0,82.00,0,0.6000,0.1720,0.0251,0.0000,1,ACTIVE,5,2,2
581,2338,12:34:30,0,45.00,0,0.7800,0.2090,0.0347,0.0117,1,ACTIVE,5,2,2
581,2339,12:35:00,0,33.00,0,1.0300,0.3230,0.0347,0.0117,1,ACTIVE,5,2,2
581,2340,12:35:30,0,25.00,0,1.6200,0.4280,0.0756,0.0115,1,ACTIVE,5,2,2
581,2341,12:36:00,0,35.00,0,1.0200,0.2600,0.0501,0.0046,1,ACTIVE,5,2,2
581,2342,12:36:30,0,1.00,0,1.8400,0.2230,0.1510,0.0230,0,ACTIVE,5,2,2
581,2343,12:37:00,0,35.00,0,1.1800,0.2280,0.0756,0.0115,1,ACTIVE,5,2,2
581,2344,12:37:30,0,0.00,0,1.6200,0.4280,0.0756,0.0115,1,ACTIVE,5,2,2
581,2345,12:38:00,0,114.00,0,1.5900,0.4190,0.0756,0.0046,1,ACTIVE,5,2,2
581,2346,12:38:30,0,123.00,0,0.8400,0.2380,0.0347,0.0117,1,ACTIVE,5,2,2
581,2347,12:39:00,0,93.00,0,0.7300,0.1880,0.0347,0.0117,1,ACTIVE,5,2,2
581,2348,12:39:30,0,59.00,0,0.7200,0.2280,0.0251,0.0000,1,ACTIVE,5,2,2
581,2349,12:40:00,0,54.00,0,1.0800,0.2900,0.0501,0.0046,1,ACTIVE,5,2,2
581,2350,12:40:30,0,89.00,0,1.3900,0.3230,0.0756,0.0115,1,ACTIVE,5,2,2
581,2351,12:41:00,0,61.00,0,0.6200,0.1800,0.0251,0.0000,1,ACTIVE,5,2,2
581,2352,12:41:30,0,66.00,0,0.7800,0.2090,0.0347,0.0117,1,ACTIVE,5,2,2
581,2353,12:42:00,0,38.00,0,0.8600,0.2440,0.0347,0.0117,1,ACTIVE,5,2,2
581,2354,12:42:30,0,7.00,0,1.6100,0.4280,0.0756,0.0046,1,ACTIVE,5,2,2
581,2355,12:43:00,0,33.00,0,0.7100,0.1800,0.0347,0.0117,1,ACTIVE,5,2,2
581,2356,12:43:30,0,1.00,0,0.7300,0.1880,0.0347,0.0117,1,ACTIVE,5,2,2
581,2357,12:44:00,0,4.00,0,2.0200,0.5090,0.1000,0.0162,1,ACTIVE,5,2,2
581,2358,12:44:30,0,175.00,0,2.2300,0.5090,0.1240,0.0162,1,ACTIVE,5,2,2
581,2359,12:45:00,0,100.00,0,1.9500,0.4770,0.1000,0.0162,1,ACTIVE,5,2,2
581,2360,12:45:30,0,33.00,0,0.5900,0.1690,0.0251,0.0000,1,ACTIVE,5,2,2
581,2361,12:46:00,0,0.00,0,0.5400,0.1450,0.0251,0.0000,1,ACTIVE,5,2,2
581,2362,12:46:30,0,38.00,0,0.6000,0.1720,0.0251,0.0000,1,ACTIVE,5,2,2
581,2363,12:47:00,0,52.00,0,1.1100,0.3600,0.0347,0.0117,1,ACTIVE,5,2,2
581,2364,12:47:30,0,142.00,0,1.2100,0.3450,0.0501,0.0046,1,ACTIVE,5,2,2
581,2365,12:48:00,0,79.00,0,0.9000,0.2660,0.0347,0.0117,1,ACTIVE,5,2,2
581,2366,12:48:30,0,1.00,0,1.0000,0.3160,0.0347,0.0000,1,ACTIVE,5,2,2
581,2367,12:49:00,0,214.00,0,1.0500,0.3300,0.0347,0.0117,1,ACTIVE,5,2,2
581,2368,12:49:30,0,45.00,0,0.8600,0.2440,0.0347,0.0117,1,ACTIVE,5,2,2
581,2369,12:50:00,0,89.00,0,1.6400,0.4370,0.0756,0.0115,1,ACTIVE,5,2,2
581,2370,12:50:30,0,42.00,0,2.0600,0.5310,0.1000,0.0115,1,ACTIVE,5,2,2
581,2371,12:51:00,0,61.00,0,1.1400,0.3160,0.0501,0.0046,1,ACTIVE,5,2,2
581,2372,12:51:30,0,82.00,0,1.5100,0.3760,0.0756,0.0115,1,ACTIVE,5,2,2
581,2373,12:52:00,0,119.00,0,2.1200,0.4570,0.1240,0.0162,1,ACTIVE,5,2,2
581,2374,12:52:30,0,269.00,0,1.1000,0.2960,0.0501,0.0046,1,ACTIVE,5,2,2
581,2375,12:53:00,0,207.00,0,1.0200,0.2600,0.0501,0.0046,1,ACTIVE,5,2,2
581,2376,12:53:30,0,42.00,0,1.7100,0.3680,0.1000,0.0162,1,ACTIVE,5,2,2
581,2377,12:54:00,0,269.00,0,0.8400,0.2380,0.0347,0.0117,1,ACTIVE,5,2,2
581,2378,12:54:30,0,169.00,0,0.8100,0.2230,0.0347,0.0117,1,ACTIVE,5,2,2
581,2379,12:55:00,0,40.00,0,1.9000,0.4570,0.1000,0.0162,1,ACTIVE,5,2,2
581,2380,12:55:30,0,22.00,0,1.8200,0.4190,0.1000,0.0162,1,ACTIVE,5,2,2
581,2381,12:56:00,0,63.00,0,1.1900,0.3370,0.0501,0.0046,1,ACTIVE,5,2,2
581,2382,12:56:30,0,0.00,0,1.2100,0.3450,0.0501,0.0046,0,ACTIVE,5,2,2
581,2383,12:57:00,0,0.00,0,0.8900,0.2600,0.0347,0.0117,0,ACTIVE,5,2,2
581,2384,12:57:30,0,4.00,0,1.1400,0.3160,0.0501,0.0046,0,ACTIVE,5,2,2
581,2385,12:58:00,0,5.00,0,0.9000,0.2660,0.0347,0.0117,0,ACTIVE,5,2,2
581,2386,12:58:30,0,42.00,0,0.8000,0.2190,0.0347,0.0117,1,ACTIVE,5,2,2
581,2387,12:59:00,0,36.00,0,0.7300,0.1880,0.0347,0.0117,1,ACTIVE,5,2,2
581,2388,12:59:30,0,2.00,0,0.7000,0.1720,0.0347,0.0117,1,ACTIVE,5,2,2
581,2389,13:00:00,0,63.00,0,0.7300,0.1880,0.0347,0.0117,1,ACTIVE,5,2,2
581,2390,13:00:30,0,128.00,0,0.8100,0.2230,0.0347,0.0117,1,ACTIVE,5,2,2
581,2391,13:01:00,0,2.00,0,0.7000,0.1720,0.0347,0.0117,1,ACTIVE,5,2,2
581,2392,13:01:30,0,82.00,0,0.7400,0.1920,0.0347,0.0117,1,ACTIVE,5,2,2
581,2393,13:02:00,0,82.00,0,0.8000,0.2190,0.0347,0.0117,1,ACTIVE,5,2,2
581,2394,13:02:30,0,1.00,0,1.0300,0.2660,0.0501,0.0046,1,ACTIVE,5,2,2
581,2395,13:03:00,0,1.00,0,0.9000,0.2660,0.0347,0.0117,0,ACTIVE,5,2,2
581,2396,13:03:30,0,2.00,0,0.7400,0.1920,0.0347,0.0117,0,ACTIVE,5,2,2
581,2397,13:04:00,0,23.00,0,0.7300,0.1880,0.0347,0.0117,1,ACTIVE,5,2,2
581,2398,13:04:30,0,13.00,0,1.4000,0.3450,0.0694,0.0292,1,ACTIVE,5,2,2
581,2399,13:05:00,0,82.00,0,1.3500,0.4100,0.0501,0.0046,1,ACTIVE,5,2,2
581,2400,13:05:30,0,59.00,0,0.6900,0.1690,0.0347,0.0117,1,ACTIVE,5,2,2
581,2401,13:06:00,0,0.00,0,0.4100,0.1800,0.0000,0.0117,0,ACTIVE,5,2,2
581,2402,13:06:30,0,0.00,0,0.4400,0.1920,0.0000,0.0117,0,ACTIVE,5,2,2
581,2403,13:07:00,0,0.00,0,0.4100,0.1800,0.0000,0.0117,0,ACTIVE,5,2,2
581,2404,13:07:30,0,0.00,0,0.3800,0.1720,0.0000,0.0000,0,ACTIVE,5,2,2
581,2405,13:08:00,0,0.00,0,0.4000,0.1800,0.0000,0.0000,0,ACTIVE,5,2,2
581,2406,13:08:30,0,0.00,0,0.5700,0.1580,0.0251,0.0000,0,ACTIVE,5,2,2
581,2407,13:09:00,0,0.00,0,0.6500,0.1510,0.0347,0.0117,0,ACTIVE,5,2,2
581,2408,13:09:30,0,0.00,0,0.6700,0.1580,0.0347,0.0117,0,ACTIVE,5,2,2
581,2409,13:10:00,0,0.00,0,0.3900,0.1720,0.0000,0.0117,0,ACTIVE,5,2,2
581,2410,13:10:30,0,61.00,0,0.7100,0.1800,0.0347,0.0117,1,ACTIVE,5,2,2
581,2411,13:11:00,0,89.00,0,1.0300,0.3230,0.0347,0.0117,1,ACTIVE,5,2,2
581,2412,13:11:30,0,47.00,0,1.1900,0.3370,0.0501,0.0046,1,ACTIVE,5,2,2
581,2413,13:12:00,0,119.00,0,1.0400,0.2720,0.0501,0.0046,1,ACTIVE,5,2,2
581,2414,13:12:30,0,0.00,0,1.0300,0.2660,0.0501,0.0046,1,ACTIVE,5,2,2
581,2415,13:13:00,0,200.00,0,1.1400,0.3160,0.0501,0.0046,1,ACTIVE,5,2,2
581,2416,13:13:30,0,79.00,0,1.1000,0.2960,0.0501,0.0046,1,ACTIVE,5,2,2
581,2417,13:14:00,0,228.00,0,1.3800,0.3230,0.0756,0.0046,1,ACTIVE,5,2,2
581,2418,13:14:30,0,0.00,0,0.6500,0.1510,0.0347,0.0117,1,ACTIVE,5,2,2
581,2419,13:15:00,0,0.00,0,0.6400,0.1450,0.0347,0.0117,1,ACTIVE,5,2,2
581,2420,13:15:30,0,0.00,0,0.6400,0.1450,0.0347,0.0117,1,ACTIVE,5,2,2
581,2421,13:16:00,0,175.00,0,1.0800,0.2900,0.0501,0.0046,1,ACTIVE,5,2,2
581,2422,13:16:30,0,261.00,0,0.8200,0.2280,0.0347,0.0117,1,ACTIVE,5,2,2
581,2423,13:17:00,0,193.00,0,1.1300,0.3680,0.0347,0.0117,1,ACTIVE,5,2,2
581,2424,13:17:30,0,452.00,0,0.8700,0.2490,0.0347,0.0117,1,ACTIVE,5,2,2
581,2425,13:18:00,0,328.00,0,0.6200,0.1360,0.0347,0.0117,1,ACTIVE,5,2,2
581,2426,13:18:30,0,278.00,0,0.3300,0.1450,0.0000,0.0117,1,ACTIVE,5,2,2
581,2427,13:19:00,0,18.00,0,0.3600,0.1580,0.0000,0.0117,1,ACTIVE,5,2,2
581,2428,13:19:30,0,142.00,0,0.3600,0.1580,0.0000,0.0117,1,ACTIVE,5,2,2
581,2429,13:20:00,0,142.00,0,0.3600,0.1580,0.0000,0.0117,1,ACTIVE,5,2,2
581,2430,13:20:30,0,214.00,0,0.3600,0.1580,0.0000,0.0117,1,ACTIVE,5,2,2
581,2431,13:21:00,0,181.00,0,0.3600,0.1580,0.0000,0.0117,1,ACTIVE,5,2,2
581,2432,13:21:30,0,123.00,0,0.3600,0.1580,0.0000,0.0117,1,ACTIVE,5,2,2
581,2433,13:22:00,0,288.00,0,0.3600,0.1580,0.0000,0.0117,1,ACTIVE,5,2,2
581,2434,13:22:30,0,467.00,0,96.1000,8.1400,8.8800,0.3090,1,ACTIVE,5,2,2
581,2435,13:23:00,0,385.00,0,26.4800,2.8800,2.2700,0.2280,1,ACTIVE,5,2,2
581,2436,13:23:30,0,373.00,0,29.9700,3.4200,2.5300,0.2440,1,ACTIVE,5,2,2
581,2437,13:24:00,0,385.00,0,9.8700,1.5700,0.7200,0.0939,1,ACTIVE,5,2,2
581,2438,13:24:30,0,424.00,0,89.8000,6.8500,8.5000,0.1880,1,ACTIVE,5,2,2
581,2439,13:25:00,0,288.00,0,79.8900,6.4200,7.4700,0.2900,1,ACTIVE,5,2,2
581,2440,13:25:30,0,269.00,0,1.3900,0.2230,0.1000,0.0162,1,ACTIVE,5,2,2
581,2441,13:26:00,0,411.00,0,1.0900,0.1880,0.0756,0.0115,1,ACTIVE,5,2,2
581,2442,13:26:30,0,214.00,0,0.3600,0.1580,0.0000,0.0117,1,ACTIVE,5,2,2
581,2443,13:27:00,0,306.00,0,0.4400,0.1920,0.0000,0.0117,1,ACTIVE,5,2,2
581,2444,13:27:30,0,306.00,0,0.3600,0.1580,0.0000,0.0117,1,ACTIVE,5,2,2
581,2445,13:28:00,0,193.00,0,0.7600,0.2000,0.0347,0.0117,1,ACTIVE,5,2,2
581,2446,13:28:30,0,63.00,0,1.3300,0.4570,0.0347,0.0117,1,ACTIVE,5,2,2
581,2447,13:29:00,0,362.00,0,13.3200,5.8800,0.0347,0.0117,1,ACTIVE,5,2,2
581,2448,13:29:30,0,207.00,0,0.3600,0.1580,0.0000,0.0117,1,ACTIVE,5,2,2
581,2449,13:30:00,0,328.00,0,2341.920,79.2000,234.0000,110.0000,1,ACTIVE,5,2,2
581,2450,13:30:30,0,193.00,0,1.1100,0.4980,0.0000,0.0117,1,ACTIVE,5,2,2
581,2451,13:31:00,0,103.00,0,208.5000,6.2800,21.1000,8.8800,1,ACTIVE,5,2,2
581,2452,13:31:30,0,73.00,0,2316.460,71.0000,234.0000,103.0000,1,ACTIVE,5,2,2
581,2453,13:32:00,0,23.00,0,2272.900,47.1000,229.0000,152.0000,1,ACTIVE,5,2,2
581,2454,13:32:30,0,119.00,0,1018.540,50.2000,96.2000,59.7000,1,ACTIVE,5,2,2
581,2455,13:33:00,0,123.00,0,124.7400,5.5100,12.3000,4.5400,1,ACTIVE,5,2,2
581,2456,13:33:30,0,114.00,0,114.4900,7.0000,10.6000,6.0100,1,ACTIVE,5,2,2
581,2457,13:34:00,0,187.00,0,1386.150,31.9000,139.0000,90.1000,1,ACTIVE,5,2,2
581,2458,13:34:30,0,147.00,0,19509.26,676.0000,2040.000,139.0000,1,ACTIVE,5,2,2
581,2459,13:35:00,0,214.00,0,0.4100,0.1800,0.0000,0.0117,1,ACTIVE,5,2,2
581,2460,13:35:30,0,169.00,0,0.3800,0.1720,0.0000,0.0000,1,ACTIVE,5,2,2
581,2461,13:36:00,0,207.00,0,0.3000,0.1360,0.0000,0.0000,1,ACTIVE,5,2,2
581,2462,13:36:30,0,133.00,0,0.3000,0.1360,0.0000,0.0000,1,ACTIVE,5,2,2
581,2463,13:37:00,0,151.00,0,670.3800,22.1000,66.6000,35.5000,1,ACTIVE,5,2,2
581,2464,13:37:30,0,207.00,0,2302.270,68.0000,229.0000,136.0000,1,ACTIVE,5,2,2
581,2465,13:38:00,0,100.00,0,1253.690,37.9000,125.0000,71.0000,1,ACTIVE,5,2,2
581,2466,13:38:30,0,128.00,0,873.4500,31.9000,86.3000,43.2000,1,ACTIVE,5,2,2
581,2467,13:39:00,0,147.00,0,2460.910,77.5000,244.0000,139.0000,1,ACTIVE,5,2,2
581,2468,13:39:30,0,236.00,0,2.1900,0.2600,0.1760,0.0694,1,ACTIVE,5,2,2
581,2469,13:40:00,0,269.00,0,0.7500,0.3370,0.0000,0.0000,1,ACTIVE,5,2,2
581,2470,13:40:30,0,328.00,0,0.2900,0.1300,0.0000,0.0000,1,ACTIVE,5,2,2
581,2471,13:41:00,0,297.00,0,123.3200,8.5000,11.8000,1.3500,1,ACTIVE,5,2,2
581,2472,13:41:30,0,306.00,0,995.5300,33.3000,100.0000,38.7000,1,ACTIVE,5,2,2
581,2473,13:42:00,0,438.00,0,0.2900,0.1300,0.0000,0.0000,1,ACTIVE,5,2,2
581,2474,13:42:30,0,438.00,0,7.1900,2.7000,0.1390,0.0117,1,ACTIVE,5,2,2
581,2475,13:43:00,0,531.00,0,68.3800,6.4200,6.1400,0.3600,1,ACTIVE,5,2,2
581,2476,13:43:30,0,306.00,0,1693.210,46.1000,169.0000,103.0000,1,ACTIVE,5,2,2
581,2477,13:44:00,0,385.00,0,2300.670,74.2000,229.0000,122.0000,1,ACTIVE,5,2,2
581,2478,13:44:30,0,306.00,0,1376.810,41.3000,136.0000,86.3000,1,ACTIVE,5,2,2
581,2479,13:45:00,0,107.00,0,0.2700,0.1220,0.0000,0.0000,1,ACTIVE,5,2,2
581,2480,13:45:30,0,221.00,0,0.2700,0.1220,0.0000,0.0000,1,ACTIVE,5,2,2
581,2481,13:46:00,0,187.00,0,0.2700,0.1220,0.0000,0.0000,1,ACTIVE,5,2,2
581,2482,13:46:30,0,385.00,0,0.2700,0.1220,0.0000,0.0000,1,ACTIVE,5,2,2
581,2483,13:47:00,0,306.00,0,0.3000,0.1360,0.0000,0.0000,1,ACTIVE,5,2,2
581,2484,13:47:30,0,89.00,0,1387.470,47.1000,136.0000,84.5000,1,ACTIVE,5,2,2
581,2485,13:48:00,0,13.00,0,341.4300,47.1000,10.6000,133.0000,1,ACTIVE,5,2,2
581,2486,13:48:30,0,38.00,0,2137.730,49.1000,214.0000,139.0000,1,ACTIVE,5,2,2
581,2487,13:49:00,0,89.00,0,392.5300,47.1000,12.8000,162.0000,1,ACTIVE,5,2,2
581,2488,13:49:30,0,75.00,0,2265.990,71.0000,224.0000,136.0000,1,ACTIVE,5,2,2
581,2489,13:50:00,0,8.00,0,5997.080,377.0000,568.0000,173.0000,1,ACTIVE,5,2,2
581,2490,13:50:30,0,26.00,0,2043.880,53.6000,205.0000,117.0000,1,ACTIVE,5,2,2
581,2491,13:51:00,0,70.00,0,2531.500,66.6000,255.0000,139.0000,1,ACTIVE,5,2,2
581,2492,13:51:30,0,49.00,0,986.1100,21.1000,100.0000,54.8000,1,ACTIVE,5,2,2
581,2493,13:52:00,0,142.00,0,4228.990,119.0000,429.0000,192.0000,1,ACTIVE,5,2,2
581,2494,13:52:30,0,133.00,0,2343.950,72.6000,234.0000,125.0000,1,ACTIVE,5,2,2
581,2495,13:53:00,0,27.00,0,6099.700,122.0000,633.0000,261.0000,1,ACTIVE,5,2,2
581,2496,13:53:30,0,114.00,0,4697.020,77.5000,488.0000,229.0000,1,ACTIVE,5,2,2
581,2497,13:54:00,0,193.00,0,42.8800,1.1600,4.3400,2.0800,1,ACTIVE,5,2,2
581,2498,13:54:30,0,157.00,0,35.0600,0.8560,3.5700,1.7100,1,ACTIVE,5,2,2
581,2499,13:55:00,0,328.00,0,8.3000,0.4980,0.8200,0.0230,1,ACTIVE,5,2,2
581,2500,13:55:30,0,317.00,0,0.3200,0.1450,0.0000,0.0000,1,ACTIVE,5,2,2
581,2501,13:56:00,0,34.00,0,0.2900,0.1300,0.0000,0.0000,1,ACTIVE,5,2,2
581,2502,13:56:30,0,31.00,0,0.2900,0.1300,0.0000,0.0000,1,ACTIVE,5,2,2
581,2503,13:57:00,0,79.00,0,0.3000,0.1360,0.0000,0.0000,1,ACTIVE,5,2,2
581,2504,13:57:30,0,128.00,0,0.3000,0.1360,0.0000,0.0000,1,ACTIVE,5,2,2
581,2505,13:58:00,0,236.00,0,0.3200,0.1450,0.0000,0.0000,1,ACTIVE,5,2,2
581,2506,13:58:30,0,169.00,0,0.3200,0.1450,0.0000,0.0000,1,ACTIVE,5,2,2
581,2507,13:59:00,0,288.00,0,0.3000,0.1360,0.0000,0.0000,1,ACTIVE,5,2,2
581,2508,13:59:30,0,103.00,0,0.3500,0.1580,0.0000,0.0000,1,ACTIVE,5,2,2
581,2509,14:00:00,0,93.00,0,0.3600,0.1650,0.0000,0.0000,1,ACTIVE,5,2,2
581,2510,14:00:30,0,221.00,0,0.3200,0.1450,0.0000,0.0000,1,ACTIVE,5,2,2
581,2511,14:01:00,0,411.00,0,0.3500,0.1580,0.0000,0.0000,1,ACTIVE,5,2,2
581,2512,14:01:30,0,169.00,0,0.3200,0.1450,0.0000,0.0000,1,ACTIVE,5,2,2
581,2513,14:02:00,0,0.00,0,0.3200,0.1450,0.0000,0.0000,1,ACTIVE,5,2,2
581,2514,14:02:30,0,114.00,0,0.3000,0.1360,0.0000,0.0000,1,ACTIVE,5,2,2
581,2515,14:03:00,0,119.00,0,0.3000,0.1360,0.0000,0.0000,1,ACTIVE,5,2,2
581,2516,14:03:30,0,147.00,0,0.3000,0.1360,0.0000,0.0000,1,ACTIVE,5,2,2
581,2517,14:04:00,0,398.00,0,0.5200,0.2280,0.0000,0.0117,1,ACTIVE,5,2,2
581,2518,14:04:30,0,730.00,0,0.4200,0.1920,0.0000,0.0000,1,ACTIVE,5,2,2
581,2519,14:05:00,0,200.00,0,0.3200,0.1450,0.0000,0.0000,1,ACTIVE,5,2,2
581,2520,14:05:30,0,86.00,0,0.3600,0.1650,0.0000,0.0000,1,ACTIVE,5,2,2
581,2521,14:06:00,0,181.00,0,0.3600,0.1650,0.0000,0.0000,1,ACTIVE,5,2,2
581,2522,14:06:30,0,317.00,0,6.8000,2.2200,0.2090,0.0583,1,ACTIVE,5,2,2
581,2523,14:07:00,0,193.00,0,1.7800,0.4010,0.1000,0.0115,1,ACTIVE,5,2,2
581,2524,14:07:30,0,252.00,0,0.3500,0.1580,0.0000,0.0000,1,ACTIVE,5,2,2
581,2525,14:08:00,0,269.00,0,0.4300,0.1960,0.0000,0.0000,1,ACTIVE,5,2,2
581,2526,14:08:30,0,424.00,0,4.8000,1.7500,0.1050,0.0117,1,ACTIVE,5,2,2
581,2527,14:09:00,0,350.00,0,3.9900,0.3450,0.3520,0.1330,1,ACTIVE,5,2,2
581,2528,14:09:30,0,123.00,0,17.6800,0.5310,1.7900,0.7850,1,ACTIVE,5,2,2
581,2529,14:10:00,0,128.00,0,588.7300,12.6000,59.7000,34.8000,1,ACTIVE,5,2,2
581,2530,14:10:30,0,123.00,0,68.0200,1.5000,6.8500,4.3400,1,ACTIVE,5,2,2
581,2531,14:11:00,0,32.00,0,2941.390,107.0000,290.0000,148.0000,1,ACTIVE,5,2,2
581,2532,14:11:30,0,175.00,0,0.4700,0.1880,0.0024,0.0354,1,ACTIVE,5,2,2
581,2533,14:12:00,0,54.00,0,5426.890,205.0000,532.0000,284.0000,1,ACTIVE,5,2,2
581,2534,14:12:30,0,107.00,0,3683.810,145.0000,361.0000,188.0000,1,ACTIVE,5,2,2
581,2535,14:13:00,0,244.00,0,0.8700,0.1920,0.0501,0.0046,1,ACTIVE,5,2,2
581,2536,14:13:30,0,269.00,0,7.4600,0.3030,0.7200,0.4470,1,ACTIVE,5,2,2
581,2537,14:14:00,0,288.00,0,4.4700,0.3520,0.4010,0.1650,1,ACTIVE,5,2,2
581,2538,14:14:30,0,483.00,0,1.3400,0.1720,0.1050,0.0412,1,ACTIVE,5,2,2
581,2539,14:15:00,0,252.00,0,0.3200,0.1450,0.0000,0.0000,1,ACTIVE,5,2,2
581,2540,14:15:30,0,119.00,0,0.3200,0.1450,0.0000,0.0000,1,ACTIVE,5,2,2
581,2541,14:16:00,0,157.00,0,0.3000,0.1360,0.0000,0.0000,1,ACTIVE,5,2,2
581,2542,14:16:30,0,137.00,0,0.3000,0.1360,0.0000,0.0000,1,ACTIVE,5,2,2
581,2543,14:17:00,0,269.00,0,0.3000,0.1360,0.0000,0.0000,1,ACTIVE,5,2,2
581,2544,14:17:30,0,269.00,0,5.3900,0.9960,0.3520,0.0981,1,ACTIVE,5,2,2
581,2545,14:18:00,0,261.00,0,0.2900,0.1300,0.0000,0.0000,1,ACTIVE,5,2,2
581,2546,14:18:30,0,856.00,0,0.3000,0.1360,0.0000,0.0000,1,ACTIVE,5,2,2
581,2547,14:19:00,0,338.00,0,0.3200,0.1450,0.0000,0.0000,1,ACTIVE,5,2,2
581,2548,14:19:30,0,187.00,0,0.3000,0.1360,0.0000,0.0000,1,ACTIVE,5,2,2
581,2549,14:20:00,0,1.00,0,0.2900,0.1300,0.0000,0.0000,1,ACTIVE,5,2,2
581,2550,14:20:30,0,0.00,0,0.3000,0.1360,0.0000,0.0000,1,ACTIVE,5,2,2
581,2551,14:21:00,0,26.00,0,0.3000,0.1360,0.0000,0.0000,1,ACTIVE,5,2,2
581,2552,14:21:30,0,0.00,0,0.3200,0.1450,0.0000,0.0000,0,ACTIVE,5,2,2
581,2553,14:22:00,0,0.00,0,0.3200,0.1450,0.0000,0.0000,0,ACTIVE,5,2,2
581,2554,14:22:30,0,0.00,0,0.3200,0.1450,0.0000,0.0000,0,ACTIVE,5,2,2
581,2555,14:23:00,0,0.00,0,0.3200,0.1450,0.0000,0.0000,0,ACTIVE,5,2,2
581,2556,14:23:30,0,7.00,0,0.3200,0.1450,0.0000,0.0000,0,ACTIVE,5,2,2
581,2557,14:24:00,0,34.00,0,0.3500,0.1580,0.0000,0.0000,1,ACTIVE,5,2,2
581,2558,14:24:30,0,45.00,0,0.3600,0.1650,0.0000,0.0000,1,ACTIVE,5,2,2
581,2559,14:25:00,0,14.00,0,0.3600,0.1650,0.0000,0.0000,1,ACTIVE,5,2,2
581,2560,14:25:30,0,52.00,0,0.3200,0.1450,0.0000,0.0000,1,ACTIVE,5,2,2
581,2561,14:26:00,0,16.00,0,0.3200,0.1450,0.0000,0.0000,1,ACTIVE,5,2,2
581,2562,14:26:30,0,0.00,0,0.3500,0.1580,0.0000,0.0000,0,ACTIVE,5,2,2
581,2563,14:27:00,0,14.00,0,0.3500,0.1580,0.0000,0.0000,0,ACTIVE,5,2,2
581,2564,14:27:30,0,0.00,0,0.3300,0.1450,0.0000,0.0117,0,ACTIVE,5,2,2
581,2565,14:28:00,0,8.00,0,0.3300,0.1450,0.0000,0.0117,0,ACTIVE,5,2,2
581,2566,14:28:30,0,0.00,0,0.3200,0.1450,0.0000,0.0000,0,ACTIVE,5,2,2
581,2567,14:29:00,0,0.00,0,0.3200,0.1450,0.0000,0.0000,0,ACTIVE,5,2,2
581,2568,14:29:30,0,0.00,0,0.3100,0.1360,0.0000,0.0117,0,ACTIVE,5,2,2
581,2569,14:30:00,0,32.00,0,0.3200,0.1450,0.0000,0.0000,1,ACTIVE,5,2,2
581,2570,14:30:30,0,61.00,0,0.3200,0.1450,0.0000,0.0000,1,ACTIVE,5,2,2
581,2571,14:31:00,0,1.00,0,0.3500,0.1580,0.0000,0.0000,0,ACTIVE,5,2,2
581,2572,14:31:30,0,0.00,0,0.3200,0.1450,0.0000,0.0000,0,ACTIVE,5,2,2
581,2573,14:32:00,0,0.00,0,0.3200,0.1450,0.0000,0.0000,1,ACTIVE,5,2,2
581,2574,14:32:30,0,0.00,0,0.3200,0.1450,0.0000,0.0000,1,ACTIVE,5,2,2
581,2575,14:33:00,0,373.00,0,0.3600,0.1650,0.0000,0.0000,1,ACTIVE,5,2,2
581,2576,14:33:30,0,21.00,0,0.3500,0.1580,0.0000,0.0000,1,ACTIVE,5,2,2
581,2577,14:34:00,0,0.00,0,0.3200,0.1450,0.0000,0.0000,1,ACTIVE,5,2,2
581,2578,14:34:30,0,200.00,0,17.4000,2.3200,1.3500,0.4280,1,ACTIVE,5,2,2
581,2579,14:35:00,0,163.00,0,41.1400,2.2200,3.9800,1.2400,1,ACTIVE,5,2,2
581,2580,14:35:30,0,40.00,0,0.3000,0.1360,0.0000,0.0000,1,ACTIVE,5,2,2
581,2581,14:36:00,0,0.00,0,0.3200,0.1450,0.0000,0.0000,1,ACTIVE,5,2,2
581,2582,14:36:30,0,0.00,0,0.3200,0.1450,0.0000,0.0000,0,ACTIVE,5,2,2
581,2583,14:37:00,0,0.00,0,0.3500,0.1580,0.0000,0.0000,0,ACTIVE,5,2,2
581,2584,14:37:30,0,0.00,0,0.3500,0.1580,0.0000,0.0000,0,ACTIVE,5,2,2
581,2585,14:38:00,0,0.00,0,0.3200,0.1450,0.0000,0.0000,0,ACTIVE,5,2,2
581,2586,14:38:30,0,6.00,0,0.3500,0.1580,0.0000,0.0000,0,ACTIVE,5,2,2
581,2587,14:39:00,0,38.00,0,0.3500,0.1580,0.0000,0.0000,1,ACTIVE,5,2,2
581,2588,14:39:30,0,9.00,0,0.3000,0.1360,0.0000,0.0000,0,ACTIVE,5,2,2
581,2589,14:40:00,0,8.00,0,0.3000,0.1360,0.0000,0.0000,0,ACTIVE,5,2,2
581,2590,14:40:30,0,28.00,0,0.3600,0.1650,0.0000,0.0000,1,ACTIVE,5,2,2
581,2591,14:41:00,0,1.00,0,0.3200,0.1450,0.0000,0.0000,0,ACTIVE,5,2,2
581,2592,14:41:30,0,0.00,0,0.3200,0.1450,0.0000,0.0000,0,ACTIVE,5,2,2
581,2593,14:42:00,0,13.00,0,0.3200,0.1450,0.0000,0.0000,0,ACTIVE,5,2,2
581,2594,14:42:30,0,0.00,0,0.3200,0.1450,0.0000,0.0000,0,ACTIVE,5,2,2
581,2595,14:43:00,0,0.00,0,0.3200,0.1450,0.0000,0.0000,0,ACTIVE,5,2,2
581,2596,14:43:30,0,21.00,0,0.3200,0.1450,0.0000,0.0000,1,ACTIVE,5,2,2
581,2597,14:44:00,0,0.00,0,0.3200,0.1450,0.0000,0.0000,1,ACTIVE,5,2,2
581,2598,14:44:30,0,73.00,0,0.3200,0.1450,0.0000,0.0000,1,ACTIVE,5,2,2
581,2599,14:45:00,0,338.00,0,0.3500,0.1580,0.0000,0.0000,1,ACTIVE,5,2,2
581,2600,14:45:30,0,70.00,0,0.3200,0.1450,0.0000,0.0000,1,ACTIVE,5,2,2
581,2601,14:46:00,0,52.00,0,0.3800,0.1720,0.0000,0.0000,1,ACTIVE,5,2,2
581,2602,14:46:30,0,47.00,0,0.3800,0.1720,0.0000,0.0000,1,ACTIVE,5,2,2
581,2603,14:47:00,0,0.00,0,0.3600,0.1650,0.0000,0.0000,1,ACTIVE,5,2,2
581,2604,14:47:30,0,0.00,0,0.3600,0.1650,0.0000,0.0000,0,ACTIVE,5,2,2
581,2605,14:48:00,0,12.00,0,0.3800,0.1720,0.0000,0.0000,1,ACTIVE,5,2,2
581,2606,14:48:30,0,0.00,0,0.3800,0.1720,0.0000,0.0000,1,ACTIVE,5,2,2
581,2607,14:49:00,0,175.00,0,0.4300,0.1960,0.0000,0.0000,1,ACTIVE,5,2,2
581,2608,14:49:30,0,221.00,0,0.3200,0.1450,0.0000,0.0000,1,ACTIVE,5,2,2
581,2609,14:50:00,0,68.00,0,0.3000,0.1360,0.0000,0.0000,1,ACTIVE,5,2,2
581,2610,14:50:30,0,86.00,0,0.3000,0.1360,0.0000,0.0000,1,ACTIVE,5,2,2
581,2611,14:51:00,0,49.00,0,0.3000,0.1360,0.0000,0.0000,1,ACTIVE,5,2,2
581,2612,14:51:30,0,123.00,0,0.3000,0.1360,0.0000,0.0000,1,ACTIVE,5,2,2
581,2613,14:52:00,0,236.00,0,0.3000,0.1360,0.0000,0.0000,1,ACTIVE,5,2,2
581,2614,14:52:30,0,236.00,0,0.3100,0.1360,0.0000,0.0117,1,ACTIVE,5,2,2
581,2615,14:53:00,0,221.00,0,0.3200,0.1450,0.0000,0.0000,1,ACTIVE,5,2,2
581,2616,14:53:30,0,56.00,0,0.3200,0.1450,0.0000,0.0000,1,ACTIVE,5,2,2
581,2617,14:54:00,0,27.00,0,0.3300,0.1450,0.0000,0.0117,1,ACTIVE,5,2,2
581,2618,14:54:30,0,288.00,0,0.3200,0.1450,0.0000,0.0000,1,ACTIVE,5,2,2
581,2619,14:55:00,0,133.00,0,0.3200,0.1450,0.0000,0.0000,1,ACTIVE,5,2,2
581,2620,14:55:30,0,86.00,0,0.3000,0.1360,0.0000,0.0000,1,ACTIVE,5,2,2
581,2621,14:56:00,0,40.00,0,0.3000,0.1360,0.0000,0.0000,1,ACTIVE,5,2,2
581,2622,14:56:30,0,45.00,0,0.3200,0.1450,0.0000,0.0000,1,ACTIVE,5,2,2
581,2623,14:57:00,0,11.00,0,0.3200,0.1450,0.0000,0.0000,1,ACTIVE,5,2,2
581,2624,14:57:30,0,19.00,0,0.3200,0.1450,0.0000,0.0000,1,ACTIVE,5,2,2
581,2625,14:58:00,0,0.00,0,0.3000,0.1360,0.0000,0.0000,0,ACTIVE,5,2,2
581,2626,14:58:30,0,0.00,0,0.3000,0.1360,0.0000,0.0000,0,ACTIVE,5,2,2
581,2627,14:59:00,0,14.00,0,0.3000,0.1360,0.0000,0.0000,0,ACTIVE,5,2,2
581,2628,14:59:30,0,9.00,0,0.3200,0.1450,0.0000,0.0000,0,ACTIVE,5,2,2
581,2629,15:00:00,0,0.00,0,0.3000,0.1360,0.0000,0.0000,0,ACTIVE,5,2,2
581,2630,15:00:30,0,0.00,0,0.3100,0.1360,0.0000,0.0117,0,ACTIVE,5,2,2
581,2631,15:01:00,0,0.00,0,0.3100,0.1360,0.0000,0.0117,0,ACTIVE,5,2,2
581,2632,15:01:30,0,0.00,0,0.2900,0.1300,0.0000,0.0000,0,ACTIVE,5,2,2
581,2633,15:02:00,0,6.00,0,0.3000,0.1360,0.0000,0.0000,0,ACTIVE,5,2,2
581,2634,15:02:30,0,5.00,0,0.3000,0.1360,0.0000,0.0000,0,ACTIVE,5,2,2
581,2635,15:03:00,0,6.00,0,0.3000,0.1360,0.0000,0.0000,0,ACTIVE,5,2,2
581,2636,15:03:30,0,49.00,0,0.3200,0.1450,0.0000,0.0000,1,ACTIVE,5,2,2
581,2637,15:04:00,0,0.00,0,0.3200,0.1450,0.0000,0.0000,0,ACTIVE,5,2,2
581,2638,15:04:30,0,0.00,0,0.3600,0.1650,0.0000,0.0000,0,ACTIVE,5,2,2
581,2639,15:05:00,0,28.00,0,0.3500,0.1580,0.0000,0.0000,1,ACTIVE,5,2,2
581,2640,15:05:30,0,18.00,0,0.3000,0.1360,0.0000,0.0000,1,ACTIVE,5,2,2
581,2641,15:06:00,0,25.00,0,0.3100,0.1360,0.0000,0.0117,1,ACTIVE,5,2,2
581,2642,15:06:30,0,0.00,0,0.3000,0.1360,0.0000,0.0000,0,ACTIVE,5,2,2
581,2643,15:07:00,0,23.00,0,0.3000,0.1360,0.0000,0.0000,1,ACTIVE,5,2,2
581,2644,15:07:30,0,9.00,0,0.3000,0.1360,0.0000,0.0000,0,ACTIVE,5,2,2
581,2645,15:08:00,0,31.00,0,0.3200,0.1450,0.0000,0.0000,1,ACTIVE,5,2,2
581,2646,15:08:30,0,29.00,0,0.3200,0.1450,0.0000,0.0000,1,ACTIVE,5,2,2
581,2647,15:09:00,0,49.00,0,0.3200,0.1450,0.0000,0.0000,1,ACTIVE,5,2,2
581,2648,15:09:30,0,9.00,0,0.3200,0.1450,0.0000,0.0000,1,ACTIVE,5,2,2
581,2649,15:10:00,0,19.00,0,0.3200,0.1450,0.0000,0.0000,1,ACTIVE,5,2,2
581,2650,15:10:30,0,100.00,0,0.3500,0.1580,0.0000,0.0000,1,ACTIVE,5,2,2
581,2651,15:11:00,0,68.00,0,0.3000,0.1360,0.0000,0.0000,1,ACTIVE,5,2,2
581,2652,15:11:30,0,0.00,0,0.3300,0.1450,0.0000,0.0117,1,ACTIVE,5,2,2
581,2653,15:12:00,0,18.00,0,0.3000,0.1360,0.0000,0.0000,1,ACTIVE,5,2,2
581,2654,15:12:30,0,75.00,0,0.3000,0.1360,0.0000,0.0000,1,ACTIVE,5,2,2
581,2655,15:13:00,0,0.00,0,0.3000,0.1360,0.0000,0.0000,0,ACTIVE,5,2,2
581,2656,15:13:30,0,0.00,0,0.3000,0.1360,0.0000,0.0000,0,ACTIVE,5,2,2
581,2657,15:14:00,0,34.00,0,0.3000,0.1360,0.0000,0.0000,1,ACTIVE,5,2,2
581,2658,15:14:30,0,0.00,0,0.2900,0.1300,0.0000,0.0000,0,ACTIVE,5,2,2
581,2659,15:15:00,0,0.00,0,0.3000,0.1360,0.0000,0.0000,0,ACTIVE,5,2,2
581,2660,15:15:30,0,1.00,0,0.3200,0.1450,0.0000,0.0000,0,ACTIVE,5,2,2
581,2661,15:16:00,0,0.00,0,0.3200,0.1450,0.0000,0.0000,0,ACTIVE,5,2,2
581,2662,15:16:30,0,0.00,0,0.3000,0.1360,0.0000,0.0000,0,ACTIVE,5,2,2
581,2663,15:17:00,0,73.00,0,0.3500,0.1580,0.0000,0.0000,1,ACTIVE,5,2,2
581,2664,15:17:30,0,75.00,0,0.3300,0.1450,0.0000,0.0117,1,ACTIVE,5,2,2
581,2665,15:18:00,0,47.00,0,0.3000,0.1360,0.0000,0.0000,1,ACTIVE,5,2,2
581,2666,15:18:30,0,12.00,0,0.3000,0.1360,0.0000,0.0000,1,ACTIVE,5,2,2
581,2667,15:19:00,0,49.00,0,0.3000,0.1360,0.0000,0.0000,1,ACTIVE,5,2,2
581,2668,15:19:30,0,14.00,0,0.2900,0.1300,0.0000,0.0000,1,ACTIVE,5,2,2
581,2669,15:20:00,0,70.00,0,0.3000,0.1360,0.0000,0.0000,1,ACTIVE,5,2,2
581,2670,15:20:30,0,0.00,0,0.3000,0.1360,0.0000,0.0000,0,ACTIVE,5,2,2
581,2671,15:21:00,0,0.00,0,0.3000,0.1360,0.0000,0.0000,0,ACTIVE,5,2,2
581,2672,15:21:30,0,0.00,0,0.3000,0.1360,0.0000,0.0000,0,ACTIVE,5,2,2
581,2673,15:22:00,0,0.00,0,0.3000,0.1360,0.0000,0.0000,0,ACTIVE,5,2,2
581,2674,15:22:30,0,0.00,0,0.3000,0.1360,0.0000,0.0000,0,ACTIVE,5,2,2
581,2675,15:23:00,0,15.00,0,0.3200,0.1450,0.0000,0.0000,0,ACTIVE,5,2,2
581,2676,15:23:30,0,0.00,0,0.3000,0.1360,0.0000,0.0000,0,ACTIVE,5,2,2
581,2677,15:24:00,0,8.00,0,0.3000,0.1360,0.0000,0.0000,0,ACTIVE,5,2,2
581,2678,15:24:30,0,1.00,0,0.3000,0.1360,0.0000,0.0000,0,ACTIVE,5,2,2
581,2679,15:25:00,0,0.00,0,0.3000,0.1360,0.0000,0.0000,0,ACTIVE,5,2,2
581,2680,15:25:30,0,0.00,0,0.3000,0.1360,0.0000,0.0000,0,ACTIVE,5,2,2
581,2681,15:26:00,0,13.00,0,0.2900,0.1300,0.0000,0.0000,0,ACTIVE,5,2,2
581,2682,15:26:30,0,7.00,0,0.2900,0.1300,0.0000,0.0000,0,ACTIVE,5,2,2
581,2683,15:27:00,0,0.00,0,0.3000,0.1360,0.0000,0.0000,0,ACTIVE,5,2,2
581,2684,15:27:30,0,0.00,0,0.3000,0.1360,0.0000,0.0000,0,ACTIVE,5,2,2
581,2685,15:28:00,0,0.00,0,0.3000,0.1360,0.0000,0.0000,0,ACTIVE,5,2,2
581,2686,15:28:30,0,0.00,0,0.3000,0.1360,0.0000,0.0000,0,ACTIVE,5,2,2
581,2687,15:29:00,0,21.00,0,0.3000,0.1360,0.0000,0.0000,1,ACTIVE,5,2,2
581,2688,15:29:30,0,33.00,0,0.3000,0.1360,0.0000,0.0000,1,ACTIVE,5,2,2
581,2689,15:30:00,0,0.00,0,0.2900,0.1300,0.0000,0.0000,0,ACTIVE,5,2,2
581,2690,15:30:30,0,0.00,0,0.2900,0.1300,0.0000,0.0000,0,ACTIVE,5,2,2
581,2691,15:31:00,0,0.00,0,0.2900,0.1300,0.0000,0.0000,0,ACTIVE,5,2,2
581,2692,15:31:30,0,8.00,0,0.3000,0.1360,0.0000,0.0000,0,ACTIVE,5,2,2
581,2693,15:32:00,0,0.00,0,0.3000,0.1360,0.0000,0.0000,0,ACTIVE,5,2,2
581,2694,15:32:30,0,45.00,0,0.3000,0.1360,0.0000,0.0000,1,ACTIVE,5,2,2
581,2695,15:33:00,0,114.00,0,0.3000,0.1360,0.0000,0.0000,1,ACTIVE,5,2,2
581,2696,15:33:30,0,0.00,0,0.3000,0.1360,0.0000,0.0000,0,ACTIVE,5,2,2
581,2697,15:34:00,0,0.00,0,0.3000,0.1360,0.0000,0.0000,1,ACTIVE,5,2,2
581,2698,15:34:30,0,5.00,0,0.2900,0.1300,0.0000,0.0000,1,ACTIVE,5,2,2
581,2699,15:35:00,0,147.00,0,0.3200,0.1450,0.0000,0.0000,1,ACTIVE,5,2,2
581,2700,15:35:30,0,22.00,0,0.6400,0.1450,0.0347,0.0117,1,ACTIVE,5,2,2
581,2701,15:36:00,0,33.00,0,0.6500,0.1510,0.0347,0.0117,1,ACTIVE,5,2,2
581,2702,15:36:30,0,14.00,0,0.3000,0.1360,0.0000,0.0000,1,ACTIVE,5,2,2
581,2703,15:37:00,0,0.00,0,0.3200,0.1450,0.0000,0.0000,0,ACTIVE,5,2,2
581,2704,15:37:30,0,9.00,0,0.3000,0.1360,0.0000,0.0000,0,ACTIVE,5,2,2
581,2705,15:38:00,0,0.00,0,0.3000,0.1360,0.0000,0.0000,0,ACTIVE,5,2,2
581,2706,15:38:30,0,0.00,0,0.3000,0.1360,0.0000,0.0000,0,ACTIVE,5,2,2
581,2707,15:39:00,0,0.00,0,0.2900,0.1300,0.0000,0.0000,0,ACTIVE,5,2,2
581,2708,15:39:30,0,0.00,0,0.3000,0.1360,0.0000,0.0000,0,ACTIVE,5,2,2
581,2709,15:40:00,0,16.00,0,0.3000,0.1360,0.0000,0.0000,0,ACTIVE,5,2,2
581,2710,15:40:30,0,12.00,0,0.3000,0.1360,0.0000,0.0000,0,ACTIVE,5,2,2
581,2711,15:41:00,0,4.00,0,0.3000,0.1360,0.0000,0.0000,0,ACTIVE,5,2,2
581,2712,15:41:30,0,0.00,0,0.3000,0.1360,0.0000,0.0000,0,ACTIVE,5,2,2
581,2713,15:42:00,0,12.00,0,0.2900,0.1300,0.0000,0.0000,0,ACTIVE,5,2,2
581,2714,15:42:30,0,5.00,0,0.3000,0.1360,0.0000,0.0000,0,ACTIVE,5,2,2
581,2715,15:43:00,0,7.00,0,0.3000,0.1360,0.0000,0.0000,0,ACTIVE,5,2,2
581,2716,15:43:30,0,0.00,0,0.3000,0.1360,0.0000,0.0000,0,ACTIVE,5,2,2
581,2717,15:44:00,0,4.00,0,0.3000,0.1360,0.0000,0.0000,0,ACTIVE,5,2,2
581,2718,15:44:30,0,27.00,0,0.3000,0.1360,0.0000,0.0000,1,ACTIVE,5,2,2
581,2719,15:45:00,0,0.00,0,0.3000,0.1360,0.0000,0.0000,0,ACTIVE,5,2,2
581,2720,15:45:30,0,4.00,0,0.3000,0.1360,0.0000,0.0000,0,ACTIVE,5,2,2
581,2721,15:46:00,0,21.00,0,0.3000,0.1360,0.0000,0.0000,1,ACTIVE,5,2,2
581,2722,15:46:30,0,0.00,0,0.2900,0.1300,0.0000,0.0000,0,ACTIVE,5,2,2
581,2723,15:47:00,0,0.00,0,0.2900,0.1300,0.0000,0.0000,0,ACTIVE,5,2,2
581,2724,15:47:30,0,0.00,0,0.3000,0.1360,0.0000,0.0000,0,ACTIVE,5,2,2
581,2725,15:48:00,0,45.00,0,0.2900,0.1300,0.0000,0.0000,1,ACTIVE,5,2,2
581,2726,15:48:30,0,0.00,0,0.3000,0.1360,0.0000,0.0000,0,ACTIVE,5,2,2
581,2727,15:49:00,0,0.00,0,0.3000,0.1360,0.0000,0.0000,0,ACTIVE,5,2,2
581,2728,15:49:30,0,0.00,0,0.2900,0.1300,0.0000,0.0000,0,ACTIVE,5,2,2
581,2729,15:50:00,0,0.00,0,0.3000,0.1360,0.0000,0.0000,0,ACTIVE,5,2,2
581,2730,15:50:30,0,0.00,0,0.3000,0.1360,0.0000,0.0000,0,ACTIVE,5,2,2
581,2731,15:51:00,0,0.00,0,0.3000,0.1360,0.0000,0.0000,0,ACTIVE,5,2,2
581,2732,15:51:30,0,13.00,0,0.3000,0.1360,0.0000,0.0000,0,ACTIVE,5,2,2
581,2733,15:52:00,0,2.00,0,0.3000,0.1360,0.0000,0.0000,0,ACTIVE,5,2,2
581,2734,15:52:30,0,0.00,0,0.3000,0.1360,0.0000,0.0000,0,ACTIVE,5,2,2
581,2735,15:53:00,0,0.00,0,0.3000,0.1360,0.0000,0.0000,0,ACTIVE,5,2,2
581,2736,15:53:30,0,0.00,0,0.3000,0.1360,0.0000,0.0000,0,ACTIVE,5,2,2
581,2737,15:54:00,0,0.00,0,0.3000,0.1360,0.0000,0.0000,0,ACTIVE,5,2,2
581,2738,15:54:30,0,6.00,0,0.3000,0.1360,0.0000,0.0000,0,ACTIVE,5,2,2
581,2739,15:55:00,0,0.00,0,0.2900,0.1300,0.0000,0.0000,0,ACTIVE,5,2,2
581,2740,15:55:30,0,0.00,0,0.3000,0.1360,0.0000,0.0000,0,ACTIVE,5,2,2
581,2741,15:56:00,0,6.00,0,0.3100,0.1360,0.0000,0.0117,0,ACTIVE,5,2,2
581,2742,15:56:30,0,0.00,0,0.3100,0.1360,0.0000,0.0117,0,ACTIVE,5,2,2
581,2743,15:57:00,0,0.00,0,0.3000,0.1360,0.0000,0.0000,0,ACTIVE,5,2,2
581,2744,15:57:30,0,0.00,0,0.3000,0.1360,0.0000,0.0000,0,ACTIVE,5,2,2
581,2745,15:58:00,0,0.00,0,0.3000,0.1360,0.0000,0.0000,0,ACTIVE,5,2,2
581,2746,15:58:30,0,0.00,0,0.3000,0.1360,0.0000,0.0000,0,ACTIVE,5,2,2
581,2747,15:59:00,0,0.00,0,0.3000,0.1360,0.0000,0.0000,0,ACTIVE,5,2,2
581,2748,15:59:30,0,11.00,0,0.3000,0.1360,0.0000,0.0000,0,ACTIVE,5,2,2
581,2749,16:00:00,0,0.00,0,0.3000,0.1360,0.0000,0.0000,0,ACTIVE,5,2,2
581,2750,16:00:30,0,0.00,0,0.3000,0.1360,0.0000,0.0000,0,ACTIVE,5,2,2
581,2751,16:01:00,0,0.00,0,0.3000,0.1360,0.0000,0.0000,0,ACTIVE,5,2,2
581,2752,16:01:30,0,0.00,0,0.3000,0.1360,0.0000,0.0000,0,ACTIVE,5,2,2
581,2753,16:02:00,0,1.00,0,0.3000,0.1360,0.0000,0.0000,0,ACTIVE,5,2,2
581,2754,16:02:30,0,0.00,0,0.3000,0.1360,0.0000,0.0000,0,ACTIVE,5,2,2
581,2755,16:03:00,0,5.00,0,0.3000,0.1360,0.0000,0.0000,0,ACTIVE,5,2,2
581,2756,16:03:30,0,0.00,0,0.3000,0.1360,0.0000,0.0000,0,ACTIVE,5,2,2
581,2757,16:04:00,0,4.00,0,0.3000,0.1360,0.0000,0.0000,0,ACTIVE,5,2,2
581,2758,16:04:30,0,0.00,0,0.3000,0.1360,0.0000,0.0000,0,ACTIVE,5,2,2
581,2759,16:05:00,0,11.00,0,0.3000,0.1360,0.0000,0.0000,0,ACTIVE,5,2,2
581,2760,16:05:30,0,0.00,0,0.3000,0.1360,0.0000,0.0000,0,ACTIVE,5,2,2
581,2761,16:06:00,0,0.00,0,0.3000,0.1360,0.0000,0.0000,0,ACTIVE,5,2,2
581,2762,16:06:30,0,0.00,0,0.3000,0.1360,0.0000,0.0000,0,ACTIVE,5,2,2
581,2763,16:07:00,0,0.00,0,0.3000,0.1360,0.0000,0.0000,0,ACTIVE,5,2,2
581,2764,16:07:30,0,0.00,0,0.3000,0.1360,0.0000,0.0000,0,ACTIVE,5,2,2
581,2765,16:08:00,0,2.00,0,0.3200,0.1450,0.0000,0.0000,0,ACTIVE,5,2,2
581,2766,16:08:30,0,7.00,0,0.3200,0.1450,0.0000,0.0000,0,ACTIVE,5,2,2
581,2767,16:09:00,0,0.00,0,0.3000,0.1360,0.0000,0.0000,0,ACTIVE,5,2,2
581,2768,16:09:30,0,0.00,0,0.3200,0.1450,0.0000,0.0000,0,ACTIVE,5,2,2
581,2769,16:10:00,0,4.00,0,0.3000,0.1360,0.0000,0.0000,0,ACTIVE,5,2,2
581,2770,16:10:30,0,0.00,0,0.3000,0.1360,0.0000,0.0000,0,ACTIVE,5,2,2
581,2771,16:11:00,0,6.00,0,0.3000,0.1360,0.0000,0.0000,1,ACTIVE,5,2,2
581,2772,16:11:30,0,0.00,0,0.3000,0.1360,0.0000,0.0000,1,ACTIVE,5,2,2
581,2773,16:12:00,0,114.00,0,0.3000,0.1360,0.0000,0.0000,1,ACTIVE,5,2,2
581,2774,16:12:30,0,66.00,0,0.3000,0.1360,0.0000,0.0000,1,ACTIVE,5,2,2
581,2775,16:13:00,0,163.00,0,0.3200,0.1450,0.0000,0.0000,1,ACTIVE,5,2,2
581,2776,16:13:30,0,151.00,0,0.3200,0.1450,0.0000,0.0000,1,ACTIVE,5,2,2
581,2777,16:14:00,0,4.00,0,0.3200,0.1450,0.0000,0.0000,1,ACTIVE,5,2,2
581,2778,16:14:30,0,21.00,0,0.3200,0.1450,0.0000,0.0000,1,ACTIVE,5,2,2
581,2779,16:15:00,0,142.00,0,0.3200,0.1450,0.0000,0.0000,1,ACTIVE,5,2,2
581,2780,16:15:30,0,6.00,0,0.3600,0.1650,0.0000,0.0000,1,ACTIVE,5,2,2
581,2781,16:16:00,0,119.00,0,0.3600,0.1650,0.0000,0.0000,1,ACTIVE,5,2,2
581,2782,16:16:30,0,187.00,0,0.3000,0.1360,0.0000,0.0000,1,ACTIVE,5,2,2
581,2783,16:17:00,0,278.00,0,0.3000,0.1360,0.0000,0.0000,1,ACTIVE,5,2,2
581,2784,16:17:30,0,207.00,0,0.3000,0.1360,0.0000,0.0000,1,ACTIVE,5,2,2
581,2785,16:18:00,0,12.00,0,0.9300,0.2190,0.0501,0.0046,1,ACTIVE,5,2,2
581,2786,16:18:30,0,42.00,0,1.4800,0.2660,0.1000,0.0162,1,ACTIVE,5,2,2
581,2787,16:19:00,0,0.00,0,0.3000,0.1360,0.0000,0.0000,1,ACTIVE,5,2,2
581,2788,16:19:30,0,114.00,0,77.0800,4.4400,7.3100,3.0100,1,ACTIVE,5,2,2
581,2789,16:20:00,0,1.00,0,435.8400,28.0000,41.3000,11.0000,0,ACTIVE,5,2,2
581,2790,16:20:30,0,0.00,0,453.5400,28.0000,43.2000,12.6000,0,ACTIVE,5,2,2
581,2791,16:21:00,0,4.00,0,408.9200,26.2000,38.7000,10.8000,0,ACTIVE,5,2,2
581,2792,16:21:30,0,0.00,0,409.4400,26.2000,38.7000,11.3000,0,ACTIVE,5,2,2
581,2793,16:22:00,0,4.00,0,409.9800,26.2000,38.7000,11.8000,0,ACTIVE,5,2,2
581,2794,16:22:30,0,0.00,0,365.7100,26.2000,34.0000,9.0700,0,ACTIVE,5,2,2
581,2795,16:23:00,0,0.00,0,394.5400,26.2000,37.1000,10.8000,0,ACTIVE,5,2,2
581,2796,16:23:30,0,0.00,0,369.9600,24.6000,34.8000,10.3000,0,ACTIVE,5,2,2
581,2797,16:24:00,0,11.00,0,214.9100,21.1000,18.9000,2.0800,1,ACTIVE,5,2,2
581,2798,16:24:30,0,66.00,0,97.7700,9.2700,8.6900,1.0900,1,ACTIVE,5,2,2
581,2799,16:25:00,0,56.00,0,0.2900,0.1300,0.0000,0.0000,1,ACTIVE,5,2,2
581,2800,16:25:30,0,70.00,0,0.2900,0.1300,0.0000,0.0000,1,ACTIVE,5,2,2
581,2801,16:26:00,0,79.00,0,0.2900,0.1300,0.0000,0.0000,1,ACTIVE,5,2,2
581,2802,16:26:30,0,59.00,0,0.2900,0.1300,0.0000,0.0000,1,ACTIVE,5,2,2
581,2803,16:27:00,0,75.00,0,0.2900,0.1300,0.0000,0.0000,1,ACTIVE,5,2,2
581,2804,16:27:30,0,100.00,0,0.2900,0.1300,0.0000,0.0000,1,ACTIVE,5,2,2
581,2805,16:28:00,0,61.00,0,0.2900,0.1300,0.0000,0.0000,1,ACTIVE,5,2,2
581,2806,16:28:30,0,20.00,0,0.2900,0.1300,0.0000,0.0000,1,ACTIVE,5,2,2
581,2807,16:29:00,0,9.00,0,0.2900,0.1300,0.0000,0.0000,1,ACTIVE,5,2,2
581,2808,16:29:30,0,0.00,0,0.2700,0.1220,0.0000,0.0000,0,ACTIVE,5,2,2
581,2809,16:30:00,0,0.00,0,0.2500,0.1120,0.0000,0.0000,0,ACTIVE,5,2,2
581,2810,16:30:30,0,21.00,0,0.2700,0.1220,0.0000,0.0000,1,ACTIVE,5,2,2
581,2811,16:31:00,0,0.00,0,0.2500,0.1120,0.0000,0.0000,0,ACTIVE,5,2,2
581,2812,16:31:30,0,0.00,0,0.2700,0.1220,0.0000,0.0000,0,ACTIVE,5,2,2
581,2813,16:32:00,0,6.00,0,0.2900,0.1300,0.0000,0.0000,1,ACTIVE,5,2,2
581,2814,16:32:30,0,79.00,0,0.2900,0.1300,0.0000,0.0000,1,ACTIVE,5,2,2
581,2815,16:33:00,0,79.00,0,0.2900,0.1300,0.0000,0.0000,1,ACTIVE,5,2,2
581,2816,16:33:30,0,14.00,0,0.2900,0.1300,0.0000,0.0000,1,ACTIVE,5,2,2
581,2817,16:34:00,0,0.00,0,0.2900,0.1300,0.0000,0.0000,0,ACTIVE,5,2,2
581,2818,16:34:30,0,11.00,0,0.2900,0.1300,0.0000,0.0000,0,ACTIVE,5,2,2
581,2819,16:35:00,0,12.00,0,0.2900,0.1300,0.0000,0.0000,0,ACTIVE,5,2,2
581,2820,16:35:30,0,1.00,0,0.2900,0.1300,0.0000,0.0000,0,ACTIVE,5,2,2
581,2821,16:36:00,0,5.00,0,0.2900,0.1300,0.0000,0.0000,0,ACTIVE,5,2,2
581,2822,16:36:30,0,6.00,0,0.2900,0.1300,0.0000,0.0000,0,ACTIVE,5,2,2
581,2823,16:37:00,0,0.00,0,0.2900,0.1300,0.0000,0.0000,0,ACTIVE,5,2,2
581,2824,16:37:30,0,4.00,0,0.2900,0.1300,0.0000,0.0000,0,ACTIVE,5,2,2
581,2825,16:38:00,0,16.00,0,0.2900,0.1300,0.0000,0.0000,1,ACTIVE,5,2,2
581,2826,16:38:30,0,107.00,0,0.2900,0.1300,0.0000,0.0000,1,ACTIVE,5,2,2
581,2827,16:39:00,0,1.00,0,0.2900,0.1300,0.0000,0.0000,0,ACTIVE,5,2,2
581,2828,16:39:30,0,2.00,0,0.2900,0.1300,0.0000,0.0000,0,ACTIVE,5,2,2
581,2829,16:40:00,0,0.00,0,0.2900,0.1300,0.0000,0.0000,0,ACTIVE,5,2,2
581,2830,16:40:30,0,0.00,0,0.2900,0.1300,0.0000,0.0000,0,ACTIVE,5,2,2
581,2831,16:41:00,0,0.00,0,0.2900,0.1300,0.0000,0.0000,0,ACTIVE,5,2,2
581,2832,16:41:30,0,0.00,0,0.2900,0.1300,0.0000,0.0000,0,ACTIVE,5,2,2
581,2833,16:42:00,0,38.00,0,0.2900,0.1300,0.0000,0.0000,1,ACTIVE,5,2,2
581,2834,16:42:30,0,21.00,0,0.3000,0.1360,0.0000,0.0000,1,ACTIVE,5,2,2
581,2835,16:43:00,0,31.00,0,0.3000,0.1360,0.0000,0.0000,1,ACTIVE,5,2,2
581,2836,16:43:30,0,49.00,0,0.2900,0.1300,0.0000,0.0000,1,ACTIVE,5,2,2
581,2837,16:44:00,0,0.00,0,0.2900,0.1300,0.0000,0.0000,0,ACTIVE,5,2,2
581,2838,16:44:30,0,0.00,0,0.2900,0.1300,0.0000,0.0000,0,ACTIVE,5,2,2
581,2839,16:45:00,0,15.00,0,0.3000,0.1360,0.0000,0.0000,0,ACTIVE,5,2,2
581,2840,16:45:30,0,0.00,0,0.2900,0.1300,0.0000,0.0000,0,ACTIVE,5,2,2
581,2841,16:46:00,0,0.00,0,0.2900,0.1300,0.0000,0.0000,0,ACTIVE,5,2,2
581,2842,16:46:30,0,22.00,0,0.3000,0.1360,0.0000,0.0000,1,ACTIVE,5,2,2
581,2843,16:47:00,0,56.00,0,0.3200,0.1450,0.0000,0.0000,1,ACTIVE,5,2,2
581,2844,16:47:30,0,4.00,0,0.3500,0.1580,0.0000,0.0000,0,ACTIVE,5,2,2
581,2845,16:48:00,0,11.00,0,0.3000,0.1360,0.0000,0.0000,1,ACTIVE,5,2,2
581,2846,16:48:30,0,0.00,0,0.3000,0.1360,0.0000,0.0000,0,ACTIVE,5,2,2
581,2847,16:49:00,0,0.00,0,0.3200,0.1450,0.0000,0.0000,1,ACTIVE,5,2,2
581,2848,16:49:30,0,0.00,0,0.3000,0.1360,0.0000,0.0000,1,ACTIVE,5,2,2
581,2849,16:50:00,0,181.00,0,0.2900,0.1300,0.0000,0.0000,1,ACTIVE,5,2,2
581,2850,16:50:30,0,142.00,0,0.3500,0.1580,0.0000,0.0000,1,ACTIVE,5,2,2
581,2851,16:51:00,0,8.00,0,0.4200,0.1920,0.0000,0.0000,1,ACTIVE,5,2,2
581,2852,16:51:30,0,142.00,0,0.3200,0.1450,0.0000,0.0000,1,ACTIVE,5,2,2
581,2853,16:52:00,0,110.00,0,0.2700,0.1220,0.0000,0.0000,1,ACTIVE,5,2,2
581,2854,16:52:30,0,0.00,0,0.2500,0.1120,0.0000,0.0000,1,ACTIVE,5,2,2
581,2855,16:53:00,0,0.00,0,0.2500,0.1120,0.0000,0.0000,0,ACTIVE,5,2,2
581,2856,16:53:30,0,0.00,0,0.2500,0.1120,0.0000,0.0000,0,ACTIVE,5,2,2
581,2857,16:54:00,0,26.00,0,0.2500,0.1120,0.0000,0.0000,1,ACTIVE,5,2,2
581,2858,16:54:30,0,63.00,0,0.2500,0.1120,0.0000,0.0000,1,ACTIVE,5,2,2
581,2859,16:55:00,0,0.00,0,0.2500,0.1120,0.0000,0.0000,1,ACTIVE,5,2,2
581,2860,16:55:30,0,61.00,0,0.2500,0.1120,0.0000,0.0000,1,ACTIVE,5,2,2
581,2861,16:56:00,0,63.00,0,0.2500,0.1120,0.0000,0.0000,1,ACTIVE,5,2,2
581,2862,16:56:30,0,297.00,0,0.3200,0.1450,0.0000,0.0000,1,ACTIVE,5,2,2
581,2863,16:57:00,0,317.00,0,0.6500,0.1510,0.0347,0.0117,1,ACTIVE,5,2,2
581,2864,16:57:30,0,483.00,0,0.9500,0.2280,0.0501,0.0046,1,ACTIVE,5,2,2
581,2865,16:58:00,0,317.00,0,0.2500,0.1120,0.0000,0.0000,1,ACTIVE,5,2,2
581,2866,16:58:30,0,328.00,0,0.2500,0.1120,0.0000,0.0000,1,ACTIVE,5,2,2
581,2867,16:59:00,0,236.00,0,0.4700,0.1140,0.0251,0.0000,1,ACTIVE,5,2,2
581,2868,16:59:30,0,123.00,0,0.2500,0.1120,0.0000,0.0000,1,ACTIVE,5,2,2
581,2869,17:00:00,0,114.00,0,0.2500,0.1120,0.0000,0.0000,1,ACTIVE,5,2,2
581,2870,17:00:30,0,110.00,0,0.2500,0.1120,0.0000,0.0000,1,ACTIVE,5,2,2
581,2871,17:01:00,0,31.00,0,0.2500,0.1120,0.0000,0.0000,1,ACTIVE,5,2,2
581,2872,17:01:30,0,45.00,0,0.2500,0.1120,0.0000,0.0000,1,ACTIVE,5,2,2
581,2873,17:02:00,0,16.00,0,0.2500,0.1120,0.0000,0.0000,1,ACTIVE,5,2,2
581,2874,17:02:30,0,11.00,0,0.2500,0.1120,0.0000,0.0000,1,ACTIVE,5,2,2
581,2875,17:03:00,0,38.00,0,0.2500,0.1120,0.0000,0.0000,1,ACTIVE,5,2,2
581,2876,17:03:30,0,82.00,0,0.2700,0.1220,0.0000,0.0000,1,ACTIVE,5,2,2
581,2877,17:04:00,0,52.00,0,1.9900,0.1720,0.1760,0.0583,1,ACTIVE,5,2,2
581,2878,17:04:30,0,12.00,0,0.5100,0.1300,0.0251,0.0000,1,ACTIVE,5,2,2
581,2879,17:05:00,0,13.00,0,0.3200,0.1450,0.0000,0.0000,1,ACTIVE,5,2,2
581,2880,17:05:30,0,19.00,0,0.3000,0.1360,0.0000,0.0000,1,ACTIVE,5,2,2
581,2881,17:06:00,0,2.00,0,0.2700,0.1220,0.0000,0.0000,0,ACTIVE,5,2,2
581,2882,17:06:30,0,1.00,0,0.2700,0.1220,0.0000,0.0000,0,ACTIVE,5,2,2
581,2883,17:07:00,0,15.00,0,0.2900,0.1300,0.0000,0.0000,1,ACTIVE,5,2,2
581,2884,17:07:30,0,19.00,0,0.2700,0.1220,0.0000,0.0000,1,ACTIVE,5,2,2
581,2885,17:08:00,0,33.00,0,0.3000,0.1360,0.0000,0.0000,1,ACTIVE,5,2,2
581,2886,17:08:30,0,61.00,0,0.2500,0.1120,0.0000,0.0000,1,ACTIVE,5,2,2
581,2887,17:09:00,0,4.00,0,0.2700,0.1220,0.0000,0.0000,1,ACTIVE,5,2,2
581,2888,17:09:30,0,100.00,0,1.0300,0.1720,0.0694,0.0412,1,ACTIVE,5,2,2
581,2889,17:10:00,0,66.00,0,2.9400,0.3160,0.2440,0.0981,1,ACTIVE,5,2,2
581,2890,17:10:30,0,38.00,0,2.9000,0.4470,0.2090,0.0694,1,ACTIVE,5,2,2
581,2891,17:11:00,0,2.00,0,0.9700,0.1510,0.0694,0.0292,1,ACTIVE,5,2,2
581,2892,17:11:30,0,42.00,0,0.2700,0.1220,0.0000,0.0000,1,ACTIVE,5,2,2
581,2893,17:12:00,0,25.00,0,0.2700,0.1220,0.0000,0.0000,1,ACTIVE,5,2,2
581,2894,17:12:30,0,96.00,0,0.2700,0.1220,0.0000,0.0000,1,ACTIVE,5,2,2
581,2895,17:13:00,0,169.00,0,0.3000,0.1360,0.0000,0.0000,1,ACTIVE,5,2,2
581,2896,17:13:30,0,59.00,0,0.3000,0.1300,0.0000,0.0117,1,ACTIVE,5,2,2
581,2897,17:14:00,0,6.00,0,0.2700,0.1220,0.0000,0.0000,1,ACTIVE,5,2,2
581,2898,17:14:30,0,6.00,0,0.2700,0.1220,0.0000,0.0000,1,ACTIVE,5,2,2
581,2899,17:15:00,0,9.00,0,0.2700,0.1220,0.0000,0.0000,0,ACTIVE,5,2,2
581,2900,17:15:30,0,8.00,0,0.2700,0.1220,0.0000,0.0000,0,ACTIVE,5,2,2
581,2901,17:16:00,0,28.00,0,0.2700,0.1220,0.0000,0.0000,1,ACTIVE,5,2,2
581,2902,17:16:30,0,20.00,0,0.2700,0.1220,0.0000,0.0000,1,ACTIVE,5,2,2
581,2903,17:17:00,0,47.00,0,0.2800,0.1220,0.0000,0.0117,1,ACTIVE,5,2,2
581,2904,17:17:30,0,100.00,0,0.3900,0.1720,0.0000,0.0117,1,ACTIVE,5,2,2
581,2905,17:18:00,0,151.00,0,0.7600,0.2440,0.0251,0.0000,1,ACTIVE,5,2,2
581,2906,17:18:30,0,157.00,0,4.7900,0.1690,0.4770,0.2230,1,ACTIVE,5,2,2
581,2907,17:19:00,0,12.00,0,0.2700,0.1220,0.0000,0.0000,1,ACTIVE,5,2,2
581,2908,17:19:30,0,0.00,0,0.2700,0.1220,0.0000,0.0000,1,ACTIVE,5,2,2
581,2909,17:20:00,0,0.00,0,0.2700,0.1220,0.0000,0.0000,0,ACTIVE,5,2,2
581,2910,17:20:30,0,0.00,0,0.2700,0.1220,0.0000,0.0000,0,ACTIVE,5,2,2
581,2911,17:21:00,0,0.00,0,0.2700,0.1220,0.0000,0.0000,0,ACTIVE,5,2,2
581,2912,17:21:30,0,0.00,0,0.2700,0.1220,0.0000,0.0000,0,ACTIVE,5,2,2
581,2913,17:22:00,0,0.00,0,0.2700,0.1220,0.0000,0.0000,0,ACTIVE,5,2,2
581,2914,17:22:30,0,73.00,0,0.2700,0.1220,0.0000,0.0000,1,ACTIVE,5,2,2
581,2915,17:23:00,0,79.00,0,0.2700,0.1220,0.0000,0.0000,1,ACTIVE,5,2,2
581,2916,17:23:30,0,0.00,0,0.2700,0.1220,0.0000,0.0000,0,ACTIVE,5,2,2
581,2917,17:24:00,0,0.00,0,0.2700,0.1220,0.0000,0.0000,0,ACTIVE,5,2,2
581,2918,17:24:30,0,0.00,0,0.2700,0.1220,0.0000,0.0000,0,ACTIVE,5,2,2
581,2919,17:25:00,0,0.00,0,0.2700,0.1220,0.0000,0.0000,0,ACTIVE,5,2,2
581,2920,17:25:30,0,0.00,0,0.2700,0.1220,0.0000,0.0000,0,ACTIVE,5,2,2
581,2921,17:26:00,0,0.00,0,0.2700,0.1220,0.0000,0.0000,0,ACTIVE,5,2,2
581,2922,17:26:30,0,0.00,0,0.2700,0.1220,0.0000,0.0000,0,ACTIVE,5,2,2
581,2923,17:27:00,0,0.00,0,0.2700,0.1220,0.0000,0.0000,0,ACTIVE,5,2,2
581,2924,17:27:30,0,4.00,0,0.2700,0.1220,0.0000,0.0000,0,ACTIVE,5,2,2
581,2925,17:28:00,0,0.00,0,0.2700,0.1220,0.0000,0.0000,0,ACTIVE,5,2,2
581,2926,17:28:30,0,0.00,0,0.2500,0.1120,0.0000,0.0000,0,ACTIVE,5,2,2
581,2927,17:29:00,0,0.00,0,0.2500,0.1120,0.0000,0.0000,0,ACTIVE,5,2,2
581,2928,17:29:30,0,0.00,0,0.2700,0.1220,0.0000,0.0000,0,ACTIVE,5,2,2
581,2929,17:30:00,0,0.00,0,0.2900,0.1300,0.0000,0.0000,0,ACTIVE,5,2,2
581,2930,17:30:30,0,11.00,0,0.2900,0.1300,0.0000,0.0000,0,ACTIVE,5,2,2
581,2931,17:31:00,0,0.00,0,0.3000,0.1360,0.0000,0.0000,0,ACTIVE,5,2,2
581,2932,17:31:30,0,0.00,0,0.3000,0.1360,0.0000,0.0000,1,ACTIVE,5,2,2
581,2933,17:32:00,0,96.00,0,0.3000,0.1300,0.0000,0.0117,1,ACTIVE,5,2,2
581,2934,17:32:30,0,187.00,0,0.3500,0.1580,0.0000,0.0000,1,ACTIVE,5,2,2
581,2935,17:33:00,0,123.00,0,0.4500,0.2050,0.0000,0.0000,1,ACTIVE,5,2,2
581,2936,17:33:30,0,93.00,0,0.3000,0.1360,0.0000,0.0000,1,ACTIVE,5,2,2
581,2937,17:34:00,0,89.00,0,0.2900,0.1300,0.0000,0.0000,1,ACTIVE,5,2,2
581,2938,17:34:30,0,96.00,0,0.4800,0.2190,0.0000,0.0000,1,ACTIVE,5,2,2
581,2939,17:35:00,0,93.00,0,0.6000,0.1300,0.0347,0.0117,1,ACTIVE,5,2,2
581,2940,17:35:30,0,45.00,0,0.2900,0.1300,0.0000,0.0000,1,ACTIVE,5,2,2
581,2941,17:36:00,0,221.00,0,0.3600,0.1650,0.0000,0.0000,1,ACTIVE,5,2,2
581,2942,17:36:30,0,73.00,0,0.3200,0.1450,0.0000,0.0000,1,ACTIVE,5,2,2
581,2943,17:37:00,0,52.00,0,0.3000,0.1360,0.0000,0.0000,1,ACTIVE,5,2,2
581,2944,17:37:30,0,103.00,0,0.2900,0.1300,0.0000,0.0000,1,ACTIVE,5,2,2
581,2945,17:38:00,0,93.00,0,0.6200,0.1800,0.0251,0.0000,1,ACTIVE,5,2,2
581,2946,17:38:30,0,0.00,0,0.3500,0.1580,0.0000,0.0000,1,ACTIVE,5,2,2
581,2947,17:39:00,0,137.00,0,0.8900,0.2000,0.0501,0.0046,1,ACTIVE,5,2,2
581,2948,17:39:30,0,42.00,0,0.9100,0.2090,0.0501,0.0046,1,ACTIVE,5,2,2
581,2949,17:40:00,0,36.00,0,1.2400,0.2600,0.0756,0.0046,1,ACTIVE,5,2,2
581,2950,17:40:30,0,20.00,0,0.3000,0.1360,0.0000,0.0000,1,ACTIVE,5,2,2
581,2951,17:41:00,0,15.00,0,0.3000,0.1360,0.0000,0.0000,1,ACTIVE,5,2,2
581,2952,17:41:30,0,9.00,0,0.3000,0.1360,0.0000,0.0000,0,ACTIVE,5,2,2
581,2953,17:42:00,0,16.00,0,0.3000,0.1360,0.0000,0.0000,1,ACTIVE,5,2,2
581,2954,17:42:30,0,4.00,0,0.3000,0.1360,0.0000,0.0000,1,ACTIVE,5,2,2
581,2955,17:43:00,0,34.00,0,0.3200,0.1450,0.0000,0.0000,1,ACTIVE,5,2,2
581,2956,17:43:30,0,147.00,0,0.3600,0.1650,0.0000,0.0000,1,ACTIVE,5,2,2
581,2957,17:44:00,0,38.00,0,0.3200,0.1450,0.0000,0.0000,1,ACTIVE,5,2,2
581,2958,17:44:30,0,1.00,0,0.3200,0.1450,0.0000,0.0000,1,ACTIVE,5,2,2
581,2959,17:45:00,0,66.00,0,0.3200,0.1450,0.0000,0.0000,1,ACTIVE,5,2,2
581,2960,17:45:30,0,9.00,0,0.6000,0.1720,0.0251,0.0000,1,ACTIVE,5,2,2
581,2961,17:46:00,0,25.00,0,0.3200,0.1450,0.0000,0.0000,1,ACTIVE,5,2,2
581,2962,17:46:30,0,6.00,0,0.3200,0.1450,0.0000,0.0000,1,ACTIVE,5,2,2
581,2963,17:47:00,0,100.00,0,2.3200,0.3160,0.1760,0.0694,1,ACTIVE,5,2,2
581,2964,17:47:30,0,42.00,0,0.3200,0.1450,0.0000,0.0000,1,ACTIVE,5,2,2
581,2965,17:48:00,0,18.00,0,0.3200,0.1450,0.0000,0.0000,1,ACTIVE,5,2,2
581,2966,17:48:30,0,15.00,0,0.3200,0.1450,0.0000,0.0000,1,ACTIVE,5,2,2
581,2967,17:49:00,0,45.00,0,0.3200,0.1450,0.0000,0.0000,1,ACTIVE,5,2,2
581,2968,17:49:30,0,103.00,0,0.7600,0.2000,0.0347,0.0117,1,ACTIVE,5,2,2
581,2969,17:50:00,0,86.00,0,0.4000,0.1800,0.0000,0.0000,1,ACTIVE,5,2,2
581,2970,17:50:30,0,119.00,0,1.0700,0.2840,0.0501,0.0046,1,ACTIVE,5,2,2
581,2971,17:51:00,0,100.00,0,0.7100,0.1800,0.0347,0.0117,1,ACTIVE,5,2,2
581,2972,17:51:30,0,385.00,0,0.4000,0.1800,0.0000,0.0000,1,ACTIVE,5,2,2
581,2973,17:52:00,0,123.00,0,0.3200,0.1450,0.0000,0.0000,1,ACTIVE,5,2,2
581,2974,17:52:30,0,236.00,0,0.3200,0.1450,0.0000,0.0000,1,ACTIVE,5,2,2
581,2975,17:53:00,0,221.00,0,0.3200,0.1450,0.0000,0.0000,1,ACTIVE,5,2,2
581,2976,17:53:30,0,261.00,0,0.2900,0.1300,0.0000,0.0000,1,ACTIVE,5,2,2
581,2977,17:54:00,0,306.00,0,0.2900,0.1300,0.0000,0.0000,1,ACTIVE,5,2,2
581,2978,17:54:30,0,350.00,0,0.2900,0.1300,0.0000,0.0000,1,ACTIVE,5,2,2
581,2979,17:55:00,0,252.00,0,0.2900,0.1300,0.0000,0.0000,1,ACTIVE,5,2,2
581,2980,17:55:30,0,338.00,0,0.2900,0.1300,0.0000,0.0000,1,ACTIVE,5,2,2
581,2981,17:56:00,0,362.00,0,0.2900,0.1300,0.0000,0.0000,1,ACTIVE,5,2,2
581,2982,17:56:30,0,214.00,0,0.2700,0.1220,0.0000,0.0000,1,ACTIVE,5,2,2
581,2983,17:57:00,0,261.00,0,0.2700,0.1220,0.0000,0.0000,1,ACTIVE,5,2,2
581,2984,17:57:30,0,306.00,0,0.2700,0.1220,0.0000,0.0000,1,ACTIVE,5,2,2
581,2985,17:58:00,0,424.00,0,0.2700,0.1220,0.0000,0.0000,1,ACTIVE,5,2,2
581,2986,17:58:30,0,754.00,0,0.2700,0.1220,0.0000,0.0000,1,ACTIVE,5,2,2
581,2987,17:59:00,0,483.00,0,2.8200,0.8750,0.1000,0.0115,1,ACTIVE,5,2,2
581,2988,17:59:30,0,0.00,0,0.2700,0.1220,0.0000,0.0000,1,ACTIVE,5,2,2
581,2989,18:00:00,0,103.00,0,0.2700,0.1220,0.0000,0.0000,1,ACTIVE,5,2,2
581,2990,18:00:30,0,856.00,0,166.9100,18.1000,14.0000,3.9000,1,ACTIVE,5,2,2
581,2991,18:01:00,0,514.00,0,23.5500,2.0800,2.1300,0.3090,1,ACTIVE,5,2,2
581,2992,18:01:30,0,328.00,0,0.2700,0.1220,0.0000,0.0000,1,ACTIVE,5,2,2
581,2993,18:02:00,0,236.00,0,0.2700,0.1220,0.0000,0.0000,1,ACTIVE,5,2,2
581,2994,18:02:30,0,19.00,0,0.2700,0.1220,0.0000,0.0000,1,ACTIVE,5,2,2
581,2995,18:03:00,0,66.00,0,0.2700,0.1220,0.0000,0.0000,1,ACTIVE,5,2,2
581,2996,18:03:30,0,42.00,0,0.2700,0.1220,0.0000,0.0000,1,ACTIVE,5,2,2
581,2997,18:04:00,0,175.00,0,0.3300,0.1420,0.0000,0.0117,1,ACTIVE,5,2,2
581,2998,18:04:30,0,31.00,0,0.2700,0.1220,0.0000,0.0000,1,ACTIVE,5,2,2
581,2999,18:05:00,0,1.00,0,0.2700,0.1220,0.0000,0.0000,1,ACTIVE,5,2,2
581,3000,18:05:30,0,0.00,0,0.2700,0.1220,0.0000,0.0000,0,ACTIVE,5,2,2
581,3001,18:06:00,0,34.00,0,0.2700,0.1220,0.0000,0.0000,1,ACTIVE,5,2,2
581,3002,18:06:30,0,0.00,0,0.2700,0.1220,0.0000,0.0000,0,ACTIVE,5,2,2
581,3003,18:07:00,0,61.00,0,5.3000,1.5000,0.2230,0.0230,1,ACTIVE,5,2,2
581,3004,18:07:30,0,0.00,0,9.0100,1.9900,0.5200,0.0460,0,ACTIVE,5,2,2
581,3005,18:08:00,0,4.00,0,12.7400,3.3500,0.6050,0.0347,0,ACTIVE,5,2,2
581,3006,18:08:30,0,22.00,0,8.3700,2.5300,0.3160,0.0115,1,ACTIVE,5,2,2
581,3007,18:09:00,0,0.00,0,0.2700,0.1220,0.0000,0.0000,1,ACTIVE,5,2,2
581,3008,18:09:30,0,34.00,0,0.2900,0.1300,0.0000,0.0000,1,ACTIVE,5,2,2
581,3009,18:10:00,0,128.00,0,2.3800,0.6740,0.1000,0.0115,1,ACTIVE,5,2,2
581,3010,18:10:30,0,114.00,0,0.8900,0.2600,0.0347,0.0117,1,ACTIVE,5,2,2
581,3011,18:11:00,0,86.00,0,0.2900,0.1300,0.0000,0.0000,1,ACTIVE,5,2,2
581,3012,18:11:30,0,123.00,0,25.9200,6.8500,1.2100,0.1720,1,ACTIVE,5,2,2
581,3013,18:12:00,0,169.00,0,17.3000,3.9800,0.9540,0.1330,1,ACTIVE,5,2,2
581,3014,18:12:30,0,82.00,0,16.6100,3.5000,0.9960,0.1450,1,ACTIVE,5,2,2
581,3015,18:13:00,0,11.00,0,0.2900,0.1300,0.0000,0.0000,1,ACTIVE,5,2,2
581,3016,18:13:30,0,2.00,0,0.2900,0.1300,0.0000,0.0000,0,ACTIVE,5,2,2
581,3017,18:14:00,0,0.00,0,0.2900,0.1300,0.0000,0.0000,0,ACTIVE,5,2,2
581,3018,18:14:30,0,2.00,0,7.8900,3.1400,0.1050,0.0292,0,ACTIVE,5,2,2
581,3019,18:15:00,0,14.00,0,0.2700,0.1220,0.0000,0.0000,0,ACTIVE,5,2,2
581,3020,18:15:30,0,0.00,0,0.2700,0.1220,0.0000,0.0000,0,ACTIVE,5,2,2
581,3021,18:16:00,0,0.00,0,0.2700,0.1220,0.0000,0.0000,0,ACTIVE,5,2,2
581,3022,18:16:30,0,4.00,0,0.2700,0.1220,0.0000,0.0000,0,ACTIVE,5,2,2
581,3023,18:17:00,0,7.00,0,8.8300,3.2800,0.1760,0.0412,0,ACTIVE,5,2,2
581,3024,18:17:30,0,0.00,0,0.2700,0.1220,0.0000,0.0000,0,ACTIVE,5,2,2
581,3025,18:18:00,0,16.00,0,0.2900,0.1300,0.0000,0.0000,1,ACTIVE,5,2,2
581,3026,18:18:30,0,28.00,0,7.1200,2.2200,0.2440,0.0694,1,ACTIVE,5,2,2
581,3027,18:19:00,0,36.00,0,0.2900,0.1300,0.0000,0.0000,1,ACTIVE,5,2,2
581,3028,18:19:30,0,0.00,0,0.2900,0.1300,0.0000,0.0000,0,ACTIVE,5,2,2
581,3029,18:20:00,0,0.00,0,0.2900,0.1300,0.0000,0.0000,0,ACTIVE,5,2,2
581,3030,18:20:30,0,0.00,0,0.2700,0.1220,0.0000,0.0000,0,ACTIVE,5,2,2
581,3031,18:21:00,0,0.00,0,7.2300,2.4200,0.2090,0.0412,1,ACTIVE,5,2,2
581,3032,18:21:30,0,114.00,0,7.4100,2.0800,0.3160,0.0412,1,ACTIVE,5,2,2
581,3033,18:22:00,0,123.00,0,0.8200,0.2280,0.0347,0.0117,1,ACTIVE,5,2,2
581,3034,18:22:30,0,142.00,0,10.1400,2.5800,0.4980,0.0650,1,ACTIVE,5,2,2
581,3035,18:23:00,0,45.00,0,10.8300,3.3500,0.3840,0.0535,1,ACTIVE,5,2,2
581,3036,18:23:30,0,19.00,0,1.0800,0.3450,0.0347,0.0117,1,ACTIVE,5,2,2
581,3037,18:24:00,0,9.00,0,1.0500,0.3300,0.0347,0.0117,1,ACTIVE,5,2,2
581,3038,18:24:30,0,9.00,0,0.4200,0.1920,0.0000,0.0000,1,ACTIVE,5,2,2
581,3039,18:25:00,0,19.00,0,0.3100,0.1420,0.0000,0.0000,1,ACTIVE,5,2,2
581,3040,18:25:30,0,19.00,0,0.3200,0.1450,0.0000,0.0000,1,ACTIVE,5,2,2
581,3041,18:26:00,0,16.00,0,0.3100,0.1420,0.0000,0.0000,1,ACTIVE,5,2,2
581,3042,18:26:30,0,42.00,0,0.2900,0.1300,0.0000,0.0000,1,ACTIVE,5,2,2
581,3043,18:27:00,0,114.00,0,0.4900,0.2230,0.0000,0.0000,1,ACTIVE,5,2,2
581,3044,18:27:30,0,32.00,0,11.0900,4.1600,0.2090,0.0583,1,ACTIVE,5,2,2
581,3045,18:28:00,0,0.00,0,0.4700,0.2140,0.0000,0.0000,0,ACTIVE,5,2,2
581,3046,18:28:30,0,0.00,0,0.5200,0.2330,0.0000,0.0000,0,ACTIVE,5,2,2
581,3047,18:29:00,0,35.00,0,6.6800,2.4700,0.1390,0.0000,1,ACTIVE,5,2,2
581,3048,18:29:30,0,15.00,0,0.2900,0.1300,0.0000,0.0000,1,ACTIVE,5,2,2
581,3049,18:30:00,0,13.00,0,0.2900,0.1300,0.0000,0.0000,1,ACTIVE,5,2,2
581,3050,18:30:30,0,1.00,0,0.3100,0.1420,0.0000,0.0000,0,ACTIVE,5,2,2
581,3051,18:31:00,0,28.00,0,0.2700,0.1220,0.0000,0.0000,1,ACTIVE,5,2,2
581,3052,18:31:30,0,26.00,0,0.2700,0.1220,0.0000,0.0000,1,ACTIVE,5,2,2
581,3053,18:32:00,0,29.00,0,0.2700,0.1220,0.0000,0.0000,1,ACTIVE,5,2,2
581,3054,18:32:30,0,6.00,0,0.2700,0.1220,0.0000,0.0000,1,ACTIVE,5,2,2
581,3055,18:33:00,0,20.00,0,0.2900,0.1300,0.0000,0.0000,1,ACTIVE,5,2,2
581,3056,18:33:30,0,45.00,0,0.3100,0.1420,0.0000,0.0000,1,ACTIVE,5,2,2
581,3057,18:34:00,0,66.00,0,0.3600,0.1650,0.0000,0.0000,1,ACTIVE,5,2,2
581,3058,18:34:30,0,228.00,0,0.3600,0.1650,0.0000,0.0000,1,ACTIVE,5,2,2
581,3059,18:35:00,0,15.00,0,0.7500,0.1960,0.0347,0.0117,1,ACTIVE,5,2,2
581,3060,18:35:30,0,1.00,0,0.6700,0.2050,0.0251,0.0000,1,ACTIVE,5,2,2
581,3061,18:36:00,0,29.00,0,0.4500,0.2050,0.0000,0.0000,1,ACTIVE,5,2,2
581,3062,18:36:30,0,54.00,0,0.3100,0.1420,0.0000,0.0000,1,ACTIVE,5,2,2
581,3063,18:37:00,0,114.00,0,14.0000,3.9000,0.6050,0.0773,1,ACTIVE,5,2,2
581,3064,18:37:30,0,8.00,0,0.5200,0.2330,0.0000,0.0000,1,ACTIVE,5,2,2
581,3065,18:38:00,0,14.00,0,0.4500,0.2050,0.0000,0.0000,1,ACTIVE,5,2,2
581,3066,18:38:30,0,147.00,0,0.2700,0.1220,0.0000,0.0000,1,ACTIVE,5,2,2
581,3067,18:39:00,0,70.00,0,0.2500,0.1120,0.0000,0.0000,1,ACTIVE,5,2,2
581,3068,18:39:30,0,86.00,0,0.2500,0.1120,0.0000,0.0000,1,ACTIVE,5,2,2
581,3069,18:40:00,0,32.00,0,0.2700,0.1220,0.0000,0.0000,1,ACTIVE,5,2,2
581,3070,18:40:30,0,45.00,0,0.2500,0.1120,0.0000,0.0000,1,ACTIVE,5,2,2
581,3071,18:41:00,0,11.00,0,0.2700,0.1220,0.0000,0.0000,1,ACTIVE,5,2,2
581,3072,18:41:30,0,31.00,0,0.2700,0.1220,0.0000,0.0000,1,ACTIVE,5,2,2
581,3073,18:42:00,0,49.00,0,0.3200,0.1450,0.0000,0.0000,1,ACTIVE,5,2,2
581,3074,18:42:30,0,40.00,0,0.4500,0.2050,0.0000,0.0000,1,ACTIVE,5,2,2
581,3075,18:43:00,0,73.00,0,0.3200,0.1450,0.0000,0.0000,1,ACTIVE,5,2,2
581,3076,18:43:30,0,61.00,0,0.2700,0.1220,0.0000,0.0000,1,ACTIVE,5,2,2
581,3077,18:44:00,0,33.00,0,0.2700,0.1220,0.0000,0.0000,1,ACTIVE,5,2,2
581,3078,18:44:30,0,1.00,0,0.2700,0.1220,0.0000,0.0000,1,ACTIVE,5,2,2
581,3079,18:45:00,0,32.00,0,0.2900,0.1300,0.0000,0.0000,1,ACTIVE,5,2,2
581,3080,18:45:30,0,52.00,0,0.2700,0.1220,0.0000,0.0000,1,ACTIVE,5,2,2
581,3081,18:46:00,0,214.00,0,0.2700,0.1220,0.0000,0.0000,1,ACTIVE,5,2,2
581,3082,18:46:30,0,0.00,0,0.2700,0.1220,0.0000,0.0000,1,ACTIVE,5,2,2
581,3083,18:47:00,0,5.00,0,0.2700,0.1220,0.0000,0.0000,1,ACTIVE,5,2,2
581,3084,18:47:30,0,59.00,0,0.2700,0.1220,0.0000,0.0000,1,ACTIVE,5,2,2
581,3085,18:48:00,0,15.00,0,0.2700,0.1220,0.0000,0.0000,1,ACTIVE,5,2,2
581,3086,18:48:30,0,52.00,0,0.2700,0.1220,0.0000,0.0000,1,ACTIVE,5,2,2
581,3087,18:49:00,0,42.00,0,11.0500,3.5000,0.3680,0.0880,1,ACTIVE,5,2,2
581,3088,18:49:30,0,0.00,0,0.2700,0.1220,0.0000,0.0000,1,ACTIVE,5,2,2
581,3089,18:50:00,0,36.00,0,0.2700,0.1220,0.0000,0.0000,1,ACTIVE,5,2,2
581,3090,18:50:30,0,147.00,0,0.2700,0.1220,0.0000,0.0000,1,ACTIVE,5,2,2
581,3091,18:51:00,0,100.00,0,0.2700,0.1220,0.0000,0.0000,1,ACTIVE,5,2,2
581,3092,18:51:30,0,29.00,0,0.2700,0.1220,0.0000,0.0000,1,ACTIVE,5,2,2
581,3093,18:52:00,0,4.00,0,0.3200,0.1450,0.0000,0.0000,1,ACTIVE,5,2,2
581,3094,18:52:30,0,5.00,0,0.4200,0.1920,0.0000,0.0000,0,ACTIVE,5,2,2
581,3095,18:53:00,0,23.00,0,0.3200,0.1450,0.0000,0.0000,1,ACTIVE,5,2,2
581,3096,18:53:30,0,11.00,0,0.4000,0.1800,0.0000,0.0000,0,ACTIVE,5,2,2
581,3097,18:54:00,0,12.00,0,0.4200,0.1920,0.0000,0.0000,1,ACTIVE,5,2,2
581,3098,18:54:30,0,12.00,0,0.4400,0.2000,0.0000,0.0000,1,ACTIVE,5,2,2
581,3099,18:55:00,0,49.00,0,0.2900,0.1300,0.0000,0.0000,1,ACTIVE,5,2,2
581,3100,18:55:30,0,36.00,0,0.2900,0.1300,0.0000,0.0000,1,ACTIVE,5,2,2
581,3101,18:56:00,0,181.00,0,0.2900,0.1300,0.0000,0.0000,1,ACTIVE,5,2,2
581,3102,18:56:30,0,1.00,0,0.2700,0.1220,0.0000,0.0000,1,ACTIVE,5,2,2
581,3103,18:57:00,0,14.00,0,0.2700,0.1220,0.0000,0.0000,1,ACTIVE,5,2,2
581,3104,18:57:30,0,1.00,0,0.2900,0.1300,0.0000,0.0000,1,ACTIVE,5,2,2
581,3105,18:58:00,0,133.00,0,0.2700,0.1220,0.0000,0.0000,1,ACTIVE,5,2,2
581,3106,18:58:30,0,252.00,0,0.2900,0.1300,0.0000,0.0000,1,ACTIVE,5,2,2
581,3107,18:59:00,0,686.00,0,0.2900,0.1300,0.0000,0.0000,1,ACTIVE,5,2,2
581,3108,18:59:30,0,278.00,0,0.2900,0.1300,0.0000,0.0000,1,ACTIVE,5,2,2
581,3109,19:00:00,0,147.00,0,0.3100,0.1420,0.0000,0.0000,1,ACTIVE,5,2,2
581,3110,19:00:30,0,59.00,0,0.3100,0.1420,0.0000,0.0000,1,ACTIVE,5,2,2
581,3111,19:01:00,0,79.00,0,0.2900,0.1300,0.0000,0.0000,1,ACTIVE,5,2,2
581,3112,19:01:30,0,70.00,0,0.2900,0.1300,0.0000,0.0000,1,ACTIVE,5,2,2
581,3113,19:02:00,0,13.00,0,0.2900,0.1300,0.0000,0.0000,1,ACTIVE,5,2,2
581,3114,19:02:30,0,31.00,0,0.2700,0.1220,0.0000,0.0000,1,ACTIVE,5,2,2
581,3115,19:03:00,0,151.00,0,0.2700,0.1220,0.0000,0.0000,1,ACTIVE,5,2,2
581,3116,19:03:30,0,236.00,0,0.2700,0.1220,0.0000,0.0000,1,ACTIVE,5,2,2
581,3117,19:04:00,0,181.00,0,0.2700,0.1220,0.0000,0.0000,1,ACTIVE,5,2,2
581,3118,19:04:30,0,175.00,0,0.2700,0.1220,0.0000,0.0000,1,ACTIVE,5,2,2
581,3119,19:05:00,0,79.00,0,0.2900,0.1300,0.0000,0.0000,1,ACTIVE,5,2,2
581,3120,19:05:30,0,362.00,0,0.2900,0.1300,0.0000,0.0000,1,ACTIVE,5,2,2
581,3121,19:06:00,0,187.00,0,0.2900,0.1300,0.0000,0.0000,1,ACTIVE,5,2,2
581,3122,19:06:30,0,261.00,0,0.2900,0.1300,0.0000,0.0000,1,ACTIVE,5,2,2
581,3123,19:07:00,0,6.00,0,0.2700,0.1220,0.0000,0.0000,1,ACTIVE,5,2,2
581,3124,19:07:30,0,40.00,0,0.2700,0.1220,0.0000,0.0000,1,ACTIVE,5,2,2
581,3125,19:08:00,0,27.00,0,0.2700,0.1220,0.0000,0.0000,1,ACTIVE,5,2,2
581,3126,19:08:30,0,52.00,0,0.2700,0.1220,0.0000,0.0000,1,ACTIVE,5,2,2
581,3127,19:09:00,0,228.00,0,0.2900,0.1300,0.0000,0.0000,1,ACTIVE,5,2,2
581,3128,19:09:30,0,38.00,0,0.2700,0.1220,0.0000,0.0000,1,ACTIVE,5,2,2
581,3129,19:10:00,0,38.00,0,0.2700,0.1220,0.0000,0.0000,1,ACTIVE,5,2,2
581,3130,19:10:30,0,0.00,0,0.2700,0.1220,0.0000,0.0000,0,ACTIVE,5,2,2
581,3131,19:11:00,0,9.00,0,0.2700,0.1220,0.0000,0.0000,1,ACTIVE,5,2,2
581,3132,19:11:30,0,45.00,0,0.2700,0.1220,0.0000,0.0000,1,ACTIVE,5,2,2
581,3133,19:12:00,0,0.00,0,0.3000,0.1300,0.0000,0.0117,0,ACTIVE,5,2,2
581,3134,19:12:30,0,4.00,0,0.5500,0.1070,0.0347,0.0117,1,ACTIVE,5,2,2
581,3135,19:13:00,0,38.00,0,0.3000,0.1300,0.0000,0.0117,1,ACTIVE,5,2,2
581,3136,19:13:30,0,103.00,0,0.3800,0.1650,0.0000,0.0117,1,ACTIVE,5,2,2
581,3137,19:14:00,0,33.00,0,0.2700,0.1220,0.0000,0.0000,1,ACTIVE,5,2,2
581,3138,19:14:30,0,15.00,0,0.2700,0.1220,0.0000,0.0000,1,ACTIVE,5,2,2
581,3139,19:15:00,0,8.00,0,0.2700,0.1220,0.0000,0.0000,1,ACTIVE,5,2,2
581,3140,19:15:30,0,362.00,0,0.3300,0.1300,0.0000,0.0412,1,ACTIVE,5,2,2
581,3141,19:16:00,0,79.00,0,0.7300,0.1880,0.0347,0.0117,1,ACTIVE,5,2,2
581,3142,19:16:30,0,137.00,0,0.2700,0.1220,0.0000,0.0000,1,ACTIVE,5,2,2
581,3143,19:17:00,0,110.00,0,0.5400,0.2440,0.0000,0.0000,1,ACTIVE,5,2,2
581,3144,19:17:30,0,34.00,0,0.2800,0.1220,0.0000,0.0117,1,ACTIVE,5,2,2
581,3145,19:18:00,0,59.00,0,0.2900,0.1300,0.0000,0.0000,1,ACTIVE,5,2,2
581,3146,19:18:30,0,0.00,0,0.2700,0.1220,0.0000,0.0000,1,ACTIVE,5,2,2
581,3147,19:19:00,0,585.00,0,0.2700,0.1220,0.0000,0.0000,1,ACTIVE,5,2,2
581,3148,19:19:30,0,123.00,0,9.4000,1.7100,0.6180,0.1800,1,ACTIVE,5,2,2
581,3149,19:20:00,0,0.00,0,0.2700,0.1220,0.0000,0.0000,1,ACTIVE,5,2,2
581,3150,19:20:30,0,0.00,0,0.2700,0.1220,0.0000,0.0000,1,ACTIVE,5,2,2
581,3151,19:21:00,0,0.00,0,0.2700,0.1220,0.0000,0.0000,1,ACTIVE,5,2,2
581,3152,19:21:30,0,0.00,0,0.2700,0.1220,0.0000,0.0000,1,ACTIVE,5,2,2
581,3153,19:22:00,0,4.00,0,0.2700,0.1220,0.0000,0.0000,1,ACTIVE,5,2,2
581,3154,19:22:30,0,385.00,0,3.6100,1.0400,0.1390,0.0880,1,ACTIVE,5,2,2
581,3155,19:23:00,0,22.00,0,1.1600,0.3230,0.0501,0.0046,1,ACTIVE,5,2,2
581,3156,19:23:30,0,0.00,0,0.8000,0.2190,0.0347,0.0117,1,ACTIVE,5,2,2
581,3157,19:24:00,0,0.00,0,0.7500,0.2380,0.0251,0.0000,0,ACTIVE,5,2,2
581,3158,19:24:30,0,2.00,0,1.0900,0.3520,0.0347,0.0117,0,ACTIVE,5,2,2
581,3159,19:25:00,0,0.00,0,1.0500,0.3300,0.0347,0.0117,0,ACTIVE,5,2,2
581,3160,19:25:30,0,59.00,0,6.1800,2.0800,0.1760,0.0412,1,ACTIVE,5,2,2
581,3161,19:26:00,0,73.00,0,59.8100,1.9100,6.1400,1.6400,1,ACTIVE,5,2,2
581,3162,19:26:30,0,93.00,0,66.8800,2.0400,6.8500,2.2200,1,ACTIVE,5,2,2
581,3163,19:27:00,0,103.00,0,2.2600,0.6180,0.1000,0.0115,1,ACTIVE,5,2,2
581,3164,19:27:30,0,70.00,0,0.3600,0.1650,0.0000,0.0000,1,ACTIVE,5,2,2
581,3165,19:28:00,0,42.00,0,0.3100,0.1420,0.0000,0.0000,1,ACTIVE,5,2,2
581,3166,19:28:30,0,269.00,0,0.6500,0.1510,0.0347,0.0117,1,ACTIVE,5,2,2
581,3167,19:29:00,0,100.00,0,0.8200,0.2280,0.0347,0.0117,1,ACTIVE,5,2,2
581,3168,19:29:30,0,0.00,0,0.6800,0.2090,0.0251,0.0000,1,ACTIVE,5,2,2
581,3169,19:30:00,0,0.00,0,0.6700,0.2050,0.0251,0.0000,0,ACTIVE,5,2,2
581,3170,19:30:30,0,0.00,0,0.6700,0.2050,0.0251,0.0000,0,ACTIVE,5,2,2
581,3171,19:31:00,0,0.00,0,0.7000,0.2190,0.0251,0.0000,0,ACTIVE,5,2,2
581,3172,19:31:30,0,0.00,0,0.7000,0.2190,0.0251,0.0000,0,ACTIVE,5,2,2
581,3173,19:32:00,0,0.00,0,0.8200,0.2280,0.0347,0.0117,1,ACTIVE,5,2,2
581,3174,19:32:30,0,2.00,0,0.7000,0.2190,0.0251,0.0000,1,ACTIVE,5,2,2
581,3175,19:33:00,0,411.00,0,0.5700,0.1580,0.0251,0.0000,1,ACTIVE,5,2,2
581,3176,19:33:30,0,181.00,0,0.2900,0.1300,0.0000,0.0000,1,ACTIVE,5,2,2
581,3177,19:34:00,0,16.00,0,0.2900,0.1300,0.0000,0.0000,1,ACTIVE,5,2,2
581,3178,19:34:30,0,0.00,0,0.2900,0.1300,0.0000,0.0000,1,ACTIVE,5,2,2
581,3179,19:35:00,0,1.00,0,0.2900,0.1300,0.0000,0.0000,0,ACTIVE,5,2,2
581,3180,19:35:30,0,6.00,0,0.2900,0.1300,0.0000,0.0000,1,ACTIVE,5,2,2
581,3181,19:36:00,0,4.00,0,0.2900,0.1300,0.0000,0.0000,1,ACTIVE,5,2,2
581,3182,19:36:30,0,128.00,0,0.2900,0.1300,0.0000,0.0000,1,ACTIVE,5,2,2
581,3183,19:37:00,0,79.00,0,1.1500,0.3760,0.0347,0.0117,1,ACTIVE,5,2,2
581,3184,19:37:30,0,114.00,0,0.4200,0.1920,0.0000,0.0000,1,ACTIVE,5,2,2
581,3185,19:38:00,0,107.00,0,0.3600,0.1650,0.0000,0.0000,1,ACTIVE,5,2,2
581,3186,19:38:30,0,16.00,0,0.3200,0.1450,0.0000,0.0000,1,ACTIVE,5,2,2
581,3187,19:39:00,0,0.00,0,0.3200,0.1450,0.0000,0.0000,1,ACTIVE,5,2,2
581,3188,19:39:30,0,1.00,0,0.3100,0.1420,0.0000,0.0000,1,ACTIVE,5,2,2
581,3189,19:40:00,0,1.00,0,0.3200,0.1450,0.0000,0.0000,1,ACTIVE,5,2,2
581,3190,19:40:30,0,398.00,0,0.4300,0.1690,0.0024,0.0354,1,ACTIVE,5,2,2
581,3191,19:41:00,0,0.00,0,0.3200,0.1450,0.0000,0.0000,1,ACTIVE,5,2,2
581,3192,19:41:30,0,4.00,0,0.3500,0.1580,0.0000,0.0000,1,ACTIVE,5,2,2
581,3193,19:42:00,0,2.00,0,0.3100,0.1420,0.0000,0.0000,0,ACTIVE,5,2,2
581,3194,19:42:30,0,0.00,0,0.2900,0.1300,0.0000,0.0000,0,ACTIVE,5,2,2
581,3195,19:43:00,0,22.00,0,0.2900,0.1300,0.0000,0.0000,1,ACTIVE,5,2,2
581,3196,19:43:30,0,0.00,0,0.3100,0.1420,0.0000,0.0000,1,ACTIVE,5,2,2
581,3197,19:44:00,0,0.00,0,0.3100,0.1420,0.0000,0.0000,1,ACTIVE,5,2,2
581,3198,19:44:30,0,306.00,0,0.3100,0.1420,0.0000,0.0000,1,ACTIVE,5,2,2
581,3199,19:45:00,0,73.00,0,8.8700,2.8800,0.2770,0.0694,1,ACTIVE,5,2,2
581,3200,19:45:30,0,0.00,0,29.2000,4.8400,2.0400,0.6180,1,ACTIVE,5,2,2
581,3201,19:46:00,0,0.00,0,29.1900,4.8400,2.0400,0.6050,1,ACTIVE,5,2,2
581,3202,19:46:30,0,0.00,0,29.1900,4.8400,2.0400,0.6050,1,ACTIVE,5,2,2
581,3203,19:47:00,0,0.00,0,29.1900,4.8400,2.0400,0.6050,1,ACTIVE,5,2,2
581,3204,19:47:30,0,548.00,0,15.3300,2.1700,1.1600,0.3450,1,ACTIVE,5,2,2
581,3205,19:48:00,0,6.00,0,1.2800,0.2900,0.0694,0.0292,1,ACTIVE,5,2,2
581,3206,19:48:30,0,1.00,0,1.5100,0.3760,0.0756,0.0115,1,ACTIVE,5,2,2
581,3207,19:49:00,0,0.00,0,1.1900,0.3370,0.0501,0.0046,0,ACTIVE,5,2,2
581,3208,19:49:30,0,1.00,0,1.3500,0.3230,0.0694,0.0292,0,ACTIVE,5,2,2
581,3209,19:50:00,0,0.00,0,1.1100,0.3030,0.0501,0.0046,0,ACTIVE,5,2,2
581,3210,19:50:30,0,0.00,0,1.0600,0.2770,0.0501,0.0046,0,ACTIVE,5,2,2
581,3211,19:51:00,0,0.00,0,1.0200,0.2600,0.0501,0.0046,0,ACTIVE,5,2,2
581,3212,19:51:30,0,151.00,0,0.7700,0.2050,0.0347,0.0117,1,ACTIVE,5,2,2
581,3213,19:52:00,0,0.00,0,0.2900,0.1300,0.0000,0.0000,1,ACTIVE,5,2,2
581,3214,19:52:30,0,28.00,0,0.3200,0.1450,0.0000,0.0000,1,ACTIVE,5,2,2
581,3215,19:53:00,0,32.00,0,0.4300,0.1690,0.0024,0.0354,1,ACTIVE,5,2,2
581,3216,19:53:30,0,49.00,0,0.2700,0.1220,0.0000,0.0000,1,ACTIVE,5,2,2
581,3217,19:54:00,0,0.00,0,0.2900,0.1300,0.0000,0.0000,1,ACTIVE,5,2,2
581,3218,19:54:30,0,25.00,0,0.3100,0.1420,0.0000,0.0000,1,ACTIVE,5,2,2
581,3219,19:55:00,0,566.00,0,2.3000,0.3160,0.1760,0.0583,1,ACTIVE,5,2,2
581,3220,19:55:30,0,14.00,0,0.2900,0.1300,0.0000,0.0000,1,ACTIVE,5,2,2
581,3221,19:56:00,0,0.00,0,0.2900,0.1300,0.0000,0.0000,1,ACTIVE,5,2,2
581,3222,19:56:30,0,0.00,0,0.3100,0.1420,0.0000,0.0000,0,ACTIVE,5,2,2
581,3223,19:57:00,0,0.00,0,0.3100,0.1420,0.0000,0.0000,0,ACTIVE,5,2,2
581,3224,19:57:30,0,0.00,0,0.3300,0.1420,0.0000,0.0117,0,ACTIVE,5,2,2
581,3225,19:58:00,0,0.00,0,0.2900,0.1300,0.0000,0.0000,1,ACTIVE,5,2,2
581,3226,19:58:30,0,0.00,0,0.2900,0.1300,0.0000,0.0000,1,ACTIVE,5,2,2
581,3227,19:59:00,0,187.00,0,0.4100,0.1800,0.0000,0.0117,1,ACTIVE,5,2,2
581,3228,19:59:30,0,0.00,0,24.3900,3.9800,1.7100,0.5430,1,ACTIVE,5,2,2
581,3229,20:00:00,0,385.00,0,15.6700,2.2200,1.1800,0.3600,1,ACTIVE,5,2,2
581,3230,20:00:30,0,0.00,0,0.3100,0.1420,0.0000,0.0000,1,ACTIVE,5,2,2
581,3231,20:01:00,0,0.00,0,0.3100,0.1420,0.0000,0.0000,1,ACTIVE,5,2,2
581,3232,20:01:30,0,2.00,0,0.3200,0.1450,0.0000,0.0000,0,ACTIVE,5,2,2
581,3233,20:02:00,0,1.00,0,0.3200,0.1450,0.0000,0.0000,0,ACTIVE,5,2,2
581,3234,20:02:30,0,0.00,0,0.3200,0.1450,0.0000,0.0000,0,ACTIVE,5,2,2
581,3235,20:03:00,0,0.00,0,0.3100,0.1420,0.0000,0.0000,0,ACTIVE,5,2,2
581,3236,20:03:30,0,0.00,0,0.3200,0.1450,0.0000,0.0000,0,ACTIVE,5,2,2
581,3237,20:04:00,0,0.00,0,0.3200,0.1450,0.0000,0.0000,1,ACTIVE,5,2,2
581,3238,20:04:30,0,181.00,0,1.3500,0.3090,0.0756,0.0046,1,ACTIVE,5,2,2
581,3239,20:05:00,0,42.00,0,0.3600,0.1650,0.0000,0.0000,1,ACTIVE,5,2,2
581,3240,20:05:30,0,8.00,0,0.4200,0.1920,0.0000,0.0000,1,ACTIVE,5,2,2
581,3241,20:06:00,0,1.00,0,0.8200,0.2280,0.0347,0.0117,1,ACTIVE,5,2,2
581,3242,20:06:30,0,385.00,0,0.4000,0.1800,0.0000,0.0000,1,ACTIVE,5,2,2
581,3243,20:07:00,0,11.00,0,0.2900,0.1300,0.0000,0.0000,1,ACTIVE,5,2,2
581,3244,20:07:30,0,114.00,0,0.2700,0.1220,0.0000,0.0000,1,ACTIVE,5,2,2
581,3245,20:08:00,0,1.00,0,0.2900,0.1300,0.0000,0.0000,1,ACTIVE,5,2,2
581,3246,20:08:30,0,0.00,0,0.2900,0.1300,0.0000,0.0000,1,ACTIVE,5,2,2
581,3247,20:09:00,0,52.00,0,0.2900,0.1300,0.0000,0.0000,1,ACTIVE,5,2,2
581,3248,20:09:30,0,0.00,0,0.2900,0.1300,0.0000,0.0000,0,ACTIVE,5,2,2
581,3249,20:10:00,0,63.00,0,0.2900,0.1300,0.0000,0.0000,1,ACTIVE,5,2,2
581,3250,20:10:30,0,25.00,0,0.2900,0.1300,0.0000,0.0000,1,ACTIVE,5,2,2
581,3251,20:11:00,0,0.00,0,0.2700,0.1220,0.0000,0.0000,1,ACTIVE,5,2,2
581,3252,20:11:30,0,0.00,0,0.2700,0.1220,0.0000,0.0000,1,ACTIVE,5,2,2
581,3253,20:12:00,0,261.00,0,0.3600,0.1650,0.0000,0.0000,1,ACTIVE,5,2,2
581,3254,20:12:30,0,45.00,0,0.6500,0.1510,0.0347,0.0117,1,ACTIVE,5,2,2
581,3255,20:13:00,0,0.00,0,0.5700,0.1140,0.0347,0.0117,1,ACTIVE,5,2,2
581,3256,20:13:30,0,0.00,0,0.3000,0.1300,0.0000,0.0117,1,ACTIVE,5,2,2
581,3257,20:14:00,0,133.00,0,0.2900,0.1300,0.0000,0.0000,1,ACTIVE,5,2,2
581,3258,20:14:30,0,103.00,0,0.3300,0.1420,0.0000,0.0117,1,ACTIVE,5,2,2
581,3259,20:15:00,0,59.00,0,0.2900,0.1300,0.0000,0.0000,1,ACTIVE,5,2,2
581,3260,20:15:30,0,22.00,0,0.2900,0.1300,0.0000,0.0000,1,ACTIVE,5,2,2
581,3261,20:16:00,0,0.00,0,0.4600,0.1070,0.0251,0.0000,1,ACTIVE,5,2,2
581,3262,20:16:30,0,0.00,0,0.2900,0.1300,0.0000,0.0000,1,ACTIVE,5,2,2
581,3263,20:17:00,0,373.00,0,0.2900,0.1300,0.0000,0.0000,1,ACTIVE,5,2,2
581,3264,20:17:30,0,548.00,0,0.3300,0.1420,0.0000,0.0117,1,ACTIVE,5,2,2
581,3265,20:18:00,0,100.00,0,9.0600,1.8700,0.5430,0.1650,1,ACTIVE,5,2,2
581,3266,20:18:30,0,63.00,0,1.3100,0.3920,0.0501,0.0046,1,ACTIVE,5,2,2
581,3267,20:19:00,0,385.00,0,0.2900,0.1300,0.0000,0.0000,1,ACTIVE,5,2,2
581,3268,20:19:30,0,452.00,0,0.3100,0.1420,0.0000,0.0000,1,ACTIVE,5,2,2
581,3269,20:20:00,0,288.00,0,0.7000,0.2190,0.0251,0.0000,1,ACTIVE,5,2,2
581,3270,20:20:30,0,252.00,0,0.2900,0.1300,0.0000,0.0000,1,ACTIVE,5,2,2
581,3271,20:21:00,0,236.00,0,0.9800,0.2440,0.0501,0.0046,1,ACTIVE,5,2,2
581,3272,20:21:30,0,200.00,0,0.2900,0.1300,0.0000,0.0000,1,ACTIVE,5,2,2
581,3273,20:22:00,0,288.00,0,7.4300,1.9100,0.3600,0.0535,1,ACTIVE,5,2,2
581,3274,20:22:30,0,147.00,0,47.0700,3.9000,4.3400,0.3680,1,ACTIVE,5,2,2
581,3275,20:23:00,0,96.00,0,20.7400,1.3500,1.9900,0.2900,1,ACTIVE,5,2,2
581,3276,20:23:30,0,278.00,0,2.2500,0.4100,0.1510,0.0162,1,ACTIVE,5,2,2
581,3277,20:24:00,0,252.00,0,39.0900,3.7300,3.5000,0.1800,1,ACTIVE,5,2,2
581,3278,20:24:30,0,424.00,0,0.3000,0.1300,0.0000,0.0117,1,ACTIVE,5,2,2
581,3279,20:25:00,0,207.00,0,0.2700,0.1220,0.0000,0.0000,1,ACTIVE,5,2,2
581,3280,20:25:30,0,157.00,0,0.2700,0.1220,0.0000,0.0000,1,ACTIVE,5,2,2
581,3281,20:26:00,0,128.00,0,0.2700,0.1220,0.0000,0.0000,1,ACTIVE,5,2,2
581,3282,20:26:30,0,244.00,0,0.2700,0.1220,0.0000,0.0000,1,ACTIVE,5,2,2
581,3283,20:27:00,0,9.00,0,0.2700,0.1220,0.0000,0.0000,1,ACTIVE,5,2,2
581,3284,20:27:30,0,8.00,0,0.2700,0.1220,0.0000,0.0000,1,ACTIVE,5,2,2
581,3285,20:28:00,0,96.00,0,0.2700,0.1220,0.0000,0.0000,1,ACTIVE,5,2,2
581,3286,20:28:30,0,297.00,0,0.2700,0.1220,0.0000,0.0000,1,ACTIVE,5,2,2
581,3287,20:29:00,0,52.00,0,0.2700,0.1220,0.0000,0.0000,1,ACTIVE,5,2,2
581,3288,20:29:30,0,42.00,0,0.2700,0.1220,0.0000,0.0000,1,ACTIVE,5,2,2
581,3289,20:30:00,0,0.00,0,0.2700,0.1220,0.0000,0.0000,1,ACTIVE,5,2,2
581,3290,20:30:30,0,1.00,0,0.2700,0.1220,0.0000,0.0000,1,ACTIVE,5,2,2
581,3291,20:31:00,0,21.00,0,0.2700,0.1220,0.0000,0.0000,1,ACTIVE,5,2,2
581,3292,20:31:30,0,100.00,0,0.2700,0.1220,0.0000,0.0000,1,ACTIVE,5,2,2
581,3293,20:32:00,0,1.00,0,0.2700,0.1220,0.0000,0.0000,1,ACTIVE,5,2,2
581,3294,20:32:30,0,0.00,0,0.2500,0.1120,0.0000,0.0000,1,ACTIVE,5,2,2
581,3295,20:33:00,0,73.00,0,0.2500,0.1120,0.0000,0.0000,1,ACTIVE,5,2,2
581,3296,20:33:30,0,133.00,0,0.2500,0.1120,0.0000,0.0000,1,ACTIVE,5,2,2
581,3297,20:34:00,0,123.00,0,0.2500,0.1120,0.0000,0.0000,1,ACTIVE,5,2,2
581,3298,20:34:30,0,411.00,0,0.3100,0.1420,0.0000,0.0000,1,ACTIVE,5,2,2
581,3299,20:35:00,0,373.00,0,0.2900,0.1300,0.0000,0.0000,1,ACTIVE,5,2,2
581,3300,20:35:30,0,317.00,0,0.2500,0.1120,0.0000,0.0000,1,ACTIVE,5,2,2
581,3301,20:36:00,0,350.00,0,0.2500,0.1120,0.0000,0.0000,1,ACTIVE,5,2,2
581,3302,20:36:30,0,157.00,0,0.3500,0.1580,0.0000,0.0000,1,ACTIVE,5,2,2
581,3303,20:37:00,0,187.00,0,0.2500,0.1120,0.0000,0.0000,1,ACTIVE,5,2,2
581,3304,20:37:30,0,128.00,0,0.3600,0.1650,0.0000,0.0000,1,ACTIVE,5,2,2
581,3305,20:38:00,0,193.00,0,0.2500,0.1120,0.0000,0.0000,1,ACTIVE,5,2,2
581,3306,20:38:30,0,175.00,0,0.2900,0.1300,0.0000,0.0000,1,ACTIVE,5,2,2
581,3307,20:39:00,0,169.00,0,0.2700,0.1220,0.0000,0.0000,1,ACTIVE,5,2,2
581,3308,20:39:30,0,163.00,0,0.2500,0.1120,0.0000,0.0000,1,ACTIVE,5,2,2
581,3309,20:40:00,0,244.00,0,0.2700,0.1220,0.0000,0.0000,1,ACTIVE,5,2,2
581,3310,20:40:30,0,236.00,0,0.2700,0.1220,0.0000,0.0000,1,ACTIVE,5,2,2
581,3311,20:41:00,0,244.00,0,0.3500,0.1580,0.0000,0.0000,1,ACTIVE,5,2,2
581,3312,20:41:30,0,328.00,0,0.2700,0.1220,0.0000,0.0000,1,ACTIVE,5,2,2
581,3313,20:42:00,0,221.00,0,0.2700,0.1220,0.0000,0.0000,1,ACTIVE,5,2,2
581,3314,20:42:30,0,110.00,0,0.2700,0.1220,0.0000,0.0000,1,ACTIVE,5,2,2
581,3315,20:43:00,0,63.00,0,0.2700,0.1220,0.0000,0.0000,1,ACTIVE,5,2,2
581,3316,20:43:30,0,52.00,0,0.2700,0.1220,0.0000,0.0000,1,ACTIVE,5,2,2
581,3317,20:44:00,0,1.00,0,0.2700,0.1220,0.0000,0.0000,1,ACTIVE,5,2,2
581,3318,20:44:30,0,32.00,0,0.2700,0.1220,0.0000,0.0000,1,ACTIVE,5,2,2
581,3319,20:45:00,0,19.00,0,0.2700,0.1220,0.0000,0.0000,1,ACTIVE,5,2,2
581,3320,20:45:30,0,0.00,0,0.2700,0.1220,0.0000,0.0000,1,ACTIVE,5,2,2
581,3321,20:46:00,0,59.00,0,0.2700,0.1220,0.0000,0.0000,1,ACTIVE,5,2,2
581,3322,20:46:30,0,86.00,0,0.2700,0.1220,0.0000,0.0000,1,ACTIVE,5,2,2
581,3323,20:47:00,0,151.00,0,0.2700,0.1220,0.0000,0.0000,1,ACTIVE,5,2,2
581,3324,20:47:30,0,45.00,0,0.2700,0.1220,0.0000,0.0000,1,ACTIVE,5,2,2
581,3325,20:48:00,0,66.00,0,0.2700,0.1220,0.0000,0.0000,1,ACTIVE,5,2,2
581,3326,20:48:30,0,47.00,0,0.2700,0.1220,0.0000,0.0000,1,ACTIVE,5,2,2
581,3327,20:49:00,0,228.00,0,0.2700,0.1220,0.0000,0.0000,1,ACTIVE,5,2,2
581,3328,20:49:30,0,269.00,0,0.2700,0.1220,0.0000,0.0000,1,ACTIVE,5,2,2
581,3329,20:50:00,0,236.00,0,0.2900,0.1300,0.0000,0.0000,1,ACTIVE,5,2,2
581,3330,20:50:30,0,123.00,0,0.3100,0.1420,0.0000,0.0000,1,ACTIVE,5,2,2
581,3331,20:51:00,0,187.00,0,0.5400,0.2440,0.0000,0.0000,1,ACTIVE,5,2,2
581,3332,20:51:30,0,110.00,0,0.2700,0.1220,0.0000,0.0000,1,ACTIVE,5,2,2
581,3333,20:52:00,0,56.00,0,0.2700,0.1220,0.0000,0.0000,1,ACTIVE,5,2,2
581,3334,20:52:30,0,68.00,0,0.2700,0.1220,0.0000,0.0000,1,ACTIVE,5,2,2
581,3335,20:53:00,0,163.00,0,0.2700,0.1220,0.0000,0.0000,1,ACTIVE,5,2,2
581,3336,20:53:30,0,133.00,0,0.3100,0.1420,0.0000,0.0000,1,ACTIVE,5,2,2
581,3337,20:54:00,0,137.00,0,0.4900,0.1220,0.0251,0.0000,1,ACTIVE,5,2,2
581,3338,20:54:30,0,75.00,0,0.2900,0.1300,0.0000,0.0000,1,ACTIVE,5,2,2
581,3339,20:55:00,0,200.00,0,0.2900,0.1300,0.0000,0.0000,1,ACTIVE,5,2,2
581,3340,20:55:30,0,214.00,0,0.2900,0.1300,0.0000,0.0000,1,ACTIVE,5,2,2
581,3341,20:56:00,0,362.00,0,0.5100,0.2230,0.0000,0.0117,1,ACTIVE,5,2,2
581,3342,20:56:30,0,200.00,0,2.0700,0.4370,0.1240,0.0162,1,ACTIVE,5,2,2
581,3343,20:57:00,0,531.00,0,7.5800,2.2700,0.2900,0.0279,1,ACTIVE,5,2,2
581,3344,20:57:30,0,68.00,0,0.2700,0.1220,0.0000,0.0000,1,ACTIVE,5,2,2
581,3345,20:58:00,0,151.00,0,0.2900,0.1300,0.0000,0.0000,1,ACTIVE,5,2,2
581,3346,20:58:30,0,31.00,0,4.1400,0.9750,0.2230,0.0279,1,ACTIVE,5,2,2
581,3347,20:59:00,0,0.00,0,3.6000,0.8200,0.2000,0.0279,1,ACTIVE,5,2,2
581,3348,20:59:30,0,5.00,0,3.2600,0.7680,0.1760,0.0230,0,ACTIVE,5,2,2
581,3349,21:00:00,0,4.00,0,3.9800,0.8020,0.2440,0.0694,0,ACTIVE,5,2,2
581,3350,21:00:30,0,12.00,0,3.9800,0.8020,0.2440,0.0694,0,ACTIVE,5,2,2
581,3351,21:01:00,0,0.00,0,3.3000,0.7850,0.1760,0.0230,0,ACTIVE,5,2,2
581,3352,21:01:30,0,0.00,0,3.3800,0.8200,0.1760,0.0230,0,ACTIVE,5,2,2
581,3353,21:02:00,0,0.00,0,3.2600,0.7680,0.1760,0.0230,0,ACTIVE,5,2,2
581,3354,21:02:30,0,5.00,0,3.3800,0.8200,0.1760,0.0230,0,ACTIVE,5,2,2
581,3355,21:03:00,0,0.00,0,3.3000,0.7850,0.1760,0.0230,0,ACTIVE,5,2,2
581,3356,21:03:30,0,6.00,0,2.9100,0.7040,0.1510,0.0230,0,ACTIVE,5,2,2
581,3357,21:04:00,0,2.00,0,2.8100,0.6600,0.1510,0.0230,0,ACTIVE,5,2,2
581,3358,21:04:30,0,0.00,0,2.9800,0.7350,0.1510,0.0230,0,ACTIVE,5,2,2
581,3359,21:05:00,0,0.00,0,3.2300,0.7510,0.1760,0.0230,0,ACTIVE,5,2,2
581,3360,21:05:30,0,9.00,0,3.1900,0.7350,0.1760,0.0230,0,ACTIVE,5,2,2
581,3361,21:06:00,0,0.00,0,2.7700,0.6460,0.1510,0.0162,0,ACTIVE,5,2,2
581,3362,21:06:30,0,0.00,0,2.1000,0.5430,0.1000,0.0162,0,ACTIVE,5,2,2
581,3363,21:07:00,0,9.00,0,3.2300,0.7510,0.1760,0.0230,0,ACTIVE,5,2,2
581,3364,21:07:30,0,0.00,0,3.2600,0.7680,0.1760,0.0230,0,ACTIVE,5,2,2
581,3365,21:08:00,0,0.00,0,3.2300,0.7510,0.1760,0.0230,0,ACTIVE,5,2,2
581,3366,21:08:30,0,6.00,0,3.1900,0.7350,0.1760,0.0230,0,ACTIVE,5,2,2
581,3367,21:09:00,0,2.00,0,3.1600,0.7200,0.1760,0.0230,0,ACTIVE,5,2,2
581,3368,21:09:30,0,9.00,0,2.3100,0.5430,0.1240,0.0162,0,ACTIVE,5,2,2
581,3369,21:10:00,0,1.00,0,3.0000,0.6320,0.1760,0.0583,0,ACTIVE,5,2,2
581,3370,21:10:30,0,0.00,0,2.7800,0.6460,0.1510,0.0230,0,ACTIVE,5,2,2
581,3371,21:11:00,0,0.00,0,2.7800,0.6460,0.1510,0.0230,0,ACTIVE,5,2,2
581,3372,21:11:30,0,5.00,0,2.4500,0.6050,0.1240,0.0162,0,ACTIVE,5,2,2
581,3373,21:12:00,0,0.00,0,3.0600,0.6740,0.1760,0.0230,0,ACTIVE,5,2,2
581,3374,21:12:30,0,0.00,0,2.4700,0.6180,0.1240,0.0162,0,ACTIVE,5,2,2
581,3375,21:13:00,0,5.00,0,2.7100,0.6180,0.1510,0.0162,0,ACTIVE,5,2,2
581,3376,21:13:30,0,0.00,0,4.0200,0.8200,0.2440,0.0694,0,ACTIVE,5,2,2
581,3377,21:14:00,0,0.00,0,3.2600,0.7680,0.1760,0.0230,0,ACTIVE,5,2,2
581,3378,21:14:30,0,0.00,0,3.1600,0.7200,0.1760,0.0230,0,ACTIVE,5,2,2
581,3379,21:15:00,0,4.00,0,2.8100,0.6600,0.1510,0.0230,0,ACTIVE,5,2,2
581,3380,21:15:30,0,1.00,0,2.7700,0.6460,0.1510,0.0162,0,ACTIVE,5,2,2
581,3381,21:16:00,0,0.00,0,2.7700,0.6460,0.1510,0.0162,0,ACTIVE,5,2,2
581,3382,21:16:30,0,1.00,0,2.9100,0.7040,0.1510,0.0230,0,ACTIVE,5,2,2
581,3383,21:17:00,0,0.00,0,3.2300,0.7510,0.1760,0.0230,0,ACTIVE,5,2,2
581,3384,21:17:30,0,0.00,0,3.2300,0.7510,0.1760,0.0230,0,ACTIVE,5,2,2
581,3385,21:18:00,0,9.00,0,2.9100,0.7040,0.1510,0.0230,0,ACTIVE,5,2,2
581,3386,21:18:30,0,0.00,0,2.8400,0.6740,0.1510,0.0230,0,ACTIVE,5,2,2
581,3387,21:19:00,0,0.00,0,2.8400,0.6740,0.1510,0.0230,0,ACTIVE,5,2,2
581,3388,21:19:30,0,5.00,0,3.0900,0.6890,0.1760,0.0230,0,ACTIVE,5,2,2
581,3389,21:20:00,0,7.00,0,2.9400,0.7200,0.1510,0.0230,0,ACTIVE,5,2,2
581,3390,21:20:30,0,0.00,0,3.2300,0.7510,0.1760,0.0230,0,ACTIVE,5,2,2
581,3391,21:21:00,0,2.00,0,3.2300,0.7510,0.1760,0.0230,0,ACTIVE,5,2,2
581,3392,21:21:30,0,7.00,0,2.9100,0.7040,0.1510,0.0230,0,ACTIVE,5,2,2
581,3393,21:22:00,0,0.00,0,2.2800,0.5310,0.1240,0.0162,0,ACTIVE,5,2,2
581,3394,21:22:30,0,0.00,0,2.2800,0.5310,0.1240,0.0162,0,ACTIVE,5,2,2
581,3395,21:23:00,0,0.00,0,1.9700,0.4870,0.1000,0.0162,0,ACTIVE,5,2,2
581,3396,21:23:30,0,1.00,0,3.3000,0.7850,0.1760,0.0230,0,ACTIVE,5,2,2
581,3397,21:24:00,0,0.00,0,3.3000,0.7850,0.1760,0.0230,0,ACTIVE,5,2,2
581,3398,21:24:30,0,0.00,0,2.8700,0.6890,0.1510,0.0230,0,ACTIVE,5,2,2
581,3399,21:25:00,0,9.00,0,2.7700,0.6460,0.1510,0.0162,0,ACTIVE,5,2,2
581,3400,21:25:30,0,12.00,0,2.8400,0.6740,0.1510,0.0230,0,ACTIVE,5,2,2
581,3401,21:26:00,0,0.00,0,2.0400,0.5200,0.1000,0.0162,0,ACTIVE,5,2,2
581,3402,21:26:30,0,1.00,0,2.4700,0.6180,0.1240,0.0162,0,ACTIVE,5,2,2
581,3403,21:27:00,0,0.00,0,3.2600,0.7680,0.1760,0.0230,0,ACTIVE,5,2,2
581,3404,21:27:30,0,4.00,0,2.8400,0.6740,0.1510,0.0230,0,ACTIVE,5,2,2
581,3405,21:28:00,0,0.00,0,2.3300,0.5550,0.1240,0.0162,0,ACTIVE,5,2,2
581,3406,21:28:30,0,2.00,0,2.7800,0.6460,0.1510,0.0230,0,ACTIVE,5,2,2
581,3407,21:29:00,0,0.00,0,2.9100,0.7040,0.1510,0.0230,0,ACTIVE,5,2,2
581,3408,21:29:30,0,0.00,0,3.2300,0.7510,0.1760,0.0230,0,ACTIVE,5,2,2
581,3409,21:30:00,0,8.00,0,2.9400,0.7200,0.1510,0.0230,0,ACTIVE,5,2,2
581,3410,21:30:30,0,0.00,0,2.8700,0.6890,0.1510,0.0230,0,ACTIVE,5,2,2
581,3411,21:31:00,0,0.00,0,2.3600,0.5670,0.1240,0.0162,0,ACTIVE,5,2,2
581,3412,21:31:30,0,2.00,0,1.9400,0.4770,0.1000,0.0115,0,ACTIVE,5,2,2
581,3413,21:32:00,0,4.00,0,2.8100,0.6600,0.1510,0.0230,0,ACTIVE,5,2,2
581,3414,21:32:30,0,0.00,0,3.1600,0.7200,0.1760,0.0230,0,ACTIVE,5,2,2
581,3415,21:33:00,0,0.00,0,3.1900,0.7350,0.1760,0.0230,0,ACTIVE,5,2,2
581,3416,21:33:30,0,7.00,0,2.9100,0.7040,0.1510,0.0230,0,ACTIVE,5,2,2
581,3417,21:34:00,0,0.00,0,2.9100,0.7040,0.1510,0.0230,0,ACTIVE,5,2,2
581,3418,21:34:30,0,4.00,0,3.1600,0.7200,0.1760,0.0230,0,ACTIVE,5,2,2
581,3419,21:35:00,0,7.00,0,3.1200,0.7040,0.1760,0.0230,0,ACTIVE,5,2,2
581,3420,21:35:30,0,0.00,0,2.9100,0.7040,0.1510,0.0230,0,ACTIVE,5,2,2
581,3421,21:36:00,0,0.00,0,2.8700,0.6890,0.1510,0.0230,0,ACTIVE,5,2,2
581,3422,21:36:30,0,12.00,0,2.9100,0.7040,0.1510,0.0230,0,ACTIVE,5,2,2
581,3423,21:37:00,0,0.00,0,4.0500,0.9330,0.2230,0.0279,0,ACTIVE,5,2,2
581,3424,21:37:30,0,0.00,0,4.1900,0.9960,0.2230,0.0279,0,ACTIVE,5,2,2
581,3425,21:38:00,0,1.00,0,2.0700,0.5310,0.1000,0.0162,0,ACTIVE,5,2,2
581,3426,21:38:30,0,20.00,0,2.3600,0.5670,0.1240,0.0162,1,ACTIVE,5,2,2
581,3427,21:39:00,0,0.00,0,3.6800,0.8560,0.2000,0.0279,0,ACTIVE,5,2,2
581,3428,21:39:30,0,0.00,0,3.6300,0.8370,0.2000,0.0230,0,ACTIVE,5,2,2
581,3429,21:40:00,0,0.00,0,3.3400,0.8020,0.1760,0.0230,0,ACTIVE,5,2,2
581,3430,21:40:30,0,1.00,0,3.2300,0.7510,0.1760,0.0230,0,ACTIVE,5,2,2
581,3431,21:41:00,0,0.00,0,3.3400,0.8020,0.1760,0.0230,0,ACTIVE,5,2,2
581,3432,21:41:30,0,0.00,0,3.7200,0.8750,0.2000,0.0279,0,ACTIVE,5,2,2
581,3433,21:42:00,0,0.00,0,3.2300,0.7510,0.1760,0.0230,0,ACTIVE,5,2,2
581,3434,21:42:30,0,11.00,0,2.8000,0.6600,0.1510,0.0162,0,ACTIVE,5,2,2
581,3435,21:43:00,0,0.00,0,3.2300,0.7510,0.1760,0.0230,0,ACTIVE,5,2,2
581,3436,21:43:30,0,0.00,0,3.5900,0.8200,0.2000,0.0230,0,ACTIVE,5,2,2
581,3437,21:44:00,0,0.00,0,3.6300,0.8370,0.2000,0.0230,0,ACTIVE,5,2,2
581,3438,21:44:30,0,6.00,0,3.2600,0.7680,0.1760,0.0230,0,ACTIVE,5,2,2
581,3439,21:45:00,0,0.00,0,3.2600,0.7680,0.1760,0.0230,0,ACTIVE,5,2,2
581,3440,21:45:30,0,0.00,0,3.1200,0.7040,0.1760,0.0230,0,ACTIVE,5,2,2
581,3441,21:46:00,0,5.00,0,2.7700,0.6460,0.1510,0.0162,0,ACTIVE,5,2,2
581,3442,21:46:30,0,34.00,0,2.7400,0.6320,0.1510,0.0162,1,ACTIVE,5,2,2
581,3443,21:47:00,0,20.00,0,72.3900,15.3000,4.3400,0.5670,1,ACTIVE,5,2,2
581,3444,21:47:30,0,7.00,0,86.2500,17.8000,5.2800,0.7040,0,ACTIVE,5,2,2
581,3445,21:48:00,0,0.00,0,3.3800,0.8200,0.1760,0.0230,0,ACTIVE,5,2,2
581,3446,21:48:30,0,5.00,0,3.6800,0.8560,0.2000,0.0279,0,ACTIVE,5,2,2
581,3447,21:49:00,0,0.00,0,4.0500,0.9330,0.2230,0.0279,0,ACTIVE,5,2,2
581,3448,21:49:30,0,0.00,0,2.9100,0.7040,0.1510,0.0230,0,ACTIVE,5,2,2
581,3449,21:50:00,0,0.00,0,2.3900,0.5790,0.1240,0.0162,0,ACTIVE,5,2,2
581,3450,21:50:30,0,11.00,0,4.0500,0.9330,0.2230,0.0279,0,ACTIVE,5,2,2
581,3451,21:51:00,0,4.00,0,4.1400,0.9750,0.2230,0.0279,0,ACTIVE,5,2,2
581,3452,21:51:30,0,0.00,0,3.7200,0.8750,0.2000,0.0279,0,ACTIVE,5,2,2
581,3453,21:52:00,0,6.00,0,3.6800,0.8560,0.2000,0.0279,0,ACTIVE,5,2,2
581,3454,21:52:30,0,0.00,0,3.7200,0.8750,0.2000,0.0279,0,ACTIVE,5,2,2
581,3455,21:53:00,0,8.00,0,3.7600,0.8940,0.2000,0.0279,0,ACTIVE,5,2,2
581,3456,21:53:30,0,0.00,0,3.2300,0.7510,0.1760,0.0230,0,ACTIVE,5,2,2
581,3457,21:54:00,0,0.00,0,2.9400,0.7200,0.1510,0.0230,0,ACTIVE,5,2,2
581,3458,21:54:30,0,0.00,0,3.1900,0.7350,0.1760,0.0230,0,ACTIVE,5,2,2
581,3459,21:55:00,0,0.00,0,2.8700,0.6890,0.1510,0.0230,0,ACTIVE,5,2,2
581,3460,21:55:30,0,7.00,0,3.1600,0.7200,0.1760,0.0230,0,ACTIVE,5,2,2
581,3461,21:56:00,0,1.00,0,3.3400,0.8020,0.1760,0.0230,0,ACTIVE,5,2,2
581,3462,21:56:30,0,0.00,0,2.8400,0.6740,0.1510,0.0230,0,ACTIVE,5,2,2
581,3463,21:57:00,0,12.00,0,3.1600,0.7200,0.1760,0.0230,0,ACTIVE,5,2,2
581,3464,21:57:30,0,0.00,0,3.7100,0.8750,0.2000,0.0230,0,ACTIVE,5,2,2
581,3465,21:58:00,0,0.00,0,4.0500,0.9330,0.2230,0.0279,0,ACTIVE,5,2,2
581,3466,21:58:30,0,31.00,0,3.6300,0.8370,0.2000,0.0230,1,ACTIVE,5,2,2
581,3467,21:59:00,0,14.00,0,3.2300,0.7510,0.1760,0.0230,0,ACTIVE,5,2,2
581,3468,21:59:30,0,1.00,0,3.2300,0.7510,0.1760,0.0230,0,ACTIVE,5,2,2
581,3469,22:00:00,0,0.00,0,2.8700,0.6890,0.1510,0.0230,0,ACTIVE,5,2,2
581,3470,22:00:30,0,11.00,0,2.0400,0.5200,0.1000,0.0162,0,ACTIVE,5,2,2
581,3471,22:01:00,0,0.00,0,3.2300,0.7510,0.1760,0.0230,0,ACTIVE,5,2,2
581,3472,22:01:30,0,0.00,0,3.1900,0.7350,0.1760,0.0230,0,ACTIVE,5,2,2
581,3473,22:02:00,0,0.00,0,2.0400,0.5200,0.1000,0.0162,0,ACTIVE,5,2,2
581,3474,22:02:30,0,1.00,0,3.2300,0.7510,0.1760,0.0230,0,ACTIVE,5,2,2
581,3475,22:03:00,0,0.00,0,3.2300,0.7510,0.1760,0.0230,0,ACTIVE,5,2,2
581,3476,22:03:30,0,0.00,0,3.2300,0.7510,0.1760,0.0230,0,ACTIVE,5,2,2
581,3477,22:04:00,0,0.00,0,3.2300,0.7510,0.1760,0.0230,0,ACTIVE,5,2,2
581,3478,22:04:30,0,1.00,0,2.9400,0.7200,0.1510,0.0230,0,ACTIVE,5,2,2
581,3479,22:05:00,0,0.00,0,2.9400,0.7200,0.1510,0.0230,0,ACTIVE,5,2,2
581,3480,22:05:30,0,0.00,0,3.1900,0.7350,0.1760,0.0230,0,ACTIVE,5,2,2
581,3481,22:06:00,0,9.00,0,3.2300,0.7510,0.1760,0.0230,0,ACTIVE,5,2,2
581,3482,22:06:30,0,0.00,0,3.3000,0.7850,0.1760,0.0230,0,ACTIVE,5,2,2
581,3483,22:07:00,0,0.00,0,3.1600,0.7200,0.1760,0.0230,0,ACTIVE,5,2,2
581,3484,22:07:30,0,4.00,0,2.0400,0.5200,0.1000,0.0162,0,ACTIVE,5,2,2
581,3485,22:08:00,0,0.00,0,2.3600,0.5670,0.1240,0.0162,0,ACTIVE,5,2,2
581,3486,22:08:30,0,6.00,0,2.9100,0.7040,0.1510,0.0230,0,ACTIVE,5,2,2
581,3487,22:09:00,0,0.00,0,2.8400,0.6740,0.1510,0.0230,0,ACTIVE,5,2,2
581,3488,22:09:30,0,0.00,0,2.5400,0.6460,0.1240,0.0162,0,ACTIVE,5,2,2
581,3489,22:10:00,0,1.00,0,2.4200,0.5920,0.1240,0.0162,0,ACTIVE,5,2,2
581,3490,22:10:30,0,0.00,0,2.3900,0.5790,0.1240,0.0162,0,ACTIVE,5,2,2
581,3491,22:11:00,0,8.00,0,2.8400,0.6740,0.1510,0.0230,0,ACTIVE,5,2,2
581,3492,22:11:30,0,0.00,0,2.8000,0.6600,0.1510,0.0162,0,ACTIVE,5,2,2
581,3493,22:12:00,0,7.00,0,2.8700,0.6890,0.1510,0.0230,0,ACTIVE,5,2,2
581,3494,22:12:30,0,9.00,0,2.8400,0.6740,0.1510,0.0230,0,ACTIVE,5,2,2
581,3495,22:13:00,0,0.00,0,3.2300,0.7510,0.1760,0.0230,0,ACTIVE,5,2,2
581,3496,22:13:30,0,2.00,0,3.2600,0.7680,0.1760,0.0230,0,ACTIVE,5,2,2
581,3497,22:14:00,0,1.00,0,5.0300,1.1100,0.2900,0.0347,0,ACTIVE,5,2,2
581,3498,22:14:30,0,9.00,0,5.0400,1.1100,0.2900,0.0412,0,ACTIVE,5,2,2
581,3499,22:15:00,0,4.00,0,7.8500,1.7900,0.4370,0.0650,0,ACTIVE,5,2,2
581,3500,22:15:30,0,0.00,0,6.1800,1.3500,0.3600,0.0460,0,ACTIVE,5,2,2
581,3501,22:16:00,0,0.00,0,6.5800,1.2900,0.4190,0.0571,0,ACTIVE,5,2,2
581,3502,22:16:30,0,12.00,0,0.8900,0.2600,0.0347,0.0117,0,ACTIVE,5,2,2
581,3503,22:17:00,0,0.00,0,0.3100,0.1420,0.0000,0.0000,0,ACTIVE,5,2,2
581,3504,22:17:30,0,0.00,0,0.3100,0.1420,0.0000,0.0000,0,ACTIVE,5,2,2
581,3505,22:18:00,0,5.00,0,0.2700,0.1220,0.0000,0.0000,0,ACTIVE,5,2,2
581,3506,22:18:30,0,1.00,0,0.8600,0.2440,0.0347,0.0117,0,ACTIVE,5,2,2
581,3507,22:19:00,0,4.00,0,1.1600,0.3230,0.0501,0.0046,0,ACTIVE,5,2,2
581,3508,22:19:30,0,8.00,0,1.8600,0.4370,0.1000,0.0162,0,ACTIVE,5,2,2
581,3509,22:20:00,0,1.00,0,0.3100,0.1420,0.0000,0.0000,0,ACTIVE,5,2,2
581,3510,22:20:30,0,1.00,0,3.9800,0.7510,0.2600,0.0347,0,ACTIVE,5,2,2
581,3511,22:21:00,0,0.00,0,5.5600,1.0600,0.3600,0.0535,0,ACTIVE,5,2,2
581,3512,22:21:30,0,1.00,0,1.6900,0.3600,0.1000,0.0162,0,ACTIVE,5,2,2
581,3513,22:22:00,0,9.00,0,21.9800,7.6300,0.5790,0.0412,1,ACTIVE,5,2,2
581,3514,22:22:30,0,93.00,0,76.5400,10.8000,5.7600,2.0800,1,ACTIVE,5,2,2
581,3515,22:23:00,0,236.00,1,169.8200,26.2000,12.3000,3.9000,1,REST,5,2,2
581,3516,22:23:30,0,128.00,0,0.2500,0.1120,0.0000,0.0000,1,REST,5,2,2
581,3517,22:24:00,0,0.00,0,0.2500,0.1120,0.0000,0.0000,1,REST,5,2,2
581,3518,22:24:30,0,0.00,0,0.2700,0.1220,0.0000,0.0000,1,REST,5,2,2
581,3519,22:25:00,0,11.00,0,0.2500,0.1120,0.0000,0.0000,1,REST,5,2,2
581,3520,22:25:30,0,0.00,0,0.2700,0.1220,0.0000,0.0000,1,REST,5,2,2
581,3521,22:26:00,0,2.00,0,0.2500,0.1120,0.0000,0.0000,1,REST,5,2,2
581,3522,22:26:30,0,0.00,0,0.2700,0.1220,0.0000,0.0000,0,REST-S,5,2,2
581,3523,22:27:00,0,0.00,0,0.2700,0.1220,0.0000,0.0000,0,REST-S,5,2,2
581,3524,22:27:30,0,0.00,0,0.2500,0.1120,0.0000,0.0000,0,REST-S,5,2,2
581,3525,22:28:00,0,0.00,0,0.2700,0.1220,0.0000,0.0000,0,REST-S,5,2,2
581,3526,22:28:30,0,0.00,0,0.2700,0.1220,0.0000,0.0000,0,REST-S,5,2,2
581,3527,22:29:00,0,8.00,0,0.2700,0.1220,0.0000,0.0000,0,REST-S,5,2,2
581,3528,22:29:30,0,0.00,0,0.2700,0.1220,0.0000,0.0000,0,REST-S,5,2,2
581,3529,22:30:00,0,0.00,0,0.2800,0.1220,0.0000,0.0117,0,REST-S,5,2,2
581,3530,22:30:30,0,0.00,0,0.2700,0.1220,0.0000,0.0000,0,REST-S,5,2,2
581,3531,22:31:00,0,1.00,0,0.2700,0.1220,0.0000,0.0000,0,REST-S,5,2,2
581,3532,22:31:30,0,0.00,0,0.2500,0.1120,0.0000,0.0000,0,REST-S,5,2,2
581,3533,22:32:00,0,0.00,0,0.2800,0.1220,0.0000,0.0117,0,REST-S,5,2,2
581,3534,22:32:30,0,0.00,0,0.2700,0.1220,0.0000,0.0000,0,REST-S,5,2,2
581,3535,22:33:00,0,0.00,0,0.2700,0.1220,0.0000,0.0000,0,REST-S,5,2,2
581,3536,22:33:30,0,0.00,0,0.2700,0.1220,0.0000,0.0000,0,REST-S,5,2,2
581,3537,22:34:00,0,0.00,0,0.2700,0.1220,0.0000,0.0000,0,REST-S,5,2,2
581,3538,22:34:30,0,0.00,0,0.2700,0.1220,0.0000,0.0000,0,REST-S,5,2,2
581,3539,22:35:00,0,0.00,0,0.2700,0.1220,0.0000,0.0000,0,REST-S,5,2,2
581,3540,22:35:30,0,0.00,0,0.2700,0.1220,0.0000,0.0000,0,REST-S,5,2,2
581,3541,22:36:00,0,0.00,0,0.2700,0.1220,0.0000,0.0000,0,REST-S,5,2,2
581,3542,22:36:30,0,0.00,0,0.2700,0.1220,0.0000,0.0000,0,REST-S,5,2,2
581,3543,22:37:00,0,0.00,0,0.2700,0.1220,0.0000,0.0000,0,REST-S,5,2,2
581,3544,22:37:30,0,0.00,0,0.2700,0.1220,0.0000,0.0000,0,REST-S,5,2,2
581,3545,22:38:00,0,0.00,0,0.2700,0.1220,0.0000,0.0000,0,REST-S,5,2,2
581,3546,22:38:30,0,0.00,0,0.2700,0.1220,0.0000,0.0000,0,REST-S,5,2,2
581,3547,22:39:00,0,0.00,0,0.2700,0.1220,0.0000,0.0000,0,REST-S,5,2,2
581,3548,22:39:30,0,0.00,0,0.2700,0.1220,0.0000,0.0000,0,REST-S,5,2,2
581,3549,22:40:00,0,0.00,0,0.2700,0.1220,0.0000,0.0000,0,REST-S,5,2,2
581,3550,22:40:30,0,0.00,0,0.2700,0.1220,0.0000,0.0000,0,REST-S,5,2,2
581,3551,22:41:00,0,0.00,0,0.2700,0.1220,0.0000,0.0000,0,REST-S,5,2,2
581,3552,22:41:30,0,0.00,0,0.2700,0.1220,0.0000,0.0000,0,REST-S,5,2,2
581,3553,22:42:00,0,0.00,0,0.2700,0.1220,0.0000,0.0000,0,REST-S,5,2,2
581,3554,22:42:30,0,0.00,0,0.2700,0.1220,0.0000,0.0000,0,REST-S,5,2,2
581,3555,22:43:00,0,0.00,0,0.2700,0.1220,0.0000,0.0000,0,REST-S,5,2,2
581,3556,22:43:30,0,0.00,0,0.2700,0.1220,0.0000,0.0000,0,REST-S,5,2,2
581,3557,22:44:00,0,0.00,0,0.2700,0.1220,0.0000,0.0000,0,REST-S,5,2,2
581,3558,22:44:30,0,0.00,0,0.2700,0.1220,0.0000,0.0000,0,REST-S,5,2,2
581,3559,22:45:00,0,0.00,0,0.2700,0.1220,0.0000,0.0000,0,REST-S,5,2,2
581,3560,22:45:30,0,0.00,0,0.2700,0.1220,0.0000,0.0000,0,REST-S,5,2,2
581,3561,22:46:00,0,0.00,0,0.2900,0.1300,0.0000,0.0000,0,REST-S,5,2,2
581,3562,22:46:30,0,0.00,0,0.2900,0.1300,0.0000,0.0000,0,REST-S,5,2,2
581,3563,22:47:00,0,0.00,0,0.2900,0.1300,0.0000,0.0000,0,REST-S,5,2,2
581,3564,22:47:30,0,0.00,0,0.2900,0.1300,0.0000,0.0000,0,REST-S,5,2,2
581,3565,22:48:00,0,0.00,0,0.2900,0.1300,0.0000,0.0000,0,REST-S,5,2,2
581,3566,22:48:30,0,0.00,0,0.2700,0.1220,0.0000,0.0000,0,REST-S,5,2,2
581,3567,22:49:00,0,0.00,0,0.2700,0.1220,0.0000,0.0000,0,REST-S,5,2,2
581,3568,22:49:30,0,0.00,0,0.2900,0.1300,0.0000,0.0000,0,REST-S,5,2,2
581,3569,22:50:00,0,0.00,0,0.2900,0.1300,0.0000,0.0000,0,REST-S,5,2,2
581,3570,22:50:30,0,0.00,0,0.2900,0.1300,0.0000,0.0000,0,REST-S,5,2,2
581,3571,22:51:00,0,0.00,0,0.2900,0.1300,0.0000,0.0000,0,REST-S,5,2,2
581,3572,22:51:30,0,0.00,0,0.2900,0.1300,0.0000,0.0000,1,REST-S,5,2,2
581,3573,22:52:00,0,0.00,0,0.2900,0.1300,0.0000,0.0000,1,REST-S,5,2,2
581,3574,22:52:30,0,362.00,0,0.3000,0.1300,0.0000,0.0117,1,REST-S,5,2,2
581,3575,22:53:00,0,0.00,0,0.4700,0.1140,0.0251,0.0000,1,REST-S,5,2,2
581,3576,22:53:30,0,1.00,0,0.4700,0.1140,0.0251,0.0000,1,REST-S,5,2,2
581,3577,22:54:00,0,0.00,0,0.4700,0.1140,0.0251,0.0000,0,REST-S,5,2,2
581,3578,22:54:30,0,0.00,0,0.4700,0.1140,0.0251,0.0000,0,REST-S,5,2,2
581,3579,22:55:00,0,0.00,0,0.3000,0.1300,0.0000,0.0117,0,REST-S,5,2,2
581,3580,22:55:30,0,0.00,0,0.2900,0.1300,0.0000,0.0000,0,REST-S,5,2,2
581,3581,22:56:00,0,0.00,0,0.2900,0.1300,0.0000,0.0000,0,REST-S,5,2,2
581,3582,22:56:30,0,0.00,0,0.2900,0.1300,0.0000,0.0000,0,REST-S,5,2,2
581,3583,22:57:00,0,0.00,0,0.2900,0.1300,0.0000,0.0000,0,REST-S,5,2,2
581,3584,22:57:30,0,0.00,0,0.2900,0.1300,0.0000,0.0000,0,REST-S,5,2,2
581,3585,22:58:00,0,0.00,0,0.4700,0.1140,0.0251,0.0000,0,REST-S,5,2,2
581,3586,22:58:30,0,0.00,0,0.2900,0.1300,0.0000,0.0000,0,REST-S,5,2,2
581,3587,22:59:00,0,0.00,0,0.3000,0.1300,0.0000,0.0117,0,REST-S,5,2,2
581,3588,22:59:30,0,0.00,0,0.3000,0.1300,0.0000,0.0117,0,REST-S,5,2,2
581,3589,23:00:00,0,0.00,0,0.3300,0.1420,0.0000,0.0117,0,REST-S,5,2,2
581,3590,23:00:30,0,0.00,0,0.3300,0.1420,0.0000,0.0117,0,REST-S,5,2,2
581,3591,23:01:00,0,0.00,0,0.5900,0.1220,0.0347,0.0117,0,REST-S,5,2,2
581,3592,23:01:30,0,0.00,0,0.3300,0.1420,0.0000,0.0117,0,REST-S,5,2,2
581,3593,23:02:00,0,0.00,0,0.3300,0.1420,0.0000,0.0117,0,REST-S,5,2,2
581,3594,23:02:30,0,0.00,0,0.5900,0.1220,0.0347,0.0117,0,REST-S,5,2,2
581,3595,23:03:00,0,0.00,0,0.5900,0.1220,0.0347,0.0117,0,REST-S,5,2,2
581,3596,23:03:30,0,0.00,0,0.3300,0.1420,0.0000,0.0117,0,REST-S,5,2,2
581,3597,23:04:00,0,0.00,0,0.6000,0.1300,0.0347,0.0117,0,REST-S,5,2,2
581,3598,23:04:30,0,0.00,0,0.6200,0.1360,0.0347,0.0117,0,REST-S,5,2,2
581,3599,23:05:00,0,0.00,0,0.6200,0.1360,0.0347,0.0117,0,REST-S,5,2,2
581,3600,23:05:30,0,0.00,0,0.6200,0.1360,0.0347,0.0117,0,REST-S,5,2,2
581,3601,23:06:00,0,0.00,0,0.6200,0.1360,0.0347,0.0117,0,REST-S,5,2,2
581,3602,23:06:30,0,0.00,0,0.6200,0.1360,0.0347,0.0117,0,REST-S,5,2,2
581,3603,23:07:00,0,0.00,0,0.6200,0.1360,0.0347,0.0117,0,REST-S,5,2,2
581,3604,23:07:30,0,0.00,0,0.6200,0.1360,0.0347,0.0117,0,REST-S,5,2,2
581,3605,23:08:00,0,0.00,0,0.6200,0.1360,0.0347,0.0117,0,REST-S,5,2,2
581,3606,23:08:30,0,0.00,0,0.6200,0.1360,0.0347,0.0117,0,REST-S,5,2,2
581,3607,23:09:00,0,0.00,0,0.6200,0.1360,0.0347,0.0117,0,REST-S,5,2,2
581,3608,23:09:30,0,0.00,0,0.6200,0.1360,0.0347,0.0117,0,REST-S,5,2,2
581,3609,23:10:00,0,0.00,0,0.6200,0.1360,0.0347,0.0117,0,REST-S,5,2,2
581,3610,23:10:30,0,0.00,0,0.6000,0.1300,0.0347,0.0117,0,REST-S,5,2,2
581,3611,23:11:00,0,0.00,0,0.5900,0.1220,0.0347,0.0117,0,REST-S,5,2,2
581,3612,23:11:30,0,0.00,0,0.5900,0.1220,0.0347,0.0117,0,REST-S,5,2,2
581,3613,23:12:00,0,0.00,0,0.5900,0.1220,0.0347,0.0117,0,REST-S,5,2,2
581,3614,23:12:30,0,0.00,0,0.5900,0.1220,0.0347,0.0117,0,REST-S,5,2,2
581,3615,23:13:00,0,0.00,0,0.5900,0.1220,0.0347,0.0117,0,REST-S,5,2,2
581,3616,23:13:30,0,0.00,0,0.6000,0.1300,0.0347,0.0117,0,REST-S,5,2,2
581,3617,23:14:00,0,0.00,0,0.5900,0.1220,0.0347,0.0117,0,REST-S,5,2,2
581,3618,23:14:30,0,0.00,0,0.5900,0.1220,0.0347,0.0117,0,REST-S,5,2,2
581,3619,23:15:00,0,0.00,0,0.5900,0.1220,0.0347,0.0117,0,REST-S,5,2,2
581,3620,23:15:30,0,0.00,0,0.5900,0.1220,0.0347,0.0117,0,REST-S,5,2,2
581,3621,23:16:00,0,0.00,0,0.5900,0.1220,0.0347,0.0117,0,REST-S,5,2,2
581,3622,23:16:30,0,0.00,0,0.5900,0.1220,0.0347,0.0117,0,REST-S,5,2,2
581,3623,23:17:00,0,0.00,0,0.5900,0.1220,0.0347,0.0117,0,REST-S,5,2,2
581,3624,23:17:30,0,0.00,0,0.6000,0.1300,0.0347,0.0117,0,REST-S,5,2,2
581,3625,23:18:00,0,0.00,0,0.5900,0.1220,0.0347,0.0117,0,REST-S,5,2,2
581,3626,23:18:30,0,0.00,0,0.5900,0.1220,0.0347,0.0117,0,REST-S,5,2,2
581,3627,23:19:00,0,0.00,0,0.5900,0.1220,0.0347,0.0117,0,REST-S,5,2,2
581,3628,23:19:30,0,0.00,0,0.6000,0.1300,0.0347,0.0117,0,REST-S,5,2,2
581,3629,23:20:00,0,0.00,0,0.6200,0.1360,0.0347,0.0117,0,REST-S,5,2,2
581,3630,23:20:30,0,0.00,0,0.6200,0.1360,0.0347,0.0117,0,REST-S,5,2,2
581,3631,23:21:00,0,0.00,0,0.6000,0.1300,0.0347,0.0117,0,REST-S,5,2,2
581,3632,23:21:30,0,63.00,0,0.6000,0.1300,0.0347,0.0117,1,REST-S,5,2,2
581,3633,23:22:00,0,0.00,0,0.6000,0.1300,0.0347,0.0117,0,REST-S,5,2,2
581,3634,23:22:30,0,0.00,0,0.6000,0.1300,0.0347,0.0117,0,REST-S,5,2,2
581,3635,23:23:00,0,0.00,0,0.5900,0.1220,0.0347,0.0117,0,REST-S,5,2,2
581,3636,23:23:30,0,0.00,0,0.6000,0.1300,0.0347,0.0117,0,REST-S,5,2,2
581,3637,23:24:00,0,0.00,0,0.5900,0.1220,0.0347,0.0117,0,REST-S,5,2,2
581,3638,23:24:30,0,0.00,0,0.5900,0.1220,0.0347,0.0117,0,REST-S,5,2,2
581,3639,23:25:00,0,0.00,0,0.5900,0.1220,0.0347,0.0117,0,REST-S,5,2,2
581,3640,23:25:30,0,0.00,0,0.5900,0.1220,0.0347,0.0117,0,REST-S,5,2,2
581,3641,23:26:00,0,0.00,0,0.5900,0.1220,0.0347,0.0117,0,REST-S,5,2,2
581,3642,23:26:30,0,0.00,0,0.5900,0.1220,0.0347,0.0117,0,REST-S,5,2,2
581,3643,23:27:00,0,0.00,0,0.5900,0.1220,0.0347,0.0117,0,REST-S,5,2,2
581,3644,23:27:30,0,0.00,0,0.6000,0.1300,0.0347,0.0117,0,REST-S,5,2,2
581,3645,23:28:00,0,0.00,0,0.6000,0.1300,0.0347,0.0117,0,REST-S,5,2,2
581,3646,23:28:30,0,0.00,0,0.5900,0.1220,0.0347,0.0117,0,REST-S,5,2,2
581,3647,23:29:00,0,0.00,0,0.5900,0.1220,0.0347,0.0117,0,REST-S,5,2,2
581,3648,23:29:30,0,0.00,0,0.5900,0.1220,0.0347,0.0117,0,REST-S,5,2,2
581,3649,23:30:00,0,0.00,0,0.5900,0.1220,0.0347,0.0117,0,REST-S,5,2,2
581,3650,23:30:30,0,0.00,0,0.5900,0.1220,0.0347,0.0117,0,REST-S,5,2,2
581,3651,23:31:00,0,0.00,0,0.5900,0.1220,0.0347,0.0117,0,REST-S,5,2,2
581,3652,23:31:30,0,0.00,0,0.5900,0.1220,0.0347,0.0117,0,REST-S,5,2,2
581,3653,23:32:00,0,0.00,0,0.5900,0.1220,0.0347,0.0117,0,REST-S,5,2,2
581,3654,23:32:30,0,0.00,0,0.5900,0.1220,0.0347,0.0117,0,REST-S,5,2,2
581,3655,23:33:00,0,0.00,0,0.5900,0.1220,0.0347,0.0117,0,REST-S,5,2,2
581,3656,23:33:30,0,0.00,0,0.5900,0.1220,0.0347,0.0117,0,REST-S,5,2,2
581,3657,23:34:00,0,0.00,0,0.5900,0.1220,0.0347,0.0117,0,REST-S,5,2,2
581,3658,23:34:30,0,0.00,0,0.5900,0.1220,0.0347,0.0117,0,REST-S,5,2,2
581,3659,23:35:00,0,0.00,0,0.5900,0.1220,0.0347,0.0117,0,REST-S,5,2,2
581,3660,23:35:30,0,0.00,0,0.5900,0.1220,0.0347,0.0117,0,REST-S,5,2,2
581,3661,23:36:00,0,0.00,0,0.5900,0.1220,0.0347,0.0117,0,REST-S,5,2,2
581,3662,23:36:30,0,0.00,0,0.5900,0.1220,0.0347,0.0117,0,REST-S,5,2,2
581,3663,23:37:00,0,0.00,0,0.5900,0.1220,0.0347,0.0117,0,REST-S,5,2,2
581,3664,23:37:30,0,0.00,0,0.5900,0.1220,0.0347,0.0117,0,REST-S,5,2,2
581,3665,23:38:00,0,0.00,0,0.5900,0.1220,0.0347,0.0117,0,REST-S,5,2,2
581,3666,23:38:30,0,0.00,0,0.5900,0.1220,0.0347,0.0117,0,REST-S,5,2,2
581,3667,23:39:00,0,0.00,0,0.5900,0.1220,0.0347,0.0117,0,REST-S,5,2,2
581,3668,23:39:30,0,0.00,0,0.5900,0.1220,0.0347,0.0117,0,REST-S,5,2,2
581,3669,23:40:00,0,0.00,0,0.5900,0.1220,0.0347,0.0117,0,REST-S,5,2,2
581,3670,23:40:30,0,0.00,0,0.5900,0.1220,0.0347,0.0117,0,REST-S,5,2,2
581,3671,23:41:00,0,0.00,0,0.5900,0.1220,0.0347,0.0117,0,REST-S,5,2,2
581,3672,23:41:30,0,0.00,0,0.6000,0.1300,0.0347,0.0117,0,REST-S,5,2,2
581,3673,23:42:00,0,0.00,0,0.5900,0.1220,0.0347,0.0117,0,REST-S,5,2,2
581,3674,23:42:30,0,0.00,0,0.5900,0.1220,0.0347,0.0117,0,REST-S,5,2,2
581,3675,23:43:00,0,0.00,0,0.5900,0.1220,0.0347,0.0117,0,REST-S,5,2,2
581,3676,23:43:30,0,12.00,0,0.5900,0.1220,0.0347,0.0117,0,REST-S,5,2,2
581,3677,23:44:00,0,61.00,0,0.5900,0.1220,0.0347,0.0117,1,REST-S,5,2,2
581,3678,23:44:30,0,0.00,0,0.6000,0.1300,0.0347,0.0117,0,REST-S,5,2,2
581,3679,23:45:00,0,0.00,0,0.5900,0.1220,0.0347,0.0117,0,REST-S,5,2,2
581,3680,23:45:30,0,0.00,0,0.5900,0.1220,0.0347,0.0117,0,REST-S,5,2,2
581,3681,23:46:00,0,0.00,0,0.5900,0.1220,0.0347,0.0117,0,REST-S,5,2,2
581,3682,23:46:30,0,0.00,0,0.5900,0.1220,0.0347,0.0117,0,REST-S,5,2,2
581,3683,23:47:00,0,45.00,0,0.5900,0.1220,0.0347,0.0117,1,REST-S,5,2,2
581,3684,23:47:30,0,0.00,0,0.5900,0.1220,0.0347,0.0117,0,REST-S,5,2,2
581,3685,23:48:00,0,0.00,0,0.5900,0.1220,0.0347,0.0117,0,REST-S,5,2,2
581,3686,23:48:30,0,0.00,0,0.5900,0.1220,0.0347,0.0117,0,REST-S,5,2,2
581,3687,23:49:00,0,0.00,0,0.5900,0.1220,0.0347,0.0117,0,REST-S,5,2,2
581,3688,23:49:30,0,0.00,0,0.5900,0.1220,0.0347,0.0117,0,REST-S,5,2,2
581,3689,23:50:00,0,0.00,0,0.5900,0.1220,0.0347,0.0117,0,REST-S,5,2,2
581,3690,23:50:30,0,0.00,0,0.5900,0.1220,0.0347,0.0117,0,REST-S,5,2,2
581,3691,23:51:00,0,0.00,0,0.6000,0.1300,0.0347,0.0117,0,REST-S,5,2,2
581,3692,23:51:30,0,0.00,0,0.6000,0.1300,0.0347,0.0117,0,REST-S,5,2,2
581,3693,23:52:00,0,0.00,0,0.5900,0.1220,0.0347,0.0117,0,REST-S,5,2,2
581,3694,23:52:30,0,0.00,0,0.5900,0.1220,0.0347,0.0117,0,REST-S,5,2,2
581,3695,23:53:00,0,0.00,0,0.6000,0.1300,0.0347,0.0117,0,REST-S,5,2,2
581,3696,23:53:30,0,19.00,0,0.6000,0.1300,0.0347,0.0117,0,REST-S,5,2,2
581,3697,23:54:00,0,0.00,0,0.6000,0.1300,0.0347,0.0117,0,REST-S,5,2,2
581,3698,23:54:30,0,0.00,0,0.5900,0.1220,0.0347,0.0117,0,REST-S,5,2,2
581,3699,23:55:00,0,0.00,0,0.6200,0.1360,0.0347,0.0117,0,REST-S,5,2,2
581,3700,23:55:30,0,0.00,0,0.6400,0.1450,0.0347,0.0117,0,REST-S,5,2,2
581,3701,23:56:00,0,0.00,0,0.6400,0.1450,0.0347,0.0117,0,REST-S,5,2,2
581,3702,23:56:30,0,0.00,0,0.6400,0.1450,0.0347,0.0117,0,REST-S,5,2,2
581,3703,23:57:00,0,0.00,0,0.6200,0.1360,0.0347,0.0117,0,REST-S,5,2,2
581,3704,23:57:30,0,0.00,0,0.6200,0.1360,0.0347,0.0117,0,REST-S,5,2,2
581,3705,23:58:00,0,0.00,0,0.6500,0.1510,0.0347,0.0117,0,REST-S,5,2,2
581,3706,23:58:30,0,0.00,0,0.6000,0.1300,0.0347,0.0117,0,REST-S,5,2,2
581,3707,23:59:00,0,0.00,0,0.6000,0.1300,0.0347,0.0117,0,REST-S,5,2,2
581,3708,23:59:30,0,8.00,0,0.6000,0.1300,0.0347,0.0117,0,REST-S,5,2,2
581,3709,0:00:00,0,0.00,0,0.6000,0.1300,0.0347,0.0117,0,REST-S,6,3,2
581,3710,0:00:30,0,0.00,0,0.6000,0.1300,0.0347,0.0117,0,REST-S,6,3,2
581,3711,0:01:00,0,0.00,0,0.6000,0.1300,0.0347,0.0117,0,REST-S,6,3,2
581,3712,0:01:30,0,0.00,0,0.6000,0.1300,0.0347,0.0117,0,REST-S,6,3,2
581,3713,0:02:00,0,0.00,0,0.6000,0.1300,0.0347,0.0117,0,REST-S,6,3,2
581,3714,0:02:30,0,66.00,0,0.6000,0.1300,0.0347,0.0117,1,REST-S,6,3,2
581,3715,0:03:00,0,0.00,0,0.6000,0.1300,0.0347,0.0117,1,REST-S,6,3,2
581,3716,0:03:30,0,0.00,0,0.6000,0.1300,0.0347,0.0117,1,REST-S,6,3,2
581,3717,0:04:00,0,133.00,0,0.6000,0.1300,0.0347,0.0117,1,REST-S,6,3,2
581,3718,0:04:30,0,128.00,0,0.6000,0.1300,0.0347,0.0117,1,REST-S,6,3,2
581,3719,0:05:00,0,54.00,0,0.6000,0.1300,0.0347,0.0117,1,REST-S,6,3,2
581,3720,0:05:30,0,0.00,0,0.5900,0.1220,0.0347,0.0117,1,REST-S,6,3,2
581,3721,0:06:00,0,15.00,0,0.5900,0.1220,0.0347,0.0117,1,REST-S,6,3,2
581,3722,0:06:30,0,0.00,0,0.5900,0.1220,0.0347,0.0117,0,REST-S,6,3,2
581,3723,0:07:00,0,0.00,0,0.5900,0.1220,0.0347,0.0117,0,REST-S,6,3,2
581,3724,0:07:30,0,0.00,0,0.5900,0.1220,0.0347,0.0117,0,REST-S,6,3,2
581,3725,0:08:00,0,0.00,0,0.5900,0.1220,0.0347,0.0117,0,REST-S,6,3,2
581,3726,0:08:30,0,0.00,0,0.5900,0.1220,0.0347,0.0117,0,REST-S,6,3,2
581,3727,0:09:00,0,0.00,0,0.6000,0.1300,0.0347,0.0117,0,REST-S,6,3,2
581,3728,0:09:30,0,0.00,0,0.6000,0.1300,0.0347,0.0117,0,REST-S,6,3,2
581,3729,0:10:00,0,0.00,0,0.6000,0.1300,0.0347,0.0117,0,REST-S,6,3,2
581,3730,0:10:30,0,0.00,0,0.6000,0.1300,0.0347,0.0117,0,REST-S,6,3,2
581,3731,0:11:00,0,0.00,0,0.6000,0.1300,0.0347,0.0117,0,REST-S,6,3,2
581,3732,0:11:30,0,0.00,0,0.6000,0.1300,0.0347,0.0117,0,REST-S,6,3,2
581,3733,0:12:00,0,0.00,0,0.6000,0.1300,0.0347,0.0117,0,REST-S,6,3,2
581,3734,0:12:30,0,0.00,0,0.6000,0.1300,0.0347,0.0117,0,REST-S,6,3,2
581,3735,0:13:00,0,0.00,0,0.6000,0.1300,0.0347,0.0117,0,REST-S,6,3,2
581,3736,0:13:30,0,0.00,0,0.6000,0.1300,0.0347,0.0117,0,REST-S,6,3,2
581,3737,0:14:00,0,0.00,0,0.6000,0.1300,0.0347,0.0117,0,REST-S,6,3,2
581,3738,0:14:30,0,0.00,0,0.6000,0.1300,0.0347,0.0117,0,REST-S,6,3,2
581,3739,0:15:00,0,0.00,0,0.6000,0.1300,0.0347,0.0117,0,REST-S,6,3,2
581,3740,0:15:30,0,0.00,0,0.6000,0.1300,0.0347,0.0117,0,REST-S,6,3,2
581,3741,0:16:00,0,0.00,0,0.6000,0.1300,0.0347,0.0117,0,REST-S,6,3,2
581,3742,0:16:30,0,0.00,0,0.6000,0.1300,0.0347,0.0117,0,REST-S,6,3,2
581,3743,0:17:00,0,0.00,0,0.6000,0.1300,0.0347,0.0117,0,REST-S,6,3,2
581,3744,0:17:30,0,0.00,0,0.6000,0.1300,0.0347,0.0117,0,REST-S,6,3,2
581,3745,0:18:00,0,0.00,0,0.6000,0.1300,0.0347,0.0117,0,REST-S,6,3,2
581,3746,0:18:30,0,0.00,0,0.6000,0.1300,0.0347,0.0117,0,REST-S,6,3,2
581,3747,0:19:00,0,0.00,0,0.6000,0.1300,0.0347,0.0117,0,REST-S,6,3,2
581,3748,0:19:30,0,0.00,0,0.6200,0.1360,0.0347,0.0117,0,REST-S,6,3,2
581,3749,0:20:00,0,29.00,0,0.6200,0.1360,0.0347,0.0117,1,REST-S,6,3,2
581,3750,0:20:30,0,1.00,0,0.6200,0.1360,0.0347,0.0117,0,REST-S,6,3,2
581,3751,0:21:00,0,0.00,0,0.6000,0.1300,0.0347,0.0117,0,REST-S,6,3,2
581,3752,0:21:30,0,0.00,0,0.6000,0.1300,0.0347,0.0117,0,REST-S,6,3,2
581,3753,0:22:00,0,0.00,0,0.6000,0.1300,0.0347,0.0117,0,REST-S,6,3,2
581,3754,0:22:30,0,0.00,0,0.6400,0.1450,0.0347,0.0117,0,REST-S,6,3,2
581,3755,0:23:00,0,0.00,0,0.6200,0.1360,0.0347,0.0117,0,REST-S,6,3,2
581,3756,0:23:30,0,0.00,0,0.6400,0.1450,0.0347,0.0117,0,REST-S,6,3,2
581,3757,0:24:00,0,0.00,0,0.6200,0.1360,0.0347,0.0117,0,REST-S,6,3,2
581,3758,0:24:30,0,0.00,0,0.6400,0.1450,0.0347,0.0117,0,REST-S,6,3,2
581,3759,0:25:00,0,0.00,0,0.6200,0.1360,0.0347,0.0117,0,REST-S,6,3,2
581,3760,0:25:30,0,0.00,0,0.6200,0.1360,0.0347,0.0117,0,REST-S,6,3,2
581,3761,0:26:00,0,0.00,0,0.6200,0.1360,0.0347,0.0117,0,REST-S,6,3,2
581,3762,0:26:30,0,0.00,0,0.6400,0.1450,0.0347,0.0117,0,REST-S,6,3,2
581,3763,0:27:00,0,0.00,0,0.6400,0.1450,0.0347,0.0117,0,REST-S,6,3,2
581,3764,0:27:30,0,0.00,0,0.6200,0.1360,0.0347,0.0117,0,REST-S,6,3,2
581,3765,0:28:00,0,0.00,0,0.6200,0.1360,0.0347,0.0117,0,REST-S,6,3,2
581,3766,0:28:30,0,0.00,0,0.6200,0.1360,0.0347,0.0117,0,REST-S,6,3,2
581,3767,0:29:00,0,0.00,0,0.6200,0.1360,0.0347,0.0117,0,REST-S,6,3,2
581,3768,0:29:30,0,0.00,0,0.6200,0.1360,0.0347,0.0117,0,REST-S,6,3,2
581,3769,0:30:00,0,0.00,0,0.6200,0.1360,0.0347,0.0117,0,REST-S,6,3,2
581,3770,0:30:30,0,0.00,0,0.6200,0.1360,0.0347,0.0117,0,REST-S,6,3,2
581,3771,0:31:00,0,0.00,0,0.6200,0.1360,0.0347,0.0117,0,REST-S,6,3,2
581,3772,0:31:30,0,0.00,0,0.6200,0.1360,0.0347,0.0117,0,REST-S,6,3,2
581,3773,0:32:00,0,0.00,0,0.6200,0.1360,0.0347,0.0117,0,REST-S,6,3,2
581,3774,0:32:30,0,0.00,0,0.6200,0.1360,0.0347,0.0117,0,REST-S,6,3,2
581,3775,0:33:00,0,0.00,0,0.6200,0.1360,0.0347,0.0117,0,REST-S,6,3,2
581,3776,0:33:30,0,0.00,0,0.6200,0.1360,0.0347,0.0117,0,REST-S,6,3,2
581,3777,0:34:00,0,0.00,0,0.6400,0.1450,0.0347,0.0117,0,REST-S,6,3,2
581,3778,0:34:30,0,0.00,0,0.6400,0.1450,0.0347,0.0117,0,REST-S,6,3,2
581,3779,0:35:00,0,0.00,0,0.5900,0.1220,0.0347,0.0117,0,REST-S,6,3,2
581,3780,0:35:30,0,0.00,0,0.5900,0.1220,0.0347,0.0117,0,REST-S,6,3,2
581,3781,0:36:00,0,0.00,0,0.6000,0.1300,0.0347,0.0117,0,REST-S,6,3,2
581,3782,0:36:30,0,5.00,0,0.6200,0.1360,0.0347,0.0117,0,REST-S,6,3,2
581,3783,0:37:00,0,0.00,0,0.6200,0.1360,0.0347,0.0117,0,REST-S,6,3,2
581,3784,0:37:30,0,0.00,0,0.5900,0.1220,0.0347,0.0117,0,REST-S,6,3,2
581,3785,0:38:00,0,0.00,0,0.5900,0.1220,0.0347,0.0117,0,REST-S,6,3,2
581,3786,0:38:30,0,0.00,0,0.5900,0.1220,0.0347,0.0117,0,REST-S,6,3,2
581,3787,0:39:00,0,0.00,0,0.5900,0.1220,0.0347,0.0117,0,REST-S,6,3,2
581,3788,0:39:30,0,0.00,0,0.5900,0.1220,0.0347,0.0117,0,REST-S,6,3,2
581,3789,0:40:00,0,0.00,0,0.5900,0.1220,0.0347,0.0117,0,REST-S,6,3,2
581,3790,0:40:30,0,0.00,0,0.5900,0.1220,0.0347,0.0117,0,REST-S,6,3,2
581,3791,0:41:00,0,0.00,0,0.5900,0.1220,0.0347,0.0117,0,REST-S,6,3,2
581,3792,0:41:30,0,0.00,0,0.5900,0.1220,0.0347,0.0117,0,REST-S,6,3,2
581,3793,0:42:00,0,0.00,0,0.5900,0.1220,0.0347,0.0117,0,REST-S,6,3,2
581,3794,0:42:30,0,0.00,0,0.5900,0.1220,0.0347,0.0117,0,REST-S,6,3,2
581,3795,0:43:00,0,0.00,0,0.5900,0.1220,0.0347,0.0117,0,REST-S,6,3,2
581,3796,0:43:30,0,0.00,0,0.5900,0.1220,0.0347,0.0117,0,REST-S,6,3,2
581,3797,0:44:00,0,0.00,0,0.5900,0.1220,0.0347,0.0117,0,REST-S,6,3,2
581,3798,0:44:30,0,0.00,0,0.5900,0.1220,0.0347,0.0117,0,REST-S,6,3,2
581,3799,0:45:00,0,0.00,0,0.5900,0.1220,0.0347,0.0117,0,REST-S,6,3,2
581,3800,0:45:30,0,0.00,0,0.5900,0.1220,0.0347,0.0117,0,REST-S,6,3,2
581,3801,0:46:00,0,0.00,0,0.5900,0.1220,0.0347,0.0117,0,REST-S,6,3,2
581,3802,0:46:30,0,0.00,0,0.5900,0.1220,0.0347,0.0117,0,REST-S,6,3,2
581,3803,0:47:00,0,0.00,0,0.5900,0.1220,0.0347,0.0117,0,REST-S,6,3,2
581,3804,0:47:30,0,0.00,0,0.5900,0.1220,0.0347,0.0117,0,REST-S,6,3,2
581,3805,0:48:00,0,0.00,0,0.5900,0.1220,0.0347,0.0117,0,REST-S,6,3,2
581,3806,0:48:30,0,0.00,0,0.5900,0.1220,0.0347,0.0117,0,REST-S,6,3,2
581,3807,0:49:00,0,0.00,0,0.5900,0.1220,0.0347,0.0117,0,REST-S,6,3,2
581,3808,0:49:30,0,0.00,0,0.5900,0.1220,0.0347,0.0117,0,REST-S,6,3,2
581,3809,0:50:00,0,0.00,0,0.5900,0.1220,0.0347,0.0117,0,REST-S,6,3,2
581,3810,0:50:30,0,38.00,0,0.5900,0.1220,0.0347,0.0117,1,REST-S,6,3,2
581,3811,0:51:00,0,0.00,0,0.5900,0.1220,0.0347,0.0117,0,REST-S,6,3,2
581,3812,0:51:30,0,0.00,0,0.5900,0.1220,0.0347,0.0117,0,REST-S,6,3,2
581,3813,0:52:00,0,0.00,0,0.5900,0.1220,0.0347,0.0117,0,REST-S,6,3,2
581,3814,0:52:30,0,0.00,0,0.5900,0.1220,0.0347,0.0117,0,REST-S,6,3,2
581,3815,0:53:00,0,0.00,0,0.6200,0.1360,0.0347,0.0117,0,REST-S,6,3,2
581,3816,0:53:30,0,0.00,0,0.6200,0.1360,0.0347,0.0117,0,REST-S,6,3,2
581,3817,0:54:00,0,0.00,0,0.6200,0.1360,0.0347,0.0117,0,REST-S,6,3,2
581,3818,0:54:30,0,0.00,0,0.6200,0.1360,0.0347,0.0117,0,REST-S,6,3,2
581,3819,0:55:00,0,0.00,0,0.6200,0.1360,0.0347,0.0117,0,REST-S,6,3,2
581,3820,0:55:30,0,0.00,0,0.6200,0.1360,0.0347,0.0117,0,REST-S,6,3,2
581,3821,0:56:00,0,0.00,0,0.6200,0.1360,0.0347,0.0117,0,REST-S,6,3,2
581,3822,0:56:30,0,0.00,0,0.6200,0.1360,0.0347,0.0117,0,REST-S,6,3,2
581,3823,0:57:00,0,0.00,0,0.6200,0.1360,0.0347,0.0117,0,REST-S,6,3,2
581,3824,0:57:30,0,0.00,0,0.6200,0.1360,0.0347,0.0117,0,REST-S,6,3,2
581,3825,0:58:00,0,128.00,0,0.6200,0.1360,0.0347,0.0117,1,REST-S,6,3,2
581,3826,0:58:30,0,0.00,0,0.6200,0.1360,0.0347,0.0117,0,REST-S,6,3,2
581,3827,0:59:00,0,0.00,0,0.6200,0.1360,0.0347,0.0117,0,REST-S,6,3,2
581,3828,0:59:30,0,0.00,0,0.6200,0.1360,0.0347,0.0117,0,REST-S,6,3,2
581,3829,1:00:00,0,0.00,0,0.6200,0.1360,0.0347,0.0117,0,REST-S,6,3,2
581,3830,1:00:30,0,0.00,0,0.6200,0.1360,0.0347,0.0117,0,REST-S,6,3,2
581,3831,1:01:00,0,0.00,0,0.6200,0.1360,0.0347,0.0117,0,REST-S,6,3,2
581,3832,1:01:30,0,0.00,0,0.6200,0.1360,0.0347,0.0117,0,REST-S,6,3,2
581,3833,1:02:00,0,0.00,0,0.6200,0.1360,0.0347,0.0117,0,REST-S,6,3,2
581,3834,1:02:30,0,0.00,0,0.6400,0.1450,0.0347,0.0117,0,REST-S,6,3,2
581,3835,1:03:00,0,0.00,0,0.6000,0.1300,0.0347,0.0117,0,REST-S,6,3,2
581,3836,1:03:30,0,0.00,0,0.5900,0.1220,0.0347,0.0117,0,REST-S,6,3,2
581,3837,1:04:00,0,0.00,0,0.5900,0.1220,0.0347,0.0117,0,REST-S,6,3,2
581,3838,1:04:30,0,0.00,0,0.5900,0.1220,0.0347,0.0117,0,REST-S,6,3,2
581,3839,1:05:00,0,0.00,0,0.5900,0.1220,0.0347,0.0117,0,REST-S,6,3,2
581,3840,1:05:30,0,0.00,0,0.5900,0.1220,0.0347,0.0117,0,REST-S,6,3,2
581,3841,1:06:00,0,0.00,0,0.5900,0.1220,0.0347,0.0117,0,REST-S,6,3,2
581,3842,1:06:30,0,0.00,0,0.6000,0.1300,0.0347,0.0117,0,REST-S,6,3,2
581,3843,1:07:00,0,0.00,0,0.5900,0.1220,0.0347,0.0117,0,REST-S,6,3,2
581,3844,1:07:30,0,0.00,0,0.5900,0.1220,0.0347,0.0117,0,REST-S,6,3,2
581,3845,1:08:00,0,1.00,0,0.5900,0.1220,0.0347,0.0117,0,REST-S,6,3,2
581,3846,1:08:30,0,0.00,0,0.5900,0.1220,0.0347,0.0117,0,REST-S,6,3,2
581,3847,1:09:00,0,0.00,0,0.5900,0.1220,0.0347,0.0117,0,REST-S,6,3,2
581,3848,1:09:30,0,0.00,0,0.5900,0.1220,0.0347,0.0117,0,REST-S,6,3,2
581,3849,1:10:00,0,0.00,0,0.5900,0.1220,0.0347,0.0117,0,REST-S,6,3,2
581,3850,1:10:30,0,0.00,0,0.5900,0.1220,0.0347,0.0117,0,REST-S,6,3,2
581,3851,1:11:00,0,0.00,0,0.5900,0.1220,0.0347,0.0117,0,REST-S,6,3,2
581,3852,1:11:30,0,0.00,0,0.5900,0.1220,0.0347,0.0117,0,REST-S,6,3,2
581,3853,1:12:00,0,0.00,0,0.5900,0.1220,0.0347,0.0117,0,REST-S,6,3,2
581,3854,1:12:30,0,79.00,0,0.6000,0.1300,0.0347,0.0117,1,REST-S,6,3,2
581,3855,1:13:00,0,96.00,0,0.5900,0.1220,0.0347,0.0117,1,REST-S,6,3,2
581,3856,1:13:30,0,0.00,0,0.5900,0.1220,0.0347,0.0117,0,REST-S,6,3,2
581,3857,1:14:00,0,0.00,0,0.5900,0.1220,0.0347,0.0117,0,REST-S,6,3,2
581,3858,1:14:30,0,0.00,0,0.5900,0.1220,0.0347,0.0117,0,REST-S,6,3,2
581,3859,1:15:00,0,0.00,0,0.5900,0.1220,0.0347,0.0117,0,REST-S,6,3,2
581,3860,1:15:30,0,0.00,0,0.5900,0.1220,0.0347,0.0117,0,REST-S,6,3,2
581,3861,1:16:00,0,0.00,0,0.5900,0.1220,0.0347,0.0117,0,REST-S,6,3,2
581,3862,1:16:30,0,9.00,0,0.6000,0.1300,0.0347,0.0117,0,REST-S,6,3,2
581,3863,1:17:00,0,15.00,0,0.5900,0.1220,0.0347,0.0117,0,REST-S,6,3,2
581,3864,1:17:30,0,0.00,0,0.6000,0.1300,0.0347,0.0117,0,REST-S,6,3,2
581,3865,1:18:00,0,0.00,0,0.6000,0.1300,0.0347,0.0117,0,REST-S,6,3,2
581,3866,1:18:30,0,0.00,0,0.6000,0.1300,0.0347,0.0117,0,REST-S,6,3,2
581,3867,1:19:00,0,0.00,0,0.6000,0.1300,0.0347,0.0117,0,REST-S,6,3,2
581,3868,1:19:30,0,0.00,0,0.5900,0.1220,0.0347,0.0117,0,REST-S,6,3,2
581,3869,1:20:00,0,0.00,0,0.5900,0.1220,0.0347,0.0117,0,REST-S,6,3,2
581,3870,1:20:30,0,0.00,0,0.6000,0.1300,0.0347,0.0117,0,REST-S,6,3,2
581,3871,1:21:00,0,0.00,0,0.6000,0.1300,0.0347,0.0117,0,REST-S,6,3,2
581,3872,1:21:30,0,0.00,0,0.6000,0.1300,0.0347,0.0117,0,REST-S,6,3,2
581,3873,1:22:00,0,0.00,0,0.5900,0.1220,0.0347,0.0117,0,REST-S,6,3,2
581,3874,1:22:30,0,0.00,0,0.5900,0.1220,0.0347,0.0117,0,REST-S,6,3,2
581,3875,1:23:00,0,0.00,0,0.6000,0.1300,0.0347,0.0117,0,REST-S,6,3,2
581,3876,1:23:30,0,0.00,0,0.6000,0.1300,0.0347,0.0117,0,REST-S,6,3,2
581,3877,1:24:00,0,0.00,0,0.6000,0.1300,0.0347,0.0117,0,REST-S,6,3,2
581,3878,1:24:30,0,0.00,0,0.6000,0.1300,0.0347,0.0117,0,REST-S,6,3,2
581,3879,1:25:00,0,27.00,0,0.6000,0.1300,0.0347,0.0117,1,REST-S,6,3,2
581,3880,1:25:30,0,20.00,0,0.6200,0.1360,0.0347,0.0117,1,REST-S,6,3,2
581,3881,1:26:00,0,0.00,0,0.6400,0.1450,0.0347,0.0117,0,REST-S,6,3,2
581,3882,1:26:30,0,0.00,0,0.6400,0.1450,0.0347,0.0117,0,REST-S,6,3,2
581,3883,1:27:00,0,0.00,0,0.6400,0.1450,0.0347,0.0117,0,REST-S,6,3,2
581,3884,1:27:30,0,1.00,0,0.6400,0.1450,0.0347,0.0117,0,REST-S,6,3,2
581,3885,1:28:00,0,35.00,0,0.6400,0.1450,0.0347,0.0117,1,REST-S,6,3,2
581,3886,1:28:30,0,0.00,0,0.6200,0.1360,0.0347,0.0117,0,REST-S,6,3,2
581,3887,1:29:00,0,0.00,0,0.6400,0.1450,0.0347,0.0117,0,REST-S,6,3,2
581,3888,1:29:30,0,0.00,0,0.6400,0.1450,0.0347,0.0117,0,REST-S,6,3,2
581,3889,1:30:00,0,0.00,0,0.6400,0.1450,0.0347,0.0117,0,REST-S,6,3,2
581,3890,1:30:30,0,0.00,0,0.6400,0.1450,0.0347,0.0117,0,REST-S,6,3,2
581,3891,1:31:00,0,0.00,0,0.6400,0.1450,0.0347,0.0117,0,REST-S,6,3,2
581,3892,1:31:30,0,33.00,0,0.6000,0.1300,0.0347,0.0117,1,REST-S,6,3,2
581,3893,1:32:00,0,0.00,0,0.6000,0.1300,0.0347,0.0117,0,REST-S,6,3,2
581,3894,1:32:30,0,0.00,0,0.6000,0.1300,0.0347,0.0117,0,REST-S,6,3,2
581,3895,1:33:00,0,0.00,0,0.6000,0.1300,0.0347,0.0117,0,REST-S,6,3,2
581,3896,1:33:30,0,0.00,0,0.6000,0.1300,0.0347,0.0117,0,REST-S,6,3,2
581,3897,1:34:00,0,0.00,0,0.5900,0.1220,0.0347,0.0117,0,REST-S,6,3,2
581,3898,1:34:30,0,0.00,0,0.5900,0.1220,0.0347,0.0117,0,REST-S,6,3,2
581,3899,1:35:00,0,0.00,0,0.6200,0.1360,0.0347,0.0117,0,REST-S,6,3,2
581,3900,1:35:30,0,0.00,0,0.6400,0.1450,0.0347,0.0117,0,REST-S,6,3,2
581,3901,1:36:00,0,0.00,0,0.6400,0.1450,0.0347,0.0117,0,REST-S,6,3,2
581,3902,1:36:30,0,0.00,0,0.6400,0.1450,0.0347,0.0117,0,REST-S,6,3,2
581,3903,1:37:00,0,0.00,0,0.6200,0.1360,0.0347,0.0117,0,REST-S,6,3,2
581,3904,1:37:30,0,0.00,0,0.6200,0.1360,0.0347,0.0117,0,REST-S,6,3,2
581,3905,1:38:00,0,100.00,0,0.6400,0.1450,0.0347,0.0117,1,REST-S,6,3,2
581,3906,1:38:30,0,12.00,0,0.6000,0.1300,0.0347,0.0117,1,REST-S,6,3,2
581,3907,1:39:00,0,0.00,0,0.5900,0.1220,0.0347,0.0117,0,REST-S,6,3,2
581,3908,1:39:30,0,59.00,0,0.5900,0.1220,0.0347,0.0117,1,REST-S,6,3,2
581,3909,1:40:00,0,4.00,0,0.5900,0.1220,0.0347,0.0117,0,REST-S,6,3,2
581,3910,1:40:30,0,0.00,0,0.3300,0.1420,0.0000,0.0117,0,REST-S,6,3,2
581,3911,1:41:00,0,0.00,0,0.5900,0.1220,0.0347,0.0117,0,REST-S,6,3,2
581,3912,1:41:30,0,0.00,0,0.5900,0.1220,0.0347,0.0117,0,REST-S,6,3,2
581,3913,1:42:00,0,0.00,0,0.3300,0.1420,0.0000,0.0117,0,REST-S,6,3,2
581,3914,1:42:30,0,0.00,0,0.5900,0.1220,0.0347,0.0117,0,REST-S,6,3,2
581,3915,1:43:00,0,0.00,0,0.3000,0.1300,0.0000,0.0117,0,REST-S,6,3,2
581,3916,1:43:30,0,11.00,0,0.3000,0.1300,0.0000,0.0117,0,REST-S,6,3,2
581,3917,1:44:00,0,0.00,0,0.5900,0.1220,0.0347,0.0117,0,REST-S,6,3,2
581,3918,1:44:30,0,0.00,0,0.3000,0.1300,0.0000,0.0117,0,REST-S,6,3,2
581,3919,1:45:00,0,0.00,0,0.3000,0.1300,0.0000,0.0117,0,REST-S,6,3,2
581,3920,1:45:30,0,0.00,0,0.3000,0.1300,0.0000,0.0117,0,REST-S,6,3,2
581,3921,1:46:00,0,0.00,0,0.5700,0.1140,0.0347,0.0117,0,REST-S,6,3,2
581,3922,1:46:30,0,8.00,0,0.3000,0.1300,0.0000,0.0117,0,REST-S,6,3,2
581,3923,1:47:00,0,0.00,0,0.3000,0.1300,0.0000,0.0117,0,REST-S,6,3,2
581,3924,1:47:30,0,0.00,0,0.3000,0.1300,0.0000,0.0117,0,REST-S,6,3,2
581,3925,1:48:00,0,0.00,0,0.3000,0.1300,0.0000,0.0117,0,REST-S,6,3,2
581,3926,1:48:30,0,0.00,0,0.3000,0.1300,0.0000,0.0117,0,REST-S,6,3,2
581,3927,1:49:00,0,0.00,0,0.3000,0.1300,0.0000,0.0117,0,REST-S,6,3,2
581,3928,1:49:30,0,0.00,0,0.5700,0.1140,0.0347,0.0117,0,REST-S,6,3,2
581,3929,1:50:00,0,0.00,0,0.4700,0.1140,0.0251,0.0000,0,REST-S,6,3,2
581,3930,1:50:30,0,0.00,0,0.3000,0.1300,0.0000,0.0117,0,REST-S,6,3,2
581,3931,1:51:00,0,0.00,0,0.4700,0.1140,0.0251,0.0000,1,REST-S,6,3,2
581,3932,1:51:30,0,133.00,0,0.3000,0.1300,0.0000,0.0117,1,REST-S,6,3,2
581,3933,1:52:00,0,56.00,0,0.5700,0.1140,0.0347,0.0117,1,REST-S,6,3,2
581,3934,1:52:30,0,18.00,0,0.3000,0.1300,0.0000,0.0117,1,REST-S,6,3,2
581,3935,1:53:00,0,338.00,0,0.8200,0.2280,0.0347,0.0117,1,REST-S,6,3,2
581,3936,1:53:30,0,411.00,0,7.7700,2.4700,0.2600,0.0279,1,REST-S,6,3,2
581,3937,1:54:00,0,0.00,0,3.1600,0.7200,0.1760,0.0230,1,REST-S,6,3,2
581,3938,1:54:30,0,2.00,0,3.6800,0.8560,0.2000,0.0279,1,REST-S,6,3,2
581,3939,1:55:00,0,8.00,0,2.6800,0.6050,0.1510,0.0162,1,REST-S,6,3,2
581,3940,1:55:30,0,1.00,0,2.7800,0.6460,0.1510,0.0230,0,REST-S,6,3,2
581,3941,1:56:00,0,0.00,0,3.1200,0.7040,0.1760,0.0230,0,REST-S,6,3,2
581,3942,1:56:30,0,8.00,0,4.6100,1.0400,0.2600,0.0347,0,REST-S,6,3,2
581,3943,1:57:00,0,0.00,0,5.9800,1.3500,0.3370,0.0412,0,REST-S,6,3,2
581,3944,1:57:30,0,7.00,0,6.3100,1.4100,0.3600,0.0460,0,REST-S,6,3,2
581,3945,1:58:00,0,23.00,0,3.1900,0.7350,0.1760,0.0230,1,REST-S,6,3,2
581,3946,1:58:30,0,0.00,0,4.6100,1.0400,0.2600,0.0347,0,REST-S,6,3,2
581,3947,1:59:00,0,0.00,0,4.7200,1.0900,0.2600,0.0347,0,REST-S,6,3,2
581,3948,1:59:30,0,1.00,0,3.6800,0.8560,0.2000,0.0279,0,REST-S,6,3,2
581,3949,2:00:00,0,5.00,0,5.0800,1.1300,0.2900,0.0347,0,REST-S,6,3,2
581,3950,2:00:30,0,0.00,0,5.9800,1.3500,0.3370,0.0460,0,REST-S,6,3,2
581,3951,2:01:00,0,11.00,0,5.0300,1.1100,0.2900,0.0347,0,REST-S,6,3,2
581,3952,2:01:30,0,0.00,0,2.8400,0.6740,0.1510,0.0230,0,REST-S,6,3,2
581,3953,2:02:00,0,21.00,0,3.3800,0.8200,0.1760,0.0230,1,REST-S,6,3,2
581,3954,2:02:30,0,0.00,0,3.6800,0.8560,0.2000,0.0279,0,REST-S,6,3,2
581,3955,2:03:00,0,0.00,0,3.9600,0.8940,0.2230,0.0279,0,REST-S,6,3,2
581,3956,2:03:30,0,11.00,0,3.9100,0.7680,0.2440,0.0694,0,REST-S,6,3,2
581,3957,2:04:00,0,0.00,0,3.6000,0.8200,0.2000,0.0279,0,REST-S,6,3,2
581,3958,2:04:30,0,0.00,0,4.0100,0.9130,0.2230,0.0279,0,REST-S,6,3,2
581,3959,2:05:00,0,4.00,0,4.6600,1.0600,0.2600,0.0347,0,REST-S,6,3,2
581,3960,2:05:30,0,14.00,0,3.7600,0.8940,0.2000,0.0279,0,REST-S,6,3,2
581,3961,2:06:00,0,0.00,0,3.6000,0.8200,0.2000,0.0279,0,REST-S,6,3,2
581,3962,2:06:30,0,0.00,0,3.7600,0.8940,0.2000,0.0279,0,REST-S,6,3,2
581,3963,2:07:00,0,0.00,0,4.5200,0.9960,0.2600,0.0347,0,REST-S,6,3,2
581,3964,2:07:30,0,11.00,0,4.6600,1.0600,0.2600,0.0347,0,REST-S,6,3,2
581,3965,2:08:00,0,0.00,0,5.0800,1.1300,0.2900,0.0347,0,REST-S,6,3,2
581,3966,2:08:30,0,0.00,0,5.1400,1.1600,0.2900,0.0412,0,REST-S,6,3,2
581,3967,2:09:00,0,13.00,0,4.6100,1.0400,0.2600,0.0347,0,REST-S,6,3,2
581,3968,2:09:30,0,1.00,0,2.7200,0.6180,0.1510,0.0230,0,REST-S,6,3,2
581,3969,2:10:00,0,20.00,0,2.6500,0.5920,0.1510,0.0162,1,REST-S,6,3,2
581,3970,2:10:30,0,0.00,0,2.7800,0.6460,0.1510,0.0230,0,REST-S,6,3,2
581,3971,2:11:00,0,6.00,0,3.5200,0.7850,0.2000,0.0230,0,REST-S,6,3,2
581,3972,2:11:30,0,8.00,0,6.9000,1.4400,0.4190,0.0460,0,REST-S,6,3,2
581,3973,2:12:00,0,0.00,0,7.5300,1.5400,0.4670,0.0460,0,REST-S,6,3,2
581,3974,2:12:30,0,0.00,0,8.9200,1.9500,0.5200,0.0571,0,REST-S,6,3,2
581,3975,2:13:00,0,4.00,0,6.4300,1.6400,0.3160,0.0347,0,REST-S,6,3,2
581,3976,2:13:30,0,11.00,0,3.3400,0.8020,0.1760,0.0230,0,REST-S,6,3,2
581,3977,2:14:00,0,0.00,0,3.2300,0.7510,0.1760,0.0230,0,REST-S,6,3,2
581,3978,2:14:30,0,1.00,0,3.2300,0.7510,0.1760,0.0230,0,REST-S,6,3,2
581,3979,2:15:00,0,0.00,0,3.6400,0.8370,0.2000,0.0279,0,REST-S,6,3,2
581,3980,2:15:30,0,5.00,0,6.1800,1.3500,0.3600,0.0412,0,REST-S,6,3,2
581,3981,2:16:00,0,0.00,0,8.0100,1.8700,0.4370,0.0460,0,REST-S,6,3,2
581,3982,2:16:30,0,1.00,0,5.7800,1.5700,0.2600,0.0279,0,REST-S,6,3,2
581,3983,2:17:00,0,13.00,0,3.9600,0.8940,0.2230,0.0279,0,REST-S,6,3,2
581,3984,2:17:30,0,0.00,0,3.3000,0.7850,0.1760,0.0230,0,REST-S,6,3,2
581,3985,2:18:00,0,0.00,0,3.5900,0.8200,0.2000,0.0230,0,REST-S,6,3,2
581,3986,2:18:30,0,9.00,0,4.0100,0.9130,0.2230,0.0279,0,REST-S,6,3,2
581,3987,2:19:00,0,0.00,0,9.0100,1.9900,0.5200,0.0535,0,REST-S,6,3,2
581,3988,2:19:30,0,0.00,0,10.8500,2.5800,0.5790,0.0571,0,REST-S,6,3,2
581,3989,2:20:00,0,1.00,0,9.6200,2.1300,0.5550,0.0571,0,REST-S,6,3,2
581,3990,2:20:30,0,7.00,0,4.0500,0.9330,0.2230,0.0279,0,REST-S,6,3,2
581,3991,2:21:00,0,5.00,0,3.5200,0.7850,0.2000,0.0230,0,REST-S,6,3,2
581,3992,2:21:30,0,1.00,0,3.5900,0.8200,0.2000,0.0230,0,REST-S,6,3,2
581,3993,2:22:00,0,36.00,0,3.5500,0.8020,0.2000,0.0230,1,REST-S,6,3,2
581,3994,2:22:30,0,12.00,0,3.1900,0.7350,0.1760,0.0230,0,REST-S,6,3,2
581,3995,2:23:00,0,0.00,0,5.4900,1.2100,0.3160,0.0412,0,REST-S,6,3,2
581,3996,2:23:30,0,5.00,0,5.6100,1.2600,0.3160,0.0412,0,REST-S,6,3,2
581,3997,2:24:00,0,0.00,0,6.1100,1.3200,0.3600,0.0412,0,REST-S,6,3,2
581,3998,2:24:30,0,0.00,0,5.6100,1.2600,0.3160,0.0412,0,REST-S,6,3,2
581,3999,2:25:00,0,8.00,0,3.8000,0.9130,0.2000,0.0279,0,REST-S,6,3,2
581,4000,2:25:30,0,0.00,0,4.0500,0.9330,0.2230,0.0279,0,REST-S,6,3,2
581,4001,2:26:00,0,0.00,0,4.1900,0.9960,0.2230,0.0279,0,REST-S,6,3,2
581,4002,2:26:30,0,36.00,0,17.4400,3.3500,1.1300,0.0939,1,REST-S,6,3,2
581,4003,2:27:00,0,8.00,0,4.6100,1.0400,0.2600,0.0347,0,REST-S,6,3,2
581,4004,2:27:30,0,0.00,0,5.0300,1.1100,0.2900,0.0347,0,REST-S,6,3,2
581,4005,2:28:00,0,0.00,0,5.1400,1.1600,0.2900,0.0347,0,REST-S,6,3,2
581,4006,2:28:30,0,6.00,0,4.6100,1.0400,0.2600,0.0347,0,REST-S,6,3,2
581,4007,2:29:00,0,13.00,0,3.8500,0.9330,0.2000,0.0279,0,REST-S,6,3,2
581,4008,2:29:30,0,0.00,0,3.6800,0.8560,0.2000,0.0279,0,REST-S,6,3,2
581,4009,2:30:00,0,4.00,0,3.4200,0.8370,0.1760,0.0230,0,REST-S,6,3,2
581,4010,2:30:30,0,0.00,0,3.2600,0.7680,0.1760,0.0230,0,REST-S,6,3,2
581,4011,2:31:00,0,1.00,0,4.0100,0.9130,0.2230,0.0279,0,REST-S,6,3,2
581,4012,2:31:30,0,0.00,0,4.0500,0.9330,0.2230,0.0279,0,REST-S,6,3,2
581,4013,2:32:00,0,7.00,0,4.1000,0.9540,0.2230,0.0279,0,REST-S,6,3,2
581,4014,2:32:30,0,5.00,0,4.1000,0.9540,0.2230,0.0279,0,REST-S,6,3,2
581,4015,2:33:00,0,11.00,0,3.3800,0.8200,0.1760,0.0230,0,REST-S,6,3,2
581,4016,2:33:30,0,0.00,0,3.7200,0.8750,0.2000,0.0279,0,REST-S,6,3,2
581,4017,2:34:00,0,2.00,0,3.2600,0.7680,0.1760,0.0230,0,REST-S,6,3,2
581,4018,2:34:30,0,8.00,0,3.8000,0.9130,0.2000,0.0279,0,REST-S,6,3,2
581,4019,2:35:00,0,0.00,0,5.5500,1.2400,0.3160,0.0412,0,REST-S,6,3,2
581,4020,2:35:30,0,0.00,0,6.3900,1.3500,0.3840,0.0412,0,REST-S,6,3,2
581,4021,2:36:00,0,1.00,0,6.3300,1.3200,0.3840,0.0460,0,REST-S,6,3,2
581,4022,2:36:30,0,9.00,0,4.1000,0.9540,0.2230,0.0279,0,REST-S,6,3,2
581,4023,2:37:00,0,0.00,0,3.6300,0.8370,0.2000,0.0230,0,REST-S,6,3,2
581,4024,2:37:30,0,0.00,0,3.7200,0.8750,0.2000,0.0279,0,REST-S,6,3,2
581,4025,2:38:00,0,4.00,0,3.7600,0.8940,0.2000,0.0279,0,REST-S,6,3,2
581,4026,2:38:30,0,0.00,0,6.3900,1.3500,0.3840,0.0412,0,REST-S,6,3,2
581,4027,2:39:00,0,0.00,0,6.8300,1.4100,0.4190,0.0460,0,REST-S,6,3,2
581,4028,2:39:30,0,2.00,0,6.0500,1.2900,0.3600,0.0412,0,REST-S,6,3,2
581,4029,2:40:00,0,1.00,0,4.1000,0.9540,0.2230,0.0279,0,REST-S,6,3,2
581,4030,2:40:30,0,1.00,0,3.6400,0.8370,0.2000,0.0279,0,REST-S,6,3,2
581,4031,2:41:00,0,0.00,0,3.6300,0.8370,0.2000,0.0230,0,REST-S,6,3,2
581,4032,2:41:30,0,6.00,0,3.8000,0.9130,0.2000,0.0279,0,REST-S,6,3,2
581,4033,2:42:00,0,1.00,0,3.6700,0.8560,0.2000,0.0230,0,REST-S,6,3,2
581,4034,2:42:30,0,9.00,0,3.7600,0.8940,0.2000,0.0279,0,REST-S,6,3,2
581,4035,2:43:00,0,0.00,0,3.7600,0.8940,0.2000,0.0279,0,REST-S,6,3,2
581,4036,2:43:30,0,8.00,0,4.1000,0.9540,0.2230,0.0279,0,REST-S,6,3,2
581,4037,2:44:00,0,0.00,0,4.1000,0.9540,0.2230,0.0279,0,REST-S,6,3,2
581,4038,2:44:30,0,9.00,0,3.4200,0.8370,0.1760,0.0230,0,REST-S,6,3,2
581,4039,2:45:00,0,0.00,0,3.3800,0.8200,0.1760,0.0230,0,REST-S,6,3,2
581,4040,2:45:30,0,0.00,0,3.7600,0.8940,0.2000,0.0230,0,REST-S,6,3,2
581,4041,2:46:00,0,9.00,0,3.7600,0.8940,0.2000,0.0279,0,REST-S,6,3,2
581,4042,2:46:30,0,1.00,0,4.1000,0.9540,0.2230,0.0279,0,REST-S,6,3,2
581,4043,2:47:00,0,0.00,0,4.3400,1.0600,0.2230,0.0279,0,REST-S,6,3,2
581,4044,2:47:30,0,0.00,0,4.2900,1.0400,0.2230,0.0347,0,REST-S,6,3,2
581,4045,2:48:00,0,0.00,0,4.1400,0.9750,0.2230,0.0279,0,REST-S,6,3,2
581,4046,2:48:30,0,6.00,0,3.4200,0.8370,0.1760,0.0230,0,REST-S,6,3,2
581,4047,2:49:00,0,0.00,0,3.5000,0.8750,0.1760,0.0230,0,REST-S,6,3,2
581,4048,2:49:30,0,0.00,0,3.9400,0.9750,0.2000,0.0279,0,REST-S,6,3,2
581,4049,2:50:00,0,6.00,0,4.1400,0.9750,0.2230,0.0279,0,REST-S,6,3,2
581,4050,2:50:30,0,0.00,0,3.7100,0.8750,0.2000,0.0230,0,REST-S,6,3,2
581,4051,2:51:00,0,0.00,0,3.7600,0.8940,0.2000,0.0279,0,REST-S,6,3,2
581,4052,2:51:30,0,5.00,0,4.0500,0.9330,0.2230,0.0279,0,REST-S,6,3,2
581,4053,2:52:00,0,2.00,0,3.8000,0.9130,0.2000,0.0230,0,REST-S,6,3,2
581,4054,2:52:30,0,0.00,0,4.3400,1.0600,0.2230,0.0279,0,REST-S,6,3,2
581,4055,2:53:00,0,0.00,0,4.7200,1.0900,0.2600,0.0347,0,REST-S,6,3,2
581,4056,2:53:30,0,12.00,0,4.1400,0.9750,0.2230,0.0279,1,REST-S,6,3,2
581,4057,2:54:00,0,15.00,0,3.7200,0.8750,0.2000,0.0279,1,REST-S,6,3,2
581,4058,2:54:30,0,187.00,0,0.2900,0.1300,0.0000,0.0000,1,REST-S,6,3,2
581,4059,2:55:00,0,0.00,0,0.3100,0.1420,0.0000,0.0000,1,REST-S,6,3,2
581,4060,2:55:30,0,0.00,0,0.3100,0.1420,0.0000,0.0000,0,REST-S,6,3,2
581,4061,2:56:00,0,0.00,0,0.3100,0.1420,0.0000,0.0000,0,REST-S,6,3,2
581,4062,2:56:30,0,0.00,0,0.3100,0.1420,0.0000,0.0000,0,REST-S,6,3,2
581,4063,2:57:00,0,0.00,0,0.3100,0.1420,0.0000,0.0000,0,REST-S,6,3,2
581,4064,2:57:30,0,0.00,0,0.3100,0.1420,0.0000,0.0000,0,REST-S,6,3,2
581,4065,2:58:00,0,0.00,0,0.3100,0.1420,0.0000,0.0000,0,REST-S,6,3,2
581,4066,2:58:30,0,0.00,0,0.3100,0.1420,0.0000,0.0000,0,REST-S,6,3,2
581,4067,2:59:00,0,0.00,0,0.3100,0.1420,0.0000,0.0000,0,REST-S,6,3,2
581,4068,2:59:30,0,61.00,0,0.3100,0.1420,0.0000,0.0000,1,REST-S,6,3,2
581,4069,3:00:00,0,0.00,0,0.3100,0.1420,0.0000,0.0000,0,REST-S,6,3,2
581,4070,3:00:30,0,0.00,0,0.3100,0.1420,0.0000,0.0000,0,REST-S,6,3,2
581,4071,3:01:00,0,0.00,0,0.3100,0.1420,0.0000,0.0000,0,REST-S,6,3,2
581,4072,3:01:30,0,0.00,0,0.3100,0.1420,0.0000,0.0000,0,REST-S,6,3,2
581,4073,3:02:00,0,0.00,0,0.3200,0.1450,0.0000,0.0000,0,REST-S,6,3,2
581,4074,3:02:30,0,0.00,0,0.3200,0.1450,0.0000,0.0000,0,REST-S,6,3,2
581,4075,3:03:00,0,0.00,0,0.3200,0.1450,0.0000,0.0000,0,REST-S,6,3,2
581,4076,3:03:30,0,0.00,0,0.3300,0.1450,0.0000,0.0117,0,REST-S,6,3,2
581,4077,3:04:00,0,0.00,0,0.3200,0.1450,0.0000,0.0000,0,REST-S,6,3,2
581,4078,3:04:30,0,0.00,0,0.3200,0.1450,0.0000,0.0000,0,REST-S,6,3,2
581,4079,3:05:00,0,0.00,0,0.5200,0.1360,0.0251,0.0000,0,REST-S,6,3,2
581,4080,3:05:30,0,0.00,0,0.6000,0.1300,0.0347,0.0117,0,REST-S,6,3,2
581,4081,3:06:00,0,0.00,0,0.5200,0.1360,0.0251,0.0000,0,REST-S,6,3,2
581,4082,3:06:30,0,0.00,0,0.5200,0.1360,0.0251,0.0000,0,REST-S,6,3,2
581,4083,3:07:00,0,0.00,0,0.3600,0.1580,0.0000,0.0117,0,REST-S,6,3,2
581,4084,3:07:30,0,0.00,0,0.6000,0.1300,0.0347,0.0117,0,REST-S,6,3,2
581,4085,3:08:00,0,0.00,0,0.6200,0.1360,0.0347,0.0117,0,REST-S,6,3,2
581,4086,3:08:30,0,0.00,0,0.6200,0.1360,0.0347,0.0117,0,REST-S,6,3,2
581,4087,3:09:00,0,0.00,0,0.6200,0.1360,0.0347,0.0117,0,REST-S,6,3,2
581,4088,3:09:30,0,0.00,0,0.6200,0.1360,0.0347,0.0117,0,REST-S,6,3,2
581,4089,3:10:00,0,0.00,0,0.6200,0.1360,0.0347,0.0117,0,REST-S,6,3,2
581,4090,3:10:30,0,0.00,0,0.6200,0.1360,0.0347,0.0117,0,REST-S,6,3,2
581,4091,3:11:00,0,0.00,0,0.6200,0.1360,0.0347,0.0117,0,REST-S,6,3,2
581,4092,3:11:30,0,0.00,0,0.6400,0.1450,0.0347,0.0117,0,REST-S,6,3,2
581,4093,3:12:00,0,0.00,0,0.6200,0.1360,0.0347,0.0117,0,REST-S,6,3,2
581,4094,3:12:30,0,103.00,0,0.5200,0.1360,0.0251,0.0000,1,REST-S,6,3,2
581,4095,3:13:00,0,9.00,0,0.6000,0.1300,0.0347,0.0117,0,REST-S,6,3,2
581,4096,3:13:30,0,0.00,0,0.6400,0.1450,0.0347,0.0117,0,REST-S,6,3,2
581,4097,3:14:00,0,0.00,0,0.6200,0.1360,0.0347,0.0117,0,REST-S,6,3,2
581,4098,3:14:30,0,0.00,0,0.6200,0.1360,0.0347,0.0117,0,REST-S,6,3,2
581,4099,3:15:00,0,0.00,0,0.6200,0.1360,0.0347,0.0117,0,REST-S,6,3,2
581,4100,3:15:30,0,0.00,0,0.6200,0.1360,0.0347,0.0117,0,REST-S,6,3,2
581,4101,3:16:00,0,0.00,0,0.6200,0.1360,0.0347,0.0117,0,REST-S,6,3,2
581,4102,3:16:30,0,0.00,0,0.6200,0.1360,0.0347,0.0117,0,REST-S,6,3,2
581,4103,3:17:00,0,0.00,0,0.6200,0.1360,0.0347,0.0117,0,REST-S,6,3,2
581,4104,3:17:30,0,0.00,0,0.6200,0.1360,0.0347,0.0117,0,REST-S,6,3,2
581,4105,3:18:00,0,0.00,0,0.6200,0.1360,0.0347,0.0117,0,REST-S,6,3,2
581,4106,3:18:30,0,0.00,0,0.6200,0.1360,0.0347,0.0117,0,REST-S,6,3,2
581,4107,3:19:00,0,0.00,0,0.6200,0.1360,0.0347,0.0117,0,REST-S,6,3,2
581,4108,3:19:30,0,0.00,0,0.6200,0.1360,0.0347,0.0117,0,REST-S,6,3,2
581,4109,3:20:00,0,0.00,0,0.6400,0.1450,0.0347,0.0117,0,REST-S,6,3,2
581,4110,3:20:30,0,0.00,0,0.6400,0.1450,0.0347,0.0117,0,REST-S,6,3,2
581,4111,3:21:00,0,0.00,0,0.6400,0.1450,0.0347,0.0117,0,REST-S,6,3,2
581,4112,3:21:30,0,0.00,0,0.6200,0.1360,0.0347,0.0117,0,REST-S,6,3,2
581,4113,3:22:00,0,0.00,0,0.6200,0.1360,0.0347,0.0117,0,REST-S,6,3,2
581,4114,3:22:30,0,0.00,0,0.6200,0.1360,0.0347,0.0117,0,REST-S,6,3,2
581,4115,3:23:00,0,56.00,0,0.6200,0.1360,0.0347,0.0117,1,REST-S,6,3,2
581,4116,3:23:30,0,0.00,0,0.6200,0.1360,0.0347,0.0117,0,REST-S,6,3,2
581,4117,3:24:00,0,0.00,0,0.6200,0.1360,0.0347,0.0117,0,REST-S,6,3,2
581,4118,3:24:30,0,0.00,0,0.6200,0.1360,0.0347,0.0117,0,REST-S,6,3,2
581,4119,3:25:00,0,0.00,0,0.6000,0.1300,0.0347,0.0117,0,REST-S,6,3,2
581,4120,3:25:30,0,0.00,0,0.6000,0.1300,0.0347,0.0117,0,REST-S,6,3,2
581,4121,3:26:00,0,0.00,0,0.6200,0.1360,0.0347,0.0117,0,REST-S,6,3,2
581,4122,3:26:30,0,0.00,0,0.6200,0.1360,0.0347,0.0117,0,REST-S,6,3,2
581,4123,3:27:00,0,0.00,0,0.6200,0.1360,0.0347,0.0117,0,REST-S,6,3,2
581,4124,3:27:30,0,0.00,0,0.6200,0.1360,0.0347,0.0117,0,REST-S,6,3,2
581,4125,3:28:00,0,0.00,0,0.6200,0.1360,0.0347,0.0117,0,REST-S,6,3,2
581,4126,3:28:30,0,0.00,0,0.6200,0.1360,0.0347,0.0117,0,REST-S,6,3,2
581,4127,3:29:00,0,0.00,0,0.5200,0.1360,0.0251,0.0000,0,REST-S,6,3,2
581,4128,3:29:30,0,0.00,0,0.6200,0.1360,0.0347,0.0117,0,REST-S,6,3,2
581,4129,3:30:00,0,0.00,0,0.6200,0.1360,0.0347,0.0117,0,REST-S,6,3,2
581,4130,3:30:30,0,0.00,0,0.6200,0.1360,0.0347,0.0117,0,REST-S,6,3,2
581,4131,3:31:00,0,0.00,0,0.6200,0.1360,0.0347,0.0117,0,REST-S,6,3,2
581,4132,3:31:30,0,0.00,0,0.6200,0.1360,0.0347,0.0117,0,REST-S,6,3,2
581,4133,3:32:00,0,0.00,0,0.6200,0.1360,0.0347,0.0117,0,REST-S,6,3,2
581,4134,3:32:30,0,0.00,0,0.6200,0.1360,0.0347,0.0117,0,REST-S,6,3,2
581,4135,3:33:00,0,0.00,0,0.6200,0.1360,0.0347,0.0117,0,REST-S,6,3,2
581,4136,3:33:30,0,0.00,0,0.6200,0.1360,0.0347,0.0117,0,REST-S,6,3,2
581,4137,3:34:00,0,0.00,0,0.6200,0.1360,0.0347,0.0117,0,REST-S,6,3,2
581,4138,3:34:30,0,0.00,0,0.6200,0.1360,0.0347,0.0117,0,REST-S,6,3,2
581,4139,3:35:00,0,0.00,0,0.6200,0.1360,0.0347,0.0117,0,REST-S,6,3,2
581,4140,3:35:30,0,0.00,0,0.6200,0.1360,0.0347,0.0117,0,REST-S,6,3,2
581,4141,3:36:00,0,0.00,0,0.6200,0.1360,0.0347,0.0117,0,REST-S,6,3,2
581,4142,3:36:30,0,0.00,0,0.6000,0.1300,0.0347,0.0117,0,REST-S,6,3,2
581,4143,3:37:00,0,0.00,0,0.5900,0.1220,0.0347,0.0117,0,REST-S,6,3,2
581,4144,3:37:30,0,0.00,0,0.5900,0.1220,0.0347,0.0117,0,REST-S,6,3,2
581,4145,3:38:00,0,0.00,0,0.5900,0.1220,0.0347,0.0117,0,REST-S,6,3,2
581,4146,3:38:30,0,0.00,0,0.4900,0.1220,0.0251,0.0000,0,REST-S,6,3,2
581,4147,3:39:00,0,0.00,0,0.5700,0.1140,0.0347,0.0117,0,REST-S,6,3,2
581,4148,3:39:30,0,0.00,0,0.5700,0.1140,0.0347,0.0117,0,REST-S,6,3,2
581,4149,3:40:00,0,0.00,0,0.5900,0.1220,0.0347,0.0117,0,REST-S,6,3,2
581,4150,3:40:30,0,0.00,0,0.5900,0.1220,0.0347,0.0117,0,REST-S,6,3,2
581,4151,3:41:00,0,0.00,0,0.6000,0.1300,0.0347,0.0117,0,REST-S,6,3,2
581,4152,3:41:30,0,0.00,0,0.5900,0.1220,0.0347,0.0117,0,REST-S,6,3,2
581,4153,3:42:00,0,0.00,0,0.5900,0.1220,0.0347,0.0117,0,REST-S,6,3,2
581,4154,3:42:30,0,0.00,0,0.5900,0.1220,0.0347,0.0117,0,REST-S,6,3,2
581,4155,3:43:00,0,0.00,0,0.6200,0.1360,0.0347,0.0117,0,REST-S,6,3,2
581,4156,3:43:30,0,0.00,0,0.6200,0.1360,0.0347,0.0117,0,REST-S,6,3,2
581,4157,3:44:00,0,56.00,0,0.6200,0.1360,0.0347,0.0117,1,REST-S,6,3,2
581,4158,3:44:30,0,0.00,0,0.6200,0.1360,0.0347,0.0117,0,REST-S,6,3,2
581,4159,3:45:00,0,0.00,0,0.6200,0.1360,0.0347,0.0117,0,REST-S,6,3,2
581,4160,3:45:30,0,0.00,0,0.6200,0.1360,0.0347,0.0117,0,REST-S,6,3,2
581,4161,3:46:00,0,0.00,0,0.6200,0.1360,0.0347,0.0117,0,REST-S,6,3,2
581,4162,3:46:30,0,0.00,0,0.6200,0.1360,0.0347,0.0117,0,REST-S,6,3,2
581,4163,3:47:00,0,0.00,0,0.6200,0.1360,0.0347,0.0117,0,REST-S,6,3,2
581,4164,3:47:30,0,0.00,0,0.5900,0.1220,0.0347,0.0117,0,REST-S,6,3,2
581,4165,3:48:00,0,0.00,0,0.5900,0.1220,0.0347,0.0117,0,REST-S,6,3,2
581,4166,3:48:30,0,0.00,0,0.5900,0.1220,0.0347,0.0117,0,REST-S,6,3,2
581,4167,3:49:00,0,0.00,0,0.5900,0.1220,0.0347,0.0117,0,REST-S,6,3,2
581,4168,3:49:30,0,0.00,0,0.5900,0.1220,0.0347,0.0117,0,REST-S,6,3,2
581,4169,3:50:00,0,0.00,0,0.5900,0.1220,0.0347,0.0117,0,REST-S,6,3,2
581,4170,3:50:30,0,0.00,0,0.6000,0.1300,0.0347,0.0117,0,REST-S,6,3,2
581,4171,3:51:00,0,0.00,0,0.6000,0.1300,0.0347,0.0117,0,REST-S,6,3,2
581,4172,3:51:30,0,0.00,0,0.6000,0.1300,0.0347,0.0117,0,REST-S,6,3,2
581,4173,3:52:00,0,0.00,0,0.6000,0.1300,0.0347,0.0117,0,REST-S,6,3,2
581,4174,3:52:30,0,0.00,0,0.6000,0.1300,0.0347,0.0117,0,REST-S,6,3,2
581,4175,3:53:00,0,0.00,0,0.6000,0.1300,0.0347,0.0117,0,REST-S,6,3,2
581,4176,3:53:30,0,0.00,0,0.6000,0.1300,0.0347,0.0117,0,REST-S,6,3,2
581,4177,3:54:00,0,0.00,0,0.6000,0.1300,0.0347,0.0117,0,REST-S,6,3,2
581,4178,3:54:30,0,0.00,0,0.6000,0.1300,0.0347,0.0117,0,REST-S,6,3,2
581,4179,3:55:00,0,0.00,0,0.6000,0.1300,0.0347,0.0117,0,REST-S,6,3,2
581,4180,3:55:30,0,0.00,0,0.6000,0.1300,0.0347,0.0117,0,REST-S,6,3,2
581,4181,3:56:00,0,0.00,0,0.5900,0.1220,0.0347,0.0117,0,REST-S,6,3,2
581,4182,3:56:30,0,0.00,0,0.5900,0.1220,0.0347,0.0117,0,REST-S,6,3,2
581,4183,3:57:00,0,0.00,0,0.5900,0.1220,0.0347,0.0117,0,REST-S,6,3,2
581,4184,3:57:30,0,0.00,0,0.6000,0.1300,0.0347,0.0117,0,REST-S,6,3,2
581,4185,3:58:00,0,0.00,0,0.5900,0.1220,0.0347,0.0117,0,REST-S,6,3,2
581,4186,3:58:30,0,0.00,0,0.5900,0.1220,0.0347,0.0117,0,REST-S,6,3,2
581,4187,3:59:00,0,0.00,0,0.6000,0.1300,0.0347,0.0117,0,REST-S,6,3,2
581,4188,3:59:30,0,0.00,0,0.6000,0.1300,0.0347,0.0117,0,REST-S,6,3,2
581,4189,4:00:00,0,0.00,0,0.5900,0.1220,0.0347,0.0117,0,REST-S,6,3,2
581,4190,4:00:30,0,0.00,0,0.5900,0.1220,0.0347,0.0117,0,REST-S,6,3,2
581,4191,4:01:00,0,0.00,0,0.5900,0.1220,0.0347,0.0117,0,REST-S,6,3,2
581,4192,4:01:30,0,0.00,0,0.5900,0.1220,0.0347,0.0117,0,REST-S,6,3,2
581,4193,4:02:00,0,0.00,0,0.5900,0.1220,0.0347,0.0117,0,REST-S,6,3,2
581,4194,4:02:30,0,0.00,0,0.6000,0.1300,0.0347,0.0117,0,REST-S,6,3,2
581,4195,4:03:00,0,0.00,0,0.5900,0.1220,0.0347,0.0117,0,REST-S,6,3,2
581,4196,4:03:30,0,0.00,0,0.5900,0.1220,0.0347,0.0117,0,REST-S,6,3,2
581,4197,4:04:00,0,0.00,0,0.5900,0.1220,0.0347,0.0117,0,REST-S,6,3,2
581,4198,4:04:30,0,0.00,0,0.6000,0.1300,0.0347,0.0117,0,REST-S,6,3,2
581,4199,4:05:00,0,0.00,0,0.5900,0.1220,0.0347,0.0117,0,REST-S,6,3,2
581,4200,4:05:30,0,0.00,0,0.6000,0.1300,0.0347,0.0117,0,REST-S,6,3,2
581,4201,4:06:00,0,0.00,0,0.5900,0.1220,0.0347,0.0117,0,REST-S,6,3,2
581,4202,4:06:30,0,0.00,0,0.6000,0.1300,0.0347,0.0117,0,REST-S,6,3,2
581,4203,4:07:00,0,0.00,0,0.6000,0.1300,0.0347,0.0117,0,REST-S,6,3,2
581,4204,4:07:30,0,0.00,0,0.6000,0.1300,0.0347,0.0117,0,REST-S,6,3,2
581,4205,4:08:00,0,0.00,0,0.6000,0.1300,0.0347,0.0117,0,REST-S,6,3,2
581,4206,4:08:30,0,0.00,0,0.6000,0.1300,0.0347,0.0117,0,REST-S,6,3,2
581,4207,4:09:00,0,0.00,0,0.6000,0.1300,0.0347,0.0117,0,REST-S,6,3,2
581,4208,4:09:30,0,0.00,0,0.6000,0.1300,0.0347,0.0117,0,REST-S,6,3,2
581,4209,4:10:00,0,0.00,0,0.6000,0.1300,0.0347,0.0117,0,REST-S,6,3,2
581,4210,4:10:30,0,0.00,0,0.6000,0.1300,0.0347,0.0117,0,REST-S,6,3,2
581,4211,4:11:00,0,0.00,0,0.6000,0.1300,0.0347,0.0117,0,REST-S,6,3,2
581,4212,4:11:30,0,0.00,0,0.6000,0.1300,0.0347,0.0117,0,REST-S,6,3,2
581,4213,4:12:00,0,0.00,0,0.6000,0.1300,0.0347,0.0117,0,REST-S,6,3,2
581,4214,4:12:30,0,0.00,0,0.6000,0.1300,0.0347,0.0117,0,REST-S,6,3,2
581,4215,4:13:00,0,0.00,0,0.6000,0.1300,0.0347,0.0117,0,REST-S,6,3,2
581,4216,4:13:30,0,0.00,0,0.6000,0.1300,0.0347,0.0117,0,REST-S,6,3,2
581,4217,4:14:00,0,0.00,0,0.6000,0.1300,0.0347,0.0117,0,REST-S,6,3,2
581,4218,4:14:30,0,0.00,0,0.6000,0.1300,0.0347,0.0117,0,REST-S,6,3,2
581,4219,4:15:00,0,0.00,0,0.6000,0.1300,0.0347,0.0117,0,REST-S,6,3,2
581,4220,4:15:30,0,0.00,0,0.6000,0.1300,0.0347,0.0117,0,REST-S,6,3,2
581,4221,4:16:00,0,0.00,0,0.6000,0.1300,0.0347,0.0117,0,REST-S,6,3,2
581,4222,4:16:30,0,0.00,0,0.6000,0.1300,0.0347,0.0117,0,REST-S,6,3,2
581,4223,4:17:00,0,0.00,0,0.5900,0.1220,0.0347,0.0117,0,REST-S,6,3,2
581,4224,4:17:30,0,0.00,0,0.6000,0.1300,0.0347,0.0117,0,REST-S,6,3,2
581,4225,4:18:00,0,0.00,0,0.6000,0.1300,0.0347,0.0117,0,REST-S,6,3,2
581,4226,4:18:30,0,0.00,0,0.6000,0.1300,0.0347,0.0117,0,REST-S,6,3,2
581,4227,4:19:00,0,0.00,0,0.6000,0.1300,0.0347,0.0117,0,REST-S,6,3,2
581,4228,4:19:30,0,0.00,0,0.6000,0.1300,0.0347,0.0117,0,REST-S,6,3,2
581,4229,4:20:00,0,0.00,0,0.6000,0.1300,0.0347,0.0117,0,REST-S,6,3,2
581,4230,4:20:30,0,0.00,0,0.6000,0.1300,0.0347,0.0117,0,REST-S,6,3,2
581,4231,4:21:00,0,0.00,0,0.6200,0.1360,0.0347,0.0117,0,REST-S,6,3,2
581,4232,4:21:30,0,0.00,0,0.6400,0.1450,0.0347,0.0117,0,REST-S,6,3,2
581,4233,4:22:00,0,0.00,0,0.6400,0.1450,0.0347,0.0117,0,REST-S,6,3,2
581,4234,4:22:30,0,0.00,0,0.6400,0.1450,0.0347,0.0117,0,REST-S,6,3,2
581,4235,4:23:00,0,0.00,0,0.6400,0.1450,0.0347,0.0117,0,REST-S,6,3,2
581,4236,4:23:30,0,0.00,0,0.6400,0.1450,0.0347,0.0117,0,REST-S,6,3,2
581,4237,4:24:00,0,36.00,0,0.6200,0.1360,0.0347,0.0117,1,REST-S,6,3,2
581,4238,4:24:30,0,0.00,0,0.6000,0.1300,0.0347,0.0117,0,REST-S,6,3,2
581,4239,4:25:00,0,0.00,0,0.6000,0.1300,0.0347,0.0117,0,REST-S,6,3,2
581,4240,4:25:30,0,0.00,0,0.6000,0.1300,0.0347,0.0117,0,REST-S,6,3,2
581,4241,4:26:00,0,0.00,0,0.6000,0.1300,0.0347,0.0117,0,REST-S,6,3,2
581,4242,4:26:30,0,0.00,0,0.6000,0.1300,0.0347,0.0117,0,REST-S,6,3,2
581,4243,4:27:00,0,0.00,0,0.6000,0.1300,0.0347,0.0117,0,REST-S,6,3,2
581,4244,4:27:30,0,0.00,0,0.6200,0.1360,0.0347,0.0117,0,REST-S,6,3,2
581,4245,4:28:00,0,0.00,0,0.6000,0.1300,0.0347,0.0117,0,REST-S,6,3,2
581,4246,4:28:30,0,0.00,0,0.6000,0.1300,0.0347,0.0117,0,REST-S,6,3,2
581,4247,4:29:00,0,0.00,0,0.6000,0.1300,0.0347,0.0117,0,REST-S,6,3,2
581,4248,4:29:30,0,0.00,0,0.6400,0.1450,0.0347,0.0117,0,REST-S,6,3,2
581,4249,4:30:00,0,0.00,0,0.6400,0.1450,0.0347,0.0117,0,REST-S,6,3,2
581,4250,4:30:30,0,0.00,0,0.6400,0.1450,0.0347,0.0117,0,REST-S,6,3,2
581,4251,4:31:00,0,0.00,0,0.6400,0.1450,0.0347,0.0117,0,REST-S,6,3,2
581,4252,4:31:30,0,1.00,0,0.6400,0.1450,0.0347,0.0117,0,REST-S,6,3,2
581,4253,4:32:00,0,0.00,0,0.6400,0.1450,0.0347,0.0117,0,REST-S,6,3,2
581,4254,4:32:30,0,0.00,0,0.6400,0.1450,0.0347,0.0117,0,REST-S,6,3,2
581,4255,4:33:00,0,0.00,0,0.6500,0.1510,0.0347,0.0117,0,REST-S,6,3,2
581,4256,4:33:30,0,0.00,0,0.6400,0.1450,0.0347,0.0117,0,REST-S,6,3,2
581,4257,4:34:00,0,0.00,0,0.6400,0.1450,0.0347,0.0117,0,REST-S,6,3,2
581,4258,4:34:30,0,0.00,0,0.6000,0.1300,0.0347,0.0117,0,REST-S,6,3,2
581,4259,4:35:00,0,0.00,0,0.6000,0.1300,0.0347,0.0117,0,REST-S,6,3,2
581,4260,4:35:30,0,0.00,0,0.6000,0.1300,0.0347,0.0117,0,REST-S,6,3,2
581,4261,4:36:00,0,0.00,0,0.6000,0.1300,0.0347,0.0117,0,REST-S,6,3,2
581,4262,4:36:30,0,0.00,0,0.6200,0.1360,0.0347,0.0117,0,REST-S,6,3,2
581,4263,4:37:00,0,0.00,0,0.6200,0.1360,0.0347,0.0117,0,REST-S,6,3,2
581,4264,4:37:30,0,0.00,0,0.6200,0.1360,0.0347,0.0117,0,REST-S,6,3,2
581,4265,4:38:00,0,0.00,0,0.6000,0.1300,0.0347,0.0117,0,REST-S,6,3,2
581,4266,4:38:30,0,0.00,0,0.6000,0.1300,0.0347,0.0117,0,REST-S,6,3,2
581,4267,4:39:00,0,0.00,0,0.6000,0.1300,0.0347,0.0117,0,REST-S,6,3,2
581,4268,4:39:30,0,0.00,0,0.6000,0.1300,0.0347,0.0117,0,REST-S,6,3,2
581,4269,4:40:00,0,0.00,0,0.6000,0.1300,0.0347,0.0117,0,REST-S,6,3,2
581,4270,4:40:30,0,0.00,0,0.6200,0.1360,0.0347,0.0117,0,REST-S,6,3,2
581,4271,4:41:00,0,0.00,0,0.6200,0.1360,0.0347,0.0117,0,REST-S,6,3,2
581,4272,4:41:30,0,0.00,0,0.6400,0.1450,0.0347,0.0117,0,REST-S,6,3,2
581,4273,4:42:00,0,0.00,0,0.6500,0.1510,0.0347,0.0117,0,REST-S,6,3,2
581,4274,4:42:30,0,0.00,0,0.6500,0.1510,0.0347,0.0117,0,REST-S,6,3,2
581,4275,4:43:00,0,0.00,0,0.6500,0.1510,0.0347,0.0117,0,REST-S,6,3,2
581,4276,4:43:30,0,0.00,0,0.6500,0.1510,0.0347,0.0117,0,REST-S,6,3,2
581,4277,4:44:00,0,0.00,0,0.6500,0.1510,0.0347,0.0117,0,REST-S,6,3,2
581,4278,4:44:30,0,0.00,0,0.6400,0.1450,0.0347,0.0117,0,REST-S,6,3,2
581,4279,4:45:00,0,0.00,0,0.6500,0.1510,0.0347,0.0117,0,REST-S,6,3,2
581,4280,4:45:30,0,0.00,0,0.6500,0.1510,0.0347,0.0117,0,REST-S,6,3,2
581,4281,4:46:00,0,0.00,0,0.6400,0.1450,0.0347,0.0117,0,REST-S,6,3,2
581,4282,4:46:30,0,0.00,0,0.6000,0.1300,0.0347,0.0117,0,REST-S,6,3,2
581,4283,4:47:00,0,0.00,0,0.6200,0.1360,0.0347,0.0117,0,REST-S,6,3,2
581,4284,4:47:30,0,0.00,0,0.6000,0.1300,0.0347,0.0117,0,REST-S,6,3,2
581,4285,4:48:00,0,0.00,0,0.6200,0.1360,0.0347,0.0117,0,REST-S,6,3,2
581,4286,4:48:30,0,0.00,0,0.6200,0.1360,0.0347,0.0117,0,REST-S,6,3,2
581,4287,4:49:00,0,0.00,0,0.6200,0.1360,0.0347,0.0117,0,REST-S,6,3,2
581,4288,4:49:30,0,0.00,0,0.6200,0.1360,0.0347,0.0117,0,REST-S,6,3,2
581,4289,4:50:00,0,0.00,0,0.6200,0.1360,0.0347,0.0117,0,REST-S,6,3,2
581,4290,4:50:30,0,0.00,0,0.6200,0.1360,0.0347,0.0117,0,REST-S,6,3,2
581,4291,4:51:00,0,0.00,0,0.6200,0.1360,0.0347,0.0117,0,REST-S,6,3,2
581,4292,4:51:30,0,0.00,0,0.6200,0.1360,0.0347,0.0117,0,REST-S,6,3,2
581,4293,4:52:00,0,0.00,0,0.6200,0.1360,0.0347,0.0117,0,REST-S,6,3,2
581,4294,4:52:30,0,0.00,0,0.6200,0.1360,0.0347,0.0117,0,REST-S,6,3,2
581,4295,4:53:00,0,0.00,0,0.6200,0.1360,0.0347,0.0117,0,REST-S,6,3,2
581,4296,4:53:30,0,0.00,0,0.5900,0.1220,0.0347,0.0117,0,REST-S,6,3,2
581,4297,4:54:00,0,0.00,0,0.6200,0.1360,0.0347,0.0117,0,REST-S,6,3,2
581,4298,4:54:30,0,0.00,0,0.6200,0.1360,0.0347,0.0117,0,REST-S,6,3,2
581,4299,4:55:00,0,0.00,0,0.6200,0.1360,0.0347,0.0117,0,REST-S,6,3,2
581,4300,4:55:30,0,0.00,0,0.6200,0.1360,0.0347,0.0117,0,REST-S,6,3,2
581,4301,4:56:00,0,0.00,0,0.6000,0.1300,0.0347,0.0117,0,REST-S,6,3,2
581,4302,4:56:30,0,0.00,0,0.6200,0.1360,0.0347,0.0117,0,REST-S,6,3,2
581,4303,4:57:00,0,61.00,0,0.6200,0.1360,0.0347,0.0117,1,REST-S,6,3,2
581,4304,4:57:30,0,0.00,0,0.6200,0.1360,0.0347,0.0117,0,REST-S,6,3,2
581,4305,4:58:00,0,0.00,0,0.6000,0.1300,0.0347,0.0117,0,REST-S,6,3,2
581,4306,4:58:30,0,0.00,0,0.6000,0.1300,0.0347,0.0117,0,REST-S,6,3,2
581,4307,4:59:00,0,0.00,0,0.6000,0.1300,0.0347,0.0117,0,REST-S,6,3,2
581,4308,4:59:30,0,0.00,0,0.6000,0.1300,0.0347,0.0117,0,REST-S,6,3,2
581,4309,5:00:00,0,0.00,0,0.6000,0.1300,0.0347,0.0117,0,REST-S,6,3,2
581,4310,5:00:30,0,0.00,0,0.6000,0.1300,0.0347,0.0117,0,REST-S,6,3,2
581,4311,5:01:00,0,0.00,0,0.6000,0.1300,0.0347,0.0117,0,REST-S,6,3,2
581,4312,5:01:30,0,59.00,0,0.6000,0.1300,0.0347,0.0117,1,REST-S,6,3,2
581,4313,5:02:00,0,0.00,0,0.6000,0.1300,0.0347,0.0117,0,REST-S,6,3,2
581,4314,5:02:30,0,0.00,0,0.6000,0.1300,0.0347,0.0117,0,REST-S,6,3,2
581,4315,5:03:00,0,0.00,0,0.6000,0.1300,0.0347,0.0117,0,REST-S,6,3,2
581,4316,5:03:30,0,0.00,0,0.6000,0.1300,0.0347,0.0117,0,REST-S,6,3,2
581,4317,5:04:00,0,0.00,0,0.6000,0.1300,0.0347,0.0117,0,REST-S,6,3,2
581,4318,5:04:30,0,0.00,0,0.6000,0.1300,0.0347,0.0117,0,REST-S,6,3,2
581,4319,5:05:00,0,107.00,0,0.6000,0.1300,0.0347,0.0117,1,REST-S,6,3,2
581,4320,5:05:30,0,14.00,0,0.6000,0.1300,0.0347,0.0117,1,REST-S,6,3,2
581,4321,5:06:00,0,0.00,0,0.6000,0.1300,0.0347,0.0117,0,REST-S,6,3,2
581,4322,5:06:30,0,0.00,0,0.6000,0.1300,0.0347,0.0117,0,REST-S,6,3,2
581,4323,5:07:00,0,0.00,0,0.6000,0.1300,0.0347,0.0117,0,REST-S,6,3,2
581,4324,5:07:30,0,0.00,0,0.5900,0.1220,0.0347,0.0117,0,REST-S,6,3,2
581,4325,5:08:00,0,0.00,0,0.5900,0.1220,0.0347,0.0117,0,REST-S,6,3,2
581,4326,5:08:30,0,0.00,0,0.6000,0.1300,0.0347,0.0117,0,REST-S,6,3,2
581,4327,5:09:00,0,0.00,0,0.5900,0.1220,0.0347,0.0117,0,REST-S,6,3,2
581,4328,5:09:30,0,0.00,0,0.5900,0.1220,0.0347,0.0117,0,REST-S,6,3,2
581,4329,5:10:00,0,0.00,0,0.5900,0.1220,0.0347,0.0117,0,REST-S,6,3,2
581,4330,5:10:30,0,0.00,0,0.5900,0.1220,0.0347,0.0117,0,REST-S,6,3,2
581,4331,5:11:00,0,0.00,0,0.5900,0.1220,0.0347,0.0117,0,REST-S,6,3,2
581,4332,5:11:30,0,0.00,0,0.5900,0.1220,0.0347,0.0117,0,REST-S,6,3,2
581,4333,5:12:00,0,0.00,0,0.5900,0.1220,0.0347,0.0117,0,REST-S,6,3,2
581,4334,5:12:30,0,89.00,0,0.5700,0.1140,0.0347,0.0117,1,REST-S,6,3,2
581,4335,5:13:00,0,0.00,0,0.5900,0.1220,0.0347,0.0117,0,REST-S,6,3,2
581,4336,5:13:30,0,0.00,0,0.5900,0.1220,0.0347,0.0117,0,REST-S,6,3,2
581,4337,5:14:00,0,0.00,0,0.5900,0.1220,0.0347,0.0117,0,REST-S,6,3,2
581,4338,5:14:30,0,0.00,0,0.5900,0.1220,0.0347,0.0117,0,REST-S,6,3,2
581,4339,5:15:00,0,0.00,0,0.5900,0.1220,0.0347,0.0117,0,REST-S,6,3,2
581,4340,5:15:30,0,0.00,0,0.5900,0.1220,0.0347,0.0117,0,REST-S,6,3,2
581,4341,5:16:00,0,0.00,0,0.5900,0.1220,0.0347,0.0117,0,REST-S,6,3,2
581,4342,5:16:30,0,0.00,0,0.5900,0.1220,0.0347,0.0117,0,REST-S,6,3,2
581,4343,5:17:00,0,0.00,0,0.5900,0.1220,0.0347,0.0117,0,REST-S,6,3,2
581,4344,5:17:30,0,0.00,0,0.5900,0.1220,0.0347,0.0117,0,REST-S,6,3,2
581,4345,5:18:00,0,0.00,0,0.6000,0.1300,0.0347,0.0117,0,REST-S,6,3,2
581,4346,5:18:30,0,0.00,0,0.5900,0.1220,0.0347,0.0117,0,REST-S,6,3,2
581,4347,5:19:00,0,49.00,0,0.3300,0.1420,0.0000,0.0117,1,REST-S,6,3,2
581,4348,5:19:30,0,0.00,0,0.5900,0.1220,0.0347,0.0117,0,REST-S,6,3,2
581,4349,5:20:00,0,0.00,0,0.5900,0.1220,0.0347,0.0117,0,REST-S,6,3,2
581,4350,5:20:30,0,0.00,0,0.5900,0.1220,0.0347,0.0117,0,REST-S,6,3,2
581,4351,5:21:00,0,0.00,0,0.5900,0.1220,0.0347,0.0117,0,REST-S,6,3,2
581,4352,5:21:30,0,0.00,0,0.5900,0.1220,0.0347,0.0117,0,REST-S,6,3,2
581,4353,5:22:00,0,0.00,0,0.5900,0.1220,0.0347,0.0117,0,REST-S,6,3,2
581,4354,5:22:30,0,38.00,0,0.5900,0.1220,0.0347,0.0117,1,REST-S,6,3,2
581,4355,5:23:00,0,0.00,0,0.5900,0.1220,0.0347,0.0117,0,REST-S,6,3,2
581,4356,5:23:30,0,0.00,0,0.5900,0.1220,0.0347,0.0117,0,REST-S,6,3,2
581,4357,5:24:00,0,0.00,0,0.5900,0.1220,0.0347,0.0117,0,REST-S,6,3,2
581,4358,5:24:30,0,0.00,0,0.6000,0.1300,0.0347,0.0117,0,REST-S,6,3,2
581,4359,5:25:00,0,25.00,0,0.6000,0.1300,0.0347,0.0117,1,REST-S,6,3,2
581,4360,5:25:30,0,0.00,0,0.5900,0.1220,0.0347,0.0117,0,REST-S,6,3,2
581,4361,5:26:00,0,0.00,0,0.5900,0.1220,0.0347,0.0117,0,REST-S,6,3,2
581,4362,5:26:30,0,0.00,0,0.6000,0.1300,0.0347,0.0117,0,REST-S,6,3,2
581,4363,5:27:00,0,0.00,0,0.6000,0.1300,0.0347,0.0117,0,REST-S,6,3,2
581,4364,5:27:30,0,0.00,0,0.6000,0.1300,0.0347,0.0117,0,REST-S,6,3,2
581,4365,5:28:00,0,0.00,0,0.5900,0.1220,0.0347,0.0117,0,REST-S,6,3,2
581,4366,5:28:30,0,0.00,0,0.6000,0.1300,0.0347,0.0117,0,REST-S,6,3,2
581,4367,5:29:00,0,0.00,0,0.6000,0.1300,0.0347,0.0117,0,REST-S,6,3,2
581,4368,5:29:30,0,0.00,0,0.6000,0.1300,0.0347,0.0117,0,REST-S,6,3,2
581,4369,5:30:00,0,0.00,0,0.5900,0.1220,0.0347,0.0117,0,REST-S,6,3,2
581,4370,5:30:30,0,0.00,0,0.6000,0.1300,0.0347,0.0117,0,REST-S,6,3,2
581,4371,5:31:00,0,0.00,0,0.5900,0.1220,0.0347,0.0117,0,REST-S,6,3,2
581,4372,5:31:30,0,0.00,0,0.5900,0.1220,0.0347,0.0117,0,REST-S,6,3,2
581,4373,5:32:00,0,0.00,0,0.6000,0.1300,0.0347,0.0117,0,REST-S,6,3,2
581,4374,5:32:30,0,0.00,0,0.5900,0.1220,0.0347,0.0117,0,REST-S,6,3,2
581,4375,5:33:00,0,0.00,0,0.6000,0.1300,0.0347,0.0117,0,REST-S,6,3,2
581,4376,5:33:30,0,0.00,0,0.5900,0.1220,0.0347,0.0117,0,REST-S,6,3,2
581,4377,5:34:00,0,0.00,0,0.5900,0.1220,0.0347,0.0117,0,REST-S,6,3,2
581,4378,5:34:30,0,0.00,0,0.6000,0.1300,0.0347,0.0117,0,REST-S,6,3,2
581,4379,5:35:00,0,0.00,0,0.5900,0.1220,0.0347,0.0117,0,REST-S,6,3,2
581,4380,5:35:30,0,0.00,0,0.6000,0.1300,0.0347,0.0117,0,REST-S,6,3,2
581,4381,5:36:00,0,0.00,0,0.6000,0.1300,0.0347,0.0117,0,REST-S,6,3,2
581,4382,5:36:30,0,0.00,0,0.5900,0.1220,0.0347,0.0117,0,REST-S,6,3,2
581,4383,5:37:00,0,0.00,0,0.5700,0.1140,0.0347,0.0117,0,REST-S,6,3,2
581,4384,5:37:30,0,0.00,0,0.6000,0.1300,0.0347,0.0117,0,REST-S,6,3,2
581,4385,5:38:00,0,0.00,0,0.6000,0.1300,0.0347,0.0117,0,REST-S,6,3,2
581,4386,5:38:30,0,0.00,0,0.6200,0.1360,0.0347,0.0117,0,REST-S,6,3,2
581,4387,5:39:00,0,0.00,0,0.5900,0.1220,0.0347,0.0117,0,REST-S,6,3,2
581,4388,5:39:30,0,0.00,0,0.6000,0.1300,0.0347,0.0117,0,REST-S,6,3,2
581,4389,5:40:00,0,0.00,0,0.6000,0.1300,0.0347,0.0117,0,REST-S,6,3,2
581,4390,5:40:30,0,0.00,0,0.5900,0.1220,0.0347,0.0117,0,REST-S,6,3,2
581,4391,5:41:00,0,0.00,0,0.6000,0.1300,0.0347,0.0117,0,REST-S,6,3,2
581,4392,5:41:30,0,0.00,0,0.6000,0.1300,0.0347,0.0117,0,REST-S,6,3,2
581,4393,5:42:00,0,0.00,0,0.6000,0.1300,0.0347,0.0117,0,REST-S,6,3,2
581,4394,5:42:30,0,0.00,0,0.5900,0.1220,0.0347,0.0117,0,REST-S,6,3,2
581,4395,5:43:00,0,0.00,0,0.6000,0.1300,0.0347,0.0117,0,REST-S,6,3,2
581,4396,5:43:30,0,0.00,0,0.6000,0.1300,0.0347,0.0117,0,REST-S,6,3,2
581,4397,5:44:00,0,0.00,0,0.6000,0.1300,0.0347,0.0117,0,REST-S,6,3,2
581,4398,5:44:30,0,0.00,0,0.6000,0.1300,0.0347,0.0117,0,REST-S,6,3,2
581,4399,5:45:00,0,0.00,0,0.6000,0.1300,0.0347,0.0117,0,REST-S,6,3,2
581,4400,5:45:30,0,0.00,0,0.6000,0.1300,0.0347,0.0117,0,REST-S,6,3,2
581,4401,5:46:00,0,0.00,0,0.6000,0.1300,0.0347,0.0117,0,REST-S,6,3,2
581,4402,5:46:30,0,0.00,0,0.6000,0.1300,0.0347,0.0117,0,REST-S,6,3,2
581,4403,5:47:00,0,0.00,0,0.6000,0.1300,0.0347,0.0117,0,REST-S,6,3,2
581,4404,5:47:30,0,0.00,0,0.6000,0.1300,0.0347,0.0117,0,REST-S,6,3,2
581,4405,5:48:00,0,38.00,0,0.6000,0.1300,0.0347,0.0117,1,REST-S,6,3,2
581,4406,5:48:30,0,0.00,0,0.6000,0.1300,0.0347,0.0117,0,REST-S,6,3,2
581,4407,5:49:00,0,0.00,0,0.6000,0.1300,0.0347,0.0117,0,REST-S,6,3,2
581,4408,5:49:30,0,0.00,0,0.6000,0.1300,0.0347,0.0117,0,REST-S,6,3,2
581,4409,5:50:00,0,0.00,0,0.6000,0.1300,0.0347,0.0117,0,REST-S,6,3,2
581,4410,5:50:30,0,0.00,0,0.6000,0.1300,0.0347,0.0117,0,REST-S,6,3,2
581,4411,5:51:00,0,0.00,0,0.6000,0.1300,0.0347,0.0117,0,REST-S,6,3,2
581,4412,5:51:30,0,0.00,0,0.6000,0.1300,0.0347,0.0117,0,REST-S,6,3,2
581,4413,5:52:00,0,0.00,0,0.6000,0.1300,0.0347,0.0117,0,REST-S,6,3,2
581,4414,5:52:30,0,0.00,0,0.6500,0.1510,0.0347,0.0117,0,REST-S,6,3,2
581,4415,5:53:00,0,0.00,0,0.6400,0.1450,0.0347,0.0117,0,REST-S,6,3,2
581,4416,5:53:30,0,0.00,0,0.6400,0.1450,0.0347,0.0117,0,REST-S,6,3,2
581,4417,5:54:00,0,0.00,0,0.6400,0.1450,0.0347,0.0117,0,REST-S,6,3,2
581,4418,5:54:30,0,0.00,0,0.6400,0.1450,0.0347,0.0117,0,REST-S,6,3,2
581,4419,5:55:00,0,0.00,0,0.6400,0.1450,0.0347,0.0117,0,REST-S,6,3,2
581,4420,5:55:30,0,0.00,0,0.6200,0.1360,0.0347,0.0117,0,REST-S,6,3,2
581,4421,5:56:00,0,0.00,0,0.6000,0.1300,0.0347,0.0117,0,REST-S,6,3,2
581,4422,5:56:30,0,0.00,0,0.5900,0.1220,0.0347,0.0117,0,REST-S,6,3,2
581,4423,5:57:00,0,0.00,0,0.6000,0.1300,0.0347,0.0117,0,REST-S,6,3,2
581,4424,5:57:30,0,0.00,0,0.6000,0.1300,0.0347,0.0117,0,REST-S,6,3,2
581,4425,5:58:00,0,0.00,0,0.6200,0.1360,0.0347,0.0117,0,REST-S,6,3,2
581,4426,5:58:30,0,0.00,0,0.6400,0.1450,0.0347,0.0117,0,REST-S,6,3,2
581,4427,5:59:00,0,0.00,0,0.6000,0.1300,0.0347,0.0117,0,REST-S,6,3,2
581,4428,5:59:30,0,0.00,0,0.6000,0.1300,0.0347,0.0117,0,REST-S,6,3,2
581,4429,6:00:00,0,0.00,0,0.6000,0.1300,0.0347,0.0117,0,REST-S,6,3,2
581,4430,6:00:30,0,0.00,0,0.6000,0.1300,0.0347,0.0117,0,REST-S,6,3,2
581,4431,6:01:00,0,0.00,0,0.6000,0.1300,0.0347,0.0117,0,REST-S,6,3,2
581,4432,6:01:30,0,0.00,0,0.6200,0.1360,0.0347,0.0117,0,REST-S,6,3,2
581,4433,6:02:00,0,0.00,0,0.6000,0.1300,0.0347,0.0117,0,REST-S,6,3,2
581,4434,6:02:30,0,0.00,0,0.6000,0.1300,0.0347,0.0117,0,REST-S,6,3,2
581,4435,6:03:00,0,0.00,0,0.6000,0.1300,0.0347,0.0117,0,REST-S,6,3,2
581,4436,6:03:30,0,0.00,0,0.6200,0.1360,0.0347,0.0117,0,REST-S,6,3,2
581,4437,6:04:00,0,0.00,0,0.6000,0.1300,0.0347,0.0117,0,REST-S,6,3,2
581,4438,6:04:30,0,0.00,0,0.6000,0.1300,0.0347,0.0117,0,REST-S,6,3,2
581,4439,6:05:00,0,0.00,0,0.6200,0.1360,0.0347,0.0117,0,REST-S,6,3,2
581,4440,6:05:30,0,0.00,0,0.6200,0.1360,0.0347,0.0117,0,REST-S,6,3,2
581,4441,6:06:00,0,0.00,0,0.6000,0.1300,0.0347,0.0117,0,REST-S,6,3,2
581,4442,6:06:30,0,0.00,0,0.6000,0.1300,0.0347,0.0117,0,REST-S,6,3,2
581,4443,6:07:00,0,0.00,0,0.6000,0.1300,0.0347,0.0117,0,REST-S,6,3,2
581,4444,6:07:30,0,0.00,0,0.6000,0.1300,0.0347,0.0117,0,REST-S,6,3,2
581,4445,6:08:00,0,0.00,0,0.6000,0.1300,0.0347,0.0117,0,REST-S,6,3,2
581,4446,6:08:30,0,0.00,0,0.6000,0.1300,0.0347,0.0117,0,REST-S,6,3,2
581,4447,6:09:00,0,0.00,0,0.6000,0.1300,0.0347,0.0117,0,REST-S,6,3,2
581,4448,6:09:30,0,0.00,0,0.6000,0.1300,0.0347,0.0117,0,REST-S,6,3,2
581,4449,6:10:00,0,0.00,0,0.6000,0.1300,0.0347,0.0117,0,REST-S,6,3,2
581,4450,6:10:30,0,0.00,0,0.6200,0.1360,0.0347,0.0117,0,REST-S,6,3,2
581,4451,6:11:00,0,0.00,0,0.6200,0.1360,0.0347,0.0117,0,REST-S,6,3,2
581,4452,6:11:30,0,0.00,0,0.6400,0.1450,0.0347,0.0117,0,REST-S,6,3,2
581,4453,6:12:00,0,0.00,0,0.6400,0.1450,0.0347,0.0117,0,REST-S,6,3,2
581,4454,6:12:30,0,0.00,0,0.6400,0.1450,0.0347,0.0117,0,REST-S,6,3,2
581,4455,6:13:00,0,0.00,0,0.6200,0.1360,0.0347,0.0117,0,REST-S,6,3,2
581,4456,6:13:30,0,0.00,0,0.6000,0.1300,0.0347,0.0117,0,REST-S,6,3,2
581,4457,6:14:00,0,0.00,0,0.6200,0.1360,0.0347,0.0117,0,REST-S,6,3,2
581,4458,6:14:30,0,0.00,0,0.6000,0.1300,0.0347,0.0117,0,REST-S,6,3,2
581,4459,6:15:00,0,0.00,0,0.6000,0.1300,0.0347,0.0117,0,REST-S,6,3,2
581,4460,6:15:30,0,0.00,0,0.6000,0.1300,0.0347,0.0117,0,REST-S,6,3,2
581,4461,6:16:00,0,0.00,0,0.6000,0.1300,0.0347,0.0117,0,REST-S,6,3,2
581,4462,6:16:30,0,0.00,0,0.6000,0.1300,0.0347,0.0117,0,REST-S,6,3,2
581,4463,6:17:00,0,0.00,0,0.6200,0.1360,0.0347,0.0117,0,REST-S,6,3,2
581,4464,6:17:30,0,0.00,0,0.6000,0.1300,0.0347,0.0117,0,REST-S,6,3,2
581,4465,6:18:00,0,0.00,0,0.6000,0.1300,0.0347,0.0117,0,REST-S,6,3,2
581,4466,6:18:30,0,59.00,0,0.6000,0.1300,0.0347,0.0117,1,REST-S,6,3,2
581,4467,6:19:00,0,1.00,0,0.6000,0.1300,0.0347,0.0117,0,REST-S,6,3,2
581,4468,6:19:30,0,0.00,0,0.6000,0.1300,0.0347,0.0117,0,REST-S,6,3,2
581,4469,6:20:00,0,0.00,0,0.6000,0.1300,0.0347,0.0117,0,REST-S,6,3,2
581,4470,6:20:30,0,0.00,0,0.6000,0.1300,0.0347,0.0117,0,REST-S,6,3,2
581,4471,6:21:00,0,0.00,0,0.6000,0.1300,0.0347,0.0117,0,REST-S,6,3,2
581,4472,6:21:30,0,0.00,0,0.6000,0.1300,0.0347,0.0117,0,REST-S,6,3,2
581,4473,6:22:00,0,31.00,0,0.6200,0.1360,0.0347,0.0117,1,REST-S,6,3,2
581,4474,6:22:30,0,0.00,0,0.6000,0.1300,0.0347,0.0117,0,REST-S,6,3,2
581,4475,6:23:00,0,0.00,0,0.6200,0.1360,0.0347,0.0117,0,REST-S,6,3,2
581,4476,6:23:30,0,0.00,0,0.6200,0.1360,0.0347,0.0117,0,REST-S,6,3,2
581,4477,6:24:00,0,0.00,0,0.6000,0.1300,0.0347,0.0117,0,REST-S,6,3,2
581,4478,6:24:30,0,0.00,0,0.6000,0.1300,0.0347,0.0117,0,REST-S,6,3,2
581,4479,6:25:00,0,0.00,0,0.6200,0.1360,0.0347,0.0117,0,REST-S,6,3,2
581,4480,6:25:30,0,0.00,0,0.6400,0.1450,0.0347,0.0117,0,REST-S,6,3,2
581,4481,6:26:00,0,0.00,0,0.6400,0.1450,0.0347,0.0117,0,REST-S,6,3,2
581,4482,6:26:30,0,0.00,0,0.6500,0.1510,0.0347,0.0117,0,REST-S,6,3,2
581,4483,6:27:00,0,0.00,0,0.6400,0.1450,0.0347,0.0117,0,REST-S,6,3,2
581,4484,6:27:30,0,0.00,0,0.6400,0.1450,0.0347,0.0117,0,REST-S,6,3,2
581,4485,6:28:00,0,0.00,0,0.6400,0.1450,0.0347,0.0117,0,REST-S,6,3,2
581,4486,6:28:30,0,0.00,0,0.6400,0.1450,0.0347,0.0117,0,REST-S,6,3,2
581,4487,6:29:00,0,0.00,0,0.6400,0.1450,0.0347,0.0117,0,REST-S,6,3,2
581,4488,6:29:30,0,0.00,0,0.6400,0.1450,0.0347,0.0117,0,REST-S,6,3,2
581,4489,6:30:00,0,0.00,0,0.6400,0.1450,0.0347,0.0117,0,REST-S,6,3,2
581,4490,6:30:30,0,0.00,0,0.6400,0.1450,0.0347,0.0117,0,REST-S,6,3,2
581,4491,6:31:00,0,0.00,0,0.6400,0.1450,0.0347,0.0117,0,REST-S,6,3,2
581,4492,6:31:30,0,0.00,0,0.6400,0.1450,0.0347,0.0117,0,REST-S,6,3,2
581,4493,6:32:00,0,0.00,0,0.6400,0.1450,0.0347,0.0117,0,REST-S,6,3,2
581,4494,6:32:30,0,0.00,0,0.6400,0.1450,0.0347,0.0117,0,REST-S,6,3,2
581,4495,6:33:00,0,0.00,0,0.6400,0.1450,0.0347,0.0117,0,REST-S,6,3,2
581,4496,6:33:30,0,0.00,0,0.6400,0.1450,0.0347,0.0117,0,REST-S,6,3,2
581,4497,6:34:00,0,0.00,0,0.6400,0.1450,0.0347,0.0117,0,REST-S,6,3,2
581,4498,6:34:30,0,0.00,0,0.6400,0.1450,0.0347,0.0117,0,REST-S,6,3,2
581,4499,6:35:00,0,0.00,0,0.6400,0.1450,0.0347,0.0117,0,REST-S,6,3,2
581,4500,6:35:30,0,36.00,0,0.6400,0.1450,0.0347,0.0117,1,REST-S,6,3,2
581,4501,6:36:00,0,0.00,0,0.6400,0.1450,0.0347,0.0117,0,REST-S,6,3,2
581,4502,6:36:30,0,0.00,0,0.6400,0.1450,0.0347,0.0117,0,REST-S,6,3,2
581,4503,6:37:00,0,0.00,0,0.6400,0.1450,0.0347,0.0117,0,REST-S,6,3,2
581,4504,6:37:30,0,0.00,0,0.6400,0.1450,0.0347,0.0117,0,REST-S,6,3,2
581,4505,6:38:00,0,36.00,0,0.6200,0.1360,0.0347,0.0117,1,REST-S,6,3,2
581,4506,6:38:30,0,0.00,0,0.6200,0.1360,0.0347,0.0117,0,REST-S,6,3,2
581,4507,6:39:00,0,0.00,0,0.6200,0.1360,0.0347,0.0117,0,REST-S,6,3,2
581,4508,6:39:30,0,0.00,0,0.6200,0.1360,0.0347,0.0117,0,REST-S,6,3,2
581,4509,6:40:00,0,7.00,0,0.6400,0.1450,0.0347,0.0117,1,REST-S,6,3,2
581,4510,6:40:30,0,163.00,0,0.6200,0.1360,0.0347,0.0117,1,REST-S,6,3,2
581,4511,6:41:00,0,0.00,0,0.6200,0.1360,0.0347,0.0117,0,REST-S,6,3,2
581,4512,6:41:30,0,0.00,0,0.6400,0.1450,0.0347,0.0117,0,REST-S,6,3,2
581,4513,6:42:00,0,0.00,0,0.6200,0.1360,0.0347,0.0117,0,REST-S,6,3,2
581,4514,6:42:30,0,0.00,0,0.6400,0.1450,0.0347,0.0117,0,REST-S,6,3,2
581,4515,6:43:00,0,0.00,0,0.6400,0.1450,0.0347,0.0117,0,REST-S,6,3,2
581,4516,6:43:30,0,0.00,0,0.6400,0.1450,0.0347,0.0117,0,REST-S,6,3,2
581,4517,6:44:00,0,20.00,0,0.6400,0.1450,0.0347,0.0117,1,REST-S,6,3,2
581,4518,6:44:30,0,8.00,0,0.6400,0.1450,0.0347,0.0117,0,REST-S,6,3,2
581,4519,6:45:00,0,0.00,0,0.6400,0.1450,0.0347,0.0117,0,REST-S,6,3,2
581,4520,6:45:30,0,0.00,0,0.6400,0.1450,0.0347,0.0117,0,REST-S,6,3,2
581,4521,6:46:00,0,0.00,0,0.6400,0.1450,0.0347,0.0117,0,REST-S,6,3,2
581,4522,6:46:30,0,0.00,0,0.6400,0.1450,0.0347,0.0117,0,REST-S,6,3,2
581,4523,6:47:00,0,0.00,0,0.6400,0.1450,0.0347,0.0117,0,REST-S,6,3,2
581,4524,6:47:30,0,28.00,0,0.6400,0.1450,0.0347,0.0117,1,REST-S,6,3,2
581,4525,6:48:00,0,0.00,0,0.6200,0.1360,0.0347,0.0117,0,REST-S,6,3,2
581,4526,6:48:30,0,0.00,0,0.6400,0.1450,0.0347,0.0117,0,REST-S,6,3,2
581,4527,6:49:00,0,0.00,0,0.6400,0.1450,0.0347,0.0117,0,REST-S,6,3,2
581,4528,6:49:30,0,0.00,0,0.6200,0.1360,0.0347,0.0117,0,REST-S,6,3,2
581,4529,6:50:00,0,0.00,0,0.6000,0.1300,0.0347,0.0117,0,REST-S,6,3,2
581,4530,6:50:30,0,0.00,0,0.6000,0.1300,0.0347,0.0117,0,REST-S,6,3,2
581,4531,6:51:00,0,0.00,0,0.6000,0.1300,0.0347,0.0117,1,REST-S,6,3,2
581,4532,6:51:30,0,68.00,0,0.6200,0.1360,0.0347,0.0117,1,REST-S,6,3,2
581,4533,6:52:00,0,193.00,0,0.6000,0.1300,0.0347,0.0117,1,REST-S,6,3,2
581,4534,6:52:30,0,0.00,0,0.6000,0.1300,0.0347,0.0117,1,REST-S,6,3,2
581,4535,6:53:00,0,0.00,0,0.6000,0.1300,0.0347,0.0117,1,REST-S,6,3,2
581,4536,6:53:30,0,0.00,0,0.6000,0.1300,0.0347,0.0117,0,REST-S,6,3,2
581,4537,6:54:00,0,0.00,0,0.6000,0.1300,0.0347,0.0117,0,REST-S,6,3,2
581,4538,6:54:30,0,0.00,0,0.6000,0.1300,0.0347,0.0117,0,REST-S,6,3,2
581,4539,6:55:00,0,0.00,0,0.6000,0.1300,0.0347,0.0117,0,REST-S,6,3,2
581,4540,6:55:30,0,0.00,0,0.6000,0.1300,0.0347,0.0117,0,REST-S,6,3,2
581,4541,6:56:00,0,0.00,0,0.6000,0.1300,0.0347,0.0117,0,REST-S,6,3,2
581,4542,6:56:30,0,0.00,0,0.6000,0.1300,0.0347,0.0117,0,REST-S,6,3,2
581,4543,6:57:00,0,28.00,0,0.6000,0.1300,0.0347,0.0117,1,REST-S,6,3,2
581,4544,6:57:30,0,61.00,0,0.5900,0.1220,0.0347,0.0117,1,REST-S,6,3,2
581,4545,6:58:00,0,0.00,0,0.5900,0.1220,0.0347,0.0117,0,REST-S,6,3,2
581,4546,6:58:30,0,0.00,0,0.5900,0.1220,0.0347,0.0117,0,REST-S,6,3,2
581,4547,6:59:00,0,0.00,0,0.5900,0.1220,0.0347,0.0117,0,REST-S,6,3,2
581,4548,6:59:30,0,0.00,0,0.5900,0.1220,0.0347,0.0117,0,REST-S,6,3,2
581,4549,7:00:00,0,0.00,0,0.5900,0.1220,0.0347,0.0117,0,REST-S,6,3,2
581,4550,7:00:30,0,0.00,0,0.3300,0.1420,0.0000,0.0117,0,REST-S,6,3,2
581,4551,7:01:00,0,0.00,0,0.6000,0.1300,0.0347,0.0117,0,REST-S,6,3,2
581,4552,7:01:30,0,0.00,0,0.6000,0.1300,0.0347,0.0117,0,REST-S,6,3,2
581,4553,7:02:00,0,0.00,0,0.5900,0.1220,0.0347,0.0117,0,REST-S,6,3,2
581,4554,7:02:30,0,0.00,0,0.5900,0.1220,0.0347,0.0117,0,REST-S,6,3,2
581,4555,7:03:00,0,0.00,0,0.6200,0.1360,0.0347,0.0117,0,REST-S,6,3,2
581,4556,7:03:30,0,0.00,0,0.6000,0.1300,0.0347,0.0117,0,REST-S,6,3,2
581,4557,7:04:00,0,0.00,0,0.6000,0.1300,0.0347,0.0117,0,REST-S,6,3,2
581,4558,7:04:30,0,0.00,0,0.6000,0.1300,0.0347,0.0117,0,REST-S,6,3,2
581,4559,7:05:00,0,0.00,0,0.4900,0.1220,0.0251,0.0000,1,REST-S,6,3,2
581,4560,7:05:30,0,0.00,0,0.5900,0.1220,0.0347,0.0117,1,REST-S,6,3,2
581,4561,7:06:00,0,244.00,0,0.3300,0.1420,0.0000,0.0117,1,REST-S,6,3,2
581,4562,7:06:30,0,0.00,0,0.5900,0.1220,0.0347,0.0117,1,REST-S,6,3,2
581,4563,7:07:00,0,0.00,0,0.5900,0.1220,0.0347,0.0117,1,REST-S,6,3,2
581,4564,7:07:30,0,0.00,0,0.5900,0.1220,0.0347,0.0117,0,REST-S,6,3,2
581,4565,7:08:00,0,0.00,0,0.5900,0.1220,0.0347,0.0117,0,REST-S,6,3,2
581,4566,7:08:30,0,0.00,0,0.5900,0.1220,0.0347,0.0117,0,REST-S,6,3,2
581,4567,7:09:00,0,0.00,0,0.5900,0.1220,0.0347,0.0117,0,REST-S,6,3,2
581,4568,7:09:30,0,0.00,0,0.5700,0.1140,0.0347,0.0117,0,REST-S,6,3,2
581,4569,7:10:00,0,0.00,0,0.5900,0.1220,0.0347,0.0117,0,REST-S,6,3,2
581,4570,7:10:30,0,0.00,0,0.5900,0.1220,0.0347,0.0117,0,REST-S,6,3,2
581,4571,7:11:00,0,0.00,0,0.5900,0.1220,0.0347,0.0117,0,REST-S,6,3,2
581,4572,7:11:30,0,0.00,0,0.5900,0.1220,0.0347,0.0117,0,REST-S,6,3,2
581,4573,7:12:00,0,0.00,0,0.6000,0.1300,0.0347,0.0117,0,REST-S,6,3,2
581,4574,7:12:30,0,0.00,0,0.6000,0.1300,0.0347,0.0117,0,REST-S,6,3,2
581,4575,7:13:00,0,0.00,0,0.6000,0.1300,0.0347,0.0117,0,REST-S,6,3,2
581,4576,7:13:30,0,0.00,0,0.6400,0.1450,0.0347,0.0117,0,REST-S,6,3,2
581,4577,7:14:00,0,0.00,0,0.6400,0.1450,0.0347,0.0117,0,REST-S,6,3,2
581,4578,7:14:30,0,0.00,0,0.6400,0.1450,0.0347,0.0117,0,REST-S,6,3,2
581,4579,7:15:00,0,0.00,0,0.6400,0.1450,0.0347,0.0117,0,REST-S,6,3,2
581,4580,7:15:30,0,0.00,0,0.6400,0.1450,0.0347,0.0117,0,REST-S,6,3,2
581,4581,7:16:00,0,0.00,0,0.6400,0.1450,0.0347,0.0117,0,REST-S,6,3,2
581,4582,7:16:30,0,0.00,0,0.6400,0.1450,0.0347,0.0117,0,REST-S,6,3,2
581,4583,7:17:00,0,0.00,0,0.6200,0.1360,0.0347,0.0117,0,REST-S,6,3,2
581,4584,7:17:30,0,0.00,0,0.6000,0.1300,0.0347,0.0117,0,REST-S,6,3,2
581,4585,7:18:00,0,0.00,0,0.6000,0.1300,0.0347,0.0117,0,REST-S,6,3,2
581,4586,7:18:30,0,0.00,0,0.6000,0.1300,0.0347,0.0117,0,REST-S,6,3,2
581,4587,7:19:00,0,0.00,0,0.6000,0.1300,0.0347,0.0117,0,REST-S,6,3,2
581,4588,7:19:30,0,0.00,0,0.6000,0.1300,0.0347,0.0117,0,REST-S,6,3,2
581,4589,7:20:00,0,0.00,0,0.6200,0.1360,0.0347,0.0117,0,REST-S,6,3,2
581,4590,7:20:30,0,0.00,0,0.6000,0.1300,0.0347,0.0117,0,REST-S,6,3,2
581,4591,7:21:00,0,0.00,0,0.6000,0.1300,0.0347,0.0117,0,REST-S,6,3,2
581,4592,7:21:30,0,0.00,0,0.6200,0.1360,0.0347,0.0117,0,REST-S,6,3,2
581,4593,7:22:00,0,0.00,0,0.6200,0.1360,0.0347,0.0117,0,REST-S,6,3,2
581,4594,7:22:30,0,0.00,0,0.6200,0.1360,0.0347,0.0117,0,REST-S,6,3,2
581,4595,7:23:00,0,0.00,0,0.6200,0.1360,0.0347,0.0117,0,REST-S,6,3,2
581,4596,7:23:30,0,0.00,0,0.6400,0.1450,0.0347,0.0117,0,REST-S,6,3,2
581,4597,7:24:00,0,0.00,0,0.6500,0.1510,0.0347,0.0117,0,REST-S,6,3,2
581,4598,7:24:30,0,0.00,0,0.6400,0.1450,0.0347,0.0117,0,REST-S,6,3,2
581,4599,7:25:00,0,0.00,0,0.6400,0.1450,0.0347,0.0117,0,REST-S,6,3,2
581,4600,7:25:30,0,0.00,0,0.6500,0.1510,0.0347,0.0117,0,REST-S,6,3,2
581,4601,7:26:00,0,0.00,0,0.6500,0.1510,0.0347,0.0117,0,REST-S,6,3,2
581,4602,7:26:30,0,0.00,0,0.6400,0.1450,0.0347,0.0117,0,REST-S,6,3,2
581,4603,7:27:00,0,0.00,0,0.6400,0.1450,0.0347,0.0117,0,REST-S,6,3,2
581,4604,7:27:30,0,0.00,0,0.6500,0.1510,0.0347,0.0117,0,REST-S,6,3,2
581,4605,7:28:00,0,0.00,0,0.6400,0.1450,0.0347,0.0117,0,REST-S,6,3,2
581,4606,7:28:30,0,0.00,0,0.6500,0.1510,0.0347,0.0117,0,REST-S,6,3,2
581,4607,7:29:00,0,0.00,0,0.6200,0.1360,0.0347,0.0117,0,REST-S,6,3,2
581,4608,7:29:30,0,0.00,0,0.6200,0.1360,0.0347,0.0117,0,REST-S,6,3,2
581,4609,7:30:00,0,0.00,0,0.6000,0.1300,0.0347,0.0117,0,REST-S,6,3,2
581,4610,7:30:30,0,0.00,0,0.6200,0.1360,0.0347,0.0117,0,REST-S,6,3,2
581,4611,7:31:00,0,0.00,0,0.6400,0.1450,0.0347,0.0117,0,REST-S,6,3,2
581,4612,7:31:30,0,0.00,0,0.6400,0.1450,0.0347,0.0117,0,REST-S,6,3,2
581,4613,7:32:00,0,0.00,0,0.6400,0.1450,0.0347,0.0117,0,REST-S,6,3,2
581,4614,7:32:30,0,0.00,0,0.6500,0.1510,0.0347,0.0117,0,REST-S,6,3,2
581,4615,7:33:00,0,0.00,0,0.6400,0.1450,0.0347,0.0117,0,REST-S,6,3,2
581,4616,7:33:30,0,0.00,0,0.6500,0.1510,0.0347,0.0117,0,REST-S,6,3,2
581,4617,7:34:00,0,0.00,0,0.6500,0.1510,0.0347,0.0117,0,REST-S,6,3,2
581,4618,7:34:30,0,0.00,0,0.6400,0.1450,0.0347,0.0117,0,REST-S,6,3,2
581,4619,7:35:00,0,0.00,0,0.6500,0.1510,0.0347,0.0117,0,REST-S,6,3,2
581,4620,7:35:30,0,0.00,0,0.6500,0.1510,0.0347,0.0117,0,REST-S,6,3,2
581,4621,7:36:00,0,0.00,0,0.6500,0.1510,0.0347,0.0117,0,REST-S,6,3,2
581,4622,7:36:30,0,0.00,0,0.6500,0.1510,0.0347,0.0117,0,REST-S,6,3,2
581,4623,7:37:00,0,0.00,0,0.6400,0.1450,0.0347,0.0117,0,REST-S,6,3,2
581,4624,7:37:30,0,0.00,0,0.6400,0.1450,0.0347,0.0117,0,REST-S,6,3,2
581,4625,7:38:00,0,0.00,0,0.6500,0.1510,0.0347,0.0117,0,REST-S,6,3,2
581,4626,7:38:30,0,0.00,0,0.6500,0.1510,0.0347,0.0117,0,REST-S,6,3,2
581,4627,7:39:00,0,0.00,0,0.6700,0.1580,0.0347,0.0117,0,REST-S,6,3,2
581,4628,7:39:30,0,0.00,0,0.6500,0.1510,0.0347,0.0117,0,REST-S,6,3,2
581,4629,7:40:00,0,0.00,0,0.6400,0.1450,0.0347,0.0117,0,REST-S,6,3,2
581,4630,7:40:30,0,0.00,0,0.6500,0.1510,0.0347,0.0117,0,REST-S,6,3,2
581,4631,7:41:00,0,0.00,0,0.6500,0.1510,0.0347,0.0117,0,REST-S,6,3,2
581,4632,7:41:30,0,29.00,0,0.6500,0.1510,0.0347,0.0117,1,REST-S,6,3,2
581,4633,7:42:00,0,0.00,0,0.6400,0.1450,0.0347,0.0117,0,REST-S,6,3,2
581,4634,7:42:30,0,0.00,0,0.6200,0.1360,0.0347,0.0117,0,REST-S,6,3,2
581,4635,7:43:00,0,0.00,0,0.6200,0.1360,0.0347,0.0117,0,REST-S,6,3,2
581,4636,7:43:30,0,0.00,0,0.6200,0.1360,0.0347,0.0117,0,REST-S,6,3,2
581,4637,7:44:00,0,0.00,0,0.6200,0.1360,0.0347,0.0117,0,REST-S,6,3,2
581,4638,7:44:30,0,32.00,0,0.6200,0.1360,0.0347,0.0117,1,REST-S,6,3,2
581,4639,7:45:00,0,0.00,0,0.6200,0.1360,0.0347,0.0117,0,REST-S,6,3,2
581,4640,7:45:30,0,0.00,0,0.6200,0.1360,0.0347,0.0117,0,REST-S,6,3,2
581,4641,7:46:00,0,0.00,0,0.6200,0.1360,0.0347,0.0117,0,REST-S,6,3,2
581,4642,7:46:30,0,0.00,0,0.6200,0.1360,0.0347,0.0117,0,REST-S,6,3,2
581,4643,7:47:00,0,0.00,0,0.6200,0.1360,0.0347,0.0117,0,REST-S,6,3,2
581,4644,7:47:30,0,0.00,0,0.6000,0.1300,0.0347,0.0117,0,REST-S,6,3,2
581,4645,7:48:00,0,0.00,0,0.6200,0.1360,0.0347,0.0117,0,REST-S,6,3,2
581,4646,7:48:30,0,0.00,0,0.6000,0.1300,0.0347,0.0117,0,REST-S,6,3,2
581,4647,7:49:00,0,0.00,0,0.6000,0.1300,0.0347,0.0117,0,REST-S,6,3,2
581,4648,7:49:30,0,0.00,0,0.6200,0.1360,0.0347,0.0117,0,REST-S,6,3,2
581,4649,7:50:00,0,0.00,0,0.6200,0.1360,0.0347,0.0117,0,REST-S,6,3,2
581,4650,7:50:30,0,0.00,0,0.6000,0.1300,0.0347,0.0117,0,REST-S,6,3,2
581,4651,7:51:00,0,0.00,0,0.6200,0.1360,0.0347,0.0117,0,REST-S,6,3,2
581,4652,7:51:30,0,0.00,0,0.6200,0.1360,0.0347,0.0117,0,REST-S,6,3,2
581,4653,7:52:00,0,0.00,0,0.6000,0.1300,0.0347,0.0117,0,REST-S,6,3,2
581,4654,7:52:30,0,0.00,0,0.6200,0.1360,0.0347,0.0117,0,REST-S,6,3,2
581,4655,7:53:00,0,0.00,0,0.6000,0.1300,0.0347,0.0117,0,REST-S,6,3,2
581,4656,7:53:30,0,0.00,0,0.6000,0.1300,0.0347,0.0117,0,REST-S,6,3,2
581,4657,7:54:00,0,0.00,0,0.6000,0.1300,0.0347,0.0117,0,REST-S,6,3,2
581,4658,7:54:30,0,0.00,0,0.6000,0.1300,0.0347,0.0117,0,REST-S,6,3,2
581,4659,7:55:00,0,0.00,0,0.6000,0.1300,0.0347,0.0117,0,REST-S,6,3,2
581,4660,7:55:30,0,0.00,0,0.6000,0.1300,0.0347,0.0117,0,REST-S,6,3,2
581,4661,7:56:00,0,0.00,0,0.6000,0.1300,0.0347,0.0117,0,REST-S,6,3,2
581,4662,7:56:30,0,0.00,0,0.6000,0.1300,0.0347,0.0117,0,REST-S,6,3,2
581,4663,7:57:00,0,14.00,0,0.6200,0.1360,0.0347,0.0117,0,REST-S,6,3,2
581,4664,7:57:30,0,42.00,0,0.6000,0.1300,0.0347,0.0117,1,REST-S,6,3,2
581,4665,7:58:00,0,0.00,0,0.6000,0.1300,0.0347,0.0117,0,REST-S,6,3,2
581,4666,7:58:30,0,0.00,0,0.6000,0.1300,0.0347,0.0117,0,REST-S,6,3,2
581,4667,7:59:00,0,0.00,0,0.6000,0.1300,0.0347,0.0117,0,REST-S,6,3,2
581,4668,7:59:30,0,0.00,0,0.6000,0.1300,0.0347,0.0117,0,REST-S,6,3,2
581,4669,8:00:00,0,0.00,0,0.6000,0.1300,0.0347,0.0117,0,REST-S,6,3,2
581,4670,8:00:30,0,0.00,0,0.6000,0.1300,0.0347,0.0117,0,REST-S,6,3,2
581,4671,8:01:00,0,0.00,0,0.6000,0.1300,0.0347,0.0117,0,REST-S,6,3,2
581,4672,8:01:30,0,0.00,0,0.5900,0.1220,0.0347,0.0117,0,REST-S,6,3,2
581,4673,8:02:00,0,0.00,0,0.5900,0.1220,0.0347,0.0117,0,REST-S,6,3,2
581,4674,8:02:30,0,0.00,0,0.5900,0.1220,0.0347,0.0117,0,REST-S,6,3,2
581,4675,8:03:00,0,0.00,0,0.5900,0.1220,0.0347,0.0117,0,REST-S,6,3,2
581,4676,8:03:30,0,0.00,0,0.5900,0.1220,0.0347,0.0117,0,REST-S,6,3,2
581,4677,8:04:00,0,0.00,0,0.5900,0.1220,0.0347,0.0117,0,REST-S,6,3,2
581,4678,8:04:30,0,0.00,0,0.5900,0.1220,0.0347,0.0117,0,REST-S,6,3,2
581,4679,8:05:00,0,89.00,0,0.4900,0.1220,0.0251,0.0000,1,REST-S,6,3,2
581,4680,8:05:30,0,61.00,0,0.5900,0.1220,0.0347,0.0117,1,REST-S,6,3,2
581,4681,8:06:00,0,0.00,0,0.6000,0.1300,0.0347,0.0117,0,REST-S,6,3,2
581,4682,8:06:30,0,0.00,0,0.6000,0.1300,0.0347,0.0117,0,REST-S,6,3,2
581,4683,8:07:00,0,0.00,0,0.6000,0.1300,0.0347,0.0117,0,REST-S,6,3,2
581,4684,8:07:30,0,0.00,0,0.5900,0.1220,0.0347,0.0117,0,REST-S,6,3,2
581,4685,8:08:00,0,0.00,0,0.5900,0.1220,0.0347,0.0117,0,REST-S,6,3,2
581,4686,8:08:30,0,0.00,0,0.5900,0.1220,0.0347,0.0117,0,REST-S,6,3,2
581,4687,8:09:00,0,0.00,0,0.5900,0.1220,0.0347,0.0117,0,REST-S,6,3,2
581,4688,8:09:30,0,0.00,0,0.5900,0.1220,0.0347,0.0117,0,REST-S,6,3,2
581,4689,8:10:00,0,0.00,0,0.5900,0.1220,0.0347,0.0117,0,REST-S,6,3,2
581,4690,8:10:30,0,0.00,0,0.5900,0.1220,0.0347,0.0117,0,REST-S,6,3,2
581,4691,8:11:00,0,0.00,0,0.5900,0.1220,0.0347,0.0117,0,REST-S,6,3,2
581,4692,8:11:30,0,1.00,0,0.5900,0.1220,0.0347,0.0117,0,REST-S,6,3,2
581,4693,8:12:00,0,0.00,0,0.5900,0.1220,0.0347,0.0117,0,REST-S,6,3,2
581,4694,8:12:30,0,0.00,0,0.5900,0.1220,0.0347,0.0117,0,REST-S,6,3,2
581,4695,8:13:00,0,0.00,0,0.5900,0.1220,0.0347,0.0117,0,REST-S,6,3,2
581,4696,8:13:30,0,0.00,0,0.5900,0.1220,0.0347,0.0117,0,REST-S,6,3,2
581,4697,8:14:00,0,0.00,0,0.5900,0.1220,0.0347,0.0117,0,REST-S,6,3,2
581,4698,8:14:30,0,0.00,0,0.5900,0.1220,0.0347,0.0117,0,REST-S,6,3,2
581,4699,8:15:00,0,0.00,0,0.5900,0.1220,0.0347,0.0117,0,REST-S,6,3,2
581,4700,8:15:30,0,0.00,0,0.5900,0.1220,0.0347,0.0117,0,REST-S,6,3,2
581,4701,8:16:00,0,0.00,0,0.5900,0.1220,0.0347,0.0117,0,REST-S,6,3,2
581,4702,8:16:30,0,52.00,0,0.6000,0.1300,0.0347,0.0117,1,REST-S,6,3,2
581,4703,8:17:00,0,0.00,0,0.5900,0.1220,0.0347,0.0117,0,REST-S,6,3,2
581,4704,8:17:30,0,0.00,0,0.6000,0.1300,0.0347,0.0117,0,REST-S,6,3,2
581,4705,8:18:00,0,0.00,0,0.6000,0.1300,0.0347,0.0117,0,REST-S,6,3,2
581,4706,8:18:30,0,0.00,0,0.6000,0.1300,0.0347,0.0117,0,REST-S,6,3,2
581,4707,8:19:00,0,0.00,0,0.6000,0.1300,0.0347,0.0117,0,REST-S,6,3,2
581,4708,8:19:30,0,114.00,1,0.6200,0.1360,0.0347,0.0117,1,ACTIVE,6,3,2
581,4709,8:20:00,0,0.00,0,0.6000,0.1300,0.0347,0.0117,1,ACTIVE,6,3,2
581,4710,8:20:30,0,0.00,0,0.5900,0.1220,0.0347,0.0117,1,ACTIVE,6,3,2
581,4711,8:21:00,0,214.00,0,0.6200,0.1360,0.0347,0.0117,1,ACTIVE,6,3,2
581,4712,8:21:30,0,193.00,0,2.6100,0.3160,0.2090,0.0694,1,ACTIVE,6,3,2
581,4713,8:22:00,0,75.00,0,5.2100,0.5920,0.4370,0.0650,1,ACTIVE,6,3,2
581,4714,8:22:30,0,261.00,0,5.8100,0.5430,0.5090,0.1450,1,ACTIVE,6,3,2
581,4715,8:23:00,0,362.00,0,0.5400,0.2190,0.0024,0.0354,1,ACTIVE,6,3,2
581,4716,8:23:30,0,181.00,0,0.7300,0.1880,0.0347,0.0117,1,ACTIVE,6,3,2
581,4717,8:24:00,0,96.00,0,1.3300,0.1690,0.1050,0.0412,1,ACTIVE,6,3,2
581,4718,8:24:30,0,181.00,0,1.1800,0.2280,0.0756,0.0115,1,ACTIVE,6,3,2
581,4719,8:25:00,0,0.00,0,0.5200,0.1360,0.0251,0.0000,1,ACTIVE,6,3,2
581,4720,8:25:30,0,0.00,0,0.5100,0.1300,0.0251,0.0000,1,ACTIVE,6,3,2
581,4721,8:26:00,0,103.00,0,0.6700,0.1580,0.0347,0.0117,1,ACTIVE,6,3,2
581,4722,8:26:30,0,151.00,0,0.4700,0.1880,0.0024,0.0354,1,ACTIVE,6,3,2
581,4723,8:27:00,0,438.00,0,0.6700,0.1580,0.0347,0.0117,1,ACTIVE,6,3,2
581,4724,8:27:30,0,79.00,0,1.1400,0.2280,0.0694,0.0292,1,ACTIVE,6,3,2
581,4725,8:28:00,0,21.00,0,0.8200,0.2280,0.0347,0.0117,1,ACTIVE,6,3,2
581,4726,8:28:30,0,128.00,0,0.7700,0.2050,0.0347,0.0117,1,ACTIVE,6,3,2
581,4727,8:29:00,0,147.00,0,0.6200,0.1360,0.0347,0.0117,1,ACTIVE,6,3,2
581,4728,8:29:30,0,93.00,0,0.6200,0.1360,0.0347,0.0117,1,ACTIVE,6,3,2
581,4729,8:30:00,0,7.00,0,0.6900,0.1690,0.0347,0.0117,1,ACTIVE,6,3,2
581,4730,8:30:30,0,86.00,0,0.6500,0.1510,0.0347,0.0117,1,ACTIVE,6,3,2
581,4731,8:31:00,0,137.00,0,1.2800,0.4370,0.0347,0.0117,1,ACTIVE,6,3,2
581,4732,8:31:30,0,175.00,0,1.9300,0.2900,0.1390,0.0694,1,ACTIVE,6,3,2
581,4733,8:32:00,0,157.00,0,0.2900,0.1300,0.0000,0.0000,1,ACTIVE,6,3,2
581,4734,8:32:30,0,566.00,0,1.7600,0.2190,0.1390,0.0583,1,ACTIVE,6,3,2
581,4735,8:33:00,0,151.00,0,0.6500,0.1960,0.0251,0.0000,1,ACTIVE,6,3,2
581,4736,8:33:30,0,128.00,0,0.6700,0.1580,0.0347,0.0117,1,ACTIVE,6,3,2
581,4737,8:34:00,0,93.00,0,0.8300,0.1760,0.0501,0.0046,1,ACTIVE,6,3,2
581,4738,8:34:30,0,56.00,0,0.9400,0.1360,0.0694,0.0292,1,ACTIVE,6,3,2
581,4739,8:35:00,0,288.00,0,0.3900,0.1720,0.0000,0.0117,1,ACTIVE,6,3,2
581,4740,8:35:30,0,214.00,0,0.6500,0.1510,0.0347,0.0117,1,ACTIVE,6,3,2
581,4741,8:36:00,0,49.00,0,0.2700,0.1220,0.0000,0.0000,1,ACTIVE,6,3,2
581,4742,8:36:30,0,35.00,0,0.2700,0.1220,0.0000,0.0000,1,ACTIVE,6,3,2
581,4743,8:37:00,0,236.00,0,0.4900,0.1220,0.0251,0.0000,1,ACTIVE,6,3,2
581,4744,8:37:30,0,269.00,0,0.8200,0.2280,0.0347,0.0117,1,ACTIVE,6,3,2
581,4745,8:38:00,0,181.00,0,0.5600,0.2280,0.0024,0.0354,1,ACTIVE,6,3,2
581,4746,8:38:30,0,66.00,0,0.2500,0.1120,0.0000,0.0000,1,ACTIVE,6,3,2
581,4747,8:39:00,0,193.00,0,0.3300,0.1420,0.0000,0.0117,1,ACTIVE,6,3,2
581,4748,8:39:30,0,133.00,0,0.5700,0.1140,0.0347,0.0117,1,ACTIVE,6,3,2
581,4749,8:40:00,0,107.00,0,0.2700,0.1220,0.0000,0.0000,1,ACTIVE,6,3,2
581,4750,8:40:30,0,200.00,0,0.3100,0.1420,0.0000,0.0000,1,ACTIVE,6,3,2
581,4751,8:41:00,0,93.00,0,0.6000,0.1300,0.0347,0.0117,1,ACTIVE,6,3,2
581,4752,8:41:30,0,200.00,0,0.6000,0.1300,0.0347,0.0117,1,ACTIVE,6,3,2
581,4753,8:42:00,0,2.00,0,0.2900,0.1300,0.0000,0.0000,1,ACTIVE,6,3,2
581,4754,8:42:30,0,0.00,0,0.3100,0.1420,0.0000,0.0000,1,ACTIVE,6,3,2
581,4755,8:43:00,0,12.00,0,0.3100,0.1420,0.0000,0.0000,0,ACTIVE,6,3,2
581,4756,8:43:30,0,0.00,0,0.2900,0.1300,0.0000,0.0000,0,ACTIVE,6,3,2
581,4757,8:44:00,0,0.00,0,0.3100,0.1420,0.0000,0.0000,0,ACTIVE,6,3,2
581,4758,8:44:30,0,0.00,0,0.3100,0.1420,0.0000,0.0000,0,ACTIVE,6,3,2
581,4759,8:45:00,0,0.00,0,0.2900,0.1300,0.0000,0.0000,0,ACTIVE,6,3,2
581,4760,8:45:30,0,0.00,0,0.3100,0.1420,0.0000,0.0000,0,ACTIVE,6,3,2
581,4761,8:46:00,0,0.00,0,0.3100,0.1420,0.0000,0.0000,0,ACTIVE,6,3,2
581,4762,8:46:30,0,0.00,0,0.3100,0.1420,0.0000,0.0000,0,ACTIVE,6,3,2
581,4763,8:47:00,0,0.00,0,0.3100,0.1420,0.0000,0.0000,1,ACTIVE,6,3,2
581,4764,8:47:30,0,49.00,0,0.3100,0.1420,0.0000,0.0000,1,ACTIVE,6,3,2
581,4765,8:48:00,0,137.00,0,0.4500,0.2050,0.0000,0.0000,1,ACTIVE,6,3,2
581,4766,8:48:30,0,187.00,0,0.8200,0.2280,0.0347,0.0117,1,ACTIVE,6,3,2
581,4767,8:49:00,0,119.00,0,0.4200,0.1920,0.0000,0.0000,1,ACTIVE,6,3,2
581,4768,8:49:30,0,114.00,0,0.7100,0.1760,0.0347,0.0117,1,ACTIVE,6,3,2
581,4769,8:50:00,0,93.00,0,0.6500,0.1960,0.0251,0.0000,1,ACTIVE,6,3,2
581,4770,8:50:30,0,9.00,0,0.8900,0.2600,0.0347,0.0117,1,ACTIVE,6,3,2
581,4771,8:51:00,0,63.00,0,0.6800,0.2090,0.0251,0.0000,1,ACTIVE,6,3,2
581,4772,8:51:30,0,59.00,0,0.5200,0.2330,0.0000,0.0000,1,ACTIVE,6,3,2
581,4773,8:52:00,0,89.00,0,0.8200,0.2280,0.0347,0.0117,1,ACTIVE,6,3,2
581,4774,8:52:30,0,49.00,0,0.8800,0.1960,0.0501,0.0046,1,ACTIVE,6,3,2
581,4775,8:53:00,0,0.00,0,0.2900,0.1300,0.0000,0.0000,1,ACTIVE,6,3,2
581,4776,8:53:30,0,63.00,0,0.3200,0.1450,0.0000,0.0000,1,ACTIVE,6,3,2
581,4777,8:54:00,0,38.00,0,0.3100,0.1420,0.0000,0.0000,1,ACTIVE,6,3,2
581,4778,8:54:30,0,181.00,0,2.0100,0.4100,0.1240,0.0162,1,ACTIVE,6,3,2
581,4779,8:55:00,0,23.00,0,3.6700,0.6180,0.2600,0.0279,1,ACTIVE,6,3,2
581,4780,8:55:30,0,200.00,0,8.7200,1.2900,0.6600,0.0773,1,ACTIVE,6,3,2
581,4781,8:56:00,0,187.00,0,15.1100,2.4700,1.0900,0.1190,1,ACTIVE,6,3,2
581,4782,8:56:30,0,483.00,0,10.5300,1.7100,0.7350,0.2840,1,ACTIVE,6,3,2
581,4783,8:57:00,0,328.00,0,1.1800,0.3920,0.0347,0.0117,1,ACTIVE,6,3,2
581,4784,8:57:30,0,26.00,0,2.2100,0.7200,0.0694,0.0117,1,ACTIVE,6,3,2
581,4785,8:58:00,0,61.00,0,0.4700,0.2140,0.0000,0.0000,1,ACTIVE,6,3,2
581,4786,8:58:30,0,0.00,0,0.4500,0.2050,0.0000,0.0000,1,ACTIVE,6,3,2
581,4787,8:59:00,0,0.00,0,0.6100,0.1760,0.0251,0.0000,0,ACTIVE,6,3,2
581,4788,8:59:30,0,1.00,0,0.4200,0.1920,0.0000,0.0000,0,ACTIVE,6,3,2
581,4789,9:00:00,0,15.00,0,0.4500,0.2050,0.0000,0.0000,1,ACTIVE,6,3,2
581,4790,9:00:30,0,52.00,0,0.4600,0.2000,0.0000,0.0117,1,ACTIVE,6,3,2
581,4791,9:01:00,0,38.00,0,0.2700,0.1220,0.0000,0.0000,1,ACTIVE,6,3,2
581,4792,9:01:30,0,79.00,0,0.2900,0.1300,0.0000,0.0000,1,ACTIVE,6,3,2
581,4793,9:02:00,0,38.00,0,0.9900,0.4470,0.0000,0.0000,1,ACTIVE,6,3,2
581,4794,9:02:30,0,19.00,0,0.4000,0.1800,0.0000,0.0000,1,ACTIVE,6,3,2
581,4795,9:03:00,0,38.00,0,0.2900,0.1300,0.0000,0.0000,1,ACTIVE,6,3,2
581,4796,9:03:30,0,0.00,0,0.2500,0.1120,0.0000,0.0000,0,ACTIVE,6,3,2
581,4797,9:04:00,0,0.00,0,0.2500,0.1120,0.0000,0.0000,0,ACTIVE,6,3,2
581,4798,9:04:30,0,63.00,0,0.2900,0.1300,0.0000,0.0000,1,ACTIVE,6,3,2
581,4799,9:05:00,0,0.00,0,0.2700,0.1220,0.0000,0.0000,0,ACTIVE,6,3,2
581,4800,9:05:30,0,0.00,0,0.2700,0.1220,0.0000,0.0000,0,ACTIVE,6,3,2
581,4801,9:06:00,0,34.00,0,0.2700,0.1220,0.0000,0.0000,1,ACTIVE,6,3,2
581,4802,9:06:30,0,0.00,0,0.2700,0.1220,0.0000,0.0000,1,ACTIVE,6,3,2
581,4803,9:07:00,0,96.00,0,0.6700,0.2960,0.0000,0.0117,1,ACTIVE,6,3,2
581,4804,9:07:30,0,114.00,0,0.3000,0.1300,0.0000,0.0117,1,ACTIVE,6,3,2
581,4805,9:08:00,0,306.00,0,1.4000,0.3300,0.0756,0.0115,1,ACTIVE,6,3,2
581,4806,9:08:30,0,483.00,0,11.5400,1.8300,0.8020,0.4370,1,ACTIVE,6,3,2
581,4807,9:09:00,0,0.00,0,0.2700,0.1220,0.0000,0.0000,1,ACTIVE,6,3,2
581,4808,9:09:30,0,6.00,0,0.2800,0.1220,0.0000,0.0117,1,ACTIVE,6,3,2
581,4809,9:10:00,0,1.00,0,0.2700,0.1220,0.0000,0.0000,1,ACTIVE,6,3,2
581,4810,9:10:30,0,0.00,0,0.2700,0.1220,0.0000,0.0000,1,ACTIVE,6,3,2
581,4811,9:11:00,0,47.00,0,0.7800,0.2090,0.0347,0.0117,1,ACTIVE,6,3,2
581,4812,9:11:30,0,49.00,0,0.3500,0.1580,0.0000,0.0000,1,ACTIVE,6,3,2
581,4813,9:12:00,0,0.00,0,0.2700,0.1220,0.0000,0.0000,1,ACTIVE,6,3,2
581,4814,9:12:30,0,34.00,0,7.4100,3.0700,0.0694,0.0117,1,ACTIVE,6,3,2
581,4815,9:13:00,0,228.00,0,0.3800,0.1720,0.0000,0.0000,1,ACTIVE,6,3,2
581,4816,9:13:30,0,133.00,0,1.2100,0.2600,0.0694,0.0292,1,ACTIVE,6,3,2
581,4817,9:14:00,0,103.00,0,0.9000,0.2050,0.0501,0.0046,1,ACTIVE,6,3,2
581,4818,9:14:30,0,169.00,0,0.4900,0.2230,0.0000,0.0000,1,ACTIVE,6,3,2
581,4819,9:15:00,0,68.00,0,0.6700,0.1580,0.0347,0.0117,1,ACTIVE,6,3,2
581,4820,9:15:30,0,6.00,0,0.7100,0.1760,0.0347,0.0117,1,ACTIVE,6,3,2
581,4821,9:16:00,0,0.00,0,0.5700,0.1580,0.0251,0.0000,0,ACTIVE,6,3,2
581,4822,9:16:30,0,0.00,0,0.3500,0.1580,0.0000,0.0000,0,ACTIVE,6,3,2
581,4823,9:17:00,0,16.00,0,0.3200,0.1450,0.0000,0.0000,1,ACTIVE,6,3,2
581,4824,9:17:30,0,33.00,0,0.2700,0.1220,0.0000,0.0000,1,ACTIVE,6,3,2
581,4825,9:18:00,0,0.00,0,0.2500,0.1120,0.0000,0.0000,0,ACTIVE,6,3,2
581,4826,9:18:30,0,0.00,0,0.2700,0.1220,0.0000,0.0000,0,ACTIVE,6,3,2
581,4827,9:19:00,0,0.00,0,0.2700,0.1220,0.0000,0.0000,0,ACTIVE,6,3,2
581,4828,9:19:30,0,0.00,0,0.2700,0.1220,0.0000,0.0000,0,ACTIVE,6,3,2
581,4829,9:20:00,0,0.00,0,0.2700,0.1220,0.0000,0.0000,0,ACTIVE,6,3,2
581,4830,9:20:30,0,0.00,0,0.2700,0.1220,0.0000,0.0000,0,ACTIVE,6,3,2
581,4831,9:21:00,0,1.00,0,0.2700,0.1220,0.0000,0.0000,1,ACTIVE,6,3,2
581,4832,9:21:30,0,66.00,0,1.3100,0.1580,0.1050,0.0412,1,ACTIVE,6,3,2
581,4833,9:22:00,0,137.00,0,0.4300,0.1690,0.0024,0.0354,1,ACTIVE,6,3,2
581,4834,9:22:30,0,362.00,0,7.6600,1.2100,0.5430,0.2090,1,ACTIVE,6,3,2
581,4835,9:23:00,0,142.00,0,13.0600,0.9130,1.1800,0.6180,1,ACTIVE,6,3,2
581,4836,9:23:30,0,123.00,0,2.4300,0.2190,0.2090,0.1050,1,ACTIVE,6,3,2
581,4837,9:24:00,0,13.00,0,0.2500,0.1120,0.0000,0.0000,1,ACTIVE,6,3,2
581,4838,9:24:30,0,0.00,0,0.2700,0.1220,0.0000,0.0000,1,ACTIVE,6,3,2
581,4839,9:25:00,0,7.00,0,0.2800,0.1220,0.0000,0.0117,1,ACTIVE,6,3,2
581,4840,9:25:30,0,36.00,0,0.2600,0.1120,0.0000,0.0117,1,ACTIVE,6,3,2
581,4841,9:26:00,0,100.00,0,0.2500,0.1120,0.0000,0.0000,1,ACTIVE,6,3,2
581,4842,9:26:30,0,56.00,0,0.5700,0.1140,0.0347,0.0117,1,ACTIVE,6,3,2
581,4843,9:27:00,0,38.00,0,0.2600,0.1120,0.0000,0.0117,1,ACTIVE,6,3,2
581,4844,9:27:30,0,73.00,0,0.6000,0.1300,0.0347,0.0117,1,ACTIVE,6,3,2
581,4845,9:28:00,0,128.00,0,0.2500,0.1120,0.0000,0.0000,1,ACTIVE,6,3,2
581,4846,9:28:30,0,75.00,0,0.2700,0.1220,0.0000,0.0000,1,ACTIVE,6,3,2
581,4847,9:29:00,0,86.00,0,0.6400,0.1450,0.0347,0.0117,1,ACTIVE,6,3,2
581,4848,9:29:30,0,70.00,0,0.5900,0.1220,0.0347,0.0117,1,ACTIVE,6,3,2
581,4849,9:30:00,0,56.00,0,0.3900,0.1510,0.0024,0.0354,1,ACTIVE,6,3,2
581,4850,9:30:30,0,119.00,0,0.2900,0.1300,0.0000,0.0000,1,ACTIVE,6,3,2
581,4851,9:31:00,0,297.00,0,0.2500,0.1120,0.0000,0.0000,1,ACTIVE,6,3,2
581,4852,9:31:30,0,20.00,0,0.2700,0.1220,0.0000,0.0000,1,ACTIVE,6,3,2
581,4853,9:32:00,0,0.00,0,0.2900,0.1300,0.0000,0.0000,1,ACTIVE,6,3,2
581,4854,9:32:30,0,0.00,0,0.2900,0.1300,0.0000,0.0000,1,ACTIVE,6,3,2
581,4855,9:33:00,0,45.00,0,1.4000,0.2280,0.1000,0.0162,1,ACTIVE,6,3,2
581,4856,9:33:30,0,100.00,0,0.6700,0.1580,0.0347,0.0117,1,ACTIVE,6,3,2
581,4857,9:34:00,0,452.00,0,2.9200,0.2900,0.2440,0.1330,1,ACTIVE,6,3,2
581,4858,9:34:30,0,398.00,0,4.5800,0.4190,0.4010,0.1330,1,ACTIVE,6,3,2
581,4859,9:35:00,0,373.00,0,4.3400,0.6890,0.3160,0.0412,1,ACTIVE,6,3,2
581,4860,9:35:30,0,531.00,0,8.0800,1.1100,0.6320,0.0880,1,ACTIVE,6,3,2
581,4861,9:36:00,0,604.00,0,9.8200,1.3500,0.7680,0.1070,1,ACTIVE,6,3,2
581,4862,9:36:30,0,398.00,0,9.6000,1.3800,0.7350,0.1020,1,ACTIVE,6,3,2
581,4863,9:37:00,0,362.00,0,6.6300,0.9960,0.4980,0.0650,1,ACTIVE,6,3,2
581,4864,9:37:30,0,411.00,0,6.0400,0.8560,0.4670,0.0571,1,ACTIVE,6,3,2
581,4865,9:38:00,0,438.00,0,6.7500,0.9540,0.5200,0.0773,1,ACTIVE,6,3,2
581,4866,9:38:30,0,438.00,0,4.0900,0.5790,0.3160,0.0412,1,ACTIVE,6,3,2
581,4867,9:39:00,0,163.00,0,5.7000,0.8200,0.4370,0.0535,1,ACTIVE,6,3,2
581,4868,9:39:30,0,498.00,0,1.9000,0.3600,0.1240,0.0162,1,ACTIVE,6,3,2
581,4869,9:40:00,0,779.00,0,7.7300,0.6050,0.7040,0.2090,1,ACTIVE,6,3,2
581,4870,9:40:30,0,566.00,0,192.0300,3.9000,19.8000,9.2700,1,ACTIVE,6,3,2
581,4871,9:41:00,0,236.00,0,23.8200,1.8700,2.1700,0.6180,1,ACTIVE,6,3,2
581,4872,9:41:30,0,350.00,0,22.8600,1.9100,2.0400,0.7510,1,ACTIVE,6,3,2
581,4873,9:42:00,0,531.00,0,7.0000,0.4770,0.6460,0.2660,1,ACTIVE,6,3,2
581,4874,9:42:30,0,452.00,0,6.7400,0.4870,0.6180,0.2230,1,ACTIVE,6,3,2
581,4875,9:43:00,0,452.00,0,16.1000,1.6400,1.3800,0.3760,1,ACTIVE,6,3,2
581,4876,9:43:30,0,350.00,0,321.4900,17.0000,30.5000,15.3000,1,ACTIVE,6,3,2
581,4877,9:44:00,0,244.00,0,0.2500,0.1120,0.0000,0.0000,1,ACTIVE,6,3,2
581,4878,9:44:30,0,297.00,0,0.2800,0.1220,0.0000,0.0117,1,ACTIVE,6,3,2
581,4879,9:45:00,0,123.00,0,0.2500,0.1120,0.0000,0.0000,1,ACTIVE,6,3,2
581,4880,9:45:30,0,79.00,0,0.2500,0.1120,0.0000,0.0000,1,ACTIVE,6,3,2
581,4881,9:46:00,0,175.00,0,0.2500,0.1120,0.0000,0.0000,1,ACTIVE,6,3,2
581,4882,9:46:30,0,9.00,0,0.2600,0.1120,0.0000,0.0117,1,ACTIVE,6,3,2
581,4883,9:47:00,0,0.00,0,0.2600,0.1120,0.0000,0.0117,1,ACTIVE,6,3,2
581,4884,9:47:30,0,1.00,0,0.2600,0.1120,0.0000,0.0117,0,ACTIVE,6,3,2
581,4885,9:48:00,0,0.00,0,0.5300,0.0981,0.0347,0.0117,0,ACTIVE,6,3,2
581,4886,9:48:30,0,0.00,0,0.5300,0.0981,0.0347,0.0117,0,ACTIVE,6,3,2
581,4887,9:49:00,0,0.00,0,0.5300,0.0981,0.0347,0.0117,0,ACTIVE,6,3,2
581,4888,9:49:30,0,0.00,0,0.5300,0.0981,0.0347,0.0117,0,ACTIVE,6,3,2
581,4889,9:50:00,0,0.00,0,0.5300,0.0981,0.0347,0.0117,0,ACTIVE,6,3,2
581,4890,9:50:30,0,0.00,0,0.5300,0.0981,0.0347,0.0117,0,ACTIVE,6,3,2
581,4891,9:51:00,0,1.00,0,0.5300,0.0981,0.0347,0.0117,0,ACTIVE,6,3,2
581,4892,9:51:30,0,0.00,0,0.2500,0.1070,0.0000,0.0117,0,ACTIVE,6,3,2
581,4893,9:52:00,0,0.00,0,0.2400,0.1070,0.0000,0.0000,0,ACTIVE,6,3,2
581,4894,9:52:30,0,0.00,0,0.2500,0.1120,0.0000,0.0000,0,ACTIVE,6,3,2
581,4895,9:53:00,0,0.00,0,0.2600,0.1120,0.0000,0.0117,0,ACTIVE,6,3,2
581,4896,9:53:30,0,0.00,0,0.2500,0.1120,0.0000,0.0000,0,ACTIVE,6,3,2
581,4897,9:54:00,0,0.00,0,0.2400,0.1070,0.0000,0.0000,0,ACTIVE,6,3,2
581,4898,9:54:30,0,2.00,0,0.2400,0.1070,0.0000,0.0000,0,ACTIVE,6,3,2
581,4899,9:55:00,0,1.00,0,0.2500,0.1120,0.0000,0.0000,0,ACTIVE,6,3,2
581,4900,9:55:30,0,0.00,0,0.2500,0.1120,0.0000,0.0000,0,ACTIVE,6,3,2
581,4901,9:56:00,0,0.00,0,0.2500,0.1120,0.0000,0.0000,0,ACTIVE,6,3,2
581,4902,9:56:30,0,31.00,0,0.2800,0.1220,0.0000,0.0117,1,ACTIVE,6,3,2
581,4903,9:57:00,0,0.00,0,0.2400,0.1070,0.0000,0.0000,0,ACTIVE,6,3,2
581,4904,9:57:30,0,0.00,0,0.2500,0.1120,0.0000,0.0000,0,ACTIVE,6,3,2
581,4905,9:58:00,0,0.00,0,0.2500,0.1120,0.0000,0.0000,0,ACTIVE,6,3,2
581,4906,9:58:30,0,0.00,0,0.2500,0.1120,0.0000,0.0000,1,ACTIVE,6,3,2
581,4907,9:59:00,0,19.00,0,0.2500,0.1120,0.0000,0.0000,1,ACTIVE,6,3,2
581,4908,9:59:30,0,193.00,0,0.2600,0.1120,0.0000,0.0117,1,ACTIVE,6,3,2
581,4909,10:00:00,0,59.00,0,0.2700,0.1220,0.0000,0.0000,1,ACTIVE,6,3,2
581,4910,10:00:30,0,0.00,0,0.2500,0.1120,0.0000,0.0000,1,ACTIVE,6,3,2
581,4911,10:01:00,0,89.00,0,0.2700,0.1220,0.0000,0.0000,1,ACTIVE,6,3,2
581,4912,10:01:30,0,133.00,0,0.2800,0.1220,0.0000,0.0117,1,ACTIVE,6,3,2
581,4913,10:02:00,0,119.00,0,0.2700,0.1220,0.0000,0.0000,1,ACTIVE,6,3,2
581,4914,10:02:30,0,169.00,0,0.5700,0.1140,0.0347,0.0117,1,ACTIVE,6,3,2
581,4915,10:03:00,0,147.00,0,0.5900,0.1220,0.0347,0.0117,1,ACTIVE,6,3,2
581,4916,10:03:30,0,221.00,0,0.2500,0.1120,0.0000,0.0000,1,ACTIVE,6,3,2
581,4917,10:04:00,0,193.00,0,0.3100,0.1420,0.0000,0.0000,1,ACTIVE,6,3,2
581,4918,10:04:30,0,137.00,0,0.3100,0.1420,0.0000,0.0000,1,ACTIVE,6,3,2
581,4919,10:05:00,0,0.00,0,1.3300,0.1690,0.1050,0.0412,1,ACTIVE,6,3,2
581,4920,10:05:30,0,0.00,0,0.9700,0.1510,0.0694,0.0292,1,ACTIVE,6,3,2
581,4921,10:06:00,0,0.00,0,0.7800,0.1510,0.0501,0.0046,0,ACTIVE,6,3,2
581,4922,10:06:30,0,0.00,0,0.7800,0.1510,0.0501,0.0046,0,ACTIVE,6,3,2
581,4923,10:07:00,0,0.00,0,0.7800,0.1510,0.0501,0.0046,0,ACTIVE,6,3,2
581,4924,10:07:30,0,0.00,0,0.7800,0.1510,0.0501,0.0046,0,ACTIVE,6,3,2
581,4925,10:08:00,0,0.00,0,0.7800,0.1510,0.0501,0.0046,1,ACTIVE,6,3,2
581,4926,10:08:30,0,0.00,0,0.7800,0.1510,0.0501,0.0046,1,ACTIVE,6,3,2
581,4927,10:09:00,0,119.00,0,2.4800,0.2600,0.2090,0.0694,1,ACTIVE,6,3,2
581,4928,10:09:30,0,252.00,0,8.0100,0.7040,0.7040,0.2660,1,ACTIVE,6,3,2
581,4929,10:10:00,0,306.00,0,1.7100,0.1960,0.1390,0.0583,1,ACTIVE,6,3,2
581,4930,10:10:30,0,175.00,0,2.6000,0.3030,0.2090,0.0880,1,ACTIVE,6,3,2
581,4931,10:11:00,0,142.00,0,0.2500,0.1120,0.0000,0.0000,1,ACTIVE,6,3,2
581,4932,10:11:30,0,107.00,0,0.2500,0.1120,0.0000,0.0000,1,ACTIVE,6,3,2
581,4933,10:12:00,0,142.00,0,0.2600,0.1120,0.0000,0.0117,1,ACTIVE,6,3,2
581,4934,10:12:30,0,114.00,0,0.2400,0.1070,0.0000,0.0000,1,ACTIVE,6,3,2
581,4935,10:13:00,0,45.00,0,0.2400,0.1070,0.0000,0.0000,1,ACTIVE,6,3,2
581,4936,10:13:30,0,244.00,0,0.2400,0.1070,0.0000,0.0000,1,ACTIVE,6,3,2
581,4937,10:14:00,0,147.00,0,0.2500,0.1120,0.0000,0.0000,1,ACTIVE,6,3,2
581,4938,10:14:30,0,56.00,0,0.2400,0.1070,0.0000,0.0000,1,ACTIVE,6,3,2
581,4939,10:15:00,0,157.00,0,0.2500,0.1120,0.0000,0.0000,1,ACTIVE,6,3,2
581,4940,10:15:30,0,82.00,0,0.2500,0.1120,0.0000,0.0000,1,ACTIVE,6,3,2
581,4941,10:16:00,0,32.00,0,0.2500,0.1120,0.0000,0.0000,1,ACTIVE,6,3,2
581,4942,10:16:30,0,18.00,0,0.2400,0.1070,0.0000,0.0000,1,ACTIVE,6,3,2
581,4943,10:17:00,0,175.00,0,0.2500,0.1120,0.0000,0.0000,1,ACTIVE,6,3,2
581,4944,10:17:30,0,207.00,0,0.2500,0.1120,0.0000,0.0000,1,ACTIVE,6,3,2
581,4945,10:18:00,0,96.00,0,0.2500,0.1120,0.0000,0.0000,1,ACTIVE,6,3,2
581,4946,10:18:30,0,228.00,0,12.4800,0.8750,1.1600,0.3600,1,ACTIVE,6,3,2
581,4947,10:19:00,0,398.00,0,2.9800,0.3160,0.2440,0.1330,1,ACTIVE,6,3,2
581,4948,10:19:30,0,252.00,0,0.2500,0.1120,0.0000,0.0000,1,ACTIVE,6,3,2
581,4949,10:20:00,0,0.00,0,0.2400,0.1070,0.0000,0.0000,1,ACTIVE,6,3,2
581,4950,10:20:30,0,59.00,0,0.2500,0.1120,0.0000,0.0000,1,ACTIVE,6,3,2
581,4951,10:21:00,0,207.00,0,0.6000,0.1300,0.0347,0.0117,1,ACTIVE,6,3,2
581,4952,10:21:30,0,6.00,0,0.3000,0.1300,0.0000,0.0117,1,ACTIVE,6,3,2
581,4953,10:22:00,0,0.00,0,0.3600,0.1360,0.0024,0.0354,1,ACTIVE,6,3,2
581,4954,10:22:30,0,0.00,0,0.3300,0.1220,0.0024,0.0354,0,ACTIVE,6,3,2
581,4955,10:23:00,0,42.00,0,0.2800,0.1220,0.0000,0.0117,1,ACTIVE,6,3,2
581,4956,10:23:30,0,33.00,0,0.2500,0.1120,0.0000,0.0000,1,ACTIVE,6,3,2
581,4957,10:24:00,0,70.00,0,0.2500,0.1120,0.0000,0.0000,1,ACTIVE,6,3,2
581,4958,10:24:30,0,79.00,0,0.5500,0.1510,0.0251,0.0000,1,ACTIVE,6,3,2
581,4959,10:25:00,0,261.00,0,10.4500,0.7200,0.9540,0.4670,1,ACTIVE,6,3,2
581,4960,10:25:30,0,328.00,0,1.5000,0.2720,0.1000,0.0162,1,ACTIVE,6,3,2
581,4961,10:26:00,0,297.00,0,2.5200,0.3300,0.2000,0.0279,1,ACTIVE,6,3,2
581,4962,10:26:30,0,193.00,0,1.4700,0.2280,0.1050,0.0412,1,ACTIVE,6,3,2
581,4963,10:27:00,0,288.00,0,0.6300,0.1880,0.0251,0.0000,1,ACTIVE,6,3,2
581,4964,10:27:30,0,221.00,0,0.3500,0.1580,0.0000,0.0000,1,ACTIVE,6,3,2
581,4965,10:28:00,0,147.00,0,0.2500,0.1120,0.0000,0.0000,1,ACTIVE,6,3,2
581,4966,10:28:30,0,142.00,0,0.2500,0.1120,0.0000,0.0000,1,ACTIVE,6,3,2
581,4967,10:29:00,0,531.00,0,0.3100,0.1420,0.0000,0.0000,1,ACTIVE,6,3,2
581,4968,10:29:30,0,163.00,0,0.3100,0.1420,0.0000,0.0000,1,ACTIVE,6,3,2
581,4969,10:30:00,0,157.00,0,0.2400,0.1070,0.0000,0.0000,1,ACTIVE,6,3,2
581,4970,10:30:30,0,193.00,0,0.2500,0.1120,0.0000,0.0000,1,ACTIVE,6,3,2
581,4971,10:31:00,0,157.00,0,0.2500,0.1120,0.0000,0.0000,1,ACTIVE,6,3,2
581,4972,10:31:30,0,187.00,0,0.3600,0.1650,0.0000,0.0000,1,ACTIVE,6,3,2
581,4973,10:32:00,0,33.00,0,0.2500,0.1120,0.0000,0.0000,1,ACTIVE,6,3,2
581,4974,10:32:30,0,269.00,0,0.2500,0.1120,0.0000,0.0000,1,ACTIVE,6,3,2
581,4975,10:33:00,0,151.00,0,4.4600,0.5670,0.3600,0.0535,1,ACTIVE,6,3,2
581,4976,10:33:30,0,133.00,0,20.6900,1.5400,1.9100,0.5430,1,ACTIVE,6,3,2
581,4977,10:34:00,0,70.00,0,26.4900,2.4700,2.3200,0.6600,1,ACTIVE,6,3,2
581,4978,10:34:30,0,61.00,0,20.7800,1.9100,1.8300,0.5200,1,ACTIVE,6,3,2
581,4979,10:35:00,0,107.00,0,17.8000,1.6000,1.5700,0.4670,1,ACTIVE,6,3,2
581,4980,10:35:30,0,175.00,0,13.8100,1.3800,1.1800,0.3600,1,ACTIVE,6,3,2
581,4981,10:36:00,0,107.00,0,283.0300,15.3000,26.8000,13.4000,1,ACTIVE,6,3,2
581,4982,10:36:30,0,175.00,0,316.5900,17.4000,29.9000,15.3000,1,ACTIVE,6,3,2
581,4983,10:37:00,0,96.00,0,164.2700,8.6900,15.6000,7.8000,1,ACTIVE,6,3,2
581,4984,10:37:30,0,207.00,0,175.4900,9.2700,16.6000,8.5000,1,ACTIVE,6,3,2
581,4985,10:38:00,0,236.00,0,0.2400,0.1070,0.0000,0.0000,1,ACTIVE,6,3,2
581,4986,10:38:30,0,93.00,0,0.2500,0.1120,0.0000,0.0000,1,ACTIVE,6,3,2
581,4987,10:39:00,0,0.00,0,0.2900,0.1300,0.0000,0.0000,1,ACTIVE,6,3,2
581,4988,10:39:30,0,15.00,0,0.2900,0.1300,0.0000,0.0000,1,ACTIVE,6,3,2
581,4989,10:40:00,0,86.00,0,0.2500,0.1120,0.0000,0.0000,1,ACTIVE,6,3,2
581,4990,10:40:30,0,114.00,0,0.2500,0.1120,0.0000,0.0000,1,ACTIVE,6,3,2
581,4991,10:41:00,0,8.00,0,0.5900,0.1220,0.0347,0.0117,1,ACTIVE,6,3,2
581,4992,10:41:30,0,110.00,0,0.2800,0.1220,0.0000,0.0117,1,ACTIVE,6,3,2
581,4993,10:42:00,0,137.00,0,0.4100,0.1300,0.0047,0.0709,1,ACTIVE,6,3,2
581,4994,10:42:30,0,278.00,0,0.2500,0.1120,0.0000,0.0000,1,ACTIVE,6,3,2
581,4995,10:43:00,0,252.00,0,0.2500,0.1120,0.0000,0.0000,1,ACTIVE,6,3,2
581,4996,10:43:30,0,68.00,0,0.5700,0.1140,0.0347,0.0117,1,ACTIVE,6,3,2
581,4997,10:44:00,0,0.00,0,0.2500,0.1120,0.0000,0.0000,1,ACTIVE,6,3,2
581,4998,10:44:30,0,0.00,0,0.2500,0.1120,0.0000,0.0000,1,ACTIVE,6,3,2
581,4999,10:45:00,0,0.00,0,0.2500,0.1120,0.0000,0.0000,0,ACTIVE,6,3,2
581,5000,10:45:30,0,6.00,0,0.2500,0.1120,0.0000,0.0000,1,ACTIVE,6,3,2
581,5001,10:46:00,0,0.00,0,0.2200,0.0981,0.0000,0.0000,1,ACTIVE,6,3,2
581,5002,10:46:30,0,269.00,0,0.2400,0.1070,0.0000,0.0000,1,ACTIVE,6,3,2
581,5003,10:47:00,0,137.00,0,0.2200,0.0981,0.0000,0.0000,1,ACTIVE,6,3,2
581,5004,10:47:30,0,175.00,0,0.2400,0.1070,0.0000,0.0000,1,ACTIVE,6,3,2
581,5005,10:48:00,0,93.00,0,0.2200,0.0981,0.0000,0.0000,1,ACTIVE,6,3,2
581,5006,10:48:30,0,0.00,0,0.2400,0.1070,0.0000,0.0000,1,ACTIVE,6,3,2
581,5007,10:49:00,0,100.00,0,0.1900,0.0880,0.0000,0.0000,1,ACTIVE,6,3,2
581,5008,10:49:30,0,100.00,0,0.2600,0.1120,0.0000,0.0117,1,ACTIVE,6,3,2
581,5009,10:50:00,0,261.00,0,21.1600,2.0400,1.8300,0.6050,1,ACTIVE,6,3,2
581,5010,10:50:30,0,385.00,0,1.3300,0.1690,0.1050,0.0412,1,ACTIVE,6,3,2
581,5011,10:51:00,0,221.00,0,0.2300,0.0981,0.0000,0.0117,1,ACTIVE,6,3,2
581,5012,10:51:30,0,128.00,0,0.1900,0.0880,0.0000,0.0000,1,ACTIVE,6,3,2
581,5013,10:52:00,0,133.00,0,0.5100,0.0861,0.0347,0.0117,1,ACTIVE,6,3,2
581,5014,10:52:30,0,278.00,0,0.3100,0.1420,0.0000,0.0000,1,ACTIVE,6,3,2
581,5015,10:53:00,0,137.00,0,0.2200,0.0981,0.0000,0.0000,1,ACTIVE,6,3,2
581,5016,10:53:30,0,269.00,0,1.2500,0.1220,0.1050,0.0583,1,ACTIVE,6,3,2
581,5017,10:54:00,0,28.00,0,0.3300,0.1220,0.0024,0.0354,1,ACTIVE,6,3,2
581,5018,10:54:30,0,119.00,0,0.2800,0.1220,0.0000,0.0117,1,ACTIVE,6,3,2
581,5019,10:55:00,0,151.00,0,3.4500,0.2280,0.3160,0.1650,1,ACTIVE,6,3,2
581,5020,10:55:30,0,317.00,0,0.1800,0.0825,0.0000,0.0000,1,ACTIVE,6,3,2
581,5021,10:56:00,0,424.00,0,0.1800,0.0825,0.0000,0.0000,1,ACTIVE,6,3,2
581,5022,10:56:30,0,169.00,0,0.2200,0.0981,0.0000,0.0000,1,ACTIVE,6,3,2
581,5023,10:57:00,0,15.00,0,0.2200,0.0981,0.0000,0.0000,1,ACTIVE,6,3,2
581,5024,10:57:30,0,9.00,0,0.2200,0.0981,0.0000,0.0000,1,ACTIVE,6,3,2
581,5025,10:58:00,0,15.00,0,0.2200,0.0981,0.0000,0.0000,1,ACTIVE,6,3,2
581,5026,10:58:30,0,107.00,0,0.1900,0.0880,0.0000,0.0000,1,ACTIVE,6,3,2
581,5027,10:59:00,0,252.00,0,0.2600,0.0880,0.0000,0.0583,1,ACTIVE,6,3,2
581,5028,10:59:30,0,63.00,0,0.2200,0.0981,0.0000,0.0000,1,ACTIVE,6,3,2
581,5029,11:00:00,0,54.00,0,0.2200,0.0981,0.0000,0.0000,1,ACTIVE,6,3,2
581,5030,11:00:30,0,82.00,0,0.9000,0.2090,0.0501,0.0000,1,ACTIVE,6,3,2
581,5031,11:01:00,0,79.00,0,1.7300,0.1760,0.1510,0.0162,1,ACTIVE,6,3,2
581,5032,11:01:30,0,96.00,0,0.6800,0.1070,0.0501,0.0046,1,ACTIVE,6,3,2
581,5033,11:02:00,0,119.00,0,0.2400,0.1070,0.0000,0.0000,1,ACTIVE,6,3,2
581,5034,11:02:30,0,34.00,0,0.2200,0.0981,0.0000,0.0000,1,ACTIVE,6,3,2
581,5035,11:03:00,0,107.00,0,0.1900,0.0880,0.0000,0.0000,1,ACTIVE,6,3,2
581,5036,11:03:30,0,12.00,0,0.1900,0.0880,0.0000,0.0000,1,ACTIVE,6,3,2
581,5037,11:04:00,0,63.00,0,0.8800,0.1070,0.0694,0.0292,1,ACTIVE,6,3,2
581,5038,11:04:30,0,79.00,0,0.1900,0.0880,0.0000,0.0000,1,ACTIVE,6,3,2
581,5039,11:05:00,0,73.00,0,0.2400,0.1070,0.0000,0.0000,1,ACTIVE,6,3,2
581,5040,11:05:30,0,11.00,0,0.7800,0.2090,0.0347,0.0117,1,ACTIVE,6,3,2
581,5041,11:06:00,0,12.00,0,0.3100,0.1420,0.0000,0.0000,1,ACTIVE,6,3,2
581,5042,11:06:30,0,38.00,0,1.0700,0.1960,0.0694,0.0292,1,ACTIVE,6,3,2
581,5043,11:07:00,0,12.00,0,3.2700,0.3230,0.2770,0.1170,1,ACTIVE,6,3,2
581,5044,11:07:30,0,86.00,0,0.2500,0.1120,0.0000,0.0000,1,ACTIVE,6,3,2
581,5045,11:08:00,0,70.00,0,0.3600,0.1360,0.0024,0.0354,1,ACTIVE,6,3,2
581,5046,11:08:30,0,13.00,0,0.6200,0.2090,0.0070,0.0861,1,ACTIVE,6,3,2
581,5047,11:09:00,0,12.00,0,0.5700,0.2050,0.0047,0.0709,1,ACTIVE,6,3,2
581,5048,11:09:30,0,13.00,0,0.3300,0.1220,0.0024,0.0354,1,ACTIVE,6,3,2
581,5049,11:10:00,0,56.00,0,1.3500,0.1690,0.1050,0.0583,1,ACTIVE,6,3,2
581,5050,11:10:30,0,12.00,0,0.1900,0.0880,0.0000,0.0000,1,ACTIVE,6,3,2
581,5051,11:11:00,0,96.00,0,1.2100,0.2600,0.0694,0.0292,1,ACTIVE,6,3,2
581,5052,11:11:30,0,163.00,0,3.3700,0.1800,0.3160,0.1920,1,ACTIVE,6,3,2
581,5053,11:12:00,0,338.00,0,1.9300,0.1450,0.1760,0.0583,1,ACTIVE,6,3,2
581,5054,11:12:30,0,236.00,0,0.1900,0.0880,0.0000,0.0000,1,ACTIVE,6,3,2
581,5055,11:13:00,0,228.00,0,0.1900,0.0880,0.0000,0.0000,1,ACTIVE,6,3,2
581,5056,11:13:30,0,21.00,0,0.1900,0.0880,0.0000,0.0000,1,ACTIVE,6,3,2
581,5057,11:14:00,0,181.00,0,0.2700,0.0939,0.0024,0.0354,1,ACTIVE,6,3,2
581,5058,11:14:30,0,187.00,0,4.7400,1.5400,0.1510,0.0162,1,ACTIVE,6,3,2
581,5059,11:15:00,0,317.00,0,0.1900,0.0880,0.0000,0.0000,1,ACTIVE,6,3,2
581,5060,11:15:30,0,278.00,0,1.3000,0.1510,0.1050,0.0412,1,ACTIVE,6,3,2
581,5061,11:16:00,0,411.00,0,1.7400,0.1800,0.1510,0.0162,1,ACTIVE,6,3,2
581,5062,11:16:30,0,119.00,0,5.3900,0.4370,0.4980,0.0571,1,ACTIVE,6,3,2
581,5063,11:17:00,0,54.00,0,10.8000,0.7200,1.0400,0.0939,1,ACTIVE,6,3,2
581,5064,11:17:30,0,52.00,0,8.4900,0.3520,0.8370,0.3450,1,ACTIVE,6,3,2
581,5065,11:18:00,0,147.00,0,2.5200,0.2600,0.2090,0.1050,1,ACTIVE,6,3,2
581,5066,11:18:30,0,147.00,0,1109.250,71.0000,107.0000,12.3000,1,ACTIVE,6,3,2
581,5067,11:19:00,0,86.00,0,3.3400,0.4670,0.2600,0.0279,1,ACTIVE,6,3,2
581,5068,11:19:30,0,193.00,0,7.9700,0.5200,0.7350,0.3450,1,ACTIVE,6,3,2
581,5069,11:20:00,0,214.00,0,0.2300,0.0981,0.0000,0.0117,1,ACTIVE,6,3,2
581,5070,11:20:30,0,424.00,0,0.9700,0.1450,0.0694,0.0412,1,ACTIVE,6,3,2
581,5071,11:21:00,0,317.00,0,1.4100,0.1360,0.1240,0.0162,1,ACTIVE,6,3,2
581,5072,11:21:30,0,438.00,0,0.2200,0.0981,0.0000,0.0000,1,ACTIVE,6,3,2
581,5073,11:22:00,0,123.00,0,0.2200,0.0981,0.0000,0.0000,1,ACTIVE,6,3,2
581,5074,11:22:30,0,175.00,0,0.2200,0.0981,0.0000,0.0000,1,ACTIVE,6,3,2
581,5075,11:23:00,0,288.00,0,0.2200,0.0981,0.0000,0.0000,1,ACTIVE,6,3,2
581,5076,11:23:30,0,306.00,0,0.2200,0.0981,0.0000,0.0000,1,ACTIVE,6,3,2
581,5077,11:24:00,0,163.00,0,0.2200,0.0981,0.0000,0.0000,1,ACTIVE,6,3,2
581,5078,11:24:30,0,100.00,0,0.2400,0.1070,0.0000,0.0000,1,ACTIVE,6,3,2
581,5079,11:25:00,0,207.00,0,0.2400,0.1070,0.0000,0.0000,1,ACTIVE,6,3,2
581,5080,11:25:30,0,236.00,0,0.2500,0.1120,0.0000,0.0000,1,ACTIVE,6,3,2
581,5081,11:26:00,0,96.00,0,0.2400,0.1070,0.0000,0.0000,1,ACTIVE,6,3,2
581,5082,11:26:30,0,123.00,0,0.2400,0.1070,0.0000,0.0000,1,ACTIVE,6,3,2
581,5083,11:27:00,0,151.00,0,0.2400,0.1070,0.0000,0.0000,1,ACTIVE,6,3,2
581,5084,11:27:30,0,214.00,0,0.2400,0.1070,0.0000,0.0000,1,ACTIVE,6,3,2
581,5085,11:28:00,0,214.00,0,0.2400,0.1070,0.0000,0.0000,1,ACTIVE,6,3,2
581,5086,11:28:30,0,214.00,0,12.6600,1.1600,1.1300,0.1480,1,ACTIVE,6,3,2
581,5087,11:29:00,0,114.00,0,21.8700,2.3700,1.8700,0.2600,1,ACTIVE,6,3,2
581,5088,11:29:30,0,941.00,0,58.5400,3.9000,5.5100,1.5000,1,ACTIVE,6,3,2
581,5089,11:30:00,0,350.00,0,12.8900,1.9100,0.9750,0.1240,1,ACTIVE,6,3,2
581,5090,11:30:30,0,261.00,0,0.2400,0.1070,0.0000,0.0000,1,ACTIVE,6,3,2
581,5091,11:31:00,0,79.00,0,28.6200,7.1500,1.4400,0.1960,1,ACTIVE,6,3,2
581,5092,11:31:30,0,15.00,0,25.6400,3.5700,1.9900,0.2720,1,ACTIVE,6,3,2
581,5093,11:32:00,0,6.00,0,30.4000,3.5700,2.5300,0.3300,1,ACTIVE,6,3,2
581,5094,11:32:30,0,11.00,0,37.0800,4.1600,3.1400,0.3600,1,ACTIVE,6,3,2
581,5095,11:33:00,0,0.00,0,20.4600,2.3700,1.7100,0.2140,0,ACTIVE,6,3,2
581,5096,11:33:30,0,2.00,0,19.4600,2.2200,1.6400,0.1800,1,ACTIVE,6,3,2
581,5097,11:34:00,0,45.00,0,15.8600,1.6400,1.3800,0.1480,1,ACTIVE,6,3,2
581,5098,11:34:30,0,175.00,0,14.2200,1.8700,1.1300,0.1480,1,ACTIVE,6,3,2
581,5099,11:35:00,0,261.00,0,77.3000,3.0100,7.8000,2.1700,1,ACTIVE,6,3,2
581,5100,11:35:30,0,261.00,0,0.2400,0.1070,0.0000,0.0000,1,ACTIVE,6,3,2
581,5101,11:36:00,0,269.00,0,4.9500,1.6700,0.1390,0.0292,1,ACTIVE,6,3,2
581,5102,11:36:30,0,252.00,0,0.5700,0.1140,0.0347,0.0117,1,ACTIVE,6,3,2
581,5103,11:37:00,0,261.00,0,1.0000,0.1510,0.0756,0.0046,1,ACTIVE,6,3,2
581,5104,11:37:30,0,169.00,0,4.1300,0.1960,0.4010,0.1650,1,ACTIVE,6,3,2
581,5105,11:38:00,0,269.00,0,12.0200,1.5000,0.9750,0.1450,1,ACTIVE,6,3,2
581,5106,11:38:30,0,137.00,0,185.4100,10.6000,17.8000,6.0100,1,ACTIVE,6,3,2
581,5107,11:39:00,0,13.00,0,345.0100,18.5000,33.3000,11.5000,1,ACTIVE,6,3,2
581,5108,11:39:30,0,6.00,0,307.2800,15.6000,29.9000,10.3000,1,ACTIVE,6,3,2
581,5109,11:40:00,0,42.00,0,313.7600,15.6000,30.5000,11.0000,1,ACTIVE,6,3,2
581,5110,11:40:30,0,96.00,0,409.2200,21.1000,39.6000,14.6000,1,ACTIVE,6,3,2
581,5111,11:41:00,0,169.00,0,164.4000,18.9000,13.4000,4.7400,1,ACTIVE,6,3,2
581,5112,11:41:30,0,47.00,0,425.4200,17.8000,42.2000,14.9000,1,ACTIVE,6,3,2
581,5113,11:42:00,0,187.00,0,271.1700,21.1000,24.6000,8.5000,1,ACTIVE,6,3,2
581,5114,11:42:30,0,288.00,0,159.3100,7.6300,15.6000,5.3900,1,ACTIVE,6,3,2
581,5115,11:43:00,0,61.00,0,227.8300,11.8000,22.1000,7.9700,1,ACTIVE,6,3,2
581,5116,11:43:30,0,128.00,0,205.0400,11.5000,19.8000,5.7600,1,ACTIVE,6,3,2
581,5117,11:44:00,0,114.00,0,136.1800,7.4700,13.1000,4.4400,1,ACTIVE,6,3,2
581,5118,11:44:30,0,56.00,0,114.0100,13.1000,9.6800,0.2050,1,ACTIVE,6,3,2
581,5119,11:45:00,0,128.00,0,1.2800,0.1450,0.1050,0.0412,1,ACTIVE,6,3,2
581,5120,11:45:30,0,128.00,0,0.2500,0.1120,0.0000,0.0000,1,ACTIVE,6,3,2
581,5121,11:46:00,0,5.00,0,1.2100,0.1450,0.1000,0.0115,1,ACTIVE,6,3,2
581,5122,11:46:30,0,236.00,0,293.4900,18.9000,27.4000,10.8000,1,ACTIVE,6,3,2
581,5123,11:47:00,0,0.00,0,13.5800,1.6700,1.1100,0.1480,1,ACTIVE,6,3,2
581,5124,11:47:30,0,42.00,0,155.7700,3.7300,15.9000,7.3100,1,ACTIVE,6,3,2
581,5125,11:48:00,0,5.00,0,79.3300,6.4200,7.3100,1.0600,0,ACTIVE,6,3,2
581,5126,11:48:30,0,0.00,0,107.9900,6.5600,10.3000,2.7600,0,ACTIVE,6,3,2
581,5127,11:49:00,0,0.00,0,112.9100,6.8500,10.8000,3.0100,0,ACTIVE,6,3,2
581,5128,11:49:30,0,0.00,0,124.2700,7.0000,12.0000,3.2100,0,ACTIVE,6,3,2
581,5129,11:50:00,0,0.00,0,124.6100,7.1500,12.0000,3.2100,0,ACTIVE,6,3,2
581,5130,11:50:30,0,25.00,0,86.7900,7.1500,7.9700,1.1100,1,ACTIVE,6,3,2
581,5131,11:51:00,0,0.00,0,75.3700,7.1500,6.7000,0.8200,0,ACTIVE,6,3,2
581,5132,11:51:30,0,13.00,0,73.0500,6.7000,6.5600,0.7510,0,ACTIVE,6,3,2
581,5133,11:52:00,0,0.00,0,174.8300,8.8800,17.0000,5.7600,0,ACTIVE,6,3,2
581,5134,11:52:30,0,7.00,0,170.9500,8.6900,16.6000,5.5100,0,ACTIVE,6,3,2
581,5135,11:53:00,0,96.00,0,120.7600,3.9800,12.3000,3.9800,1,ACTIVE,6,3,2
581,5136,11:53:30,0,0.00,0,23.4000,2.1300,2.1300,0.0773,0,ACTIVE,6,3,2
581,5137,11:54:00,0,32.00,0,14.6600,1.9100,1.1800,0.0650,1,ACTIVE,6,3,2
581,5138,11:54:30,0,21.00,0,9.3400,1.3500,0.7200,0.0535,1,ACTIVE,6,3,2
581,5139,11:55:00,0,133.00,0,1.4200,0.2380,0.1000,0.0115,1,ACTIVE,6,3,2
581,5140,11:55:30,0,66.00,0,2.0900,0.1360,0.2000,0.0279,1,ACTIVE,6,3,2
581,5141,11:56:00,0,38.00,0,0.5500,0.1070,0.0347,0.0117,1,ACTIVE,6,3,2
581,5142,11:56:30,0,68.00,0,0.2400,0.1070,0.0000,0.0000,1,ACTIVE,6,3,2
581,5143,11:57:00,0,25.00,0,0.7000,0.1140,0.0501,0.0046,1,ACTIVE,6,3,2
581,5144,11:57:30,0,68.00,0,0.5300,0.0981,0.0347,0.0117,1,ACTIVE,6,3,2
581,5145,11:58:00,0,128.00,0,0.5300,0.0981,0.0347,0.0117,1,ACTIVE,6,3,2
581,5146,11:58:30,0,63.00,0,0.5500,0.1070,0.0347,0.0117,1,ACTIVE,6,3,2
581,5147,11:59:00,0,288.00,0,0.2400,0.1070,0.0000,0.0000,1,ACTIVE,6,3,2
581,5148,11:59:30,0,175.00,0,52.4800,3.8100,4.9500,0.6600,1,ACTIVE,6,3,2
581,5149,12:00:00,0,68.00,0,139.0700,11.3000,12.3000,6.0100,1,ACTIVE,6,3,3
581,5150,12:00:30,0,119.00,0,112.4700,7.4700,10.6000,3.2100,1,ACTIVE,6,3,3
581,5151,12:01:00,0,42.00,0,71.6000,7.6300,6.1400,0.8560,1,ACTIVE,6,3,3
581,5152,12:01:30,0,61.00,0,14.2800,2.8800,0.8750,0.2380,1,ACTIVE,6,3,3
581,5153,12:02:00,0,0.00,0,2.4500,0.2440,0.2090,0.0694,1,ACTIVE,6,3,3
581,5154,12:02:30,0,73.00,0,0.5700,0.1140,0.0347,0.0117,1,ACTIVE,6,3,3
581,5155,12:03:00,0,163.00,0,0.2400,0.1070,0.0000,0.0000,1,ACTIVE,6,3,3
581,5156,12:03:30,0,38.00,0,0.2400,0.1070,0.0000,0.0000,1,ACTIVE,6,3,3
581,5157,12:04:00,0,66.00,0,0.2400,0.1070,0.0000,0.0000,1,ACTIVE,6,3,3
581,5158,12:04:30,0,93.00,0,0.2200,0.0981,0.0000,0.0000,1,ACTIVE,6,3,3
581,5159,12:05:00,0,5.00,0,0.2200,0.0981,0.0000,0.0000,1,ACTIVE,6,3,3
581,5160,12:05:30,0,28.00,0,0.2200,0.0981,0.0000,0.0000,1,ACTIVE,6,3,3
581,5161,12:06:00,0,34.00,0,0.2200,0.0981,0.0000,0.0000,1,ACTIVE,6,3,3
581,5162,12:06:30,0,49.00,0,0.2200,0.0981,0.0000,0.0000,1,ACTIVE,6,3,3
581,5163,12:07:00,0,45.00,0,0.2200,0.0981,0.0000,0.0000,1,ACTIVE,6,3,3
581,5164,12:07:30,0,0.00,0,0.2200,0.0981,0.0000,0.0000,1,ACTIVE,6,3,3
581,5165,12:08:00,0,114.00,0,0.2400,0.1070,0.0000,0.0000,1,ACTIVE,6,3,3
581,5166,12:08:30,0,31.00,0,0.2400,0.1070,0.0000,0.0000,1,ACTIVE,6,3,3
581,5167,12:09:00,0,36.00,0,0.2400,0.1070,0.0000,0.0000,1,ACTIVE,6,3,3
581,5168,12:09:30,0,47.00,0,0.2400,0.1070,0.0000,0.0000,1,ACTIVE,6,3,3
581,5169,12:10:00,0,261.00,0,0.4300,0.0939,0.0251,0.0000,1,ACTIVE,6,3,3
581,5170,12:10:30,0,8.00,0,0.2200,0.0981,0.0000,0.0000,1,ACTIVE,6,3,3
581,5171,12:11:00,0,40.00,0,0.2200,0.0981,0.0000,0.0000,1,ACTIVE,6,3,3
581,5172,12:11:30,0,82.00,0,0.2200,0.0981,0.0000,0.0000,1,ACTIVE,6,3,3
581,5173,12:12:00,0,63.00,0,0.2200,0.0981,0.0000,0.0000,1,ACTIVE,6,3,3
581,5174,12:12:30,0,15.00,0,0.2200,0.0981,0.0000,0.0000,1,ACTIVE,6,3,3
581,5175,12:13:00,0,12.00,0,0.2200,0.0981,0.0000,0.0000,1,ACTIVE,6,3,3
581,5176,12:13:30,0,93.00,0,0.4300,0.0939,0.0251,0.0000,1,ACTIVE,6,3,3
581,5177,12:14:00,0,13.00,0,0.4100,0.0861,0.0251,0.0000,1,ACTIVE,6,3,3
581,5178,12:14:30,0,123.00,0,0.5500,0.1070,0.0347,0.0117,1,ACTIVE,6,3,3
581,5179,12:15:00,0,0.00,0,0.2400,0.1070,0.0000,0.0000,1,ACTIVE,6,3,3
581,5180,12:15:30,0,26.00,0,0.2200,0.0981,0.0000,0.0000,1,ACTIVE,6,3,3
581,5181,12:16:00,0,1.00,0,0.2200,0.0981,0.0000,0.0000,1,ACTIVE,6,3,3
581,5182,12:16:30,0,193.00,0,55.8400,5.0600,5.0600,0.3600,1,ACTIVE,6,3,3
581,5183,12:17:00,0,0.00,0,88.9100,8.1400,7.9700,1.0400,1,ACTIVE,6,3,3
581,5184,12:17:30,0,38.00,0,57.0400,5.8800,4.9500,0.6460,1,ACTIVE,6,3,3
581,5185,12:18:00,0,142.00,0,287.4900,14.3000,28.0000,9.8900,1,ACTIVE,6,3,3
581,5186,12:18:30,0,147.00,0,120.6200,10.3000,11.0000,1.1100,1,ACTIVE,6,3,3
581,5187,12:19:00,0,31.00,0,0.5200,0.0939,0.0347,0.0117,1,ACTIVE,6,3,3
581,5188,12:19:30,0,27.00,0,0.2400,0.1070,0.0000,0.0000,1,ACTIVE,6,3,3
581,5189,12:20:00,0,1.00,0,0.4300,0.0939,0.0251,0.0000,1,ACTIVE,6,3,3
581,5190,12:20:30,0,70.00,0,0.4300,0.0939,0.0251,0.0000,1,ACTIVE,6,3,3
581,5191,12:21:00,0,45.00,0,0.5300,0.0981,0.0347,0.0117,1,ACTIVE,6,3,3
581,5192,12:21:30,0,200.00,0,0.2400,0.1070,0.0000,0.0000,1,ACTIVE,6,3,3
581,5193,12:22:00,0,119.00,0,0.2400,0.1070,0.0000,0.0000,1,ACTIVE,6,3,3
581,5194,12:22:30,0,107.00,0,0.2200,0.0981,0.0000,0.0000,1,ACTIVE,6,3,3
581,5195,12:23:00,0,157.00,0,0.2400,0.1070,0.0000,0.0000,1,ACTIVE,6,3,3
581,5196,12:23:30,0,169.00,0,0.2400,0.1070,0.0000,0.0000,1,ACTIVE,6,3,3
581,5197,12:24:00,0,123.00,0,0.2200,0.0981,0.0000,0.0000,1,ACTIVE,6,3,3
581,5198,12:24:30,0,221.00,0,0.2200,0.0981,0.0000,0.0000,1,ACTIVE,6,3,3
581,5199,12:25:00,0,70.00,0,0.2400,0.1070,0.0000,0.0000,1,ACTIVE,6,3,3
581,5200,12:25:30,0,193.00,0,0.4300,0.0939,0.0251,0.0000,1,ACTIVE,6,3,3
581,5201,12:26:00,0,54.00,0,0.2400,0.1070,0.0000,0.0000,1,ACTIVE,6,3,3
581,5202,12:26:30,0,0.00,0,0.2400,0.1070,0.0000,0.0000,1,ACTIVE,6,3,3
581,5203,12:27:00,0,0.00,0,0.2400,0.1070,0.0000,0.0000,0,ACTIVE,6,3,3
581,5204,12:27:30,0,0.00,0,0.2400,0.1070,0.0000,0.0000,0,ACTIVE,6,3,3
581,5205,12:28:00,0,0.00,0,0.2400,0.1070,0.0000,0.0000,0,ACTIVE,6,3,3
581,5206,12:28:30,0,0.00,0,0.2400,0.1070,0.0000,0.0000,0,ACTIVE,6,3,3
581,5207,12:29:00,0,8.00,0,0.2200,0.0981,0.0000,0.0000,0,ACTIVE,6,3,3
581,5208,12:29:30,0,15.00,0,0.2400,0.1070,0.0000,0.0000,1,ACTIVE,6,3,3
581,5209,12:30:00,0,40.00,0,0.4300,0.0939,0.0251,0.0000,1,ACTIVE,6,3,3
581,5210,12:30:30,0,63.00,0,0.2400,0.1070,0.0000,0.0000,1,ACTIVE,6,3,3
581,5211,12:31:00,0,61.00,0,0.5200,0.0939,0.0347,0.0117,1,ACTIVE,6,3,3
581,5212,12:31:30,0,103.00,0,0.5200,0.0939,0.0347,0.0117,1,ACTIVE,6,3,3
581,5213,12:32:00,0,100.00,0,0.5200,0.0939,0.0347,0.0117,1,ACTIVE,6,3,3
581,5214,12:32:30,0,45.00,0,0.2400,0.1070,0.0000,0.0000,1,ACTIVE,6,3,3
581,5215,12:33:00,0,128.00,0,0.5200,0.0939,0.0347,0.0117,1,ACTIVE,6,3,3
581,5216,12:33:30,0,181.00,0,0.2500,0.1070,0.0000,0.0117,1,ACTIVE,6,3,3
581,5217,12:34:00,0,100.00,0,0.2400,0.1070,0.0000,0.0000,1,ACTIVE,6,3,3
581,5218,12:34:30,0,114.00,0,0.2400,0.1070,0.0000,0.0000,1,ACTIVE,6,3,3
581,5219,12:35:00,0,79.00,0,0.4300,0.0939,0.0251,0.0000,1,ACTIVE,6,3,3
581,5220,12:35:30,0,86.00,0,0.2400,0.1070,0.0000,0.0000,1,ACTIVE,6,3,3
581,5221,12:36:00,0,151.00,0,0.2400,0.1070,0.0000,0.0000,1,ACTIVE,6,3,3
581,5222,12:36:30,0,70.00,0,0.2400,0.1070,0.0000,0.0000,1,ACTIVE,6,3,3
581,5223,12:37:00,0,36.00,0,0.4300,0.0939,0.0251,0.0000,1,ACTIVE,6,3,3
581,5224,12:37:30,0,38.00,0,0.2400,0.1070,0.0000,0.0000,1,ACTIVE,6,3,3
581,5225,12:38:00,0,49.00,0,0.4300,0.0939,0.0251,0.0000,1,ACTIVE,6,3,3
581,5226,12:38:30,0,169.00,0,0.2400,0.1070,0.0000,0.0000,1,ACTIVE,6,3,3
581,5227,12:39:00,0,93.00,0,0.2400,0.1070,0.0000,0.0000,1,ACTIVE,6,3,3
581,5228,12:39:30,0,73.00,0,0.2300,0.0981,0.0000,0.0117,1,ACTIVE,6,3,3
581,5229,12:40:00,0,73.00,0,0.2500,0.1070,0.0000,0.0117,1,ACTIVE,6,3,3
581,5230,12:40:30,0,110.00,0,0.2400,0.1070,0.0000,0.0000,1,ACTIVE,6,3,3
581,5231,12:41:00,0,214.00,0,0.4400,0.0981,0.0251,0.0000,1,ACTIVE,6,3,3
581,5232,12:41:30,0,169.00,0,0.5700,0.1140,0.0347,0.0117,1,ACTIVE,6,3,3
581,5233,12:42:00,0,338.00,0,0.2500,0.1120,0.0000,0.0000,1,ACTIVE,6,3,3
581,5234,12:42:30,0,40.00,0,0.2500,0.1120,0.0000,0.0000,1,ACTIVE,6,3,3
581,5235,12:43:00,0,35.00,0,0.2500,0.1120,0.0000,0.0000,1,ACTIVE,6,3,3
581,5236,12:43:30,0,38.00,0,0.4600,0.1070,0.0251,0.0000,1,ACTIVE,6,3,3
581,5237,12:44:00,0,0.00,0,0.3300,0.1420,0.0000,0.0117,1,ACTIVE,6,3,3
581,5238,12:44:30,0,119.00,0,0.2400,0.1070,0.0000,0.0000,1,ACTIVE,6,3,3
581,5239,12:45:00,0,21.00,0,0.2500,0.1070,0.0000,0.0117,1,ACTIVE,6,3,3
581,5240,12:45:30,0,12.00,0,0.2400,0.1070,0.0000,0.0000,1,ACTIVE,6,3,3
581,5241,12:46:00,0,0.00,0,0.2500,0.1070,0.0000,0.0117,0,ACTIVE,6,3,3
581,5242,12:46:30,0,4.00,0,0.4100,0.0861,0.0251,0.0000,0,ACTIVE,6,3,3
581,5243,12:47:00,0,0.00,0,0.4100,0.0861,0.0251,0.0000,0,ACTIVE,6,3,3
581,5244,12:47:30,0,13.00,0,0.2400,0.1070,0.0000,0.0000,0,ACTIVE,6,3,3
581,5245,12:48:00,0,1.00,0,0.4300,0.0939,0.0251,0.0000,0,ACTIVE,6,3,3
581,5246,12:48:30,0,12.00,0,0.2500,0.1070,0.0000,0.0117,1,ACTIVE,6,3,3
581,5247,12:49:00,0,18.00,0,0.2500,0.1070,0.0000,0.0117,1,ACTIVE,6,3,3
581,5248,12:49:30,0,49.00,0,0.2500,0.1070,0.0000,0.0117,1,ACTIVE,6,3,3
581,5249,12:50:00,0,20.00,0,0.5300,0.0981,0.0347,0.0117,1,ACTIVE,6,3,3
581,5250,12:50:30,0,0.00,0,0.5200,0.0939,0.0347,0.0117,0,ACTIVE,6,3,3
581,5251,12:51:00,0,0.00,0,0.2500,0.1070,0.0000,0.0117,0,ACTIVE,6,3,3
581,5252,12:51:30,0,0.00,0,0.2500,0.1070,0.0000,0.0117,0,ACTIVE,6,3,3
581,5253,12:52:00,0,18.00,0,0.2500,0.1070,0.0000,0.0117,1,ACTIVE,6,3,3
581,5254,12:52:30,0,70.00,0,0.4300,0.0939,0.0251,0.0000,1,ACTIVE,6,3,3
581,5255,12:53:00,0,89.00,0,0.2400,0.1070,0.0000,0.0000,1,ACTIVE,6,3,3
581,5256,12:53:30,0,107.00,0,0.5200,0.0939,0.0347,0.0117,1,ACTIVE,6,3,3
581,5257,12:54:00,0,40.00,0,0.2400,0.1070,0.0000,0.0000,1,ACTIVE,6,3,3
581,5258,12:54:30,0,68.00,0,0.5200,0.0939,0.0347,0.0117,1,ACTIVE,6,3,3
581,5259,12:55:00,0,19.00,0,0.5300,0.0981,0.0347,0.0117,1,ACTIVE,6,3,3
581,5260,12:55:30,0,0.00,0,0.5300,0.0981,0.0347,0.0117,0,ACTIVE,6,3,3
581,5261,12:56:00,0,18.00,0,0.5200,0.0939,0.0347,0.0117,1,ACTIVE,6,3,3
581,5262,12:56:30,0,14.00,0,0.5200,0.0939,0.0347,0.0117,1,ACTIVE,6,3,3
581,5263,12:57:00,0,42.00,0,0.5200,0.0939,0.0347,0.0117,1,ACTIVE,6,3,3
581,5264,12:57:30,0,123.00,0,11.0200,1.8300,0.7680,0.2380,1,ACTIVE,6,3,3
581,5265,12:58:00,0,119.00,0,133.4200,9.0700,12.3000,5.2800,1,ACTIVE,6,3,3
581,5266,12:58:30,0,137.00,0,18.9400,1.8300,1.6700,0.2190,1,ACTIVE,6,3,3
581,5267,12:59:00,0,398.00,0,0.5500,0.1070,0.0347,0.0117,1,ACTIVE,6,3,3
581,5268,12:59:30,0,157.00,0,0.2400,0.1070,0.0000,0.0000,1,ACTIVE,6,3,3
581,5269,13:00:00,0,181.00,0,0.6800,0.1070,0.0501,0.0046,1,ACTIVE,6,3,3
581,5270,13:00:30,0,29.00,0,0.5200,0.0939,0.0347,0.0117,1,ACTIVE,6,3,3
581,5271,13:01:00,0,20.00,0,0.2300,0.0981,0.0000,0.0117,1,ACTIVE,6,3,3
581,5272,13:01:30,0,4.00,0,0.2500,0.1070,0.0000,0.0117,1,ACTIVE,6,3,3
581,5273,13:02:00,0,38.00,0,0.5200,0.0939,0.0347,0.0117,1,ACTIVE,6,3,3
581,5274,13:02:30,0,47.00,0,0.5700,0.1140,0.0347,0.0117,1,ACTIVE,6,3,3
581,5275,13:03:00,0,0.00,0,0.7000,0.1140,0.0501,0.0046,1,ACTIVE,6,3,3
581,5276,13:03:30,0,0.00,0,0.8900,0.1140,0.0694,0.0292,1,ACTIVE,6,3,3
581,5277,13:04:00,0,169.00,0,0.7000,0.1140,0.0501,0.0046,1,ACTIVE,6,3,3
581,5278,13:04:30,0,107.00,0,0.5200,0.0939,0.0347,0.0117,1,ACTIVE,6,3,3
581,5279,13:05:00,0,269.00,0,0.2600,0.1120,0.0000,0.0117,1,ACTIVE,6,3,3
581,5280,13:05:30,0,137.00,0,0.5500,0.1070,0.0347,0.0117,1,ACTIVE,6,3,3
581,5281,13:06:00,0,297.00,0,0.5300,0.0981,0.0347,0.0117,1,ACTIVE,6,3,3
581,5282,13:06:30,0,288.00,0,0.5300,0.0981,0.0347,0.0117,1,ACTIVE,6,3,3
581,5283,13:07:00,0,200.00,0,0.5200,0.0939,0.0347,0.0117,1,ACTIVE,6,3,3
581,5284,13:07:30,0,86.00,0,0.5300,0.0981,0.0347,0.0117,1,ACTIVE,6,3,3
581,5285,13:08:00,0,119.00,0,0.5200,0.0939,0.0347,0.0117,1,ACTIVE,6,3,3
581,5286,13:08:30,0,181.00,0,0.5500,0.1070,0.0347,0.0117,1,ACTIVE,6,3,3
581,5287,13:09:00,0,288.00,0,0.5300,0.0981,0.0347,0.0117,1,ACTIVE,6,3,3
581,5288,13:09:30,0,228.00,0,0.2500,0.1070,0.0000,0.0117,1,ACTIVE,6,3,3
581,5289,13:10:00,0,175.00,0,0.5900,0.1220,0.0347,0.0117,1,ACTIVE,6,3,3
581,5290,13:10:30,0,36.00,0,0.5200,0.0939,0.0347,0.0117,1,ACTIVE,6,3,3
581,5291,13:11:00,0,163.00,0,0.5200,0.0939,0.0347,0.0117,1,ACTIVE,6,3,3
581,5292,13:11:30,0,82.00,0,0.5200,0.0939,0.0347,0.0117,1,ACTIVE,6,3,3
581,5293,13:12:00,0,110.00,0,0.2500,0.1070,0.0000,0.0117,1,ACTIVE,6,3,3
581,5294,13:12:30,0,21.00,0,0.2500,0.1070,0.0000,0.0117,1,ACTIVE,6,3,3
581,5295,13:13:00,0,147.00,0,0.2500,0.1070,0.0000,0.0117,1,ACTIVE,6,3,3
581,5296,13:13:30,0,1.00,0,171.3200,14.9000,15.6000,1.6000,1,ACTIVE,6,3,3
581,5297,13:14:00,0,0.00,0,186.3200,15.9000,17.0000,1.9900,1,ACTIVE,6,3,3
581,5298,13:14:30,0,236.00,0,114.5000,7.4700,10.8000,3.2100,1,ACTIVE,6,3,3
581,5299,13:15:00,0,207.00,0,0.5300,0.0981,0.0347,0.0117,1,ACTIVE,6,3,3
581,5300,13:15:30,0,36.00,0,0.5300,0.0981,0.0347,0.0117,1,ACTIVE,6,3,3
581,5301,13:16:00,0,181.00,0,0.5300,0.0981,0.0347,0.0117,1,ACTIVE,6,3,3
581,5302,13:16:30,0,0.00,0,0.5300,0.0981,0.0347,0.0117,1,ACTIVE,6,3,3
581,5303,13:17:00,0,59.00,0,0.5500,0.1070,0.0347,0.0117,1,ACTIVE,6,3,3
581,5304,13:17:30,0,32.00,0,70.8700,6.8500,6.2800,0.6890,1,ACTIVE,6,3,3
581,5305,13:18:00,0,26.00,0,56.9400,5.8800,4.9500,0.5550,1,ACTIVE,6,3,3
581,5306,13:18:30,0,56.00,0,73.9200,5.3900,7.0000,0.6600,1,ACTIVE,6,3,3
581,5307,13:19:00,0,0.00,0,103.0200,9.2700,9.2700,1.2100,0,ACTIVE,6,3,3
581,5308,13:19:30,0,0.00,0,107.1200,9.4700,9.6800,1.2600,0,ACTIVE,6,3,3
581,5309,13:20:00,0,0.00,0,107.1200,9.4700,9.6800,1.2600,0,ACTIVE,6,3,3
581,5310,13:20:30,0,0.00,0,106.6400,9.2700,9.6800,1.2400,1,ACTIVE,6,3,3
581,5311,13:21:00,0,0.00,0,102.5800,9.0700,9.2700,1.2100,1,ACTIVE,6,3,3
581,5312,13:21:30,0,252.00,0,66.6200,4.3400,6.2800,1.8700,1,ACTIVE,6,3,3
581,5313,13:22:00,0,244.00,0,0.5500,0.1070,0.0347,0.0117,1,ACTIVE,6,3,3
581,5314,13:22:30,0,7.00,0,0.5700,0.1140,0.0347,0.0117,1,ACTIVE,6,3,3
581,5315,13:23:00,0,49.00,0,0.5700,0.1140,0.0347,0.0117,1,ACTIVE,6,3,3
581,5316,13:23:30,0,7.00,0,0.5300,0.0981,0.0347,0.0117,1,ACTIVE,6,3,3
581,5317,13:24:00,0,34.00,0,0.5300,0.0981,0.0347,0.0117,1,ACTIVE,6,3,3
581,5318,13:24:30,0,0.00,0,0.5200,0.0939,0.0347,0.0117,0,ACTIVE,6,3,3
581,5319,13:25:00,0,14.00,0,0.5300,0.0981,0.0347,0.0117,1,ACTIVE,6,3,3
581,5320,13:25:30,0,0.00,0,0.5500,0.1070,0.0347,0.0117,0,ACTIVE,6,3,3
581,5321,13:26:00,0,23.00,0,0.5300,0.0981,0.0347,0.0117,1,ACTIVE,6,3,3
581,5322,13:26:30,0,89.00,0,0.5200,0.0939,0.0347,0.0117,1,ACTIVE,6,3,3
581,5323,13:27:00,0,28.00,0,0.2300,0.0981,0.0000,0.0117,1,ACTIVE,6,3,3
581,5324,13:27:30,0,26.00,0,0.2500,0.1070,0.0000,0.0117,1,ACTIVE,6,3,3
581,5325,13:28:00,0,128.00,0,0.2500,0.1070,0.0000,0.0117,1,ACTIVE,6,3,3
581,5326,13:28:30,0,119.00,0,0.5300,0.0981,0.0347,0.0117,1,ACTIVE,6,3,3
581,5327,13:29:00,0,49.00,0,1.0100,0.1690,0.0694,0.0292,1,ACTIVE,6,3,3
581,5328,13:29:30,0,56.00,0,0.5500,0.1070,0.0347,0.0117,1,ACTIVE,6,3,3
581,5329,13:30:00,0,49.00,0,0.2500,0.1070,0.0000,0.0117,1,ACTIVE,6,3,3
581,5330,13:30:30,0,34.00,0,10.6100,1.5000,0.8020,0.2380,1,ACTIVE,6,3,3
581,5331,13:31:00,0,45.00,0,22.6500,1.9100,2.0400,0.5550,1,ACTIVE,6,3,3
581,5332,13:31:30,0,73.00,0,9.6000,1.3800,0.7350,0.1070,1,ACTIVE,6,3,3
581,5333,13:32:00,0,100.00,0,162.9200,14.6000,14.3000,4.9500,1,ACTIVE,6,3,3
581,5334,13:32:30,0,14.00,0,551.1600,28.6000,53.6000,17.0000,1,ACTIVE,6,3,3
581,5335,13:33:00,0,16.00,0,351.9900,21.6000,33.3000,11.8000,1,ACTIVE,6,3,3
581,5336,13:33:30,0,137.00,0,156.3400,9.0700,14.9000,5.0600,1,ACTIVE,6,3,3
581,5337,13:34:00,0,187.00,0,12.6900,1.3800,1.0900,0.1190,1,ACTIVE,6,3,3
581,5338,13:34:30,0,338.00,0,10.5500,1.4700,0.8200,0.1140,1,ACTIVE,6,3,3
581,5339,13:35:00,0,350.00,0,2.1800,0.2600,0.1760,0.0583,1,ACTIVE,6,3,3
581,5340,13:35:30,0,151.00,0,1.0500,0.1690,0.0756,0.0115,1,ACTIVE,6,3,3
581,5341,13:36:00,0,8.00,0,1.0100,0.1510,0.0756,0.0115,1,ACTIVE,6,3,3
581,5342,13:36:30,0,86.00,0,0.7300,0.1300,0.0501,0.0046,1,ACTIVE,6,3,3
581,5343,13:37:00,0,398.00,0,0.5200,0.0939,0.0347,0.0117,1,ACTIVE,6,3,3
581,5344,13:37:30,0,151.00,0,0.5200,0.0939,0.0347,0.0117,1,ACTIVE,6,3,3
581,5345,13:38:00,0,175.00,0,0.5200,0.0939,0.0347,0.0117,1,ACTIVE,6,3,3
581,5346,13:38:30,0,110.00,0,1.3600,0.2090,0.1000,0.0162,1,ACTIVE,6,3,3
581,5347,13:39:00,0,20.00,0,3.8400,0.4670,0.3160,0.0412,1,ACTIVE,6,3,3
581,5348,13:39:30,0,2.00,0,4.1000,0.4980,0.3370,0.0460,1,ACTIVE,6,3,3
581,5349,13:40:00,0,8.00,0,3.8300,0.4570,0.3160,0.0460,1,ACTIVE,6,3,3
581,5350,13:40:30,0,350.00,0,0.7300,0.1300,0.0501,0.0046,1,ACTIVE,6,3,3
581,5351,13:41:00,0,261.00,0,0.2300,0.0981,0.0000,0.0117,1,ACTIVE,6,3,3
581,5352,13:41:30,0,147.00,0,0.2500,0.1070,0.0000,0.0117,1,ACTIVE,6,3,3
581,5353,13:42:00,0,328.00,0,0.2400,0.1070,0.0000,0.0000,1,ACTIVE,6,3,3
581,5354,13:42:30,0,373.00,0,0.2500,0.1120,0.0000,0.0000,1,ACTIVE,6,3,3
581,5355,13:43:00,0,269.00,0,0.5900,0.1220,0.0347,0.0117,1,ACTIVE,6,3,3
581,5356,13:43:30,0,438.00,0,4.3600,0.1360,0.4370,0.2090,1,ACTIVE,6,3,3
581,5357,13:44:00,0,133.00,0,1.6300,0.1580,0.1390,0.0583,1,ACTIVE,6,3,3
581,5358,13:44:30,0,100.00,0,1.2700,0.1300,0.1050,0.0583,1,ACTIVE,6,3,3
581,5359,13:45:00,0,75.00,0,4.5400,0.3030,0.4370,0.0347,1,ACTIVE,6,3,3
581,5360,13:45:30,0,15.00,0,0.9600,0.1300,0.0756,0.0115,1,ACTIVE,6,3,3
581,5361,13:46:00,0,8.00,0,0.9300,0.1300,0.0694,0.0292,1,ACTIVE,6,3,3
581,5362,13:46:30,0,14.00,0,0.9100,0.1220,0.0694,0.0292,1,ACTIVE,6,3,3
581,5363,13:47:00,0,49.00,0,1.3900,0.1300,0.1240,0.0115,1,ACTIVE,6,3,3
581,5364,13:47:30,0,18.00,0,0.8800,0.1070,0.0694,0.0292,1,ACTIVE,6,3,3
581,5365,13:48:00,0,23.00,0,0.8900,0.1140,0.0694,0.0292,1,ACTIVE,6,3,3
581,5366,13:48:30,0,82.00,0,1.3500,0.1760,0.1050,0.0412,1,ACTIVE,6,3,3
581,5367,13:49:00,0,66.00,0,1.7100,0.1800,0.1390,0.0880,1,ACTIVE,6,3,3
581,5368,13:49:30,0,110.00,0,1.2600,0.1360,0.1050,0.0412,1,ACTIVE,6,3,3
581,5369,13:50:00,0,79.00,0,0.6000,0.1300,0.0347,0.0117,1,ACTIVE,6,3,3
581,5370,13:50:30,0,119.00,0,0.9900,0.1510,0.0694,0.0412,1,ACTIVE,6,3,3
581,5371,13:51:00,0,75.00,0,0.8900,0.1140,0.0694,0.0292,1,ACTIVE,6,3,3
581,5372,13:51:30,0,68.00,0,0.9100,0.1070,0.0756,0.0115,1,ACTIVE,6,3,3
581,5373,13:52:00,0,100.00,0,0.9400,0.1360,0.0694,0.0292,1,ACTIVE,6,3,3
581,5374,13:52:30,0,28.00,0,0.8900,0.1140,0.0694,0.0292,1,ACTIVE,6,3,3
581,5375,13:53:00,0,31.00,0,2.2900,0.2280,0.2000,0.0279,1,ACTIVE,6,3,3
581,5376,13:53:30,0,114.00,0,1.8500,0.2280,0.1510,0.0230,1,ACTIVE,6,3,3
581,5377,13:54:00,0,114.00,0,0.9600,0.1450,0.0694,0.0292,1,ACTIVE,6,3,3
581,5378,13:54:30,0,114.00,0,17.6100,0.3840,1.8300,0.7040,1,ACTIVE,6,3,3
581,5379,13:55:00,0,31.00,0,0.7000,0.1140,0.0501,0.0046,1,ACTIVE,6,3,3
581,5380,13:55:30,0,214.00,0,2.0500,0.3160,0.1510,0.0230,1,ACTIVE,6,3,3
581,5381,13:56:00,0,128.00,0,424.0400,25.1000,41.3000,6.0100,1,ACTIVE,6,3,3
581,5382,13:56:30,0,151.00,0,281.8800,21.1000,26.8000,0.4470,1,ACTIVE,6,3,3
581,5383,13:57:00,0,187.00,0,888.1600,28.6000,90.1000,32.6000,1,ACTIVE,6,3,3
581,5384,13:57:30,0,221.00,0,0.2200,0.0981,0.0000,0.0000,1,ACTIVE,6,3,3
581,5385,13:58:00,0,175.00,0,0.2200,0.0981,0.0000,0.0000,1,ACTIVE,6,3,3
581,5386,13:58:30,0,288.00,0,1.3600,0.1800,0.1050,0.0412,1,ACTIVE,6,3,3
581,5387,13:59:00,0,328.00,0,0.5300,0.0981,0.0347,0.0117,1,ACTIVE,6,3,3
581,5388,13:59:30,0,61.00,0,0.4300,0.0939,0.0251,0.0000,1,ACTIVE,6,3,3
581,5389,14:00:00,0,411.00,0,0.4300,0.0939,0.0251,0.0000,1,ACTIVE,6,3,3
581,5390,14:00:30,0,187.00,0,0.2600,0.1120,0.0000,0.0117,1,ACTIVE,6,3,3
581,5391,14:01:00,0,438.00,0,0.2800,0.1220,0.0000,0.0117,1,ACTIVE,6,3,3
581,5392,14:01:30,0,187.00,0,0.8800,0.1070,0.0694,0.0292,1,ACTIVE,6,3,3
581,5393,14:02:00,0,236.00,0,0.5200,0.0939,0.0347,0.0117,1,ACTIVE,6,3,3
581,5394,14:02:30,0,221.00,0,0.5200,0.0939,0.0347,0.0117,1,ACTIVE,6,3,3
581,5395,14:03:00,0,22.00,0,0.2400,0.1070,0.0000,0.0000,1,ACTIVE,6,3,3
581,5396,14:03:30,0,96.00,0,0.4300,0.0939,0.0251,0.0000,1,ACTIVE,6,3,3
581,5397,14:04:00,0,89.00,0,0.4300,0.0939,0.0251,0.0000,1,ACTIVE,6,3,3
581,5398,14:04:30,0,31.00,0,0.2400,0.1070,0.0000,0.0000,1,ACTIVE,6,3,3
581,5399,14:05:00,0,86.00,0,0.2400,0.1070,0.0000,0.0000,1,ACTIVE,6,3,3
581,5400,14:05:30,0,38.00,0,0.2400,0.1070,0.0000,0.0000,1,ACTIVE,6,3,3
581,5401,14:06:00,0,362.00,0,0.2500,0.1120,0.0000,0.0000,1,ACTIVE,6,3,3
581,5402,14:06:30,0,32.00,0,0.2400,0.1070,0.0000,0.0000,1,ACTIVE,6,3,3
581,5403,14:07:00,0,214.00,0,0.4300,0.0939,0.0251,0.0000,1,ACTIVE,6,3,3
581,5404,14:07:30,0,288.00,0,0.2200,0.0981,0.0000,0.0000,1,ACTIVE,6,3,3
581,5405,14:08:00,0,373.00,0,17.4800,1.2400,1.6000,0.6460,1,ACTIVE,6,3,3
581,5406,14:08:30,0,278.00,0,2.4100,0.2280,0.2090,0.0694,1,ACTIVE,6,3,3
581,5407,14:09:00,0,278.00,0,0.4300,0.0939,0.0251,0.0000,1,ACTIVE,6,3,3
581,5408,14:09:30,0,269.00,0,2.8600,0.3920,0.2230,0.0347,1,ACTIVE,6,3,3
581,5409,14:10:00,0,32.00,0,55.5000,3.0100,5.3900,1.4700,1,ACTIVE,6,3,3
581,5410,14:10:30,0,20.00,0,32.4200,2.3200,3.0100,0.8940,1,ACTIVE,6,3,3
581,5411,14:11:00,0,33.00,0,1.1200,0.2190,0.0694,0.0292,1,ACTIVE,6,3,3
581,5412,14:11:30,0,119.00,0,0.3100,0.1420,0.0000,0.0000,1,ACTIVE,6,3,3
581,5413,14:12:00,0,89.00,0,23.3800,6.4200,1.0400,0.0825,1,ACTIVE,6,3,3
581,5414,14:12:30,0,2.00,0,0.2400,0.1070,0.0000,0.0000,1,ACTIVE,6,3,3
581,5415,14:13:00,0,0.00,0,0.5100,0.1300,0.0251,0.0000,0,ACTIVE,6,3,3
581,5416,14:13:30,0,0.00,0,0.5100,0.1300,0.0251,0.0000,0,ACTIVE,6,3,3
581,5417,14:14:00,0,2.00,0,0.5400,0.1450,0.0251,0.0000,0,ACTIVE,6,3,3
581,5418,14:14:30,0,0.00,0,0.7300,0.1880,0.0347,0.0117,0,ACTIVE,6,3,3
581,5419,14:15:00,0,35.00,0,3.2800,0.4470,0.2600,0.0162,1,ACTIVE,6,3,3
581,5420,14:15:30,0,0.00,0,4.1300,0.5200,0.3370,0.0230,0,ACTIVE,6,3,3
581,5421,14:16:00,0,8.00,0,4.5600,0.6180,0.3600,0.0347,1,ACTIVE,6,3,3
581,5422,14:16:30,0,79.00,0,0.6400,0.1450,0.0347,0.0117,1,ACTIVE,6,3,3
581,5423,14:17:00,0,36.00,0,0.4600,0.1070,0.0251,0.0000,1,ACTIVE,6,3,3
581,5424,14:17:30,0,33.00,0,0.2800,0.1220,0.0000,0.0117,1,ACTIVE,6,3,3
581,5425,14:18:00,0,23.00,0,0.2900,0.1300,0.0000,0.0000,1,ACTIVE,6,3,3
581,5426,14:18:30,0,93.00,0,0.2700,0.1220,0.0000,0.0000,1,ACTIVE,6,3,3
581,5427,14:19:00,0,86.00,0,0.3200,0.1450,0.0000,0.0000,1,ACTIVE,6,3,3
581,5428,14:19:30,0,68.00,0,0.2500,0.1120,0.0000,0.0000,1,ACTIVE,6,3,3
581,5429,14:20:00,0,86.00,0,0.2900,0.1300,0.0000,0.0000,1,ACTIVE,6,3,3
581,5430,14:20:30,0,89.00,0,0.2500,0.1120,0.0000,0.0000,1,ACTIVE,6,3,3
581,5431,14:21:00,0,75.00,0,0.2700,0.1220,0.0000,0.0000,1,ACTIVE,6,3,3
581,5432,14:21:30,0,49.00,0,0.2900,0.1300,0.0000,0.0000,1,ACTIVE,6,3,3
581,5433,14:22:00,0,75.00,0,0.2900,0.1300,0.0000,0.0000,1,ACTIVE,6,3,3
581,5434,14:22:30,0,36.00,0,0.3000,0.1300,0.0000,0.0117,1,ACTIVE,6,3,3
581,5435,14:23:00,0,0.00,0,0.5900,0.1220,0.0347,0.0117,1,ACTIVE,6,3,3
581,5436,14:23:30,0,114.00,0,0.3200,0.1450,0.0000,0.0000,1,ACTIVE,6,3,3
581,5437,14:24:00,0,31.00,0,0.3600,0.1650,0.0000,0.0000,1,ACTIVE,6,3,3
581,5438,14:24:30,0,66.00,0,0.3200,0.1450,0.0000,0.0000,1,ACTIVE,6,3,3
581,5439,14:25:00,0,56.00,0,0.3200,0.1450,0.0000,0.0000,1,ACTIVE,6,3,3
581,5440,14:25:30,0,73.00,0,0.3500,0.1580,0.0000,0.0000,1,ACTIVE,6,3,3
581,5441,14:26:00,0,20.00,0,0.2900,0.1300,0.0000,0.0000,1,ACTIVE,6,3,3
581,5442,14:26:30,0,75.00,0,0.3500,0.1580,0.0000,0.0000,1,ACTIVE,6,3,3
581,5443,14:27:00,0,70.00,0,0.7800,0.2090,0.0347,0.0117,1,ACTIVE,6,3,3
581,5444,14:27:30,0,47.00,0,0.4200,0.1920,0.0000,0.0000,1,ACTIVE,6,3,3
581,5445,14:28:00,0,133.00,0,0.6500,0.1510,0.0347,0.0117,1,ACTIVE,6,3,3
581,5446,14:28:30,0,89.00,0,0.6000,0.1300,0.0347,0.0117,1,ACTIVE,6,3,3
581,5447,14:29:00,0,157.00,0,3.7200,0.3600,0.3160,0.1450,1,ACTIVE,6,3,3
581,5448,14:29:30,0,79.00,0,1.0700,0.1960,0.0694,0.0292,1,ACTIVE,6,3,3
581,5449,14:30:00,0,59.00,0,0.6500,0.1510,0.0347,0.0117,1,ACTIVE,6,3,3
581,5450,14:30:30,0,133.00,0,0.6000,0.1300,0.0347,0.0117,1,ACTIVE,6,3,3
581,5451,14:31:00,0,56.00,0,2.5800,0.3600,0.2000,0.0279,1,ACTIVE,6,3,3
581,5452,14:31:30,0,0.00,0,5.6900,0.7040,0.4670,0.0460,1,ACTIVE,6,3,3
581,5453,14:32:00,0,0.00,0,6.0000,0.7200,0.4980,0.0460,0,ACTIVE,6,3,3
581,5454,14:32:30,0,19.00,0,4.4800,0.5790,0.3600,0.0412,1,ACTIVE,6,3,3
581,5455,14:33:00,0,56.00,0,6.7500,0.7200,0.5790,0.0773,1,REST,6,3,3
581,5456,14:33:30,0,0.00,0,9.4000,0.9540,0.8200,0.1020,0,REST-S,6,3,3
581,5457,14:34:00,0,0.00,0,9.6000,0.9750,0.8370,0.1020,0,REST-S,6,3,3
581,5458,14:34:30,0,1.00,0,9.4300,0.9750,0.8200,0.0880,0,REST-S,6,3,3
581,5459,14:35:00,0,5.00,0,9.4200,0.9750,0.8200,0.0825,0,REST-S,6,3,3
581,5460,14:35:30,0,0.00,0,9.3800,0.9540,0.8200,0.0825,0,REST-S,6,3,3
581,5461,14:36:00,0,0.00,0,9.0700,0.9540,0.7850,0.0773,0,REST-S,6,3,3
581,5462,14:36:30,0,0.00,0,9.0700,0.9540,0.7850,0.0773,0,REST-S,6,3,3
581,5463,14:37:00,0,0.00,0,8.8700,0.9330,0.7680,0.0724,0,REST-S,6,3,3
581,5464,14:37:30,0,0.00,0,8.8200,0.9130,0.7680,0.0724,0,REST-S,6,3,3
581,5465,14:38:00,0,0.00,0,8.5300,0.9130,0.7350,0.0650,0,REST-S,6,3,3
581,5466,14:38:30,0,0.00,0,8.4900,0.8940,0.7350,0.0650,0,REST-S,6,3,3
581,5467,14:39:00,0,0.00,0,8.4900,0.8940,0.7350,0.0650,0,REST-S,6,3,3
581,5468,14:39:30,0,0.00,0,8.4900,0.8940,0.7350,0.0650,0,REST-S,6,3,3
581,5469,14:40:00,0,0.00,0,8.4400,0.8750,0.7350,0.0650,0,REST-S,6,3,3
581,5470,14:40:30,0,0.00,0,8.3100,0.8750,0.7200,0.0650,0,REST-S,6,3,3
581,5471,14:41:00,0,0.00,0,8.3100,0.8750,0.7200,0.0650,0,REST-S,6,3,3
581,5472,14:41:30,0,0.00,0,8.3100,0.8750,0.7200,0.0650,0,REST-S,6,3,3
581,5473,14:42:00,0,0.00,0,8.3100,0.8750,0.7200,0.0650,0,REST-S,6,3,3
581,5474,14:42:30,0,0.00,0,8.3100,0.8750,0.7200,0.0650,0,REST-S,6,3,3
581,5475,14:43:00,0,0.00,0,8.3100,0.8750,0.7200,0.0650,0,REST-S,6,3,3
581,5476,14:43:30,0,0.00,0,8.3100,0.8750,0.7200,0.0650,0,REST-S,6,3,3
581,5477,14:44:00,0,0.00,0,8.2700,0.8560,0.7200,0.0650,0,REST-S,6,3,3
581,5478,14:44:30,0,0.00,0,7.8700,0.8560,0.6740,0.0650,0,REST-S,6,3,3
581,5479,14:45:00,0,0.00,0,7.8200,0.8370,0.6740,0.0571,0,REST-S,6,3,3
581,5480,14:45:30,0,0.00,0,7.8300,0.8370,0.6740,0.0650,0,REST-S,6,3,3
581,5481,14:46:00,0,0.00,0,7.7800,0.8200,0.6740,0.0571,0,REST-S,6,3,3
581,5482,14:46:30,0,0.00,0,7.6500,0.8200,0.6600,0.0571,0,REST-S,6,3,3
581,5483,14:47:00,0,0.00,0,7.6500,0.8200,0.6600,0.0571,0,REST-S,6,3,3
581,5484,14:47:30,0,0.00,0,7.6100,0.8020,0.6600,0.0571,0,REST-S,6,3,3
581,5485,14:48:00,0,0.00,0,7.3700,0.8020,0.6320,0.0571,0,REST-S,6,3,3
581,5486,14:48:30,0,0.00,0,7.3300,0.7850,0.6320,0.0571,0,REST-S,6,3,3
581,5487,14:49:00,0,0.00,0,7.3300,0.7850,0.6320,0.0571,0,REST-S,6,3,3
581,5488,14:49:30,0,0.00,0,7.5700,0.7850,0.6600,0.0535,0,REST-S,6,3,3
581,5489,14:50:00,0,0.00,0,7.3300,0.7850,0.6320,0.0535,0,REST-S,6,3,3
581,5490,14:50:30,0,0.00,0,7.6100,0.8020,0.6600,0.0571,0,REST-S,6,3,3
581,5491,14:51:00,0,0.00,0,7.6100,0.8020,0.6600,0.0571,0,REST-S,6,3,3
581,5492,14:51:30,0,0.00,0,7.3700,0.8020,0.6320,0.0571,0,REST-S,6,3,3
581,5493,14:52:00,0,0.00,0,7.6100,0.8020,0.6600,0.0571,0,REST-S,6,3,3
581,5494,14:52:30,0,16.00,0,7.6500,0.8200,0.6600,0.0571,0,REST-S,6,3,3
581,5495,14:53:00,0,0.00,0,4.4600,0.5790,0.3600,0.0279,0,REST-S,6,3,3
581,5496,14:53:30,0,0.00,0,4.7300,0.6050,0.3840,0.0279,0,REST-S,6,3,3
581,5497,14:54:00,0,0.00,0,4.7300,0.6050,0.3840,0.0279,0,REST-S,6,3,3
581,5498,14:54:30,0,0.00,0,4.7600,0.6180,0.3840,0.0279,0,REST-S,6,3,3
581,5499,14:55:00,0,0.00,0,4.7500,0.6180,0.3840,0.0230,0,REST-S,6,3,3
581,5500,14:55:30,0,0.00,0,4.7500,0.6180,0.3840,0.0230,0,REST-S,6,3,3
581,5501,14:56:00,0,0.00,0,4.7600,0.6180,0.3840,0.0279,0,REST-S,6,3,3
581,5502,14:56:30,0,0.00,0,4.7600,0.6180,0.3840,0.0279,0,REST-S,6,3,3
581,5503,14:57:00,0,0.00,0,4.7300,0.6050,0.3840,0.0230,0,REST-S,6,3,3
581,5504,14:57:30,0,0.00,0,4.7300,0.6050,0.3840,0.0230,0,REST-S,6,3,3
581,5505,14:58:00,0,0.00,0,4.7300,0.6050,0.3840,0.0230,0,REST-S,6,3,3
581,5506,14:58:30,0,0.00,0,4.7000,0.5920,0.3840,0.0279,0,REST-S,6,3,3
581,5507,14:59:00,0,0.00,0,4.4600,0.5790,0.3600,0.0230,0,REST-S,6,3,3
581,5508,14:59:30,0,0.00,0,4.4600,0.5790,0.3600,0.0279,0,REST-S,6,3,3
581,5509,15:00:00,0,0.00,0,4.4300,0.5670,0.3600,0.0230,0,REST-S,6,3,3
581,5510,15:00:30,0,0.00,0,4.4300,0.5670,0.3600,0.0230,0,REST-S,6,3,3
581,5511,15:01:00,0,0.00,0,4.4300,0.5670,0.3600,0.0230,0,REST-S,6,3,3
581,5512,15:01:30,0,0.00,0,4.4300,0.5670,0.3600,0.0230,0,REST-S,6,3,3
581,5513,15:02:00,0,0.00,0,4.4300,0.5670,0.3600,0.0230,0,REST-S,6,3,3
581,5514,15:02:30,0,0.00,0,4.4300,0.5670,0.3600,0.0230,0,REST-S,6,3,3
581,5515,15:03:00,0,0.00,0,4.4000,0.5550,0.3600,0.0230,0,REST-S,6,3,3
581,5516,15:03:30,0,0.00,0,4.4000,0.5550,0.3600,0.0230,0,REST-S,6,3,3
581,5517,15:04:00,0,0.00,0,4.4000,0.5550,0.3600,0.0230,0,REST-S,6,3,3
581,5518,15:04:30,0,0.00,0,4.4000,0.5550,0.3600,0.0230,0,REST-S,6,3,3
581,5519,15:05:00,0,0.00,0,4.2000,0.5550,0.3370,0.0230,0,REST-S,6,3,3
581,5520,15:05:30,0,0.00,0,4.2300,0.5670,0.3370,0.0230,0,REST-S,6,3,3
581,5521,15:06:00,0,0.00,0,4.4300,0.5670,0.3600,0.0230,0,REST-S,6,3,3
581,5522,15:06:30,0,0.00,0,4.4300,0.5670,0.3600,0.0230,0,REST-S,6,3,3
581,5523,15:07:00,0,0.00,0,4.2600,0.5790,0.3370,0.0230,0,REST-S,6,3,3
581,5524,15:07:30,0,0.00,0,4.2600,0.5790,0.3370,0.0230,0,REST-S,6,3,3
581,5525,15:08:00,0,0.00,0,4.4300,0.5670,0.3600,0.0230,0,REST-S,6,3,3
581,5526,15:08:30,0,0.00,0,4.2300,0.5670,0.3370,0.0230,0,REST-S,6,3,3
581,5527,15:09:00,0,0.00,0,4.2300,0.5670,0.3370,0.0230,0,REST-S,6,3,3
581,5528,15:09:30,0,0.00,0,4.2300,0.5670,0.3370,0.0230,0,REST-S,6,3,3
581,5529,15:10:00,0,0.00,0,4.4000,0.5550,0.3600,0.0230,0,REST-S,6,3,3
581,5530,15:10:30,0,0.00,0,4.2000,0.5550,0.3370,0.0230,0,REST-S,6,3,3
581,5531,15:11:00,0,0.00,0,4.2000,0.5550,0.3370,0.0230,0,REST-S,6,3,3
581,5532,15:11:30,0,0.00,0,4.1800,0.5430,0.3370,0.0230,0,REST-S,6,3,3
581,5533,15:12:00,0,0.00,0,4.1800,0.5430,0.3370,0.0230,0,REST-S,6,3,3
581,5534,15:12:30,0,0.00,0,4.1800,0.5430,0.3370,0.0230,0,REST-S,6,3,3
581,5535,15:13:00,0,0.00,0,4.1800,0.5430,0.3370,0.0230,0,REST-S,6,3,3
581,5536,15:13:30,0,0.00,0,4.1800,0.5430,0.3370,0.0230,0,REST-S,6,3,3
581,5537,15:14:00,0,0.00,0,4.1800,0.5430,0.3370,0.0230,0,REST-S,6,3,3
581,5538,15:14:30,0,0.00,0,4.1800,0.5430,0.3370,0.0230,0,REST-S,6,3,3
581,5539,15:15:00,0,0.00,0,4.1500,0.5310,0.3370,0.0230,0,REST-S,6,3,3
581,5540,15:15:30,0,0.00,0,4.1500,0.5310,0.3370,0.0230,0,REST-S,6,3,3
581,5541,15:16:00,0,1.00,0,3.9300,0.5200,0.3160,0.0162,0,REST-S,6,3,3
581,5542,15:16:30,0,0.00,0,3.9400,0.5200,0.3160,0.0230,0,REST-S,6,3,3
581,5543,15:17:00,0,35.00,0,3.3200,0.4570,0.2600,0.0279,1,REST-S,6,3,3
581,5544,15:17:30,0,0.00,0,5.0400,0.6050,0.4190,0.0279,0,REST-S,6,3,3
581,5545,15:18:00,0,0.00,0,5.0400,0.6050,0.4190,0.0279,0,REST-S,6,3,3
581,5546,15:18:30,0,0.00,0,5.0100,0.5920,0.4190,0.0279,0,REST-S,6,3,3
581,5547,15:19:00,0,0.00,0,4.9800,0.5790,0.4190,0.0279,0,REST-S,6,3,3
581,5548,15:19:30,0,0.00,0,4.9800,0.5790,0.4190,0.0279,0,REST-S,6,3,3
581,5549,15:20:00,0,0.00,0,4.9500,0.5670,0.4190,0.0279,0,REST-S,6,3,3
581,5550,15:20:30,0,100.00,0,5.1500,0.5670,0.4370,0.0571,1,REST-S,6,3,3
581,5551,15:21:00,0,0.00,0,6.1400,0.6890,0.5200,0.0571,0,REST-S,6,3,3
581,5552,15:21:30,0,6.00,0,6.1500,0.6890,0.5200,0.0650,0,REST-S,6,3,3
581,5553,15:22:00,0,23.00,0,1.8900,0.2770,0.1390,0.0583,1,REST-S,6,3,3
581,5554,15:22:30,0,1.00,0,1.4700,0.2600,0.1000,0.0162,0,REST-S,6,3,3
581,5555,15:23:00,0,0.00,0,1.4700,0.2600,0.1000,0.0162,0,REST-S,6,3,3
581,5556,15:23:30,0,75.00,0,2.2700,0.3030,0.1760,0.0583,1,REST-S,6,3,3
581,5557,15:24:00,0,0.00,0,2.4700,0.4100,0.1760,0.0230,0,REST-S,6,3,3
581,5558,15:24:30,0,0.00,0,2.6700,0.4010,0.2000,0.0230,0,REST-S,6,3,3
581,5559,15:25:00,0,0.00,0,2.6700,0.4010,0.2000,0.0230,0,REST-S,6,3,3
581,5560,15:25:30,0,0.00,0,2.6700,0.4010,0.2000,0.0230,0,REST-S,6,3,3
581,5561,15:26:00,0,0.00,0,2.4300,0.3920,0.1760,0.0230,0,REST-S,6,3,3
581,5562,15:26:30,0,0.00,0,2.4300,0.3920,0.1760,0.0230,0,REST-S,6,3,3
581,5563,15:27:00,0,0.00,0,2.4300,0.3920,0.1760,0.0230,0,REST-S,6,3,3
581,5564,15:27:30,0,0.00,0,2.4300,0.3920,0.1760,0.0230,0,REST-S,6,3,3
581,5565,15:28:00,0,0.00,0,2.4300,0.3920,0.1760,0.0230,0,REST-S,6,3,3
581,5566,15:28:30,0,0.00,0,2.4200,0.3840,0.1760,0.0230,0,REST-S,6,3,3
581,5567,15:29:00,0,0.00,0,2.4200,0.3840,0.1760,0.0230,0,REST-S,6,3,3
581,5568,15:29:30,0,0.00,0,2.4100,0.3840,0.1760,0.0162,0,REST-S,6,3,3
581,5569,15:30:00,0,0.00,0,2.3900,0.3760,0.1760,0.0162,0,REST-S,6,3,3
581,5570,15:30:30,0,0.00,0,2.1500,0.3600,0.1510,0.0230,0,REST-S,6,3,3
581,5571,15:31:00,0,0.00,0,2.3600,0.3600,0.1760,0.0230,0,REST-S,6,3,3
581,5572,15:31:30,0,0.00,0,2.1500,0.3600,0.1510,0.0230,0,REST-S,6,3,3
581,5573,15:32:00,0,56.00,0,2.5800,0.3600,0.2000,0.0279,1,REST-S,6,3,3
581,5574,15:32:30,0,34.00,0,4.2000,0.3840,0.3680,0.1170,1,REST-S,6,3,3
581,5575,15:33:00,0,0.00,0,4.5300,0.4010,0.4010,0.1170,0,REST-S,6,3,3
581,5576,15:33:30,0,5.00,0,4.4900,0.3840,0.4010,0.1170,0,REST-S,6,3,3
581,5577,15:34:00,0,4.00,0,4.4900,0.3840,0.4010,0.1170,0,REST-S,6,3,3
581,5578,15:34:30,0,0.00,0,4.2000,0.3840,0.3680,0.1170,0,REST-S,6,3,3
581,5579,15:35:00,0,0.00,0,4.2000,0.3840,0.3680,0.1170,0,REST-S,6,3,3
581,5580,15:35:30,0,0.00,0,4.2000,0.3840,0.3680,0.1170,0,REST-S,6,3,3
581,5581,15:36:00,0,47.00,0,4.9200,0.4100,0.4370,0.1650,1,REST-S,6,3,3
581,5582,15:36:30,0,4.00,0,6.3900,0.4770,0.5790,0.2380,0,REST-S,6,3,3
581,5583,15:37:00,0,1.00,0,6.3900,0.4770,0.5790,0.2380,0,REST-S,6,3,3
581,5584,15:37:30,0,38.00,0,6.7500,0.4870,0.6180,0.2380,1,REST-S,6,3,3
581,5585,15:38:00,0,0.00,0,6.7800,0.4870,0.6180,0.2660,0,REST-S,6,3,3
581,5586,15:38:30,0,12.00,0,6.7800,0.4870,0.6180,0.2600,0,REST-S,6,3,3
581,5587,15:39:00,0,1.00,0,7.0700,0.4980,0.6460,0.2840,0,REST-S,6,3,3
581,5588,15:39:30,0,1.00,0,6.4100,0.4770,0.5790,0.2600,0,REST-S,6,3,3
581,5589,15:40:00,0,0.00,0,6.7500,0.4770,0.6180,0.2600,0,REST-S,6,3,3
581,5590,15:40:30,0,0.00,0,6.3900,0.4770,0.5790,0.2380,0,REST-S,6,3,3
581,5591,15:41:00,0,8.00,0,6.7500,0.4770,0.6180,0.2600,0,REST-S,6,3,3
581,5592,15:41:30,0,14.00,0,7.0400,0.4870,0.6460,0.2840,0,REST-S,6,3,3
581,5593,15:42:00,0,0.00,0,6.7600,0.4770,0.6180,0.2660,0,REST-S,6,3,3
581,5594,15:42:30,0,0.00,0,6.7600,0.4770,0.6180,0.2660,0,REST-S,6,3,3
581,5595,15:43:00,0,0.00,0,6.7400,0.4670,0.6180,0.2660,0,REST-S,6,3,3
581,5596,15:43:30,0,0.00,0,6.7400,0.4670,0.6180,0.2660,0,REST-S,6,3,3
581,5597,15:44:00,0,0.00,0,5.6700,0.4370,0.5090,0.2230,0,REST-S,6,3,3
581,5598,15:44:30,0,0.00,0,6.0000,0.4470,0.5430,0.2380,0,REST-S,6,3,3
581,5599,15:45:00,0,0.00,0,6.3700,0.4570,0.5790,0.2600,0,REST-S,6,3,3
581,5600,15:45:30,0,0.00,0,6.9700,0.4570,0.6460,0.2840,0,REST-S,6,3,3
581,5601,15:46:00,0,0.00,0,6.7300,0.4570,0.6180,0.2840,0,REST-S,6,3,3
581,5602,15:46:30,0,0.00,0,6.3200,0.4370,0.5790,0.2600,0,REST-S,6,3,3
581,5603,15:47:00,0,0.00,0,5.6300,0.4190,0.5090,0.2230,0,REST-S,6,3,3
581,5604,15:47:30,0,0.00,0,5.6100,0.4190,0.5090,0.2090,0,REST-S,6,3,3
581,5605,15:48:00,0,0.00,0,5.6300,0.4190,0.5090,0.2230,0,REST-S,6,3,3
581,5606,15:48:30,0,1.00,0,5.5700,0.4010,0.5090,0.2090,0,REST-S,6,3,3
581,5607,15:49:00,0,8.00,0,5.5500,0.3920,0.5090,0.2090,0,REST-S,6,3,3
581,5608,15:49:30,0,4.00,0,5.2300,0.3840,0.4770,0.1920,0,REST-S,6,3,3
581,5609,15:50:00,0,2.00,0,5.5700,0.4010,0.5090,0.2090,0,REST-S,6,3,3
581,5610,15:50:30,0,38.00,0,5.9200,0.4190,0.5430,0.2230,1,REST-S,6,3,3
581,5611,15:51:00,0,38.00,0,3.2300,0.3090,0.2770,0.1050,1,REST-S,6,3,3
581,5612,15:51:30,0,0.00,0,1.9500,0.2720,0.1510,0.0230,0,REST-S,6,3,3
581,5613,15:52:00,0,0.00,0,1.9200,0.2600,0.1510,0.0230,0,REST-S,6,3,3
581,5614,15:52:30,0,0.00,0,1.9200,0.2600,0.1510,0.0230,0,REST-S,6,3,3
581,5615,15:53:00,0,0.00,0,1.9200,0.2600,0.1510,0.0230,0,REST-S,6,3,3
581,5616,15:53:30,0,0.00,0,1.9200,0.2600,0.1510,0.0230,0,REST-S,6,3,3
581,5617,15:54:00,0,0.00,0,1.9200,0.2600,0.1510,0.0230,0,REST-S,6,3,3
581,5618,15:54:30,0,0.00,0,1.9200,0.2600,0.1510,0.0230,0,REST-S,6,3,3
581,5619,15:55:00,0,18.00,0,4.4300,0.3450,0.4010,0.1450,0,REST-S,6,3,3
581,5620,15:55:30,0,0.00,0,4.4300,0.3450,0.4010,0.1450,0,REST-S,6,3,3
581,5621,15:56:00,0,0.00,0,4.1100,0.3300,0.3680,0.1450,0,REST-S,6,3,3
581,5622,15:56:30,0,0.00,0,4.0900,0.3300,0.3680,0.1330,0,REST-S,6,3,3
581,5623,15:57:00,0,38.00,0,1.9200,0.2600,0.1510,0.0230,1,REST-S,6,3,3
581,5624,15:57:30,0,0.00,0,2.1700,0.2770,0.1760,0.0162,0,REST-S,6,3,3
581,5625,15:58:00,0,1.00,0,1.9600,0.2770,0.1510,0.0162,0,REST-S,6,3,3
581,5626,15:58:30,0,0.00,0,1.9100,0.2600,0.1510,0.0115,0,REST-S,6,3,3
581,5627,15:59:00,0,5.00,0,1.9100,0.2600,0.1510,0.0115,0,REST-S,6,3,3
581,5628,15:59:30,0,0.00,0,1.9400,0.2720,0.1510,0.0115,0,REST-S,6,3,3
581,5629,16:00:00,0,0.00,0,1.9100,0.2600,0.1510,0.0115,0,REST-S,6,3,3
581,5630,16:00:30,0,6.00,0,1.4000,0.2280,0.1000,0.0115,1,REST-S,6,3,3
581,5631,16:01:00,0,163.00,0,1.0200,0.1580,0.0756,0.0115,1,REST-S,6,3,3
581,5632,16:01:30,0,32.00,0,0.2700,0.1220,0.0000,0.0000,1,REST-S,6,3,3
581,5633,16:02:00,0,0.00,0,0.2400,0.1070,0.0000,0.0000,0,REST-S,6,3,3
581,5634,16:02:30,0,0.00,0,0.2400,0.1070,0.0000,0.0000,0,REST-S,6,3,3
581,5635,16:03:00,0,0.00,0,0.2400,0.1070,0.0000,0.0000,0,REST-S,6,3,3
581,5636,16:03:30,0,0.00,0,0.2400,0.1070,0.0000,0.0000,0,REST-S,6,3,3
581,5637,16:04:00,0,0.00,0,0.2500,0.1120,0.0000,0.0000,0,REST-S,6,3,3
581,5638,16:04:30,0,0.00,0,0.2500,0.1120,0.0000,0.0000,0,REST-S,6,3,3
581,5639,16:05:00,0,0.00,0,0.2400,0.1070,0.0000,0.0000,0,REST-S,6,3,3
581,5640,16:05:30,0,0.00,0,0.2400,0.1070,0.0000,0.0000,0,REST-S,6,3,3
581,5641,16:06:00,0,0.00,0,0.2400,0.1070,0.0000,0.0000,0,REST-S,6,3,3
581,5642,16:06:30,0,0.00,0,0.2400,0.1070,0.0000,0.0000,0,REST-S,6,3,3
581,5643,16:07:00,0,0.00,0,0.2500,0.1120,0.0000,0.0000,0,REST-S,6,3,3
581,5644,16:07:30,0,0.00,0,0.2400,0.1070,0.0000,0.0000,0,REST-S,6,3,3
581,5645,16:08:00,0,0.00,0,0.2400,0.1070,0.0000,0.0000,0,REST-S,6,3,3
581,5646,16:08:30,0,0.00,0,0.2400,0.1070,0.0000,0.0000,0,REST-S,6,3,3
581,5647,16:09:00,0,0.00,0,0.2400,0.1070,0.0000,0.0000,0,REST-S,6,3,3
581,5648,16:09:30,0,0.00,0,0.2500,0.1120,0.0000,0.0000,0,REST-S,6,3,3
581,5649,16:10:00,0,0.00,0,0.2400,0.1070,0.0000,0.0000,0,REST-S,6,3,3
581,5650,16:10:30,0,0.00,0,0.2500,0.1120,0.0000,0.0000,0,REST-S,6,3,3
581,5651,16:11:00,0,0.00,0,0.2500,0.1120,0.0000,0.0000,0,REST-S,6,3,3
581,5652,16:11:30,0,0.00,0,0.2600,0.1120,0.0000,0.0117,0,REST-S,6,3,3
581,5653,16:12:00,0,0.00,0,0.2500,0.1120,0.0000,0.0000,0,REST-S,6,3,3
581,5654,16:12:30,0,0.00,0,0.2400,0.1070,0.0000,0.0000,0,REST-S,6,3,3
581,5655,16:13:00,0,0.00,0,0.2500,0.1070,0.0000,0.0117,0,REST-S,6,3,3
581,5656,16:13:30,0,0.00,0,0.2500,0.1120,0.0000,0.0000,0,REST-S,6,3,3
581,5657,16:14:00,0,0.00,0,0.2500,0.1120,0.0000,0.0000,0,REST-S,6,3,3
581,5658,16:14:30,0,0.00,0,0.2500,0.1120,0.0000,0.0000,0,REST-S,6,3,3
581,5659,16:15:00,0,0.00,0,0.2500,0.1120,0.0000,0.0000,0,REST-S,6,3,3
581,5660,16:15:30,0,0.00,0,0.2500,0.1120,0.0000,0.0000,0,REST-S,6,3,3
581,5661,16:16:00,0,0.00,0,0.2500,0.1120,0.0000,0.0000,0,REST-S,6,3,3
581,5662,16:16:30,0,0.00,0,0.2500,0.1120,0.0000,0.0000,0,REST-S,6,3,3
581,5663,16:17:00,0,0.00,0,0.2500,0.1120,0.0000,0.0000,0,REST-S,6,3,3
581,5664,16:17:30,0,0.00,0,0.2700,0.1220,0.0000,0.0000,0,REST-S,6,3,3
581,5665,16:18:00,0,0.00,0,0.2900,0.1300,0.0000,0.0000,0,REST-S,6,3,3
581,5666,16:18:30,0,0.00,0,0.2700,0.1220,0.0000,0.0000,0,REST-S,6,3,3
581,5667,16:19:00,0,0.00,0,0.2500,0.1120,0.0000,0.0000,0,REST-S,6,3,3
581,5668,16:19:30,0,0.00,0,0.2500,0.1120,0.0000,0.0000,0,REST-S,6,3,3
581,5669,16:20:00,0,0.00,0,0.2400,0.1070,0.0000,0.0000,0,REST-S,6,3,3
581,5670,16:20:30,0,0.00,0,0.2500,0.1120,0.0000,0.0000,0,REST-S,6,3,3
581,5671,16:21:00,0,0.00,0,0.2400,0.1070,0.0000,0.0000,0,REST-S,6,3,3
581,5672,16:21:30,0,0.00,0,0.2500,0.1120,0.0000,0.0000,0,REST-S,6,3,3
581,5673,16:22:00,0,0.00,0,0.2400,0.1070,0.0000,0.0000,0,REST-S,6,3,3
581,5674,16:22:30,0,0.00,0,0.2500,0.1120,0.0000,0.0000,0,REST-S,6,3,3
581,5675,16:23:00,0,0.00,0,0.2400,0.1070,0.0000,0.0000,0,REST-S,6,3,3
581,5676,16:23:30,0,0.00,0,0.2500,0.1070,0.0000,0.0117,0,REST-S,6,3,3
581,5677,16:24:00,0,0.00,0,0.2500,0.1120,0.0000,0.0000,0,REST-S,6,3,3
581,5678,16:24:30,0,0.00,0,0.2600,0.1120,0.0000,0.0117,0,REST-S,6,3,3
581,5679,16:25:00,0,0.00,0,0.2600,0.1120,0.0000,0.0117,0,REST-S,6,3,3
581,5680,16:25:30,0,0.00,0,0.2400,0.1070,0.0000,0.0000,0,REST-S,6,3,3
581,5681,16:26:00,0,0.00,0,0.4300,0.0939,0.0251,0.0000,0,REST-S,6,3,3
581,5682,16:26:30,0,0.00,0,0.5200,0.0939,0.0347,0.0117,0,REST-S,6,3,3
581,5683,16:27:00,0,0.00,0,0.2500,0.1070,0.0000,0.0117,0,REST-S,6,3,3
581,5684,16:27:30,0,0.00,0,0.2500,0.1120,0.0000,0.0000,0,REST-S,6,3,3
581,5685,16:28:00,0,0.00,0,0.2500,0.1120,0.0000,0.0000,0,REST-S,6,3,3
581,5686,16:28:30,0,0.00,0,0.2500,0.1120,0.0000,0.0000,0,REST-S,6,3,3
581,5687,16:29:00,0,0.00,0,0.2600,0.1120,0.0000,0.0117,0,REST-S,6,3,3
581,5688,16:29:30,0,0.00,0,0.2400,0.1070,0.0000,0.0000,0,REST-S,6,3,3
581,5689,16:30:00,0,0.00,0,0.2300,0.0981,0.0000,0.0117,0,REST-S,6,3,3
581,5690,16:30:30,0,0.00,0,0.2200,0.0981,0.0000,0.0000,0,REST-S,6,3,3
581,5691,16:31:00,0,0.00,0,0.2300,0.0981,0.0000,0.0117,0,REST-S,6,3,3
581,5692,16:31:30,0,0.00,0,0.2300,0.0981,0.0000,0.0117,0,REST-S,6,3,3
581,5693,16:32:00,0,0.00,0,0.2200,0.0981,0.0000,0.0000,0,REST-S,6,3,3
581,5694,16:32:30,0,0.00,0,0.2200,0.0981,0.0000,0.0000,0,REST-S,6,3,3
581,5695,16:33:00,0,0.00,0,0.2500,0.1070,0.0000,0.0117,0,REST-S,6,3,3
581,5696,16:33:30,0,0.00,0,0.2300,0.0981,0.0000,0.0117,0,REST-S,6,3,3
581,5697,16:34:00,0,0.00,0,0.2200,0.0981,0.0000,0.0000,0,REST-S,6,3,3
581,5698,16:34:30,0,0.00,0,0.2200,0.0981,0.0000,0.0000,0,REST-S,6,3,3
581,5699,16:35:00,0,0.00,0,0.2200,0.0981,0.0000,0.0000,0,REST-S,6,3,3
581,5700,16:35:30,0,0.00,0,0.2500,0.1070,0.0000,0.0117,0,REST-S,6,3,3
581,5701,16:36:00,0,0.00,0,0.5200,0.0939,0.0347,0.0117,0,REST-S,6,3,3
581,5702,16:36:30,0,0.00,0,0.5300,0.0981,0.0347,0.0117,0,REST-S,6,3,3
581,5703,16:37:00,0,0.00,0,0.2600,0.1120,0.0000,0.0117,0,REST-S,6,3,3
581,5704,16:37:30,0,0.00,0,0.2600,0.1120,0.0000,0.0117,0,REST-S,6,3,3
581,5705,16:38:00,0,0.00,0,0.5300,0.0981,0.0347,0.0117,0,REST-S,6,3,3
581,5706,16:38:30,0,0.00,0,0.2500,0.1120,0.0000,0.0000,0,REST-S,6,3,3
581,5707,16:39:00,0,0.00,0,0.2600,0.1120,0.0000,0.0117,0,REST-S,6,3,3
581,5708,16:39:30,0,0.00,0,0.2600,0.1120,0.0000,0.0117,0,REST-S,6,3,3
581,5709,16:40:00,0,0.00,0,0.5300,0.0981,0.0347,0.0117,0,REST-S,6,3,3
581,5710,16:40:30,0,0.00,0,0.2600,0.1120,0.0000,0.0117,0,REST-S,6,3,3
581,5711,16:41:00,0,0.00,0,0.2600,0.1120,0.0000,0.0117,0,REST-S,6,3,3
581,5712,16:41:30,0,0.00,0,0.5300,0.0981,0.0347,0.0117,0,REST-S,6,3,3
581,5713,16:42:00,0,0.00,0,0.5300,0.0981,0.0347,0.0117,0,REST-S,6,3,3
581,5714,16:42:30,0,0.00,0,0.2600,0.1120,0.0000,0.0117,0,REST-S,6,3,3
581,5715,16:43:00,0,0.00,0,0.5300,0.0981,0.0347,0.0117,0,REST-S,6,3,3
581,5716,16:43:30,0,0.00,0,0.2600,0.1120,0.0000,0.0117,0,REST-S,6,3,3
581,5717,16:44:00,0,0.00,0,0.2600,0.1120,0.0000,0.0117,0,REST-S,6,3,3
581,5718,16:44:30,0,0.00,0,0.5300,0.0981,0.0347,0.0117,0,REST-S,6,3,3
581,5719,16:45:00,0,0.00,0,0.2600,0.1120,0.0000,0.0117,0,REST-S,6,3,3
581,5720,16:45:30,0,0.00,0,0.5300,0.0981,0.0347,0.0117,0,REST-S,6,3,3
581,5721,16:46:00,0,0.00,0,0.2600,0.1120,0.0000,0.0117,0,REST-S,6,3,3
581,5722,16:46:30,0,0.00,0,0.5300,0.0981,0.0347,0.0117,0,REST-S,6,3,3
581,5723,16:47:00,0,0.00,0,0.5300,0.0981,0.0347,0.0117,0,REST-S,6,3,3
581,5724,16:47:30,0,0.00,0,0.2600,0.1120,0.0000,0.0117,0,REST-S,6,3,3
581,5725,16:48:00,0,0.00,0,0.5300,0.0981,0.0347,0.0117,0,REST-S,6,3,3
581,5726,16:48:30,0,0.00,0,0.2600,0.1120,0.0000,0.0117,0,REST-S,6,3,3
581,5727,16:49:00,0,0.00,0,0.5300,0.0981,0.0347,0.0117,0,REST-S,6,3,3
581,5728,16:49:30,0,0.00,0,0.5300,0.0981,0.0347,0.0117,0,REST-S,6,3,3
581,5729,16:50:00,0,0.00,0,0.5500,0.1070,0.0347,0.0117,0,REST-S,6,3,3
581,5730,16:50:30,0,0.00,0,0.5300,0.0981,0.0347,0.0117,0,REST-S,6,3,3
581,5731,16:51:00,0,0.00,0,0.5300,0.0981,0.0347,0.0117,0,REST-S,6,3,3
581,5732,16:51:30,0,0.00,0,0.5500,0.1070,0.0347,0.0117,0,REST-S,6,3,3
581,5733,16:52:00,0,0.00,0,0.5500,0.1070,0.0347,0.0117,0,REST-S,6,3,3
581,5734,16:52:30,0,0.00,0,0.5300,0.0981,0.0347,0.0117,0,REST-S,6,3,3
581,5735,16:53:00,0,0.00,0,0.5200,0.0939,0.0347,0.0117,0,REST-S,6,3,3
581,5736,16:53:30,0,0.00,0,0.5200,0.0939,0.0347,0.0117,0,REST-S,6,3,3
581,5737,16:54:00,0,0.00,0,0.5200,0.0939,0.0347,0.0117,0,REST-S,6,3,3
581,5738,16:54:30,0,0.00,0,0.5300,0.0981,0.0347,0.0117,0,REST-S,6,3,3
581,5739,16:55:00,0,0.00,0,0.5200,0.0939,0.0347,0.0117,0,REST-S,6,3,3
581,5740,16:55:30,0,0.00,0,0.5200,0.0939,0.0347,0.0117,0,REST-S,6,3,3
581,5741,16:56:00,0,0.00,0,0.5200,0.0939,0.0347,0.0117,0,REST-S,6,3,3
581,5742,16:56:30,0,0.00,0,0.5200,0.0939,0.0347,0.0117,0,REST-S,6,3,3
581,5743,16:57:00,0,0.00,0,0.5200,0.0939,0.0347,0.0117,0,REST-S,6,3,3
581,5744,16:57:30,0,0.00,0,0.5200,0.0939,0.0347,0.0117,0,REST-S,6,3,3
581,5745,16:58:00,0,0.00,0,0.5300,0.0981,0.0347,0.0117,0,REST-S,6,3,3
581,5746,16:58:30,0,0.00,0,0.5300,0.0981,0.0347,0.0117,0,REST-S,6,3,3
581,5747,16:59:00,0,0.00,0,0.5200,0.0939,0.0347,0.0117,0,REST-S,6,3,3
581,5748,16:59:30,0,0.00,0,0.5200,0.0939,0.0347,0.0117,0,REST-S,6,3,3
581,5749,17:00:00,0,0.00,0,0.5200,0.0939,0.0347,0.0117,0,REST-S,6,3,3
581,5750,17:00:30,0,0.00,0,0.5300,0.0981,0.0347,0.0117,0,REST-S,6,3,3
581,5751,17:01:00,0,0.00,0,0.5300,0.0981,0.0347,0.0117,0,REST-S,6,3,3
581,5752,17:01:30,0,0.00,0,0.5500,0.1070,0.0347,0.0117,0,REST-S,6,3,3
581,5753,17:02:00,0,0.00,0,0.5300,0.0981,0.0347,0.0117,0,REST-S,6,3,3
581,5754,17:02:30,0,6.00,0,0.5200,0.0939,0.0347,0.0117,0,REST-S,6,3,3
581,5755,17:03:00,0,0.00,0,0.5200,0.0939,0.0347,0.0117,0,REST-S,6,3,3
581,5756,17:03:30,0,0.00,0,0.5200,0.0939,0.0347,0.0117,0,REST-S,6,3,3
581,5757,17:04:00,0,0.00,0,0.5200,0.0939,0.0347,0.0117,0,REST-S,6,3,3
581,5758,17:04:30,0,0.00,0,0.5200,0.0939,0.0347,0.0117,0,REST-S,6,3,3
581,5759,17:05:00,0,0.00,0,0.5300,0.0981,0.0347,0.0117,0,REST-S,6,3,3
581,5760,17:05:30,0,0.00,0,0.5200,0.0939,0.0347,0.0117,0,REST-S,6,3,3
581,5761,17:06:00,0,0.00,0,0.5200,0.0939,0.0347,0.0117,0,REST-S,6,3,3
581,5762,17:06:30,0,0.00,0,0.5300,0.0981,0.0347,0.0117,0,REST-S,6,3,3
581,5763,17:07:00,0,0.00,0,0.5200,0.0939,0.0347,0.0117,0,REST-S,6,3,3
581,5764,17:07:30,0,0.00,0,0.5200,0.0939,0.0347,0.0117,0,REST-S,6,3,3
581,5765,17:08:00,0,9.00,0,0.5300,0.0981,0.0347,0.0117,0,REST-S,6,3,3
581,5766,17:08:30,0,0.00,0,0.5300,0.0981,0.0347,0.0117,0,REST-S,6,3,3
581,5767,17:09:00,0,0.00,0,0.5300,0.0981,0.0347,0.0117,0,REST-S,6,3,3
581,5768,17:09:30,0,0.00,0,0.5300,0.0981,0.0347,0.0117,0,REST-S,6,3,3
581,5769,17:10:00,0,0.00,0,0.5300,0.0981,0.0347,0.0117,0,REST-S,6,3,3
581,5770,17:10:30,0,0.00,0,0.5300,0.0981,0.0347,0.0117,0,REST-S,6,3,3
581,5771,17:11:00,0,18.00,0,0.5300,0.0981,0.0347,0.0117,0,REST-S,6,3,3
581,5772,17:11:30,0,0.00,0,0.5300,0.0981,0.0347,0.0117,0,REST-S,6,3,3
581,5773,17:12:00,0,0.00,0,0.5300,0.0981,0.0347,0.0117,0,REST-S,6,3,3
581,5774,17:12:30,0,0.00,0,0.5200,0.0939,0.0347,0.0117,1,REST-S,6,3,3
581,5775,17:13:00,0,35.00,0,0.5300,0.0981,0.0347,0.0117,1,REST-S,6,3,3
581,5776,17:13:30,0,147.00,0,0.2500,0.1120,0.0000,0.0000,1,REST-S,6,3,3
581,5777,17:14:00,0,107.00,0,0.5200,0.0939,0.0347,0.0117,1,REST-S,6,3,3
581,5778,17:14:30,0,0.00,0,0.5200,0.0939,0.0347,0.0117,1,REST-S,6,3,3
581,5779,17:15:00,0,0.00,0,0.5200,0.0939,0.0347,0.0117,0,REST-S,6,3,3
581,5780,17:15:30,0,0.00,0,0.5200,0.0939,0.0347,0.0117,0,REST-S,6,3,3
581,5781,17:16:00,0,0.00,0,0.5200,0.0939,0.0347,0.0117,0,REST-S,6,3,3
581,5782,17:16:30,0,33.00,0,0.5100,0.0861,0.0347,0.0117,1,REST-S,6,3,3
581,5783,17:17:00,0,0.00,0,0.5100,0.0861,0.0347,0.0117,0,REST-S,6,3,3
581,5784,17:17:30,0,0.00,0,0.5100,0.0861,0.0347,0.0117,0,REST-S,6,3,3
581,5785,17:18:00,0,0.00,0,0.5100,0.0861,0.0347,0.0117,0,REST-S,6,3,3
581,5786,17:18:30,0,2.00,0,0.2200,0.0981,0.0000,0.0000,0,REST-S,6,3,3
581,5787,17:19:00,0,0.00,0,0.2500,0.1070,0.0000,0.0117,0,REST-S,6,3,3
581,5788,17:19:30,0,0.00,0,0.2400,0.1070,0.0000,0.0000,0,REST-S,6,3,3
581,5789,17:20:00,0,0.00,0,0.2400,0.1070,0.0000,0.0000,0,REST-S,6,3,3
581,5790,17:20:30,0,0.00,0,0.2200,0.0981,0.0000,0.0000,0,REST-S,6,3,3
581,5791,17:21:00,0,0.00,0,0.2200,0.0981,0.0000,0.0000,0,REST-S,6,3,3
581,5792,17:21:30,0,0.00,0,0.2200,0.0981,0.0000,0.0000,0,REST-S,6,3,3
581,5793,17:22:00,0,0.00,0,0.2200,0.0981,0.0000,0.0000,0,REST-S,6,3,3
581,5794,17:22:30,0,45.00,0,0.2300,0.0981,0.0000,0.0117,1,REST-S,6,3,3
581,5795,17:23:00,0,0.00,0,0.2500,0.1070,0.0000,0.0117,0,REST-S,6,3,3
581,5796,17:23:30,0,0.00,0,0.2300,0.0981,0.0000,0.0117,0,REST-S,6,3,3
581,5797,17:24:00,0,0.00,0,0.2200,0.0981,0.0000,0.0000,0,REST-S,6,3,3
581,5798,17:24:30,0,0.00,0,0.2200,0.0981,0.0000,0.0000,0,REST-S,6,3,3
581,5799,17:25:00,0,0.00,0,0.2200,0.0981,0.0000,0.0000,0,REST-S,6,3,3
581,5800,17:25:30,0,0.00,0,0.2200,0.0981,0.0000,0.0000,0,REST-S,6,3,3
581,5801,17:26:00,0,0.00,0,0.1900,0.0880,0.0000,0.0000,0,REST-S,6,3,3
581,5802,17:26:30,0,0.00,0,0.1900,0.0880,0.0000,0.0000,0,REST-S,6,3,3
581,5803,17:27:00,0,0.00,0,0.1900,0.0880,0.0000,0.0000,0,REST-S,6,3,3
581,5804,17:27:30,0,0.00,0,0.1900,0.0880,0.0000,0.0000,0,REST-S,6,3,3
581,5805,17:28:00,0,0.00,0,0.1900,0.0880,0.0000,0.0000,0,REST-S,6,3,3
581,5806,17:28:30,0,0.00,0,0.1900,0.0880,0.0000,0.0000,0,REST-S,6,3,3
581,5807,17:29:00,0,0.00,0,0.1900,0.0880,0.0000,0.0000,0,REST-S,6,3,3
581,5808,17:29:30,0,0.00,0,0.1900,0.0880,0.0000,0.0000,0,REST-S,6,3,3
581,5809,17:30:00,0,0.00,0,0.1900,0.0880,0.0000,0.0000,0,REST-S,6,3,3
581,5810,17:30:30,0,0.00,0,0.1900,0.0880,0.0000,0.0000,0,REST-S,6,3,3
581,5811,17:31:00,0,0.00,0,0.1900,0.0880,0.0000,0.0000,0,REST-S,6,3,3
581,5812,17:31:30,0,0.00,0,0.1900,0.0880,0.0000,0.0000,0,REST-S,6,3,3
581,5813,17:32:00,0,0.00,0,0.1900,0.0880,0.0000,0.0000,0,REST-S,6,3,3
581,5814,17:32:30,0,0.00,0,0.1900,0.0880,0.0000,0.0000,0,REST-S,6,3,3
581,5815,17:33:00,0,2.00,0,0.2200,0.0981,0.0000,0.0000,0,REST-S,6,3,3
581,5816,17:33:30,0,0.00,0,0.2200,0.0981,0.0000,0.0000,0,REST-S,6,3,3
581,5817,17:34:00,0,0.00,0,0.2200,0.0981,0.0000,0.0000,0,REST-S,6,3,3
581,5818,17:34:30,0,0.00,0,0.2200,0.0981,0.0000,0.0000,0,REST-S,6,3,3
581,5819,17:35:00,0,0.00,0,0.2200,0.0981,0.0000,0.0000,0,REST-S,6,3,3
581,5820,17:35:30,0,0.00,0,0.2200,0.0981,0.0000,0.0000,0,REST-S,6,3,3
581,5821,17:36:00,0,0.00,0,0.2200,0.0981,0.0000,0.0000,0,REST-S,6,3,3
581,5822,17:36:30,0,0.00,0,0.2200,0.0981,0.0000,0.0000,0,REST-S,6,3,3
581,5823,17:37:00,0,0.00,0,0.2200,0.0981,0.0000,0.0000,0,REST-S,6,3,3
581,5824,17:37:30,0,0.00,0,0.2200,0.0981,0.0000,0.0000,0,REST-S,6,3,3
581,5825,17:38:00,0,0.00,0,0.2200,0.0981,0.0000,0.0000,0,REST-S,6,3,3
581,5826,17:38:30,0,0.00,0,0.2200,0.0981,0.0000,0.0000,0,REST-S,6,3,3
581,5827,17:39:00,0,0.00,0,0.2200,0.0981,0.0000,0.0000,0,REST-S,6,3,3
581,5828,17:39:30,0,0.00,0,0.2200,0.0981,0.0000,0.0000,0,REST-S,6,3,3
581,5829,17:40:00,0,0.00,0,0.2200,0.0981,0.0000,0.0000,0,REST-S,6,3,3
581,5830,17:40:30,0,0.00,0,0.2200,0.0981,0.0000,0.0000,0,REST-S,6,3,3
581,5831,17:41:00,0,0.00,0,0.2200,0.0981,0.0000,0.0000,0,REST-S,6,3,3
581,5832,17:41:30,0,0.00,0,0.2200,0.0981,0.0000,0.0000,0,REST-S,6,3,3
581,5833,17:42:00,0,0.00,0,0.2200,0.0981,0.0000,0.0000,0,REST-S,6,3,3
581,5834,17:42:30,0,0.00,0,0.2200,0.0981,0.0000,0.0000,0,REST-S,6,3,3
581,5835,17:43:00,0,0.00,0,0.2200,0.0981,0.0000,0.0000,0,REST-S,6,3,3
581,5836,17:43:30,0,0.00,0,0.2200,0.0981,0.0000,0.0000,0,REST-S,6,3,3
581,5837,17:44:00,0,0.00,0,0.2200,0.0981,0.0000,0.0000,0,REST-S,6,3,3
581,5838,17:44:30,0,0.00,0,0.2200,0.0981,0.0000,0.0000,0,REST-S,6,3,3
581,5839,17:45:00,0,0.00,0,0.2200,0.0981,0.0000,0.0000,0,REST-S,6,3,3
581,5840,17:45:30,0,0.00,0,0.2200,0.0981,0.0000,0.0000,0,REST-S,6,3,3
581,5841,17:46:00,0,0.00,0,0.2200,0.0981,0.0000,0.0000,0,REST-S,6,3,3
581,5842,17:46:30,0,0.00,0,0.2200,0.0981,0.0000,0.0000,0,REST-S,6,3,3
581,5843,17:47:00,0,0.00,0,0.2200,0.0981,0.0000,0.0000,0,REST-S,6,3,3
581,5844,17:47:30,0,0.00,0,0.2200,0.0981,0.0000,0.0000,0,REST-S,6,3,3
581,5845,17:48:00,0,42.00,0,0.2200,0.0981,0.0000,0.0000,1,REST-S,6,3,3
581,5846,17:48:30,0,5.00,0,0.2200,0.0981,0.0000,0.0000,0,REST-S,6,3,3
581,5847,17:49:00,0,0.00,0,0.2200,0.0981,0.0000,0.0000,0,REST-S,6,3,3
581,5848,17:49:30,0,0.00,0,0.2200,0.0981,0.0000,0.0000,0,REST-S,6,3,3
581,5849,17:50:00,0,0.00,0,0.2200,0.0981,0.0000,0.0000,0,REST-S,6,3,3
581,5850,17:50:30,0,0.00,0,0.2200,0.0981,0.0000,0.0000,0,REST-S,6,3,3
581,5851,17:51:00,0,0.00,0,0.2200,0.0981,0.0000,0.0000,0,REST-S,6,3,3
581,5852,17:51:30,0,0.00,0,0.2200,0.0981,0.0000,0.0000,0,REST-S,6,3,3
581,5853,17:52:00,0,0.00,0,0.2200,0.0981,0.0000,0.0000,0,REST-S,6,3,3
581,5854,17:52:30,0,0.00,0,0.2200,0.0981,0.0000,0.0000,0,REST-S,6,3,3
581,5855,17:53:00,0,0.00,0,0.2200,0.0981,0.0000,0.0000,0,REST-S,6,3,3
581,5856,17:53:30,0,0.00,0,0.2200,0.0981,0.0000,0.0000,0,REST-S,6,3,3
581,5857,17:54:00,0,0.00,0,0.2200,0.0981,0.0000,0.0000,0,REST-S,6,3,3
581,5858,17:54:30,0,0.00,0,0.2200,0.0981,0.0000,0.0000,0,REST-S,6,3,3
581,5859,17:55:00,0,0.00,0,0.2200,0.0981,0.0000,0.0000,0,REST-S,6,3,3
581,5860,17:55:30,0,0.00,0,0.2200,0.0981,0.0000,0.0000,0,REST-S,6,3,3
581,5861,17:56:00,0,0.00,0,0.2200,0.0981,0.0000,0.0000,0,REST-S,6,3,3
581,5862,17:56:30,0,0.00,0,0.2200,0.0981,0.0000,0.0000,0,REST-S,6,3,3
581,5863,17:57:00,0,0.00,0,0.2200,0.0981,0.0000,0.0000,0,REST-S,6,3,3
581,5864,17:57:30,0,0.00,0,0.2200,0.0981,0.0000,0.0000,0,REST-S,6,3,3
581,5865,17:58:00,0,0.00,0,0.2200,0.0981,0.0000,0.0000,0,REST-S,6,3,3
581,5866,17:58:30,0,0.00,0,0.2200,0.0981,0.0000,0.0000,0,REST-S,6,3,3
581,5867,17:59:00,0,0.00,0,0.2200,0.0981,0.0000,0.0000,0,REST-S,6,3,3
581,5868,17:59:30,0,0.00,0,0.2200,0.0981,0.0000,0.0000,0,REST-S,6,3,3
581,5869,18:00:00,0,0.00,0,0.2200,0.0981,0.0000,0.0000,0,REST-S,6,3,3
581,5870,18:00:30,0,0.00,0,0.2200,0.0981,0.0000,0.0000,0,REST-S,6,3,3
581,5871,18:01:00,0,0.00,0,0.2200,0.0981,0.0000,0.0000,0,REST-S,6,3,3
581,5872,18:01:30,0,0.00,0,0.2200,0.0981,0.0000,0.0000,0,REST-S,6,3,3
581,5873,18:02:00,0,0.00,0,0.2200,0.0981,0.0000,0.0000,0,REST-S,6,3,3
581,5874,18:02:30,0,0.00,0,0.2200,0.0981,0.0000,0.0000,0,REST-S,6,3,3
581,5875,18:03:00,0,0.00,0,0.2200,0.0981,0.0000,0.0000,0,REST-S,6,3,3
581,5876,18:03:30,0,0.00,0,0.2200,0.0981,0.0000,0.0000,0,REST-S,6,3,3
581,5877,18:04:00,0,0.00,0,0.2200,0.0981,0.0000,0.0000,0,REST-S,6,3,3
581,5878,18:04:30,0,0.00,0,0.2200,0.0981,0.0000,0.0000,0,REST-S,6,3,3
581,5879,18:05:00,0,0.00,0,0.1900,0.0880,0.0000,0.0000,0,REST-S,6,3,3
581,5880,18:05:30,0,0.00,0,0.1900,0.0880,0.0000,0.0000,0,REST-S,6,3,3
581,5881,18:06:00,0,0.00,0,0.1900,0.0880,0.0000,0.0000,0,REST-S,6,3,3
581,5882,18:06:30,0,0.00,0,0.1900,0.0880,0.0000,0.0000,0,REST-S,6,3,3
581,5883,18:07:00,0,0.00,0,0.1900,0.0880,0.0000,0.0000,0,REST-S,6,3,3
581,5884,18:07:30,0,0.00,0,0.1900,0.0880,0.0000,0.0000,0,REST-S,6,3,3
581,5885,18:08:00,0,0.00,0,0.1900,0.0880,0.0000,0.0000,0,REST-S,6,3,3
581,5886,18:08:30,0,0.00,0,0.1900,0.0880,0.0000,0.0000,0,REST-S,6,3,3
581,5887,18:09:00,0,0.00,0,0.1900,0.0880,0.0000,0.0000,0,REST-S,6,3,3
581,5888,18:09:30,0,0.00,0,0.1900,0.0880,0.0000,0.0000,0,REST-S,6,3,3
581,5889,18:10:00,0,0.00,0,0.1900,0.0880,0.0000,0.0000,0,REST-S,6,3,3
581,5890,18:10:30,0,0.00,0,0.1900,0.0880,0.0000,0.0000,0,REST-S,6,3,3
581,5891,18:11:00,0,0.00,0,0.1900,0.0880,0.0000,0.0000,0,REST-S,6,3,3
581,5892,18:11:30,0,0.00,0,0.1900,0.0880,0.0000,0.0000,0,REST-S,6,3,3
581,5893,18:12:00,0,0.00,0,0.1900,0.0880,0.0000,0.0000,0,REST-S,6,3,3
581,5894,18:12:30,0,0.00,0,0.1900,0.0880,0.0000,0.0000,0,REST-S,6,3,3
581,5895,18:13:00,0,0.00,0,0.1900,0.0880,0.0000,0.0000,0,REST-S,6,3,3
581,5896,18:13:30,0,0.00,0,0.1900,0.0880,0.0000,0.0000,0,REST-S,6,3,3
581,5897,18:14:00,0,32.00,0,0.1900,0.0880,0.0000,0.0000,1,REST-S,6,3,3
581,5898,18:14:30,0,0.00,0,0.1900,0.0880,0.0000,0.0000,0,REST-S,6,3,3
581,5899,18:15:00,0,0.00,0,0.1900,0.0880,0.0000,0.0000,0,REST-S,6,3,3
581,5900,18:15:30,0,0.00,0,0.1900,0.0880,0.0000,0.0000,0,REST-S,6,3,3
581,5901,18:16:00,0,0.00,0,0.1900,0.0880,0.0000,0.0000,0,REST-S,6,3,3
581,5902,18:16:30,0,0.00,0,0.1900,0.0880,0.0000,0.0000,0,REST-S,6,3,3
581,5903,18:17:00,0,0.00,0,0.1900,0.0880,0.0000,0.0000,0,REST-S,6,3,3
581,5904,18:17:30,0,0.00,0,0.1900,0.0880,0.0000,0.0000,0,REST-S,6,3,3
581,5905,18:18:00,0,4.00,0,0.1900,0.0880,0.0000,0.0000,0,REST-S,6,3,3
581,5906,18:18:30,0,23.00,0,0.1900,0.0880,0.0000,0.0000,1,REST-S,6,3,3
581,5907,18:19:00,0,0.00,0,0.1900,0.0880,0.0000,0.0000,0,REST-S,6,3,3
581,5908,18:19:30,0,0.00,0,0.1900,0.0880,0.0000,0.0000,0,REST-S,6,3,3
581,5909,18:20:00,0,0.00,0,0.1900,0.0880,0.0000,0.0000,0,REST-S,6,3,3
581,5910,18:20:30,0,0.00,0,0.1900,0.0880,0.0000,0.0000,0,REST-S,6,3,3
581,5911,18:21:00,0,0.00,0,0.1900,0.0880,0.0000,0.0000,0,REST-S,6,3,3
581,5912,18:21:30,0,0.00,0,0.1900,0.0880,0.0000,0.0000,0,REST-S,6,3,3
581,5913,18:22:00,0,0.00,0,0.1900,0.0880,0.0000,0.0000,0,REST-S,6,3,3
581,5914,18:22:30,0,0.00,0,0.1900,0.0880,0.0000,0.0000,0,REST-S,6,3,3
581,5915,18:23:00,0,0.00,0,0.2200,0.0981,0.0000,0.0000,0,REST-S,6,3,3
581,5916,18:23:30,0,0.00,0,0.1900,0.0880,0.0000,0.0000,0,REST-S,6,3,3
581,5917,18:24:00,0,0.00,0,0.2200,0.0981,0.0000,0.0000,0,REST-S,6,3,3
581,5918,18:24:30,0,0.00,0,0.2200,0.0981,0.0000,0.0000,0,REST-S,6,3,3
581,5919,18:25:00,0,0.00,0,0.2200,0.0981,0.0000,0.0000,0,REST-S,6,3,3
581,5920,18:25:30,0,119.00,0,0.4100,0.0861,0.0251,0.0000,1,REST-S,6,3,3
581,5921,18:26:00,0,0.00,0,0.2200,0.0981,0.0000,0.0000,0,REST-S,6,3,3
581,5922,18:26:30,0,0.00,0,0.2200,0.0981,0.0000,0.0000,0,REST-S,6,3,3
581,5923,18:27:00,0,0.00,0,0.2200,0.0981,0.0000,0.0000,0,REST-S,6,3,3
581,5924,18:27:30,0,0.00,0,0.2300,0.0981,0.0000,0.0117,0,REST-S,6,3,3
581,5925,18:28:00,0,0.00,0,0.2200,0.0981,0.0000,0.0000,0,REST-S,6,3,3
581,5926,18:28:30,0,0.00,0,0.2200,0.0981,0.0000,0.0000,0,REST-S,6,3,3
581,5927,18:29:00,0,33.00,0,0.2200,0.0981,0.0000,0.0000,1,ACTIVE,6,3,3
581,5928,18:29:30,0,16.00,0,0.2200,0.0981,0.0000,0.0000,1,ACTIVE,6,3,3
581,5929,18:30:00,0,26.00,0,0.2200,0.0981,0.0000,0.0000,1,ACTIVE,6,3,3
581,5930,18:30:30,0,0.00,0,0.2200,0.0981,0.0000,0.0000,0,ACTIVE,6,3,3
581,5931,18:31:00,0,0.00,0,0.2300,0.0981,0.0000,0.0117,1,ACTIVE,6,3,3
581,5932,18:31:30,0,75.00,0,0.4100,0.0861,0.0251,0.0000,1,ACTIVE,6,3,3
581,5933,18:32:00,0,175.00,0,0.2200,0.0981,0.0000,0.0000,1,ACTIVE,6,3,3
581,5934,18:32:30,0,175.00,0,1.1800,0.2280,0.0756,0.0115,1,ACTIVE,6,3,3
581,5935,18:33:00,0,0.00,0,6.2500,0.9540,0.4670,0.0535,1,ACTIVE,6,3,3
581,5936,18:33:30,0,68.00,0,8.3500,1.2400,0.6320,0.0773,1,ACTIVE,6,3,3
581,5937,18:34:00,0,151.00,0,8.5600,1.4400,0.6050,0.0724,1,ACTIVE,6,3,3
581,5938,18:34:30,0,169.00,0,0.4700,0.2050,0.0000,0.0117,1,ACTIVE,6,3,3
581,5939,18:35:00,0,306.00,0,0.2600,0.1120,0.0000,0.0117,1,ACTIVE,6,3,3
581,5940,18:35:30,0,89.00,0,3.8100,0.9960,0.1760,0.0583,1,ACTIVE,6,3,3
581,5941,18:36:00,0,193.00,0,0.2200,0.0981,0.0000,0.0000,1,ACTIVE,6,3,3
581,5942,18:36:30,0,100.00,0,1.4000,0.3300,0.0756,0.0115,1,ACTIVE,6,3,3
581,5943,18:37:00,0,0.00,0,1.0700,0.3450,0.0347,0.0000,1,ACTIVE,6,3,3
581,5944,18:37:30,0,0.00,0,1.2200,0.4100,0.0347,0.0117,1,ACTIVE,6,3,3
581,5945,18:38:00,0,175.00,0,1.9800,0.5920,0.0756,0.0115,1,ACTIVE,6,3,3
581,5946,18:38:30,0,82.00,0,0.6900,0.1690,0.0347,0.0117,1,ACTIVE,6,3,3
581,5947,18:39:00,0,59.00,0,0.8000,0.2190,0.0347,0.0117,1,ACTIVE,6,3,3
581,5948,18:39:30,0,14.00,0,1.8600,0.4370,0.1000,0.0162,1,ACTIVE,6,3,3
581,5949,18:40:00,0,142.00,0,0.7500,0.1960,0.0347,0.0117,1,ACTIVE,6,3,3
581,5950,18:40:30,0,221.00,0,0.3100,0.1420,0.0000,0.0000,1,ACTIVE,6,3,3
581,5951,18:41:00,0,68.00,0,0.6500,0.1510,0.0347,0.0117,1,ACTIVE,6,3,3
581,5952,18:41:30,0,66.00,0,16.8700,6.0100,0.4010,0.0694,1,ACTIVE,6,3,3
581,5953,18:42:00,0,61.00,0,17.3200,4.9500,0.7200,0.0724,1,ACTIVE,6,3,3
581,5954,18:42:30,0,49.00,0,16.5300,3.8100,0.9130,0.0880,1,ACTIVE,6,3,3
581,5955,18:43:00,0,103.00,0,2.1000,0.6460,0.0756,0.0115,1,ACTIVE,6,3,3
581,5956,18:43:30,0,157.00,0,0.3200,0.1450,0.0000,0.0000,1,ACTIVE,6,3,3
581,5957,18:44:00,0,11.00,0,0.2500,0.1120,0.0000,0.0000,1,ACTIVE,6,3,3
581,5958,18:44:30,0,110.00,0,0.2500,0.1120,0.0000,0.0000,1,ACTIVE,6,3,3
581,5959,18:45:00,0,0.00,0,0.3100,0.1420,0.0000,0.0000,0,ACTIVE,6,3,3
581,5960,18:45:30,0,18.00,0,0.3500,0.1580,0.0000,0.0000,1,ACTIVE,6,3,3
581,5961,18:46:00,0,4.00,0,0.3800,0.1720,0.0000,0.0000,0,ACTIVE,6,3,3
581,5962,18:46:30,0,0.00,0,0.5400,0.1450,0.0251,0.0000,0,ACTIVE,6,3,3
581,5963,18:47:00,0,0.00,0,0.3600,0.1650,0.0000,0.0000,0,ACTIVE,6,3,3
581,5964,18:47:30,0,0.00,0,0.3600,0.1650,0.0000,0.0000,0,ACTIVE,6,3,3
581,5965,18:48:00,0,0.00,0,0.2900,0.1300,0.0000,0.0000,0,ACTIVE,6,3,3
581,5966,18:48:30,0,0.00,0,0.2700,0.1220,0.0000,0.0000,0,ACTIVE,6,3,3
581,5967,18:49:00,0,0.00,0,0.2900,0.1300,0.0000,0.0000,0,ACTIVE,6,3,3
581,5968,18:49:30,0,68.00,0,1.3700,0.4190,0.0501,0.0046,1,ACTIVE,6,3,3
581,5969,18:50:00,0,42.00,0,2.1700,0.6740,0.0756,0.0115,1,ACTIVE,6,3,3
581,5970,18:50:30,0,0.00,0,0.5500,0.1510,0.0251,0.0000,0,ACTIVE,6,3,3
581,5971,18:51:00,0,0.00,0,0.5700,0.1580,0.0251,0.0000,0,ACTIVE,6,3,3
581,5972,18:51:30,0,0.00,0,0.5500,0.1510,0.0251,0.0000,0,ACTIVE,6,3,3
581,5973,18:52:00,0,0.00,0,0.3600,0.1650,0.0000,0.0000,0,ACTIVE,6,3,3
581,5974,18:52:30,0,0.00,0,0.3200,0.1450,0.0000,0.0000,0,ACTIVE,6,3,3
581,5975,18:53:00,0,0.00,0,0.2400,0.1070,0.0000,0.0000,0,ACTIVE,6,3,3
581,5976,18:53:30,0,4.00,0,0.3600,0.1650,0.0000,0.0000,0,ACTIVE,6,3,3
581,5977,18:54:00,0,0.00,0,0.5900,0.1690,0.0251,0.0000,0,ACTIVE,6,3,3
581,5978,18:54:30,0,0.00,0,0.5900,0.1690,0.0251,0.0000,0,ACTIVE,6,3,3
581,5979,18:55:00,0,0.00,0,0.7100,0.1760,0.0347,0.0117,0,ACTIVE,6,3,3
581,5980,18:55:30,0,52.00,0,1.4400,0.3450,0.0756,0.0115,1,ACTIVE,6,3,3
581,5981,18:56:00,0,21.00,0,2.6900,0.4870,0.1760,0.0694,1,ACTIVE,6,3,3
581,5982,18:56:30,0,7.00,0,2.6900,0.4870,0.1760,0.0694,0,ACTIVE,6,3,3
581,5983,18:57:00,0,26.00,0,2.6700,0.4770,0.1760,0.0694,1,ACTIVE,6,3,3
581,5984,18:57:30,0,0.00,0,2.5700,0.4370,0.1760,0.0583,0,ACTIVE,6,3,3
581,5985,18:58:00,0,0.00,0,2.6100,0.4570,0.1760,0.0583,0,ACTIVE,6,3,3
581,5986,18:58:30,0,0.00,0,2.6100,0.4470,0.1760,0.0694,0,ACTIVE,6,3,3
581,5987,18:59:00,0,0.00,0,2.6700,0.4770,0.1760,0.0694,0,ACTIVE,6,3,3
581,5988,18:59:30,0,0.00,0,3.0300,0.4980,0.2090,0.0880,0,ACTIVE,6,3,3
581,5989,19:00:00,0,0.00,0,3.0100,0.4870,0.2090,0.0880,0,ACTIVE,6,3,3
581,5990,19:00:30,0,0.00,0,2.9200,0.4570,0.2090,0.0694,0,ACTIVE,6,3,3
581,5991,19:01:00,0,0.00,0,2.8800,0.4370,0.2090,0.0694,0,ACTIVE,6,3,3
581,5992,19:01:30,0,0.00,0,3.3100,0.4870,0.2440,0.0880,0,ACTIVE,6,3,3
581,5993,19:02:00,0,0.00,0,3.3200,0.4870,0.2440,0.1050,0,ACTIVE,6,3,3
581,5994,19:02:30,0,0.00,0,3.3200,0.4870,0.2440,0.1050,0,ACTIVE,6,3,3
581,5995,19:03:00,0,0.00,0,3.2800,0.4770,0.2440,0.0880,0,ACTIVE,6,3,3
581,5996,19:03:30,0,0.00,0,3.3000,0.4770,0.2440,0.1050,0,ACTIVE,6,3,3
581,5997,19:04:00,0,0.00,0,3.3100,0.4870,0.2440,0.0880,0,ACTIVE,6,3,3
581,5998,19:04:30,0,14.00,0,1.7600,0.3600,0.1050,0.0412,1,ACTIVE,6,3,3
581,5999,19:05:00,0,82.00,0,7.7100,1.8300,0.4010,0.1450,1,ACTIVE,6,3,3
581,6000,19:05:30,0,61.00,0,5.2200,1.3200,0.2600,0.0279,1,ACTIVE,6,3,3
581,6001,19:06:00,0,59.00,0,1.5900,0.5200,0.0501,0.0046,1,ACTIVE,6,3,3
581,6002,19:06:30,0,68.00,0,7.3600,2.4700,0.2090,0.0583,1,ACTIVE,6,3,3
581,6003,19:07:00,0,49.00,0,9.7300,2.1700,0.5550,0.0650,1,ACTIVE,6,3,3
581,6004,19:07:30,0,45.00,0,1.6400,0.5430,0.0501,0.0046,1,ACTIVE,6,3,3
581,6005,19:08:00,0,29.00,0,2.0800,0.6600,0.0694,0.0117,1,ACTIVE,6,3,3
581,6006,19:08:30,0,0.00,0,0.2700,0.1220,0.0000,0.0000,0,ACTIVE,6,3,3
581,6007,19:09:00,0,1.00,0,0.2700,0.1220,0.0000,0.0000,0,ACTIVE,6,3,3
581,6008,19:09:30,0,38.00,0,1.6000,0.4190,0.0756,0.0115,1,ACTIVE,6,3,3
581,6009,19:10:00,0,61.00,0,1.6000,0.4190,0.0756,0.0115,1,ACTIVE,6,3,3
581,6010,19:10:30,0,0.00,0,2.0100,0.4100,0.1240,0.0162,0,ACTIVE,6,3,3
581,6011,19:11:00,0,1.00,0,1.7800,0.4010,0.1000,0.0162,0,ACTIVE,6,3,3
581,6012,19:11:30,0,0.00,0,1.7800,0.4010,0.1000,0.0115,0,ACTIVE,6,3,3
581,6013,19:12:00,0,0.00,0,1.7600,0.3920,0.1000,0.0162,0,ACTIVE,6,3,3
581,6014,19:12:30,0,4.00,0,1.7600,0.3920,0.1000,0.0162,0,ACTIVE,6,3,3
581,6015,19:13:00,0,0.00,0,1.7400,0.3840,0.1000,0.0115,0,ACTIVE,6,3,3
581,6016,19:13:30,0,0.00,0,1.7600,0.3920,0.1000,0.0115,0,ACTIVE,6,3,3
581,6017,19:14:00,0,0.00,0,1.7400,0.3840,0.1000,0.0115,0,ACTIVE,6,3,3
581,6018,19:14:30,0,0.00,0,1.7400,0.3840,0.1000,0.0115,0,ACTIVE,6,3,3
581,6019,19:15:00,0,1.00,0,1.7400,0.3840,0.1000,0.0115,0,ACTIVE,6,3,3
581,6020,19:15:30,0,0.00,0,2.0100,0.4100,0.1240,0.0162,0,ACTIVE,6,3,3
581,6021,19:16:00,0,0.00,0,1.7600,0.3920,0.1000,0.0162,0,ACTIVE,6,3,3
581,6022,19:16:30,0,0.00,0,1.6900,0.3600,0.1000,0.0115,0,ACTIVE,6,3,3
581,6023,19:17:00,0,0.00,0,1.6900,0.3600,0.1000,0.0115,0,ACTIVE,6,3,3
581,6024,19:17:30,0,0.00,0,1.7200,0.3760,0.1000,0.0115,0,ACTIVE,6,3,3
581,6025,19:18:00,0,0.00,0,1.6900,0.3600,0.1000,0.0115,0,ACTIVE,6,3,3
581,6026,19:18:30,0,23.00,0,1.0200,0.2600,0.0501,0.0046,1,ACTIVE,6,3,3
581,6027,19:19:00,0,68.00,0,6.8000,1.5400,0.3840,0.0347,1,ACTIVE,6,3,3
581,6028,19:19:30,0,42.00,0,3.6200,1.2100,0.1050,0.0292,1,ACTIVE,6,3,3
581,6029,19:20:00,0,0.00,0,0.2900,0.1300,0.0000,0.0000,0,ACTIVE,6,3,3
581,6030,19:20:30,0,0.00,0,0.2400,0.1070,0.0000,0.0000,0,ACTIVE,6,3,3
581,6031,19:21:00,0,0.00,0,0.2200,0.0981,0.0000,0.0000,0,ACTIVE,6,3,3
581,6032,19:21:30,0,0.00,0,0.2200,0.0981,0.0000,0.0000,0,ACTIVE,6,3,3
581,6033,19:22:00,0,7.00,0,0.2400,0.1070,0.0000,0.0000,0,ACTIVE,6,3,3
581,6034,19:22:30,0,0.00,0,0.2200,0.0981,0.0000,0.0000,0,ACTIVE,6,3,3
581,6035,19:23:00,0,1.00,0,0.2200,0.0981,0.0000,0.0000,0,ACTIVE,6,3,3
581,6036,19:23:30,0,0.00,0,0.2200,0.0981,0.0000,0.0000,0,ACTIVE,6,3,3
581,6037,19:24:00,0,0.00,0,0.2200,0.0981,0.0000,0.0000,0,ACTIVE,6,3,3
581,6038,19:24:30,0,0.00,0,0.2200,0.0981,0.0000,0.0000,0,ACTIVE,6,3,3
581,6039,19:25:00,0,0.00,0,0.2200,0.0981,0.0000,0.0000,0,ACTIVE,6,3,3
581,6040,19:25:30,0,0.00,0,0.2700,0.1220,0.0000,0.0000,0,ACTIVE,6,3,3
581,6041,19:26:00,0,0.00,0,0.3500,0.1580,0.0000,0.0000,0,ACTIVE,6,3,3
581,6042,19:26:30,0,0.00,0,0.2500,0.1120,0.0000,0.0000,0,ACTIVE,6,3,3
581,6043,19:27:00,0,0.00,0,0.2200,0.0981,0.0000,0.0000,0,ACTIVE,6,3,3
581,6044,19:27:30,0,0.00,0,0.2200,0.0981,0.0000,0.0000,0,ACTIVE,6,3,3
581,6045,19:28:00,0,0.00,0,0.2200,0.0981,0.0000,0.0000,0,ACTIVE,6,3,3
581,6046,19:28:30,0,0.00,0,0.2400,0.1070,0.0000,0.0000,0,ACTIVE,6,3,3
581,6047,19:29:00,0,0.00,0,0.2900,0.1300,0.0000,0.0000,0,ACTIVE,6,3,3
581,6048,19:29:30,0,0.00,0,0.3500,0.1580,0.0000,0.0000,0,ACTIVE,6,3,3
581,6049,19:30:00,0,0.00,0,0.3800,0.1720,0.0000,0.0000,0,ACTIVE,6,3,3
581,6050,19:30:30,0,0.00,0,0.5700,0.1580,0.0251,0.0000,0,ACTIVE,6,3,3
581,6051,19:31:00,0,0.00,0,0.3600,0.1650,0.0000,0.0000,0,ACTIVE,6,3,3
581,6052,19:31:30,0,93.00,0,4.3500,1.2600,0.1760,0.0162,1,ACTIVE,6,3,3
581,6053,19:32:00,0,100.00,0,5.2300,1.3200,0.2600,0.0347,1,ACTIVE,6,3,3
581,6054,19:32:30,0,0.00,0,0.7000,0.2190,0.0251,0.0000,1,ACTIVE,6,3,3
581,6055,19:33:00,0,0.00,0,0.4400,0.2000,0.0000,0.0000,1,ACTIVE,6,3,3
581,6056,19:33:30,0,0.00,0,0.5300,0.2330,0.0000,0.0117,0,ACTIVE,6,3,3
581,6057,19:34:00,0,103.00,0,4.5700,1.5000,0.1390,0.0292,1,ACTIVE,6,3,3
581,6058,19:34:30,0,20.00,0,1.0200,0.3230,0.0347,0.0000,1,ACTIVE,6,3,3
581,6059,19:35:00,0,96.00,0,8.9400,2.1700,0.4670,0.0460,1,ACTIVE,6,3,3
581,6060,19:35:30,0,0.00,0,0.5300,0.2380,0.0000,0.0000,0,ACTIVE,6,3,3
581,6061,19:36:00,0,4.00,0,0.5300,0.2380,0.0000,0.0000,0,ACTIVE,6,3,3
581,6062,19:36:30,0,0.00,0,0.7000,0.2190,0.0251,0.0000,0,ACTIVE,6,3,3
581,6063,19:37:00,0,0.00,0,0.7200,0.2280,0.0251,0.0000,0,ACTIVE,6,3,3
581,6064,19:37:30,0,0.00,0,0.7200,0.2280,0.0251,0.0000,0,ACTIVE,6,3,3
581,6065,19:38:00,0,0.00,0,0.7000,0.2190,0.0251,0.0000,0,ACTIVE,6,3,3
581,6066,19:38:30,0,0.00,0,0.7000,0.2190,0.0251,0.0000,0,ACTIVE,6,3,3
581,6067,19:39:00,0,0.00,0,0.7200,0.2280,0.0251,0.0000,0,ACTIVE,6,3,3
581,6068,19:39:30,0,0.00,0,0.7500,0.2380,0.0251,0.0000,0,ACTIVE,6,3,3
581,6069,19:40:00,0,0.00,0,0.7200,0.2280,0.0251,0.0000,0,ACTIVE,6,3,3
581,6070,19:40:30,0,45.00,0,6.5300,1.5000,0.3600,0.0535,1,ACTIVE,6,3,3
581,6071,19:41:00,0,38.00,0,0.8900,0.2600,0.0347,0.0117,1,ACTIVE,6,3,3
581,6072,19:41:30,0,110.00,0,5.2900,1.6700,0.1760,0.0412,1,ACTIVE,6,3,3
581,6073,19:42:00,0,0.00,0,0.5400,0.2380,0.0000,0.0117,0,ACTIVE,6,3,3
581,6074,19:42:30,0,0.00,0,0.7000,0.2190,0.0251,0.0000,0,ACTIVE,6,3,3
581,6075,19:43:00,0,2.00,0,0.7200,0.2280,0.0251,0.0000,0,ACTIVE,6,3,3
581,6076,19:43:30,0,0.00,0,0.8200,0.2280,0.0347,0.0117,0,ACTIVE,6,3,3
581,6077,19:44:00,0,0.00,0,0.8200,0.2280,0.0347,0.0117,0,ACTIVE,6,3,3
581,6078,19:44:30,0,0.00,0,0.8400,0.2380,0.0347,0.0117,0,ACTIVE,6,3,3
581,6079,19:45:00,0,0.00,0,0.7500,0.2380,0.0251,0.0000,0,ACTIVE,6,3,3
581,6080,19:45:30,0,0.00,0,0.7200,0.2280,0.0251,0.0000,0,ACTIVE,6,3,3
581,6081,19:46:00,0,0.00,0,0.7500,0.2380,0.0251,0.0000,0,ACTIVE,6,3,3
581,6082,19:46:30,0,0.00,0,0.7200,0.2280,0.0251,0.0000,0,ACTIVE,6,3,3
581,6083,19:47:00,0,0.00,0,0.7200,0.2280,0.0251,0.0000,0,ACTIVE,6,3,3
581,6084,19:47:30,0,0.00,0,0.8200,0.2280,0.0347,0.0117,0,ACTIVE,6,3,3
581,6085,19:48:00,0,1.00,0,0.7200,0.2280,0.0251,0.0000,0,ACTIVE,6,3,3
581,6086,19:48:30,0,0.00,0,0.7600,0.2440,0.0251,0.0000,1,ACTIVE,6,3,3
581,6087,19:49:00,0,110.00,0,4.5100,1.2400,0.2000,0.0230,1,ACTIVE,6,3,3
581,6088,19:49:30,0,151.00,0,0.4900,0.2230,0.0000,0.0000,1,ACTIVE,6,3,3
581,6089,19:50:00,0,0.00,0,0.1900,0.0880,0.0000,0.0000,1,ACTIVE,6,3,3
581,6090,19:50:30,0,33.00,0,0.1900,0.0880,0.0000,0.0000,1,ACTIVE,6,3,3
581,6091,19:51:00,0,0.00,0,0.1900,0.0880,0.0000,0.0000,0,ACTIVE,6,3,3
581,6092,19:51:30,0,0.00,0,0.1900,0.0880,0.0000,0.0000,0,ACTIVE,6,3,3
581,6093,19:52:00,0,1.00,0,0.1900,0.0880,0.0000,0.0000,0,ACTIVE,6,3,3
581,6094,19:52:30,0,0.00,0,0.1900,0.0880,0.0000,0.0000,0,ACTIVE,6,3,3
581,6095,19:53:00,0,16.00,0,0.1900,0.0880,0.0000,0.0000,0,ACTIVE,6,3,3
581,6096,19:53:30,0,1.00,0,0.1900,0.0880,0.0000,0.0000,0,ACTIVE,6,3,3
581,6097,19:54:00,0,0.00,0,0.1900,0.0880,0.0000,0.0000,0,ACTIVE,6,3,3
581,6098,19:54:30,0,0.00,0,0.1900,0.0880,0.0000,0.0000,0,ACTIVE,6,3,3
581,6099,19:55:00,0,0.00,0,0.1900,0.0880,0.0000,0.0000,0,ACTIVE,6,3,3
581,6100,19:55:30,0,0.00,0,0.1900,0.0880,0.0000,0.0000,0,ACTIVE,6,3,3
581,6101,19:56:00,0,0.00,0,0.2200,0.0981,0.0000,0.0000,0,ACTIVE,6,3,3
581,6102,19:56:30,0,0.00,0,0.2200,0.0981,0.0000,0.0000,0,ACTIVE,6,3,3
581,6103,19:57:00,0,0.00,0,0.2200,0.0981,0.0000,0.0000,0,ACTIVE,6,3,3
581,6104,19:57:30,0,0.00,0,0.2200,0.0981,0.0000,0.0000,0,ACTIVE,6,3,3
581,6105,19:58:00,0,4.00,0,0.1900,0.0880,0.0000,0.0000,0,ACTIVE,6,3,3
581,6106,19:58:30,0,0.00,0,0.2200,0.0981,0.0000,0.0000,0,ACTIVE,6,3,3
581,6107,19:59:00,0,0.00,0,0.2200,0.0981,0.0000,0.0000,0,ACTIVE,6,3,3
581,6108,19:59:30,0,0.00,0,0.2200,0.0981,0.0000,0.0000,0,ACTIVE,6,3,3
581,6109,20:00:00,0,0.00,0,0.2200,0.0981,0.0000,0.0000,0,ACTIVE,6,3,3
581,6110,20:00:30,0,0.00,0,0.2200,0.0981,0.0000,0.0000,0,ACTIVE,6,3,3
581,6111,20:01:00,0,1.00,0,0.2200,0.0981,0.0000,0.0000,0,ACTIVE,6,3,3
581,6112,20:01:30,0,18.00,0,0.3800,0.1720,0.0000,0.0000,1,ACTIVE,6,3,3
581,6113,20:02:00,0,6.00,0,0.5500,0.1510,0.0251,0.0000,0,ACTIVE,6,3,3
581,6114,20:02:30,0,23.00,0,0.5700,0.1580,0.0251,0.0000,1,ACTIVE,6,3,3
581,6115,20:03:00,0,7.00,0,0.5900,0.1690,0.0251,0.0000,0,ACTIVE,6,3,3
581,6116,20:03:30,0,75.00,0,2.8100,0.4100,0.2090,0.0694,1,ACTIVE,6,3,3
581,6117,20:04:00,0,0.00,0,6.9700,0.9130,0.5430,0.1800,0,ACTIVE,6,3,3
581,6118,20:04:30,0,1.00,0,5.9100,0.8750,0.4370,0.1330,0,ACTIVE,6,3,3
581,6119,20:05:00,0,1.00,0,3.6000,0.8200,0.2000,0.0279,0,ACTIVE,6,3,3
581,6120,20:05:30,0,0.00,0,3.8000,0.8200,0.2230,0.0279,0,ACTIVE,6,3,3
581,6121,20:06:00,0,0.00,0,5.2300,0.8560,0.3680,0.1050,0,ACTIVE,6,3,3
581,6122,20:06:30,0,0.00,0,2.8700,0.6890,0.1510,0.0162,0,ACTIVE,6,3,3
581,6123,20:07:00,0,45.00,0,0.2500,0.1120,0.0000,0.0000,1,ACTIVE,6,3,3
581,6124,20:07:30,0,5.00,0,0.1900,0.0880,0.0000,0.0000,0,ACTIVE,6,3,3
581,6125,20:08:00,0,0.00,0,0.2100,0.0880,0.0000,0.0117,0,ACTIVE,6,3,3
581,6126,20:08:30,0,0.00,0,0.1900,0.0880,0.0000,0.0000,0,ACTIVE,6,3,3
581,6127,20:09:00,0,1.00,0,0.1900,0.0880,0.0000,0.0000,0,ACTIVE,6,3,3
581,6128,20:09:30,0,5.00,0,0.4200,0.1920,0.0000,0.0000,1,ACTIVE,6,3,3
581,6129,20:10:00,0,13.00,0,0.3600,0.1650,0.0000,0.0000,1,ACTIVE,6,3,3
581,6130,20:10:30,0,151.00,0,11.0200,3.5000,0.3680,0.0583,1,ACTIVE,6,3,3
581,6131,20:11:00,0,12.00,0,1.1500,0.3760,0.0347,0.0117,1,ACTIVE,6,3,3
581,6132,20:11:30,0,52.00,0,0.4100,0.1720,0.0000,0.0292,1,ACTIVE,6,3,3
581,6133,20:12:00,0,1.00,0,0.2200,0.0981,0.0000,0.0000,0,ACTIVE,6,3,3
581,6134,20:12:30,0,0.00,0,0.2200,0.0981,0.0000,0.0000,0,ACTIVE,6,3,3
581,6135,20:13:00,0,0.00,0,0.6700,0.1580,0.0347,0.0117,0,ACTIVE,6,3,3
581,6136,20:13:30,0,0.00,0,1.1400,0.2280,0.0694,0.0292,0,ACTIVE,6,3,3
581,6137,20:14:00,0,36.00,0,1.1400,0.2280,0.0694,0.0292,1,ACTIVE,6,3,3
581,6138,20:14:30,0,0.00,0,1.1800,0.2280,0.0756,0.0115,0,ACTIVE,6,3,3
581,6139,20:15:00,0,0.00,0,0.5700,0.1140,0.0347,0.0117,0,ACTIVE,6,3,3
581,6140,20:15:30,0,0.00,0,0.2500,0.1120,0.0000,0.0000,0,ACTIVE,6,3,3
581,6141,20:16:00,0,9.00,0,0.6900,0.1690,0.0347,0.0117,0,ACTIVE,6,3,3
581,6142,20:16:30,0,42.00,0,0.7100,0.1760,0.0347,0.0117,1,ACTIVE,6,3,3
581,6143,20:17:00,0,22.00,0,0.2400,0.1070,0.0000,0.0000,1,ACTIVE,6,3,3
581,6144,20:17:30,0,35.00,0,0.3100,0.1420,0.0000,0.0000,1,ACTIVE,6,3,3
581,6145,20:18:00,0,107.00,0,6.7800,1.9100,0.2900,0.0279,1,ACTIVE,6,3,3
581,6146,20:18:30,0,0.00,0,0.1900,0.0880,0.0000,0.0000,0,ACTIVE,6,3,3
581,6147,20:19:00,0,0.00,0,0.1900,0.0880,0.0000,0.0000,0,ACTIVE,6,3,3
581,6148,20:19:30,0,0.00,0,0.1900,0.0880,0.0000,0.0000,0,ACTIVE,6,3,3
581,6149,20:20:00,0,0.00,0,0.1900,0.0880,0.0000,0.0000,0,ACTIVE,6,3,3
581,6150,20:20:30,0,0.00,0,0.1900,0.0880,0.0000,0.0000,0,ACTIVE,6,3,3
581,6151,20:21:00,0,0.00,0,0.1900,0.0880,0.0000,0.0000,0,ACTIVE,6,3,3
581,6152,20:21:30,0,0.00,0,0.2200,0.0981,0.0000,0.0000,0,ACTIVE,6,3,3
581,6153,20:22:00,0,0.00,0,0.2200,0.0981,0.0000,0.0000,0,ACTIVE,6,3,3
581,6154,20:22:30,0,0.00,0,0.1900,0.0880,0.0000,0.0000,0,ACTIVE,6,3,3
581,6155,20:23:00,0,6.00,0,0.2200,0.0981,0.0000,0.0000,1,ACTIVE,6,3,3
581,6156,20:23:30,0,169.00,0,3.1500,0.6180,0.2000,0.0230,1,ACTIVE,6,3,3
581,6157,20:24:00,0,0.00,0,8.0500,1.2100,0.6050,0.0650,1,ACTIVE,6,3,3
581,6158,20:24:30,0,93.00,0,3.4100,0.6460,0.2230,0.0230,1,ACTIVE,6,3,3
581,6159,20:25:00,0,96.00,0,0.8000,0.2190,0.0347,0.0117,1,ACTIVE,6,3,3
581,6160,20:25:30,0,200.00,0,11.3900,2.9400,0.5550,0.0279,1,ACTIVE,6,3,3
581,6161,20:26:00,0,128.00,0,2.4700,0.6180,0.1240,0.0162,1,ACTIVE,6,3,3
581,6162,20:26:30,0,142.00,0,3.0000,0.6320,0.1760,0.0583,1,ACTIVE,6,3,3
581,6163,20:27:00,0,133.00,0,13.0000,2.5800,0.8200,0.1070,1,ACTIVE,6,3,3
581,6164,20:27:30,0,0.00,0,0.1900,0.0880,0.0000,0.0000,1,ACTIVE,6,3,3
581,6165,20:28:00,0,0.00,0,0.1900,0.0880,0.0000,0.0000,1,ACTIVE,6,3,3
581,6166,20:28:30,0,47.00,0,0.2900,0.1300,0.0000,0.0000,1,ACTIVE,6,3,3
581,6167,20:29:00,0,142.00,0,8.2300,2.3700,0.3370,0.0347,1,ACTIVE,6,3,3
581,6168,20:29:30,0,45.00,0,5.8200,1.9100,0.1760,0.0583,1,ACTIVE,6,3,3
581,6169,20:30:00,0,123.00,0,7.4000,1.9900,0.3370,0.0412,1,ACTIVE,6,3,3
581,6170,20:30:30,0,137.00,0,8.3300,2.2200,0.3840,0.0535,1,ACTIVE,6,3,3
581,6171,20:31:00,0,66.00,0,4.7900,1.6000,0.1390,0.0292,1,ACTIVE,6,3,3
581,6172,20:31:30,0,56.00,0,2.9900,0.4870,0.2090,0.0694,1,ACTIVE,6,3,3
581,6173,20:32:00,0,169.00,0,11.1100,2.4700,0.6180,0.2090,1,ACTIVE,6,3,3
581,6174,20:32:30,0,68.00,0,29.6400,5.7600,1.8700,0.5200,1,ACTIVE,6,3,3
581,6175,20:33:00,0,252.00,0,5.5700,1.4700,0.2600,0.0347,1,ACTIVE,6,3,3
581,6176,20:33:30,0,252.00,0,13.0200,3.3500,0.6320,0.0773,1,ACTIVE,6,3,3
581,6177,20:34:00,0,221.00,0,11.0900,3.1400,0.4670,0.0571,1,ACTIVE,6,3,3
581,6178,20:34:30,0,147.00,0,5.9800,1.5400,0.2900,0.0412,1,ACTIVE,6,3,3
581,6179,20:35:00,0,73.00,0,10.1100,2.7000,0.4670,0.0571,1,ACTIVE,6,3,3
581,6180,20:35:30,0,89.00,0,1.6400,0.4370,0.0756,0.0115,1,ACTIVE,6,3,3
581,6181,20:36:00,0,82.00,0,6.3000,1.9500,0.2230,0.0279,1,ACTIVE,6,3,3
581,6182,20:36:30,0,137.00,0,6.0000,1.9100,0.2000,0.0230,1,ACTIVE,6,3,3
581,6183,20:37:00,0,49.00,0,22.2300,4.4400,1.4100,0.0773,1,ACTIVE,6,3,3
581,6184,20:37:30,0,15.00,0,18.4900,4.9500,0.8560,0.0535,1,ACTIVE,6,3,3
581,6185,20:38:00,0,114.00,0,2.0900,0.6460,0.0756,0.0046,1,ACTIVE,6,3,3
581,6186,20:38:30,0,128.00,0,6.7900,1.9100,0.2900,0.0347,1,ACTIVE,6,3,3
581,6187,20:39:00,0,137.00,0,6.3000,1.9500,0.2230,0.0279,1,ACTIVE,6,3,3
581,6188,20:39:30,0,193.00,0,6.1800,1.7500,0.2600,0.0347,1,ACTIVE,6,3,3
581,6189,20:40:00,0,66.00,0,2.7700,0.7510,0.1240,0.0162,1,ACTIVE,6,3,3
581,6190,20:40:30,0,157.00,0,25.8200,8.6900,0.7350,0.1650,1,ACTIVE,6,3,3
581,6191,20:41:00,0,147.00,0,6.5800,2.1300,0.2090,0.0412,1,ACTIVE,6,3,3
581,6192,20:41:30,0,163.00,0,6.4400,1.8700,0.2600,0.0347,1,ACTIVE,6,3,3
581,6193,20:42:00,0,33.00,0,8.9700,2.7000,0.3370,0.0460,1,ACTIVE,6,3,3
581,6194,20:42:30,0,137.00,0,6.6100,1.8300,0.2900,0.0347,1,ACTIVE,6,3,3
581,6195,20:43:00,0,169.00,0,2.9900,0.9330,0.1050,0.0117,1,ACTIVE,6,3,3
581,6196,20:43:30,0,604.00,0,1.0900,0.3520,0.0347,0.0117,1,ACTIVE,6,3,3
581,6197,20:44:00,0,261.00,0,3.9600,1.2900,0.1240,0.0162,1,ACTIVE,6,3,3
581,6198,20:44:30,0,214.00,0,6.3800,2.0800,0.2000,0.0230,1,ACTIVE,6,3,3
581,6199,20:45:00,0,221.00,0,5.9400,1.7900,0.2230,0.0279,1,ACTIVE,6,3,3
581,6200,20:45:30,0,100.00,0,4.8700,1.6400,0.1390,0.0292,1,ACTIVE,6,3,3
581,6201,20:46:00,0,100.00,0,3.5400,0.8940,0.1760,0.0230,1,ACTIVE,6,3,3
581,6202,20:46:30,0,93.00,0,4.7800,1.2600,0.2230,0.0279,1,ACTIVE,6,3,3
581,6203,20:47:00,0,82.00,0,5.9300,1.6400,0.2600,0.0279,1,ACTIVE,6,3,3
581,6204,20:47:30,0,261.00,0,2.3800,0.6740,0.1000,0.0115,1,ACTIVE,6,3,3
581,6205,20:48:00,0,157.00,0,4.3000,1.2400,0.1760,0.0230,1,ACTIVE,6,3,3
581,6206,20:48:30,0,288.00,0,4.4600,1.2100,0.2000,0.0230,1,ACTIVE,6,3,3
581,6207,20:49:00,0,338.00,0,2.0300,0.6180,0.0756,0.0046,1,ACTIVE,6,3,3
581,6208,20:49:30,0,0.00,0,0.3800,0.1720,0.0000,0.0000,1,ACTIVE,6,3,3
581,6209,20:50:00,0,45.00,0,2.2500,0.2900,0.1760,0.0583,1,ACTIVE,6,3,3
581,6210,20:50:30,0,0.00,0,0.4000,0.1800,0.0000,0.0000,1,ACTIVE,6,3,3
581,6211,20:51:00,0,0.00,0,0.4000,0.1800,0.0000,0.0000,1,ACTIVE,6,3,3
581,6212,20:51:30,0,0.00,0,0.4000,0.1800,0.0000,0.0000,1,ACTIVE,6,3,3
581,6213,20:52:00,0,110.00,0,2.2600,0.6180,0.1000,0.0115,1,ACTIVE,6,3,3
581,6214,20:52:30,0,128.00,0,2.2900,0.3030,0.1760,0.0694,1,ACTIVE,6,3,3
581,6215,20:53:00,0,151.00,0,8.4000,1.4100,0.5790,0.1920,1,ACTIVE,6,3,3
581,6216,20:53:30,0,32.00,0,4.0900,0.9540,0.2230,0.0230,1,ACTIVE,6,3,3
581,6217,20:54:00,0,19.00,0,0.4400,0.2000,0.0000,0.0000,1,ACTIVE,6,3,3
581,6218,20:54:30,0,0.00,0,0.4200,0.1920,0.0000,0.0000,0,ACTIVE,6,3,3
581,6219,20:55:00,0,0.00,0,0.4000,0.1800,0.0000,0.0000,0,ACTIVE,6,3,3
581,6220,20:55:30,0,0.00,0,0.3800,0.1720,0.0000,0.0000,0,ACTIVE,6,3,3
581,6221,20:56:00,0,0.00,0,0.3600,0.1650,0.0000,0.0000,0,ACTIVE,6,3,3
581,6222,20:56:30,0,0.00,0,0.3600,0.1650,0.0000,0.0000,0,ACTIVE,6,3,3
581,6223,20:57:00,0,28.00,0,0.3800,0.1720,0.0000,0.0000,1,ACTIVE,6,3,3
581,6224,20:57:30,0,0.00,0,0.4000,0.1800,0.0000,0.0000,0,ACTIVE,6,3,3
581,6225,20:58:00,0,0.00,0,0.4000,0.1800,0.0000,0.0000,0,ACTIVE,6,3,3
581,6226,20:58:30,0,0.00,0,0.4000,0.1800,0.0000,0.0000,0,ACTIVE,6,3,3
581,6227,20:59:00,0,0.00,0,0.4000,0.1800,0.0000,0.0000,0,ACTIVE,6,3,3
581,6228,20:59:30,0,2.00,0,0.4400,0.2000,0.0000,0.0000,0,ACTIVE,6,3,3
581,6229,21:00:00,0,63.00,0,0.4000,0.1800,0.0000,0.0000,1,ACTIVE,6,3,3
581,6230,21:00:30,0,4.00,0,0.3100,0.1420,0.0000,0.0000,1,ACTIVE,6,3,3
581,6231,21:01:00,0,0.00,0,0.3100,0.1420,0.0000,0.0000,1,ACTIVE,6,3,3
581,6232,21:01:30,0,86.00,0,0.4000,0.1800,0.0000,0.0000,1,ACTIVE,6,3,3
581,6233,21:02:00,0,114.00,0,6.1100,1.6000,0.2900,0.0279,1,ACTIVE,6,3,3
581,6234,21:02:30,0,103.00,0,27.3800,9.2700,0.7680,0.1450,1,ACTIVE,6,3,3
581,6235,21:03:00,0,147.00,0,1.1200,0.3680,0.0347,0.0000,1,ACTIVE,6,3,3
581,6236,21:03:30,0,0.00,0,0.4700,0.2140,0.0000,0.0000,1,ACTIVE,6,3,3
581,6237,21:04:00,0,175.00,0,9.1400,3.4200,0.1760,0.0292,1,ACTIVE,6,3,3
581,6238,21:04:30,0,157.00,0,2.7800,0.8560,0.1000,0.0115,1,ACTIVE,6,3,3
581,6239,21:05:00,0,11.00,0,2.0100,0.6050,0.0756,0.0115,1,ACTIVE,6,3,3
581,6240,21:05:30,0,11.00,0,1.9000,0.5550,0.0756,0.0115,1,ACTIVE,6,3,3
581,6241,21:06:00,0,0.00,0,2.8800,0.8020,0.1240,0.0162,0,ACTIVE,6,3,3
581,6242,21:06:30,0,1.00,0,2.4800,0.7200,0.1000,0.0115,0,ACTIVE,6,3,3
581,6243,21:07:00,0,6.00,0,2.0100,0.6050,0.0756,0.0115,0,ACTIVE,6,3,3
581,6244,21:07:30,0,20.00,0,2.6600,0.7040,0.1240,0.0162,1,ACTIVE,6,3,3
581,6245,21:08:00,0,5.00,0,2.7700,0.7510,0.1240,0.0162,0,ACTIVE,6,3,3
581,6246,21:08:30,0,0.00,0,2.0700,0.6320,0.0756,0.0115,0,ACTIVE,6,3,3
581,6247,21:09:00,0,28.00,0,2.3200,0.6460,0.1000,0.0115,1,ACTIVE,6,3,3
581,6248,21:09:30,0,0.00,0,1.8200,0.5200,0.0756,0.0115,0,ACTIVE,6,3,3
581,6249,21:10:00,0,0.00,0,1.8200,0.5200,0.0756,0.0115,0,ACTIVE,6,3,3
581,6250,21:10:30,0,0.00,0,1.7800,0.4980,0.0756,0.0115,0,ACTIVE,6,3,3
581,6251,21:11:00,0,35.00,0,2.1000,0.5430,0.1000,0.0162,1,ACTIVE,6,3,3
581,6252,21:11:30,0,16.00,0,19.1700,2.3700,1.5400,0.4470,0,ACTIVE,6,3,3
581,6253,21:12:00,0,0.00,0,2.5300,0.6460,0.1240,0.0115,0,ACTIVE,6,3,3
581,6254,21:12:30,0,0.00,0,2.5400,0.6460,0.1240,0.0162,0,ACTIVE,6,3,3
581,6255,21:13:00,0,0.00,0,2.5400,0.6460,0.1240,0.0162,0,ACTIVE,6,3,3
581,6256,21:13:30,0,11.00,0,2.5400,0.6460,0.1240,0.0162,0,ACTIVE,6,3,3
581,6257,21:14:00,0,0.00,0,2.1400,0.5670,0.1000,0.0115,0,ACTIVE,6,3,3
581,6258,21:14:30,0,13.00,0,2.2600,0.6180,0.1000,0.0115,0,ACTIVE,6,3,3
581,6259,21:15:00,0,47.00,0,1.0200,0.3230,0.0347,0.0000,1,ACTIVE,6,3,3
581,6260,21:15:30,0,0.00,0,0.6800,0.2090,0.0251,0.0000,0,ACTIVE,6,3,3
581,6261,21:16:00,0,12.00,0,0.6800,0.2090,0.0251,0.0000,0,ACTIVE,6,3,3
581,6262,21:16:30,0,0.00,0,0.6800,0.2090,0.0251,0.0000,0,ACTIVE,6,3,3
581,6263,21:17:00,0,4.00,0,0.7800,0.2090,0.0347,0.0117,0,ACTIVE,6,3,3
581,6264,21:17:30,0,0.00,0,0.7800,0.2090,0.0347,0.0117,0,ACTIVE,6,3,3
581,6265,21:18:00,0,7.00,0,0.6800,0.2090,0.0251,0.0000,0,ACTIVE,6,3,3
581,6266,21:18:30,0,54.00,0,0.6800,0.2090,0.0251,0.0000,1,ACTIVE,6,3,3
581,6267,21:19:00,0,9.00,0,1.2200,0.3520,0.0501,0.0046,0,ACTIVE,6,3,3
581,6268,21:19:30,0,9.00,0,1.6300,0.4370,0.0756,0.0046,1,ACTIVE,6,3,3
581,6269,21:20:00,0,26.00,0,1.1400,0.3160,0.0501,0.0000,1,ACTIVE,6,3,3
581,6270,21:20:30,0,21.00,0,0.8200,0.2280,0.0347,0.0117,1,ACTIVE,6,3,3
581,6271,21:21:00,0,20.00,0,3.7200,0.6740,0.2440,0.0880,1,ACTIVE,6,3,3
581,6272,21:21:30,0,59.00,0,1.8600,0.4370,0.1000,0.0162,1,ACTIVE,6,3,3
581,6273,21:22:00,0,0.00,0,0.7600,0.2440,0.0251,0.0000,0,ACTIVE,6,3,3
581,6274,21:22:30,0,38.00,0,0.7500,0.2380,0.0251,0.0000,1,ACTIVE,6,3,3
581,6275,21:23:00,0,0.00,0,0.8600,0.2440,0.0347,0.0117,0,ACTIVE,6,3,3
581,6276,21:23:30,0,19.00,0,0.7500,0.2380,0.0251,0.0000,1,ACTIVE,6,3,3
581,6277,21:24:00,0,19.00,0,1.8200,0.5200,0.0756,0.0115,1,ACTIVE,6,3,3
581,6278,21:24:30,0,18.00,0,1.2900,0.3840,0.0501,0.0046,1,ACTIVE,6,3,3
581,6279,21:25:00,0,13.00,0,0.8000,0.2190,0.0347,0.0117,0,ACTIVE,6,3,3
581,6280,21:25:30,0,4.00,0,0.8200,0.2280,0.0347,0.0117,0,ACTIVE,6,3,3
581,6281,21:26:00,0,20.00,0,0.8000,0.2190,0.0347,0.0117,1,ACTIVE,6,3,3
581,6282,21:26:30,0,0.00,0,0.7600,0.2440,0.0251,0.0000,0,ACTIVE,6,3,3
581,6283,21:27:00,0,0.00,0,0.8600,0.2440,0.0347,0.0117,0,ACTIVE,6,3,3
581,6284,21:27:30,0,0.00,0,0.8600,0.2440,0.0347,0.0117,0,ACTIVE,6,3,3
581,6285,21:28:00,0,0.00,0,0.8600,0.2440,0.0347,0.0117,0,ACTIVE,6,3,3
581,6286,21:28:30,0,0.00,0,0.7500,0.2380,0.0251,0.0000,0,ACTIVE,6,3,3
581,6287,21:29:00,0,0.00,0,0.8600,0.2440,0.0347,0.0117,0,ACTIVE,6,3,3
581,6288,21:29:30,0,0.00,0,0.7500,0.2380,0.0251,0.0000,0,ACTIVE,6,3,3
581,6289,21:30:00,0,0.00,0,0.7600,0.2440,0.0251,0.0000,0,ACTIVE,6,3,3
581,6290,21:30:30,0,2.00,0,0.8600,0.2440,0.0347,0.0117,1,ACTIVE,6,3,3
581,6291,21:31:00,0,7.00,0,0.8900,0.2600,0.0347,0.0117,1,ACTIVE,6,3,3
581,6292,21:31:30,0,214.00,0,1.6400,0.4370,0.0756,0.0115,1,ACTIVE,6,3,3
581,6293,21:32:00,0,5.00,0,1.0000,0.3160,0.0347,0.0000,1,ACTIVE,6,3,3
581,6294,21:32:30,0,0.00,0,1.0200,0.3230,0.0347,0.0000,1,ACTIVE,6,3,3
581,6295,21:33:00,0,0.00,0,1.0500,0.3300,0.0347,0.0117,0,ACTIVE,6,3,3
581,6296,21:33:30,0,0.00,0,1.0100,0.3160,0.0347,0.0117,0,ACTIVE,6,3,3
581,6297,21:34:00,0,0.00,0,0.7900,0.2600,0.0251,0.0000,0,ACTIVE,6,3,3
581,6298,21:34:30,0,0.00,0,0.9200,0.2720,0.0347,0.0117,0,ACTIVE,6,3,3
581,6299,21:35:00,0,0.00,0,0.7900,0.2600,0.0251,0.0000,0,ACTIVE,6,3,3
581,6300,21:35:30,0,0.00,0,0.8200,0.2720,0.0251,0.0000,0,ACTIVE,6,3,3
581,6301,21:36:00,0,0.00,0,1.0100,0.3160,0.0347,0.0117,0,ACTIVE,6,3,3
581,6302,21:36:30,0,12.00,0,1.1300,0.3760,0.0347,0.0000,0,ACTIVE,6,3,3
581,6303,21:37:00,0,0.00,0,1.1500,0.3760,0.0347,0.0117,0,ACTIVE,6,3,3
581,6304,21:37:30,0,6.00,0,1.3500,0.4100,0.0501,0.0046,0,ACTIVE,6,3,3
581,6305,21:38:00,0,0.00,0,1.8200,0.5200,0.0756,0.0046,0,ACTIVE,6,3,3
581,6306,21:38:30,0,0.00,0,1.9200,0.5670,0.0756,0.0046,0,ACTIVE,6,3,3
581,6307,21:39:00,0,4.00,0,1.5200,0.4870,0.0501,0.0046,0,ACTIVE,6,3,3
581,6308,21:39:30,0,1.00,0,1.1900,0.3370,0.0501,0.0046,0,ACTIVE,6,3,3
581,6309,21:40:00,0,0.00,0,1.2400,0.3600,0.0501,0.0046,0,ACTIVE,6,3,3
581,6310,21:40:30,0,1.00,0,1.5900,0.5200,0.0501,0.0046,0,ACTIVE,6,3,3
581,6311,21:41:00,0,1.00,0,1.3300,0.4010,0.0501,0.0046,0,ACTIVE,6,3,3
581,6312,21:41:30,0,0.00,0,1.2400,0.3600,0.0501,0.0046,0,ACTIVE,6,3,3
581,6313,21:42:00,0,0.00,0,1.2000,0.4010,0.0347,0.0117,0,ACTIVE,6,3,3
581,6314,21:42:30,0,0.00,0,1.2400,0.3600,0.0501,0.0046,0,ACTIVE,6,3,3
581,6315,21:43:00,0,0.00,0,1.2700,0.3760,0.0501,0.0046,0,ACTIVE,6,3,3
581,6316,21:43:30,0,0.00,0,1.2900,0.3840,0.0501,0.0046,0,ACTIVE,6,3,3
581,6317,21:44:00,0,0.00,0,1.2600,0.4280,0.0347,0.0117,0,ACTIVE,6,3,3
581,6318,21:44:30,0,0.00,0,1.2100,0.3450,0.0501,0.0046,0,ACTIVE,6,3,3
581,6319,21:45:00,0,0.00,0,1.1900,0.3370,0.0501,0.0046,0,ACTIVE,6,3,3
581,6320,21:45:30,0,63.00,0,1.3200,0.3090,0.0694,0.0292,1,ACTIVE,6,3,3
581,6321,21:46:00,0,33.00,0,0.9200,0.2720,0.0347,0.0117,1,ACTIVE,6,3,3
581,6322,21:46:30,0,0.00,0,1.0100,0.3160,0.0347,0.0117,0,ACTIVE,6,3,3
581,6323,21:47:00,0,0.00,0,1.0500,0.3300,0.0347,0.0117,0,ACTIVE,6,3,3
581,6324,21:47:30,0,0.00,0,1.0800,0.3450,0.0347,0.0117,0,ACTIVE,6,3,3
581,6325,21:48:00,0,0.00,0,1.0900,0.3520,0.0347,0.0117,0,ACTIVE,6,3,3
581,6326,21:48:30,0,2.00,0,1.1700,0.3840,0.0347,0.0117,0,ACTIVE,6,3,3
581,6327,21:49:00,0,0.00,0,1.9500,0.5790,0.0756,0.0046,0,ACTIVE,6,3,3
581,6328,21:49:30,0,6.00,0,1.8900,0.5550,0.0756,0.0046,0,ACTIVE,6,3,3
581,6329,21:50:00,0,5.00,0,1.0100,0.3160,0.0347,0.0117,0,ACTIVE,6,3,3
581,6330,21:50:30,0,0.00,0,1.0000,0.3160,0.0347,0.0000,0,ACTIVE,6,3,3
581,6331,21:51:00,0,0.00,0,1.0100,0.3160,0.0347,0.0117,0,ACTIVE,6,3,3
581,6332,21:51:30,0,0.00,0,1.0300,0.3230,0.0347,0.0117,0,ACTIVE,6,3,3
581,6333,21:52:00,0,0.00,0,1.0200,0.3230,0.0347,0.0000,0,ACTIVE,6,3,3
581,6334,21:52:30,0,0.00,0,1.0500,0.3300,0.0347,0.0117,0,ACTIVE,6,3,3
581,6335,21:53:00,0,0.00,0,1.0300,0.3300,0.0347,0.0000,0,ACTIVE,6,3,3
581,6336,21:53:30,0,0.00,0,1.0200,0.3230,0.0347,0.0000,0,ACTIVE,6,3,3
581,6337,21:54:00,0,0.00,0,1.0000,0.3160,0.0347,0.0000,0,ACTIVE,6,3,3
581,6338,21:54:30,0,0.00,0,1.0000,0.3160,0.0347,0.0000,0,ACTIVE,6,3,3
581,6339,21:55:00,0,0.00,0,1.0100,0.3160,0.0347,0.0117,0,ACTIVE,6,3,3
581,6340,21:55:30,0,4.00,0,0.8200,0.2720,0.0251,0.0000,0,ACTIVE,6,3,3
581,6341,21:56:00,0,1.00,0,1.0300,0.3230,0.0347,0.0117,0,ACTIVE,6,3,3
581,6342,21:56:30,0,0.00,0,0.9200,0.2720,0.0347,0.0117,0,ACTIVE,6,3,3
581,6343,21:57:00,0,0.00,0,0.9200,0.2720,0.0347,0.0117,0,ACTIVE,6,3,3
581,6344,21:57:30,0,2.00,0,1.0300,0.3230,0.0347,0.0117,0,ACTIVE,6,3,3
581,6345,21:58:00,0,0.00,0,1.0800,0.3450,0.0347,0.0117,0,ACTIVE,6,3,3
581,6346,21:58:30,0,0.00,0,1.1400,0.3160,0.0501,0.0046,0,ACTIVE,6,3,3
581,6347,21:59:00,0,7.00,0,1.0500,0.3300,0.0347,0.0117,0,ACTIVE,6,3,3
581,6348,21:59:30,0,59.00,0,2.5700,0.2770,0.2090,0.1170,1,ACTIVE,6,3,3
581,6349,22:00:00,0,0.00,0,4.7100,0.2900,0.4370,0.2230,0,ACTIVE,6,3,3
581,6350,22:00:30,0,0.00,0,4.3300,0.2770,0.4010,0.1920,0,ACTIVE,6,3,3
581,6351,22:01:00,0,0.00,0,1.7700,0.2190,0.1390,0.0694,0,ACTIVE,6,3,3
581,6352,22:01:30,0,0.00,0,0.4900,0.1960,0.0024,0.0354,0,ACTIVE,6,3,3
581,6353,22:02:00,0,0.00,0,1.7700,0.2190,0.1390,0.0694,0,ACTIVE,6,3,3
581,6354,22:02:30,0,0.00,0,3.1600,0.2600,0.2770,0.1450,1,ACTIVE,6,3,3
581,6355,22:03:00,0,0.00,0,4.6700,0.2770,0.4370,0.2090,1,ACTIVE,6,3,3
581,6356,22:03:30,0,181.00,0,1.2300,0.2600,0.0694,0.0412,1,ACTIVE,6,3,3
581,6357,22:04:00,0,297.00,0,3.3100,0.9960,0.1240,0.0162,1,ACTIVE,6,3,3
581,6358,22:04:30,0,133.00,0,18.4700,5.2800,0.7680,0.0724,1,ACTIVE,6,3,3
581,6359,22:05:00,0,0.00,0,7.7600,1.1800,0.5790,0.0571,1,ACTIVE,6,3,3
581,6360,22:05:30,0,157.00,0,6.9600,1.4700,0.4190,0.0412,1,ACTIVE,6,3,3
581,6361,22:06:00,0,236.00,0,22.3000,3.9000,1.5400,0.2140,1,ACTIVE,6,3,3
581,6362,22:06:30,0,207.00,0,6.5100,1.6700,0.3160,0.0412,1,ACTIVE,6,3,3
581,6363,22:07:00,0,200.00,0,7.2100,1.9100,0.3370,0.0347,1,ACTIVE,6,3,3
581,6364,22:07:30,0,147.00,0,7.1100,1.9500,0.3160,0.0347,1,ACTIVE,6,3,3
581,6365,22:08:00,0,151.00,0,10.9900,2.8800,0.5200,0.0650,1,ACTIVE,6,3,3
581,6366,22:08:30,0,151.00,0,6.2800,1.6700,0.2900,0.0347,1,ACTIVE,6,3,3
581,6367,22:09:00,0,75.00,0,6.1700,1.7500,0.2600,0.0230,1,ACTIVE,6,3,3
581,6368,22:09:30,0,79.00,0,5.1000,1.5000,0.2000,0.0162,1,ACTIVE,6,3,3
581,6369,22:10:00,0,75.00,0,10.1300,2.5800,0.4980,0.0535,1,ACTIVE,6,3,3
581,6370,22:10:30,0,169.00,0,7.7800,2.1700,0.3370,0.0279,1,ACTIVE,6,3,3
581,6371,22:11:00,0,236.00,0,5.6200,1.6400,0.2230,0.0347,1,ACTIVE,6,3,3
581,6372,22:11:30,0,236.00,0,5.7100,1.5400,0.2600,0.0347,1,ACTIVE,6,3,3
581,6373,22:12:00,0,278.00,0,13.0300,3.0100,0.7200,0.0773,1,ACTIVE,6,3,3
581,6374,22:12:30,0,317.00,0,6.8600,1.7500,0.3370,0.0412,1,ACTIVE,6,3,3
581,6375,22:13:00,0,96.00,0,7.8900,2.5800,0.2440,0.0412,1,ACTIVE,6,3,3
581,6376,22:13:30,0,54.00,0,4.8800,1.5000,0.1760,0.0162,1,ACTIVE,6,3,3
581,6377,22:14:00,0,123.00,0,6.5900,1.7100,0.3160,0.0347,1,ACTIVE,6,3,3
581,6378,22:14:30,0,278.00,0,10.6500,2.5800,0.5550,0.0724,1,ACTIVE,6,3,3
581,6379,22:15:00,0,200.00,0,7.5500,1.8700,0.3840,0.0571,1,ACTIVE,6,3,3
581,6380,22:15:30,0,214.00,0,0.4100,0.1800,0.0000,0.0117,1,ACTIVE,6,3,3
581,6381,22:16:00,0,169.00,0,3.1900,0.5790,0.2090,0.0694,1,ACTIVE,6,3,3
581,6382,22:16:30,0,13.00,0,3.0600,0.5200,0.2090,0.0694,1,ACTIVE,6,3,3
581,6383,22:17:00,0,20.00,0,2.6100,0.3090,0.2090,0.0880,1,ACTIVE,6,3,3
581,6384,22:17:30,0,0.00,0,3.5200,0.2600,0.3160,0.1650,0,ACTIVE,6,3,3
581,6385,22:18:00,0,66.00,0,3.5800,0.6180,0.2440,0.0694,1,ACTIVE,6,3,3
581,6386,22:18:30,0,9.00,0,4.2400,1.0200,0.2230,0.0347,1,ACTIVE,6,3,3
581,6387,22:19:00,0,20.00,0,3.8200,1.0200,0.1760,0.0230,1,ACTIVE,6,3,3
581,6388,22:19:30,0,19.00,0,3.2800,0.8750,0.1510,0.0230,1,ACTIVE,6,3,3
581,6389,22:20:00,0,15.00,0,5.0000,0.7350,0.3680,0.1450,1,ACTIVE,6,3,3
581,6390,22:20:30,0,82.00,0,5.5800,0.8560,0.4010,0.1650,1,ACTIVE,6,3,3
581,6391,22:21:00,0,8.00,0,3.5500,0.9960,0.1510,0.0230,0,ACTIVE,6,3,3
581,6392,22:21:30,0,0.00,0,3.1700,0.9330,0.1240,0.0162,0,ACTIVE,6,3,3
581,6393,22:22:00,0,0.00,0,3.4500,0.9540,0.1510,0.0162,0,ACTIVE,6,3,3
581,6394,22:22:30,0,0.00,0,3.4100,0.9330,0.1510,0.0162,0,ACTIVE,6,3,3
581,6395,22:23:00,0,0.00,0,3.3600,0.9130,0.1510,0.0162,0,ACTIVE,6,3,3
581,6396,22:23:30,0,61.00,0,2.4500,0.7040,0.1000,0.0162,1,ACTIVE,6,3,3
581,6397,22:24:00,0,93.00,0,2.0400,0.3370,0.1390,0.0694,1,ACTIVE,6,3,3
581,6398,22:24:30,0,2.00,0,2.0100,0.4100,0.1240,0.0162,0,ACTIVE,6,3,3
581,6399,22:25:00,0,1.00,0,2.3300,0.5550,0.1240,0.0162,0,ACTIVE,6,3,3
581,6400,22:25:30,0,0.00,0,2.5000,0.6320,0.1240,0.0162,0,ACTIVE,6,3,3
581,6401,22:26:00,0,0.00,0,2.6000,0.6740,0.1240,0.0162,0,ACTIVE,6,3,3
581,6402,22:26:30,0,54.00,0,2.1200,0.5550,0.1000,0.0162,1,ACTIVE,6,3,3
581,6403,22:27:00,0,9.00,0,0.7200,0.2280,0.0251,0.0000,0,ACTIVE,6,3,3
581,6404,22:27:30,0,25.00,0,0.7200,0.2280,0.0251,0.0000,1,ACTIVE,6,3,3
581,6405,22:28:00,0,0.00,0,0.7200,0.2280,0.0251,0.0000,0,ACTIVE,6,3,3
581,6406,22:28:30,0,0.00,0,0.7200,0.2280,0.0251,0.0000,0,ACTIVE,6,3,3
581,6407,22:29:00,0,0.00,0,0.7200,0.2280,0.0251,0.0000,0,ACTIVE,6,3,3
581,6408,22:29:30,0,0.00,0,0.7200,0.2280,0.0251,0.0000,0,ACTIVE,6,3,3
581,6409,22:30:00,0,0.00,0,0.7200,0.2280,0.0251,0.0000,0,ACTIVE,6,3,3
581,6410,22:30:30,0,5.00,0,0.7200,0.2280,0.0251,0.0000,0,ACTIVE,6,3,3
581,6411,22:31:00,0,0.00,0,0.7200,0.2280,0.0251,0.0000,0,ACTIVE,6,3,3
581,6412,22:31:30,0,0.00,0,0.7200,0.2280,0.0251,0.0000,0,ACTIVE,6,3,3
581,6413,22:32:00,0,0.00,0,0.7200,0.2280,0.0251,0.0000,0,ACTIVE,6,3,3
581,6414,22:32:30,0,0.00,0,0.7200,0.2280,0.0251,0.0000,0,ACTIVE,6,3,3
581,6415,22:33:00,0,0.00,0,0.7200,0.2280,0.0251,0.0000,0,ACTIVE,6,3,3
581,6416,22:33:30,0,0.00,0,0.7200,0.2280,0.0251,0.0000,0,ACTIVE,6,3,3
581,6417,22:34:00,0,0.00,0,0.7200,0.2280,0.0251,0.0000,0,ACTIVE,6,3,3
581,6418,22:34:30,0,9.00,0,0.7200,0.2280,0.0251,0.0000,0,ACTIVE,6,3,3
581,6419,22:35:00,0,0.00,0,0.8400,0.2380,0.0347,0.0117,0,ACTIVE,6,3,3
581,6420,22:35:30,0,0.00,0,0.7500,0.2380,0.0251,0.0000,0,ACTIVE,6,3,3
581,6421,22:36:00,0,0.00,0,0.7200,0.2280,0.0251,0.0000,0,ACTIVE,6,3,3
581,6422,22:36:30,0,0.00,0,0.7200,0.2280,0.0251,0.0000,0,ACTIVE,6,3,3
581,6423,22:37:00,0,0.00,0,0.7200,0.2280,0.0251,0.0000,0,ACTIVE,6,3,3
581,6424,22:37:30,0,0.00,0,0.7200,0.2280,0.0251,0.0000,0,ACTIVE,6,3,3
581,6425,22:38:00,0,0.00,0,0.8200,0.2280,0.0347,0.0117,0,ACTIVE,6,3,3
581,6426,22:38:30,0,0.00,0,0.7000,0.2190,0.0251,0.0000,0,ACTIVE,6,3,3
581,6427,22:39:00,0,0.00,0,0.8200,0.2280,0.0347,0.0117,0,ACTIVE,6,3,3
581,6428,22:39:30,0,0.00,0,0.8200,0.2280,0.0347,0.0117,0,ACTIVE,6,3,3
581,6429,22:40:00,0,0.00,0,0.7200,0.2280,0.0251,0.0000,0,ACTIVE,6,3,3
581,6430,22:40:30,0,0.00,0,0.7000,0.2190,0.0251,0.0000,0,ACTIVE,6,3,3
581,6431,22:41:00,0,0.00,0,0.7000,0.2190,0.0251,0.0000,0,ACTIVE,6,3,3
581,6432,22:41:30,0,0.00,0,0.7000,0.2190,0.0251,0.0000,0,ACTIVE,6,3,3
581,6433,22:42:00,0,0.00,0,0.7000,0.2190,0.0251,0.0000,0,ACTIVE,6,3,3
581,6434,22:42:30,0,0.00,0,0.7000,0.2190,0.0251,0.0000,0,ACTIVE,6,3,3
581,6435,22:43:00,0,0.00,0,0.7000,0.2190,0.0251,0.0000,0,ACTIVE,6,3,3
581,6436,22:43:30,0,0.00,0,0.6800,0.2090,0.0251,0.0000,0,ACTIVE,6,3,3
581,6437,22:44:00,0,0.00,0,0.7000,0.2190,0.0251,0.0000,0,ACTIVE,6,3,3
581,6438,22:44:30,0,0.00,0,0.7000,0.2190,0.0251,0.0000,0,ACTIVE,6,3,3
581,6439,22:45:00,0,4.00,0,0.8000,0.2190,0.0347,0.0117,0,ACTIVE,6,3,3
581,6440,22:45:30,0,0.00,0,0.8200,0.2280,0.0347,0.0117,0,ACTIVE,6,3,3
581,6441,22:46:00,0,0.00,0,0.8200,0.2280,0.0347,0.0117,0,ACTIVE,6,3,3
581,6442,22:46:30,0,0.00,0,0.8200,0.2280,0.0347,0.0117,0,ACTIVE,6,3,3
581,6443,22:47:00,0,0.00,0,0.8200,0.2280,0.0347,0.0117,0,ACTIVE,6,3,3
581,6444,22:47:30,0,0.00,0,0.7200,0.2280,0.0251,0.0000,0,ACTIVE,6,3,3
581,6445,22:48:00,0,11.00,0,0.7200,0.2280,0.0251,0.0000,0,ACTIVE,6,3,3
581,6446,22:48:30,0,11.00,0,0.5400,0.2440,0.0000,0.0000,0,ACTIVE,6,3,3
581,6447,22:49:00,0,0.00,0,0.7000,0.2190,0.0251,0.0000,0,ACTIVE,6,3,3
581,6448,22:49:30,0,12.00,0,0.7000,0.2190,0.0251,0.0000,0,ACTIVE,6,3,3
581,6449,22:50:00,0,8.00,0,3.6700,0.9540,0.1760,0.0162,0,ACTIVE,6,3,3
581,6450,22:50:30,0,19.00,0,1.8200,0.5200,0.0756,0.0046,1,ACTIVE,6,3,3
581,6451,22:51:00,0,0.00,0,1.0800,0.3450,0.0347,0.0117,0,ACTIVE,6,3,3
581,6452,22:51:30,0,2.00,0,1.0000,0.3160,0.0347,0.0000,0,ACTIVE,6,3,3
581,6453,22:52:00,0,7.00,0,0.7600,0.2440,0.0251,0.0000,0,ACTIVE,6,3,3
581,6454,22:52:30,0,0.00,0,0.7500,0.2380,0.0251,0.0000,0,ACTIVE,6,3,3
581,6455,22:53:00,0,0.00,0,0.7200,0.2280,0.0251,0.0000,0,ACTIVE,6,3,3
581,6456,22:53:30,0,0.00,0,0.7200,0.2280,0.0251,0.0000,0,ACTIVE,6,3,3
581,6457,22:54:00,0,7.00,0,0.7600,0.2440,0.0251,0.0000,0,ACTIVE,6,3,3
581,6458,22:54:30,0,0.00,0,0.7900,0.2600,0.0251,0.0000,0,ACTIVE,6,3,3
581,6459,22:55:00,0,6.00,0,1.0900,0.3520,0.0347,0.0117,0,ACTIVE,6,3,3
581,6460,22:55:30,0,1.00,0,0.9200,0.2720,0.0347,0.0117,0,ACTIVE,6,3,3
581,6461,22:56:00,0,5.00,0,0.7900,0.2600,0.0251,0.0000,0,ACTIVE,6,3,3
581,6462,22:56:30,0,16.00,0,0.8200,0.2720,0.0251,0.0000,0,ACTIVE,6,3,3
581,6463,22:57:00,0,0.00,0,0.8900,0.2600,0.0347,0.0117,0,ACTIVE,6,3,3
581,6464,22:57:30,0,1.00,0,0.7900,0.2600,0.0251,0.0000,0,ACTIVE,6,3,3
581,6465,22:58:00,0,0.00,0,0.7900,0.2600,0.0251,0.0000,0,ACTIVE,6,3,3
581,6466,22:58:30,0,52.00,0,0.8900,0.2600,0.0347,0.0117,1,ACTIVE,6,3,3
581,6467,22:59:00,0,1.00,0,0.8900,0.2600,0.0347,0.0117,0,ACTIVE,6,3,3
581,6468,22:59:30,0,1.00,0,0.8900,0.2600,0.0347,0.0117,0,ACTIVE,6,3,3
581,6469,23:00:00,0,18.00,0,0.9200,0.2720,0.0347,0.0117,1,ACTIVE,6,3,3
581,6470,23:00:30,0,15.00,0,1.0500,0.3300,0.0347,0.0117,0,ACTIVE,6,3,3
581,6471,23:01:00,0,0.00,0,1.0800,0.3450,0.0347,0.0117,0,ACTIVE,6,3,3
581,6472,23:01:30,0,0.00,0,1.0100,0.3160,0.0347,0.0117,0,ACTIVE,6,3,3
581,6473,23:02:00,0,8.00,0,0.9200,0.2720,0.0347,0.0117,0,ACTIVE,6,3,3
581,6474,23:02:30,0,0.00,0,0.8900,0.2600,0.0347,0.0117,0,ACTIVE,6,3,3
581,6475,23:03:00,0,5.00,0,0.8900,0.2600,0.0347,0.0117,0,ACTIVE,6,3,3
581,6476,23:03:30,0,0.00,0,0.7900,0.2600,0.0251,0.0000,0,ACTIVE,6,3,3
581,6477,23:04:00,0,4.00,0,0.7900,0.2600,0.0251,0.0000,0,ACTIVE,6,3,3
581,6478,23:04:30,0,11.00,0,0.8900,0.2600,0.0347,0.0117,0,ACTIVE,6,3,3
581,6479,23:05:00,0,0.00,0,0.7500,0.2380,0.0251,0.0000,0,ACTIVE,6,3,3
581,6480,23:05:30,0,0.00,0,0.8400,0.2380,0.0347,0.0117,0,ACTIVE,6,3,3
581,6481,23:06:00,0,0.00,0,0.7500,0.2380,0.0251,0.0000,0,ACTIVE,6,3,3
581,6482,23:06:30,0,0.00,0,0.7500,0.2380,0.0251,0.0000,0,ACTIVE,6,3,3
581,6483,23:07:00,0,0.00,0,0.5700,0.2600,0.0000,0.0000,0,ACTIVE,6,3,3
581,6484,23:07:30,0,0.00,0,0.5700,0.2600,0.0000,0.0000,0,ACTIVE,6,3,3
581,6485,23:08:00,0,0.00,0,0.5700,0.2600,0.0000,0.0000,0,ACTIVE,6,3,3
581,6486,23:08:30,0,1.00,0,0.7200,0.2280,0.0251,0.0000,0,ACTIVE,6,3,3
581,6487,23:09:00,0,0.00,0,0.5700,0.2600,0.0000,0.0000,0,ACTIVE,6,3,3
581,6488,23:09:30,0,6.00,0,0.7200,0.2280,0.0251,0.0000,0,ACTIVE,6,3,3
581,6489,23:10:00,0,0.00,0,0.7500,0.2380,0.0251,0.0000,1,ACTIVE,6,3,3
581,6490,23:10:30,0,79.00,0,0.5700,0.2600,0.0000,0.0000,1,ACTIVE,6,3,3
581,6491,23:11:00,0,54.00,0,0.3500,0.1580,0.0000,0.0000,1,ACTIVE,6,3,3
581,6492,23:11:30,0,128.00,0,0.4400,0.2000,0.0000,0.0000,1,ACTIVE,6,3,3
581,6493,23:12:00,0,228.00,0,0.5700,0.2600,0.0000,0.0000,1,ACTIVE,6,3,3
581,6494,23:12:30,0,123.00,0,0.1900,0.0880,0.0000,0.0000,1,ACTIVE,6,3,3
581,6495,23:13:00,0,157.00,0,0.1800,0.0825,0.0000,0.0000,1,ACTIVE,6,3,3
581,6496,23:13:30,0,137.00,0,8.0000,2.6400,0.2440,0.0292,1,ACTIVE,6,3,3
581,6497,23:14:00,0,214.00,0,1.7000,0.4670,0.0756,0.0046,1,ACTIVE,6,3,3
581,6498,23:14:30,0,244.00,0,2.4500,0.7040,0.1000,0.0115,1,ACTIVE,6,3,3
581,6499,23:15:00,0,269.00,0,0.1900,0.0880,0.0000,0.0000,1,ACTIVE,6,3,3
581,6500,23:15:30,0,133.00,0,1.0800,0.2900,0.0501,0.0046,1,ACTIVE,6,3,3
581,6501,23:16:00,0,214.00,0,1.4100,0.4370,0.0501,0.0046,1,ACTIVE,6,3,3
581,6502,23:16:30,0,89.00,0,1.8600,0.4370,0.1000,0.0115,1,ACTIVE,6,3,3
581,6503,23:17:00,0,54.00,0,0.6500,0.2960,0.0000,0.0000,1,ACTIVE,6,3,3
581,6504,23:17:30,0,96.00,0,3.9300,0.9750,0.2000,0.0230,1,ACTIVE,6,3,3
581,6505,23:18:00,0,56.00,0,1.5900,0.5200,0.0501,0.0046,1,ACTIVE,6,3,3
581,6506,23:18:30,0,278.00,0,0.5400,0.2440,0.0000,0.0000,1,ACTIVE,6,3,3
581,6507,23:19:00,0,66.00,0,0.4700,0.2140,0.0000,0.0000,1,ACTIVE,6,3,3
581,6508,23:19:30,0,157.00,0,0.6800,0.2090,0.0251,0.0000,1,ACTIVE,6,3,3
581,6509,23:20:00,0,362.00,0,1.3700,0.3160,0.0756,0.0046,1,ACTIVE,6,3,3
581,6510,23:20:30,0,467.00,0,2.4200,0.4870,0.1510,0.0162,1,ACTIVE,6,3,3
581,6511,23:21:00,0,35.00,0,0.1800,0.0825,0.0000,0.0000,1,ACTIVE,6,3,3
581,6512,23:21:30,0,93.00,0,0.1800,0.0825,0.0000,0.0000,1,ACTIVE,6,3,3
581,6513,23:22:00,0,22.00,0,0.1800,0.0825,0.0000,0.0000,1,ACTIVE,6,3,3
581,6514,23:22:30,0,1.00,0,0.1800,0.0825,0.0000,0.0000,1,ACTIVE,6,3,3
581,6515,23:23:00,0,2.00,0,0.1800,0.0825,0.0000,0.0000,0,ACTIVE,6,3,3
581,6516,23:23:30,0,0.00,0,0.1900,0.0880,0.0000,0.0000,0,ACTIVE,6,3,3
581,6517,23:24:00,0,0.00,0,0.1800,0.0825,0.0000,0.0000,0,ACTIVE,6,3,3
581,6518,23:24:30,0,6.00,0,0.1900,0.0880,0.0000,0.0000,0,ACTIVE,6,3,3
581,6519,23:25:00,0,0.00,0,0.1900,0.0880,0.0000,0.0000,0,ACTIVE,6,3,3
581,6520,23:25:30,0,0.00,0,0.1900,0.0880,0.0000,0.0000,0,ACTIVE,6,3,3
581,6521,23:26:00,0,0.00,0,0.1800,0.0825,0.0000,0.0000,0,ACTIVE,6,3,3
581,6522,23:26:30,0,0.00,0,0.1800,0.0825,0.0000,0.0000,0,ACTIVE,6,3,3
581,6523,23:27:00,0,0.00,0,0.1900,0.0880,0.0000,0.0000,0,ACTIVE,6,3,3
581,6524,23:27:30,0,0.00,0,0.1900,0.0880,0.0000,0.0000,0,ACTIVE,6,3,3
581,6525,23:28:00,0,0.00,0,0.2200,0.0981,0.0000,0.0000,0,ACTIVE,6,3,3
581,6526,23:28:30,0,0.00,0,0.2400,0.1070,0.0000,0.0000,0,ACTIVE,6,3,3
581,6527,23:29:00,0,0.00,0,0.2400,0.1070,0.0000,0.0000,0,ACTIVE,6,3,3
581,6528,23:29:30,0,7.00,0,0.2200,0.0981,0.0000,0.0000,0,ACTIVE,6,3,3
581,6529,23:30:00,0,0.00,0,0.1900,0.0880,0.0000,0.0000,0,ACTIVE,6,3,3
581,6530,23:30:30,0,0.00,0,0.1900,0.0880,0.0000,0.0000,0,ACTIVE,6,3,3
581,6531,23:31:00,0,0.00,0,0.1800,0.0825,0.0000,0.0000,0,ACTIVE,6,3,3
581,6532,23:31:30,0,7.00,0,0.1900,0.0880,0.0000,0.0000,0,ACTIVE,6,3,3
581,6533,23:32:00,0,0.00,0,0.1900,0.0880,0.0000,0.0000,0,ACTIVE,6,3,3
581,6534,23:32:30,0,0.00,0,0.2200,0.0981,0.0000,0.0000,0,ACTIVE,6,3,3
581,6535,23:33:00,0,2.00,0,0.1900,0.0880,0.0000,0.0000,0,ACTIVE,6,3,3
581,6536,23:33:30,0,0.00,0,0.1900,0.0880,0.0000,0.0000,0,ACTIVE,6,3,3
581,6537,23:34:00,0,0.00,0,0.1900,0.0880,0.0000,0.0000,0,ACTIVE,6,3,3
581,6538,23:34:30,0,0.00,0,0.1900,0.0880,0.0000,0.0000,0,ACTIVE,6,3,3
581,6539,23:35:00,0,4.00,0,0.1900,0.0880,0.0000,0.0000,0,ACTIVE,6,3,3
581,6540,23:35:30,0,0.00,0,0.2200,0.0981,0.0000,0.0000,0,ACTIVE,6,3,3
581,6541,23:36:00,0,0.00,0,0.1900,0.0880,0.0000,0.0000,0,ACTIVE,6,3,3
581,6542,23:36:30,0,0.00,0,0.1900,0.0880,0.0000,0.0000,0,ACTIVE,6,3,3
581,6543,23:37:00,0,0.00,0,0.2200,0.0981,0.0000,0.0000,0,ACTIVE,6,3,3
581,6544,23:37:30,0,0.00,0,0.2400,0.1070,0.0000,0.0000,0,ACTIVE,6,3,3
581,6545,23:38:00,0,1.00,0,0.1900,0.0880,0.0000,0.0000,0,ACTIVE,6,3,3
581,6546,23:38:30,0,0.00,0,0.1900,0.0880,0.0000,0.0000,0,ACTIVE,6,3,3
581,6547,23:39:00,0,0.00,0,0.2200,0.0981,0.0000,0.0000,0,ACTIVE,6,3,3
581,6548,23:39:30,0,1.00,0,0.2200,0.0981,0.0000,0.0000,0,ACTIVE,6,3,3
581,6549,23:40:00,0,0.00,0,0.2200,0.0981,0.0000,0.0000,0,ACTIVE,6,3,3
581,6550,23:40:30,0,0.00,0,0.1900,0.0880,0.0000,0.0000,0,ACTIVE,6,3,3
581,6551,23:41:00,0,0.00,0,0.2200,0.0981,0.0000,0.0000,0,ACTIVE,6,3,3
581,6552,23:41:30,0,4.00,0,0.1900,0.0880,0.0000,0.0000,0,ACTIVE,6,3,3
581,6553,23:42:00,0,4.00,0,0.1900,0.0880,0.0000,0.0000,0,ACTIVE,6,3,3
581,6554,23:42:30,0,22.00,0,0.1900,0.0880,0.0000,0.0000,1,ACTIVE,6,3,3
581,6555,23:43:00,0,0.00,0,0.1900,0.0880,0.0000,0.0000,0,ACTIVE,6,3,3
581,6556,23:43:30,0,0.00,0,0.1900,0.0880,0.0000,0.0000,0,ACTIVE,6,3,3
581,6557,23:44:00,0,2.00,0,0.2700,0.1220,0.0000,0.0000,0,ACTIVE,6,3,3
581,6558,23:44:30,0,0.00,0,0.1900,0.0880,0.0000,0.0000,0,ACTIVE,6,3,3
581,6559,23:45:00,0,0.00,0,0.1900,0.0880,0.0000,0.0000,0,ACTIVE,6,3,3
581,6560,23:45:30,0,0.00,0,0.1900,0.0880,0.0000,0.0000,0,ACTIVE,6,3,3
581,6561,23:46:00,0,0.00,0,0.1900,0.0880,0.0000,0.0000,0,ACTIVE,6,3,3
581,6562,23:46:30,0,0.00,0,0.2200,0.0981,0.0000,0.0000,0,ACTIVE,6,3,3
581,6563,23:47:00,0,1.00,0,0.2200,0.0981,0.0000,0.0000,0,ACTIVE,6,3,3
581,6564,23:47:30,0,0.00,0,0.1900,0.0880,0.0000,0.0000,0,ACTIVE,6,3,3
581,6565,23:48:00,0,1.00,0,0.1900,0.0880,0.0000,0.0000,0,ACTIVE,6,3,3
581,6566,23:48:30,0,0.00,0,0.1900,0.0880,0.0000,0.0000,0,ACTIVE,6,3,3
581,6567,23:49:00,0,0.00,0,0.1900,0.0880,0.0000,0.0000,0,ACTIVE,6,3,3
581,6568,23:49:30,0,0.00,0,0.1900,0.0880,0.0000,0.0000,0,ACTIVE,6,3,3
581,6569,23:50:00,0,2.00,0,0.1900,0.0880,0.0000,0.0000,0,ACTIVE,6,3,3
581,6570,23:50:30,0,0.00,0,0.1900,0.0880,0.0000,0.0000,0,ACTIVE,6,3,3
581,6571,23:51:00,0,1.00,0,0.1900,0.0880,0.0000,0.0000,0,ACTIVE,6,3,3
581,6572,23:51:30,0,0.00,0,0.1900,0.0880,0.0000,0.0000,0,ACTIVE,6,3,3
581,6573,23:52:00,0,0.00,0,0.1900,0.0880,0.0000,0.0000,0,ACTIVE,6,3,3
581,6574,23:52:30,0,0.00,0,0.1900,0.0880,0.0000,0.0000,0,ACTIVE,6,3,3
581,6575,23:53:00,0,0.00,0,0.1900,0.0880,0.0000,0.0000,0,ACTIVE,6,3,3
581,6576,23:53:30,0,0.00,0,0.1900,0.0880,0.0000,0.0000,0,ACTIVE,6,3,3
581,6577,23:54:00,0,0.00,0,0.1900,0.0880,0.0000,0.0000,0,ACTIVE,6,3,3
581,6578,23:54:30,0,0.00,0,0.1900,0.0880,0.0000,0.0000,0,ACTIVE,6,3,3
581,6579,23:55:00,0,0.00,0,0.1900,0.0880,0.0000,0.0000,0,ACTIVE,6,3,3
581,6580,23:55:30,0,1.00,0,0.1900,0.0880,0.0000,0.0000,0,ACTIVE,6,3,3
581,6581,23:56:00,0,0.00,0,0.1900,0.0880,0.0000,0.0000,0,ACTIVE,6,3,3
581,6582,23:56:30,0,4.00,0,0.1900,0.0880,0.0000,0.0000,0,ACTIVE,6,3,3
581,6583,23:57:00,0,0.00,0,0.1900,0.0880,0.0000,0.0000,0,ACTIVE,6,3,3
581,6584,23:57:30,0,0.00,0,0.1900,0.0880,0.0000,0.0000,0,ACTIVE,6,3,3
581,6585,23:58:00,0,6.00,0,0.1900,0.0880,0.0000,0.0000,0,ACTIVE,6,3,3
581,6586,23:58:30,0,16.00,0,0.2400,0.1070,0.0000,0.0000,0,ACTIVE,6,3,3
581,6587,23:59:00,0,1.00,0,0.2200,0.0981,0.0000,0.0000,0,ACTIVE,6,3,3
581,6588,23:59:30,0,0.00,0,0.2200,0.0981,0.0000,0.0000,0,ACTIVE,6,3,3
581,6589,0:00:00,0,0.00,0,0.2200,0.0981,0.0000,0.0000,0,ACTIVE,7,4,3
581,6590,0:00:30,0,0.00,0,0.2200,0.0981,0.0000,0.0000,0,ACTIVE,7,4,3
581,6591,0:01:00,0,0.00,0,0.2200,0.0981,0.0000,0.0000,0,ACTIVE,7,4,3
581,6592,0:01:30,0,0.00,0,0.1900,0.0880,0.0000,0.0000,0,ACTIVE,7,4,3
581,6593,0:02:00,0,0.00,0,0.1900,0.0880,0.0000,0.0000,0,ACTIVE,7,4,3
581,6594,0:02:30,0,4.00,0,0.1900,0.0880,0.0000,0.0000,0,ACTIVE,7,4,3
581,6595,0:03:00,0,0.00,0,0.1900,0.0880,0.0000,0.0000,0,ACTIVE,7,4,3
581,6596,0:03:30,0,0.00,0,0.2200,0.0981,0.0000,0.0000,0,ACTIVE,7,4,3
581,6597,0:04:00,0,1.00,0,0.2900,0.1300,0.0000,0.0000,0,ACTIVE,7,4,3
581,6598,0:04:30,0,14.00,0,0.3500,0.1580,0.0000,0.0000,0,ACTIVE,7,4,3
581,6599,0:05:00,0,0.00,0,0.8900,0.2600,0.0347,0.0117,0,ACTIVE,7,4,3
581,6600,0:05:30,0,0.00,0,0.4400,0.2000,0.0000,0.0000,0,ACTIVE,7,4,3
581,6601,0:06:00,0,8.00,0,0.7200,0.2280,0.0251,0.0000,0,ACTIVE,7,4,3
581,6602,0:06:30,0,0.00,0,0.8200,0.2280,0.0347,0.0117,0,ACTIVE,7,4,3
581,6603,0:07:00,0,0.00,0,1.6600,0.4470,0.0756,0.0046,0,ACTIVE,7,4,3
581,6604,0:07:30,0,0.00,0,1.1300,0.3680,0.0347,0.0117,0,ACTIVE,7,4,3
581,6605,0:08:00,0,0.00,0,0.3200,0.1450,0.0000,0.0000,0,ACTIVE,7,4,3
581,6606,0:08:30,0,1.00,0,0.1900,0.0880,0.0000,0.0000,1,ACTIVE,7,4,3
581,6607,0:09:00,0,36.00,1,2.1700,0.5790,0.1000,0.0115,1,REST,7,4,3
581,6608,0:09:30,0,200.00,0,0.1900,0.0880,0.0000,0.0000,1,REST-S,7,4,3
581,6609,0:10:00,0,0.00,0,0.1900,0.0880,0.0000,0.0000,1,REST-S,7,4,3
581,6610,0:10:30,0,0.00,0,0.1900,0.0880,0.0000,0.0000,1,REST-S,7,4,3
581,6611,0:11:00,0,0.00,0,0.1900,0.0880,0.0000,0.0000,0,REST-S,7,4,3
581,6612,0:11:30,0,0.00,0,0.1900,0.0880,0.0000,0.0000,0,REST-S,7,4,3
581,6613,0:12:00,0,0.00,0,0.1900,0.0880,0.0000,0.0000,0,REST-S,7,4,3
581,6614,0:12:30,0,0.00,0,0.1900,0.0880,0.0000,0.0000,0,REST-S,7,4,3
581,6615,0:13:00,0,0.00,0,0.1900,0.0880,0.0000,0.0000,0,REST-S,7,4,3
581,6616,0:13:30,0,0.00,0,0.1900,0.0880,0.0000,0.0000,0,REST-S,7,4,3
581,6617,0:14:00,0,0.00,0,0.1900,0.0880,0.0000,0.0000,0,REST-S,7,4,3
581,6618,0:14:30,0,0.00,0,0.1900,0.0880,0.0000,0.0000,0,REST-S,7,4,3
581,6619,0:15:00,0,0.00,0,0.2200,0.0981,0.0000,0.0000,0,REST-S,7,4,3
581,6620,0:15:30,0,0.00,0,0.1900,0.0880,0.0000,0.0000,0,REST-S,7,4,3
581,6621,0:16:00,0,0.00,0,0.2200,0.0981,0.0000,0.0000,0,REST-S,7,4,3
581,6622,0:16:30,0,0.00,0,0.2200,0.0981,0.0000,0.0000,0,REST-S,7,4,3
581,6623,0:17:00,0,0.00,0,0.2200,0.0981,0.0000,0.0000,0,REST-S,7,4,3
581,6624,0:17:30,0,0.00,0,0.1900,0.0880,0.0000,0.0000,0,REST-S,7,4,3
581,6625,0:18:00,0,0.00,0,0.1900,0.0880,0.0000,0.0000,0,REST-S,7,4,3
581,6626,0:18:30,0,0.00,0,0.2200,0.0981,0.0000,0.0000,0,REST-S,7,4,3
581,6627,0:19:00,0,0.00,0,0.2200,0.0981,0.0000,0.0000,1,REST-S,7,4,3
581,6628,0:19:30,0,0.00,0,0.2200,0.0981,0.0000,0.0000,1,REST-S,7,4,3
581,6629,0:20:00,0,306.00,0,0.2200,0.0981,0.0000,0.0000,1,REST-S,7,4,3
581,6630,0:20:30,0,0.00,0,0.2200,0.0981,0.0000,0.0000,1,REST-S,7,4,3
581,6631,0:21:00,0,0.00,0,0.2200,0.0981,0.0000,0.0000,1,REST-S,7,4,3
581,6632,0:21:30,0,0.00,0,0.2200,0.0981,0.0000,0.0000,0,REST-S,7,4,3
581,6633,0:22:00,0,0.00,0,0.2200,0.0981,0.0000,0.0000,0,REST-S,7,4,3
581,6634,0:22:30,0,0.00,0,0.1900,0.0880,0.0000,0.0000,0,REST-S,7,4,3
581,6635,0:23:00,0,0.00,0,0.1900,0.0880,0.0000,0.0000,0,REST-S,7,4,3
581,6636,0:23:30,0,0.00,0,0.1900,0.0880,0.0000,0.0000,0,REST-S,7,4,3
581,6637,0:24:00,0,0.00,0,0.2200,0.0981,0.0000,0.0000,0,REST-S,7,4,3
581,6638,0:24:30,0,0.00,0,0.2400,0.1070,0.0000,0.0000,0,REST-S,7,4,3
581,6639,0:25:00,0,0.00,0,0.2400,0.1070,0.0000,0.0000,0,REST-S,7,4,3
581,6640,0:25:30,0,0.00,0,0.2400,0.1070,0.0000,0.0000,0,REST-S,7,4,3
581,6641,0:26:00,0,0.00,0,0.2400,0.1070,0.0000,0.0000,0,REST-S,7,4,3
581,6642,0:26:30,0,0.00,0,0.2400,0.1070,0.0000,0.0000,0,REST-S,7,4,3
581,6643,0:27:00,0,0.00,0,0.2500,0.1120,0.0000,0.0000,0,REST-S,7,4,3
581,6644,0:27:30,0,0.00,0,0.2400,0.1070,0.0000,0.0000,0,REST-S,7,4,3
581,6645,0:28:00,0,0.00,0,0.2200,0.0981,0.0000,0.0000,0,REST-S,7,4,3
581,6646,0:28:30,0,0.00,0,0.2400,0.1070,0.0000,0.0000,0,REST-S,7,4,3
581,6647,0:29:00,0,0.00,0,0.2400,0.1070,0.0000,0.0000,0,REST-S,7,4,3
581,6648,0:29:30,0,0.00,0,0.2200,0.0981,0.0000,0.0000,0,REST-S,7,4,3
581,6649,0:30:00,0,0.00,0,0.1900,0.0880,0.0000,0.0000,0,REST-S,7,4,3
581,6650,0:30:30,0,0.00,0,0.1900,0.0880,0.0000,0.0000,0,REST-S,7,4,3
581,6651,0:31:00,0,0.00,0,0.1900,0.0880,0.0000,0.0000,0,REST-S,7,4,3
581,6652,0:31:30,0,0.00,0,0.2200,0.0981,0.0000,0.0000,0,REST-S,7,4,3
581,6653,0:32:00,0,0.00,0,0.2200,0.0981,0.0000,0.0000,0,REST-S,7,4,3
581,6654,0:32:30,0,0.00,0,0.1900,0.0880,0.0000,0.0000,0,REST-S,7,4,3
581,6655,0:33:00,0,0.00,0,0.2200,0.0981,0.0000,0.0000,0,REST-S,7,4,3
581,6656,0:33:30,0,0.00,0,0.1900,0.0880,0.0000,0.0000,0,REST-S,7,4,3
581,6657,0:34:00,0,0.00,0,0.2200,0.0981,0.0000,0.0000,0,REST-S,7,4,3
581,6658,0:34:30,0,0.00,0,0.2200,0.0981,0.0000,0.0000,0,REST-S,7,4,3
581,6659,0:35:00,0,0.00,0,0.2200,0.0981,0.0000,0.0000,0,REST-S,7,4,3
581,6660,0:35:30,0,0.00,0,0.2200,0.0981,0.0000,0.0000,0,REST-S,7,4,3
581,6661,0:36:00,0,0.00,0,0.2200,0.0981,0.0000,0.0000,0,REST-S,7,4,3
581,6662,0:36:30,0,0.00,0,0.2200,0.0981,0.0000,0.0000,0,REST-S,7,4,3
581,6663,0:37:00,0,0.00,0,0.2200,0.0981,0.0000,0.0000,0,REST-S,7,4,3
581,6664,0:37:30,0,0.00,0,0.2200,0.0981,0.0000,0.0000,0,REST-S,7,4,3
581,6665,0:38:00,0,0.00,0,0.2200,0.0981,0.0000,0.0000,0,REST-S,7,4,3
581,6666,0:38:30,0,0.00,0,0.2200,0.0981,0.0000,0.0000,0,REST-S,7,4,3
581,6667,0:39:00,0,0.00,0,0.2200,0.0981,0.0000,0.0000,0,REST-S,7,4,3
581,6668,0:39:30,0,0.00,0,0.2200,0.0981,0.0000,0.0000,0,REST-S,7,4,3
581,6669,0:40:00,0,0.00,0,0.2200,0.0981,0.0000,0.0000,0,REST-S,7,4,3
581,6670,0:40:30,0,0.00,0,0.2200,0.0981,0.0000,0.0000,0,REST-S,7,4,3
581,6671,0:41:00,0,0.00,0,0.2200,0.0981,0.0000,0.0000,0,REST-S,7,4,3
581,6672,0:41:30,0,0.00,0,0.2200,0.0981,0.0000,0.0000,0,REST-S,7,4,3
581,6673,0:42:00,0,0.00,0,0.2200,0.0981,0.0000,0.0000,0,REST-S,7,4,3
581,6674,0:42:30,0,0.00,0,0.2200,0.0981,0.0000,0.0000,0,REST-S,7,4,3
581,6675,0:43:00,0,0.00,0,0.2200,0.0981,0.0000,0.0000,0,REST-S,7,4,3
581,6676,0:43:30,0,0.00,0,0.2200,0.0981,0.0000,0.0000,0,REST-S,7,4,3
581,6677,0:44:00,0,0.00,0,0.2200,0.0981,0.0000,0.0000,0,REST-S,7,4,3
581,6678,0:44:30,0,0.00,0,0.2200,0.0981,0.0000,0.0000,0,REST-S,7,4,3
581,6679,0:45:00,0,0.00,0,0.2200,0.0981,0.0000,0.0000,0,REST-S,7,4,3
581,6680,0:45:30,0,0.00,0,0.2200,0.0981,0.0000,0.0000,0,REST-S,7,4,3
581,6681,0:46:00,0,0.00,0,0.2200,0.0981,0.0000,0.0000,0,REST-S,7,4,3
581,6682,0:46:30,0,0.00,0,0.2200,0.0981,0.0000,0.0000,0,REST-S,7,4,3
581,6683,0:47:00,0,0.00,0,0.2300,0.0981,0.0000,0.0117,0,REST-S,7,4,3
581,6684,0:47:30,0,0.00,0,0.2200,0.0981,0.0000,0.0000,0,REST-S,7,4,3
581,6685,0:48:00,0,0.00,0,0.2300,0.0981,0.0000,0.0117,0,REST-S,7,4,3
581,6686,0:48:30,0,0.00,0,0.5100,0.0861,0.0347,0.0117,0,REST-S,7,4,3
581,6687,0:49:00,0,0.00,0,0.5100,0.0861,0.0347,0.0117,0,REST-S,7,4,3
581,6688,0:49:30,0,0.00,0,0.2200,0.0981,0.0000,0.0000,0,REST-S,7,4,3
581,6689,0:50:00,0,0.00,0,0.2200,0.0981,0.0000,0.0000,0,REST-S,7,4,3
581,6690,0:50:30,0,0.00,0,0.2200,0.0981,0.0000,0.0000,0,REST-S,7,4,3
581,6691,0:51:00,0,0.00,0,0.2200,0.0981,0.0000,0.0000,0,REST-S,7,4,3
581,6692,0:51:30,0,0.00,0,0.2200,0.0981,0.0000,0.0000,0,REST-S,7,4,3
581,6693,0:52:00,0,0.00,0,0.2300,0.0981,0.0000,0.0117,0,REST-S,7,4,3
581,6694,0:52:30,0,0.00,0,0.2200,0.0981,0.0000,0.0000,0,REST-S,7,4,3
581,6695,0:53:00,0,0.00,0,0.2200,0.0981,0.0000,0.0000,0,REST-S,7,4,3
581,6696,0:53:30,0,0.00,0,0.4300,0.0939,0.0251,0.0000,0,REST-S,7,4,3
581,6697,0:54:00,0,0.00,0,0.2200,0.0981,0.0000,0.0000,0,REST-S,7,4,3
581,6698,0:54:30,0,0.00,0,0.2300,0.0981,0.0000,0.0117,0,REST-S,7,4,3
581,6699,0:55:00,0,0.00,0,0.2200,0.0981,0.0000,0.0000,0,REST-S,7,4,3
581,6700,0:55:30,0,0.00,0,0.2400,0.1070,0.0000,0.0000,0,REST-S,7,4,3
581,6701,0:56:00,0,0.00,0,0.2400,0.1070,0.0000,0.0000,0,REST-S,7,4,3
581,6702,0:56:30,0,0.00,0,0.4300,0.0939,0.0251,0.0000,0,REST-S,7,4,3
581,6703,0:57:00,0,0.00,0,0.2300,0.0981,0.0000,0.0117,0,REST-S,7,4,3
581,6704,0:57:30,0,0.00,0,0.5100,0.0861,0.0347,0.0117,0,REST-S,7,4,3
581,6705,0:58:00,0,0.00,0,0.5200,0.0939,0.0347,0.0117,0,REST-S,7,4,3
581,6706,0:58:30,0,0.00,0,0.2400,0.1070,0.0000,0.0000,0,REST-S,7,4,3
581,6707,0:59:00,0,0.00,0,0.4300,0.0939,0.0251,0.0000,0,REST-S,7,4,3
581,6708,0:59:30,0,0.00,0,0.4300,0.0939,0.0251,0.0000,0,REST-S,7,4,3
581,6709,1:00:00,0,0.00,0,0.2500,0.1070,0.0000,0.0117,0,REST-S,7,4,3
581,6710,1:00:30,0,0.00,0,0.2500,0.1070,0.0000,0.0117,0,REST-S,7,4,3
581,6711,1:01:00,0,0.00,0,0.2500,0.1070,0.0000,0.0117,0,REST-S,7,4,3
581,6712,1:01:30,0,0.00,0,0.2500,0.1070,0.0000,0.0117,0,REST-S,7,4,3
581,6713,1:02:00,0,36.00,0,0.2400,0.1070,0.0000,0.0000,1,REST-S,7,4,3
581,6714,1:02:30,0,0.00,0,0.2500,0.1070,0.0000,0.0117,0,REST-S,7,4,3
581,6715,1:03:00,0,0.00,0,0.5200,0.0939,0.0347,0.0117,0,REST-S,7,4,3
581,6716,1:03:30,0,0.00,0,0.2500,0.1070,0.0000,0.0117,0,REST-S,7,4,3
581,6717,1:04:00,0,0.00,0,0.5200,0.0939,0.0347,0.0117,0,REST-S,7,4,3
581,6718,1:04:30,0,0.00,0,0.5200,0.0939,0.0347,0.0117,0,REST-S,7,4,3
581,6719,1:05:00,0,0.00,0,0.2800,0.1220,0.0000,0.0117,0,REST-S,7,4,3
581,6720,1:05:30,0,0.00,0,0.5700,0.1140,0.0347,0.0117,0,REST-S,7,4,3
581,6721,1:06:00,0,0.00,0,0.5700,0.1140,0.0347,0.0117,0,REST-S,7,4,3
581,6722,1:06:30,0,0.00,0,0.5700,0.1140,0.0347,0.0117,0,REST-S,7,4,3
581,6723,1:07:00,0,0.00,0,0.5500,0.1070,0.0347,0.0117,0,REST-S,7,4,3
581,6724,1:07:30,0,0.00,0,0.5500,0.1070,0.0347,0.0117,0,REST-S,7,4,3
581,6725,1:08:00,0,26.00,0,0.5300,0.0981,0.0347,0.0117,1,REST-S,7,4,3
581,6726,1:08:30,0,0.00,0,0.2800,0.1220,0.0000,0.0117,0,REST-S,7,4,3
581,6727,1:09:00,0,0.00,0,0.5500,0.1070,0.0347,0.0117,0,REST-S,7,4,3
581,6728,1:09:30,0,0.00,0,0.5300,0.0981,0.0347,0.0117,0,REST-S,7,4,3
581,6729,1:10:00,0,0.00,0,0.5200,0.0939,0.0347,0.0117,0,REST-S,7,4,3
581,6730,1:10:30,0,0.00,0,0.5200,0.0939,0.0347,0.0117,0,REST-S,7,4,3
581,6731,1:11:00,0,0.00,0,0.5200,0.0939,0.0347,0.0117,0,REST-S,7,4,3
581,6732,1:11:30,0,0.00,0,0.2500,0.1070,0.0000,0.0117,0,REST-S,7,4,3
581,6733,1:12:00,0,0.00,0,0.5200,0.0939,0.0347,0.0117,0,REST-S,7,4,3
581,6734,1:12:30,0,0.00,0,0.5200,0.0939,0.0347,0.0117,0,REST-S,7,4,3
581,6735,1:13:00,0,0.00,0,0.2500,0.1070,0.0000,0.0117,0,REST-S,7,4,3
581,6736,1:13:30,0,0.00,0,0.5200,0.0939,0.0347,0.0117,0,REST-S,7,4,3
581,6737,1:14:00,0,0.00,0,0.5200,0.0939,0.0347,0.0117,0,REST-S,7,4,3
581,6738,1:14:30,0,0.00,0,0.5200,0.0939,0.0347,0.0117,0,REST-S,7,4,3
581,6739,1:15:00,0,0.00,0,0.5200,0.0939,0.0347,0.0117,0,REST-S,7,4,3
581,6740,1:15:30,0,0.00,0,0.5200,0.0939,0.0347,0.0117,0,REST-S,7,4,3
581,6741,1:16:00,0,66.00,0,0.5200,0.0939,0.0347,0.0117,1,REST-S,7,4,3
581,6742,1:16:30,0,56.00,0,0.5200,0.0939,0.0347,0.0117,1,REST-S,7,4,3
581,6743,1:17:00,0,0.00,0,0.5200,0.0939,0.0347,0.0117,0,REST-S,7,4,3
581,6744,1:17:30,0,0.00,0,0.5200,0.0939,0.0347,0.0117,0,REST-S,7,4,3
581,6745,1:18:00,0,0.00,0,0.5200,0.0939,0.0347,0.0117,0,REST-S,7,4,3
581,6746,1:18:30,0,0.00,0,0.5200,0.0939,0.0347,0.0117,0,REST-S,7,4,3
581,6747,1:19:00,0,0.00,0,0.5200,0.0939,0.0347,0.0117,0,REST-S,7,4,3
581,6748,1:19:30,0,0.00,0,0.5200,0.0939,0.0347,0.0117,0,REST-S,7,4,3
581,6749,1:20:00,0,0.00,0,0.5200,0.0939,0.0347,0.0117,0,REST-S,7,4,3
581,6750,1:20:30,0,0.00,0,0.5200,0.0939,0.0347,0.0117,0,REST-S,7,4,3
581,6751,1:21:00,0,0.00,0,0.5300,0.0981,0.0347,0.0117,0,REST-S,7,4,3
581,6752,1:21:30,0,0.00,0,0.5200,0.0939,0.0347,0.0117,0,REST-S,7,4,3
581,6753,1:22:00,0,0.00,0,0.5200,0.0939,0.0347,0.0117,0,REST-S,7,4,3
581,6754,1:22:30,0,4.00,0,0.5200,0.0939,0.0347,0.0117,0,REST-S,7,4,3
581,6755,1:23:00,0,0.00,0,0.5200,0.0939,0.0347,0.0117,0,REST-S,7,4,3
581,6756,1:23:30,0,0.00,0,0.5300,0.0981,0.0347,0.0117,0,REST-S,7,4,3
581,6757,1:24:00,0,0.00,0,0.5200,0.0939,0.0347,0.0117,0,REST-S,7,4,3
581,6758,1:24:30,0,0.00,0,0.5200,0.0939,0.0347,0.0117,0,REST-S,7,4,3
581,6759,1:25:00,0,0.00,0,0.5300,0.0981,0.0347,0.0117,0,REST-S,7,4,3
581,6760,1:25:30,0,33.00,0,0.5200,0.0939,0.0347,0.0117,1,REST-S,7,4,3
581,6761,1:26:00,0,0.00,0,0.5300,0.0981,0.0347,0.0117,0,REST-S,7,4,3
581,6762,1:26:30,0,0.00,0,0.5300,0.0981,0.0347,0.0117,0,REST-S,7,4,3
581,6763,1:27:00,0,0.00,0,0.5200,0.0939,0.0347,0.0117,0,REST-S,7,4,3
581,6764,1:27:30,0,0.00,0,0.5200,0.0939,0.0347,0.0117,0,REST-S,7,4,3
581,6765,1:28:00,0,0.00,0,0.5300,0.0981,0.0347,0.0117,0,REST-S,7,4,3
581,6766,1:28:30,0,0.00,0,0.5200,0.0939,0.0347,0.0117,0,REST-S,7,4,3
581,6767,1:29:00,0,0.00,0,0.5200,0.0939,0.0347,0.0117,0,REST-S,7,4,3
581,6768,1:29:30,0,0.00,0,0.5300,0.0981,0.0347,0.0117,0,REST-S,7,4,3
581,6769,1:30:00,0,0.00,0,0.5200,0.0939,0.0347,0.0117,0,REST-S,7,4,3
581,6770,1:30:30,0,0.00,0,0.5200,0.0939,0.0347,0.0117,0,REST-S,7,4,3
581,6771,1:31:00,0,93.00,0,0.5300,0.0981,0.0347,0.0117,1,REST-S,7,4,3
581,6772,1:31:30,0,0.00,0,0.5500,0.1070,0.0347,0.0117,0,REST-S,7,4,3
581,6773,1:32:00,0,0.00,0,0.5500,0.1070,0.0347,0.0117,0,REST-S,7,4,3
581,6774,1:32:30,0,0.00,0,0.5500,0.1070,0.0347,0.0117,0,REST-S,7,4,3
581,6775,1:33:00,0,0.00,0,0.5300,0.0981,0.0347,0.0117,0,REST-S,7,4,3
581,6776,1:33:30,0,1.00,0,0.5300,0.0981,0.0347,0.0117,0,REST-S,7,4,3
581,6777,1:34:00,0,0.00,0,0.5300,0.0981,0.0347,0.0117,0,REST-S,7,4,3
581,6778,1:34:30,0,0.00,0,0.5300,0.0981,0.0347,0.0117,0,REST-S,7,4,3
581,6779,1:35:00,0,0.00,0,0.5300,0.0981,0.0347,0.0117,0,REST-S,7,4,3
581,6780,1:35:30,0,0.00,0,0.5300,0.0981,0.0347,0.0117,0,REST-S,7,4,3
581,6781,1:36:00,0,0.00,0,0.5300,0.0981,0.0347,0.0117,0,REST-S,7,4,3
581,6782,1:36:30,0,0.00,0,0.5300,0.0981,0.0347,0.0117,0,REST-S,7,4,3
581,6783,1:37:00,0,0.00,0,0.5300,0.0981,0.0347,0.0117,0,REST-S,7,4,3
581,6784,1:37:30,0,0.00,0,0.5300,0.0981,0.0347,0.0117,0,REST-S,7,4,3
581,6785,1:38:00,0,0.00,0,0.5300,0.0981,0.0347,0.0117,0,REST-S,7,4,3
581,6786,1:38:30,0,0.00,0,0.5300,0.0981,0.0347,0.0117,0,REST-S,7,4,3
581,6787,1:39:00,0,0.00,0,0.5300,0.0981,0.0347,0.0117,1,REST-S,7,4,3
581,6788,1:39:30,0,79.00,0,0.5300,0.0981,0.0347,0.0117,1,REST-S,7,4,3
581,6789,1:40:00,0,193.00,0,0.5300,0.0981,0.0347,0.0117,1,REST-S,7,4,3
581,6790,1:40:30,0,269.00,0,0.4300,0.0939,0.0251,0.0000,1,REST-S,7,4,3
581,6791,1:41:00,0,0.00,0,0.5300,0.0981,0.0347,0.0117,1,REST-S,7,4,3
581,6792,1:41:30,0,0.00,0,0.5300,0.0981,0.0347,0.0117,1,REST-S,7,4,3
581,6793,1:42:00,0,0.00,0,0.5500,0.1070,0.0347,0.0117,0,REST-S,7,4,3
581,6794,1:42:30,0,0.00,0,0.5500,0.1070,0.0347,0.0117,0,REST-S,7,4,3
581,6795,1:43:00,0,0.00,0,0.5300,0.0981,0.0347,0.0117,0,REST-S,7,4,3
581,6796,1:43:30,0,0.00,0,0.5300,0.0981,0.0347,0.0117,0,REST-S,7,4,3
581,6797,1:44:00,0,82.00,0,0.5500,0.1070,0.0347,0.0117,1,REST-S,7,4,3
581,6798,1:44:30,0,114.00,0,0.5700,0.1140,0.0347,0.0117,1,REST-S,7,4,3
581,6799,1:45:00,0,0.00,0,0.5700,0.1140,0.0347,0.0117,0,REST-S,7,4,3
581,6800,1:45:30,0,0.00,0,0.5500,0.1070,0.0347,0.0117,0,REST-S,7,4,3
581,6801,1:46:00,0,0.00,0,0.5500,0.1070,0.0347,0.0117,0,REST-S,7,4,3
581,6802,1:46:30,0,0.00,0,0.5500,0.1070,0.0347,0.0117,0,REST-S,7,4,3
581,6803,1:47:00,0,0.00,0,0.5500,0.1070,0.0347,0.0117,0,REST-S,7,4,3
581,6804,1:47:30,0,0.00,0,0.5500,0.1070,0.0347,0.0117,0,REST-S,7,4,3
581,6805,1:48:00,0,0.00,0,0.5500,0.1070,0.0347,0.0117,0,REST-S,7,4,3
581,6806,1:48:30,0,0.00,0,0.5700,0.1140,0.0347,0.0117,0,REST-S,7,4,3
581,6807,1:49:00,0,0.00,0,0.5700,0.1140,0.0347,0.0117,0,REST-S,7,4,3
581,6808,1:49:30,0,0.00,0,0.5500,0.1070,0.0347,0.0117,0,REST-S,7,4,3
581,6809,1:50:00,0,0.00,0,0.5500,0.1070,0.0347,0.0117,0,REST-S,7,4,3
581,6810,1:50:30,0,0.00,0,0.5500,0.1070,0.0347,0.0117,0,REST-S,7,4,3
581,6811,1:51:00,0,0.00,0,0.5300,0.0981,0.0347,0.0117,0,REST-S,7,4,3
581,6812,1:51:30,0,0.00,0,0.5300,0.0981,0.0347,0.0117,0,REST-S,7,4,3
581,6813,1:52:00,0,0.00,0,0.5300,0.0981,0.0347,0.0117,0,REST-S,7,4,3
581,6814,1:52:30,0,0.00,0,0.5300,0.0981,0.0347,0.0117,0,REST-S,7,4,3
581,6815,1:53:00,0,0.00,0,0.5500,0.1070,0.0347,0.0117,0,REST-S,7,4,3
581,6816,1:53:30,0,0.00,0,0.5300,0.0981,0.0347,0.0117,0,REST-S,7,4,3
581,6817,1:54:00,0,12.00,0,0.5300,0.0981,0.0347,0.0117,0,REST-S,7,4,3
581,6818,1:54:30,0,0.00,0,0.5300,0.0981,0.0347,0.0117,0,REST-S,7,4,3
581,6819,1:55:00,0,0.00,0,0.5500,0.1070,0.0347,0.0117,0,REST-S,7,4,3
581,6820,1:55:30,0,0.00,0,0.5300,0.0981,0.0347,0.0117,0,REST-S,7,4,3
581,6821,1:56:00,0,0.00,0,0.5500,0.1070,0.0347,0.0117,0,REST-S,7,4,3
581,6822,1:56:30,0,0.00,0,0.5300,0.0981,0.0347,0.0117,0,REST-S,7,4,3
581,6823,1:57:00,0,0.00,0,0.5300,0.0981,0.0347,0.0117,0,REST-S,7,4,3
581,6824,1:57:30,0,0.00,0,0.5500,0.1070,0.0347,0.0117,0,REST-S,7,4,3
581,6825,1:58:00,0,0.00,0,0.5300,0.0981,0.0347,0.0117,0,REST-S,7,4,3
581,6826,1:58:30,0,0.00,0,0.5500,0.1070,0.0347,0.0117,0,REST-S,7,4,3
581,6827,1:59:00,0,0.00,0,0.5700,0.1140,0.0347,0.0117,0,REST-S,7,4,3
581,6828,1:59:30,0,0.00,0,0.5700,0.1140,0.0347,0.0117,0,REST-S,7,4,3
581,6829,2:00:00,0,0.00,0,0.5700,0.1140,0.0347,0.0117,0,REST-S,7,4,3
581,6830,2:00:30,0,0.00,0,0.5700,0.1140,0.0347,0.0117,0,REST-S,7,4,3
581,6831,2:01:00,0,0.00,0,0.5700,0.1140,0.0347,0.0117,0,REST-S,7,4,3
581,6832,2:01:30,0,0.00,0,0.5700,0.1140,0.0347,0.0117,0,REST-S,7,4,3
581,6833,2:02:00,0,0.00,0,0.5700,0.1140,0.0347,0.0117,0,REST-S,7,4,3
581,6834,2:02:30,0,0.00,0,0.5700,0.1140,0.0347,0.0117,0,REST-S,7,4,3
581,6835,2:03:00,0,0.00,0,0.5700,0.1140,0.0347,0.0117,0,REST-S,7,4,3
581,6836,2:03:30,0,0.00,0,0.5700,0.1140,0.0347,0.0117,0,REST-S,7,4,3
581,6837,2:04:00,0,0.00,0,0.5700,0.1140,0.0347,0.0117,0,REST-S,7,4,3
581,6838,2:04:30,0,0.00,0,0.5700,0.1140,0.0347,0.0117,0,REST-S,7,4,3
581,6839,2:05:00,0,0.00,0,0.5700,0.1140,0.0347,0.0117,0,REST-S,7,4,3
581,6840,2:05:30,0,0.00,0,0.5700,0.1140,0.0347,0.0117,0,REST-S,7,4,3
581,6841,2:06:00,0,0.00,0,0.5700,0.1140,0.0347,0.0117,0,REST-S,7,4,3
581,6842,2:06:30,0,0.00,0,0.5700,0.1140,0.0347,0.0117,0,REST-S,7,4,3
581,6843,2:07:00,0,0.00,0,0.5700,0.1140,0.0347,0.0117,0,REST-S,7,4,3
581,6844,2:07:30,0,0.00,0,0.5700,0.1140,0.0347,0.0117,0,REST-S,7,4,3
581,6845,2:08:00,0,0.00,0,0.5700,0.1140,0.0347,0.0117,0,REST-S,7,4,3
581,6846,2:08:30,0,0.00,0,0.5500,0.1070,0.0347,0.0117,0,REST-S,7,4,3
581,6847,2:09:00,0,0.00,0,0.5500,0.1070,0.0347,0.0117,0,REST-S,7,4,3
581,6848,2:09:30,0,0.00,0,0.5500,0.1070,0.0347,0.0117,0,REST-S,7,4,3
581,6849,2:10:00,0,0.00,0,0.5500,0.1070,0.0347,0.0117,0,REST-S,7,4,3
581,6850,2:10:30,0,0.00,0,0.5500,0.1070,0.0347,0.0117,0,REST-S,7,4,3
581,6851,2:11:00,0,0.00,0,0.5500,0.1070,0.0347,0.0117,0,REST-S,7,4,3
581,6852,2:11:30,0,0.00,0,0.5500,0.1070,0.0347,0.0117,0,REST-S,7,4,3
581,6853,2:12:00,0,12.00,0,0.5500,0.1070,0.0347,0.0117,0,REST-S,7,4,3
581,6854,2:12:30,0,0.00,0,0.5500,0.1070,0.0347,0.0117,0,REST-S,7,4,3
581,6855,2:13:00,0,0.00,0,0.5500,0.1070,0.0347,0.0117,0,REST-S,7,4,3
581,6856,2:13:30,0,0.00,0,0.5700,0.1140,0.0347,0.0117,0,REST-S,7,4,3
581,6857,2:14:00,0,1.00,0,0.5500,0.1070,0.0347,0.0117,0,REST-S,7,4,3
581,6858,2:14:30,0,0.00,0,0.5500,0.1070,0.0347,0.0117,0,REST-S,7,4,3
581,6859,2:15:00,0,0.00,0,0.5500,0.1070,0.0347,0.0117,0,REST-S,7,4,3
581,6860,2:15:30,0,0.00,0,0.5500,0.1070,0.0347,0.0117,0,REST-S,7,4,3
581,6861,2:16:00,0,0.00,0,0.5300,0.0981,0.0347,0.0117,0,REST-S,7,4,3
581,6862,2:16:30,0,28.00,0,0.5300,0.0981,0.0347,0.0117,1,REST-S,7,4,3
581,6863,2:17:00,0,0.00,0,0.5300,0.0981,0.0347,0.0117,0,REST-S,7,4,3
581,6864,2:17:30,0,0.00,0,0.5500,0.1070,0.0347,0.0117,0,REST-S,7,4,3
581,6865,2:18:00,0,1.00,0,0.5300,0.0981,0.0347,0.0117,0,REST-S,7,4,3
581,6866,2:18:30,0,0.00,0,0.5500,0.1070,0.0347,0.0117,0,REST-S,7,4,3
581,6867,2:19:00,0,0.00,0,0.5300,0.0981,0.0347,0.0117,0,REST-S,7,4,3
581,6868,2:19:30,0,0.00,0,0.5300,0.0981,0.0347,0.0117,0,REST-S,7,4,3
581,6869,2:20:00,0,0.00,0,0.5300,0.0981,0.0347,0.0117,0,REST-S,7,4,3
581,6870,2:20:30,0,0.00,0,0.5300,0.0981,0.0347,0.0117,0,REST-S,7,4,3
581,6871,2:21:00,0,0.00,0,0.5300,0.0981,0.0347,0.0117,0,REST-S,7,4,3
581,6872,2:21:30,0,0.00,0,0.5500,0.1070,0.0347,0.0117,0,REST-S,7,4,3
581,6873,2:22:00,0,0.00,0,0.5300,0.0981,0.0347,0.0117,0,REST-S,7,4,3
581,6874,2:22:30,0,0.00,0,0.5500,0.1070,0.0347,0.0117,0,REST-S,7,4,3
581,6875,2:23:00,0,0.00,0,0.5500,0.1070,0.0347,0.0117,0,REST-S,7,4,3
581,6876,2:23:30,0,0.00,0,0.5500,0.1070,0.0347,0.0117,0,REST-S,7,4,3
581,6877,2:24:00,0,0.00,0,0.5300,0.0981,0.0347,0.0117,0,REST-S,7,4,3
581,6878,2:24:30,0,0.00,0,0.5300,0.0981,0.0347,0.0117,0,REST-S,7,4,3
581,6879,2:25:00,0,0.00,0,0.5300,0.0981,0.0347,0.0117,0,REST-S,7,4,3
581,6880,2:25:30,0,0.00,0,0.5300,0.0981,0.0347,0.0117,0,REST-S,7,4,3
581,6881,2:26:00,0,0.00,0,0.5300,0.0981,0.0347,0.0117,0,REST-S,7,4,3
581,6882,2:26:30,0,0.00,0,0.5300,0.0981,0.0347,0.0117,0,REST-S,7,4,3
581,6883,2:27:00,0,0.00,0,0.5300,0.0981,0.0347,0.0117,0,REST-S,7,4,3
581,6884,2:27:30,0,0.00,0,0.5500,0.1070,0.0347,0.0117,0,REST-S,7,4,3
581,6885,2:28:00,0,0.00,0,0.5500,0.1070,0.0347,0.0117,0,REST-S,7,4,3
581,6886,2:28:30,0,0.00,0,0.5300,0.0981,0.0347,0.0117,0,REST-S,7,4,3
581,6887,2:29:00,0,0.00,0,0.5300,0.0981,0.0347,0.0117,0,REST-S,7,4,3
581,6888,2:29:30,0,0.00,0,0.5300,0.0981,0.0347,0.0117,0,REST-S,7,4,3
581,6889,2:30:00,0,0.00,0,0.5300,0.0981,0.0347,0.0117,0,REST-S,7,4,3
581,6890,2:30:30,0,0.00,0,0.5500,0.1070,0.0347,0.0117,0,REST-S,7,4,3
581,6891,2:31:00,0,0.00,0,0.5300,0.0981,0.0347,0.0117,0,REST-S,7,4,3
581,6892,2:31:30,0,0.00,0,0.5500,0.1070,0.0347,0.0117,0,REST-S,7,4,3
581,6893,2:32:00,0,0.00,0,0.5500,0.1070,0.0347,0.0117,0,REST-S,7,4,3
581,6894,2:32:30,0,0.00,0,0.5300,0.0981,0.0347,0.0117,0,REST-S,7,4,3
581,6895,2:33:00,0,9.00,0,0.5500,0.1070,0.0347,0.0117,0,REST-S,7,4,3
581,6896,2:33:30,0,0.00,0,0.5500,0.1070,0.0347,0.0117,0,REST-S,7,4,3
581,6897,2:34:00,0,9.00,0,0.5300,0.0981,0.0347,0.0117,0,REST-S,7,4,3
581,6898,2:34:30,0,0.00,0,0.5500,0.1070,0.0347,0.0117,0,REST-S,7,4,3
581,6899,2:35:00,0,66.00,0,0.5500,0.1070,0.0347,0.0117,1,REST-S,7,4,3
581,6900,2:35:30,0,0.00,0,0.5500,0.1070,0.0347,0.0117,0,REST-S,7,4,3
581,6901,2:36:00,0,0.00,0,0.5500,0.1070,0.0347,0.0117,0,REST-S,7,4,3
581,6902,2:36:30,0,0.00,0,0.5500,0.1070,0.0347,0.0117,0,REST-S,7,4,3
581,6903,2:37:00,0,0.00,0,0.5500,0.1070,0.0347,0.0117,0,REST-S,7,4,3
581,6904,2:37:30,0,0.00,0,0.5300,0.0981,0.0347,0.0117,0,REST-S,7,4,3
581,6905,2:38:00,0,0.00,0,0.5500,0.1070,0.0347,0.0117,0,REST-S,7,4,3
581,6906,2:38:30,0,0.00,0,0.5300,0.0981,0.0347,0.0117,0,REST-S,7,4,3
581,6907,2:39:00,0,0.00,0,0.5300,0.0981,0.0347,0.0117,0,REST-S,7,4,3
581,6908,2:39:30,0,0.00,0,0.5300,0.0981,0.0347,0.0117,0,REST-S,7,4,3
581,6909,2:40:00,0,0.00,0,0.5300,0.0981,0.0347,0.0117,0,REST-S,7,4,3
581,6910,2:40:30,0,0.00,0,0.5300,0.0981,0.0347,0.0117,0,REST-S,7,4,3
581,6911,2:41:00,0,0.00,0,0.5300,0.0981,0.0347,0.0117,0,REST-S,7,4,3
581,6912,2:41:30,0,0.00,0,0.5300,0.0981,0.0347,0.0117,0,REST-S,7,4,3
581,6913,2:42:00,0,0.00,0,0.5300,0.0981,0.0347,0.0117,0,REST-S,7,4,3
581,6914,2:42:30,0,0.00,0,0.5300,0.0981,0.0347,0.0117,0,REST-S,7,4,3
581,6915,2:43:00,0,1.00,0,0.5300,0.0981,0.0347,0.0117,0,REST-S,7,4,3
581,6916,2:43:30,0,0.00,0,0.5300,0.0981,0.0347,0.0117,0,REST-S,7,4,3
581,6917,2:44:00,0,0.00,0,0.5300,0.0981,0.0347,0.0117,0,REST-S,7,4,3
581,6918,2:44:30,0,0.00,0,0.5300,0.0981,0.0347,0.0117,0,REST-S,7,4,3
581,6919,2:45:00,0,0.00,0,0.5300,0.0981,0.0347,0.0117,0,REST-S,7,4,3
581,6920,2:45:30,0,0.00,0,0.5300,0.0981,0.0347,0.0117,0,REST-S,7,4,3
581,6921,2:46:00,0,0.00,0,0.5300,0.0981,0.0347,0.0117,0,REST-S,7,4,3
581,6922,2:46:30,0,0.00,0,0.5300,0.0981,0.0347,0.0117,0,REST-S,7,4,3
581,6923,2:47:00,0,0.00,0,0.5300,0.0981,0.0347,0.0117,0,REST-S,7,4,3
581,6924,2:47:30,0,0.00,0,0.5500,0.1070,0.0347,0.0117,0,REST-S,7,4,3
581,6925,2:48:00,0,0.00,0,0.5500,0.1070,0.0347,0.0117,0,REST-S,7,4,3
581,6926,2:48:30,0,0.00,0,0.5300,0.0981,0.0347,0.0117,0,REST-S,7,4,3
581,6927,2:49:00,0,0.00,0,0.5300,0.0981,0.0347,0.0117,0,REST-S,7,4,3
581,6928,2:49:30,0,0.00,0,0.5300,0.0981,0.0347,0.0117,0,REST-S,7,4,3
581,6929,2:50:00,0,0.00,0,0.5300,0.0981,0.0347,0.0117,0,REST-S,7,4,3
581,6930,2:50:30,0,0.00,0,0.5300,0.0981,0.0347,0.0117,0,REST-S,7,4,3
581,6931,2:51:00,0,0.00,0,0.5500,0.1070,0.0347,0.0117,0,REST-S,7,4,3
581,6932,2:51:30,0,0.00,0,0.5300,0.0981,0.0347,0.0117,0,REST-S,7,4,3
581,6933,2:52:00,0,0.00,0,0.5300,0.0981,0.0347,0.0117,0,REST-S,7,4,3
581,6934,2:52:30,0,0.00,0,0.5300,0.0981,0.0347,0.0117,0,REST-S,7,4,3
581,6935,2:53:00,0,0.00,0,0.5300,0.0981,0.0347,0.0117,0,REST-S,7,4,3
581,6936,2:53:30,0,0.00,0,0.5300,0.0981,0.0347,0.0117,0,REST-S,7,4,3
581,6937,2:54:00,0,0.00,0,0.5300,0.0981,0.0347,0.0117,0,REST-S,7,4,3
581,6938,2:54:30,0,0.00,0,0.5500,0.1070,0.0347,0.0117,0,REST-S,7,4,3
581,6939,2:55:00,0,0.00,0,0.5500,0.1070,0.0347,0.0117,0,REST-S,7,4,3
581,6940,2:55:30,0,0.00,0,0.5300,0.0981,0.0347,0.0117,0,REST-S,7,4,3
581,6941,2:56:00,0,0.00,0,0.5300,0.0981,0.0347,0.0117,0,REST-S,7,4,3
581,6942,2:56:30,0,0.00,0,0.5300,0.0981,0.0347,0.0117,0,REST-S,7,4,3
581,6943,2:57:00,0,0.00,0,0.5300,0.0981,0.0347,0.0117,0,REST-S,7,4,3
581,6944,2:57:30,0,0.00,0,0.5300,0.0981,0.0347,0.0117,0,REST-S,7,4,3
581,6945,2:58:00,0,0.00,0,0.5300,0.0981,0.0347,0.0117,0,REST-S,7,4,3
581,6946,2:58:30,0,0.00,0,0.5300,0.0981,0.0347,0.0117,0,REST-S,7,4,3
581,6947,2:59:00,0,0.00,0,0.5300,0.0981,0.0347,0.0117,0,REST-S,7,4,3
581,6948,2:59:30,0,0.00,0,0.5300,0.0981,0.0347,0.0117,0,REST-S,7,4,3
581,6949,3:00:00,0,0.00,0,0.5300,0.0981,0.0347,0.0117,0,REST-S,7,4,3
581,6950,3:00:30,0,0.00,0,0.5300,0.0981,0.0347,0.0117,0,REST-S,7,4,3
581,6951,3:01:00,0,0.00,0,0.5300,0.0981,0.0347,0.0117,0,REST-S,7,4,3
581,6952,3:01:30,0,0.00,0,0.5300,0.0981,0.0347,0.0117,0,REST-S,7,4,3
581,6953,3:02:00,0,0.00,0,0.5300,0.0981,0.0347,0.0117,0,REST-S,7,4,3
581,6954,3:02:30,0,0.00,0,0.5300,0.0981,0.0347,0.0117,0,REST-S,7,4,3
581,6955,3:03:00,0,86.00,0,0.5300,0.0981,0.0347,0.0117,1,REST-S,7,4,3
581,6956,3:03:30,0,0.00,0,0.5300,0.0981,0.0347,0.0117,0,REST-S,7,4,3
581,6957,3:04:00,0,0.00,0,0.5300,0.0981,0.0347,0.0117,0,REST-S,7,4,3
581,6958,3:04:30,0,0.00,0,0.5300,0.0981,0.0347,0.0117,0,REST-S,7,4,3
581,6959,3:05:00,0,0.00,0,0.5300,0.0981,0.0347,0.0117,0,REST-S,7,4,3
581,6960,3:05:30,0,0.00,0,0.5300,0.0981,0.0347,0.0117,0,REST-S,7,4,3
581,6961,3:06:00,0,0.00,0,0.5300,0.0981,0.0347,0.0117,0,REST-S,7,4,3
581,6962,3:06:30,0,0.00,0,0.5300,0.0981,0.0347,0.0117,0,REST-S,7,4,3
581,6963,3:07:00,0,0.00,0,0.5300,0.0981,0.0347,0.0117,0,REST-S,7,4,3
581,6964,3:07:30,0,0.00,0,0.5300,0.0981,0.0347,0.0117,0,REST-S,7,4,3
581,6965,3:08:00,0,31.00,0,0.5300,0.0981,0.0347,0.0117,1,REST-S,7,4,3
581,6966,3:08:30,0,0.00,0,0.5500,0.1070,0.0347,0.0117,0,REST-S,7,4,3
581,6967,3:09:00,0,0.00,0,0.5300,0.0981,0.0347,0.0117,0,REST-S,7,4,3
581,6968,3:09:30,0,0.00,0,0.5300,0.0981,0.0347,0.0117,0,REST-S,7,4,3
581,6969,3:10:00,0,0.00,0,0.5300,0.0981,0.0347,0.0117,0,REST-S,7,4,3
581,6970,3:10:30,0,0.00,0,0.5300,0.0981,0.0347,0.0117,0,REST-S,7,4,3
581,6971,3:11:00,0,56.00,0,0.5300,0.0981,0.0347,0.0117,1,REST-S,7,4,3
581,6972,3:11:30,0,0.00,0,0.5500,0.1070,0.0347,0.0117,0,REST-S,7,4,3
581,6973,3:12:00,0,0.00,0,0.5500,0.1070,0.0347,0.0117,0,REST-S,7,4,3
581,6974,3:12:30,0,75.00,0,0.5300,0.0981,0.0347,0.0117,1,REST-S,7,4,3
581,6975,3:13:00,0,0.00,0,0.5500,0.1070,0.0347,0.0117,0,REST-S,7,4,3
581,6976,3:13:30,0,0.00,0,0.5500,0.1070,0.0347,0.0117,0,REST-S,7,4,3
581,6977,3:14:00,0,0.00,0,0.5300,0.0981,0.0347,0.0117,0,REST-S,7,4,3
581,6978,3:14:30,0,0.00,0,0.5300,0.0981,0.0347,0.0117,0,REST-S,7,4,3
581,6979,3:15:00,0,0.00,0,0.5300,0.0981,0.0347,0.0117,0,REST-S,7,4,3
581,6980,3:15:30,0,0.00,0,0.5300,0.0981,0.0347,0.0117,0,REST-S,7,4,3
581,6981,3:16:00,0,0.00,0,0.5300,0.0981,0.0347,0.0117,0,REST-S,7,4,3
581,6982,3:16:30,0,0.00,0,0.5300,0.0981,0.0347,0.0117,0,REST-S,7,4,3
581,6983,3:17:00,0,0.00,0,0.5300,0.0981,0.0347,0.0117,0,REST-S,7,4,3
581,6984,3:17:30,0,0.00,0,0.5300,0.0981,0.0347,0.0117,0,REST-S,7,4,3
581,6985,3:18:00,0,0.00,0,0.5300,0.0981,0.0347,0.0117,0,REST-S,7,4,3
581,6986,3:18:30,0,0.00,0,0.5300,0.0981,0.0347,0.0117,0,REST-S,7,4,3
581,6987,3:19:00,0,0.00,0,0.5300,0.0981,0.0347,0.0117,0,REST-S,7,4,3
581,6988,3:19:30,0,0.00,0,0.5300,0.0981,0.0347,0.0117,0,REST-S,7,4,3
581,6989,3:20:00,0,0.00,0,0.5300,0.0981,0.0347,0.0117,0,REST-S,7,4,3
581,6990,3:20:30,0,0.00,0,0.5300,0.0981,0.0347,0.0117,0,REST-S,7,4,3
581,6991,3:21:00,0,0.00,0,0.5300,0.0981,0.0347,0.0117,0,REST-S,7,4,3
581,6992,3:21:30,0,56.00,0,0.5300,0.0981,0.0347,0.0117,1,REST-S,7,4,3
581,6993,3:22:00,0,61.00,0,0.5300,0.0981,0.0347,0.0117,1,REST-S,7,4,3
581,6994,3:22:30,0,0.00,0,0.5300,0.0981,0.0347,0.0117,0,REST-S,7,4,3
581,6995,3:23:00,0,0.00,0,0.5300,0.0981,0.0347,0.0117,0,REST-S,7,4,3
581,6996,3:23:30,0,63.00,0,0.5200,0.0939,0.0347,0.0117,1,REST-S,7,4,3
581,6997,3:24:00,0,0.00,0,0.5200,0.0939,0.0347,0.0117,0,REST-S,7,4,3
581,6998,3:24:30,0,0.00,0,0.5200,0.0939,0.0347,0.0117,0,REST-S,7,4,3
581,6999,3:25:00,0,0.00,0,0.5200,0.0939,0.0347,0.0117,0,REST-S,7,4,3
581,7000,3:25:30,0,0.00,0,0.5200,0.0939,0.0347,0.0117,0,REST-S,7,4,3
581,7001,3:26:00,0,0.00,0,0.5200,0.0939,0.0347,0.0117,0,REST-S,7,4,3
581,7002,3:26:30,0,0.00,0,0.5200,0.0939,0.0347,0.0117,0,REST-S,7,4,3
581,7003,3:27:00,0,0.00,0,0.5200,0.0939,0.0347,0.0117,0,REST-S,7,4,3
581,7004,3:27:30,0,0.00,0,0.5200,0.0939,0.0347,0.0117,0,REST-S,7,4,3
581,7005,3:28:00,0,0.00,0,0.5200,0.0939,0.0347,0.0117,0,REST-S,7,4,3
581,7006,3:28:30,0,0.00,0,0.5200,0.0939,0.0347,0.0117,0,REST-S,7,4,3
581,7007,3:29:00,0,0.00,0,0.4400,0.0981,0.0251,0.0000,0,REST-S,7,4,3
581,7008,3:29:30,0,0.00,0,0.5300,0.0981,0.0347,0.0117,0,REST-S,7,4,3
581,7009,3:30:00,0,0.00,0,0.5200,0.0939,0.0347,0.0117,0,REST-S,7,4,3
581,7010,3:30:30,0,0.00,0,0.5200,0.0939,0.0347,0.0117,0,REST-S,7,4,3
581,7011,3:31:00,0,0.00,0,0.5200,0.0939,0.0347,0.0117,0,REST-S,7,4,3
581,7012,3:31:30,0,0.00,0,0.5200,0.0939,0.0347,0.0117,0,REST-S,7,4,3
581,7013,3:32:00,0,0.00,0,0.5200,0.0939,0.0347,0.0117,0,REST-S,7,4,3
581,7014,3:32:30,0,133.00,0,0.5200,0.0939,0.0347,0.0117,1,REST-S,7,4,3
581,7015,3:33:00,0,0.00,0,0.5200,0.0939,0.0347,0.0117,0,REST-S,7,4,3
581,7016,3:33:30,0,0.00,0,0.5200,0.0939,0.0347,0.0117,0,REST-S,7,4,3
581,7017,3:34:00,0,0.00,0,0.5200,0.0939,0.0347,0.0117,0,REST-S,7,4,3
581,7018,3:34:30,0,0.00,0,0.5200,0.0939,0.0347,0.0117,0,REST-S,7,4,3
581,7019,3:35:00,0,0.00,0,0.5200,0.0939,0.0347,0.0117,0,REST-S,7,4,3
581,7020,3:35:30,0,0.00,0,0.5200,0.0939,0.0347,0.0117,0,REST-S,7,4,3
581,7021,3:36:00,0,0.00,0,0.5200,0.0939,0.0347,0.0117,0,REST-S,7,4,3
581,7022,3:36:30,0,0.00,0,0.5300,0.0981,0.0347,0.0117,0,REST-S,7,4,3
581,7023,3:37:00,0,32.00,0,0.5300,0.0981,0.0347,0.0117,1,REST-S,7,4,3
581,7024,3:37:30,0,0.00,0,0.5300,0.0981,0.0347,0.0117,0,REST-S,7,4,3
581,7025,3:38:00,0,0.00,0,0.5300,0.0981,0.0347,0.0117,0,REST-S,7,4,3
581,7026,3:38:30,0,0.00,0,0.5200,0.0939,0.0347,0.0117,0,REST-S,7,4,3
581,7027,3:39:00,0,0.00,0,0.5200,0.0939,0.0347,0.0117,0,REST-S,7,4,3
581,7028,3:39:30,0,0.00,0,0.5200,0.0939,0.0347,0.0117,0,REST-S,7,4,3
581,7029,3:40:00,0,0.00,0,0.5200,0.0939,0.0347,0.0117,0,REST-S,7,4,3
581,7030,3:40:30,0,0.00,0,0.5200,0.0939,0.0347,0.0117,0,REST-S,7,4,3
581,7031,3:41:00,0,0.00,0,0.5200,0.0939,0.0347,0.0117,0,REST-S,7,4,3
581,7032,3:41:30,0,0.00,0,0.5200,0.0939,0.0347,0.0117,0,REST-S,7,4,3
581,7033,3:42:00,0,0.00,0,0.5200,0.0939,0.0347,0.0117,0,REST-S,7,4,3
581,7034,3:42:30,0,0.00,0,0.5200,0.0939,0.0347,0.0117,0,REST-S,7,4,3
581,7035,3:43:00,0,0.00,0,0.5200,0.0939,0.0347,0.0117,0,REST-S,7,4,3
581,7036,3:43:30,0,0.00,0,0.5500,0.1070,0.0347,0.0117,0,REST-S,7,4,3
581,7037,3:44:00,0,0.00,0,0.5300,0.0981,0.0347,0.0117,0,REST-S,7,4,3
581,7038,3:44:30,0,0.00,0,0.5300,0.0981,0.0347,0.0117,0,REST-S,7,4,3
581,7039,3:45:00,0,35.00,0,0.5300,0.0981,0.0347,0.0117,1,REST-S,7,4,3
581,7040,3:45:30,0,0.00,0,0.5300,0.0981,0.0347,0.0117,0,REST-S,7,4,3
581,7041,3:46:00,0,0.00,0,0.5500,0.1070,0.0347,0.0117,0,REST-S,7,4,3
581,7042,3:46:30,0,0.00,0,0.5500,0.1070,0.0347,0.0117,0,REST-S,7,4,3
581,7043,3:47:00,0,0.00,0,0.5500,0.1070,0.0347,0.0117,0,REST-S,7,4,3
581,7044,3:47:30,0,0.00,0,0.5500,0.1070,0.0347,0.0117,0,REST-S,7,4,3
581,7045,3:48:00,0,0.00,0,0.5500,0.1070,0.0347,0.0117,0,REST-S,7,4,3
581,7046,3:48:30,0,0.00,0,0.5500,0.1070,0.0347,0.0117,0,REST-S,7,4,3
581,7047,3:49:00,0,0.00,0,0.5700,0.1140,0.0347,0.0117,0,REST-S,7,4,3
581,7048,3:49:30,0,0.00,0,0.5700,0.1140,0.0347,0.0117,0,REST-S,7,4,3
581,7049,3:50:00,0,0.00,0,0.5500,0.1070,0.0347,0.0117,0,REST-S,7,4,3
581,7050,3:50:30,0,0.00,0,0.5500,0.1070,0.0347,0.0117,0,REST-S,7,4,3
581,7051,3:51:00,0,28.00,0,0.5500,0.1070,0.0347,0.0117,1,REST-S,7,4,3
581,7052,3:51:30,0,0.00,0,0.5500,0.1070,0.0347,0.0117,0,REST-S,7,4,3
581,7053,3:52:00,0,0.00,0,0.5500,0.1070,0.0347,0.0117,0,REST-S,7,4,3
581,7054,3:52:30,0,8.00,0,0.5500,0.1070,0.0347,0.0117,0,REST-S,7,4,3
581,7055,3:53:00,0,0.00,0,0.5500,0.1070,0.0347,0.0117,0,REST-S,7,4,3
581,7056,3:53:30,0,0.00,0,0.5500,0.1070,0.0347,0.0117,0,REST-S,7,4,3
581,7057,3:54:00,0,0.00,0,0.5500,0.1070,0.0347,0.0117,0,REST-S,7,4,3
581,7058,3:54:30,0,0.00,0,0.5500,0.1070,0.0347,0.0117,0,REST-S,7,4,3
581,7059,3:55:00,0,151.00,0,0.5500,0.1070,0.0347,0.0117,1,REST-S,7,4,3
581,7060,3:55:30,0,31.00,0,0.5500,0.1070,0.0347,0.0117,1,REST-S,7,4,3
581,7061,3:56:00,0,0.00,0,0.5500,0.1070,0.0347,0.0117,0,REST-S,7,4,3
581,7062,3:56:30,0,0.00,0,0.5500,0.1070,0.0347,0.0117,0,REST-S,7,4,3
581,7063,3:57:00,0,0.00,0,0.5700,0.1140,0.0347,0.0117,0,REST-S,7,4,3
581,7064,3:57:30,0,0.00,0,0.5500,0.1070,0.0347,0.0117,0,REST-S,7,4,3
581,7065,3:58:00,0,0.00,0,0.5500,0.1070,0.0347,0.0117,0,REST-S,7,4,3
581,7066,3:58:30,0,0.00,0,0.5500,0.1070,0.0347,0.0117,0,REST-S,7,4,3
581,7067,3:59:00,0,75.00,0,0.5500,0.1070,0.0347,0.0117,1,REST-S,7,4,3
581,7068,3:59:30,0,0.00,0,0.5500,0.1070,0.0347,0.0117,0,REST-S,7,4,3
581,7069,4:00:00,0,0.00,0,0.5500,0.1070,0.0347,0.0117,0,REST-S,7,4,3
581,7070,4:00:30,0,0.00,0,0.5500,0.1070,0.0347,0.0117,0,REST-S,7,4,3
581,7071,4:01:00,0,0.00,0,0.5500,0.1070,0.0347,0.0117,0,REST-S,7,4,3
581,7072,4:01:30,0,0.00,0,0.5500,0.1070,0.0347,0.0117,0,REST-S,7,4,3
581,7073,4:02:00,0,0.00,0,0.5500,0.1070,0.0347,0.0117,0,REST-S,7,4,3
581,7074,4:02:30,0,0.00,0,0.5500,0.1070,0.0347,0.0117,0,REST-S,7,4,3
581,7075,4:03:00,0,0.00,0,0.5500,0.1070,0.0347,0.0117,0,REST-S,7,4,3
581,7076,4:03:30,0,0.00,0,0.5500,0.1070,0.0347,0.0117,0,REST-S,7,4,3
581,7077,4:04:00,0,0.00,0,0.5500,0.1070,0.0347,0.0117,0,REST-S,7,4,3
581,7078,4:04:30,0,0.00,0,0.5700,0.1140,0.0347,0.0117,0,REST-S,7,4,3
581,7079,4:05:00,0,0.00,0,0.5500,0.1070,0.0347,0.0117,0,REST-S,7,4,3
581,7080,4:05:30,0,0.00,0,0.5500,0.1070,0.0347,0.0117,0,REST-S,7,4,3
581,7081,4:06:00,0,0.00,0,0.5500,0.1070,0.0347,0.0117,0,REST-S,7,4,3
581,7082,4:06:30,0,0.00,0,0.5500,0.1070,0.0347,0.0117,0,REST-S,7,4,3
581,7083,4:07:00,0,0.00,0,0.5500,0.1070,0.0347,0.0117,0,REST-S,7,4,3
581,7084,4:07:30,0,0.00,0,0.5500,0.1070,0.0347,0.0117,0,REST-S,7,4,3
581,7085,4:08:00,0,0.00,0,0.5500,0.1070,0.0347,0.0117,0,REST-S,7,4,3
581,7086,4:08:30,0,0.00,0,0.5500,0.1070,0.0347,0.0117,0,REST-S,7,4,3
581,7087,4:09:00,0,0.00,0,0.5500,0.1070,0.0347,0.0117,0,REST-S,7,4,3
581,7088,4:09:30,0,0.00,0,0.5500,0.1070,0.0347,0.0117,0,REST-S,7,4,3
581,7089,4:10:00,0,0.00,0,0.5500,0.1070,0.0347,0.0117,0,REST-S,7,4,3
581,7090,4:10:30,0,0.00,0,0.5500,0.1070,0.0347,0.0117,0,REST-S,7,4,3
581,7091,4:11:00,0,0.00,0,0.5500,0.1070,0.0347,0.0117,0,REST-S,7,4,3
581,7092,4:11:30,0,0.00,0,0.5500,0.1070,0.0347,0.0117,0,REST-S,7,4,3
581,7093,4:12:00,0,0.00,0,0.5500,0.1070,0.0347,0.0117,0,REST-S,7,4,3
581,7094,4:12:30,0,0.00,0,0.5500,0.1070,0.0347,0.0117,0,REST-S,7,4,3
581,7095,4:13:00,0,0.00,0,0.5500,0.1070,0.0347,0.0117,0,REST-S,7,4,3
581,7096,4:13:30,0,0.00,0,0.5500,0.1070,0.0347,0.0117,0,REST-S,7,4,3
581,7097,4:14:00,0,0.00,0,0.5500,0.1070,0.0347,0.0117,0,REST-S,7,4,3
581,7098,4:14:30,0,0.00,0,0.5500,0.1070,0.0347,0.0117,0,REST-S,7,4,3
581,7099,4:15:00,0,0.00,0,0.5500,0.1070,0.0347,0.0117,0,REST-S,7,4,3
581,7100,4:15:30,0,0.00,0,0.5300,0.0981,0.0347,0.0117,0,REST-S,7,4,3
581,7101,4:16:00,0,0.00,0,0.5500,0.1070,0.0347,0.0117,0,REST-S,7,4,3
581,7102,4:16:30,0,0.00,0,0.5500,0.1070,0.0347,0.0117,0,REST-S,7,4,3
581,7103,4:17:00,0,0.00,0,0.5500,0.1070,0.0347,0.0117,0,REST-S,7,4,3
581,7104,4:17:30,0,0.00,0,0.5500,0.1070,0.0347,0.0117,0,REST-S,7,4,3
581,7105,4:18:00,0,0.00,0,0.5300,0.0981,0.0347,0.0117,0,REST-S,7,4,3
581,7106,4:18:30,0,0.00,0,0.5500,0.1070,0.0347,0.0117,0,REST-S,7,4,3
581,7107,4:19:00,0,0.00,0,0.5300,0.0981,0.0347,0.0117,0,REST-S,7,4,3
581,7108,4:19:30,0,0.00,0,0.5300,0.0981,0.0347,0.0117,0,REST-S,7,4,3
581,7109,4:20:00,0,0.00,0,0.5300,0.0981,0.0347,0.0117,0,REST-S,7,4,3
581,7110,4:20:30,0,0.00,0,0.5500,0.1070,0.0347,0.0117,0,REST-S,7,4,3
581,7111,4:21:00,0,0.00,0,0.5500,0.1070,0.0347,0.0117,0,REST-S,7,4,3
581,7112,4:21:30,0,0.00,0,0.5500,0.1070,0.0347,0.0117,0,REST-S,7,4,3
581,7113,4:22:00,0,0.00,0,0.5500,0.1070,0.0347,0.0117,0,REST-S,7,4,3
581,7114,4:22:30,0,0.00,0,0.5300,0.0981,0.0347,0.0117,0,REST-S,7,4,3
581,7115,4:23:00,0,0.00,0,0.5500,0.1070,0.0347,0.0117,0,REST-S,7,4,3
581,7116,4:23:30,0,0.00,0,0.5500,0.1070,0.0347,0.0117,0,REST-S,7,4,3
581,7117,4:24:00,0,0.00,0,0.5500,0.1070,0.0347,0.0117,0,REST-S,7,4,3
581,7118,4:24:30,0,0.00,0,0.5500,0.1070,0.0347,0.0117,0,REST-S,7,4,3
581,7119,4:25:00,0,0.00,0,0.5700,0.1140,0.0347,0.0117,0,REST-S,7,4,3
581,7120,4:25:30,0,0.00,0,0.5700,0.1140,0.0347,0.0117,0,REST-S,7,4,3
581,7121,4:26:00,0,0.00,0,0.5700,0.1140,0.0347,0.0117,0,REST-S,7,4,3
581,7122,4:26:30,0,0.00,0,0.5700,0.1140,0.0347,0.0117,0,REST-S,7,4,3
581,7123,4:27:00,0,0.00,0,0.5500,0.1070,0.0347,0.0117,0,REST-S,7,4,3
581,7124,4:27:30,0,0.00,0,0.5300,0.0981,0.0347,0.0117,0,REST-S,7,4,3
581,7125,4:28:00,0,0.00,0,0.5200,0.0939,0.0347,0.0117,0,REST-S,7,4,3
581,7126,4:28:30,0,0.00,0,0.5200,0.0939,0.0347,0.0117,0,REST-S,7,4,3
581,7127,4:29:00,0,0.00,0,0.5200,0.0939,0.0347,0.0117,0,REST-S,7,4,3
581,7128,4:29:30,0,0.00,0,0.5200,0.0939,0.0347,0.0117,0,REST-S,7,4,3
581,7129,4:30:00,0,0.00,0,0.5200,0.0939,0.0347,0.0117,0,REST-S,7,4,3
581,7130,4:30:30,0,0.00,0,0.5200,0.0939,0.0347,0.0117,0,REST-S,7,4,3
581,7131,4:31:00,0,0.00,0,0.5200,0.0939,0.0347,0.0117,0,REST-S,7,4,3
581,7132,4:31:30,0,0.00,0,0.5200,0.0939,0.0347,0.0117,0,REST-S,7,4,3
581,7133,4:32:00,0,0.00,0,0.5300,0.0981,0.0347,0.0117,0,REST-S,7,4,3
581,7134,4:32:30,0,0.00,0,0.5300,0.0981,0.0347,0.0117,0,REST-S,7,4,3
581,7135,4:33:00,0,0.00,0,0.5300,0.0981,0.0347,0.0117,0,REST-S,7,4,3
581,7136,4:33:30,0,0.00,0,0.5500,0.1070,0.0347,0.0117,0,REST-S,7,4,3
581,7137,4:34:00,0,0.00,0,0.5500,0.1070,0.0347,0.0117,0,REST-S,7,4,3
581,7138,4:34:30,0,0.00,0,0.5500,0.1070,0.0347,0.0117,0,REST-S,7,4,3
581,7139,4:35:00,0,0.00,0,0.5300,0.0981,0.0347,0.0117,0,REST-S,7,4,3
581,7140,4:35:30,0,0.00,0,0.5500,0.1070,0.0347,0.0117,0,REST-S,7,4,3
581,7141,4:36:00,0,0.00,0,0.5300,0.0981,0.0347,0.0117,0,REST-S,7,4,3
581,7142,4:36:30,0,0.00,0,0.5500,0.1070,0.0347,0.0117,0,REST-S,7,4,3
581,7143,4:37:00,0,20.00,0,0.5300,0.0981,0.0347,0.0117,0,REST-S,7,4,3
581,7144,4:37:30,0,0.00,0,0.5500,0.1070,0.0347,0.0117,0,REST-S,7,4,3
581,7145,4:38:00,0,0.00,0,0.5300,0.0981,0.0347,0.0117,0,REST-S,7,4,3
581,7146,4:38:30,0,0.00,0,0.5300,0.0981,0.0347,0.0117,0,REST-S,7,4,3
581,7147,4:39:00,0,0.00,0,0.5200,0.0939,0.0347,0.0117,0,REST-S,7,4,3
581,7148,4:39:30,0,0.00,0,0.5200,0.0939,0.0347,0.0117,0,REST-S,7,4,3
581,7149,4:40:00,0,0.00,0,0.5300,0.0981,0.0347,0.0117,0,REST-S,7,4,3
581,7150,4:40:30,0,0.00,0,0.5200,0.0939,0.0347,0.0117,0,REST-S,7,4,3
581,7151,4:41:00,0,0.00,0,0.5200,0.0939,0.0347,0.0117,0,REST-S,7,4,3
581,7152,4:41:30,0,0.00,0,0.5200,0.0939,0.0347,0.0117,0,REST-S,7,4,3
581,7153,4:42:00,0,0.00,0,0.5200,0.0939,0.0347,0.0117,0,REST-S,7,4,3
581,7154,4:42:30,0,0.00,0,0.5200,0.0939,0.0347,0.0117,0,REST-S,7,4,3
581,7155,4:43:00,0,0.00,0,0.5200,0.0939,0.0347,0.0117,0,REST-S,7,4,3
581,7156,4:43:30,0,0.00,0,0.5200,0.0939,0.0347,0.0117,0,REST-S,7,4,3
581,7157,4:44:00,0,0.00,0,0.5200,0.0939,0.0347,0.0117,0,REST-S,7,4,3
581,7158,4:44:30,0,0.00,0,0.5200,0.0939,0.0347,0.0117,0,REST-S,7,4,3
581,7159,4:45:00,0,0.00,0,0.5300,0.0981,0.0347,0.0117,0,REST-S,7,4,3
581,7160,4:45:30,0,0.00,0,0.5200,0.0939,0.0347,0.0117,0,REST-S,7,4,3
581,7161,4:46:00,0,14.00,0,0.5200,0.0939,0.0347,0.0117,0,REST-S,7,4,3
581,7162,4:46:30,0,0.00,0,0.5200,0.0939,0.0347,0.0117,0,REST-S,7,4,3
581,7163,4:47:00,0,0.00,0,0.5200,0.0939,0.0347,0.0117,0,REST-S,7,4,3
581,7164,4:47:30,0,7.00,0,0.5200,0.0939,0.0347,0.0117,0,REST-S,7,4,3
581,7165,4:48:00,0,0.00,0,0.5200,0.0939,0.0347,0.0117,0,REST-S,7,4,3
581,7166,4:48:30,0,0.00,0,0.5200,0.0939,0.0347,0.0117,0,REST-S,7,4,3
581,7167,4:49:00,0,0.00,0,0.5200,0.0939,0.0347,0.0117,0,REST-S,7,4,3
581,7168,4:49:30,0,0.00,0,0.5300,0.0981,0.0347,0.0117,0,REST-S,7,4,3
581,7169,4:50:00,0,0.00,0,0.5300,0.0981,0.0347,0.0117,0,REST-S,7,4,3
581,7170,4:50:30,0,0.00,0,0.5300,0.0981,0.0347,0.0117,0,REST-S,7,4,3
581,7171,4:51:00,0,0.00,0,0.5200,0.0939,0.0347,0.0117,0,REST-S,7,4,3
581,7172,4:51:30,0,0.00,0,0.5200,0.0939,0.0347,0.0117,0,REST-S,7,4,3
581,7173,4:52:00,0,0.00,0,0.5200,0.0939,0.0347,0.0117,0,REST-S,7,4,3
581,7174,4:52:30,0,0.00,0,0.5200,0.0939,0.0347,0.0117,0,REST-S,7,4,3
581,7175,4:53:00,0,0.00,0,0.5200,0.0939,0.0347,0.0117,0,REST-S,7,4,3
581,7176,4:53:30,0,0.00,0,0.5200,0.0939,0.0347,0.0117,0,REST-S,7,4,3
581,7177,4:54:00,0,0.00,0,0.5300,0.0981,0.0347,0.0117,0,REST-S,7,4,3
581,7178,4:54:30,0,0.00,0,0.5200,0.0939,0.0347,0.0117,0,REST-S,7,4,3
581,7179,4:55:00,0,0.00,0,0.5300,0.0981,0.0347,0.0117,0,REST-S,7,4,3
581,7180,4:55:30,0,0.00,0,0.5300,0.0981,0.0347,0.0117,0,REST-S,7,4,3
581,7181,4:56:00,0,0.00,0,0.5300,0.0981,0.0347,0.0117,0,REST-S,7,4,3
581,7182,4:56:30,0,0.00,0,0.5300,0.0981,0.0347,0.0117,0,REST-S,7,4,3
581,7183,4:57:00,0,0.00,0,0.5200,0.0939,0.0347,0.0117,0,REST-S,7,4,3
581,7184,4:57:30,0,0.00,0,0.5300,0.0981,0.0347,0.0117,0,REST-S,7,4,3
581,7185,4:58:00,0,0.00,0,0.5200,0.0939,0.0347,0.0117,0,REST-S,7,4,3
581,7186,4:58:30,0,0.00,0,0.5200,0.0939,0.0347,0.0117,0,REST-S,7,4,3
581,7187,4:59:00,0,0.00,0,0.5300,0.0981,0.0347,0.0117,0,REST-S,7,4,3
581,7188,4:59:30,0,0.00,0,0.5200,0.0939,0.0347,0.0117,0,REST-S,7,4,3
581,7189,5:00:00,0,0.00,0,0.5200,0.0939,0.0347,0.0117,0,REST-S,7,4,3
581,7190,5:00:30,0,0.00,0,0.5300,0.0981,0.0347,0.0117,0,REST-S,7,4,3
581,7191,5:01:00,0,0.00,0,0.5300,0.0981,0.0347,0.0117,0,REST-S,7,4,3
581,7192,5:01:30,0,0.00,0,0.5300,0.0981,0.0347,0.0117,0,REST-S,7,4,3
581,7193,5:02:00,0,0.00,0,0.5200,0.0939,0.0347,0.0117,0,REST-S,7,4,3
581,7194,5:02:30,0,0.00,0,0.5300,0.0981,0.0347,0.0117,0,REST-S,7,4,3
581,7195,5:03:00,0,0.00,0,0.5300,0.0981,0.0347,0.0117,0,REST-S,7,4,3
581,7196,5:03:30,0,0.00,0,0.5300,0.0981,0.0347,0.0117,0,REST-S,7,4,3
581,7197,5:04:00,0,0.00,0,0.5300,0.0981,0.0347,0.0117,0,REST-S,7,4,3
581,7198,5:04:30,0,0.00,0,0.5300,0.0981,0.0347,0.0117,0,REST-S,7,4,3
581,7199,5:05:00,0,0.00,0,0.5300,0.0981,0.0347,0.0117,0,REST-S,7,4,3
581,7200,5:05:30,0,0.00,0,0.5300,0.0981,0.0347,0.0117,0,REST-S,7,4,3
581,7201,5:06:00,0,0.00,0,0.5300,0.0981,0.0347,0.0117,0,REST-S,7,4,3
581,7202,5:06:30,0,0.00,0,0.5300,0.0981,0.0347,0.0117,0,REST-S,7,4,3
581,7203,5:07:00,0,0.00,0,0.5500,0.1070,0.0347,0.0117,0,REST-S,7,4,3
581,7204,5:07:30,0,0.00,0,0.5500,0.1070,0.0347,0.0117,0,REST-S,7,4,3
581,7205,5:08:00,0,0.00,0,0.5500,0.1070,0.0347,0.0117,0,REST-S,7,4,3
581,7206,5:08:30,0,0.00,0,0.5500,0.1070,0.0347,0.0117,0,REST-S,7,4,3
581,7207,5:09:00,0,0.00,0,0.5500,0.1070,0.0347,0.0117,0,REST-S,7,4,3
581,7208,5:09:30,0,0.00,0,0.5500,0.1070,0.0347,0.0117,0,REST-S,7,4,3
581,7209,5:10:00,0,0.00,0,0.5500,0.1070,0.0347,0.0117,0,REST-S,7,4,3
581,7210,5:10:30,0,0.00,0,0.5500,0.1070,0.0347,0.0117,0,REST-S,7,4,3
581,7211,5:11:00,0,4.00,0,0.5500,0.1070,0.0347,0.0117,0,REST-S,7,4,3
581,7212,5:11:30,0,0.00,0,0.5300,0.0981,0.0347,0.0117,0,REST-S,7,4,3
581,7213,5:12:00,0,0.00,0,0.5300,0.0981,0.0347,0.0117,0,REST-S,7,4,3
581,7214,5:12:30,0,0.00,0,0.5500,0.1070,0.0347,0.0117,0,REST-S,7,4,3
581,7215,5:13:00,0,0.00,0,0.5500,0.1070,0.0347,0.0117,0,REST-S,7,4,3
581,7216,5:13:30,0,0.00,0,0.5500,0.1070,0.0347,0.0117,0,REST-S,7,4,3
581,7217,5:14:00,0,0.00,0,0.5500,0.1070,0.0347,0.0117,0,REST-S,7,4,3
581,7218,5:14:30,0,0.00,0,0.5900,0.1220,0.0347,0.0117,0,REST-S,7,4,3
581,7219,5:15:00,0,0.00,0,0.5900,0.1220,0.0347,0.0117,0,REST-S,7,4,3
581,7220,5:15:30,0,0.00,0,0.5900,0.1220,0.0347,0.0117,0,REST-S,7,4,3
581,7221,5:16:00,0,0.00,0,0.5900,0.1220,0.0347,0.0117,0,REST-S,7,4,3
581,7222,5:16:30,0,0.00,0,0.5900,0.1220,0.0347,0.0117,0,REST-S,7,4,3
581,7223,5:17:00,0,0.00,0,0.5900,0.1220,0.0347,0.0117,0,REST-S,7,4,3
581,7224,5:17:30,0,0.00,0,0.5900,0.1220,0.0347,0.0117,0,REST-S,7,4,3
581,7225,5:18:00,0,0.00,0,0.5900,0.1220,0.0347,0.0117,0,REST-S,7,4,3
581,7226,5:18:30,0,29.00,0,0.5900,0.1220,0.0347,0.0117,1,REST-S,7,4,3
581,7227,5:19:00,0,0.00,0,0.5900,0.1220,0.0347,0.0117,0,REST-S,7,4,3
581,7228,5:19:30,0,0.00,0,0.5700,0.1140,0.0347,0.0117,0,REST-S,7,4,3
581,7229,5:20:00,0,0.00,0,0.5500,0.1070,0.0347,0.0117,0,REST-S,7,4,3
581,7230,5:20:30,0,0.00,0,0.5500,0.1070,0.0347,0.0117,0,REST-S,7,4,3
581,7231,5:21:00,0,0.00,0,0.5500,0.1070,0.0347,0.0117,0,REST-S,7,4,3
581,7232,5:21:30,0,0.00,0,0.5700,0.1140,0.0347,0.0117,0,REST-S,7,4,3
581,7233,5:22:00,0,0.00,0,0.5500,0.1070,0.0347,0.0117,0,REST-S,7,4,3
581,7234,5:22:30,0,0.00,0,0.5500,0.1070,0.0347,0.0117,0,REST-S,7,4,3
581,7235,5:23:00,0,0.00,0,0.5500,0.1070,0.0347,0.0117,0,REST-S,7,4,3
581,7236,5:23:30,0,0.00,0,0.5700,0.1140,0.0347,0.0117,0,REST-S,7,4,3
581,7237,5:24:00,0,96.00,0,0.5500,0.1070,0.0347,0.0117,1,REST-S,7,4,3
581,7238,5:24:30,0,0.00,0,0.5500,0.1070,0.0347,0.0117,0,REST-S,7,4,3
581,7239,5:25:00,0,0.00,0,0.5500,0.1070,0.0347,0.0117,0,REST-S,7,4,3
581,7240,5:25:30,0,0.00,0,0.5500,0.1070,0.0347,0.0117,0,REST-S,7,4,3
581,7241,5:26:00,0,0.00,0,0.5500,0.1070,0.0347,0.0117,0,REST-S,7,4,3
581,7242,5:26:30,0,0.00,0,0.5500,0.1070,0.0347,0.0117,0,REST-S,7,4,3
581,7243,5:27:00,0,0.00,0,0.5500,0.1070,0.0347,0.0117,0,REST-S,7,4,3
581,7244,5:27:30,0,0.00,0,0.5500,0.1070,0.0347,0.0117,0,REST-S,7,4,3
581,7245,5:28:00,0,0.00,0,0.5300,0.0981,0.0347,0.0117,0,REST-S,7,4,3
581,7246,5:28:30,0,0.00,0,0.4400,0.0981,0.0251,0.0000,0,REST-S,7,4,3
581,7247,5:29:00,0,0.00,0,0.5500,0.1070,0.0347,0.0117,0,REST-S,7,4,3
581,7248,5:29:30,0,0.00,0,0.2500,0.1120,0.0000,0.0000,0,REST-S,7,4,3
581,7249,5:30:00,0,86.00,0,0.2600,0.1120,0.0000,0.0117,1,REST-S,7,4,3
581,7250,5:30:30,0,0.00,0,0.2500,0.1120,0.0000,0.0000,0,REST-S,7,4,3
581,7251,5:31:00,0,0.00,0,0.2600,0.1120,0.0000,0.0117,0,REST-S,7,4,3
581,7252,5:31:30,0,0.00,0,0.2500,0.1120,0.0000,0.0000,0,REST-S,7,4,3
581,7253,5:32:00,0,0.00,0,0.2500,0.1120,0.0000,0.0000,0,REST-S,7,4,3
581,7254,5:32:30,0,0.00,0,0.2400,0.1070,0.0000,0.0000,0,REST-S,7,4,3
581,7255,5:33:00,0,0.00,0,0.2500,0.1120,0.0000,0.0000,0,REST-S,7,4,3
581,7256,5:33:30,0,0.00,0,0.2500,0.1120,0.0000,0.0000,0,REST-S,7,4,3
581,7257,5:34:00,0,0.00,0,0.2400,0.1070,0.0000,0.0000,0,REST-S,7,4,3
581,7258,5:34:30,0,0.00,0,0.2400,0.1070,0.0000,0.0000,0,REST-S,7,4,3
581,7259,5:35:00,0,0.00,0,0.2500,0.1120,0.0000,0.0000,0,REST-S,7,4,3
581,7260,5:35:30,0,0.00,0,0.2400,0.1070,0.0000,0.0000,0,REST-S,7,4,3
581,7261,5:36:00,0,0.00,0,0.2500,0.1120,0.0000,0.0000,0,REST-S,7,4,3
581,7262,5:36:30,0,0.00,0,0.2500,0.1120,0.0000,0.0000,0,REST-S,7,4,3
581,7263,5:37:00,0,0.00,0,0.2500,0.1120,0.0000,0.0000,0,REST-S,7,4,3
581,7264,5:37:30,0,0.00,0,0.2500,0.1120,0.0000,0.0000,0,REST-S,7,4,3
581,7265,5:38:00,0,0.00,0,0.2500,0.1120,0.0000,0.0000,0,REST-S,7,4,3
581,7266,5:38:30,0,0.00,0,0.2400,0.1070,0.0000,0.0000,0,REST-S,7,4,3
581,7267,5:39:00,0,0.00,0,0.2400,0.1070,0.0000,0.0000,0,REST-S,7,4,3
581,7268,5:39:30,0,0.00,0,0.2400,0.1070,0.0000,0.0000,0,REST-S,7,4,3
581,7269,5:40:00,0,157.00,0,0.2400,0.1070,0.0000,0.0000,1,REST-S,7,4,3
581,7270,5:40:30,0,0.00,0,0.2400,0.1070,0.0000,0.0000,0,REST-S,7,4,3
581,7271,5:41:00,0,0.00,0,0.2400,0.1070,0.0000,0.0000,0,REST-S,7,4,3
581,7272,5:41:30,0,0.00,0,0.2400,0.1070,0.0000,0.0000,0,REST-S,7,4,3
581,7273,5:42:00,0,33.00,0,0.2500,0.1120,0.0000,0.0000,1,REST-S,7,4,3
581,7274,5:42:30,0,0.00,0,0.2400,0.1070,0.0000,0.0000,0,REST-S,7,4,3
581,7275,5:43:00,0,0.00,0,0.2500,0.1070,0.0000,0.0117,0,REST-S,7,4,3
581,7276,5:43:30,0,0.00,0,0.2500,0.1070,0.0000,0.0117,0,REST-S,7,4,3
581,7277,5:44:00,0,27.00,0,0.2400,0.1070,0.0000,0.0000,1,REST-S,7,4,3
581,7278,5:44:30,0,0.00,0,0.2400,0.1070,0.0000,0.0000,0,REST-S,7,4,3
581,7279,5:45:00,0,0.00,0,0.2500,0.1120,0.0000,0.0000,0,REST-S,7,4,3
581,7280,5:45:30,0,0.00,0,0.4400,0.0981,0.0251,0.0000,0,REST-S,7,4,3
581,7281,5:46:00,0,0.00,0,0.4400,0.0981,0.0251,0.0000,0,REST-S,7,4,3
581,7282,5:46:30,0,0.00,0,0.5300,0.0981,0.0347,0.0117,0,REST-S,7,4,3
581,7283,5:47:00,0,0.00,0,0.5300,0.0981,0.0347,0.0117,0,REST-S,7,4,3
581,7284,5:47:30,0,0.00,0,0.5300,0.0981,0.0347,0.0117,0,REST-S,7,4,3
581,7285,5:48:00,0,0.00,0,0.4400,0.0981,0.0251,0.0000,0,REST-S,7,4,3
581,7286,5:48:30,0,0.00,0,0.4400,0.0981,0.0251,0.0000,0,REST-S,7,4,3
581,7287,5:49:00,0,0.00,0,0.2600,0.1120,0.0000,0.0117,0,REST-S,7,4,3
581,7288,5:49:30,0,0.00,0,0.4400,0.0981,0.0251,0.0000,0,REST-S,7,4,3
581,7289,5:50:00,0,0.00,0,0.5300,0.0981,0.0347,0.0117,0,REST-S,7,4,3
581,7290,5:50:30,0,0.00,0,0.4400,0.0981,0.0251,0.0000,0,REST-S,7,4,3
581,7291,5:51:00,0,0.00,0,0.5300,0.0981,0.0347,0.0117,0,REST-S,7,4,3
581,7292,5:51:30,0,0.00,0,0.5300,0.0981,0.0347,0.0117,0,REST-S,7,4,3
581,7293,5:52:00,0,0.00,0,0.5300,0.0981,0.0347,0.0117,0,REST-S,7,4,3
581,7294,5:52:30,0,0.00,0,0.5500,0.1070,0.0347,0.0117,0,REST-S,7,4,3
581,7295,5:53:00,0,0.00,0,0.5500,0.1070,0.0347,0.0117,0,REST-S,7,4,3
581,7296,5:53:30,0,0.00,0,0.5500,0.1070,0.0347,0.0117,0,REST-S,7,4,3
581,7297,5:54:00,0,0.00,0,0.5500,0.1070,0.0347,0.0117,0,REST-S,7,4,3
581,7298,5:54:30,0,0.00,0,0.5500,0.1070,0.0347,0.0117,0,REST-S,7,4,3
581,7299,5:55:00,0,0.00,0,0.5500,0.1070,0.0347,0.0117,0,REST-S,7,4,3
581,7300,5:55:30,0,0.00,0,0.5500,0.1070,0.0347,0.0117,0,REST-S,7,4,3
581,7301,5:56:00,0,0.00,0,0.5500,0.1070,0.0347,0.0117,0,REST-S,7,4,3
581,7302,5:56:30,0,0.00,0,0.5300,0.0981,0.0347,0.0117,0,REST-S,7,4,3
581,7303,5:57:00,0,0.00,0,0.5300,0.0981,0.0347,0.0117,0,REST-S,7,4,3
581,7304,5:57:30,0,0.00,0,0.5500,0.1070,0.0347,0.0117,0,REST-S,7,4,3
581,7305,5:58:00,0,0.00,0,0.5500,0.1070,0.0347,0.0117,0,REST-S,7,4,3
581,7306,5:58:30,0,40.00,0,0.5500,0.1070,0.0347,0.0117,1,REST-S,7,4,3
581,7307,5:59:00,0,0.00,0,0.5500,0.1070,0.0347,0.0117,0,REST-S,7,4,3
581,7308,5:59:30,0,0.00,0,0.5500,0.1070,0.0347,0.0117,0,REST-S,7,4,3
581,7309,6:00:00,0,0.00,0,0.5700,0.1140,0.0347,0.0117,0,REST-S,7,4,3
581,7310,6:00:30,0,0.00,0,0.5900,0.1220,0.0347,0.0117,0,REST-S,7,4,3
581,7311,6:01:00,0,0.00,0,0.5900,0.1220,0.0347,0.0117,0,REST-S,7,4,3
581,7312,6:01:30,0,0.00,0,0.5900,0.1220,0.0347,0.0117,0,REST-S,7,4,3
581,7313,6:02:00,0,0.00,0,0.5900,0.1220,0.0347,0.0117,0,REST-S,7,4,3
581,7314,6:02:30,0,12.00,0,0.5900,0.1220,0.0347,0.0117,0,REST-S,7,4,3
581,7315,6:03:00,0,0.00,0,0.5500,0.1070,0.0347,0.0117,0,REST-S,7,4,3
581,7316,6:03:30,0,0.00,0,0.5500,0.1070,0.0347,0.0117,0,REST-S,7,4,3
581,7317,6:04:00,0,0.00,0,0.5500,0.1070,0.0347,0.0117,0,REST-S,7,4,3
581,7318,6:04:30,0,0.00,0,0.5500,0.1070,0.0347,0.0117,0,REST-S,7,4,3
581,7319,6:05:00,0,0.00,0,0.5500,0.1070,0.0347,0.0117,0,REST-S,7,4,3
581,7320,6:05:30,0,0.00,0,0.5500,0.1070,0.0347,0.0117,0,REST-S,7,4,3
581,7321,6:06:00,0,0.00,0,0.5500,0.1070,0.0347,0.0117,0,REST-S,7,4,3
581,7322,6:06:30,0,0.00,0,0.5500,0.1070,0.0347,0.0117,0,REST-S,7,4,3
581,7323,6:07:00,0,0.00,0,0.5500,0.1070,0.0347,0.0117,0,REST-S,7,4,3
581,7324,6:07:30,0,0.00,0,0.5500,0.1070,0.0347,0.0117,0,REST-S,7,4,3
581,7325,6:08:00,0,0.00,0,0.5500,0.1070,0.0347,0.0117,0,REST-S,7,4,3
581,7326,6:08:30,0,0.00,0,0.5500,0.1070,0.0347,0.0117,0,REST-S,7,4,3
581,7327,6:09:00,0,0.00,0,0.5500,0.1070,0.0347,0.0117,0,REST-S,7,4,3
581,7328,6:09:30,0,0.00,0,0.5500,0.1070,0.0347,0.0117,0,REST-S,7,4,3
581,7329,6:10:00,0,0.00,0,0.5500,0.1070,0.0347,0.0117,0,REST-S,7,4,3
581,7330,6:10:30,0,0.00,0,0.5300,0.0981,0.0347,0.0117,0,REST-S,7,4,3
581,7331,6:11:00,0,0.00,0,0.5500,0.1070,0.0347,0.0117,0,REST-S,7,4,3
581,7332,6:11:30,0,0.00,0,0.5300,0.0981,0.0347,0.0117,0,REST-S,7,4,3
581,7333,6:12:00,0,0.00,0,0.5300,0.0981,0.0347,0.0117,0,REST-S,7,4,3
581,7334,6:12:30,0,0.00,0,0.5300,0.0981,0.0347,0.0117,0,REST-S,7,4,3
581,7335,6:13:00,0,0.00,0,0.5500,0.1070,0.0347,0.0117,0,REST-S,7,4,3
581,7336,6:13:30,0,0.00,0,0.5500,0.1070,0.0347,0.0117,0,REST-S,7,4,3
581,7337,6:14:00,0,0.00,0,0.5500,0.1070,0.0347,0.0117,0,REST-S,7,4,3
581,7338,6:14:30,0,0.00,0,0.5500,0.1070,0.0347,0.0117,0,REST-S,7,4,3
581,7339,6:15:00,0,0.00,0,0.5700,0.1140,0.0347,0.0117,0,REST-S,7,4,3
581,7340,6:15:30,0,0.00,0,0.5700,0.1140,0.0347,0.0117,0,REST-S,7,4,3
581,7341,6:16:00,0,0.00,0,0.5500,0.1070,0.0347,0.0117,0,REST-S,7,4,3
581,7342,6:16:30,0,0.00,0,0.5500,0.1070,0.0347,0.0117,0,REST-S,7,4,3
581,7343,6:17:00,0,0.00,0,0.5500,0.1070,0.0347,0.0117,0,REST-S,7,4,3
581,7344,6:17:30,0,0.00,0,0.5500,0.1070,0.0347,0.0117,0,REST-S,7,4,3
581,7345,6:18:00,0,0.00,0,0.5500,0.1070,0.0347,0.0117,0,REST-S,7,4,3
581,7346,6:18:30,0,0.00,0,0.5500,0.1070,0.0347,0.0117,0,REST-S,7,4,3
581,7347,6:19:00,0,0.00,0,0.5500,0.1070,0.0347,0.0117,0,REST-S,7,4,3
581,7348,6:19:30,0,0.00,0,0.5500,0.1070,0.0347,0.0117,0,REST-S,7,4,3
581,7349,6:20:00,0,0.00,0,0.5900,0.1220,0.0347,0.0117,0,REST-S,7,4,3
581,7350,6:20:30,0,0.00,0,0.5500,0.1070,0.0347,0.0117,0,REST-S,7,4,3
581,7351,6:21:00,0,0.00,0,0.5500,0.1070,0.0347,0.0117,0,REST-S,7,4,3
581,7352,6:21:30,0,0.00,0,0.5500,0.1070,0.0347,0.0117,0,REST-S,7,4,3
581,7353,6:22:00,0,0.00,0,0.5500,0.1070,0.0347,0.0117,0,REST-S,7,4,3
581,7354,6:22:30,0,0.00,0,0.5500,0.1070,0.0347,0.0117,0,REST-S,7,4,3
581,7355,6:23:00,0,0.00,0,0.5500,0.1070,0.0347,0.0117,0,REST-S,7,4,3
581,7356,6:23:30,0,0.00,0,0.5500,0.1070,0.0347,0.0117,0,REST-S,7,4,3
581,7357,6:24:00,0,0.00,0,0.5500,0.1070,0.0347,0.0117,0,REST-S,7,4,3
581,7358,6:24:30,0,0.00,0,0.5500,0.1070,0.0347,0.0117,0,REST-S,7,4,3
581,7359,6:25:00,0,0.00,0,0.5500,0.1070,0.0347,0.0117,0,REST-S,7,4,3
581,7360,6:25:30,0,0.00,0,0.5500,0.1070,0.0347,0.0117,0,REST-S,7,4,3
581,7361,6:26:00,0,0.00,0,0.5500,0.1070,0.0347,0.0117,0,REST-S,7,4,3
581,7362,6:26:30,0,0.00,0,0.5500,0.1070,0.0347,0.0117,0,REST-S,7,4,3
581,7363,6:27:00,0,0.00,0,0.5700,0.1140,0.0347,0.0117,0,REST-S,7,4,3
581,7364,6:27:30,0,0.00,0,0.5900,0.1220,0.0347,0.0117,0,REST-S,7,4,3
581,7365,6:28:00,0,0.00,0,0.5900,0.1220,0.0347,0.0117,0,REST-S,7,4,3
581,7366,6:28:30,0,0.00,0,0.5900,0.1220,0.0347,0.0117,0,REST-S,7,4,3
581,7367,6:29:00,0,0.00,0,0.5900,0.1220,0.0347,0.0117,0,REST-S,7,4,3
581,7368,6:29:30,0,0.00,0,0.5900,0.1220,0.0347,0.0117,0,REST-S,7,4,3
581,7369,6:30:00,0,0.00,0,0.5900,0.1220,0.0347,0.0117,0,REST-S,7,4,3
581,7370,6:30:30,0,0.00,0,0.5900,0.1220,0.0347,0.0117,0,REST-S,7,4,3
581,7371,6:31:00,0,0.00,0,0.5900,0.1220,0.0347,0.0117,0,REST-S,7,4,3
581,7372,6:31:30,0,0.00,0,0.5900,0.1220,0.0347,0.0117,0,REST-S,7,4,3
581,7373,6:32:00,0,0.00,0,0.5900,0.1220,0.0347,0.0117,0,REST-S,7,4,3
581,7374,6:32:30,0,0.00,0,0.5900,0.1220,0.0347,0.0117,0,REST-S,7,4,3
581,7375,6:33:00,0,0.00,0,0.5900,0.1220,0.0347,0.0117,0,REST-S,7,4,3
581,7376,6:33:30,0,0.00,0,0.5900,0.1220,0.0347,0.0117,0,REST-S,7,4,3
581,7377,6:34:00,0,0.00,0,0.5900,0.1220,0.0347,0.0117,0,REST-S,7,4,3
581,7378,6:34:30,0,0.00,0,0.5900,0.1220,0.0347,0.0117,0,REST-S,7,4,3
581,7379,6:35:00,0,25.00,0,0.5900,0.1220,0.0347,0.0117,1,REST-S,7,4,3
581,7380,6:35:30,0,0.00,0,0.5900,0.1220,0.0347,0.0117,0,REST-S,7,4,3
581,7381,6:36:00,0,0.00,0,0.5900,0.1220,0.0347,0.0117,0,REST-S,7,4,3
581,7382,6:36:30,0,0.00,0,0.5900,0.1220,0.0347,0.0117,0,REST-S,7,4,3
581,7383,6:37:00,0,0.00,0,0.5900,0.1220,0.0347,0.0117,0,REST-S,7,4,3
581,7384,6:37:30,0,0.00,0,0.5900,0.1220,0.0347,0.0117,0,REST-S,7,4,3
581,7385,6:38:00,0,93.00,0,0.5900,0.1220,0.0347,0.0117,1,REST-S,7,4,3
581,7386,6:38:30,0,2.00,0,0.5900,0.1220,0.0347,0.0117,0,REST-S,7,4,3
581,7387,6:39:00,0,0.00,0,0.5900,0.1220,0.0347,0.0117,0,REST-S,7,4,3
581,7388,6:39:30,0,0.00,0,0.5900,0.1220,0.0347,0.0117,0,REST-S,7,4,3
581,7389,6:40:00,0,0.00,0,0.5900,0.1220,0.0347,0.0117,0,REST-S,7,4,3
581,7390,6:40:30,0,0.00,0,0.5900,0.1220,0.0347,0.0117,0,REST-S,7,4,3
581,7391,6:41:00,0,0.00,0,0.5900,0.1220,0.0347,0.0117,0,REST-S,7,4,3
581,7392,6:41:30,0,0.00,0,0.5900,0.1220,0.0347,0.0117,0,REST-S,7,4,3
581,7393,6:42:00,0,0.00,0,0.5900,0.1220,0.0347,0.0117,0,REST-S,7,4,3
581,7394,6:42:30,0,0.00,0,0.5900,0.1220,0.0347,0.0117,0,REST-S,7,4,3
581,7395,6:43:00,0,0.00,0,0.5900,0.1220,0.0347,0.0117,0,REST-S,7,4,3
581,7396,6:43:30,0,0.00,0,0.5900,0.1220,0.0347,0.0117,0,REST-S,7,4,3
581,7397,6:44:00,0,0.00,0,0.5900,0.1220,0.0347,0.0117,0,REST-S,7,4,3
581,7398,6:44:30,0,0.00,0,0.5500,0.1070,0.0347,0.0117,0,REST-S,7,4,3
581,7399,6:45:00,0,0.00,0,0.5500,0.1070,0.0347,0.0117,0,REST-S,7,4,3
581,7400,6:45:30,0,0.00,0,0.5500,0.1070,0.0347,0.0117,0,REST-S,7,4,3
581,7401,6:46:00,0,0.00,0,0.5500,0.1070,0.0347,0.0117,0,REST-S,7,4,3
581,7402,6:46:30,0,0.00,0,0.5500,0.1070,0.0347,0.0117,0,REST-S,7,4,3
581,7403,6:47:00,0,0.00,0,0.5500,0.1070,0.0347,0.0117,0,REST-S,7,4,3
581,7404,6:47:30,0,0.00,0,0.5500,0.1070,0.0347,0.0117,0,REST-S,7,4,3
581,7405,6:48:00,0,0.00,0,0.5500,0.1070,0.0347,0.0117,0,REST-S,7,4,3
581,7406,6:48:30,0,0.00,0,0.5700,0.1140,0.0347,0.0117,0,REST-S,7,4,3
581,7407,6:49:00,0,0.00,0,0.5500,0.1070,0.0347,0.0117,0,REST-S,7,4,3
581,7408,6:49:30,0,4.00,0,0.5500,0.1070,0.0347,0.0117,0,REST-S,7,4,3
581,7409,6:50:00,0,86.00,0,0.5500,0.1070,0.0347,0.0117,1,REST-S,7,4,3
581,7410,6:50:30,0,0.00,0,0.5500,0.1070,0.0347,0.0117,0,REST-S,7,4,3
581,7411,6:51:00,0,0.00,0,0.5500,0.1070,0.0347,0.0117,0,REST-S,7,4,3
581,7412,6:51:30,0,0.00,0,0.5500,0.1070,0.0347,0.0117,0,REST-S,7,4,3
581,7413,6:52:00,0,0.00,0,0.5500,0.1070,0.0347,0.0117,1,REST-S,7,4,3
581,7414,6:52:30,0,0.00,0,0.5500,0.1070,0.0347,0.0117,1,REST-S,7,4,3
581,7415,6:53:00,0,169.00,0,0.5500,0.1070,0.0347,0.0117,1,REST-S,7,4,3
581,7416,6:53:30,0,278.00,0,0.4600,0.1070,0.0251,0.0000,1,REST-S,7,4,3
581,7417,6:54:00,0,0.00,0,0.5500,0.1070,0.0347,0.0117,1,REST-S,7,4,3
581,7418,6:54:30,0,0.00,0,0.5500,0.1070,0.0347,0.0117,1,REST-S,7,4,3
581,7419,6:55:00,0,0.00,0,0.5500,0.1070,0.0347,0.0117,0,REST-S,7,4,3
581,7420,6:55:30,0,0.00,0,0.5500,0.1070,0.0347,0.0117,0,REST-S,7,4,3
581,7421,6:56:00,0,0.00,0,0.5500,0.1070,0.0347,0.0117,0,REST-S,7,4,3
581,7422,6:56:30,0,0.00,0,0.5500,0.1070,0.0347,0.0117,0,REST-S,7,4,3
581,7423,6:57:00,0,0.00,0,0.5700,0.1140,0.0347,0.0117,0,REST-S,7,4,3
581,7424,6:57:30,0,26.00,0,0.5500,0.1070,0.0347,0.0117,1,REST-S,7,4,3
581,7425,6:58:00,0,100.00,0,0.2800,0.1220,0.0000,0.0117,1,REST-S,7,4,3
581,7426,6:58:30,0,0.00,0,0.5500,0.1070,0.0347,0.0117,0,REST-S,7,4,3
581,7427,6:59:00,0,0.00,0,0.5500,0.1070,0.0347,0.0117,0,REST-S,7,4,3
581,7428,6:59:30,0,0.00,0,0.5500,0.1070,0.0347,0.0117,0,REST-S,7,4,3
581,7429,7:00:00,0,0.00,0,0.5500,0.1070,0.0347,0.0117,0,REST-S,7,4,3
581,7430,7:00:30,0,0.00,0,0.5500,0.1070,0.0347,0.0117,0,REST-S,7,4,3
581,7431,7:01:00,0,0.00,0,0.5500,0.1070,0.0347,0.0117,0,REST-S,7,4,3
581,7432,7:01:30,0,0.00,0,0.5500,0.1070,0.0347,0.0117,0,REST-S,7,4,3
581,7433,7:02:00,0,0.00,0,0.5500,0.1070,0.0347,0.0117,0,REST-S,7,4,3
581,7434,7:02:30,0,16.00,0,0.5500,0.1070,0.0347,0.0117,0,REST-S,7,4,3
581,7435,7:03:00,0,0.00,0,0.5500,0.1070,0.0347,0.0117,0,REST-S,7,4,3
581,7436,7:03:30,0,0.00,0,0.5500,0.1070,0.0347,0.0117,0,REST-S,7,4,3
581,7437,7:04:00,0,0.00,0,0.5500,0.1070,0.0347,0.0117,0,REST-S,7,4,3
581,7438,7:04:30,0,0.00,0,0.5500,0.1070,0.0347,0.0117,0,REST-S,7,4,3
581,7439,7:05:00,0,0.00,0,0.5500,0.1070,0.0347,0.0117,0,REST-S,7,4,3
581,7440,7:05:30,0,0.00,0,0.5500,0.1070,0.0347,0.0117,0,REST-S,7,4,3
581,7441,7:06:00,0,0.00,0,0.5500,0.1070,0.0347,0.0117,0,REST-S,7,4,3
581,7442,7:06:30,0,0.00,0,0.5500,0.1070,0.0347,0.0117,0,REST-S,7,4,3
581,7443,7:07:00,0,0.00,0,0.5500,0.1070,0.0347,0.0117,0,REST-S,7,4,3
581,7444,7:07:30,0,0.00,0,0.5500,0.1070,0.0347,0.0117,0,REST-S,7,4,3
581,7445,7:08:00,0,0.00,0,0.5500,0.1070,0.0347,0.0117,0,REST-S,7,4,3
581,7446,7:08:30,0,0.00,0,0.5500,0.1070,0.0347,0.0117,0,REST-S,7,4,3
581,7447,7:09:00,0,0.00,0,0.5500,0.1070,0.0347,0.0117,0,REST-S,7,4,3
581,7448,7:09:30,0,0.00,0,0.5500,0.1070,0.0347,0.0117,0,REST-S,7,4,3
581,7449,7:10:00,0,29.00,0,0.5500,0.1070,0.0347,0.0117,1,REST-S,7,4,3
581,7450,7:10:30,0,0.00,0,0.5500,0.1070,0.0347,0.0117,0,REST-S,7,4,3
581,7451,7:11:00,0,0.00,0,0.5500,0.1070,0.0347,0.0117,0,REST-S,7,4,3
581,7452,7:11:30,0,0.00,0,0.5500,0.1070,0.0347,0.0117,0,REST-S,7,4,3
581,7453,7:12:00,0,0.00,0,0.5500,0.1070,0.0347,0.0117,0,REST-S,7,4,3
581,7454,7:12:30,0,0.00,0,0.5500,0.1070,0.0347,0.0117,0,REST-S,7,4,3
581,7455,7:13:00,0,0.00,0,0.5500,0.1070,0.0347,0.0117,0,REST-S,7,4,3
581,7456,7:13:30,0,0.00,0,0.5500,0.1070,0.0347,0.0117,0,REST-S,7,4,3
581,7457,7:14:00,0,15.00,0,0.4400,0.0981,0.0251,0.0000,0,REST-S,7,4,3
581,7458,7:14:30,0,0.00,0,0.5500,0.1070,0.0347,0.0117,0,REST-S,7,4,3
581,7459,7:15:00,0,0.00,0,0.5300,0.0981,0.0347,0.0117,0,REST-S,7,4,3
581,7460,7:15:30,0,0.00,0,0.2600,0.1120,0.0000,0.0117,0,REST-S,7,4,3
581,7461,7:16:00,0,0.00,0,0.5300,0.0981,0.0347,0.0117,0,REST-S,7,4,3
581,7462,7:16:30,0,0.00,0,0.4600,0.1070,0.0251,0.0000,0,REST-S,7,4,3
581,7463,7:17:00,0,0.00,0,0.2800,0.1220,0.0000,0.0117,0,REST-S,7,4,3
581,7464,7:17:30,0,0.00,0,0.5500,0.1070,0.0347,0.0117,0,REST-S,7,4,3
581,7465,7:18:00,0,0.00,0,0.2800,0.1220,0.0000,0.0117,0,REST-S,7,4,3
581,7466,7:18:30,0,0.00,0,0.2700,0.1220,0.0000,0.0000,0,REST-S,7,4,3
581,7467,7:19:00,0,0.00,0,0.4600,0.1070,0.0251,0.0000,0,REST-S,7,4,3
581,7468,7:19:30,0,0.00,0,0.2800,0.1220,0.0000,0.0117,0,REST-S,7,4,3
581,7469,7:20:00,0,0.00,0,0.2700,0.1220,0.0000,0.0000,0,REST-S,7,4,3
581,7470,7:20:30,0,0.00,0,0.4400,0.0981,0.0251,0.0000,0,REST-S,7,4,3
581,7471,7:21:00,0,0.00,0,0.2600,0.1120,0.0000,0.0117,0,REST-S,7,4,3
581,7472,7:21:30,0,0.00,0,0.2800,0.1220,0.0000,0.0117,0,REST-S,7,4,3
581,7473,7:22:00,0,0.00,0,0.5500,0.1070,0.0347,0.0117,0,REST-S,7,4,3
581,7474,7:22:30,0,0.00,0,0.5300,0.0981,0.0347,0.0117,0,REST-S,7,4,3
581,7475,7:23:00,0,0.00,0,0.4400,0.0981,0.0251,0.0000,0,REST-S,7,4,3
581,7476,7:23:30,0,0.00,0,0.2700,0.1220,0.0000,0.0000,0,REST-S,7,4,3
581,7477,7:24:00,0,0.00,0,0.2800,0.1220,0.0000,0.0117,0,REST-S,7,4,3
581,7478,7:24:30,0,0.00,0,0.5500,0.1070,0.0347,0.0117,0,REST-S,7,4,3
581,7479,7:25:00,0,0.00,0,0.2700,0.1220,0.0000,0.0000,0,REST-S,7,4,3
581,7480,7:25:30,0,0.00,0,0.2700,0.1220,0.0000,0.0000,0,REST-S,7,4,3
581,7481,7:26:00,0,0.00,0,0.5700,0.1140,0.0347,0.0117,0,REST-S,7,4,3
581,7482,7:26:30,0,0.00,0,0.5700,0.1140,0.0347,0.0117,0,REST-S,7,4,3
581,7483,7:27:00,0,0.00,0,0.3000,0.1300,0.0000,0.0117,0,REST-S,7,4,3
581,7484,7:27:30,0,0.00,0,0.4700,0.1140,0.0251,0.0000,0,REST-S,7,4,3
581,7485,7:28:00,0,79.00,0,0.5700,0.1140,0.0347,0.0117,1,REST-S,7,4,3
581,7486,7:28:30,0,8.00,0,0.2900,0.1300,0.0000,0.0000,0,REST-S,7,4,3
581,7487,7:29:00,0,0.00,0,0.3000,0.1300,0.0000,0.0117,0,REST-S,7,4,3
581,7488,7:29:30,0,0.00,0,0.3100,0.1420,0.0000,0.0000,0,REST-S,7,4,3
581,7489,7:30:00,0,0.00,0,0.5700,0.1140,0.0347,0.0117,0,REST-S,7,4,3
581,7490,7:30:30,0,0.00,0,0.4700,0.1140,0.0251,0.0000,0,REST-S,7,4,3
581,7491,7:31:00,0,0.00,0,0.5900,0.1220,0.0347,0.0117,0,REST-S,7,4,3
581,7492,7:31:30,0,0.00,0,0.5900,0.1220,0.0347,0.0117,0,REST-S,7,4,3
581,7493,7:32:00,0,0.00,0,0.5900,0.1220,0.0347,0.0117,0,REST-S,7,4,3
581,7494,7:32:30,0,0.00,0,0.5700,0.1140,0.0347,0.0117,0,REST-S,7,4,3
581,7495,7:33:00,0,0.00,0,0.5700,0.1140,0.0347,0.0117,0,REST-S,7,4,3
581,7496,7:33:30,0,0.00,0,0.5700,0.1140,0.0347,0.0117,0,REST-S,7,4,3
581,7497,7:34:00,0,0.00,0,0.5700,0.1140,0.0347,0.0117,0,REST-S,7,4,3
581,7498,7:34:30,0,128.00,0,0.5900,0.1220,0.0347,0.0117,1,REST-S,7,4,3
581,7499,7:35:00,0,0.00,0,0.5500,0.1070,0.0347,0.0117,0,REST-S,7,4,3
581,7500,7:35:30,0,0.00,0,0.5500,0.1070,0.0347,0.0117,0,REST-S,7,4,3
581,7501,7:36:00,0,0.00,0,0.5500,0.1070,0.0347,0.0117,0,REST-S,7,4,3
581,7502,7:36:30,0,0.00,0,0.5500,0.1070,0.0347,0.0117,0,REST-S,7,4,3
581,7503,7:37:00,0,0.00,0,0.5500,0.1070,0.0347,0.0117,0,REST-S,7,4,3
581,7504,7:37:30,0,0.00,0,0.5300,0.0981,0.0347,0.0117,0,REST-S,7,4,3
581,7505,7:38:00,0,0.00,0,0.5500,0.1070,0.0347,0.0117,0,REST-S,7,4,3
581,7506,7:38:30,0,0.00,0,0.5300,0.0981,0.0347,0.0117,0,REST-S,7,4,3
581,7507,7:39:00,0,0.00,0,0.5500,0.1070,0.0347,0.0117,0,REST-S,7,4,3
581,7508,7:39:30,0,0.00,0,0.5300,0.0981,0.0347,0.0117,0,REST-S,7,4,3
581,7509,7:40:00,0,0.00,0,0.5300,0.0981,0.0347,0.0117,0,REST-S,7,4,3
581,7510,7:40:30,0,0.00,0,0.5300,0.0981,0.0347,0.0117,0,REST-S,7,4,3
581,7511,7:41:00,0,0.00,0,0.5500,0.1070,0.0347,0.0117,0,REST-S,7,4,3
581,7512,7:41:30,0,0.00,0,0.5500,0.1070,0.0347,0.0117,0,REST-S,7,4,3
581,7513,7:42:00,0,0.00,0,0.5500,0.1070,0.0347,0.0117,0,REST-S,7,4,3
581,7514,7:42:30,0,0.00,0,0.5500,0.1070,0.0347,0.0117,0,REST-S,7,4,3
581,7515,7:43:00,0,0.00,0,0.5300,0.0981,0.0347,0.0117,0,REST-S,7,4,3
581,7516,7:43:30,0,0.00,0,0.5300,0.0981,0.0347,0.0117,0,REST-S,7,4,3
581,7517,7:44:00,0,0.00,0,0.5300,0.0981,0.0347,0.0117,0,REST-S,7,4,3
581,7518,7:44:30,0,0.00,0,0.5300,0.0981,0.0347,0.0117,0,REST-S,7,4,3
581,7519,7:45:00,0,0.00,0,0.5300,0.0981,0.0347,0.0117,0,REST-S,7,4,3
581,7520,7:45:30,0,0.00,0,0.5300,0.0981,0.0347,0.0117,0,REST-S,7,4,3
581,7521,7:46:00,0,0.00,0,0.5500,0.1070,0.0347,0.0117,0,REST-S,7,4,3
581,7522,7:46:30,0,0.00,0,0.5500,0.1070,0.0347,0.0117,0,REST-S,7,4,3
581,7523,7:47:00,0,0.00,0,0.5500,0.1070,0.0347,0.0117,0,REST-S,7,4,3
581,7524,7:47:30,0,0.00,0,0.5500,0.1070,0.0347,0.0117,0,REST-S,7,4,3
581,7525,7:48:00,0,0.00,0,0.5500,0.1070,0.0347,0.0117,0,REST-S,7,4,3
581,7526,7:48:30,0,0.00,0,0.5300,0.0981,0.0347,0.0117,0,REST-S,7,4,3
581,7527,7:49:00,0,0.00,0,0.5300,0.0981,0.0347,0.0117,0,REST-S,7,4,3
581,7528,7:49:30,0,0.00,0,0.5300,0.0981,0.0347,0.0117,0,REST-S,7,4,3
581,7529,7:50:00,0,0.00,0,0.5200,0.0939,0.0347,0.0117,0,REST-S,7,4,3
581,7530,7:50:30,0,0.00,0,0.5200,0.0939,0.0347,0.0117,0,REST-S,7,4,3
581,7531,7:51:00,0,0.00,0,0.5500,0.1070,0.0347,0.0117,0,REST-S,7,4,3
581,7532,7:51:30,0,0.00,0,0.5500,0.1070,0.0347,0.0117,0,REST-S,7,4,3
581,7533,7:52:00,0,52.00,0,0.5500,0.1070,0.0347,0.0117,1,REST-S,7,4,3
581,7534,7:52:30,0,0.00,0,0.5500,0.1070,0.0347,0.0117,0,REST-S,7,4,3
581,7535,7:53:00,0,0.00,0,0.5500,0.1070,0.0347,0.0117,0,REST-S,7,4,3
581,7536,7:53:30,0,0.00,0,0.5500,0.1070,0.0347,0.0117,0,REST-S,7,4,3
581,7537,7:54:00,0,0.00,0,0.5500,0.1070,0.0347,0.0117,0,REST-S,7,4,3
581,7538,7:54:30,0,0.00,0,0.5500,0.1070,0.0347,0.0117,0,REST-S,7,4,3
581,7539,7:55:00,0,0.00,0,0.5500,0.1070,0.0347,0.0117,0,REST-S,7,4,3
581,7540,7:55:30,0,0.00,0,0.5500,0.1070,0.0347,0.0117,0,REST-S,7,4,3
581,7541,7:56:00,0,0.00,0,0.5500,0.1070,0.0347,0.0117,0,REST-S,7,4,3
581,7542,7:56:30,0,0.00,0,0.5500,0.1070,0.0347,0.0117,0,REST-S,7,4,3
581,7543,7:57:00,0,0.00,0,0.5500,0.1070,0.0347,0.0117,0,REST-S,7,4,3
581,7544,7:57:30,0,0.00,0,0.5500,0.1070,0.0347,0.0117,0,REST-S,7,4,3
581,7545,7:58:00,0,0.00,0,0.5500,0.1070,0.0347,0.0117,0,REST-S,7,4,3
581,7546,7:58:30,0,0.00,0,0.5500,0.1070,0.0347,0.0117,0,REST-S,7,4,3
581,7547,7:59:00,0,0.00,0,0.5300,0.0981,0.0347,0.0117,0,REST-S,7,4,3
581,7548,7:59:30,0,0.00,0,0.5500,0.1070,0.0347,0.0117,0,REST-S,7,4,3
581,7549,8:00:00,0,0.00,0,0.5500,0.1070,0.0347,0.0117,0,REST-S,7,4,3
581,7550,8:00:30,0,0.00,0,0.5500,0.1070,0.0347,0.0117,0,REST-S,7,4,3
581,7551,8:01:00,0,0.00,0,0.5500,0.1070,0.0347,0.0117,0,REST-S,7,4,3
581,7552,8:01:30,0,0.00,0,0.5500,0.1070,0.0347,0.0117,0,REST-S,7,4,3
581,7553,8:02:00,0,0.00,0,0.5500,0.1070,0.0347,0.0117,0,REST-S,7,4,3
581,7554,8:02:30,0,0.00,0,0.5500,0.1070,0.0347,0.0117,0,REST-S,7,4,3
581,7555,8:03:00,0,0.00,0,0.5500,0.1070,0.0347,0.0117,0,REST-S,7,4,3
581,7556,8:03:30,0,0.00,0,0.5500,0.1070,0.0347,0.0117,0,REST-S,7,4,3
581,7557,8:04:00,0,0.00,0,0.5500,0.1070,0.0347,0.0117,0,REST-S,7,4,3
581,7558,8:04:30,0,0.00,0,0.5500,0.1070,0.0347,0.0117,0,REST-S,7,4,3
581,7559,8:05:00,0,0.00,0,0.5500,0.1070,0.0347,0.0117,0,REST-S,7,4,3
581,7560,8:05:30,0,0.00,0,0.5500,0.1070,0.0347,0.0117,0,REST-S,7,4,3
581,7561,8:06:00,0,0.00,0,0.5500,0.1070,0.0347,0.0117,0,REST-S,7,4,3
581,7562,8:06:30,0,0.00,0,0.5500,0.1070,0.0347,0.0117,0,REST-S,7,4,3
581,7563,8:07:00,0,0.00,0,0.5500,0.1070,0.0347,0.0117,0,REST-S,7,4,3
581,7564,8:07:30,0,0.00,0,0.5500,0.1070,0.0347,0.0117,0,REST-S,7,4,3
581,7565,8:08:00,0,0.00,0,0.5500,0.1070,0.0347,0.0117,0,REST-S,7,4,3
581,7566,8:08:30,0,0.00,0,0.5500,0.1070,0.0347,0.0117,0,REST-S,7,4,3
581,7567,8:09:00,0,0.00,0,0.5500,0.1070,0.0347,0.0117,0,REST-S,7,4,3
581,7568,8:09:30,0,0.00,0,0.5500,0.1070,0.0347,0.0117,0,REST-S,7,4,3
581,7569,8:10:00,0,0.00,0,0.5500,0.1070,0.0347,0.0117,0,REST-S,7,4,3
581,7570,8:10:30,0,0.00,0,0.5500,0.1070,0.0347,0.0117,0,REST-S,7,4,3
581,7571,8:11:00,0,0.00,0,0.5500,0.1070,0.0347,0.0117,0,REST-S,7,4,3
581,7572,8:11:30,0,0.00,0,0.5500,0.1070,0.0347,0.0117,0,REST-S,7,4,3
581,7573,8:12:00,0,0.00,0,0.5500,0.1070,0.0347,0.0117,0,REST-S,7,4,3
581,7574,8:12:30,0,0.00,0,0.5500,0.1070,0.0347,0.0117,0,REST-S,7,4,3
581,7575,8:13:00,0,123.00,0,0.5500,0.1070,0.0347,0.0117,1,REST-S,7,4,3
581,7576,8:13:30,0,0.00,0,0.5500,0.1070,0.0347,0.0117,0,REST-S,7,4,3
581,7577,8:14:00,0,0.00,0,0.5500,0.1070,0.0347,0.0117,0,REST-S,7,4,3
581,7578,8:14:30,0,0.00,0,0.5500,0.1070,0.0347,0.0117,0,REST-S,7,4,3
581,7579,8:15:00,0,0.00,0,0.5500,0.1070,0.0347,0.0117,0,REST-S,7,4,3
581,7580,8:15:30,0,0.00,0,0.5500,0.1070,0.0347,0.0117,0,REST-S,7,4,3
581,7581,8:16:00,0,0.00,0,0.5500,0.1070,0.0347,0.0117,0,REST-S,7,4,3
581,7582,8:16:30,0,0.00,0,0.5700,0.1140,0.0347,0.0117,0,REST-S,7,4,3
581,7583,8:17:00,0,151.00,0,0.6000,0.1300,0.0347,0.0117,1,REST-S,7,4,3
581,7584,8:17:30,0,15.00,0,0.5900,0.1220,0.0347,0.0117,1,REST-S,7,4,3
581,7585,8:18:00,0,0.00,0,0.5900,0.1220,0.0347,0.0117,0,REST-S,7,4,3
581,7586,8:18:30,0,0.00,0,0.5900,0.1220,0.0347,0.0117,0,REST-S,7,4,3
581,7587,8:19:00,0,0.00,0,0.5900,0.1220,0.0347,0.0117,0,REST-S,7,4,3
581,7588,8:19:30,0,0.00,0,0.5900,0.1220,0.0347,0.0117,0,REST-S,7,4,3
581,7589,8:20:00,0,0.00,0,0.5900,0.1220,0.0347,0.0117,0,REST-S,7,4,3
581,7590,8:20:30,0,0.00,0,0.5900,0.1220,0.0347,0.0117,0,REST-S,7,4,3
581,7591,8:21:00,0,0.00,0,0.5900,0.1220,0.0347,0.0117,0,REST-S,7,4,3
581,7592,8:21:30,0,0.00,0,0.5900,0.1220,0.0347,0.0117,0,REST-S,7,4,3
581,7593,8:22:00,0,0.00,0,0.5900,0.1220,0.0347,0.0117,0,REST-S,7,4,3
581,7594,8:22:30,0,0.00,0,0.5900,0.1220,0.0347,0.0117,0,REST-S,7,4,3
581,7595,8:23:00,0,0.00,0,0.5900,0.1220,0.0347,0.0117,0,REST-S,7,4,3
581,7596,8:23:30,0,0.00,0,0.5900,0.1220,0.0347,0.0117,0,REST-S,7,4,3
581,7597,8:24:00,0,0.00,0,0.5900,0.1220,0.0347,0.0117,0,REST-S,7,4,3
581,7598,8:24:30,0,0.00,0,0.5700,0.1140,0.0347,0.0117,0,REST-S,7,4,3
581,7599,8:25:00,0,0.00,0,0.5500,0.1070,0.0347,0.0117,0,REST-S,7,4,3
581,7600,8:25:30,0,0.00,0,0.5500,0.1070,0.0347,0.0117,0,REST-S,7,4,3
581,7601,8:26:00,0,0.00,0,0.5500,0.1070,0.0347,0.0117,0,REST-S,7,4,3
581,7602,8:26:30,0,0.00,0,0.5500,0.1070,0.0347,0.0117,0,REST-S,7,4,3
581,7603,8:27:00,0,0.00,0,0.5500,0.1070,0.0347,0.0117,0,REST-S,7,4,3
581,7604,8:27:30,0,0.00,0,0.5500,0.1070,0.0347,0.0117,0,REST-S,7,4,3
581,7605,8:28:00,0,0.00,0,0.5500,0.1070,0.0347,0.0117,0,REST-S,7,4,3
581,7606,8:28:30,0,0.00,0,0.5500,0.1070,0.0347,0.0117,0,REST-S,7,4,3
581,7607,8:29:00,0,47.00,1,0.5700,0.1140,0.0347,0.0117,1,ACTIVE,7,4,3
581,7608,8:29:30,0,16.00,0,0.5500,0.1070,0.0347,0.0117,1,ACTIVE,7,4,3
581,7609,8:30:00,0,7.00,0,0.5500,0.1070,0.0347,0.0117,0,ACTIVE,7,4,3
581,7610,8:30:30,0,0.00,0,0.5500,0.1070,0.0347,0.0117,0,ACTIVE,7,4,3
581,7611,8:31:00,0,56.00,0,0.5700,0.1140,0.0347,0.0117,1,ACTIVE,7,4,3
581,7612,8:31:30,0,16.00,0,0.5900,0.1220,0.0347,0.0117,1,ACTIVE,7,4,3
581,7613,8:32:00,0,15.00,0,0.5900,0.1220,0.0347,0.0117,1,ACTIVE,7,4,3
581,7614,8:32:30,0,5.00,0,0.5700,0.1140,0.0347,0.0117,0,ACTIVE,7,4,3
581,7615,8:33:00,0,6.00,0,0.5500,0.1070,0.0347,0.0117,1,ACTIVE,7,4,3
581,7616,8:33:30,0,45.00,0,0.5900,0.1220,0.0347,0.0117,1,ACTIVE,7,4,3
581,7617,8:34:00,0,207.00,0,8.1300,1.2400,0.6050,0.0880,1,ACTIVE,7,4,3
581,7618,8:34:30,0,0.00,0,45.7100,3.1400,4.2500,1.4100,1,ACTIVE,7,4,3
581,7619,8:35:00,0,70.00,0,60.0100,3.9800,5.6300,1.7100,1,ACTIVE,7,4,3
581,7620,8:35:30,0,297.00,0,5.8300,1.1100,0.3680,0.1450,1,ACTIVE,7,4,3
581,7621,8:36:00,0,566.00,0,1.5000,0.2720,0.1000,0.0162,1,ACTIVE,7,4,3
581,7622,8:36:30,0,123.00,0,1.2100,0.2600,0.0694,0.0292,1,ACTIVE,7,4,3
581,7623,8:37:00,0,228.00,0,9.9300,1.7900,0.6460,0.2960,1,ACTIVE,7,4,3
581,7624,8:37:30,0,89.00,0,2.2300,0.2770,0.1760,0.0694,1,ACTIVE,7,4,3
581,7625,8:38:00,0,73.00,0,0.7500,0.1960,0.0347,0.0117,1,ACTIVE,7,4,3
581,7626,8:38:30,0,56.00,0,0.5900,0.1220,0.0347,0.0117,1,ACTIVE,7,4,3
581,7627,8:39:00,0,157.00,0,1.0800,0.2900,0.0501,0.0046,1,ACTIVE,7,4,3
581,7628,8:39:30,0,70.00,0,0.2500,0.1120,0.0000,0.0000,1,ACTIVE,7,4,3
581,7629,8:40:00,0,142.00,0,0.6200,0.1360,0.0347,0.0117,1,ACTIVE,7,4,3
581,7630,8:40:30,0,16.00,0,0.5900,0.1220,0.0347,0.0117,1,ACTIVE,7,4,3
581,7631,8:41:00,0,128.00,0,0.7800,0.2090,0.0347,0.0117,1,ACTIVE,7,4,3
581,7632,8:41:30,0,110.00,0,0.7600,0.1450,0.0501,0.0046,1,ACTIVE,7,4,3
581,7633,8:42:00,0,16.00,0,0.2500,0.1120,0.0000,0.0000,1,ACTIVE,7,4,3
581,7634,8:42:30,0,19.00,0,0.7500,0.1960,0.0347,0.0117,1,ACTIVE,7,4,3
581,7635,8:43:00,0,0.00,0,1.1000,0.2090,0.0694,0.0292,0,ACTIVE,7,4,3
581,7636,8:43:30,0,0.00,0,1.0700,0.1960,0.0694,0.0292,0,ACTIVE,7,4,3
581,7637,8:44:00,0,0.00,0,1.1000,0.2090,0.0694,0.0292,0,ACTIVE,7,4,3
581,7638,8:44:30,0,0.00,0,1.1000,0.2090,0.0694,0.0292,0,ACTIVE,7,4,3
581,7639,8:45:00,0,2.00,0,0.4900,0.1960,0.0024,0.0354,0,ACTIVE,7,4,3
581,7640,8:45:30,0,4.00,0,0.6700,0.1580,0.0347,0.0117,0,ACTIVE,7,4,3
581,7641,8:46:00,0,0.00,0,0.6700,0.1580,0.0347,0.0117,0,ACTIVE,7,4,3
581,7642,8:46:30,0,2.00,0,0.6700,0.1580,0.0347,0.0117,0,ACTIVE,7,4,3
581,7643,8:47:00,0,0.00,0,0.6900,0.1690,0.0347,0.0117,0,ACTIVE,7,4,3
581,7644,8:47:30,0,0.00,0,0.6900,0.1690,0.0347,0.0117,0,ACTIVE,7,4,3
581,7645,8:48:00,0,0.00,0,0.7100,0.1760,0.0347,0.0117,0,ACTIVE,7,4,3
581,7646,8:48:30,0,0.00,0,0.6900,0.1690,0.0347,0.0117,0,ACTIVE,7,4,3
581,7647,8:49:00,0,0.00,0,0.7100,0.1760,0.0347,0.0117,0,ACTIVE,7,4,3
581,7648,8:49:30,0,68.00,0,2.1600,0.5430,0.1050,0.0412,1,ACTIVE,7,4,3
581,7649,8:50:00,0,0.00,0,1.3800,0.1880,0.1050,0.0412,0,ACTIVE,7,4,3
581,7650,8:50:30,0,12.00,0,2.5800,0.3030,0.2090,0.0694,0,ACTIVE,7,4,3
581,7651,8:51:00,0,0.00,0,2.7400,0.3370,0.2230,0.0347,0,ACTIVE,7,4,3
581,7652,8:51:30,0,0.00,0,4.0800,0.3370,0.3680,0.1050,0,ACTIVE,7,4,3
581,7653,8:52:00,0,0.00,0,4.0500,0.3230,0.3680,0.1050,0,ACTIVE,7,4,3
581,7654,8:52:30,0,54.00,0,3.2600,0.3300,0.2770,0.0880,1,ACTIVE,7,4,3
581,7655,8:53:00,0,23.00,0,1.8300,0.3920,0.1050,0.0412,1,ACTIVE,7,4,3
581,7656,8:53:30,0,119.00,0,3.1300,0.4010,0.2440,0.1050,1,ACTIVE,7,4,3
581,7657,8:54:00,0,11.00,0,0.4100,0.1800,0.0000,0.0117,1,ACTIVE,7,4,3
581,7658,8:54:30,0,40.00,0,1.8200,0.5200,0.0756,0.0115,1,ACTIVE,7,4,3
581,7659,8:55:00,0,1.00,0,1.2500,0.2770,0.0694,0.0292,0,ACTIVE,7,4,3
581,7660,8:55:30,0,0.00,0,1.2100,0.2600,0.0694,0.0292,0,ACTIVE,7,4,3
581,7661,8:56:00,0,0.00,0,1.0200,0.2600,0.0501,0.0046,0,ACTIVE,7,4,3
581,7662,8:56:30,0,0.00,0,1.2100,0.2600,0.0694,0.0292,0,ACTIVE,7,4,3
581,7663,8:57:00,0,0.00,0,0.7700,0.2050,0.0347,0.0117,0,ACTIVE,7,4,3
581,7664,8:57:30,0,0.00,0,0.7100,0.1760,0.0347,0.0117,0,ACTIVE,7,4,3
581,7665,8:58:00,0,40.00,0,0.6800,0.2090,0.0251,0.0000,1,ACTIVE,7,4,3
581,7666,8:58:30,0,73.00,0,362.1400,15.6000,35.5000,15.3000,1,ACTIVE,7,4,3
581,7667,8:59:00,0,45.00,0,354.3500,16.3000,34.8000,12.8000,1,ACTIVE,7,4,3
581,7668,8:59:30,0,0.00,0,60.7600,5.7600,5.3900,0.7200,0,ACTIVE,7,4,3
581,7669,9:00:00,0,0.00,0,59.7100,5.7600,5.2800,0.6890,0,ACTIVE,7,4,3
581,7670,9:00:30,0,12.00,0,229.8300,17.4000,21.6000,2.2200,1,ACTIVE,7,4,3
581,7671,9:01:00,0,25.00,0,221.8400,15.6000,21.1000,2.2200,1,ACTIVE,7,4,3
581,7672,9:01:30,0,0.00,0,0.5700,0.1140,0.0347,0.0117,1,ACTIVE,7,4,3
581,7673,9:02:00,0,34.00,0,1.5900,0.3160,0.1000,0.0162,1,ACTIVE,7,4,3
581,7674,9:02:30,0,181.00,0,4.2300,0.6050,0.3160,0.1170,1,ACTIVE,7,4,3
581,7675,9:03:00,0,107.00,0,1.4200,0.3520,0.0694,0.0292,1,ACTIVE,7,4,3
581,7676,9:03:30,0,207.00,0,3.9300,0.6180,0.2900,0.0230,1,ACTIVE,7,4,3
581,7677,9:04:00,0,75.00,0,2.6100,0.4570,0.1760,0.0583,1,ACTIVE,7,4,3
581,7678,9:04:30,0,38.00,0,7.7900,1.2900,0.5430,0.1650,1,ACTIVE,7,4,3
581,7679,9:05:00,0,73.00,0,3.4400,0.5550,0.2440,0.0694,1,ACTIVE,7,4,3
581,7680,9:05:30,0,114.00,0,5.2000,0.3760,0.4770,0.1800,1,ACTIVE,7,4,3
581,7681,9:06:00,0,27.00,0,5.5700,0.5200,0.4770,0.2230,1,ACTIVE,7,4,3
581,7682,9:06:30,0,0.00,0,3.7400,1.0400,0.0622,0.8200,0,ACTIVE,7,4,3
581,7683,9:07:00,0,1.00,0,2.7200,0.7040,0.0431,0.7200,0,ACTIVE,7,4,3
581,7684,9:07:30,0,0.00,0,2.4400,0.4670,0.0470,0.9130,0,ACTIVE,7,4,3
581,7685,9:08:00,0,28.00,0,6.1800,0.6740,0.5090,0.2090,1,ACTIVE,7,4,3
581,7686,9:08:30,0,66.00,0,1.7800,0.2280,0.1390,0.0583,1,ACTIVE,7,4,3
581,7687,9:09:00,0,56.00,0,0.4100,0.1800,0.0000,0.0117,1,ACTIVE,7,4,3
581,7688,9:09:30,0,147.00,0,0.8400,0.2380,0.0347,0.0117,1,ACTIVE,7,4,3
581,7689,9:10:00,0,47.00,0,614.5600,31.2000,59.7000,20.7000,1,ACTIVE,7,4,3
581,7690,9:10:30,0,14.00,0,1168.860,61.0000,112.0000,49.1000,1,ACTIVE,7,4,3
581,7691,9:11:00,0,103.00,0,636.1500,23.5000,62.4000,34.8000,1,ACTIVE,7,4,3
581,7692,9:11:30,0,269.00,0,1.3400,0.3160,0.0694,0.0292,1,ACTIVE,7,4,3
581,7693,9:12:00,0,373.00,0,9.5700,1.2400,0.7680,0.1020,1,ACTIVE,7,4,3
581,7694,9:12:30,0,424.00,0,21.6600,1.7500,1.9500,0.6600,1,ACTIVE,7,4,3
581,7695,9:13:00,0,107.00,0,23.5200,2.6400,1.9500,0.5670,1,ACTIVE,7,4,3
581,7696,9:13:30,0,0.00,0,3.5600,0.4670,0.2770,0.0880,1,ACTIVE,7,4,3
581,7697,9:14:00,0,28.00,0,20.9800,1.9500,1.8300,0.6180,1,ACTIVE,7,4,3
581,7698,9:14:30,0,137.00,0,30.9500,1.8700,2.9400,0.9750,1,ACTIVE,7,4,3
581,7699,9:15:00,0,214.00,0,8.9500,1.5000,0.6180,0.1920,1,ACTIVE,7,4,3
581,7700,9:15:30,0,70.00,0,6.7600,0.6740,0.5790,0.1800,1,ACTIVE,7,4,3
581,7701,9:16:00,0,4.00,0,12.0100,0.9540,1.0900,0.3600,1,ACTIVE,7,4,3
581,7702,9:16:30,0,221.00,0,7.6000,0.8940,0.6180,0.1920,1,ACTIVE,7,4,3
581,7703,9:17:00,0,193.00,0,3.7000,0.6740,0.2440,0.0694,1,ACTIVE,7,4,3
581,7704,9:17:30,0,373.00,0,3.6000,0.4870,0.2770,0.0880,1,ACTIVE,7,4,3
581,7705,9:18:00,0,23.00,0,65.0200,6.7000,5.6300,0.8020,1,ACTIVE,7,4,3
581,7706,9:18:30,0,23.00,0,82.6900,6.8500,7.4700,1.9900,1,ACTIVE,7,4,3
581,7707,9:19:00,0,38.00,0,938.4900,54.8000,90.1000,25.7000,1,ACTIVE,7,4,3
581,7708,9:19:30,0,0.00,0,2125.800,119.0000,205.0000,58.4000,0,ACTIVE,7,4,3
581,7709,9:20:00,0,0.00,0,2341.290,133.0000,224.0000,79.2000,0,ACTIVE,7,4,3
581,7710,9:20:30,0,0.00,0,2345.110,133.0000,224.0000,82.7000,0,ACTIVE,7,4,3
581,7711,9:21:00,0,63.00,0,831.4000,48.1000,79.2000,29.2000,1,ACTIVE,7,4,3
581,7712,9:21:30,0,36.00,0,27.8800,3.6500,2.1700,0.7200,1,ACTIVE,7,4,3
581,7713,9:22:00,0,114.00,0,298.9500,17.8000,28.0000,13.4000,1,ACTIVE,7,4,3
581,7714,9:22:30,0,278.00,0,12.2800,1.6400,0.9540,0.2840,1,ACTIVE,7,4,3
581,7715,9:23:00,0,252.00,0,10.8500,1.5400,0.8370,0.1070,1,ACTIVE,7,4,3
581,7716,9:23:30,0,252.00,0,6.1900,1.0400,0.4370,0.0535,1,ACTIVE,7,4,3
581,7717,9:24:00,0,200.00,0,4.9500,0.5920,0.4010,0.1170,1,ACTIVE,7,4,3
581,7718,9:24:30,0,288.00,0,16.8400,2.6400,1.2100,0.3760,1,ACTIVE,7,4,3
581,7719,9:25:00,0,278.00,0,170.4200,12.3000,15.6000,6.1400,1,ACTIVE,7,4,3
581,7720,9:25:30,0,96.00,0,34.0000,3.8100,2.8200,0.8200,1,ACTIVE,7,4,3
581,7721,9:26:00,0,187.00,0,445.0400,52.4000,36.3000,10.3000,1,ACTIVE,7,4,3
581,7722,9:26:30,0,252.00,0,1389.390,94.1000,130.0000,37.1000,1,ACTIVE,7,4,3
581,7723,9:27:00,0,328.00,0,1352.320,53.6000,133.0000,62.4000,1,ACTIVE,7,4,3
581,7724,9:27:30,0,269.00,0,1342.730,84.5000,127.0000,36.3000,1,ACTIVE,7,4,3
581,7725,9:28:00,0,278.00,0,2.5000,0.2440,0.2090,0.1170,1,ACTIVE,7,4,3
581,7726,9:28:30,0,385.00,0,5.6200,0.3090,0.5430,0.1650,1,ACTIVE,7,4,3
581,7727,9:29:00,0,193.00,0,5.9600,0.2600,0.5790,0.2840,1,ACTIVE,7,4,3
581,7728,9:29:30,0,200.00,0,3.5400,0.8750,0.1760,0.0583,1,ACTIVE,7,4,3
581,7729,9:30:00,0,26.00,0,0.2400,0.1070,0.0000,0.0000,1,ACTIVE,7,4,3
581,7730,9:30:30,0,0.00,0,0.2200,0.0981,0.0000,0.0000,1,ACTIVE,7,4,3
581,7731,9:31:00,0,75.00,0,0.2200,0.0981,0.0000,0.0000,1,ACTIVE,7,4,3
581,7732,9:31:30,0,56.00,0,0.2200,0.0981,0.0000,0.0000,1,ACTIVE,7,4,3
581,7733,9:32:00,0,45.00,0,0.2200,0.0981,0.0000,0.0000,1,ACTIVE,7,4,3
581,7734,9:32:30,0,269.00,0,1.9800,0.2840,0.1510,0.0230,1,ACTIVE,7,4,3
581,7735,9:33:00,0,514.00,0,1.0000,0.1450,0.0756,0.0115,1,ACTIVE,7,4,3
581,7736,9:33:30,0,411.00,0,0.4500,0.1360,0.0070,0.0861,1,ACTIVE,7,4,3
581,7737,9:34:00,0,398.00,0,0.3300,0.1140,0.0024,0.0501,1,ACTIVE,7,4,3
581,7738,9:34:30,0,665.00,0,4.6300,0.5670,0.3680,0.1450,1,ACTIVE,7,4,3
581,7739,9:35:00,0,278.00,0,3.2200,0.2770,0.2770,0.1650,1,ACTIVE,7,4,3
581,7740,9:35:30,0,328.00,0,0.9600,0.1450,0.0694,0.0292,1,ACTIVE,7,4,3
581,7741,9:36:00,0,278.00,0,0.2200,0.0981,0.0000,0.0000,1,ACTIVE,7,4,3
581,7742,9:36:30,0,730.00,0,0.4700,0.1220,0.0024,0.1650,1,ACTIVE,7,4,3
581,7743,9:37:00,0,548.00,0,1.9700,0.3090,0.0559,0.7350,1,ACTIVE,7,4,3
581,7744,9:37:30,0,665.00,0,3.3100,0.3450,0.2770,0.1050,1,ACTIVE,7,4,3
581,7745,9:38:00,0,498.00,0,227.6200,12.6000,21.1000,13.7000,1,ACTIVE,7,4,3
581,7746,9:38:30,0,829.00,0,0.2200,0.0981,0.0000,0.0000,1,ACTIVE,7,4,3
581,7747,9:39:00,0,829.00,0,2.7900,0.8560,0.0189,0.6740,1,ACTIVE,7,4,3
581,7748,9:39:30,0,350.00,0,0.6000,0.1300,0.0347,0.0117,1,ACTIVE,7,4,3
581,7749,9:40:00,0,644.00,0,0.8800,0.1880,0.0189,0.2720,1,ACTIVE,7,4,3
581,7750,9:40:30,0,385.00,0,7.5200,0.3600,0.7350,0.2600,1,ACTIVE,7,4,3
581,7751,9:41:00,0,385.00,0,3.1700,0.2770,0.2770,0.1170,1,ACTIVE,7,4,3
581,7752,9:41:30,0,624.00,0,24.6300,1.0400,2.4200,1.0400,1,ACTIVE,7,4,3
581,7753,9:42:00,0,452.00,0,0.3300,0.1220,0.0024,0.0354,1,ACTIVE,7,4,3
581,7754,9:42:30,0,373.00,0,1.3300,0.1580,0.1050,0.0583,1,ACTIVE,7,4,3
581,7755,9:43:00,0,665.00,0,0.5300,0.0981,0.0347,0.0117,1,ACTIVE,7,4,3
581,7756,9:43:30,0,754.00,0,3.6800,0.1580,0.3680,0.1050,1,ACTIVE,7,4,3
581,7757,9:44:00,0,498.00,0,0.2400,0.1070,0.0000,0.0000,1,ACTIVE,7,4,3
581,7758,9:44:30,0,754.00,0,0.3300,0.1450,0.0000,0.0117,1,ACTIVE,7,4,3
581,7759,9:45:00,0,548.00,0,2.4500,0.2280,0.2090,0.1050,1,ACTIVE,7,4,3
581,7760,9:45:30,0,288.00,0,0.9700,0.1450,0.0694,0.0412,1,ACTIVE,7,4,3
581,7761,9:46:00,0,288.00,0,0.5300,0.0981,0.0347,0.0117,1,ACTIVE,7,4,3
581,7762,9:46:30,0,398.00,0,0.2200,0.0981,0.0000,0.0000,1,ACTIVE,7,4,3
581,7763,9:47:00,0,328.00,0,0.2800,0.0939,0.0024,0.0501,1,ACTIVE,7,4,3
581,7764,9:47:30,0,297.00,0,0.5700,0.1140,0.0347,0.0117,1,ACTIVE,7,4,3
581,7765,9:48:00,0,708.00,0,0.5200,0.1360,0.0070,0.1420,1,ACTIVE,7,4,3
581,7766,9:48:30,0,829.00,0,758.9700,28.0000,75.8000,30.5000,1,ACTIVE,7,4,3
581,7767,9:49:00,0,779.00,0,0.0000,0.0000,0.0000,0.0000,1,ACTIVE,7,4,3
581,7768,9:49:30,0,971.00,0,21.8300,1.0400,0.7680,11.8000,1,ACTIVE,7,4,3
581,7769,9:50:00,0,438.00,0,15.2200,2.3200,1.1100,0.3450,1,ACTIVE,7,4,3
581,7770,9:50:30,0,398.00,0,1.2400,0.1580,0.1000,0.0162,1,ACTIVE,7,4,3
581,7771,9:51:00,0,856.00,0,6.4600,0.2600,0.6600,0.0939,1,ACTIVE,7,4,3
581,7772,9:51:30,0,498.00,0,1.0400,0.1760,0.0694,0.0412,1,ACTIVE,7,4,3
581,7773,9:52:00,0,373.00,0,0.2200,0.0981,0.0000,0.0000,1,ACTIVE,7,4,3
581,7774,9:52:30,0,644.00,0,0.2900,0.1300,0.0000,0.0000,1,ACTIVE,7,4,3
581,7775,9:53:00,0,548.00,0,0.2500,0.1120,0.0000,0.0000,1,ACTIVE,7,4,3
581,7776,9:53:30,0,531.00,0,0.5800,0.1190,0.0347,0.0117,1,ACTIVE,7,4,3
581,7777,9:54:00,0,708.00,0,5.9100,0.3840,0.5430,0.2770,1,ACTIVE,7,4,3
581,7778,9:54:30,0,373.00,0,0.2300,0.0981,0.0000,0.0117,1,ACTIVE,7,4,3
581,7779,9:55:00,0,665.00,0,0.0000,0.0000,0.0000,0.0000,1,ACTIVE,7,4,3
581,7780,9:55:30,0,350.00,0,0.5000,0.1580,0.0070,0.0861,1,ACTIVE,7,4,3
581,7781,9:56:00,0,261.00,0,0.2500,0.1070,0.0000,0.0117,1,ACTIVE,7,4,3
581,7782,9:56:30,0,483.00,0,80.0600,3.8100,7.8000,3.0700,1,ACTIVE,7,4,3
581,7783,9:57:00,0,483.00,0,0.2300,0.0981,0.0000,0.0117,1,ACTIVE,7,4,3
581,7784,9:57:30,0,373.00,0,0.1900,0.0880,0.0000,0.0000,1,ACTIVE,7,4,3
581,7785,9:58:00,0,411.00,0,1.6500,0.1360,0.1510,0.0230,1,ACTIVE,7,4,3
581,7786,9:58:30,0,803.00,0,220.9500,48.1000,4.6400,68.0000,1,ACTIVE,7,4,3
581,7787,9:59:00,0,803.00,0,3.1500,0.2840,0.2770,0.0880,1,ACTIVE,7,4,3
581,7788,9:59:30,0,452.00,0,1.2400,0.1580,0.1000,0.0162,1,ACTIVE,7,4,3
581,7789,10:00:00,0,730.00,0,0.5700,0.1140,0.0347,0.0117,1,ACTIVE,7,4,3
581,7790,10:00:30,0,385.00,0,1.1200,0.1920,0.0211,0.4670,1,ACTIVE,7,4,3
581,7791,10:01:00,0,604.00,0,0.6700,0.1360,0.0095,0.2600,1,ACTIVE,7,4,3
581,7792,10:01:30,0,604.00,0,3.1100,0.2600,0.2770,0.0981,1,ACTIVE,7,4,3
581,7793,10:02:00,0,566.00,0,0.8000,0.2660,0.0095,0.1220,1,ACTIVE,7,4,3
581,7794,10:02:30,0,1033.0,0,0.0000,0.0000,0.0000,0.0000,1,ACTIVE,7,4,3
581,7795,10:03:00,0,514.00,0,3.1300,0.2600,0.2770,0.1170,1,ACTIVE,7,4,3
581,7796,10:03:30,0,350.00,0,4.9100,0.4190,0.4370,0.1450,1,ACTIVE,7,4,3
581,7797,10:04:00,0,665.00,0,5.1800,0.3680,0.4770,0.1760,1,ACTIVE,7,4,3
581,7798,10:04:30,0,883.00,0,13.9400,0.5430,1.4400,0.1240,1,ACTIVE,7,4,3
581,7799,10:05:00,0,1033.0,0,6.0000,0.2720,0.6050,0.0880,1,ACTIVE,7,4,3
581,7800,10:05:30,0,604.00,0,1.9800,0.1920,0.1760,0.0162,1,ACTIVE,7,4,3
581,7801,10:06:00,0,498.00,0,1.7200,0.1720,0.1510,0.0115,1,ACTIVE,7,4,3
581,7802,10:06:30,0,644.00,0,9.9000,0.4190,0.9750,0.4010,1,ACTIVE,7,4,3
581,7803,10:07:00,0,604.00,0,11.3800,0.4190,1.1800,0.0773,1,ACTIVE,7,4,3
581,7804,10:07:30,0,566.00,0,4.5500,0.3160,0.4370,0.0230,1,ACTIVE,7,4,3
581,7805,10:08:00,0,438.00,0,7.0500,0.3160,0.7200,0.0460,1,ACTIVE,7,4,3
581,7806,10:08:30,0,585.00,0,0.2700,0.1220,0.0000,0.0000,1,ACTIVE,7,4,3
581,7807,10:09:00,0,585.00,0,1529.460,103.0000,142.0000,53.6000,1,ACTIVE,7,4,3
581,7808,10:09:30,0,467.00,0,262.7200,15.6000,25.1000,7.6300,1,ACTIVE,7,4,3
581,7809,10:10:00,0,411.00,0,3313.200,184.0000,317.0000,122.0000,1,ACTIVE,7,4,3
581,7810,10:10:30,0,566.00,0,896.7100,66.6000,82.7000,23.5000,1,ACTIVE,7,4,3
581,7811,10:11:00,0,411.00,0,51.5800,5.1700,4.5400,0.3920,1,ACTIVE,7,4,3
581,7812,10:11:30,0,548.00,0,3.7500,0.5550,0.2770,0.0880,1,ACTIVE,7,4,3
581,7813,10:12:00,0,89.00,0,7.8500,1.6700,0.4670,0.0535,1,ACTIVE,7,4,3
581,7814,10:12:30,0,548.00,0,2115.940,92.1000,205.0000,105.0000,1,ACTIVE,7,4,3
581,7815,10:13:00,0,1.00,0,1801.940,61.0000,176.0000,112.0000,1,ACTIVE,7,4,3
581,7816,10:13:30,0,89.00,0,479.2800,86.3000,12.8000,162.0000,1,ACTIVE,7,4,3
581,7817,10:14:00,0,151.00,0,844.3200,22.5000,84.5000,50.2000,1,ACTIVE,7,4,3
581,7818,10:14:30,0,193.00,0,15.1900,4.9500,0.4770,0.0694,1,ACTIVE,7,4,3
581,7819,10:15:00,0,236.00,0,0.4200,0.1920,0.0000,0.0000,1,ACTIVE,7,4,3
581,7820,10:15:30,0,261.00,0,0.6500,0.2960,0.0000,0.0000,1,ACTIVE,7,4,3
581,7821,10:16:00,0,328.00,0,1104.880,65.1000,105.0000,38.7000,1,ACTIVE,7,4,3
581,7822,10:16:30,0,175.00,0,551.0500,27.4000,53.6000,19.4000,1,ACTIVE,7,4,3
581,7823,10:17:00,0,193.00,0,294.5100,32.6000,25.1000,2.3700,1,ACTIVE,7,4,3
581,7824,10:17:30,0,114.00,0,0.8400,0.2380,0.0347,0.0117,1,ACTIVE,7,4,3
581,7825,10:18:00,0,142.00,0,3.6100,0.7350,0.2230,0.0279,1,ACTIVE,7,4,3
581,7826,10:18:30,0,75.00,0,9.5900,1.9100,0.6050,0.0694,1,ACTIVE,7,4,3
581,7827,10:19:00,0,317.00,0,17.4700,2.5800,1.3200,0.1880,1,ACTIVE,7,4,3
581,7828,10:19:30,0,411.00,0,440.0500,33.3000,40.4000,11.3000,1,ACTIVE,7,4,3
581,7829,10:20:00,0,269.00,0,1.0100,0.4570,0.0000,0.0000,1,ACTIVE,7,4,3
581,7830,10:20:30,0,89.00,0,1194.020,66.6000,114.0000,41.3000,1,ACTIVE,7,4,3
581,7831,10:21:00,0,261.00,0,0.8000,0.3600,0.0000,0.0000,1,ACTIVE,7,4,3
581,7832,10:21:30,0,350.00,0,214.3300,10.6000,21.6000,1.8300,1,ACTIVE,7,4,3
581,7833,10:22:00,0,452.00,0,10.0500,1.3500,0.7680,0.3160,1,ACTIVE,7,4,3
581,7834,10:22:30,0,133.00,0,217.4100,5.0600,22.1000,12.0000,1,ACTIVE,7,4,3
581,7835,10:23:00,0,317.00,0,2638.220,75.8000,266.0000,127.0000,1,ACTIVE,7,4,3
581,7836,10:23:30,0,157.00,0,1763.570,52.4000,176.0000,94.1000,1,ACTIVE,7,4,3
581,7837,10:24:00,0,207.00,0,2367.620,105.0000,234.0000,80.9000,1,ACTIVE,7,4,3
581,7838,10:24:30,0,175.00,0,9361.400,393.0000,915.0000,438.0000,1,ACTIVE,7,4,3
581,7839,10:25:00,0,13.00,0,11628.63,478.0000,1140.000,568.0000,1,ACTIVE,7,4,3
581,7840,10:25:30,0,114.00,0,8446.310,361.0000,821.0000,420.0000,1,ACTIVE,7,4,3
581,7841,10:26:00,0,79.00,0,8481.590,377.0000,821.0000,420.0000,1,ACTIVE,7,4,3
581,7842,10:26:30,0,110.00,0,4003.760,205.0000,385.0000,165.0000,1,ACTIVE,7,4,3
581,7843,10:27:00,0,114.00,0,7277.350,249.0000,721.0000,377.0000,1,ACTIVE,7,4,3
581,7844,10:27:30,0,110.00,0,5901.290,272.0000,568.0000,297.0000,1,ACTIVE,7,4,3
581,7845,10:28:00,0,137.00,0,7749.610,290.0000,770.0000,338.0000,1,ACTIVE,7,4,3
581,7846,10:28:30,0,163.00,0,13390.95,499.0000,1320.000,647.0000,1,ACTIVE,7,4,3
581,7847,10:29:00,0,93.00,0,14706.32,521.0000,1470.000,593.0000,1,ACTIVE,7,4,3
581,7848,10:29:30,0,193.00,0,11715.53,393.0000,1160.000,620.0000,1,ACTIVE,7,4,3
581,7849,10:30:00,0,193.00,0,12580.14,448.0000,1240.000,676.0000,1,ACTIVE,7,4,3
581,7850,10:30:30,0,103.00,0,5511.280,261.0000,532.0000,249.0000,1,ACTIVE,7,4,3
581,7851,10:31:00,0,137.00,0,12.0700,1.2400,0.3030,6.1400,1,ACTIVE,7,4,3
581,7852,10:31:30,0,163.00,0,562.3300,38.7000,52.4000,15.9000,1,ACTIVE,7,4,3
581,7853,10:32:00,0,214.00,0,5130.580,229.0000,499.0000,234.0000,1,ACTIVE,7,4,3
581,7854,10:32:30,0,338.00,0,5420.260,205.0000,532.0000,278.0000,1,ACTIVE,7,4,3
581,7855,10:33:00,0,498.00,0,2.0100,0.7680,0.0347,0.0117,1,ACTIVE,7,4,3
581,7856,10:33:30,0,288.00,0,11.8800,3.4200,0.4870,0.0460,1,ACTIVE,7,4,3
581,7857,10:34:00,0,350.00,0,5.4500,1.7500,0.1760,0.0412,1,ACTIVE,7,4,3
581,7858,10:34:30,0,133.00,0,6.3300,1.5000,0.3370,0.0460,1,ACTIVE,7,4,3
581,7859,10:35:00,0,86.00,0,6.8200,0.9540,0.5090,0.2380,1,ACTIVE,7,4,3
581,7860,10:35:30,0,100.00,0,4.7600,0.9960,0.2770,0.1170,1,ACTIVE,7,4,3
581,7861,10:36:00,0,45.00,0,4.2600,1.0600,0.2090,0.0694,1,ACTIVE,7,4,3
581,7862,10:36:30,0,79.00,0,4.1700,0.8560,0.2440,0.1330,1,ACTIVE,7,4,3
581,7863,10:37:00,0,68.00,0,5.3600,1.1100,0.3160,0.1330,1,ACTIVE,7,4,3
581,7864,10:37:30,0,9.00,0,3.6400,0.9130,0.1760,0.0694,1,ACTIVE,7,4,3
581,7865,10:38:00,0,175.00,0,22.5500,2.6400,1.8300,0.6600,1,ACTIVE,7,4,3
581,7866,10:38:30,0,59.00,0,5.6700,0.8940,0.4010,0.1650,1,ACTIVE,7,4,3
581,7867,10:39:00,0,163.00,0,3.5400,0.5790,0.2440,0.1170,1,ACTIVE,7,4,3
581,7868,10:39:30,0,79.00,0,3.8300,1.4400,0.0694,0.0412,1,ACTIVE,7,4,3
581,7869,10:40:00,0,163.00,0,0.7500,0.3370,0.0000,0.0000,1,ACTIVE,7,4,3
581,7870,10:40:30,0,100.00,0,1.2800,0.5790,0.0000,0.0000,1,ACTIVE,7,4,3
581,7871,10:41:00,0,56.00,0,0.4500,0.2050,0.0000,0.0000,1,ACTIVE,7,4,3
581,7872,10:41:30,0,11.00,0,0.5600,0.2540,0.0000,0.0000,1,ACTIVE,7,4,3
581,7873,10:42:00,0,200.00,0,1.3700,0.6180,0.0000,0.0000,1,ACTIVE,7,4,3
581,7874,10:42:30,0,278.00,0,2849.090,176.0000,266.0000,117.0000,1,ACTIVE,7,4,3
581,7875,10:43:00,0,278.00,0,0.3200,0.1450,0.0000,0.0000,1,ACTIVE,7,4,3
581,7876,10:43:30,0,338.00,0,1.2000,0.5430,0.0000,0.0000,1,ACTIVE,7,4,3
581,7877,10:44:00,0,244.00,0,0.3500,0.1580,0.0000,0.0000,1,ACTIVE,7,4,3
581,7878,10:44:30,0,31.00,0,0.1900,0.0880,0.0000,0.0000,1,ACTIVE,7,4,3
581,7879,10:45:00,0,33.00,0,0.1900,0.0880,0.0000,0.0000,1,ACTIVE,7,4,3
581,7880,10:45:30,0,66.00,0,0.1900,0.0880,0.0000,0.0000,1,ACTIVE,7,4,3
581,7881,10:46:00,0,157.00,0,0.1900,0.0880,0.0000,0.0000,1,ACTIVE,7,4,3
581,7882,10:46:30,0,221.00,0,0.4200,0.1920,0.0000,0.0000,1,ACTIVE,7,4,3
581,7883,10:47:00,0,350.00,0,1.1500,0.5200,0.0000,0.0000,1,ACTIVE,7,4,3
581,7884,10:47:30,0,373.00,0,3.3200,1.5000,0.0000,0.0000,1,ACTIVE,7,4,3
581,7885,10:48:00,0,566.00,0,0.6200,0.1360,0.0347,0.0117,1,ACTIVE,7,4,3
581,7886,10:48:30,0,228.00,0,3141.150,103.0000,310.0000,184.0000,1,ACTIVE,7,4,3
581,7887,10:49:00,0,142.00,0,2790.980,86.3000,278.0000,152.0000,1,ACTIVE,7,4,3
581,7888,10:49:30,0,18.00,0,28340.90,1470.000,2700.000,1290.000,1,ACTIVE,7,4,3
581,7889,10:50:00,0,128.00,0,2137.810,125.0000,201.0000,94.1000,1,ACTIVE,7,4,3
581,7890,10:50:30,0,110.00,0,7166.420,261.0000,706.0000,377.0000,1,ACTIVE,7,4,3
581,7891,10:51:00,0,1.00,0,6108.730,317.0000,581.0000,297.0000,1,ACTIVE,7,4,3
581,7892,10:51:30,0,23.00,0,5967.210,192.0000,593.0000,317.0000,1,ACTIVE,7,4,3
581,7893,10:52:00,0,0.00,0,6641.540,214.0000,661.0000,345.0000,0,ACTIVE,7,4,3
581,7894,10:52:30,0,21.00,0,37375.38,1870.000,3580.000,1720.000,1,ACTIVE,7,4,3
581,7895,10:53:00,0,12.00,0,23253.67,876.0000,2270.000,1290.000,0,ACTIVE,7,4,3
581,7896,10:53:30,0,9.00,0,26042.36,1060.000,2530.000,1380.000,0,ACTIVE,7,4,3
581,7897,10:54:00,0,5.00,0,18538.43,544.0000,1870.000,876.0000,0,ACTIVE,7,4,3
581,7898,10:54:30,0,1.00,0,24398.44,1350.000,2270.000,1380.000,0,ACTIVE,7,4,3
581,7899,10:55:00,0,0.00,0,57703.77,2880.000,5520.000,2700.000,0,ACTIVE,7,4,3
581,7900,10:55:30,0,36.00,0,30411.92,1060.000,3010.000,1540.000,1,ACTIVE,7,4,3
581,7901,10:56:00,0,0.00,0,63294.11,3210.000,6020.000,3150.000,1,ACTIVE,7,4,3
581,7902,10:56:30,0,93.00,0,77610.22,4260.000,7320.000,3740.000,1,ACTIVE,7,4,3
581,7903,10:57:00,0,56.00,0,12817.96,331.0000,1290.000,691.0000,1,ACTIVE,7,4,3
581,7904,10:57:30,0,66.00,0,9273.680,324.0000,915.0000,499.0000,1,ACTIVE,7,4,3
581,7905,10:58:00,0,89.00,0,8719.880,317.0000,858.0000,468.0000,1,ACTIVE,7,4,3
581,7906,10:58:30,0,68.00,0,7768.520,249.0000,770.0000,438.0000,1,ACTIVE,7,4,3
581,7907,10:59:00,0,151.00,0,50478.84,2590.000,4850.000,2080.000,1,ACTIVE,7,4,3
581,7908,10:59:30,0,288.00,0,2568.720,100.0000,249.0000,148.0000,1,ACTIVE,7,4,3
581,7909,11:00:00,0,27.00,0,0.5500,0.1070,0.0347,0.0117,1,ACTIVE,7,4,3
581,7910,11:00:30,0,31.00,0,0.5500,0.1070,0.0347,0.0117,1,ACTIVE,7,4,3
581,7911,11:01:00,0,61.00,0,0.5500,0.1070,0.0347,0.0117,1,ACTIVE,7,4,3
581,7912,11:01:30,0,151.00,0,0.3300,0.1450,0.0000,0.0117,1,ACTIVE,7,4,3
581,7913,11:02:00,0,89.00,0,0.6900,0.1690,0.0347,0.0117,1,ACTIVE,7,4,3
581,7914,11:02:30,0,244.00,0,0.7500,0.1960,0.0347,0.0117,1,ACTIVE,7,4,3
581,7915,11:03:00,0,169.00,0,0.4700,0.2050,0.0000,0.0117,1,ACTIVE,7,4,3
581,7916,11:03:30,0,114.00,0,0.3800,0.1650,0.0000,0.0117,1,ACTIVE,7,4,3
581,7917,11:04:00,0,107.00,0,0.3800,0.1650,0.0000,0.0117,1,ACTIVE,7,4,3
581,7918,11:04:30,0,119.00,0,0.9100,0.2090,0.0501,0.0046,1,ACTIVE,7,4,3
581,7919,11:05:00,0,56.00,0,0.6700,0.1580,0.0347,0.0117,1,ACTIVE,7,4,3
581,7920,11:05:30,0,34.00,0,0.7100,0.1800,0.0347,0.0117,1,ACTIVE,7,4,3
581,7921,11:06:00,0,93.00,0,0.6500,0.1510,0.0347,0.0117,1,ACTIVE,7,4,3
581,7922,11:06:30,0,128.00,0,19.2000,3.0100,1.4100,0.2050,1,ACTIVE,7,4,3
581,7923,11:07:00,0,100.00,0,22.4600,3.1400,1.7100,0.4870,1,ACTIVE,7,4,3
581,7924,11:07:30,0,12.00,0,21.9600,2.8800,1.7100,0.5550,1,ACTIVE,7,4,3
581,7925,11:08:00,0,0.00,0,20.6000,2.7000,1.6000,0.5430,1,ACTIVE,7,4,3
581,7926,11:08:30,0,133.00,0,20.5400,2.8200,1.5700,0.5200,1,ACTIVE,7,4,3
581,7927,11:09:00,0,20.00,0,20.3500,2.8800,1.5400,0.4870,1,ACTIVE,7,4,3
581,7928,11:09:30,0,68.00,0,44.7400,4.8400,3.7300,1.2400,1,ACTIVE,7,4,3
581,7929,11:10:00,0,0.00,0,20.3400,3.0100,1.5000,0.4870,0,ACTIVE,7,4,3
581,7930,11:10:30,0,0.00,0,19.7300,3.0100,1.4400,0.4370,0,ACTIVE,7,4,3
581,7931,11:11:00,0,0.00,0,20.3000,3.1400,1.4700,0.4370,0,ACTIVE,7,4,3
581,7932,11:11:30,0,0.00,0,20.3000,3.1400,1.4700,0.4370,0,ACTIVE,7,4,3
581,7933,11:12:00,0,0.00,0,19.4600,3.0100,1.4100,0.4370,0,ACTIVE,7,4,3
581,7934,11:12:30,0,16.00,0,19.1700,3.0100,1.3800,0.4190,0,ACTIVE,7,4,3
581,7935,11:13:00,0,1.00,0,23.9300,3.8100,1.7100,0.4670,0,ACTIVE,7,4,3
581,7936,11:13:30,0,0.00,0,24.7900,3.9000,1.7900,0.4770,0,ACTIVE,7,4,3
581,7937,11:14:00,0,0.00,0,24.7900,3.9000,1.7900,0.4770,0,ACTIVE,7,4,3
581,7938,11:14:30,0,42.00,0,23.7500,3.7300,1.7100,0.4670,1,ACTIVE,7,4,3
581,7939,11:15:00,0,0.00,0,22.4700,3.5700,1.6000,0.4770,0,ACTIVE,7,4,3
581,7940,11:15:30,0,1.00,0,26.7100,4.2500,1.9100,0.5550,0,ACTIVE,7,4,3
581,7941,11:16:00,0,0.00,0,26.7100,4.2500,1.9100,0.5550,0,ACTIVE,7,4,3
581,7942,11:16:30,0,0.00,0,26.3300,4.2500,1.8700,0.5430,0,ACTIVE,7,4,3
581,7943,11:17:00,0,34.00,0,22.1300,3.4200,1.6000,0.4770,1,ACTIVE,7,4,3
581,7944,11:17:30,0,96.00,0,17.6800,2.7000,1.2900,0.3760,1,ACTIVE,7,4,3
581,7945,11:18:00,0,0.00,0,14.8100,2.1300,1.1100,0.3600,0,ACTIVE,7,4,3
581,7946,11:18:30,0,8.00,0,20.5900,3.1400,1.5000,0.4470,1,ACTIVE,7,4,3
581,7947,11:19:00,0,7.00,0,20.3100,3.1400,1.4700,0.4470,0,ACTIVE,7,4,3
581,7948,11:19:30,0,38.00,0,22.4200,3.2100,1.6700,0.6050,1,ACTIVE,7,4,3
581,7949,11:20:00,0,0.00,0,18.2300,2.7000,1.3500,0.4190,0,ACTIVE,7,4,3
581,7950,11:20:30,0,36.00,0,18.2200,2.7000,1.3500,0.4100,1,ACTIVE,7,4,3
581,7951,11:21:00,0,0.00,0,18.4600,2.7000,1.3800,0.3920,0,ACTIVE,7,4,3
581,7952,11:21:30,0,0.00,0,18.7100,2.8200,1.3800,0.3760,0,ACTIVE,7,4,3
581,7953,11:22:00,0,23.00,0,19.7300,2.8800,1.4700,0.4470,1,ACTIVE,7,4,3
581,7954,11:22:30,0,40.00,0,25.1800,3.3500,1.9500,0.6460,1,ACTIVE,7,4,3
581,7955,11:23:00,0,123.00,0,51.1500,9.0700,3.5000,0.4190,1,ACTIVE,7,4,3
581,7956,11:23:30,0,96.00,0,21.6300,3.9800,1.4400,0.2050,1,ACTIVE,7,4,3
581,7957,11:24:00,0,1.00,0,18.3500,3.4200,1.2100,0.1650,1,ACTIVE,7,4,3
581,7958,11:24:30,0,45.00,0,86.9600,7.1500,7.8000,2.6400,1,ACTIVE,7,4,3
581,7959,11:25:00,0,12.00,0,18.8200,3.4200,1.2600,0.1720,1,ACTIVE,7,4,3
581,7960,11:25:30,0,68.00,0,39.0000,4.7400,3.1400,0.9540,1,ACTIVE,7,4,3
581,7961,11:26:00,0,100.00,0,0.8000,0.2190,0.0347,0.0117,1,ACTIVE,7,4,3
581,7962,11:26:30,0,328.00,0,18.7100,7.9700,0.1050,0.1650,1,ACTIVE,7,4,3
581,7963,11:27:00,0,385.00,0,12940.11,393.0000,1290.000,676.0000,1,ACTIVE,7,4,3
581,7964,11:27:30,0,100.00,0,4.7400,0.4670,0.4010,0.1800,1,ACTIVE,7,4,3
581,7965,11:28:00,0,47.00,0,1.7100,0.3370,0.1050,0.0412,1,ACTIVE,7,4,3
581,7966,11:28:30,0,47.00,0,9374.870,353.0000,915.0000,532.0000,1,ACTIVE,7,4,3
581,7967,11:29:00,0,56.00,0,8450.940,324.0000,821.0000,499.0000,1,ACTIVE,7,4,3
581,7968,11:29:30,0,93.00,0,5026.060,284.0000,468.0000,278.0000,1,ACTIVE,7,4,3
581,7969,11:30:00,0,68.00,0,8337.470,377.0000,804.0000,429.0000,1,ACTIVE,7,4,3
581,7970,11:30:30,0,54.00,0,11869.98,568.0000,1140.000,606.0000,1,ACTIVE,7,4,3
581,7971,11:31:00,0,59.00,0,12582.61,568.0000,1210.000,647.0000,1,ACTIVE,7,4,3
581,7972,11:31:30,0,56.00,0,11156.16,361.0000,1110.000,568.0000,1,ACTIVE,7,4,3
581,7973,11:32:00,0,157.00,0,6205.300,297.0000,593.0000,324.0000,1,ACTIVE,7,4,3
581,7974,11:32:30,0,169.00,0,0.0000,0.0000,0.0000,0.0000,1,ACTIVE,7,4,3
581,7975,11:33:00,0,362.00,0,1.1400,0.2190,0.0694,0.0412,1,ACTIVE,7,4,3
581,7976,11:33:30,0,306.00,0,20.0200,4.2500,1.1600,0.4370,1,ACTIVE,7,4,3
581,7977,11:34:00,0,169.00,0,17.1100,7.3100,0.1050,0.0412,1,ACTIVE,7,4,3
581,7978,11:34:30,0,467.00,0,0.0000,0.0000,0.0000,0.0000,1,ACTIVE,7,4,3
581,7979,11:35:00,0,214.00,0,97.7200,16.6000,6.8500,0.8940,1,ACTIVE,7,4,3
581,7980,11:35:30,0,200.00,0,301.4100,31.2000,25.1000,11.5000,1,ACTIVE,7,4,3
581,7981,11:36:00,0,297.00,0,54.6400,4.3400,4.9500,1.5700,1,ACTIVE,7,4,3
581,7982,11:36:30,0,181.00,0,33.7400,4.1600,2.7600,0.3680,1,ACTIVE,7,4,3
581,7983,11:37:00,0,411.00,0,21.1700,3.0100,1.6400,0.1550,1,ACTIVE,7,4,3
581,7984,11:37:30,0,317.00,0,0.2700,0.1220,0.0000,0.0000,1,ACTIVE,7,4,3
581,7985,11:38:00,0,137.00,0,0.6500,0.1510,0.0347,0.0117,1,ACTIVE,7,4,3
581,7986,11:38:30,0,228.00,0,9.0400,2.0800,0.4980,0.0724,1,ACTIVE,7,4,3
581,7987,11:39:00,0,15.00,0,3.8200,0.4190,0.3160,0.1170,1,ACTIVE,7,4,3
581,7988,11:39:30,0,21.00,0,3.8200,0.4100,0.3160,0.1330,1,ACTIVE,7,4,3
581,7989,11:40:00,0,1.00,0,16.5900,1.4400,1.4700,0.4870,0,ACTIVE,7,4,3
581,7990,11:40:30,0,0.00,0,8.2400,0.5550,0.7680,0.2660,0,ACTIVE,7,4,3
581,7991,11:41:00,0,7.00,0,3.6600,0.3450,0.3160,0.1170,0,ACTIVE,7,4,3
581,7992,11:41:30,0,0.00,0,2.5300,0.2720,0.2090,0.0880,0,ACTIVE,7,4,3
581,7993,11:42:00,0,4.00,0,2.3000,0.3160,0.1760,0.0583,0,ACTIVE,7,4,3
581,7994,11:42:30,0,75.00,0,7.4900,0.9540,0.6050,0.0773,1,ACTIVE,7,4,3
581,7995,11:43:00,0,59.00,0,5.0800,0.6180,0.4190,0.0460,1,ACTIVE,7,4,3
581,7996,11:43:30,0,56.00,0,22.9500,6.0100,1.0900,0.1360,1,ACTIVE,7,4,3
581,7997,11:44:00,0,22.00,0,95.5800,19.4000,6.0100,0.1140,1,ACTIVE,7,4,3
581,7998,11:44:30,0,128.00,0,24.9800,2.3700,2.1700,0.6600,1,ACTIVE,7,4,3
581,7999,11:45:00,0,89.00,0,1394.060,47.1000,139.0000,66.6000,1,ACTIVE,7,4,3
581,8000,11:45:30,0,0.00,0,5.7800,0.4870,0.5090,0.2230,1,ACTIVE,7,4,3
581,8001,11:46:00,0,0.00,0,6.9500,0.5670,0.6180,0.2600,0,ACTIVE,7,4,3
581,8002,11:46:30,0,9.00,0,8.8000,0.6460,0.8020,0.3160,0,ACTIVE,7,4,3
581,8003,11:47:00,0,0.00,0,6.0900,0.4870,0.5430,0.2380,0,ACTIVE,7,4,3
581,8004,11:47:30,0,14.00,0,3.6600,0.3450,0.3160,0.1170,0,ACTIVE,7,4,3
581,8005,11:48:00,0,34.00,0,11.5000,0.9130,1.0400,0.3450,1,ACTIVE,7,4,3
581,8006,11:48:30,0,0.00,0,16.0400,1.3200,1.4400,0.4770,0,ACTIVE,7,4,3
581,8007,11:49:00,0,0.00,0,12.0100,0.9540,1.0900,0.3600,0,ACTIVE,7,4,3
581,8008,11:49:30,0,0.00,0,11.5900,0.9540,1.0400,0.3450,0,ACTIVE,7,4,3
581,8009,11:50:00,0,0.00,0,9.8300,0.8370,0.8750,0.2960,0,ACTIVE,7,4,3
581,8010,11:50:30,0,0.00,0,8.3900,0.7510,0.7350,0.2660,0,ACTIVE,7,4,3
581,8011,11:51:00,0,1.00,0,15.0700,0.8940,1.4400,0.4470,0,ACTIVE,7,4,3
581,8012,11:51:30,0,0.00,0,22.6300,3.5000,1.6700,0.2090,0,ACTIVE,7,4,3
581,8013,11:52:00,0,0.00,0,47.9300,10.1000,2.8800,0.3370,0,ACTIVE,7,4,3
581,8014,11:52:30,0,40.00,0,77.8900,17.0000,4.5400,0.5310,1,ACTIVE,7,4,3
581,8015,11:53:00,0,1.00,0,3987.300,192.0000,385.0000,176.0000,1,ACTIVE,7,4,3
581,8016,11:53:30,0,100.00,0,125.3000,5.8800,12.0000,6.4200,1,ACTIVE,7,4,3
581,8017,11:54:00,0,200.00,0,52.2100,2.4700,5.2800,0.4670,1,ACTIVE,7,4,3
581,8018,11:54:30,0,70.00,0,25.5300,2.3700,2.2200,0.7850,1,ACTIVE,7,4,3
581,8019,11:55:00,0,23.00,0,97.6700,6.8500,9.0700,2.8200,1,ACTIVE,7,4,3
581,8020,11:55:30,0,96.00,0,399.0500,26.2000,37.1000,14.9000,1,ACTIVE,7,4,3
581,8021,11:56:00,0,96.00,0,4.8000,0.3600,0.4370,0.1650,1,ACTIVE,7,4,3
581,8022,11:56:30,0,151.00,0,5.6900,0.4570,0.5090,0.2090,1,ACTIVE,7,4,3
581,8023,11:57:00,0,8.00,0,12.1900,0.9130,1.1100,0.4190,1,ACTIVE,7,4,3
581,8024,11:57:30,0,100.00,0,8.5000,0.4980,0.8020,0.3450,1,ACTIVE,7,4,3
581,8025,11:58:00,0,328.00,0,8.8800,0.5550,0.8370,0.2960,1,ACTIVE,7,4,3
581,8026,11:58:30,0,79.00,0,21.2500,1.5400,1.9500,0.7200,1,ACTIVE,7,4,3
581,8027,11:59:00,0,137.00,0,14.2100,1.9500,1.0900,0.3600,1,ACTIVE,7,4,3
581,8028,11:59:30,0,47.00,0,13.5100,1.2900,1.1600,0.4670,1,ACTIVE,7,4,3
581,8029,12:00:00,0,244.00,0,122.1100,2.8800,12.3000,7.4700,1,ACTIVE,7,4,4
581,8030,12:00:30,0,96.00,0,60.4300,1.1300,6.2800,2.7000,1,ACTIVE,7,4,4
581,8031,12:01:00,0,107.00,0,0.6500,0.1510,0.0347,0.0117,1,ACTIVE,7,4,4
581,8032,12:01:30,0,297.00,0,0.5700,0.1580,0.0251,0.0000,1,ACTIVE,7,4,4
581,8033,12:02:00,0,236.00,0,1.3800,0.1880,0.1050,0.0412,1,ACTIVE,7,4,4
581,8034,12:02:30,0,163.00,0,2.3200,0.1760,0.2090,0.0880,1,ACTIVE,7,4,4
581,8035,12:03:00,0,175.00,0,47.5900,4.9500,4.1600,0.2050,1,ACTIVE,7,4,4
581,8036,12:03:30,0,175.00,0,9.7000,2.9400,0.3600,0.0412,1,ACTIVE,7,4,4
581,8037,12:04:00,0,82.00,0,0.3200,0.1450,0.0000,0.0000,1,ACTIVE,7,4,4
581,8038,12:04:30,0,187.00,0,1.0700,0.1960,0.0694,0.0292,1,ACTIVE,7,4,4
581,8039,12:05:00,0,42.00,0,8.7900,1.4400,0.6180,0.1800,1,ACTIVE,7,4,4
581,8040,12:05:30,0,137.00,0,6.0800,1.4400,0.3160,0.1170,1,ACTIVE,7,4,4
581,8041,12:06:00,0,79.00,0,0.2700,0.1220,0.0000,0.0000,1,ACTIVE,7,4,4
581,8042,12:06:30,0,14.00,0,0.7300,0.1300,0.0501,0.0046,1,ACTIVE,7,4,4
581,8043,12:07:00,0,59.00,0,0.3100,0.1420,0.0000,0.0000,1,ACTIVE,7,4,4
581,8044,12:07:30,0,79.00,0,0.2700,0.1220,0.0000,0.0000,1,ACTIVE,7,4,4
581,8045,12:08:00,0,0.00,0,0.2700,0.1220,0.0000,0.0000,1,ACTIVE,7,4,4
581,8046,12:08:30,0,15.00,0,0.2900,0.1300,0.0000,0.0000,1,ACTIVE,7,4,4
581,8047,12:09:00,0,151.00,0,0.4100,0.1580,0.0024,0.0354,1,ACTIVE,7,4,4
581,8048,12:09:30,0,75.00,0,0.6400,0.1450,0.0347,0.0117,1,ACTIVE,7,4,4
581,8049,12:10:00,0,22.00,0,0.6200,0.1360,0.0347,0.0117,1,ACTIVE,7,4,4
581,8050,12:10:30,0,40.00,0,1604.010,74.2000,158.0000,49.1000,1,ACTIVE,7,4,4
581,8051,12:11:00,0,147.00,0,1877.600,84.5000,184.0000,71.0000,1,ACTIVE,7,4,4
581,8052,12:11:30,0,79.00,0,3.0500,0.4770,0.2230,0.0347,1,ACTIVE,7,4,4
581,8053,12:12:00,0,103.00,0,9.5100,0.9960,0.8020,0.2660,1,ACTIVE,7,4,4
581,8054,12:12:30,0,128.00,0,102.6600,4.0700,10.6000,1.0900,1,ACTIVE,7,4,4
581,8055,12:13:00,0,1.00,0,12.3500,1.9100,0.9130,0.1240,1,ACTIVE,7,4,4
581,8056,12:13:30,0,26.00,0,11.7100,1.2100,0.9960,0.2840,1,ACTIVE,7,4,4
581,8057,12:14:00,0,38.00,0,6.7700,1.7900,0.3160,0.0460,1,ACTIVE,7,4,4
581,8058,12:14:30,0,8.00,0,1.1700,0.2380,0.0694,0.0292,1,ACTIVE,7,4,4
581,8059,12:15:00,0,38.00,0,0.9300,0.2190,0.0501,0.0046,1,ACTIVE,7,4,4
581,8060,12:15:30,0,86.00,0,0.5200,0.1360,0.0251,0.0000,1,ACTIVE,7,4,4
581,8061,12:16:00,0,338.00,0,119.0900,4.1600,11.8000,6.2800,1,ACTIVE,7,4,4
581,8062,12:16:30,0,362.00,0,1.0700,0.1800,0.0756,0.0115,1,ACTIVE,7,4,4
581,8063,12:17:00,0,119.00,0,2.6700,0.3450,0.2090,0.0694,1,ACTIVE,7,4,4
581,8064,12:17:30,0,252.00,0,0.7300,0.1880,0.0347,0.0117,1,ACTIVE,7,4,4
581,8065,12:18:00,0,107.00,0,2.2200,0.2770,0.1760,0.0583,1,ACTIVE,7,4,4
581,8066,12:18:30,0,181.00,0,2.2000,0.3840,0.1510,0.0230,1,ACTIVE,7,4,4
581,8067,12:19:00,0,236.00,0,19.0500,2.3200,1.5400,0.4370,1,ACTIVE,7,4,4
581,8068,12:19:30,0,93.00,0,0.7300,0.1880,0.0347,0.0117,1,ACTIVE,7,4,4
581,8069,12:20:00,0,193.00,0,0.6700,0.1580,0.0347,0.0117,1,ACTIVE,7,4,4
581,8070,12:20:30,0,252.00,0,8.6600,0.2900,0.8750,0.3300,1,ACTIVE,7,4,4
581,8071,12:21:00,0,261.00,0,180.6000,6.1400,17.8000,10.6000,1,ACTIVE,7,4,4
581,8072,12:21:30,0,169.00,0,0.6900,0.1690,0.0347,0.0117,1,ACTIVE,7,4,4
581,8073,12:22:00,0,398.00,0,1.1600,0.2190,0.0756,0.0115,1,ACTIVE,7,4,4
581,8074,12:22:30,0,157.00,0,3.1900,0.2840,0.2900,0.0279,1,ACTIVE,7,4,4
581,8075,12:23:00,0,187.00,0,417.2600,15.3000,41.3000,19.8000,1,ACTIVE,7,4,4
581,8076,12:23:30,0,157.00,0,488.3700,24.0000,47.1000,21.1000,1,ACTIVE,7,4,4
581,8077,12:24:00,0,157.00,0,0.7100,0.1800,0.0347,0.0117,1,ACTIVE,7,4,4
581,8078,12:24:30,0,73.00,0,0.6700,0.1580,0.0347,0.0117,1,ACTIVE,7,4,4
581,8079,12:25:00,0,20.00,0,3.1000,0.2600,0.2770,0.0880,1,ACTIVE,7,4,4
581,8080,12:25:30,0,75.00,0,2971.930,201.0000,272.0000,133.0000,1,ACTIVE,7,4,4
581,8081,12:26:00,0,147.00,0,104.0300,3.3500,10.3000,5.6300,1,ACTIVE,7,4,4
581,8082,12:26:30,0,193.00,0,12.5900,1.3200,1.0400,0.5200,1,ACTIVE,7,4,4
581,8083,12:27:00,0,163.00,0,13.1300,1.4100,1.0900,0.4670,1,ACTIVE,7,4,4
581,8084,12:27:30,0,49.00,0,5.6000,0.4470,0.5090,0.1450,1,ACTIVE,7,4,4
581,8085,12:28:00,0,424.00,0,8.1100,0.7680,0.7040,0.2230,1,ACTIVE,7,4,4
581,8086,12:28:30,0,107.00,0,6.7100,0.8020,0.5430,0.1650,1,ACTIVE,7,4,4
581,8087,12:29:00,0,18.00,0,0.6700,0.1580,0.0347,0.0117,1,ACTIVE,7,4,4
581,8088,12:29:30,0,89.00,0,1.0900,0.2050,0.0694,0.0292,1,ACTIVE,7,4,4
581,8089,12:30:00,0,278.00,0,4.7000,0.4570,0.4010,0.1650,1,ACTIVE,7,4,4
581,8090,12:30:30,0,137.00,0,0.6700,0.1580,0.0347,0.0117,1,ACTIVE,7,4,4
581,8091,12:31:00,0,0.00,0,0.6400,0.1450,0.0347,0.0117,1,ACTIVE,7,4,4
581,8092,12:31:30,0,103.00,0,0.6400,0.1450,0.0347,0.0117,1,ACTIVE,7,4,4
581,8093,12:32:00,0,0.00,0,0.6400,0.1450,0.0347,0.0117,1,ACTIVE,7,4,4
581,8094,12:32:30,0,133.00,0,0.7100,0.1800,0.0347,0.0117,1,ACTIVE,7,4,4
581,8095,12:33:00,0,35.00,0,0.5900,0.1220,0.0347,0.0117,1,ACTIVE,7,4,4
581,8096,12:33:30,0,31.00,0,0.6500,0.1510,0.0347,0.0117,1,ACTIVE,7,4,4
581,8097,12:34:00,0,66.00,0,0.6900,0.1690,0.0347,0.0117,1,ACTIVE,7,4,4
581,8098,12:34:30,0,16.00,0,0.7100,0.1800,0.0347,0.0117,1,ACTIVE,7,4,4
581,8099,12:35:00,0,45.00,0,0.3800,0.1650,0.0000,0.0117,1,ACTIVE,7,4,4
581,8100,12:35:30,0,157.00,0,7.9500,0.6890,0.7040,0.2380,1,ACTIVE,7,4,4
581,8101,12:36:00,0,89.00,0,15.2400,4.2500,0.6600,0.0571,1,ACTIVE,7,4,4
581,8102,12:36:30,0,200.00,0,2.3800,0.3520,0.1760,0.0583,1,ACTIVE,7,4,4
581,8103,12:37:00,0,103.00,0,1.3600,0.1800,0.1050,0.0412,1,ACTIVE,7,4,4
581,8104,12:37:30,0,128.00,0,0.8400,0.1800,0.0501,0.0046,1,ACTIVE,7,4,4
581,8105,12:38:00,0,59.00,0,192.5900,9.8900,18.5000,7.6300,1,ACTIVE,7,4,4
581,8106,12:38:30,0,0.00,0,393.9900,20.2000,37.9000,15.9000,1,ACTIVE,7,4,4
581,8107,12:39:00,0,0.00,0,392.8600,19.4000,37.9000,16.6000,0,ACTIVE,7,4,4
581,8108,12:39:30,0,0.00,0,402.2800,19.8000,38.7000,17.8000,0,ACTIVE,7,4,4
581,8109,12:40:00,0,0.00,0,392.4700,19.4000,37.9000,16.3000,0,ACTIVE,7,4,4
581,8110,12:40:30,0,0.00,0,428.7400,20.7000,41.3000,19.4000,0,ACTIVE,7,4,4
581,8111,12:41:00,0,0.00,0,420.0100,20.2000,40.4000,19.4000,0,ACTIVE,7,4,4
581,8112,12:41:30,0,0.00,0,409.6300,19.4000,39.6000,18.5000,0,ACTIVE,7,4,4
581,8113,12:42:00,0,0.00,0,429.6800,20.7000,41.3000,20.2000,0,ACTIVE,7,4,4
581,8114,12:42:30,0,0.00,0,428.2300,20.2000,41.3000,19.8000,0,ACTIVE,7,4,4
581,8115,12:43:00,0,6.00,0,220.0500,10.8000,21.1000,10.3000,0,ACTIVE,7,4,4
581,8116,12:43:30,0,0.00,0,8.5600,1.1600,0.6740,0.0880,0,ACTIVE,7,4,4
581,8117,12:44:00,0,35.00,0,29.0900,7.1500,1.5000,0.1140,1,ACTIVE,7,4,4
581,8118,12:44:30,0,75.00,0,26.5100,4.8400,1.7900,0.1450,1,ACTIVE,7,4,4
581,8119,12:45:00,0,18.00,0,104.0900,18.5000,7.1500,0.4470,1,ACTIVE,7,4,4
581,8120,12:45:30,0,5.00,0,84.7900,15.3000,5.7600,0.5920,0,ACTIVE,7,4,4
581,8121,12:46:00,0,19.00,0,1.8800,0.3520,0.1240,0.0115,1,ACTIVE,7,4,4
581,8122,12:46:30,0,0.00,0,3.2900,0.5920,0.2230,0.0230,0,ACTIVE,7,4,4
581,8123,12:47:00,0,75.00,0,3.6500,0.6050,0.2600,0.0347,1,ACTIVE,7,4,4
581,8124,12:47:30,0,5.00,0,15.8900,3.2800,0.9750,0.1020,0,ACTIVE,7,4,4
581,8125,12:48:00,0,0.00,0,18.0300,4.1600,0.9960,0.1070,0,ACTIVE,7,4,4
581,8126,12:48:30,0,0.00,0,14.0800,2.7000,0.9130,0.1070,0,ACTIVE,7,4,4
581,8127,12:49:00,0,0.00,0,13.0700,2.4700,0.8560,0.1020,0,ACTIVE,7,4,4
581,8128,12:49:30,0,0.00,0,10.4000,1.7500,0.7350,0.0880,0,ACTIVE,7,4,4
581,8129,12:50:00,0,0.00,0,6.2000,0.9330,0.4670,0.0460,0,ACTIVE,7,4,4
581,8130,12:50:30,0,0.00,0,4.6200,0.7350,0.3370,0.0347,0,ACTIVE,7,4,4
581,8131,12:51:00,0,0.00,0,4.3500,0.7040,0.3160,0.0279,0,ACTIVE,7,4,4
581,8132,12:51:30,0,0.00,0,4.2900,0.6740,0.3160,0.0279,0,ACTIVE,7,4,4
581,8133,12:52:00,0,0.00,0,4.4800,0.6740,0.3370,0.0347,0,ACTIVE,7,4,4
581,8134,12:52:30,0,0.00,0,2.4000,0.4770,0.1510,0.0230,0,ACTIVE,7,4,4
581,8135,12:53:00,0,0.00,0,5.1200,0.7680,0.3840,0.0535,0,ACTIVE,7,4,4
581,8136,12:53:30,0,0.00,0,12.8300,2.1300,0.9130,0.1190,0,ACTIVE,7,4,4
581,8137,12:54:00,0,42.00,0,17.5500,3.0700,1.2100,0.1450,1,ACTIVE,7,4,4
581,8138,12:54:30,0,21.00,0,2.1600,0.2440,0.1760,0.0694,1,ACTIVE,7,4,4
581,8139,12:55:00,0,142.00,0,1164.110,47.1000,117.0000,33.3000,1,ACTIVE,7,4,4
581,8140,12:55:30,0,66.00,0,1068.060,62.4000,103.0000,28.6000,1,ACTIVE,7,4,4
581,8141,12:56:00,0,147.00,0,3.0800,0.3920,0.2440,0.0694,1,ACTIVE,7,4,4
581,8142,12:56:30,0,96.00,0,0.3500,0.1580,0.0000,0.0000,1,ACTIVE,7,4,4
581,8143,12:57:00,0,137.00,0,55.4400,3.6500,5.1700,1.9500,1,ACTIVE,7,4,4
581,8144,12:57:30,0,40.00,0,84.1500,5.7600,7.8000,2.8800,1,ACTIVE,7,4,4
581,8145,12:58:00,0,110.00,0,64.4700,3.3500,6.2800,1.9100,1,ACTIVE,7,4,4
581,8146,12:58:30,0,175.00,0,1.4000,0.1880,0.1050,0.0583,1,ACTIVE,7,4,4
581,8147,12:59:00,0,86.00,0,0.7100,0.1760,0.0347,0.0117,1,ACTIVE,7,4,4
581,8148,12:59:30,0,23.00,0,52.7200,3.4200,4.9500,1.6700,1,ACTIVE,7,4,4
581,8149,13:00:00,0,9.00,0,30.2800,2.1300,2.8200,0.8370,1,ACTIVE,7,4,4
581,8150,13:00:30,0,103.00,0,34.0200,2.4700,3.1400,0.9750,1,ACTIVE,7,4,4
581,8151,13:01:00,0,49.00,0,3.0600,0.3840,0.2440,0.0694,1,ACTIVE,7,4,4
581,8152,13:01:30,0,42.00,0,70.4200,3.9800,6.7000,2.7000,1,ACTIVE,7,4,4
581,8153,13:02:00,0,56.00,0,43.3900,3.5700,3.9000,1.2400,1,ACTIVE,7,4,4
581,8154,13:02:30,0,52.00,0,75.5800,4.8400,7.1500,2.0800,1,ACTIVE,7,4,4
581,8155,13:03:00,0,29.00,0,56.0900,3.9800,5.1700,1.8700,1,ACTIVE,7,4,4
581,8156,13:03:30,0,66.00,0,54.6300,3.9000,5.1700,0.7040,1,ACTIVE,7,4,4
581,8157,13:04:00,0,142.00,0,7.3700,1.2400,0.5090,0.1650,1,ACTIVE,7,4,4
581,8158,13:04:30,0,34.00,0,3.1200,0.6050,0.2000,0.0230,1,ACTIVE,7,4,4
581,8159,13:05:00,0,1.00,0,6.1800,1.0400,0.4370,0.0460,1,ACTIVE,7,4,4
581,8160,13:05:30,0,4.00,0,5.4300,0.9130,0.3840,0.0412,1,ACTIVE,7,4,4
581,8161,13:06:00,0,4.00,0,6.0300,0.9750,0.4370,0.0460,1,ACTIVE,7,4,4
581,8162,13:06:30,0,34.00,0,5.1300,0.8750,0.3600,0.0412,1,ACTIVE,7,4,4
581,8163,13:07:00,0,123.00,0,11.7100,2.4200,0.7200,0.0535,1,ACTIVE,7,4,4
581,8164,13:07:30,0,244.00,0,55.1900,4.8400,5.0600,0.1920,1,ACTIVE,7,4,4
581,8165,13:08:00,0,169.00,0,4.7000,0.7680,0.3370,0.0412,1,ACTIVE,7,4,4
581,8166,13:08:30,0,147.00,0,2.8600,0.4870,0.2000,0.0230,1,ACTIVE,7,4,4
581,8167,13:09:00,0,157.00,0,13.7200,1.3200,1.1800,0.3920,1,ACTIVE,7,4,4
581,8168,13:09:30,0,187.00,0,15.5400,1.0900,1.4400,0.4870,1,ACTIVE,7,4,4
581,8169,13:10:00,0,89.00,0,1.3100,0.1880,0.1000,0.0162,1,ACTIVE,7,4,4
581,8170,13:10:30,0,40.00,0,565.9100,29.9000,54.8000,18.5000,1,ACTIVE,7,4,4
581,8171,13:11:00,0,1.00,0,215.7700,12.3000,20.7000,7.0000,1,ACTIVE,7,4,4
581,8172,13:11:30,0,31.00,0,95.9400,7.4700,8.6900,3.0700,1,ACTIVE,7,4,4
581,8173,13:12:00,0,7.00,0,39.9200,3.5700,3.5000,1.2600,1,ACTIVE,7,4,4
581,8174,13:12:30,0,26.00,0,102.8200,8.8800,9.0700,3.4200,1,ACTIVE,7,4,4
581,8175,13:13:00,0,114.00,0,256.6200,15.3000,24.0000,11.3000,1,ACTIVE,7,4,4
581,8176,13:13:30,0,181.00,0,1.5100,0.2770,0.1000,0.0162,1,ACTIVE,7,4,4
581,8177,13:14:00,0,128.00,0,8.0800,1.7900,0.4670,0.0412,1,ACTIVE,7,4,4
581,8178,13:14:30,0,0.00,0,277.6500,14.0000,26.8000,11.0000,1,ACTIVE,7,4,4
581,8179,13:15:00,0,82.00,0,371.0600,18.9000,35.5000,16.6000,1,ACTIVE,7,4,4
581,8180,13:15:30,0,7.00,0,529.3100,34.8000,49.1000,20.2000,1,ACTIVE,7,4,4
581,8181,13:16:00,0,66.00,0,294.5200,14.6000,28.6000,10.8000,1,ACTIVE,7,4,4
581,8182,13:16:30,0,236.00,0,58.6300,3.3500,5.5100,2.7000,1,ACTIVE,7,4,4
581,8183,13:17:00,0,110.00,0,90.0200,4.1600,8.6900,4.3400,1,ACTIVE,7,4,4
581,8184,13:17:30,0,68.00,0,108.9200,6.4200,10.3000,3.9000,1,ACTIVE,7,4,4
581,8185,13:18:00,0,137.00,0,41.2300,2.9400,3.8100,1.2100,1,ACTIVE,7,4,4
581,8186,13:18:30,0,200.00,0,15.2700,2.1700,1.1800,0.0880,1,ACTIVE,7,4,4
581,8187,13:19:00,0,79.00,0,2.9500,0.8370,0.1240,0.0046,1,ACTIVE,7,4,4
581,8188,13:19:30,0,79.00,0,0.2500,0.1120,0.0000,0.0000,1,ACTIVE,7,4,4
581,8189,13:20:00,0,93.00,0,0.3500,0.1300,0.0024,0.0354,1,ACTIVE,7,4,4
581,8190,13:20:30,0,86.00,0,1.6300,0.2380,0.1240,0.0162,1,ACTIVE,7,4,4
581,8191,13:21:00,0,0.00,0,0.6700,0.1580,0.0347,0.0117,1,ACTIVE,7,4,4
581,8192,13:21:30,0,36.00,0,6.1500,0.6050,0.5090,0.3300,1,ACTIVE,7,4,4
581,8193,13:22:00,0,0.00,0,8.8600,1.3800,0.6600,0.0347,1,ACTIVE,7,4,4
581,8194,13:22:30,0,52.00,0,14.4900,2.5800,0.9960,0.0535,1,ACTIVE,7,4,4
581,8195,13:23:00,0,63.00,0,34.1200,6.1400,2.3200,0.2190,1,ACTIVE,7,4,4
581,8196,13:23:30,0,110.00,0,450.6900,21.1000,44.1000,16.3000,1,ACTIVE,7,4,4
581,8197,13:24:00,0,21.00,0,3.8600,0.6050,0.2770,0.0880,1,ACTIVE,7,4,4
581,8198,13:24:30,0,93.00,0,12.1200,2.0400,0.8370,0.2660,1,ACTIVE,7,4,4
581,8199,13:25:00,0,306.00,0,1.0000,0.3520,0.0095,0.1300,1,ACTIVE,7,4,4
581,8200,13:25:30,0,187.00,0,6.5700,0.4980,0.5790,0.3600,1,ACTIVE,7,4,4
581,8201,13:26:00,0,514.00,0,1.8500,0.2600,0.1390,0.0583,1,ACTIVE,7,4,4
581,8202,13:26:30,0,28.00,0,25.0000,1.7100,2.3200,0.8370,1,ACTIVE,7,4,4
581,8203,13:27:00,0,9.00,0,40.7800,3.0100,3.7300,1.3200,1,ACTIVE,7,4,4
581,8204,13:27:30,0,110.00,0,2.0700,0.4370,0.1240,0.0115,1,ACTIVE,7,4,4
581,8205,13:28:00,0,157.00,0,7.4000,0.9130,0.6050,0.0724,1,ACTIVE,7,4,4
581,8206,13:28:30,0,385.00,0,4.5000,0.4870,0.3840,0.0571,1,ACTIVE,7,4,4
581,8207,13:29:00,0,114.00,0,2.2200,0.3920,0.1510,0.0230,1,ACTIVE,7,4,4
581,8208,13:29:30,0,175.00,0,7.2100,1.6000,0.4010,0.1450,1,ACTIVE,7,4,4
581,8209,13:30:00,0,137.00,0,1.8700,0.3450,0.1240,0.0162,1,ACTIVE,7,4,4
581,8210,13:30:30,0,75.00,0,1.6200,0.3300,0.1000,0.0115,1,ACTIVE,7,4,4
581,8211,13:31:00,0,187.00,0,73.0300,5.1700,6.7000,2.7000,1,ACTIVE,7,4,4
581,8212,13:31:30,0,89.00,0,18.3600,2.2700,1.5000,0.1650,1,ACTIVE,7,4,4
581,8213,13:32:00,0,47.00,0,54.4900,4.4400,5.0600,0.3680,1,ACTIVE,7,4,4
581,8214,13:32:30,0,25.00,0,26.9100,3.2800,2.1700,0.5920,1,ACTIVE,7,4,4
581,8215,13:33:00,0,7.00,0,10.5100,2.3200,0.6050,0.0825,1,ACTIVE,7,4,4
581,8216,13:33:30,0,18.00,0,14.1300,1.6400,1.1600,0.3300,1,ACTIVE,7,4,4
581,8217,13:34:00,0,52.00,0,21.7300,2.3200,1.8700,0.2330,1,ACTIVE,7,4,4
581,8218,13:34:30,0,33.00,0,10.9300,1.3500,0.8750,0.2660,1,ACTIVE,7,4,4
581,8219,13:35:00,0,49.00,0,3.6800,0.5200,0.2770,0.0880,1,ACTIVE,7,4,4
581,8220,13:35:30,0,18.00,0,7.7800,1.1800,0.5790,0.0825,1,ACTIVE,7,4,4
581,8221,13:36:00,0,288.00,0,39.1800,6.1400,2.8800,0.3600,1,ACTIVE,7,4,4
581,8222,13:36:30,0,338.00,0,48.2300,7.8000,3.4200,0.9330,1,ACTIVE,7,4,4
581,8223,13:37:00,0,297.00,0,28.8300,2.4200,2.5800,0.7850,1,ACTIVE,7,4,4
581,8224,13:37:30,0,133.00,0,0.7500,0.2380,0.0251,0.0000,1,ACTIVE,7,4,4
581,8225,13:38:00,0,42.00,0,0.2500,0.1120,0.0000,0.0000,1,ACTIVE,7,4,4
581,8226,13:38:30,0,63.00,0,14.3900,2.5800,0.9750,0.1330,1,ACTIVE,7,4,4
581,8227,13:39:00,0,306.00,0,15.9100,3.0100,1.0400,0.1480,1,ACTIVE,7,4,4
581,8228,13:39:30,0,114.00,0,1.5800,0.3160,0.1000,0.0046,1,ACTIVE,7,4,4
581,8229,13:40:00,0,228.00,0,1.4000,0.3760,0.0211,0.3520,1,ACTIVE,7,4,4
581,8230,13:40:30,0,142.00,0,8.2300,2.1700,0.3840,0.0571,1,ACTIVE,7,4,4
581,8231,13:41:00,0,114.00,0,70.3000,5.0600,6.4200,2.7000,1,ACTIVE,7,4,4
581,8232,13:41:30,0,207.00,0,39.6700,4.1600,3.3500,1.0400,1,ACTIVE,7,4,4
581,8233,13:42:00,0,82.00,0,36.1700,3.1400,3.2100,1.0400,1,ACTIVE,7,4,4
581,8234,13:42:30,0,261.00,0,26.3800,4.7400,1.7900,0.2330,1,ACTIVE,7,4,4
581,8235,13:43:00,0,142.00,0,42.1200,6.4200,3.1400,0.4100,1,ACTIVE,7,4,4
581,8236,13:43:30,0,128.00,0,360.9200,17.4000,34.8000,16.6000,1,ACTIVE,7,4,4
581,8237,13:44:00,0,193.00,0,58.9800,6.4200,4.9500,1.3500,1,ACTIVE,7,4,4
581,8238,13:44:30,0,181.00,0,39.1600,5.0600,3.0700,0.9960,1,ACTIVE,7,4,4
581,8239,13:45:00,0,350.00,0,33.6400,6.7000,0.8370,10.6000,1,ACTIVE,7,4,4
581,8240,13:45:30,0,157.00,0,2.0200,0.1800,0.1760,0.0694,1,ACTIVE,7,4,4
581,8241,13:46:00,0,169.00,0,58.2600,4.3400,5.2800,2.2200,1,ACTIVE,7,4,4
581,8242,13:46:30,0,63.00,0,3.2100,0.6460,0.2000,0.0279,1,ACTIVE,7,4,4
581,8243,13:47:00,0,89.00,0,2.4300,0.4870,0.1510,0.0230,1,ACTIVE,7,4,4
581,8244,13:47:30,0,110.00,0,3.0900,0.5920,0.2000,0.0230,1,ACTIVE,7,4,4
581,8245,13:48:00,0,100.00,0,5.7100,1.1300,0.3600,0.0460,1,ACTIVE,7,4,4
581,8246,13:48:30,0,86.00,0,7.5900,2.2700,0.2900,0.0347,1,ACTIVE,7,4,4
581,8247,13:49:00,0,123.00,0,3.6800,0.7680,0.2230,0.0230,1,ACTIVE,7,4,4
581,8248,13:49:30,0,79.00,0,7.7200,1.1100,0.5790,0.1800,1,ACTIVE,7,4,4
581,8249,13:50:00,0,103.00,0,6.3400,0.9130,0.4770,0.1330,1,ACTIVE,7,4,4
581,8250,13:50:30,0,157.00,0,33.1100,6.4200,2.1300,0.2900,1,ACTIVE,7,4,4
581,8251,13:51:00,0,86.00,0,38.5000,7.4700,2.4700,0.3090,1,ACTIVE,7,4,4
581,8252,13:51:30,0,86.00,0,15.9100,1.8700,1.2900,0.4370,1,ACTIVE,7,4,4
581,8253,13:52:00,0,89.00,0,21.8200,2.3700,1.8300,0.5430,1,ACTIVE,7,4,4
581,8254,13:52:30,0,59.00,0,19.4600,2.3700,1.5700,0.4370,1,ACTIVE,7,4,4
581,8255,13:53:00,0,110.00,0,18.8600,4.3400,1.0400,0.1330,1,ACTIVE,7,4,4
581,8256,13:53:30,0,31.00,0,17.4300,5.1700,0.6740,0.0939,1,ACTIVE,7,4,4
581,8257,13:54:00,0,128.00,0,18.4500,2.8200,1.3500,0.3760,1,ACTIVE,7,4,4
581,8258,13:54:30,0,252.00,0,38.9000,3.8100,3.3500,1.0400,1,ACTIVE,7,4,4
581,8259,13:55:00,0,269.00,0,33.8800,4.7400,2.5800,0.7200,1,ACTIVE,7,4,4
581,8260,13:55:30,0,236.00,0,17.2100,1.8700,1.4400,0.4370,1,ACTIVE,7,4,4
581,8261,13:56:00,0,278.00,0,31.5900,2.7000,2.8200,0.8750,1,ACTIVE,7,4,4
581,8262,13:56:30,0,181.00,0,1.1200,0.2190,0.0694,0.0292,1,ACTIVE,7,4,4
581,8263,13:57:00,0,40.00,0,0.5900,0.1690,0.0251,0.0000,1,ACTIVE,7,4,4
581,8264,13:57:30,0,269.00,0,6.1100,1.8700,0.2230,0.0279,1,ACTIVE,7,4,4
581,8265,13:58:00,0,236.00,0,27.4000,3.5000,2.1700,0.5920,1,ACTIVE,7,4,4
581,8266,13:58:30,0,221.00,0,1.9000,0.4570,0.1000,0.0115,1,ACTIVE,7,4,4
581,8267,13:59:00,0,103.00,0,22.8800,4.9500,1.3500,0.1190,1,ACTIVE,7,4,4
581,8268,13:59:30,0,52.00,0,5.8500,0.5430,0.5090,0.1800,1,ACTIVE,7,4,4
581,8269,14:00:00,0,200.00,0,15.3600,1.1100,1.4100,0.5200,1,ACTIVE,7,4,4
581,8270,14:00:30,0,193.00,0,5.1400,0.5200,0.4370,0.1450,1,ACTIVE,7,4,4
581,8271,14:01:00,0,68.00,0,1.5600,0.3030,0.1000,0.0162,1,ACTIVE,7,4,4
581,8272,14:01:30,0,147.00,0,294.4000,15.3000,28.0000,14.3000,1,ACTIVE,7,4,4
581,8273,14:02:00,0,261.00,0,1089.330,42.2000,107.0000,52.4000,1,ACTIVE,7,4,4
581,8274,14:02:30,0,297.00,0,6.5700,1.3200,0.4010,0.1330,1,ACTIVE,7,4,4
581,8275,14:03:00,0,452.00,0,21.3100,2.0800,1.8300,0.6600,1,ACTIVE,7,4,4
581,8276,14:03:30,0,200.00,0,14.0600,2.7600,0.8940,0.1240,1,ACTIVE,7,4,4
581,8277,14:04:00,0,252.00,0,2.1800,0.3760,0.1510,0.0230,1,ACTIVE,7,4,4
581,8278,14:04:30,0,187.00,0,0.8600,0.1880,0.0501,0.0046,1,ACTIVE,7,4,4
581,8279,14:05:00,0,89.00,0,194.5700,10.8000,18.5000,7.6300,1,ACTIVE,7,4,4
581,8280,14:05:30,0,119.00,0,186.1700,13.4000,17.0000,7.0000,1,ACTIVE,7,4,4
581,8281,14:06:00,0,38.00,0,242.8400,23.0000,21.6000,2.7000,1,ACTIVE,7,4,4
581,8282,14:06:30,0,200.00,0,387.4300,19.8000,37.9000,10.8000,1,ACTIVE,7,4,4
581,8283,14:07:00,0,214.00,0,48.6700,1.9900,4.8400,1.7100,1,ACTIVE,7,4,4
581,8284,14:07:30,0,89.00,0,0.4700,0.1880,0.0024,0.0354,1,ACTIVE,7,4,4
581,8285,14:08:00,0,0.00,0,0.2500,0.1120,0.0000,0.0000,1,ACTIVE,7,4,4
581,8286,14:08:30,0,8.00,0,0.2500,0.1120,0.0000,0.0000,1,ACTIVE,7,4,4
581,8287,14:09:00,0,0.00,0,0.2500,0.1120,0.0000,0.0000,1,ACTIVE,7,4,4
581,8288,14:09:30,0,110.00,0,0.7100,0.1800,0.0347,0.0117,1,ACTIVE,7,4,4
581,8289,14:10:00,0,54.00,0,4.1300,0.5670,0.3160,0.1050,1,ACTIVE,7,4,4
581,8290,14:10:30,0,181.00,0,114.9600,5.8800,11.0000,4.9500,1,ACTIVE,7,4,4
581,8291,14:11:00,0,236.00,0,502.9800,26.8000,48.1000,20.7000,1,ACTIVE,7,4,4
581,8292,14:11:30,0,70.00,0,95.1300,6.5600,8.8800,2.6400,1,ACTIVE,7,4,4
581,8293,14:12:00,0,163.00,0,192.1900,5.5100,19.8000,6.1400,1,ACTIVE,7,4,4
581,8294,14:12:30,0,181.00,0,939.7200,44.1000,92.1000,32.6000,1,ACTIVE,7,4,4
581,8295,14:13:00,0,221.00,0,921.0500,40.4000,90.1000,38.7000,1,ACTIVE,7,4,4
581,8296,14:13:30,0,133.00,0,609.2700,24.6000,59.7000,29.2000,1,ACTIVE,7,4,4
581,8297,14:14:00,0,169.00,0,960.8900,42.2000,94.1000,39.6000,1,ACTIVE,7,4,4
581,8298,14:14:30,0,157.00,0,986.0000,42.2000,96.2000,46.1000,1,ACTIVE,7,4,4
581,8299,14:15:00,0,2.00,0,42.1900,3.3500,3.8100,1.2600,1,ACTIVE,7,4,4
581,8300,14:15:30,0,79.00,0,645.2900,31.9000,62.4000,26.2000,1,ACTIVE,7,4,4
581,8301,14:16:00,0,103.00,0,1242.750,61.0000,122.0000,35.5000,1,ACTIVE,7,4,4
581,8302,14:16:30,0,119.00,0,920.2000,44.1000,90.1000,30.5000,1,ACTIVE,7,4,4
581,8303,14:17:00,0,21.00,0,565.9700,40.4000,53.6000,6.5600,1,ACTIVE,7,4,4
581,8304,14:17:30,0,86.00,0,728.4200,49.1000,69.5000,10.1000,1,ACTIVE,7,4,4
581,8305,14:18:00,0,110.00,0,916.9100,46.1000,90.1000,23.5000,1,ACTIVE,7,4,4
581,8306,14:18:30,0,93.00,0,286.3200,34.0000,23.0000,8.6900,1,ACTIVE,7,4,4
581,8307,14:19:00,0,137.00,0,717.8400,28.6000,71.0000,29.9000,1,ACTIVE,7,4,4
581,8308,14:19:30,0,151.00,0,785.2100,33.3000,77.5000,30.5000,1,ACTIVE,7,4,4
581,8309,14:20:00,0,119.00,0,1251.880,58.4000,122.0000,49.1000,1,ACTIVE,7,4,4
581,8310,14:20:30,0,123.00,0,812.9400,30.5000,80.9000,34.0000,1,ACTIVE,7,4,4
581,8311,14:21:00,0,133.00,0,1022.870,34.8000,103.0000,43.2000,1,ACTIVE,7,4,4
581,8312,14:21:30,0,119.00,0,985.0900,37.1000,98.3000,38.7000,1,ACTIVE,7,4,4
581,8313,14:22:00,0,228.00,0,800.5600,34.8000,79.2000,28.0000,1,ACTIVE,7,4,4
581,8314,14:22:30,0,151.00,0,1.2400,0.3600,0.0501,0.0046,1,ACTIVE,7,4,4
581,8315,14:23:00,0,175.00,0,11.9000,2.3700,0.7350,0.2090,1,ACTIVE,7,4,4
581,8316,14:23:30,0,362.00,0,11.5000,1.4100,0.3160,5.1700,1,ACTIVE,7,4,4
581,8317,14:24:00,0,193.00,0,376.6200,14.3000,37.1000,18.5000,1,ACTIVE,7,4,4
581,8318,14:24:30,0,110.00,0,901.3800,42.2000,88.2000,32.6000,1,ACTIVE,7,4,4
581,8319,14:25:00,0,5.00,0,1191.590,56.0000,117.0000,40.4000,1,ACTIVE,7,4,4
581,8320,14:25:30,0,0.00,0,1193.540,56.0000,117.0000,42.2000,1,ACTIVE,7,4,4
581,8321,14:26:00,0,93.00,0,1224.530,58.4000,119.0000,45.1000,1,ACTIVE,7,4,4
581,8322,14:26:30,0,34.00,0,1224.530,58.4000,119.0000,45.1000,1,ACTIVE,7,4,4
581,8323,14:27:00,0,45.00,0,1259.960,61.0000,122.0000,51.3000,1,ACTIVE,7,4,4
581,8324,14:27:30,0,27.00,0,1389.390,71.0000,133.0000,61.0000,1,ACTIVE,7,4,4
581,8325,14:28:00,0,40.00,0,1110.190,37.9000,112.0000,42.2000,1,ACTIVE,7,4,4
581,8326,14:28:30,0,31.00,0,1282.180,61.0000,125.0000,50.2000,1,ACTIVE,7,4,4
581,8327,14:29:00,0,107.00,0,683.6900,30.5000,69.5000,6.8500,1,ACTIVE,7,4,4
581,8328,14:29:30,0,0.00,0,1312.700,66.6000,127.0000,45.1000,0,ACTIVE,7,4,4
581,8329,14:30:00,0,26.00,0,1302.560,68.0000,125.0000,54.8000,1,ACTIVE,7,4,4
581,8330,14:30:30,0,0.00,0,1285.090,68.0000,125.0000,38.7000,0,ACTIVE,7,4,4
581,8331,14:31:00,0,7.00,0,1308.900,74.2000,125.0000,48.1000,0,ACTIVE,7,4,4
581,8332,14:31:30,0,1.00,0,1296.570,71.0000,125.0000,43.2000,0,ACTIVE,7,4,4
581,8333,14:32:00,0,0.00,0,1271.530,61.0000,125.0000,40.4000,0,ACTIVE,7,4,4
581,8334,14:32:30,0,0.00,0,1318.310,66.6000,127.0000,50.2000,0,ACTIVE,7,4,4
581,8335,14:33:00,0,40.00,0,1299.730,69.5000,125.0000,49.1000,1,ACTIVE,7,4,4
581,8336,14:33:30,0,0.00,0,1376.680,69.5000,133.0000,52.4000,0,ACTIVE,7,4,4
581,8337,14:34:00,0,73.00,0,1390.490,69.5000,133.0000,65.1000,1,ACTIVE,7,4,4
581,8338,14:34:30,0,14.00,0,1391.830,77.5000,133.0000,50.2000,1,ACTIVE,7,4,4
581,8339,14:35:00,0,169.00,0,1049.360,38.7000,105.0000,41.3000,1,ACTIVE,7,4,4
581,8340,14:35:30,0,54.00,0,1480.380,69.5000,142.0000,75.8000,1,ACTIVE,7,4,4
581,8341,14:36:00,0,2.00,0,1383.630,75.8000,133.0000,46.1000,1,ACTIVE,7,4,4
581,8342,14:36:30,0,0.00,0,1393.030,77.5000,133.0000,51.3000,1,ACTIVE,7,4,4
581,8343,14:37:00,0,66.00,0,1269.800,69.5000,122.0000,43.2000,1,ACTIVE,7,4,4
581,8344,14:37:30,0,33.00,0,1376.450,71.0000,133.0000,49.1000,1,ACTIVE,7,4,4
581,8345,14:38:00,0,68.00,0,1389.520,74.2000,133.0000,54.8000,1,ACTIVE,7,4,4
581,8346,14:38:30,0,1.00,0,1297.460,69.5000,125.0000,47.1000,0,ACTIVE,7,4,4
581,8347,14:39:00,0,33.00,0,1124.670,59.7000,110.0000,30.5000,1,ACTIVE,7,4,4
581,8348,14:39:30,0,0.00,0,782.8300,56.0000,74.2000,8.6900,0,ACTIVE,7,4,4
581,8349,14:40:00,0,42.00,0,733.3800,52.4000,69.5000,7.9700,1,ACTIVE,7,4,4
581,8350,14:40:30,0,35.00,0,1360.050,66.6000,133.0000,43.2000,1,ACTIVE,7,4,4
581,8351,14:41:00,0,0.00,0,1360.050,66.6000,133.0000,43.2000,0,ACTIVE,7,4,4
581,8352,14:41:30,0,4.00,0,1271.530,61.0000,125.0000,40.4000,0,ACTIVE,7,4,4
581,8353,14:42:00,0,73.00,0,1241.570,59.7000,122.0000,37.1000,1,ACTIVE,7,4,4
581,8354,14:42:30,0,0.00,0,1271.600,59.7000,125.0000,43.2000,0,ACTIVE,7,4,4
581,8355,14:43:00,0,28.00,0,1266.780,58.4000,125.0000,41.3000,1,ACTIVE,7,4,4
581,8356,14:43:30,0,0.00,0,1326.840,62.4000,130.0000,44.1000,0,ACTIVE,7,4,4
581,8357,14:44:00,0,0.00,0,1298.410,61.0000,127.0000,43.2000,0,ACTIVE,7,4,4
581,8358,14:44:30,0,4.00,0,1327.890,62.4000,130.0000,45.1000,0,ACTIVE,7,4,4
581,8359,14:45:00,0,0.00,0,1273.480,61.0000,125.0000,42.2000,0,ACTIVE,7,4,4
581,8360,14:45:30,0,75.00,0,1188.820,56.0000,117.0000,37.9000,1,ACTIVE,7,4,4
581,8361,14:46:00,0,5.00,0,1237.890,56.0000,122.0000,41.3000,0,ACTIVE,7,4,4
581,8362,14:46:30,0,31.00,0,1084.830,51.3000,107.0000,29.9000,1,ACTIVE,7,4,4
581,8363,14:47:00,0,6.00,0,1162.650,56.0000,114.0000,34.0000,1,ACTIVE,7,4,4
581,8364,14:47:30,0,56.00,0,1217.620,58.4000,119.0000,38.7000,1,ACTIVE,7,4,4
581,8365,14:48:00,0,61.00,0,1081.050,46.1000,107.0000,37.1000,1,ACTIVE,7,4,4
581,8366,14:48:30,0,49.00,0,1144.030,51.3000,112.0000,46.1000,1,ACTIVE,7,4,4
581,8367,14:49:00,0,11.00,0,1288.230,58.4000,125.0000,61.0000,1,ACTIVE,7,4,4
581,8368,14:49:30,0,100.00,0,1117.530,52.4000,110.0000,38.7000,1,ACTIVE,7,4,4
581,8369,14:50:00,0,27.00,0,1095.180,52.4000,107.0000,37.1000,1,ACTIVE,7,4,4
581,8370,14:50:30,0,18.00,0,1121.750,54.8000,110.0000,37.9000,1,ACTIVE,7,4,4
581,8371,14:51:00,0,5.00,0,1137.380,56.0000,112.0000,30.5000,0,ACTIVE,7,4,4
581,8372,14:51:30,0,31.00,0,1093.890,54.8000,107.0000,31.2000,1,ACTIVE,7,4,4
581,8373,14:52:00,0,18.00,0,1198.030,59.7000,117.0000,38.7000,1,ACTIVE,7,4,4
581,8374,14:52:30,0,15.00,0,1113.250,51.3000,110.0000,37.1000,1,ACTIVE,7,4,4
581,8375,14:53:00,0,133.00,0,958.9600,44.1000,94.1000,34.0000,1,ACTIVE,7,4,4
581,8376,14:53:30,0,28.00,0,1087.020,49.1000,107.0000,36.3000,1,ACTIVE,7,4,4
581,8377,14:54:00,0,79.00,0,969.9600,32.6000,98.3000,34.0000,1,ACTIVE,7,4,4
581,8378,14:54:30,0,14.00,0,1096.970,52.4000,107.0000,38.7000,1,ACTIVE,7,4,4
581,8379,14:55:00,0,45.00,0,1091.830,51.3000,107.0000,36.3000,1,ACTIVE,7,4,4
581,8380,14:55:30,0,22.00,0,1118.450,52.4000,110.0000,39.6000,1,ACTIVE,7,4,4
581,8381,14:56:00,0,0.00,0,1064.420,49.1000,105.0000,34.0000,0,ACTIVE,7,4,4
581,8382,14:56:30,0,22.00,0,1095.410,51.3000,107.0000,39.6000,1,ACTIVE,7,4,4
581,8383,14:57:00,0,0.00,0,1067.770,49.1000,105.0000,37.1000,0,ACTIVE,7,4,4
581,8384,14:57:30,0,28.00,0,1044.360,47.1000,103.0000,37.9000,1,ACTIVE,7,4,4
581,8385,14:58:00,0,128.00,0,882.6800,44.1000,86.3000,26.8000,1,ACTIVE,7,4,4
581,8386,14:58:30,0,2.00,0,1118.140,47.1000,110.0000,50.2000,1,ACTIVE,7,4,4
581,8387,14:59:00,0,0.00,0,1142.820,47.1000,112.0000,53.6000,1,ACTIVE,7,4,4
581,8388,14:59:30,0,54.00,0,849.0900,38.7000,82.7000,36.3000,1,ACTIVE,7,4,4
581,8389,15:00:00,0,47.00,0,396.8500,23.5000,38.7000,5.1700,1,ACTIVE,7,4,4
581,8390,15:00:30,0,0.00,0,358.1700,18.1000,34.0000,18.5000,0,ACTIVE,7,4,4
581,8391,15:01:00,0,33.00,0,321.0500,16.6000,30.5000,15.6000,1,ACTIVE,7,4,4
581,8392,15:01:30,0,63.00,0,518.7200,37.1000,49.1000,5.7600,1,ACTIVE,7,4,4
581,8393,15:02:00,0,0.00,0,537.9100,37.1000,51.3000,5.8800,0,ACTIVE,7,4,4
581,8394,15:02:30,0,4.00,0,621.0100,40.4000,59.7000,7.8000,1,ACTIVE,7,4,4
581,8395,15:03:00,0,19.00,0,896.8200,44.1000,88.2000,24.6000,1,ACTIVE,7,4,4
581,8396,15:03:30,0,100.00,0,864.6700,40.4000,84.5000,32.6000,1,ACTIVE,7,4,4
581,8397,15:04:00,0,12.00,0,476.2300,29.9000,46.1000,6.2800,1,ACTIVE,7,4,4
581,8398,15:04:30,0,0.00,0,457.3400,29.9000,44.1000,4.6400,1,ACTIVE,7,4,4
581,8399,15:05:00,0,66.00,0,475.5300,29.9000,46.1000,5.6300,1,ACTIVE,7,4,4
581,8400,15:05:30,0,200.00,0,898.2000,40.4000,88.2000,33.3000,1,ACTIVE,7,4,4
581,8401,15:06:00,0,15.00,0,855.9700,40.4000,84.5000,24.6000,1,ACTIVE,7,4,4
581,8402,15:06:30,0,49.00,0,877.2300,40.4000,86.3000,29.2000,1,ACTIVE,7,4,4
581,8403,15:07:00,0,0.00,0,935.5900,42.2000,92.1000,32.6000,0,ACTIVE,7,4,4
581,8404,15:07:30,0,25.00,0,936.7800,44.1000,92.1000,29.9000,1,ACTIVE,7,4,4
581,8405,15:08:00,0,0.00,0,895.1000,42.2000,88.2000,26.8000,0,ACTIVE,7,4,4
581,8406,15:08:30,0,0.00,0,857.1600,40.4000,84.5000,25.7000,0,ACTIVE,7,4,4
581,8407,15:09:00,0,59.00,0,835.7500,38.7000,82.7000,24.0000,1,ACTIVE,7,4,4
581,8408,15:09:30,0,0.00,0,819.6800,38.7000,80.9000,23.5000,0,ACTIVE,7,4,4
581,8409,15:10:00,0,1.00,0,819.6800,38.7000,80.9000,23.5000,0,ACTIVE,7,4,4
581,8410,15:10:30,0,22.00,0,656.3500,33.3000,63.7000,22.5000,1,ACTIVE,7,4,4
581,8411,15:11:00,0,29.00,0,642.8400,33.3000,62.4000,21.1000,1,ACTIVE,7,4,4
581,8412,15:11:30,0,47.00,0,811.4100,31.9000,80.9000,29.9000,1,ACTIVE,7,4,4
581,8413,15:12:00,0,0.00,0,805.6300,38.7000,79.2000,24.6000,0,ACTIVE,7,4,4
581,8414,15:12:30,0,15.00,0,753.8100,34.8000,74.2000,25.1000,1,ACTIVE,7,4,4
581,8415,15:13:00,0,61.00,0,677.1600,33.3000,66.6000,18.9000,1,ACTIVE,7,4,4
581,8416,15:13:30,0,11.00,0,772.6100,37.1000,75.8000,24.6000,1,ACTIVE,7,4,4
581,8417,15:14:00,0,52.00,0,583.9400,29.9000,57.2000,15.6000,1,ACTIVE,7,4,4
581,8418,15:14:30,0,20.00,0,709.6100,34.8000,69.5000,22.1000,1,ACTIVE,7,4,4
581,8419,15:15:00,0,54.00,0,755.0300,33.3000,74.2000,29.2000,1,ACTIVE,7,4,4
581,8420,15:15:30,0,32.00,0,464.5700,23.0000,45.1000,17.4000,1,ACTIVE,7,4,4
581,8421,15:16:00,0,110.00,0,578.2600,24.6000,57.2000,21.1000,1,ACTIVE,7,4,4
581,8422,15:16:30,0,26.00,0,636.8400,29.9000,62.4000,22.5000,1,ACTIVE,7,4,4
581,8423,15:17:00,0,25.00,0,619.5200,29.9000,61.0000,17.4000,1,ACTIVE,7,4,4
581,8424,15:17:30,0,4.00,0,643.6000,29.9000,63.7000,17.8000,1,ACTIVE,7,4,4
581,8425,15:18:00,0,28.00,0,643.6000,29.9000,63.7000,17.8000,1,ACTIVE,7,4,4
581,8426,15:18:30,0,47.00,0,656.8700,28.0000,65.1000,22.5000,1,ACTIVE,7,4,4
581,8427,15:19:00,0,32.00,0,688.5000,29.9000,68.0000,24.6000,1,ACTIVE,7,4,4
581,8428,15:19:30,0,0.00,0,687.3700,29.9000,68.0000,23.5000,0,ACTIVE,7,4,4
581,8429,15:20:00,0,59.00,0,671.4800,29.9000,66.6000,20.7000,1,ACTIVE,7,4,4
581,8430,15:20:30,0,0.00,0,640.7400,28.0000,63.7000,18.9000,0,ACTIVE,7,4,4
581,8431,15:21:00,0,29.00,0,628.7800,28.0000,62.4000,18.9000,1,ACTIVE,7,4,4
581,8432,15:21:30,0,0.00,0,629.2300,28.0000,62.4000,19.4000,0,ACTIVE,7,4,4
581,8433,15:22:00,0,66.00,0,564.4400,26.2000,56.0000,14.9000,1,ACTIVE,7,4,4
581,8434,15:22:30,0,70.00,0,601.2900,26.8000,59.7000,17.4000,1,ACTIVE,7,4,4
581,8435,15:23:00,0,0.00,0,587.5700,25.7000,58.4000,17.4000,1,ACTIVE,7,4,4
581,8436,15:23:30,0,11.00,0,564.2900,25.7000,56.0000,15.9000,1,ACTIVE,7,4,4
581,8437,15:24:00,0,40.00,0,563.3200,23.5000,56.0000,19.4000,1,ACTIVE,7,4,4
581,8438,15:24:30,0,68.00,0,314.5300,16.3000,30.5000,10.3000,1,ACTIVE,7,4,4
581,8439,15:25:00,0,11.00,0,647.4500,28.0000,63.7000,25.1000,1,ACTIVE,7,4,4
581,8440,15:25:30,0,19.00,0,509.6700,24.0000,50.2000,15.3000,1,ACTIVE,7,4,4
581,8441,15:26:00,0,75.00,0,522.0200,24.0000,51.3000,17.8000,1,ACTIVE,7,4,4
581,8442,15:26:30,0,49.00,0,567.3100,23.5000,56.0000,23.0000,1,ACTIVE,7,4,4
581,8443,15:27:00,0,66.00,0,650.1700,26.2000,63.7000,31.2000,1,ACTIVE,7,4,4
581,8444,15:27:30,0,52.00,0,537.1900,24.6000,52.4000,21.6000,1,ACTIVE,7,4,4
581,8445,15:28:00,0,12.00,0,529.1200,23.5000,52.4000,16.3000,1,ACTIVE,7,4,4
581,8446,15:28:30,0,23.00,0,505.9900,22.1000,50.2000,15.9000,1,ACTIVE,7,4,4
581,8447,15:29:00,0,21.00,0,505.9700,22.5000,50.2000,14.9000,1,ACTIVE,7,4,4
581,8448,15:29:30,0,75.00,0,520.4300,22.5000,51.3000,19.4000,1,ACTIVE,7,4,4
581,8449,15:30:00,0,1.00,0,528.7500,22.1000,52.4000,18.9000,0,ACTIVE,7,4,4
581,8450,15:30:30,0,40.00,0,506.7700,21.1000,50.2000,18.5000,1,ACTIVE,7,4,4
581,8451,15:31:00,0,5.00,0,518.3100,21.6000,51.3000,19.4000,0,ACTIVE,7,4,4
581,8452,15:31:30,0,4.00,0,493.1300,20.7000,49.1000,15.6000,1,ACTIVE,7,4,4
581,8453,15:32:00,0,42.00,0,424.4000,17.8000,42.2000,14.0000,1,ACTIVE,7,4,4
581,8454,15:32:30,0,66.00,0,455.6600,20.7000,45.1000,14.0000,1,ACTIVE,7,4,4
581,8455,15:33:00,0,40.00,0,425.4700,18.9000,42.2000,12.6000,1,ACTIVE,7,4,4
581,8456,15:33:30,0,1.00,0,445.9400,19.8000,44.1000,14.6000,1,ACTIVE,7,4,4
581,8457,15:34:00,0,59.00,0,448.7100,20.2000,44.1000,16.3000,1,ACTIVE,7,4,4
581,8458,15:34:30,0,86.00,0,357.5300,15.9000,35.5000,10.3000,1,ACTIVE,7,4,4
581,8459,15:35:00,0,18.00,0,400.4200,18.1000,39.6000,12.6000,1,ACTIVE,7,4,4
581,8460,15:35:30,0,0.00,0,416.3500,18.5000,41.3000,12.3000,0,ACTIVE,7,4,4
581,8461,15:36:00,0,0.00,0,416.6400,18.5000,41.3000,12.6000,0,ACTIVE,7,4,4
581,8462,15:36:30,0,0.00,0,414.3300,17.8000,41.3000,12.0000,0,ACTIVE,7,4,4
581,8463,15:37:00,0,29.00,0,417.3700,17.4000,41.3000,15.6000,1,ACTIVE,7,4,4
581,8464,15:37:30,0,42.00,0,173.8500,10.3000,16.6000,4.8400,1,ACTIVE,7,4,4
581,8465,15:38:00,0,93.00,0,389.0600,17.0000,38.7000,11.3000,1,ACTIVE,7,4,4
581,8466,15:38:30,0,4.00,0,398.4200,17.4000,39.6000,12.3000,1,ACTIVE,7,4,4
581,8467,15:39:00,0,16.00,0,399.9500,17.4000,39.6000,13.7000,1,ACTIVE,7,4,4
581,8468,15:39:30,0,103.00,0,361.5100,15.9000,35.5000,14.0000,1,ACTIVE,7,4,4
581,8469,15:40:00,0,73.00,0,338.4900,15.6000,33.3000,11.5000,1,ACTIVE,7,4,4
581,8470,15:40:30,0,175.00,0,304.6400,13.7000,29.9000,11.8000,1,ACTIVE,7,4,4
581,8471,15:41:00,0,36.00,0,339.1800,15.3000,33.3000,12.8000,1,ACTIVE,7,4,4
581,8472,15:41:30,0,42.00,0,341.1200,15.3000,33.3000,14.6000,1,ACTIVE,7,4,4
581,8473,15:42:00,0,70.00,0,320.7400,14.9000,31.2000,13.4000,1,ACTIVE,7,4,4
581,8474,15:42:30,0,228.00,0,256.8900,10.1000,25.1000,13.4000,1,ACTIVE,7,4,4
581,8475,15:43:00,0,86.00,0,47.3200,3.7300,4.4400,0.1720,1,ACTIVE,7,4,4
581,8476,15:43:30,0,107.00,0,4.7300,0.7850,0.3370,0.0347,1,ACTIVE,7,4,4
581,8477,15:44:00,0,32.00,0,9.5700,1.4400,0.7200,0.0773,1,ACTIVE,7,4,4
581,8478,15:44:30,0,200.00,0,10.0100,1.9900,0.6320,0.0650,1,ACTIVE,7,4,4
581,8479,15:45:00,0,49.00,0,171.1500,7.3100,16.6000,8.5000,1,ACTIVE,7,4,4
581,8480,15:45:30,0,59.00,0,466.4100,15.6000,46.1000,26.2000,1,ACTIVE,7,4,4
581,8481,15:46:00,0,133.00,0,947.4900,50.2000,90.1000,43.2000,1,ACTIVE,7,4,4
581,8482,15:46:30,0,119.00,0,195.4100,11.8000,18.5000,6.4200,1,ACTIVE,7,4,4
581,8483,15:47:00,0,75.00,0,295.4600,14.3000,28.6000,12.3000,1,ACTIVE,7,4,4
581,8484,15:47:30,0,2.00,0,294.9800,14.9000,28.6000,10.6000,1,ACTIVE,7,4,4
581,8485,15:48:00,0,27.00,0,310.4800,14.6000,29.9000,15.3000,1,ACTIVE,7,4,4
581,8486,15:48:30,0,8.00,0,282.7900,14.0000,27.4000,11.0000,0,ACTIVE,7,4,4
581,8487,15:49:00,0,0.00,0,283.3200,14.0000,27.4000,11.5000,0,ACTIVE,7,4,4
581,8488,15:49:30,0,0.00,0,290.0900,14.3000,28.0000,12.3000,0,ACTIVE,7,4,4
581,8489,15:50:00,0,15.00,0,284.8400,14.3000,27.4000,12.3000,0,ACTIVE,7,4,4
581,8490,15:50:30,0,0.00,0,277.7900,13.7000,26.8000,11.8000,0,ACTIVE,7,4,4
581,8491,15:51:00,0,14.00,0,277.9100,14.0000,26.8000,11.3000,1,ACTIVE,7,4,4
581,8492,15:51:30,0,38.00,0,259.9700,12.6000,25.1000,11.3000,1,ACTIVE,7,4,4
581,8493,15:52:00,0,29.00,0,265.8800,13.4000,25.7000,10.6000,1,ACTIVE,7,4,4
581,8494,15:52:30,0,82.00,0,217.4000,10.1000,21.1000,9.2700,1,ACTIVE,7,4,4
581,8495,15:53:00,0,8.00,0,265.1600,13.4000,25.7000,9.8900,1,ACTIVE,7,4,4
581,8496,15:53:30,0,0.00,0,264.7000,13.4000,25.7000,9.4700,0,ACTIVE,7,4,4
581,8497,15:54:00,0,31.00,0,158.0000,8.8800,15.3000,4.3400,1,ACTIVE,7,4,4
581,8498,15:54:30,0,18.00,0,70.4200,6.1400,6.4200,0.5920,1,ACTIVE,7,4,4
581,8499,15:55:00,0,1.00,0,226.7700,11.8000,22.1000,7.0000,0,ACTIVE,7,4,4
581,8500,15:55:30,0,0.00,0,225.8900,11.5000,22.1000,6.7000,0,ACTIVE,7,4,4
581,8501,15:56:00,0,0.00,0,226.7200,11.5000,22.1000,7.4700,0,ACTIVE,7,4,4
581,8502,15:56:30,0,16.00,0,212.4600,10.8000,20.7000,7.0000,1,ACTIVE,7,4,4
581,8503,15:57:00,0,61.00,0,198.6400,10.1000,19.4000,6.1400,1,ACTIVE,7,4,4
581,8504,15:57:30,0,11.00,0,202.9200,10.6000,19.8000,5.7600,1,ACTIVE,7,4,4
581,8505,15:58:00,0,16.00,0,211.3100,10.6000,20.7000,6.4200,1,ACTIVE,7,4,4
581,8506,15:58:30,0,0.00,0,144.4500,10.1000,13.7000,1.9900,0,ACTIVE,7,4,4
581,8507,15:59:00,0,11.00,0,209.8300,10.3000,20.7000,5.5100,0,ACTIVE,7,4,4
581,8508,15:59:30,0,1.00,0,149.2800,9.8900,14.3000,1.9900,0,ACTIVE,7,4,4
581,8509,16:00:00,0,0.00,0,209.6100,10.1000,20.7000,5.7600,0,ACTIVE,7,4,4
581,8510,16:00:30,0,47.00,0,227.0200,10.6000,22.1000,9.6800,1,ACTIVE,7,4,4
581,8511,16:01:00,0,18.00,0,248.0900,11.0000,24.0000,12.0000,1,ACTIVE,7,4,4
581,8512,16:01:30,0,38.00,0,232.7500,10.3000,22.5000,11.5000,1,ACTIVE,7,4,4
581,8513,16:02:00,0,45.00,0,226.9900,10.3000,22.1000,10.1000,1,ACTIVE,7,4,4
581,8514,16:02:30,0,13.00,0,225.6500,10.3000,22.1000,8.8800,1,ACTIVE,7,4,4
581,8515,16:03:00,0,0.00,0,226.0800,10.3000,22.1000,9.2700,0,ACTIVE,7,4,4
581,8516,16:03:30,0,16.00,0,211.3500,9.8900,20.7000,7.8000,1,ACTIVE,7,4,4
581,8517,16:04:00,0,1.00,0,210.5200,9.6800,20.7000,7.4700,0,ACTIVE,7,4,4
581,8518,16:04:30,0,31.00,0,125.6100,8.3200,12.0000,1.7500,1,ACTIVE,7,4,4
581,8519,16:05:00,0,0.00,0,125.3700,8.3200,12.0000,1.5400,0,ACTIVE,7,4,4
581,8520,16:05:30,0,0.00,0,123.0500,8.3200,11.8000,1.4700,0,ACTIVE,7,4,4
581,8521,16:06:00,0,0.00,0,122.7200,8.1400,11.8000,1.5400,0,ACTIVE,7,4,4
581,8522,16:06:30,0,0.00,0,117.9000,7.9700,11.3000,1.4700,1,ACTIVE,7,4,4
581,8523,16:07:00,0,61.00,0,125.6100,8.3200,12.0000,1.7500,1,ACTIVE,7,4,4
581,8524,16:07:30,0,142.00,0,176.1900,8.3200,17.0000,8.1400,1,ACTIVE,7,4,4
581,8525,16:08:00,0,228.00,0,201.0900,7.8000,19.8000,9.6800,1,ACTIVE,7,4,4
581,8526,16:08:30,0,175.00,0,113.6300,3.5000,11.5000,4.6400,1,ACTIVE,7,4,4
581,8527,16:09:00,0,142.00,0,15.2600,2.5300,1.0900,0.1450,1,ACTIVE,7,4,4
581,8528,16:09:30,0,163.00,0,105.9200,3.0700,10.8000,4.2500,1,ACTIVE,7,4,4
581,8529,16:10:00,0,70.00,0,38.4700,1.7500,3.9000,0.4190,1,ACTIVE,7,4,4
581,8530,16:10:30,0,79.00,0,40.3100,2.2700,3.9000,1.0600,1,ACTIVE,7,4,4
581,8531,16:11:00,0,45.00,0,41.3300,2.3700,3.9800,1.1100,1,ACTIVE,7,4,4
581,8532,16:11:30,0,119.00,0,88.2400,3.2100,8.6900,4.6400,1,ACTIVE,7,4,4
581,8533,16:12:00,0,26.00,0,0.5900,0.1220,0.0347,0.0117,1,ACTIVE,7,4,4
581,8534,16:12:30,0,1.00,0,49.2200,3.5700,4.6400,0.6600,1,ACTIVE,7,4,4
581,8535,16:13:00,0,0.00,0,47.1700,3.4200,4.4400,0.6600,1,ACTIVE,7,4,4
581,8536,16:13:30,0,133.00,0,24.0200,1.9100,2.2200,0.3300,1,ACTIVE,7,4,4
581,8537,16:14:00,0,142.00,0,0.7700,0.2050,0.0347,0.0117,1,ACTIVE,7,4,4
581,8538,16:14:30,0,128.00,0,73.6600,5.0600,6.8500,2.3200,1,ACTIVE,7,4,4
581,8539,16:15:00,0,40.00,0,153.3300,10.1000,14.3000,5.2800,1,ACTIVE,7,4,4
581,8540,16:15:30,0,66.00,0,109.0800,5.6300,10.3000,5.6300,1,ACTIVE,7,4,4
581,8541,16:16:00,0,1.00,0,172.9300,9.2700,16.6000,6.1400,1,ACTIVE,7,4,4
581,8542,16:16:30,0,54.00,0,160.2500,9.0700,15.3000,6.0100,1,ACTIVE,7,4,4
581,8543,16:17:00,0,0.00,0,122.8200,10.1000,11.3000,1.6400,0,ACTIVE,7,4,4
581,8544,16:17:30,0,66.00,0,114.9900,9.4700,10.6000,1.4400,1,ACTIVE,7,4,4
581,8545,16:18:00,0,23.00,0,90.7600,9.0700,7.8000,2.2200,1,ACTIVE,7,4,4
581,8546,16:18:30,0,15.00,0,68.7600,8.8800,5.5100,0.7850,1,ACTIVE,7,4,4
581,8547,16:19:00,0,0.00,0,83.2200,8.3200,7.3100,0.7680,0,ACTIVE,7,4,4
581,8548,16:19:30,0,9.00,0,112.7800,7.8000,10.3000,4.6400,0,ACTIVE,7,4,4
581,8549,16:20:00,0,6.00,0,88.3500,9.2700,7.6300,0.9540,0,ACTIVE,7,4,4
581,8550,16:20:30,0,0.00,0,85.4300,7.9700,7.6300,0.9130,0,ACTIVE,7,4,4
581,8551,16:21:00,0,25.00,0,85.3200,8.3200,7.3100,2.7000,1,ACTIVE,7,4,4
581,8552,16:21:30,0,33.00,0,66.3200,7.8000,5.5100,0.7350,1,ACTIVE,7,4,4
581,8553,16:22:00,0,9.00,0,85.4100,9.2700,7.3100,0.8560,0,ACTIVE,7,4,4
581,8554,16:22:30,0,8.00,0,94.5400,11.5000,7.6300,2.0800,0,ACTIVE,7,4,4
581,8555,16:23:00,0,0.00,0,89.9000,13.1000,6.8500,0.8750,0,ACTIVE,7,4,4
581,8556,16:23:30,0,12.00,0,88.0500,12.3000,6.8500,0.8560,1,ACTIVE,7,4,4
581,8557,16:24:00,0,35.00,0,107.7000,6.2800,10.1000,4.8400,1,ACTIVE,7,4,4
581,8558,16:24:30,0,20.00,0,124.7600,6.4200,12.0000,4.8400,1,ACTIVE,7,4,4
581,8559,16:25:00,0,0.00,0,124.8500,6.7000,12.0000,4.3400,1,ACTIVE,7,4,4
581,8560,16:25:30,0,103.00,0,116.7000,6.0100,11.3000,4.3400,1,ACTIVE,7,4,4
581,8561,16:26:00,0,61.00,0,90.8100,7.4700,7.9700,4.1600,1,ACTIVE,7,4,4
581,8562,16:26:30,0,59.00,0,87.7400,5.5100,8.1400,3.9000,1,ACTIVE,7,4,4
581,8563,16:27:00,0,114.00,0,102.2600,6.4200,9.6800,3.0100,1,ACTIVE,7,4,4
581,8564,16:27:30,0,133.00,0,74.8800,5.1700,6.8500,3.2100,1,ACTIVE,7,4,4
581,8565,16:28:00,0,36.00,0,32.7200,4.8400,2.4200,0.7510,1,ACTIVE,7,4,4
581,8566,16:28:30,0,27.00,0,82.2900,4.9500,7.8000,2.8200,1,ACTIVE,7,4,4
581,8567,16:29:00,0,73.00,0,70.9700,4.3400,6.7000,2.4700,1,ACTIVE,7,4,4
581,8568,16:29:30,0,93.00,0,77.7600,4.8400,7.3100,2.8200,1,ACTIVE,7,4,4
581,8569,16:30:00,0,66.00,0,75.9600,7.4700,6.5600,1.8700,1,ACTIVE,7,4,4
581,8570,16:30:30,0,96.00,0,77.5000,4.8400,7.3100,2.5800,1,ACTIVE,7,4,4
581,8571,16:31:00,0,49.00,0,74.7000,3.9800,7.1500,3.0100,1,ACTIVE,7,4,4
581,8572,16:31:30,0,63.00,0,70.3000,3.9000,6.7000,2.7600,1,ACTIVE,7,4,4
581,8573,16:32:00,0,110.00,0,70.1600,5.8800,6.2800,1.9900,1,ACTIVE,7,4,4
581,8574,16:32:30,0,66.00,0,54.4700,4.1600,4.9500,1.7900,1,ACTIVE,7,4,4
581,8575,16:33:00,0,93.00,0,87.7300,7.4700,7.8000,2.7000,1,ACTIVE,7,4,4
581,8576,16:33:30,0,103.00,0,68.3000,3.9000,6.5600,2.0800,1,ACTIVE,7,4,4
581,8577,16:34:00,0,151.00,0,62.3800,5.0600,5.6300,1.7100,1,ACTIVE,7,4,4
581,8578,16:34:30,0,193.00,0,19.6400,3.9000,1.2400,0.1800,1,ACTIVE,7,4,4
581,8579,16:35:00,0,137.00,0,10.1800,1.1100,0.8370,0.3600,1,ACTIVE,7,4,4
581,8580,16:35:30,0,63.00,0,46.9200,2.8800,4.4400,1.5400,1,ACTIVE,7,4,4
581,8581,16:36:00,0,36.00,0,53.9600,3.5700,5.0600,1.6400,1,ACTIVE,7,4,4
581,8582,16:36:30,0,49.00,0,51.7900,3.4200,4.8400,1.6700,1,ACTIVE,7,4,4
581,8583,16:37:00,0,73.00,0,45.8600,5.2800,3.7300,1.3800,1,ACTIVE,7,4,4
581,8584,16:37:30,0,56.00,0,66.7700,10.3000,4.8400,1.4100,1,ACTIVE,7,4,4
581,8585,16:38:00,0,63.00,0,69.8600,9.4700,5.3900,1.5400,1,ACTIVE,7,4,4
581,8586,16:38:30,0,0.00,0,70.2200,9.6800,5.3900,1.4400,1,ACTIVE,7,4,4
581,8587,16:39:00,0,75.00,0,51.9600,6.4200,4.1600,1.2400,1,ACTIVE,7,4,4
581,8588,16:39:30,0,6.00,0,54.6100,4.4400,4.9500,1.3500,0,ACTIVE,7,4,4
581,8589,16:40:00,0,31.00,0,50.2300,4.4400,4.4400,1.4100,1,ACTIVE,7,4,4
581,8590,16:40:30,0,0.00,0,44.2300,2.4700,4.2500,1.4100,0,ACTIVE,7,4,4
581,8591,16:41:00,0,0.00,0,49.2500,2.8200,4.7400,1.4100,0,ACTIVE,7,4,4
581,8592,16:41:30,0,27.00,0,37.7800,3.3500,3.3500,0.9540,1,ACTIVE,7,4,4
581,8593,16:42:00,0,0.00,0,27.1400,4.2500,1.9900,0.2720,1,ACTIVE,7,4,4
581,8594,16:42:30,0,157.00,0,36.5400,3.3500,3.2100,0.9540,1,ACTIVE,7,4,4
581,8595,16:43:00,0,18.00,0,44.1400,2.8800,4.1600,1.2400,1,ACTIVE,7,4,4
581,8596,16:43:30,0,79.00,0,40.2000,2.4700,3.8100,1.2100,1,ACTIVE,7,4,4
581,8597,16:44:00,0,32.00,0,35.4800,4.2500,2.8800,0.8020,1,ACTIVE,7,4,4
581,8598,16:44:30,0,31.00,0,34.9700,3.2100,3.0700,0.8940,1,ACTIVE,7,4,4
581,8599,16:45:00,0,35.00,0,35.2100,4.3400,2.8200,0.8560,1,ACTIVE,7,4,4
581,8600,16:45:30,0,93.00,0,30.1400,3.2100,2.5300,0.8370,1,ACTIVE,7,4,4
581,8601,16:46:00,0,42.00,0,29.9400,2.2200,2.7600,0.8200,1,ACTIVE,7,4,4
581,8602,16:46:30,0,93.00,0,31.5900,3.2100,2.7000,0.8020,1,ACTIVE,7,4,4
581,8603,16:47:00,0,59.00,0,25.7400,1.8700,2.3700,0.8020,1,ACTIVE,7,4,4
581,8604,16:47:30,0,68.00,0,30.8500,2.8200,2.7000,0.9130,1,ACTIVE,7,4,4
581,8605,16:48:00,0,12.00,0,12.2500,1.3800,0.9960,0.4370,1,ACTIVE,7,4,4
581,8606,16:48:30,0,0.00,0,8.2200,0.7850,0.7040,0.2960,1,ACTIVE,7,4,4
581,8607,16:49:00,0,47.00,0,10.0300,1.0400,0.8370,0.3600,1,ACTIVE,7,4,4
581,8608,16:49:30,0,25.00,0,26.0400,3.0100,2.1300,0.7200,1,ACTIVE,7,4,4
581,8609,16:50:00,0,59.00,0,12.6300,1.3800,1.0400,0.4370,1,ACTIVE,7,4,4
581,8610,16:50:30,0,35.00,0,34.2800,5.5100,2.4200,0.8200,1,ACTIVE,7,4,4
581,8611,16:51:00,0,19.00,0,43.1000,5.7600,3.3500,0.9540,1,ACTIVE,7,4,4
581,8612,16:51:30,0,70.00,0,41.3100,4.9500,3.3500,0.9540,1,ACTIVE,7,4,4
581,8613,16:52:00,0,52.00,0,27.6700,2.1300,2.5300,0.7680,1,ACTIVE,7,4,4
581,8614,16:52:30,0,79.00,0,18.9800,2.1300,1.5700,0.4870,1,ACTIVE,7,4,4
581,8615,16:53:00,0,54.00,0,34.8200,3.1400,3.0700,0.8940,1,ACTIVE,7,4,4
581,8616,16:53:30,0,47.00,0,31.9600,2.1300,3.0100,0.8560,1,ACTIVE,7,4,4
581,8617,16:54:00,0,68.00,0,38.8600,3.8100,3.3500,0.9960,1,ACTIVE,7,4,4
581,8618,16:54:30,0,66.00,0,35.8800,3.9000,3.0100,0.8560,1,ACTIVE,7,4,4
581,8619,16:55:00,0,79.00,0,30.4900,1.9900,2.8800,0.8020,1,ACTIVE,7,4,4
581,8620,16:55:30,0,89.00,0,30.1400,3.0100,2.5800,0.8020,1,ACTIVE,7,4,4
581,8621,16:56:00,0,96.00,0,27.3700,4.1600,1.9900,0.6740,1,ACTIVE,7,4,4
581,8622,16:56:30,0,61.00,0,12.6000,1.0600,1.1100,0.4870,1,ACTIVE,7,4,4
581,8623,16:57:00,0,52.00,0,14.4800,2.0800,1.0900,0.3450,1,ACTIVE,7,4,4
581,8624,16:57:30,0,82.00,0,27.9600,3.7300,2.1700,0.6320,1,ACTIVE,7,4,4
581,8625,16:58:00,0,8.00,0,17.3000,3.3500,1.1100,0.1610,1,ACTIVE,7,4,4
581,8626,16:58:30,0,1.00,0,28.9300,2.4700,2.5800,0.7680,0,ACTIVE,7,4,4
581,8627,16:59:00,0,11.00,0,22.0300,2.4700,1.8300,0.5200,1,ACTIVE,7,4,4
581,8628,16:59:30,0,0.00,0,13.2600,2.7000,0.8200,0.1140,0,ACTIVE,7,4,4
581,8629,17:00:00,0,100.00,0,29.8200,3.9800,2.3200,0.6600,1,ACTIVE,7,4,4
581,8630,17:00:30,0,8.00,0,21.2500,4.8400,1.1800,0.1650,1,ACTIVE,7,4,4
581,8631,17:01:00,0,25.00,0,11.4000,1.7100,0.8370,0.2600,1,ACTIVE,7,4,4
581,8632,17:01:30,0,4.00,0,17.0800,1.7900,1.4400,0.4770,1,ACTIVE,7,4,4
581,8633,17:02:00,0,16.00,0,9.9900,0.9130,0.8750,0.2840,1,ACTIVE,7,4,4
581,8634,17:02:30,0,89.00,0,26.2300,3.6500,2.0400,0.3030,1,ACTIVE,7,4,4
581,8635,17:03:00,0,32.00,0,21.0800,1.5000,1.9500,0.6320,1,ACTIVE,7,4,4
581,8636,17:03:30,0,151.00,0,11.1000,0.9130,0.9960,0.3300,1,ACTIVE,7,4,4
581,8637,17:04:00,0,350.00,0,12.6400,1.9100,0.9130,0.3920,1,ACTIVE,7,4,4
581,8638,17:04:30,0,269.00,0,5.0600,1.2900,0.2440,0.0694,1,ACTIVE,7,4,4
581,8639,17:05:00,0,350.00,0,6.0400,1.0900,0.4010,0.1170,1,ACTIVE,7,4,4
581,8640,17:05:30,0,338.00,0,3.2800,0.6180,0.2090,0.0694,1,ACTIVE,7,4,4
581,8641,17:06:00,0,221.00,0,4.5800,1.5000,0.1390,0.0412,1,ACTIVE,7,4,4
581,8642,17:06:30,0,244.00,0,0.3100,0.1420,0.0000,0.0000,1,ACTIVE,7,4,4
581,8643,17:07:00,0,142.00,0,0.2500,0.1120,0.0000,0.0000,1,ACTIVE,7,4,4
581,8644,17:07:30,0,114.00,0,0.2500,0.1120,0.0000,0.0000,1,ACTIVE,7,4,4
581,8645,17:08:00,0,157.00,0,0.2900,0.1300,0.0000,0.0000,1,ACTIVE,7,4,4
581,8646,17:08:30,0,133.00,0,4.5800,1.2600,0.2000,0.0279,1,ACTIVE,7,4,4
581,8647,17:09:00,0,54.00,0,14.7400,3.5700,0.7680,0.1020,1,ACTIVE,7,4,4
581,8648,17:09:30,0,187.00,0,22.1000,7.0000,0.7350,0.1800,1,ACTIVE,7,4,4
581,8649,17:10:00,0,20.00,0,5.7300,0.9130,0.4190,0.0412,1,ACTIVE,7,4,4
581,8650,17:10:30,0,142.00,0,5.7800,0.9330,0.4190,0.0460,1,ACTIVE,7,4,4
581,8651,17:11:00,0,147.00,0,1.5200,0.4870,0.0501,0.0046,1,ACTIVE,7,4,4
581,8652,17:11:30,0,175.00,0,0.7600,0.3450,0.0000,0.0000,1,ACTIVE,7,4,4
581,8653,17:12:00,0,103.00,0,6.1200,1.6000,0.2900,0.0347,1,ACTIVE,7,4,4
581,8654,17:12:30,0,0.00,0,4.3900,1.1800,0.2000,0.0162,1,ACTIVE,7,4,4
581,8655,17:13:00,0,59.00,0,2.6600,0.8020,0.1000,0.0115,1,ACTIVE,7,4,4
581,8656,17:13:30,0,151.00,0,5.3900,1.7100,0.1760,0.0583,1,ACTIVE,7,4,4
581,8657,17:14:00,0,75.00,0,1.9300,0.5670,0.0756,0.0115,1,ACTIVE,7,4,4
581,8658,17:14:30,0,96.00,0,2.0200,0.6320,0.0694,0.0117,1,ACTIVE,7,4,4
581,8659,17:15:00,0,96.00,0,5.4100,1.6400,0.2000,0.0279,1,ACTIVE,7,4,4
581,8660,17:15:30,0,0.00,0,2.7000,0.7200,0.1240,0.0162,1,ACTIVE,7,4,4
581,8661,17:16:00,0,0.00,0,2.7700,0.7510,0.1240,0.0162,1,ACTIVE,7,4,4
581,8662,17:16:30,0,38.00,0,2.9200,0.8200,0.1240,0.0162,1,ACTIVE,7,4,4
581,8663,17:17:00,0,52.00,0,2.2900,0.6320,0.1000,0.0115,1,ACTIVE,7,4,4
581,8664,17:17:30,0,75.00,0,2.0400,0.6180,0.0756,0.0115,1,ACTIVE,7,4,4
581,8665,17:18:00,0,86.00,0,22.2100,2.8800,1.7500,0.4870,1,ACTIVE,7,4,4
581,8666,17:18:30,0,0.00,0,39.1500,5.6300,2.9400,0.8560,1,ACTIVE,7,4,4
581,8667,17:19:00,0,22.00,0,38.2100,4.9500,3.0100,0.8750,1,ACTIVE,7,4,4
581,8668,17:19:30,0,0.00,0,0.2400,0.1070,0.0000,0.0000,0,ACTIVE,7,4,4
581,8669,17:20:00,0,31.00,0,0.2400,0.1070,0.0000,0.0000,1,ACTIVE,7,4,4
581,8670,17:20:30,0,4.00,0,0.2500,0.1120,0.0000,0.0000,1,ACTIVE,7,4,4
581,8671,17:21:00,0,169.00,0,5.3900,1.7100,0.1760,0.0583,1,ACTIVE,7,4,4
581,8672,17:21:30,0,26.00,0,1.3700,0.4190,0.0501,0.0046,1,ACTIVE,7,4,4
581,8673,17:22:00,0,142.00,0,4.3900,1.3800,0.1510,0.0162,1,ACTIVE,7,4,4
581,8674,17:22:30,0,107.00,0,0.2400,0.1070,0.0000,0.0000,1,ACTIVE,7,4,4
581,8675,17:23:00,0,6.00,0,0.2400,0.1070,0.0000,0.0000,1,ACTIVE,7,4,4
581,8676,17:23:30,0,163.00,0,1.2400,0.3600,0.0501,0.0046,1,ACTIVE,7,4,4
581,8677,17:24:00,0,107.00,0,6.8800,1.9500,0.2900,0.0279,1,ACTIVE,7,4,4
581,8678,17:24:30,0,110.00,0,4.6700,1.4100,0.1760,0.0115,1,ACTIVE,7,4,4
581,8679,17:25:00,0,73.00,0,3.7100,0.9750,0.1760,0.0162,1,ACTIVE,7,4,4
581,8680,17:25:30,0,93.00,0,7.9400,1.0400,0.6180,0.2090,1,ACTIVE,7,4,4
581,8681,17:26:00,0,96.00,0,17.6200,3.5000,1.1100,0.1550,1,ACTIVE,7,4,4
581,8682,17:26:30,0,52.00,0,20.4300,2.2200,1.7100,0.4870,1,ACTIVE,7,4,4
581,8683,17:27:00,0,79.00,0,21.1200,3.5700,1.5000,0.0460,1,ACTIVE,7,4,4
581,8684,17:27:30,0,110.00,0,2.4500,0.7040,0.1000,0.0162,1,ACTIVE,7,4,4
581,8685,17:28:00,0,110.00,0,12.5000,1.9100,0.9130,0.2600,1,ACTIVE,7,4,4
581,8686,17:28:30,0,89.00,0,20.9600,3.5700,1.4400,0.4190,1,ACTIVE,7,4,4
581,8687,17:29:00,0,59.00,0,11.8100,1.9100,0.8370,0.2380,1,ACTIVE,7,4,4
581,8688,17:29:30,0,15.00,0,16.9500,2.4700,1.2600,0.3760,1,ACTIVE,7,4,4
581,8689,17:30:00,0,29.00,0,17.1400,4.1600,0.8750,0.2660,1,ACTIVE,7,4,4
581,8690,17:30:30,0,5.00,0,237.4500,37.1000,17.0000,6.0100,0,ACTIVE,7,4,4
581,8691,17:31:00,0,2.00,0,107.3400,18.5000,7.3100,2.1700,0,ACTIVE,7,4,4
581,8692,17:31:30,0,0.00,0,125.3600,24.6000,7.9700,1.1600,0,ACTIVE,7,4,4
581,8693,17:32:00,0,0.00,0,80.2300,14.6000,5.3900,0.6320,0,ACTIVE,7,4,4
581,8694,17:32:30,0,0.00,0,145.0300,22.1000,10.6000,3.5000,0,ACTIVE,7,4,4
581,8695,17:33:00,0,4.00,0,126.1600,18.9000,9.2700,2.8200,0,ACTIVE,7,4,4
581,8696,17:33:30,0,63.00,0,51.9200,8.5000,3.6500,1.0400,1,ACTIVE,7,4,4
581,8697,17:34:00,0,0.00,0,17.8200,2.8800,1.2600,0.3600,1,ACTIVE,7,4,4
581,8698,17:34:30,0,56.00,0,13.9500,2.2200,0.9960,0.2960,1,ACTIVE,7,4,4
581,8699,17:35:00,0,175.00,0,2.1600,0.6740,0.0756,0.0046,1,ACTIVE,7,4,4
581,8700,17:35:30,0,157.00,0,2.0100,0.6050,0.0756,0.0046,1,ACTIVE,7,4,4
581,8701,17:36:00,0,221.00,0,38.5600,8.3200,2.2700,0.2770,1,ACTIVE,7,4,4
581,8702,17:36:30,0,350.00,0,15.8600,4.3400,0.7040,0.0825,1,ACTIVE,7,4,4
581,8703,17:37:00,0,328.00,0,24.5300,3.6500,1.7500,1.0400,1,ACTIVE,7,4,4
581,8704,17:37:30,0,89.00,0,6.0100,1.9900,0.1760,0.0583,1,ACTIVE,7,4,4
581,8705,17:38:00,0,82.00,0,8.1800,1.0200,0.6460,0.2490,1,ACTIVE,7,4,4
581,8706,17:38:30,0,193.00,0,2.0900,0.6460,0.0756,0.0046,1,ACTIVE,7,4,4
581,8707,17:39:00,0,89.00,0,2.1300,0.6600,0.0756,0.0046,1,ACTIVE,7,4,4
581,8708,17:39:30,0,221.00,0,2.6900,0.8200,0.1000,0.0046,1,ACTIVE,7,4,4
581,8709,17:40:00,0,236.00,0,2.9900,0.8560,0.1240,0.0115,1,ACTIVE,7,4,4
581,8710,17:40:30,0,200.00,0,3.5000,0.9750,0.1510,0.0162,1,ACTIVE,7,4,4
581,8711,17:41:00,0,169.00,0,2.2800,0.7510,0.0694,0.0117,1,ACTIVE,7,4,4
581,8712,17:41:30,0,214.00,0,2.2100,0.7200,0.0694,0.0117,1,ACTIVE,7,4,4
581,8713,17:42:00,0,200.00,0,2.0900,0.6460,0.0756,0.0046,1,ACTIVE,7,4,4
581,8714,17:42:30,0,137.00,0,1.9800,0.5920,0.0756,0.0046,1,ACTIVE,7,4,4
581,8715,17:43:00,0,147.00,0,1.6400,0.5430,0.0501,0.0046,1,ACTIVE,7,4,4
581,8716,17:43:30,0,187.00,0,1.5400,0.5550,0.0347,0.0117,1,ACTIVE,7,4,4
581,8717,17:44:00,0,157.00,0,6.7800,2.2200,0.2090,0.0412,1,ACTIVE,7,4,4
581,8718,17:44:30,0,236.00,0,5.7900,1.9100,0.1760,0.0292,1,ACTIVE,7,4,4
581,8719,17:45:00,0,221.00,0,2.0600,0.6320,0.0756,0.0046,1,ACTIVE,7,4,4
581,8720,17:45:30,0,163.00,0,1.4100,0.4370,0.0501,0.0046,1,ACTIVE,7,4,4
581,8721,17:46:00,0,200.00,0,2.1000,0.6460,0.0756,0.0115,1,ACTIVE,7,4,4
581,8722,17:46:30,0,221.00,0,7.1200,2.2200,0.2440,0.0694,1,ACTIVE,7,4,4
581,8723,17:47:00,0,207.00,0,17.0500,2.7600,1.2100,0.3300,1,ACTIVE,7,4,4
581,8724,17:47:30,0,1.00,0,21.9500,5.1700,1.1800,0.1480,1,ACTIVE,7,4,4
581,8725,17:48:00,0,123.00,0,16.6100,2.9400,1.1300,0.1650,1,ACTIVE,7,4,4
581,8726,17:48:30,0,137.00,0,1.9500,0.5790,0.0756,0.0046,1,ACTIVE,7,4,4
581,8727,17:49:00,0,373.00,0,1.6300,0.4370,0.0756,0.0046,1,ACTIVE,7,4,4
581,8728,17:49:30,0,119.00,0,1.1100,0.3030,0.0501,0.0046,1,ACTIVE,7,4,4
581,8729,17:50:00,0,261.00,0,3.0400,0.8750,0.1240,0.0115,1,ACTIVE,7,4,4
581,8730,17:50:30,0,52.00,0,9.5600,2.5800,0.4370,0.0230,1,ACTIVE,7,4,4
581,8731,17:51:00,0,12.00,0,6.4100,1.9100,0.2490,0.0162,1,ACTIVE,7,4,4
581,8732,17:51:30,0,93.00,0,9.1500,2.4700,0.4190,0.0162,1,ACTIVE,7,4,4
581,8733,17:52:00,0,181.00,0,19.0300,3.9800,1.1600,0.0694,1,ACTIVE,7,4,4
581,8734,17:52:30,0,56.00,0,2.8100,0.6600,0.1510,0.0230,1,ACTIVE,7,4,4
581,8735,17:53:00,0,73.00,0,1.3900,0.4280,0.0501,0.0046,1,ACTIVE,7,4,4
581,8736,17:53:30,0,137.00,0,1.2400,0.3600,0.0501,0.0046,1,ACTIVE,7,4,4
581,8737,17:54:00,0,16.00,0,15.0700,2.6400,1.0200,0.2960,1,ACTIVE,7,4,4
581,8738,17:54:30,0,0.00,0,17.3900,3.0100,1.1800,0.3450,1,ACTIVE,7,4,4
581,8739,17:55:00,0,0.00,0,17.6300,3.0100,1.2100,0.3520,0,ACTIVE,7,4,4
581,8740,17:55:30,0,1.00,0,18.2700,3.0700,1.2600,0.3760,1,ACTIVE,7,4,4
581,8741,17:56:00,0,42.00,0,17.7600,3.0700,1.2100,0.3450,1,ACTIVE,7,4,4
581,8742,17:56:30,0,75.00,0,4.3000,1.2400,0.1760,0.0230,1,ACTIVE,7,4,4
581,8743,17:57:00,0,133.00,0,2.1300,0.6600,0.0756,0.0046,1,ACTIVE,7,4,4
581,8744,17:57:30,0,157.00,0,2.1700,0.6740,0.0756,0.0115,1,ACTIVE,7,4,4
581,8745,17:58:00,0,288.00,0,2.0200,0.6320,0.0694,0.0117,1,ACTIVE,7,4,4
581,8746,17:58:30,0,147.00,0,24.5700,8.5000,0.6460,0.1170,1,ACTIVE,7,4,4
581,8747,17:59:00,0,119.00,0,23.4000,6.8500,0.9330,0.0825,1,ACTIVE,7,4,4
581,8748,17:59:30,0,79.00,0,5.1000,1.4100,0.2230,0.0279,1,ACTIVE,7,4,4
581,8749,18:00:00,0,59.00,0,3.6700,0.9540,0.1760,0.0230,1,ACTIVE,7,4,4
581,8750,18:00:30,0,187.00,0,11.4500,3.4200,0.4370,0.0535,1,ACTIVE,7,4,4
581,8751,18:01:00,0,68.00,0,4.4400,1.1100,0.2230,0.0279,1,ACTIVE,7,4,4
581,8752,18:01:30,0,103.00,0,5.9900,1.4400,0.3160,0.0395,1,ACTIVE,7,4,4
581,8753,18:02:00,0,169.00,0,18.6200,5.8800,0.6320,0.0773,1,ACTIVE,7,4,4
581,8754,18:02:30,0,100.00,0,5.8300,1.6400,0.2490,0.0279,1,ACTIVE,7,4,4
581,8755,18:03:00,0,52.00,0,1.9600,0.5790,0.0756,0.0115,1,ACTIVE,7,4,4
581,8756,18:03:30,0,103.00,0,9.1300,2.5800,0.3840,0.0535,1,ACTIVE,7,4,4
581,8757,18:04:00,0,54.00,0,6.7500,1.6000,0.3600,0.0535,1,ACTIVE,7,4,4
581,8758,18:04:30,0,38.00,0,5.2500,1.2100,0.2900,0.0347,1,ACTIVE,7,4,4
581,8759,18:05:00,0,181.00,0,3.5900,0.9130,0.1760,0.0230,1,ACTIVE,7,4,4
581,8760,18:05:30,0,181.00,0,7.1400,1.7900,0.3600,0.0395,1,ACTIVE,7,4,4
581,8761,18:06:00,0,175.00,0,8.0200,1.8700,0.4370,0.0571,1,ACTIVE,7,4,4
581,8762,18:06:30,0,128.00,0,4.5800,1.2600,0.2000,0.0279,1,ACTIVE,7,4,4
581,8763,18:07:00,0,96.00,0,2.1700,0.5790,0.1000,0.0115,1,ACTIVE,7,4,4
581,8764,18:07:30,0,236.00,0,2.8000,0.6600,0.1510,0.0162,1,ACTIVE,7,4,4
581,8765,18:08:00,0,114.00,0,2.0500,0.6460,0.0694,0.0117,1,ACTIVE,7,4,4
581,8766,18:08:30,0,157.00,0,2.6200,0.7850,0.1000,0.0115,1,ACTIVE,7,4,4
581,8767,18:09:00,0,123.00,0,10.9600,2.3200,0.6600,0.0535,1,ACTIVE,7,4,4
581,8768,18:09:30,0,103.00,0,2.1700,0.5790,0.1000,0.0115,1,ACTIVE,7,4,4
581,8769,18:10:00,0,133.00,0,14.1800,4.6400,0.4370,0.0981,1,ACTIVE,7,4,4
581,8770,18:10:30,0,110.00,0,5.4500,0.9750,0.3520,0.1920,1,ACTIVE,7,4,4
581,8771,18:11:00,0,35.00,0,2.0600,0.5310,0.1000,0.0115,1,ACTIVE,7,4,4
581,8772,18:11:30,0,119.00,0,2.0600,0.6320,0.0756,0.0046,1,ACTIVE,7,4,4
581,8773,18:12:00,0,175.00,0,1.9800,0.5920,0.0756,0.0115,1,ACTIVE,7,4,4
581,8774,18:12:30,0,200.00,0,3.0400,0.8750,0.1240,0.0115,1,ACTIVE,7,4,4
581,8775,18:13:00,0,100.00,0,6.3800,1.5400,0.3370,0.0279,1,ACTIVE,7,4,4
581,8776,18:13:30,0,119.00,0,12.8300,2.3700,0.8370,0.2380,1,ACTIVE,7,4,4
581,8777,18:14:00,0,56.00,0,18.1800,6.1400,0.5090,0.1330,1,ACTIVE,7,4,4
581,8778,18:14:30,0,63.00,0,2.7400,0.8370,0.1000,0.0115,1,ACTIVE,7,4,4
581,8779,18:15:00,0,147.00,0,1.7900,0.5200,0.0694,0.0292,1,ACTIVE,7,4,4
581,8780,18:15:30,0,151.00,0,6.7600,1.7100,0.3370,0.0230,1,ACTIVE,7,4,4
581,8781,18:16:00,0,157.00,0,7.2200,1.8300,0.3600,0.0279,1,ACTIVE,7,4,4
581,8782,18:16:30,0,86.00,0,9.1600,2.8800,0.3160,0.0292,1,ACTIVE,7,4,4
581,8783,18:17:00,0,119.00,0,15.3900,4.1600,0.7040,0.0230,1,ACTIVE,7,4,4
581,8784,18:17:30,0,96.00,0,5.3800,1.5400,0.2230,0.0279,1,ACTIVE,7,4,4
581,8785,18:18:00,0,207.00,0,6.3600,1.6000,0.3160,0.0460,1,ACTIVE,7,4,4
581,8786,18:18:30,0,151.00,0,8.2100,2.2700,0.3600,0.0460,1,ACTIVE,7,4,4
581,8787,18:19:00,0,181.00,0,3.2100,0.9540,0.1240,0.0115,1,ACTIVE,7,4,4
581,8788,18:19:30,0,278.00,0,13.7400,3.5700,0.6600,0.0571,1,ACTIVE,7,4,4
581,8789,18:20:00,0,181.00,0,13.0300,2.2200,0.9130,0.1190,1,ACTIVE,7,4,4
581,8790,18:20:30,0,107.00,0,1.6200,0.4280,0.0756,0.0115,1,ACTIVE,7,4,4
581,8791,18:21:00,0,157.00,0,0.8100,0.2660,0.0251,0.0000,1,ACTIVE,7,4,4
581,8792,18:21:30,0,252.00,0,0.7600,0.2000,0.0347,0.0117,1,ACTIVE,7,4,4
581,8793,18:22:00,0,317.00,0,3.0400,0.7680,0.1510,0.0162,1,ACTIVE,7,4,4
581,8794,18:22:30,0,193.00,0,3.7100,0.9750,0.1760,0.0162,1,ACTIVE,7,4,4
581,8795,18:23:00,0,338.00,0,3.2300,1.0600,0.1000,0.0046,1,ACTIVE,7,4,4
581,8796,18:23:30,0,137.00,0,34.6100,5.2800,2.5300,0.7350,1,ACTIVE,7,4,4
581,8797,18:24:00,0,86.00,0,20.5800,4.5400,1.1800,0.1610,1,ACTIVE,7,4,4
581,8798,18:24:30,0,244.00,0,30.5000,5.2800,2.0800,0.5670,1,ACTIVE,7,4,4
581,8799,18:25:00,0,93.00,0,5.0000,1.2600,0.2490,0.0279,1,ACTIVE,7,4,4
581,8800,18:25:30,0,19.00,0,12.4000,1.6000,0.9750,0.2960,1,ACTIVE,7,4,4
581,8801,18:26:00,0,107.00,0,4.5200,1.2400,0.2000,0.0279,1,ACTIVE,7,4,4
581,8802,18:26:30,0,63.00,0,3.4900,0.9750,0.1510,0.0115,1,ACTIVE,7,4,4
581,8803,18:27:00,0,38.00,0,7.3800,2.0800,0.3160,0.0162,1,ACTIVE,7,4,4
581,8804,18:27:30,0,14.00,0,11.2200,3.0100,0.5200,0.0162,1,ACTIVE,7,4,4
581,8805,18:28:00,0,2.00,0,7.7900,2.3700,0.2900,0.0162,1,ACTIVE,7,4,4
581,8806,18:28:30,0,5.00,0,5.6800,1.6700,0.2230,0.0162,1,ACTIVE,7,4,4
581,8807,18:29:00,0,142.00,0,8.3000,2.0800,0.4190,0.0347,1,ACTIVE,7,4,4
581,8808,18:29:30,0,110.00,0,12.3600,2.7600,0.7040,0.0880,1,ACTIVE,7,4,4
581,8809,18:30:00,0,63.00,0,10.6100,2.4700,0.5790,0.0650,1,ACTIVE,7,4,4
581,8810,18:30:30,0,0.00,0,0.3600,0.1650,0.0000,0.0000,1,ACTIVE,7,4,4
581,8811,18:31:00,0,89.00,0,8.9000,2.7600,0.3160,0.0395,1,ACTIVE,7,4,4
581,8812,18:31:30,0,297.00,0,72.7300,15.3000,4.4400,0.1120,1,ACTIVE,7,4,4
581,8813,18:32:00,0,123.00,0,19.1500,3.5700,1.2600,0.1650,1,ACTIVE,7,4,4
581,8814,18:32:30,0,40.00,0,5.1400,1.1600,0.2900,0.0347,1,ACTIVE,7,4,4
581,8815,18:33:00,0,79.00,0,4.1000,0.9540,0.2230,0.0279,1,ACTIVE,7,4,4
581,8816,18:33:30,0,26.00,0,76.7100,14.0000,5.0600,1.3800,1,ACTIVE,7,4,4
581,8817,18:34:00,0,96.00,0,8.0300,1.9500,0.4190,0.0535,1,ACTIVE,7,4,4
581,8818,18:34:30,0,4.00,0,2.5500,0.7510,0.1000,0.0115,1,ACTIVE,7,4,4
581,8819,18:35:00,0,123.00,0,8.5200,2.4200,0.3600,0.0162,1,ACTIVE,7,4,4
581,8820,18:35:30,0,79.00,0,5.1100,1.6000,0.1760,0.0230,1,ACTIVE,7,4,4
581,8821,18:36:00,0,0.00,0,3.9200,1.0600,0.1760,0.0230,1,ACTIVE,7,4,4
581,8822,18:36:30,0,40.00,0,11.6500,3.6500,0.4010,0.0583,1,ACTIVE,7,4,4
581,8823,18:37:00,0,47.00,0,20.3000,2.8800,1.5400,0.4470,1,ACTIVE,7,4,4
581,8824,18:37:30,0,119.00,0,19.9200,4.5400,1.1100,0.1610,1,ACTIVE,7,4,4
581,8825,18:38:00,0,236.00,0,28.1800,6.1400,1.6400,0.2230,1,ACTIVE,7,4,4
581,8826,18:38:30,0,288.00,0,27.5200,4.6400,1.9100,0.5200,1,ACTIVE,7,4,4
581,8827,18:39:00,0,175.00,0,3.4200,0.8370,0.1760,0.0230,1,ACTIVE,7,4,4
581,8828,18:39:30,0,86.00,0,4.9800,0.8020,0.3520,0.1170,1,ACTIVE,7,4,4
581,8829,18:40:00,0,59.00,0,12.7400,2.3200,0.8560,0.1120,1,ACTIVE,7,4,4
581,8830,18:40:30,0,137.00,0,220.5600,23.5000,18.5000,5.6300,1,ACTIVE,7,4,4
581,8831,18:41:00,0,107.00,0,13.4900,3.0700,0.7510,0.1070,1,ACTIVE,7,4,4
581,8832,18:41:30,0,110.00,0,7.5300,2.4200,0.2440,0.0412,1,ACTIVE,7,4,4
581,8833,18:42:00,0,137.00,0,1.3700,0.4190,0.0501,0.0046,1,ACTIVE,7,4,4
581,8834,18:42:30,0,114.00,0,0.2400,0.1070,0.0000,0.0000,1,ACTIVE,7,4,4
581,8835,18:43:00,0,114.00,0,21.4700,4.1600,1.3800,0.1920,1,ACTIVE,7,4,4
581,8836,18:43:30,0,207.00,0,20.5500,4.5400,1.1800,0.1420,1,ACTIVE,7,4,4
581,8837,18:44:00,0,175.00,0,6.5800,2.0800,0.2230,0.0279,1,ACTIVE,7,4,4
581,8838,18:44:30,0,236.00,0,2.4500,0.7040,0.1000,0.0115,1,ACTIVE,7,4,4
581,8839,18:45:00,0,8.00,0,8.8300,2.3200,0.4190,0.0347,1,ACTIVE,7,4,4
581,8840,18:45:30,0,73.00,0,7.5000,1.6400,0.4370,0.0460,1,ACTIVE,7,4,4
581,8841,18:46:00,0,16.00,0,10.3600,2.9400,0.4370,0.0230,1,ACTIVE,7,4,4
581,8842,18:46:30,0,56.00,0,7.9100,2.5800,0.2490,0.0162,1,ACTIVE,7,4,4
581,8843,18:47:00,0,261.00,0,0.7300,0.1880,0.0347,0.0117,1,ACTIVE,7,4,4
581,8844,18:47:30,0,147.00,0,2.3300,0.7510,0.0756,0.0046,1,ACTIVE,7,4,4
581,8845,18:48:00,0,269.00,0,19.5700,3.2100,1.3800,0.3760,1,ACTIVE,7,4,4
581,8846,18:48:30,0,75.00,0,6.5900,1.7100,0.3160,0.0347,1,ACTIVE,7,4,4
581,8847,18:49:00,0,181.00,0,6.2700,1.6700,0.2900,0.0279,1,ACTIVE,7,4,4
581,8848,18:49:30,0,147.00,0,4.2900,1.1300,0.2000,0.0230,1,ACTIVE,7,4,4
581,8849,18:50:00,0,157.00,0,28.2800,8.8800,0.9540,0.2770,1,ACTIVE,7,4,4
581,8850,18:50:30,0,137.00,0,4.0800,1.2400,0.1510,0.0230,1,ACTIVE,7,4,4
581,8851,18:51:00,0,181.00,0,8.7900,2.2200,0.4370,0.0535,1,ACTIVE,7,4,4
581,8852,18:51:30,0,187.00,0,3.4500,0.9540,0.1510,0.0162,1,ACTIVE,7,4,4
581,8853,18:52:00,0,114.00,0,3.5400,0.9960,0.1510,0.0115,1,ACTIVE,7,4,4
581,8854,18:52:30,0,66.00,0,10.1100,2.2700,0.5790,0.0162,1,ACTIVE,7,4,4
581,8855,18:53:00,0,207.00,0,3.9200,0.9750,0.2000,0.0115,1,ACTIVE,7,4,4
581,8856,18:53:30,0,181.00,0,6.2100,1.9500,0.2090,0.0583,1,ACTIVE,7,4,4
581,8857,18:54:00,0,163.00,0,1.1200,0.3680,0.0347,0.0000,1,ACTIVE,7,4,4
581,8858,18:54:30,0,31.00,0,0.2400,0.1070,0.0000,0.0000,1,ACTIVE,7,4,4
581,8859,18:55:00,0,54.00,0,0.2400,0.1070,0.0000,0.0000,1,ACTIVE,7,4,4
581,8860,18:55:30,0,228.00,0,16.0600,3.3500,0.9540,0.2770,1,ACTIVE,7,4,4
581,8861,18:56:00,0,123.00,0,15.8900,3.8100,0.8370,0.1120,1,ACTIVE,7,4,4
581,8862,18:56:30,0,236.00,0,1.9200,0.5670,0.0756,0.0046,1,ACTIVE,7,4,4
581,8863,18:57:00,0,114.00,0,10.5700,3.6500,0.2770,0.0583,1,ACTIVE,7,4,4
581,8864,18:57:30,0,200.00,0,6.1100,1.6000,0.2900,0.0230,1,ACTIVE,7,4,4
581,8865,18:58:00,0,269.00,0,7.1900,2.2700,0.2440,0.0412,1,ACTIVE,7,4,4
581,8866,18:58:30,0,119.00,0,14.9600,3.1400,0.9130,0.0230,1,ACTIVE,7,4,4
581,8867,18:59:00,0,142.00,0,23.6400,5.1700,1.3500,0.3760,1,ACTIVE,7,4,4
581,8868,18:59:30,0,13.00,0,4.5900,1.0600,0.2440,0.0981,1,ACTIVE,7,4,4
581,8869,19:00:00,0,38.00,0,13.5300,1.3200,1.1600,0.4280,1,ACTIVE,7,4,4
581,8870,19:00:30,0,27.00,0,6.7800,1.4100,0.4010,0.1450,1,ACTIVE,7,4,4
581,8871,19:01:00,0,40.00,0,2.0800,0.6600,0.0694,0.0117,1,ACTIVE,7,4,4
581,8872,19:01:30,0,157.00,0,3.6700,1.3800,0.0694,0.0117,1,ACTIVE,7,4,4
581,8873,19:02:00,0,142.00,0,2.2600,0.6180,0.1000,0.0115,1,ACTIVE,7,4,4
581,8874,19:02:30,0,236.00,0,36.7600,5.7600,2.7000,0.3760,1,ACTIVE,7,4,4
581,8875,19:03:00,0,181.00,0,9.6200,2.4700,0.4670,0.0650,1,ACTIVE,7,4,4
581,8876,19:03:30,0,193.00,0,1.5900,0.5200,0.0501,0.0046,1,ACTIVE,7,4,4
581,8877,19:04:00,0,181.00,0,1.4100,0.4370,0.0501,0.0046,1,ACTIVE,7,4,4
581,8878,19:04:30,0,142.00,0,10.1900,3.3500,0.3160,0.0162,1,ACTIVE,7,4,4
581,8879,19:05:00,0,25.00,0,1.1000,0.2960,0.0501,0.0046,1,ACTIVE,7,4,4
581,8880,19:05:30,0,133.00,0,10.9000,3.6500,0.3160,0.0583,1,ACTIVE,7,4,4
581,8881,19:06:00,0,181.00,0,9.2000,2.8200,0.3370,0.0230,1,ACTIVE,7,4,4
581,8882,19:06:30,0,169.00,0,6.1800,2.0800,0.1760,0.0412,1,ACTIVE,7,4,4
581,8883,19:07:00,0,32.00,0,2.7400,0.8370,0.1000,0.0115,1,ACTIVE,7,4,4
581,8884,19:07:30,0,0.00,0,2.1300,0.6600,0.0756,0.0046,1,ACTIVE,7,4,4
581,8885,19:08:00,0,107.00,0,18.4300,5.0600,0.8200,0.0694,1,ACTIVE,7,4,4
581,8886,19:08:30,0,75.00,0,406.3800,86.3000,24.6000,0.3300,1,ACTIVE,7,4,4
581,8887,19:09:00,0,169.00,0,216.0300,37.1000,15.3000,0.3760,1,ACTIVE,7,4,4
581,8888,19:09:30,0,214.00,0,2.6200,0.7850,0.1000,0.0115,1,ACTIVE,7,4,4
581,8889,19:10:00,0,96.00,0,3.5400,0.9960,0.1510,0.0115,1,ACTIVE,7,4,4
581,8890,19:10:30,0,29.00,0,5.7600,1.7100,0.2230,0.0230,1,ACTIVE,7,4,4
581,8891,19:11:00,0,133.00,0,4.3900,1.3800,0.1510,0.0162,1,ACTIVE,7,4,4
581,8892,19:11:30,0,200.00,0,1.9500,0.5790,0.0756,0.0046,1,ACTIVE,7,4,4
581,8893,19:12:00,0,236.00,0,1.2700,0.4370,0.0347,0.0000,1,ACTIVE,7,4,4
581,8894,19:12:30,0,38.00,0,9.6900,2.4200,0.4870,0.0650,1,ACTIVE,7,4,4
581,8895,19:13:00,0,33.00,0,22.4300,4.9500,1.2900,0.1720,1,ACTIVE,7,4,4
581,8896,19:13:30,0,27.00,0,12.1600,2.4700,0.7510,0.1000,1,ACTIVE,7,4,4
581,8897,19:14:00,0,56.00,0,13.5100,2.5300,0.8750,0.2380,1,ACTIVE,7,4,4
581,8898,19:14:30,0,100.00,0,10.9200,0.9540,0.9540,0.4190,1,ACTIVE,7,4,4
581,8899,19:15:00,0,36.00,0,13.3600,1.5700,1.0900,0.3450,1,ACTIVE,7,4,4
581,8900,19:15:30,0,123.00,0,128.0000,18.9000,9.4700,2.8800,1,ACTIVE,7,4,4
581,8901,19:16:00,0,0.00,0,54.5800,9.6800,3.6500,1.0900,1,ACTIVE,7,4,4
581,8902,19:16:30,0,12.00,0,30.5400,5.2800,2.0800,0.6050,1,ACTIVE,7,4,4
581,8903,19:17:00,0,22.00,0,38.6100,6.1400,2.7600,0.8200,1,ACTIVE,7,4,4
581,8904,19:17:30,0,147.00,0,11.4300,2.5300,0.6600,0.0571,1,ACTIVE,7,4,4
581,8905,19:18:00,0,114.00,0,1.0300,0.3230,0.0347,0.0117,1,ACTIVE,7,4,4
581,8906,19:18:30,0,75.00,0,2.3500,0.6600,0.1000,0.0115,1,ACTIVE,7,4,4
581,8907,19:19:00,0,228.00,0,5.0700,1.2900,0.2490,0.0347,1,ACTIVE,7,4,4
581,8908,19:19:30,0,236.00,0,10.1300,2.6400,0.4870,0.0230,1,ACTIVE,7,4,4
581,8909,19:20:00,0,133.00,0,3.7900,1.1100,0.1510,0.0115,1,ACTIVE,7,4,4
581,8910,19:20:30,0,61.00,0,2.4100,0.7850,0.0756,0.0115,1,ACTIVE,7,4,4
581,8911,19:21:00,0,163.00,0,3.4500,0.9540,0.1510,0.0115,1,ACTIVE,7,4,4
581,8912,19:21:30,0,181.00,0,2.9500,0.8370,0.1240,0.0115,1,ACTIVE,7,4,4
581,8913,19:22:00,0,244.00,0,1.1700,0.3920,0.0347,0.0000,1,ACTIVE,7,4,4
581,8914,19:22:30,0,110.00,0,1.1000,0.3600,0.0347,0.0000,1,ACTIVE,7,4,4
581,8915,19:23:00,0,133.00,0,0.8000,0.2190,0.0347,0.0117,1,ACTIVE,7,4,4
581,8916,19:23:30,0,79.00,0,9.1300,1.2900,0.6890,0.2230,1,ACTIVE,7,4,4
581,8917,19:24:00,0,59.00,0,4.1900,0.9960,0.2230,0.0279,1,ACTIVE,7,4,4
581,8918,19:24:30,0,107.00,0,3.3700,0.3600,0.2770,0.1330,1,ACTIVE,7,4,4
581,8919,19:25:00,0,66.00,0,10.7900,2.2200,0.6460,0.2090,1,ACTIVE,7,4,4
581,8920,19:25:30,0,66.00,0,11.0600,1.4100,0.8750,0.2660,1,ACTIVE,7,4,4
581,8921,19:26:00,0,21.00,0,5.4100,0.8020,0.4010,0.1170,1,ACTIVE,7,4,4
581,8922,19:26:30,0,7.00,0,4.9200,0.5790,0.4010,0.1170,1,ACTIVE,7,4,4
581,8923,19:27:00,0,7.00,0,3.3000,0.5920,0.2230,0.0347,0,ACTIVE,7,4,4
581,8924,19:27:30,0,15.00,0,11.0700,1.7100,0.8020,0.2380,0,ACTIVE,7,4,4
581,8925,19:28:00,0,0.00,0,12.5300,2.2200,0.8370,0.2660,0,ACTIVE,7,4,4
581,8926,19:28:30,0,2.00,0,13.7700,2.4700,0.9130,0.2770,0,ACTIVE,7,4,4
581,8927,19:29:00,0,0.00,0,13.7900,2.4700,0.9130,0.2960,0,ACTIVE,7,4,4
581,8928,19:29:30,0,4.00,0,12.2200,2.2200,0.8020,0.2660,0,ACTIVE,7,4,4
581,8929,19:30:00,0,0.00,0,12.5300,2.2200,0.8370,0.2660,0,ACTIVE,7,4,4
581,8930,19:30:30,0,4.00,0,12.5300,2.2200,0.8370,0.2660,0,ACTIVE,7,4,4
581,8931,19:31:00,0,0.00,0,12.7500,2.3200,0.8370,0.2660,0,ACTIVE,7,4,4
581,8932,19:31:30,0,0.00,0,11.9900,2.1300,0.8020,0.2490,0,ACTIVE,7,4,4
581,8933,19:32:00,0,0.00,0,12.2000,2.2200,0.8020,0.2490,0,ACTIVE,7,4,4
581,8934,19:32:30,0,0.00,0,13.7700,2.4700,0.9130,0.2770,0,ACTIVE,7,4,4
581,8935,19:33:00,0,0.00,0,14.3800,2.5800,0.9540,0.2960,0,ACTIVE,7,4,4
581,8936,19:33:30,0,52.00,0,12.9800,1.9500,0.9540,0.2960,1,ACTIVE,7,4,4
581,8937,19:34:00,0,0.00,0,14.7100,2.6400,0.9750,0.3160,0,ACTIVE,7,4,4
581,8938,19:34:30,0,0.00,0,14.5900,2.5800,0.9750,0.3160,0,ACTIVE,7,4,4
581,8939,19:35:00,0,9.00,0,15.0900,2.6400,1.0200,0.3160,0,ACTIVE,7,4,4
581,8940,19:35:30,0,0.00,0,14.7100,2.6400,0.9750,0.3160,0,ACTIVE,7,4,4
581,8941,19:36:00,0,1.00,0,14.7100,2.6400,0.9750,0.3160,0,ACTIVE,7,4,4
581,8942,19:36:30,0,0.00,0,13.0800,2.3200,0.8750,0.2770,0,ACTIVE,7,4,4
581,8943,19:37:00,0,5.00,0,14.1400,2.4700,0.9540,0.2960,0,ACTIVE,7,4,4
581,8944,19:37:30,0,2.00,0,14.5900,2.5800,0.9750,0.3160,0,ACTIVE,7,4,4
581,8945,19:38:00,0,8.00,0,15.1100,2.6400,1.0200,0.3300,0,ACTIVE,7,4,4
581,8946,19:38:30,0,0.00,0,15.7600,2.7600,1.0600,0.3300,0,ACTIVE,7,4,4
581,8947,19:39:00,0,0.00,0,15.7600,2.7600,1.0600,0.3300,0,ACTIVE,7,4,4
581,8948,19:39:30,0,0.00,0,15.7600,2.7600,1.0600,0.3300,0,ACTIVE,7,4,4
581,8949,19:40:00,0,0.00,0,15.7600,2.7600,1.0600,0.3300,0,ACTIVE,7,4,4
581,8950,19:40:30,0,0.00,0,15.1100,2.6400,1.0200,0.3300,0,ACTIVE,7,4,4
581,8951,19:41:00,0,0.00,0,15.1100,2.6400,1.0200,0.3300,0,ACTIVE,7,4,4
581,8952,19:41:30,0,4.00,0,15.1100,2.6400,1.0200,0.3300,0,ACTIVE,7,4,4
581,8953,19:42:00,0,9.00,0,14.5900,2.5800,0.9750,0.3160,0,ACTIVE,7,4,4
581,8954,19:42:30,0,0.00,0,14.1400,2.4700,0.9540,0.2960,0,ACTIVE,7,4,4
581,8955,19:43:00,0,0.00,0,13.7700,2.4700,0.9130,0.2770,0,ACTIVE,7,4,4
581,8956,19:43:30,0,4.00,0,13.7900,2.4700,0.9130,0.2960,0,ACTIVE,7,4,4
581,8957,19:44:00,0,4.00,0,15.0900,2.6400,1.0200,0.3160,0,ACTIVE,7,4,4
581,8958,19:44:30,0,0.00,0,13.7900,2.4700,0.9130,0.2960,0,ACTIVE,7,4,4
581,8959,19:45:00,0,0.00,0,13.4500,2.4700,0.8750,0.2960,0,ACTIVE,7,4,4
581,8960,19:45:30,0,27.00,0,9.8500,1.5000,0.7200,0.2090,1,ACTIVE,7,4,4
581,8961,19:46:00,0,2.00,0,10.3900,1.2600,0.8370,0.2380,0,ACTIVE,7,4,4
581,8962,19:46:30,0,0.00,0,12.8900,1.9100,0.9540,0.2960,0,ACTIVE,7,4,4
581,8963,19:47:00,0,0.00,0,12.8700,1.9100,0.9540,0.2770,0,ACTIVE,7,4,4
581,8964,19:47:30,0,0.00,0,12.8900,1.9100,0.9540,0.2960,0,ACTIVE,7,4,4
581,8965,19:48:00,0,9.00,0,13.9800,2.3200,0.9750,0.2960,1,ACTIVE,7,4,4
581,8966,19:48:30,0,63.00,0,10.3200,1.5000,0.7680,0.2490,1,ACTIVE,7,4,4
581,8967,19:49:00,0,200.00,0,1.4300,0.4470,0.0501,0.0046,1,ACTIVE,7,4,4
581,8968,19:49:30,0,269.00,0,4.7400,1.5400,0.1510,0.0162,1,ACTIVE,7,4,4
581,8969,19:50:00,0,181.00,0,1.1600,0.3230,0.0501,0.0046,1,ACTIVE,7,4,4
581,8970,19:50:30,0,38.00,0,1.2100,0.3450,0.0501,0.0046,1,ACTIVE,7,4,4
581,8971,19:51:00,0,2.00,0,1.4100,0.4370,0.0501,0.0046,1,ACTIVE,7,4,4
581,8972,19:51:30,0,82.00,0,1.3900,0.3230,0.0756,0.0115,1,ACTIVE,7,4,4
581,8973,19:52:00,0,27.00,0,5.5900,1.5400,0.2490,0.0115,1,ACTIVE,7,4,4
581,8974,19:52:30,0,6.00,0,5.3600,1.5400,0.2230,0.0115,1,ACTIVE,7,4,4
581,8975,19:53:00,0,75.00,0,2.4500,0.7040,0.1000,0.0115,1,ACTIVE,7,4,4
581,8976,19:53:30,0,0.00,0,2.1000,0.6460,0.0756,0.0115,0,ACTIVE,7,4,4
581,8977,19:54:00,0,0.00,0,2.0900,0.6460,0.0756,0.0046,0,ACTIVE,7,4,4
581,8978,19:54:30,0,0.00,0,1.9600,0.5790,0.0756,0.0115,0,ACTIVE,7,4,4
581,8979,19:55:00,0,0.00,0,1.4100,0.4370,0.0501,0.0046,0,ACTIVE,7,4,4
581,8980,19:55:30,0,0.00,0,1.3100,0.3920,0.0501,0.0046,0,ACTIVE,7,4,4
581,8981,19:56:00,0,0.00,0,1.2700,0.3760,0.0501,0.0046,0,ACTIVE,7,4,4
581,8982,19:56:30,0,0.00,0,1.2700,0.3760,0.0501,0.0046,0,ACTIVE,7,4,4
581,8983,19:57:00,0,2.00,0,1.2600,0.3680,0.0501,0.0046,0,ACTIVE,7,4,4
581,8984,19:57:30,0,0.00,0,1.2400,0.3600,0.0501,0.0046,0,ACTIVE,7,4,4
581,8985,19:58:00,0,0.00,0,1.2400,0.3600,0.0501,0.0046,0,ACTIVE,7,4,4
581,8986,19:58:30,0,0.00,0,1.2400,0.3600,0.0501,0.0046,0,ACTIVE,7,4,4
581,8987,19:59:00,0,0.00,0,1.2200,0.3520,0.0501,0.0046,0,ACTIVE,7,4,4
581,8988,19:59:30,0,0.00,0,1.2200,0.3520,0.0501,0.0046,0,ACTIVE,7,4,4
581,8989,20:00:00,0,0.00,0,1.2200,0.3520,0.0501,0.0046,0,ACTIVE,7,4,4
581,8990,20:00:30,0,0.00,0,1.2100,0.3450,0.0501,0.0046,0,ACTIVE,7,4,4
581,8991,20:01:00,0,0.00,0,1.2100,0.3450,0.0501,0.0046,0,ACTIVE,7,4,4
581,8992,20:01:30,0,0.00,0,1.2200,0.3520,0.0501,0.0046,0,ACTIVE,7,4,4
581,8993,20:02:00,0,0.00,0,1.2900,0.3840,0.0501,0.0046,0,ACTIVE,7,4,4
581,8994,20:02:30,0,11.00,0,1.6900,0.3600,0.1000,0.0115,0,ACTIVE,7,4,4
581,8995,20:03:00,0,0.00,0,1.6500,0.3450,0.1000,0.0115,0,ACTIVE,7,4,4
581,8996,20:03:30,0,0.00,0,1.4400,0.3450,0.0756,0.0115,0,ACTIVE,7,4,4
581,8997,20:04:00,0,0.00,0,1.6500,0.3450,0.1000,0.0115,0,ACTIVE,7,4,4
581,8998,20:04:30,0,1.00,0,1.4500,0.3520,0.0756,0.0046,0,ACTIVE,7,4,4
581,8999,20:05:00,0,0.00,0,1.7000,0.3680,0.1000,0.0046,0,ACTIVE,7,4,4
581,9000,20:05:30,0,1.00,0,1.9300,0.3760,0.1240,0.0046,0,ACTIVE,7,4,4
581,9001,20:06:00,0,0.00,0,1.7100,0.3760,0.1000,0.0046,0,ACTIVE,7,4,4
581,9002,20:06:30,0,0.00,0,1.7100,0.3760,0.1000,0.0046,0,ACTIVE,7,4,4
581,9003,20:07:00,0,47.00,0,2.3600,0.4570,0.1510,0.0230,1,ACTIVE,7,4,4
581,9004,20:07:30,0,0.00,0,7.0800,0.8200,0.5790,0.1760,0,ACTIVE,7,4,4
581,9005,20:08:00,0,16.00,0,4.3700,0.7040,0.3160,0.0460,1,ACTIVE,7,4,4
581,9006,20:08:30,0,0.00,0,3.0600,0.5790,0.2000,0.0230,0,ACTIVE,7,4,4
581,9007,20:09:00,0,0.00,0,3.1800,0.6320,0.2000,0.0279,0,ACTIVE,7,4,4
581,9008,20:09:30,0,0.00,0,3.2100,0.6460,0.2000,0.0279,0,ACTIVE,7,4,4
581,9009,20:10:00,0,0.00,0,3.1800,0.6320,0.2000,0.0279,0,ACTIVE,7,4,4
581,9010,20:10:30,0,0.00,0,3.1800,0.6320,0.2000,0.0279,0,ACTIVE,7,4,4
581,9011,20:11:00,0,7.00,0,3.5600,0.8020,0.2000,0.0279,0,ACTIVE,7,4,4
581,9012,20:11:30,0,0.00,0,4.6300,0.9540,0.2770,0.0880,0,ACTIVE,7,4,4
581,9013,20:12:00,0,0.00,0,4.6300,0.9540,0.2770,0.0880,0,ACTIVE,7,4,4
581,9014,20:12:30,0,0.00,0,4.5900,0.9330,0.2770,0.0880,0,ACTIVE,7,4,4
581,9015,20:13:00,0,0.00,0,4.5900,0.9330,0.2770,0.0880,1,ACTIVE,7,4,4
581,9016,20:13:30,0,0.00,0,4.5900,0.9330,0.2770,0.0880,1,ACTIVE,7,4,4
581,9017,20:14:00,0,147.00,0,2.7300,0.7350,0.1240,0.0162,1,ACTIVE,7,4,4
581,9018,20:14:30,0,261.00,0,580.1800,25.7000,57.2000,20.7000,1,ACTIVE,7,4,4
581,9019,20:15:00,0,89.00,0,143.5200,20.7000,10.8000,3.0700,1,ACTIVE,7,4,4
581,9020,20:15:30,0,119.00,0,135.3700,19.8000,9.6800,6.2800,1,ACTIVE,7,4,4
581,9021,20:16:00,0,114.00,0,2.7100,0.5200,0.1760,0.0162,1,ACTIVE,7,4,4
581,9022,20:16:30,0,7.00,0,8.7700,1.3200,0.6600,0.0694,1,ACTIVE,7,4,4
581,9023,20:17:00,0,151.00,0,4.0800,1.2400,0.1510,0.0230,1,ACTIVE,7,4,4
581,9024,20:17:30,0,142.00,0,31.8300,5.6300,2.1700,0.3230,1,ACTIVE,7,4,4
581,9025,20:18:00,0,86.00,0,16.9000,3.9000,0.9330,0.1000,1,ACTIVE,7,4,4
581,9026,20:18:30,0,86.00,0,6.6100,1.8300,0.2900,0.0279,1,ACTIVE,7,4,4
581,9027,20:19:00,0,52.00,0,4.7400,1.5400,0.1510,0.0162,1,ACTIVE,7,4,4
581,9028,20:19:30,0,278.00,0,4.8400,1.2900,0.2230,0.0230,1,ACTIVE,7,4,4
581,9029,20:20:00,0,200.00,0,6.9100,1.4400,0.4190,0.0571,1,ACTIVE,7,4,4
581,9030,20:20:30,0,151.00,0,0.7600,0.2000,0.0347,0.0117,1,ACTIVE,7,4,4
581,9031,20:21:00,0,123.00,0,16.3300,3.2100,1.0200,0.2960,1,ACTIVE,7,4,4
581,9032,20:21:30,0,114.00,0,226.4100,34.0000,16.6000,5.0600,1,ACTIVE,7,4,4
581,9033,20:22:00,0,221.00,0,17.2800,4.4400,0.8370,0.1240,1,ACTIVE,7,4,4
581,9034,20:22:30,0,147.00,0,0.6800,0.2090,0.0251,0.0000,1,ACTIVE,7,4,4
581,9035,20:23:00,0,59.00,0,1.1400,0.2280,0.0694,0.0292,1,ACTIVE,7,4,4
581,9036,20:23:30,0,114.00,0,5.3800,0.6320,0.4370,0.1450,1,ACTIVE,7,4,4
581,9037,20:24:00,0,29.00,0,13.2100,1.7900,1.0200,0.3160,1,ACTIVE,7,4,4
581,9038,20:24:30,0,70.00,0,17.5700,2.7600,1.2600,0.3760,1,ACTIVE,7,4,4
581,9039,20:25:00,0,18.00,0,2.6900,0.3370,0.2090,0.0981,1,ACTIVE,7,4,4
581,9040,20:25:30,0,86.00,0,3.4200,0.4010,0.2770,0.0981,1,ACTIVE,7,4,4
581,9041,20:26:00,0,70.00,0,7.2000,1.9500,0.3160,0.1170,1,ACTIVE,7,4,4
581,9042,20:26:30,0,52.00,0,3.2600,0.4670,0.2440,0.0880,1,ACTIVE,7,4,4
581,9043,20:27:00,0,107.00,0,12.5500,2.0800,0.8750,0.2660,1,ACTIVE,7,4,4
581,9044,20:27:30,0,137.00,0,22.5700,3.9000,1.5400,0.4570,1,ACTIVE,7,4,4
581,9045,20:28:00,0,68.00,0,10.0900,2.1700,0.5790,0.1920,1,ACTIVE,7,4,4
581,9046,20:28:30,0,7.00,0,6.6300,0.7510,0.5430,0.1920,1,ACTIVE,7,4,4
581,9047,20:29:00,0,0.00,0,1.7700,0.4980,0.0756,0.0046,0,ACTIVE,7,4,4
581,9048,20:29:30,0,0.00,0,1.7400,0.4870,0.0756,0.0046,0,ACTIVE,7,4,4
581,9049,20:30:00,0,0.00,0,1.8200,0.5200,0.0756,0.0046,0,ACTIVE,7,4,4
581,9050,20:30:30,0,21.00,0,8.8000,1.3200,0.6460,0.2090,1,ACTIVE,7,4,4
581,9051,20:31:00,0,0.00,0,12.3200,2.1300,0.8370,0.2660,1,ACTIVE,7,4,4
581,9052,20:31:30,0,181.00,0,5.8500,1.5000,0.2770,0.0880,1,ACTIVE,7,4,4
581,9053,20:32:00,0,70.00,0,0.2900,0.1300,0.0000,0.0000,1,ACTIVE,7,4,4
581,9054,20:32:30,0,214.00,0,0.4300,0.1960,0.0000,0.0000,1,ACTIVE,7,4,4
581,9055,20:33:00,0,157.00,0,1.2100,0.2600,0.0694,0.0292,1,ACTIVE,7,4,4
581,9056,20:33:30,0,137.00,0,0.6900,0.1690,0.0347,0.0117,1,ACTIVE,7,4,4
581,9057,20:34:00,0,157.00,0,1.8700,0.2660,0.1390,0.0583,1,ACTIVE,7,4,4
581,9058,20:34:30,0,79.00,0,4.5400,1.3500,0.1760,0.0115,1,ACTIVE,7,4,4
581,9059,20:35:00,0,59.00,0,7.4400,1.5700,0.4370,0.1330,1,ACTIVE,7,4,4
581,9060,20:35:30,0,38.00,0,6.8300,1.6400,0.3520,0.1170,1,ACTIVE,7,4,4
581,9061,20:36:00,0,38.00,0,1.0300,0.3230,0.0347,0.0117,1,ACTIVE,7,4,4
581,9062,20:36:30,0,61.00,0,5.6400,1.8300,0.1760,0.0583,1,ACTIVE,7,4,4
581,9063,20:37:00,0,79.00,0,5.5400,1.7900,0.1760,0.0412,1,ACTIVE,7,4,4
581,9064,20:37:30,0,79.00,0,0.8200,0.1720,0.0501,0.0046,1,ACTIVE,7,4,4
581,9065,20:38:00,0,16.00,0,0.8100,0.2230,0.0347,0.0117,1,ACTIVE,7,4,4
581,9066,20:38:30,0,49.00,0,0.7800,0.2090,0.0347,0.0117,1,ACTIVE,7,4,4
581,9067,20:39:00,0,107.00,0,2.0400,0.3450,0.1390,0.0583,1,ACTIVE,7,4,4
581,9068,20:39:30,0,52.00,0,10.8400,1.7500,0.7680,0.2230,1,ACTIVE,7,4,4
581,9069,20:40:00,0,45.00,0,7.9400,1.8300,0.4370,0.0650,1,ACTIVE,7,4,4
581,9070,20:40:30,0,29.00,0,10.6000,1.8300,0.7200,0.2380,1,ACTIVE,7,4,4
581,9071,20:41:00,0,114.00,0,9.0700,1.7100,0.5790,0.1920,1,ACTIVE,7,4,4
581,9072,20:41:30,0,79.00,0,1.7100,0.3370,0.1050,0.0412,1,ACTIVE,7,4,4
581,9073,20:42:00,0,79.00,0,2.8700,0.6890,0.1510,0.0230,1,ACTIVE,7,4,4
581,9074,20:42:30,0,75.00,0,5.4000,1.6400,0.2000,0.0230,1,ACTIVE,7,4,4
581,9075,20:43:00,0,59.00,0,10.4400,1.5700,0.7680,0.2230,1,ACTIVE,7,4,4
581,9076,20:43:30,0,86.00,0,6.4300,1.9100,0.2490,0.0279,1,ACTIVE,7,4,4
581,9077,20:44:00,0,21.00,0,17.1700,3.0100,1.1600,0.3450,1,ACTIVE,7,4,4
581,9078,20:44:30,0,7.00,0,15.0300,3.3500,0.8560,0.1240,1,ACTIVE,7,4,4
581,9079,20:45:00,0,0.00,0,15.2000,3.4200,0.8560,0.1240,0,ACTIVE,7,4,4
581,9080,20:45:30,0,52.00,0,9.4700,1.9100,0.5790,0.1650,1,ACTIVE,7,4,4
581,9081,20:46:00,0,63.00,0,2.7500,0.5200,0.1760,0.0583,1,ACTIVE,7,4,4
581,9082,20:46:30,0,20.00,0,12.6800,1.8300,0.9540,0.2660,1,ACTIVE,7,4,4
581,9083,20:47:00,0,47.00,0,8.9400,2.0800,0.4870,0.0650,1,ACTIVE,7,4,4
581,9084,20:47:30,0,0.00,0,14.8600,3.3500,0.8370,0.1070,0,ACTIVE,7,4,4
581,9085,20:48:00,0,0.00,0,14.8600,3.3500,0.8370,0.1070,0,ACTIVE,7,4,4
581,9086,20:48:30,0,0.00,0,14.8600,3.3500,0.8370,0.1070,0,ACTIVE,7,4,4
581,9087,20:49:00,0,0.00,0,14.8600,3.3500,0.8370,0.1070,1,ACTIVE,7,4,4
581,9088,20:49:30,0,128.00,0,6.0900,1.9500,0.2000,0.0279,1,ACTIVE,7,4,4
581,9089,20:50:00,0,16.00,0,1.7400,0.4870,0.0756,0.0046,1,ACTIVE,7,4,4
581,9090,20:50:30,0,214.00,0,1.5200,0.3840,0.0756,0.0115,1,ACTIVE,7,4,4
581,9091,20:51:00,0,75.00,0,2.3300,0.5550,0.1240,0.0162,1,ACTIVE,7,4,4
581,9092,20:51:30,0,40.00,0,10.2300,1.7900,0.6890,0.2230,1,ACTIVE,7,4,4
581,9093,20:52:00,0,82.00,0,6.0500,1.5700,0.2900,0.0395,1,ACTIVE,7,4,4
581,9094,20:52:30,0,142.00,0,1.8200,0.4190,0.1000,0.0162,1,ACTIVE,7,4,4
581,9095,20:53:00,0,33.00,0,8.4600,1.8700,0.4770,0.1450,1,ACTIVE,7,4,4
581,9096,20:53:30,0,59.00,0,6.9300,1.8700,0.3160,0.0347,1,ACTIVE,7,4,4
581,9097,20:54:00,0,56.00,0,7.5000,1.9500,0.3600,0.0395,1,ACTIVE,7,4,4
581,9098,20:54:30,0,63.00,0,6.1700,1.7900,0.2490,0.0347,1,ACTIVE,7,4,4
581,9099,20:55:00,0,42.00,0,6.4200,1.3800,0.3840,0.0115,1,ACTIVE,7,4,4
581,9100,20:55:30,0,151.00,0,5.1900,1.3500,0.2490,0.0279,1,ACTIVE,7,4,4
581,9101,20:56:00,0,33.00,0,2.7500,0.6320,0.1510,0.0230,1,ACTIVE,7,4,4
581,9102,20:56:30,0,1.00,0,3.1200,0.7040,0.1760,0.0230,1,ACTIVE,7,4,4
581,9103,20:57:00,0,0.00,0,3.1900,0.7350,0.1760,0.0230,0,ACTIVE,7,4,4
581,9104,20:57:30,0,0.00,0,3.2300,0.7510,0.1760,0.0230,0,ACTIVE,7,4,4
581,9105,20:58:00,0,0.00,0,2.9100,0.7040,0.1510,0.0230,0,ACTIVE,7,4,4
581,9106,20:58:30,0,0.00,0,2.8400,0.6740,0.1510,0.0230,0,ACTIVE,7,4,4
581,9107,20:59:00,0,0.00,0,9.6600,1.5400,0.6890,0.2090,0,ACTIVE,7,4,4
581,9108,20:59:30,0,0.00,0,10.0900,1.6000,0.7200,0.2230,0,ACTIVE,7,4,4
581,9109,21:00:00,0,0.00,0,9.0700,1.4400,0.6460,0.2090,0,ACTIVE,7,4,4
581,9110,21:00:30,0,0.00,0,7.7300,1.2600,0.5430,0.1650,0,ACTIVE,7,4,4
581,9111,21:01:00,0,0.00,0,7.1800,1.1600,0.5090,0.1450,0,ACTIVE,7,4,4
581,9112,21:01:30,0,0.00,0,7.2500,1.1800,0.5090,0.1650,0,ACTIVE,7,4,4
581,9113,21:02:00,0,0.00,0,7.6100,1.2100,0.5430,0.1650,0,ACTIVE,7,4,4
581,9114,21:02:30,0,0.00,0,7.6700,1.2400,0.5430,0.1650,0,ACTIVE,7,4,4
581,9115,21:03:00,0,0.00,0,7.3100,1.2100,0.5090,0.1650,0,ACTIVE,7,4,4
581,9116,21:03:30,0,6.00,0,3.3400,0.7040,0.2000,0.0279,0,ACTIVE,7,4,4
581,9117,21:04:00,0,0.00,0,2.2300,0.5090,0.1240,0.0162,0,ACTIVE,7,4,4
581,9118,21:04:30,0,0.00,0,2.2100,0.4980,0.1240,0.0162,0,ACTIVE,7,4,4
581,9119,21:05:00,0,0.00,0,2.1900,0.4870,0.1240,0.0162,0,ACTIVE,7,4,4
581,9120,21:05:30,0,0.00,0,2.1600,0.4770,0.1240,0.0162,0,ACTIVE,7,4,4
581,9121,21:06:00,0,0.00,0,1.9000,0.4570,0.1000,0.0115,0,ACTIVE,7,4,4
581,9122,21:06:30,0,4.00,0,2.3600,0.5670,0.1240,0.0162,0,ACTIVE,7,4,4
581,9123,21:07:00,0,0.00,0,2.3900,0.5790,0.1240,0.0162,0,ACTIVE,7,4,4
581,9124,21:07:30,0,0.00,0,2.2800,0.5310,0.1240,0.0162,0,ACTIVE,7,4,4
581,9125,21:08:00,0,0.00,0,2.2600,0.5200,0.1240,0.0162,0,ACTIVE,7,4,4
581,9126,21:08:30,0,4.00,0,2.6500,0.5920,0.1510,0.0162,0,ACTIVE,7,4,4
581,9127,21:09:00,0,0.00,0,2.9900,0.6460,0.1760,0.0230,0,ACTIVE,7,4,4
581,9128,21:09:30,0,0.00,0,2.7200,0.6180,0.1510,0.0230,0,ACTIVE,7,4,4
581,9129,21:10:00,0,0.00,0,2.2100,0.4980,0.1240,0.0162,0,ACTIVE,7,4,4
581,9130,21:10:30,0,0.00,0,1.9000,0.4570,0.1000,0.0115,0,ACTIVE,7,4,4
581,9131,21:11:00,0,0.00,0,1.8800,0.4470,0.1000,0.0115,0,ACTIVE,7,4,4
581,9132,21:11:30,0,0.00,0,2.2100,0.4980,0.1240,0.0162,0,ACTIVE,7,4,4
581,9133,21:12:00,0,0.00,0,2.2300,0.5090,0.1240,0.0115,0,ACTIVE,7,4,4
581,9134,21:12:30,0,0.00,0,2.1800,0.4870,0.1240,0.0115,0,ACTIVE,7,4,4
581,9135,21:13:00,0,1.00,0,2.2300,0.5090,0.1240,0.0162,0,ACTIVE,7,4,4
581,9136,21:13:30,0,0.00,0,3.4100,0.7350,0.2000,0.0279,0,ACTIVE,7,4,4
581,9137,21:14:00,0,0.00,0,2.8700,0.6890,0.1510,0.0230,0,ACTIVE,7,4,4
581,9138,21:14:30,0,0.00,0,2.8400,0.6740,0.1510,0.0230,0,ACTIVE,7,4,4
581,9139,21:15:00,0,5.00,0,2.8700,0.6890,0.1510,0.0230,0,ACTIVE,7,4,4
581,9140,21:15:30,0,0.00,0,2.8100,0.6600,0.1510,0.0230,0,ACTIVE,7,4,4
581,9141,21:16:00,0,0.00,0,2.4700,0.6180,0.1240,0.0162,0,ACTIVE,7,4,4
581,9142,21:16:30,0,0.00,0,2.4500,0.6050,0.1240,0.0162,0,ACTIVE,7,4,4
581,9143,21:17:00,0,6.00,0,3.0800,0.7850,0.1510,0.0230,0,ACTIVE,7,4,4
581,9144,21:17:30,0,0.00,0,4.5400,0.9130,0.2770,0.0880,0,ACTIVE,7,4,4
581,9145,21:18:00,0,0.00,0,4.1400,0.8750,0.2440,0.0694,0,ACTIVE,7,4,4
581,9146,21:18:30,0,0.00,0,4.1400,0.8750,0.2440,0.0694,0,ACTIVE,7,4,4
581,9147,21:19:00,0,0.00,0,4.0600,0.8370,0.2440,0.0694,0,ACTIVE,7,4,4
581,9148,21:19:30,0,0.00,0,4.0200,0.8200,0.2440,0.0694,0,ACTIVE,7,4,4
581,9149,21:20:00,0,0.00,0,4.0200,0.8200,0.2440,0.0694,0,ACTIVE,7,4,4
581,9150,21:20:30,0,0.00,0,4.0600,0.8370,0.2440,0.0694,0,ACTIVE,7,4,4
581,9151,21:21:00,0,0.00,0,4.0600,0.8370,0.2440,0.0694,0,ACTIVE,7,4,4
581,9152,21:21:30,0,59.00,0,3.0600,0.3600,0.2440,0.1170,1,ACTIVE,7,4,4
581,9153,21:22:00,0,38.00,0,1.3500,0.1690,0.1050,0.0583,1,ACTIVE,7,4,4
581,9154,21:22:30,0,187.00,0,1.6700,0.3520,0.1000,0.0162,1,ACTIVE,7,4,4
581,9155,21:23:00,0,70.00,0,0.4200,0.1920,0.0000,0.0000,1,ACTIVE,7,4,4
581,9156,21:23:30,0,169.00,0,0.3000,0.1360,0.0000,0.0000,1,ACTIVE,7,4,4
581,9157,21:24:00,0,228.00,0,0.8700,0.2490,0.0347,0.0117,1,ACTIVE,7,4,4
581,9158,21:24:30,0,200.00,0,0.3000,0.1360,0.0000,0.0000,1,ACTIVE,7,4,4
581,9159,21:25:00,0,163.00,0,1.3900,0.4280,0.0501,0.0046,1,ACTIVE,7,4,4
581,9160,21:25:30,0,15.00,0,0.7700,0.2490,0.0251,0.0000,1,ACTIVE,7,4,4
581,9161,21:26:00,0,27.00,0,1.0200,0.3230,0.0347,0.0000,1,ACTIVE,7,4,4
581,9162,21:26:30,0,89.00,0,1.0300,0.3300,0.0347,0.0000,1,ACTIVE,7,4,4
581,9163,21:27:00,0,200.00,0,1.8900,0.5550,0.0756,0.0046,1,ACTIVE,7,4,4
581,9164,21:27:30,0,175.00,0,0.5300,0.2380,0.0000,0.0000,1,ACTIVE,7,4,4
581,9165,21:28:00,0,214.00,0,2.8700,0.8940,0.1000,0.0162,1,ACTIVE,7,4,4
581,9166,21:28:30,0,75.00,0,4.9900,1.8300,0.1050,0.0292,1,ACTIVE,7,4,4
581,9167,21:29:00,0,123.00,0,0.4700,0.2140,0.0000,0.0000,1,ACTIVE,7,4,4
581,9168,21:29:30,0,123.00,0,0.4800,0.2190,0.0000,0.0000,1,ACTIVE,7,4,4
581,9169,21:30:00,0,123.00,0,1.2400,0.4190,0.0347,0.0117,1,ACTIVE,7,4,4
581,9170,21:30:30,0,93.00,0,1.9600,0.5790,0.0756,0.0115,1,ACTIVE,7,4,4
581,9171,21:31:00,0,123.00,0,1.0000,0.3160,0.0347,0.0000,1,ACTIVE,7,4,4
581,9172,21:31:30,0,175.00,0,2.6200,0.7850,0.1000,0.0115,1,ACTIVE,7,4,4
581,9173,21:32:00,0,119.00,0,1.0000,0.3160,0.0347,0.0000,1,ACTIVE,7,4,4
581,9174,21:32:30,0,207.00,0,1.6600,0.4470,0.0756,0.0115,1,ACTIVE,7,4,4
581,9175,21:33:00,0,244.00,0,3.3000,1.0600,0.1050,0.0292,1,ACTIVE,7,4,4
581,9176,21:33:30,0,0.00,0,4.5400,1.1600,0.2230,0.0230,1,ACTIVE,7,4,4
581,9177,21:34:00,0,42.00,0,4.0800,1.0400,0.2000,0.0230,1,ACTIVE,7,4,4
581,9178,21:34:30,0,187.00,0,2.2800,0.4370,0.1390,0.0880,1,ACTIVE,7,4,4
581,9179,21:35:00,0,350.00,0,0.5300,0.2380,0.0000,0.0000,1,ACTIVE,7,4,4
581,9180,21:35:30,0,362.00,1,1.6400,0.4370,0.0756,0.0115,1,ACTIVE,7,4,4
581,9181,21:36:00,0,66.00,0,0.2500,0.1120,0.0000,0.0000,1,ACTIVE,7,4,4
581,9182,21:36:30,0,0.00,0,0.2400,0.1070,0.0000,0.0000,1,ACTIVE,7,4,4
581,9183,21:37:00,0,0.00,0,0.2200,0.0981,0.0000,0.0000,1,ACTIVE,7,4,4
581,9184,21:37:30,0,0.00,0,0.2200,0.0981,0.0000,0.0000,0,ACTIVE,7,4,4
581,9185,21:38:00,0,0.00,0,0.2200,0.0981,0.0000,0.0000,0,ACTIVE,7,4,4
581,9186,21:38:30,0,0.00,0,0.2200,0.0981,0.0000,0.0000,0,ACTIVE,7,4,4
581,9187,21:39:00,0,0.00,0,0.2200,0.0981,0.0000,0.0000,0,ACTIVE,7,4,4
581,9188,21:39:30,0,0.00,0,0.2400,0.1070,0.0000,0.0000,0,ACTIVE,7,4,4
581,9189,21:40:00,0,0.00,0,0.2400,0.1070,0.0000,0.0000,0,ACTIVE,7,4,4
581,9190,21:40:30,0,0.00,0,0.2400,0.1070,0.0000,0.0000,0,ACTIVE,7,4,4
581,9191,21:41:00,0,0.00,0,0.2400,0.1070,0.0000,0.0000,0,ACTIVE,7,4,4
581,9192,21:41:30,0,0.00,0,0.2400,0.1070,0.0000,0.0000,0,ACTIVE,7,4,4
581,9193,21:42:00,0,1.00,0,0.2400,0.1070,0.0000,0.0000,0,ACTIVE,7,4,4
581,9194,21:42:30,0,100.00,0,0.2400,0.1070,0.0000,0.0000,1,ACTIVE,7,4,4
581,9195,21:43:00,0,38.00,0,7.8100,2.2700,0.3160,0.0279,1,ACTIVE,7,4,4
581,9196,21:43:30,0,0.00,0,3.4500,0.8560,0.1760,0.0162,0,ACTIVE,7,4,4
581,9197,21:44:00,0,4.00,0,3.4100,0.8370,0.1760,0.0162,0,ACTIVE,7,4,4
581,9198,21:44:30,0,4.00,0,2.6000,0.6740,0.1240,0.0162,0,ACTIVE,7,4,4
581,9199,21:45:00,0,0.00,0,2.4700,0.6180,0.1240,0.0162,0,ACTIVE,7,4,4
581,9200,21:45:30,0,0.00,0,2.6300,0.6890,0.1240,0.0162,0,ACTIVE,7,4,4
581,9201,21:46:00,0,2.00,0,2.5700,0.6600,0.1240,0.0162,0,ACTIVE,7,4,4
581,9202,21:46:30,0,0.00,0,2.9700,0.7350,0.1510,0.0162,0,ACTIVE,7,4,4
581,9203,21:47:00,0,1.00,0,3.4200,0.8370,0.1760,0.0230,0,ACTIVE,7,4,4
581,9204,21:47:30,0,1.00,0,2.7000,0.7200,0.1240,0.0162,0,ACTIVE,7,4,4
581,9205,21:48:00,0,5.00,0,3.2200,0.7510,0.1760,0.0162,0,ACTIVE,7,4,4
581,9206,21:48:30,0,1.00,0,2.8300,0.6740,0.1510,0.0162,0,ACTIVE,7,4,4
581,9207,21:49:00,0,0.00,0,2.4700,0.6180,0.1240,0.0162,0,ACTIVE,7,4,4
581,9208,21:49:30,0,7.00,0,2.5400,0.6460,0.1240,0.0162,0,ACTIVE,7,4,4
581,9209,21:50:00,0,0.00,0,2.5000,0.6320,0.1240,0.0162,0,ACTIVE,7,4,4
581,9210,21:50:30,0,0.00,0,2.5000,0.6320,0.1240,0.0162,0,ACTIVE,7,4,4
581,9211,21:51:00,0,0.00,0,2.5000,0.6320,0.1240,0.0162,0,ACTIVE,7,4,4
581,9212,21:51:30,0,7.00,0,3.0000,0.7510,0.1510,0.0162,0,ACTIVE,7,4,4
581,9213,21:52:00,0,0.00,0,2.9000,0.7040,0.1510,0.0162,0,ACTIVE,7,4,4
581,9214,21:52:30,0,0.00,0,2.8300,0.6740,0.1510,0.0162,0,ACTIVE,7,4,4
581,9215,21:53:00,0,4.00,0,2.8700,0.6890,0.1510,0.0162,0,ACTIVE,7,4,4
581,9216,21:53:30,0,8.00,0,3.4100,0.8370,0.1760,0.0162,0,ACTIVE,7,4,4
581,9217,21:54:00,0,0.00,0,3.4100,0.8370,0.1760,0.0162,0,ACTIVE,7,4,4
581,9218,21:54:30,0,0.00,0,2.8000,0.6600,0.1510,0.0162,0,ACTIVE,7,4,4
581,9219,21:55:00,0,4.00,0,2.9300,0.7200,0.1510,0.0162,0,ACTIVE,7,4,4
581,9220,21:55:30,0,0.00,0,2.9000,0.7040,0.1510,0.0162,0,ACTIVE,7,4,4
581,9221,21:56:00,0,11.00,0,2.8700,0.6890,0.1510,0.0162,0,ACTIVE,7,4,4
581,9222,21:56:30,0,0.00,0,2.9000,0.7040,0.1510,0.0162,0,ACTIVE,7,4,4
581,9223,21:57:00,0,7.00,0,2.8700,0.6890,0.1510,0.0162,0,ACTIVE,7,4,4
581,9224,21:57:30,0,1.00,0,2.9000,0.7040,0.1510,0.0162,0,ACTIVE,7,4,4
581,9225,21:58:00,0,0.00,0,3.4100,0.8370,0.1760,0.0162,0,ACTIVE,7,4,4
581,9226,21:58:30,0,1.00,0,3.8400,0.9330,0.2000,0.0230,0,ACTIVE,7,4,4
581,9227,21:59:00,0,21.00,0,2.9000,0.7040,0.1510,0.0162,1,ACTIVE,7,4,4
581,9228,21:59:30,0,0.00,0,2.4100,0.5920,0.1240,0.0115,0,ACTIVE,7,4,4
581,9229,22:00:00,0,0.00,0,2.1400,0.5670,0.1000,0.0115,0,ACTIVE,7,4,4
581,9230,22:00:30,0,11.00,0,2.1700,0.5790,0.1000,0.0115,0,ACTIVE,7,4,4
581,9231,22:01:00,0,0.00,0,2.3900,0.5790,0.1240,0.0162,0,ACTIVE,7,4,4
581,9232,22:01:30,0,0.00,0,2.3800,0.5790,0.1240,0.0115,0,ACTIVE,7,4,4
581,9233,22:02:00,0,5.00,0,2.3800,0.5790,0.1240,0.0115,0,ACTIVE,7,4,4
581,9234,22:02:30,0,14.00,0,2.8700,0.6890,0.1510,0.0162,0,ACTIVE,7,4,4
581,9235,22:03:00,0,0.00,0,3.2300,0.7510,0.1760,0.0230,0,ACTIVE,7,4,4
581,9236,22:03:30,0,4.00,0,2.9300,0.7200,0.1510,0.0162,0,ACTIVE,7,4,4
581,9237,22:04:00,0,0.00,0,2.7700,0.6460,0.1510,0.0162,0,ACTIVE,7,4,4
581,9238,22:04:30,0,8.00,0,2.4700,0.6180,0.1240,0.0115,0,ACTIVE,7,4,4
581,9239,22:05:00,0,0.00,0,2.4700,0.6180,0.1240,0.0115,0,ACTIVE,7,4,4
581,9240,22:05:30,0,1.00,0,2.4200,0.5920,0.1240,0.0162,0,ACTIVE,7,4,4
581,9241,22:06:00,0,13.00,0,2.4700,0.6180,0.1240,0.0115,0,ACTIVE,7,4,4
581,9242,22:06:30,0,15.00,0,2.5000,0.6320,0.1240,0.0162,0,ACTIVE,7,4,4
581,9243,22:07:00,0,0.00,0,2.5000,0.6320,0.1240,0.0115,0,ACTIVE,7,4,4
581,9244,22:07:30,0,0.00,0,2.4700,0.6180,0.1240,0.0115,0,ACTIVE,7,4,4
581,9245,22:08:00,0,18.00,0,2.5600,0.6600,0.1240,0.0115,0,ACTIVE,7,4,4
581,9246,22:08:30,0,0.00,0,2.1700,0.5790,0.1000,0.0115,0,ACTIVE,7,4,4
581,9247,22:09:00,0,0.00,0,2.0900,0.5430,0.1000,0.0115,0,ACTIVE,7,4,4
581,9248,22:09:30,0,18.00,0,2.5700,0.6600,0.1240,0.0162,0,ACTIVE,7,4,4
581,9249,22:10:00,0,0.00,0,2.9000,0.7040,0.1510,0.0162,0,ACTIVE,7,4,4
581,9250,22:10:30,0,4.00,0,3.0000,0.7510,0.1510,0.0162,0,ACTIVE,7,4,4
581,9251,22:11:00,0,0.00,0,3.0000,0.7510,0.1510,0.0162,0,ACTIVE,7,4,4
581,9252,22:11:30,0,4.00,0,3.0000,0.7510,0.1510,0.0162,0,ACTIVE,7,4,4
581,9253,22:12:00,0,7.00,0,6.0300,1.3800,0.3370,0.0279,0,ACTIVE,7,4,4
581,9254,22:12:30,0,0.00,0,4.1000,0.9540,0.2230,0.0279,0,ACTIVE,7,4,4
581,9255,22:13:00,0,4.00,0,3.8400,0.9330,0.2000,0.0230,0,ACTIVE,7,4,4
581,9256,22:13:30,0,0.00,0,2.5400,0.6460,0.1240,0.0162,0,ACTIVE,7,4,4
581,9257,22:14:00,0,11.00,0,2.5000,0.6320,0.1240,0.0162,0,ACTIVE,7,4,4
581,9258,22:14:30,0,0.00,0,2.6600,0.7040,0.1240,0.0162,0,ACTIVE,7,4,4
581,9259,22:15:00,0,0.00,0,3.1200,0.8020,0.1510,0.0162,0,ACTIVE,7,4,4
581,9260,22:15:30,0,0.00,0,2.9700,0.7350,0.1510,0.0162,0,ACTIVE,7,4,4
581,9261,22:16:00,0,8.00,0,2.8700,0.6890,0.1510,0.0162,0,ACTIVE,7,4,4
581,9262,22:16:30,0,0.00,0,4.2900,1.0400,0.2230,0.0279,0,ACTIVE,7,4,4
581,9263,22:17:00,0,1.00,0,3.8000,0.9130,0.2000,0.0230,0,ACTIVE,7,4,4
581,9264,22:17:30,0,0.00,0,3.7100,0.8750,0.2000,0.0230,0,ACTIVE,7,4,4
581,9265,22:18:00,0,7.00,0,3.0000,0.7510,0.1510,0.0162,0,ACTIVE,7,4,4
581,9266,22:18:30,0,4.00,0,2.4100,0.5920,0.1240,0.0115,0,ACTIVE,7,4,4
581,9267,22:19:00,0,1.00,0,2.4100,0.5920,0.1240,0.0115,0,ACTIVE,7,4,4
581,9268,22:19:30,0,2.00,0,2.5600,0.6600,0.1240,0.0115,0,ACTIVE,7,4,4
581,9269,22:20:00,0,4.00,0,2.6000,0.6740,0.1240,0.0162,0,ACTIVE,7,4,4
581,9270,22:20:30,0,0.00,0,3.4600,0.8560,0.1760,0.0230,0,ACTIVE,7,4,4
581,9271,22:21:00,0,0.00,0,3.4200,0.8370,0.1760,0.0230,0,ACTIVE,7,4,4
581,9272,22:21:30,0,19.00,0,3.3700,0.8200,0.1760,0.0162,0,ACTIVE,7,4,4
581,9273,22:22:00,0,0.00,0,3.0400,0.7680,0.1510,0.0162,0,ACTIVE,7,4,4
581,9274,22:22:30,0,0.00,0,3.5000,0.8750,0.1760,0.0230,0,ACTIVE,7,4,4
581,9275,22:23:00,0,7.00,0,3.8000,0.9130,0.2000,0.0230,0,ACTIVE,7,4,4
581,9276,22:23:30,0,0.00,0,3.5000,0.8750,0.1760,0.0230,0,ACTIVE,7,4,4
581,9277,22:24:00,0,4.00,0,3.7600,0.8940,0.2000,0.0230,0,ACTIVE,7,4,4
581,9278,22:24:30,0,0.00,0,3.0000,0.7510,0.1510,0.0162,0,ACTIVE,7,4,4
581,9279,22:25:00,0,0.00,0,2.5000,0.6320,0.1240,0.0162,0,ACTIVE,7,4,4
581,9280,22:25:30,0,0.00,0,3.7100,0.8750,0.2000,0.0230,0,ACTIVE,7,4,4
581,9281,22:26:00,0,23.00,0,3.2600,0.7680,0.1760,0.0162,1,ACTIVE,7,4,4
581,9282,22:26:30,0,0.00,0,2.3800,0.5790,0.1240,0.0115,0,ACTIVE,7,4,4
581,9283,22:27:00,0,1.00,0,2.3600,0.5670,0.1240,0.0115,0,ACTIVE,7,4,4
581,9284,22:27:30,0,0.00,0,2.3800,0.5790,0.1240,0.0115,0,ACTIVE,7,4,4
581,9285,22:28:00,0,0.00,0,2.3800,0.5790,0.1240,0.0115,0,ACTIVE,7,4,4
581,9286,22:28:30,0,59.00,0,185.4800,35.5000,12.0000,1.5400,1,ACTIVE,7,4,4
581,9287,22:29:00,0,1.00,0,4.1400,0.9750,0.2230,0.0279,0,ACTIVE,7,4,4
581,9288,22:29:30,0,1.00,0,3.7200,0.8750,0.2000,0.0279,0,ACTIVE,7,4,4
581,9289,22:30:00,0,2.00,0,3.3800,0.8200,0.1760,0.0230,1,REST,7,4,4
581,9290,22:30:30,0,0.00,0,3.7600,0.8940,0.2000,0.0279,1,REST,7,4,4
581,9291,22:31:00,0,2.00,0,3.8900,0.9540,0.2000,0.0279,1,REST,7,4,4
581,9292,22:31:30,0,0.00,0,3.8000,0.9130,0.2000,0.0279,1,REST,7,4,4
581,9293,22:32:00,0,11.00,0,3.7600,0.8940,0.2000,0.0279,1,REST,7,4,4
581,9294,22:32:30,0,0.00,0,4.1900,0.9960,0.2230,0.0279,1,REST,7,4,4
581,9295,22:33:00,0,1.00,0,4.1900,0.9960,0.2230,0.0279,1,REST,7,4,4
581,9296,22:33:30,0,0.00,0,4.1000,0.9540,0.2230,0.0279,1,REST,7,4,4
581,9297,22:34:00,0,14.00,0,3.8500,0.9330,0.2000,0.0279,1,REST,7,4,4
581,9298,22:34:30,0,2.00,0,3.7600,0.8940,0.2000,0.0230,1,REST,7,4,4
581,9299,22:35:00,0,0.00,0,3.8000,0.9130,0.2000,0.0279,1,REST,7,4,4
581,9300,22:35:30,0,6.00,0,5.8300,1.6400,0.2490,0.0279,1,REST,7,4,4
581,9301,22:36:00,0,12.00,0,10.3100,2.5800,0.5200,0.0460,1,REST,7,4,4
581,9302,22:36:30,0,0.00,0,6.3900,1.5400,0.3370,0.0395,1,REST,7,4,4
581,9303,22:37:00,0,0.00,0,4.4000,1.1800,0.2000,0.0230,1,REST,7,4,4
581,9304,22:37:30,0,1.00,0,3.1900,0.7350,0.1760,0.0230,1,REST,7,4,4
581,9305,22:38:00,0,9.00,0,3.3800,0.8200,0.1760,0.0230,1,REST,7,4,4
581,9306,22:38:30,0,0.00,0,4.1900,0.9960,0.2230,0.0279,1,REST,7,4,4
581,9307,22:39:00,0,5.00,0,5.1400,1.1600,0.2900,0.0347,1,REST,7,4,4
581,9308,22:39:30,0,0.00,0,8.0100,1.8700,0.4370,0.0460,1,REST,7,4,4
581,9309,22:40:00,0,13.00,0,7.4000,1.9100,0.3600,0.0347,1,REST,7,4,4
581,9310,22:40:30,0,8.00,0,2.9000,0.7040,0.1510,0.0162,1,REST,7,4,4
581,9311,22:41:00,0,0.00,0,3.0100,0.7510,0.1510,0.0230,1,REST,7,4,4
581,9312,22:41:30,0,0.00,0,3.3800,0.8200,0.1760,0.0230,1,REST,7,4,4
581,9313,22:42:00,0,16.00,0,4.3400,1.0600,0.2230,0.0279,1,REST,7,4,4
581,9314,22:42:30,0,0.00,0,5.2500,1.2100,0.2900,0.0347,1,REST,7,4,4
581,9315,22:43:00,0,11.00,0,5.5400,1.2400,0.3160,0.0395,1,REST,7,4,4
581,9316,22:43:30,0,269.00,0,0.2400,0.1070,0.0000,0.0000,1,REST-S,7,4,4
581,9317,22:44:00,0,0.00,0,0.2400,0.1070,0.0000,0.0000,1,REST-S,7,4,4
581,9318,22:44:30,0,0.00,0,0.2400,0.1070,0.0000,0.0000,1,REST-S,7,4,4
581,9319,22:45:00,0,0.00,0,0.2400,0.1070,0.0000,0.0000,0,REST-S,7,4,4
581,9320,22:45:30,0,0.00,0,0.2400,0.1070,0.0000,0.0000,0,REST-S,7,4,4
581,9321,22:46:00,0,0.00,0,0.2500,0.1120,0.0000,0.0000,0,REST-S,7,4,4
581,9322,22:46:30,0,0.00,0,0.2500,0.1120,0.0000,0.0000,0,REST-S,7,4,4
581,9323,22:47:00,0,0.00,0,0.2500,0.1120,0.0000,0.0000,0,REST-S,7,4,4
581,9324,22:47:30,0,0.00,0,0.2500,0.1120,0.0000,0.0000,0,REST-S,7,4,4
581,9325,22:48:00,0,0.00,0,0.2500,0.1120,0.0000,0.0000,0,REST-S,7,4,4
581,9326,22:48:30,0,0.00,0,0.2500,0.1120,0.0000,0.0000,0,REST-S,7,4,4
581,9327,22:49:00,0,0.00,0,0.2500,0.1120,0.0000,0.0000,0,REST-S,7,4,4
581,9328,22:49:30,0,0.00,0,0.2500,0.1120,0.0000,0.0000,0,REST-S,7,4,4
581,9329,22:50:00,0,0.00,0,0.2500,0.1120,0.0000,0.0000,0,REST-S,7,4,4
581,9330,22:50:30,0,1.00,0,0.2500,0.1120,0.0000,0.0000,0,REST-S,7,4,4
581,9331,22:51:00,0,0.00,0,0.2800,0.1220,0.0000,0.0117,0,REST-S,7,4,4
581,9332,22:51:30,0,0.00,0,0.2500,0.1120,0.0000,0.0000,0,REST-S,7,4,4
581,9333,22:52:00,0,0.00,0,0.2500,0.1120,0.0000,0.0000,0,REST-S,7,4,4
581,9334,22:52:30,0,0.00,0,0.2500,0.1120,0.0000,0.0000,0,REST-S,7,4,4
581,9335,22:53:00,0,0.00,0,0.2700,0.1220,0.0000,0.0000,0,REST-S,7,4,4
581,9336,22:53:30,0,123.00,0,0.2700,0.1220,0.0000,0.0000,1,REST-S,7,4,4
581,9337,22:54:00,0,5.00,0,0.2700,0.1220,0.0000,0.0000,0,REST-S,7,4,4
581,9338,22:54:30,0,0.00,0,0.2700,0.1220,0.0000,0.0000,0,REST-S,7,4,4
581,9339,22:55:00,0,0.00,0,0.2700,0.1220,0.0000,0.0000,0,REST-S,7,4,4
581,9340,22:55:30,0,0.00,0,0.2700,0.1220,0.0000,0.0000,0,REST-S,7,4,4
581,9341,22:56:00,0,0.00,0,0.4600,0.1070,0.0251,0.0000,0,REST-S,7,4,4
581,9342,22:56:30,0,75.00,0,0.2800,0.1220,0.0000,0.0117,1,REST-S,7,4,4
581,9343,22:57:00,0,14.00,0,0.2800,0.1220,0.0000,0.0117,1,REST-S,7,4,4
581,9344,22:57:30,0,0.00,0,0.5700,0.1140,0.0347,0.0117,0,REST-S,7,4,4
581,9345,22:58:00,0,0.00,0,0.3000,0.1300,0.0000,0.0117,0,REST-S,7,4,4
581,9346,22:58:30,0,0.00,0,0.5700,0.1140,0.0347,0.0117,0,REST-S,7,4,4
581,9347,22:59:00,0,0.00,0,0.5700,0.1140,0.0347,0.0117,0,REST-S,7,4,4
581,9348,22:59:30,0,0.00,0,0.5500,0.1070,0.0347,0.0117,0,REST-S,7,4,4
581,9349,23:00:00,0,0.00,0,0.3000,0.1300,0.0000,0.0117,0,REST-S,7,4,4
581,9350,23:00:30,0,0.00,0,0.5700,0.1140,0.0347,0.0117,0,REST-S,7,4,4
581,9351,23:01:00,0,0.00,0,0.3000,0.1300,0.0000,0.0117,0,REST-S,7,4,4
581,9352,23:01:30,0,0.00,0,0.5700,0.1140,0.0347,0.0117,0,REST-S,7,4,4
581,9353,23:02:00,0,0.00,0,0.5700,0.1140,0.0347,0.0117,0,REST-S,7,4,4
581,9354,23:02:30,0,0.00,0,0.5700,0.1140,0.0347,0.0117,0,REST-S,7,4,4
581,9355,23:03:00,0,0.00,0,0.5700,0.1140,0.0347,0.0117,0,REST-S,7,4,4
581,9356,23:03:30,0,0.00,0,0.5700,0.1140,0.0347,0.0117,0,REST-S,7,4,4
581,9357,23:04:00,0,0.00,0,0.5700,0.1140,0.0347,0.0117,0,REST-S,7,4,4
581,9358,23:04:30,0,22.00,0,0.5700,0.1140,0.0347,0.0117,1,REST-S,7,4,4
581,9359,23:05:00,0,0.00,0,0.5700,0.1140,0.0347,0.0117,0,REST-S,7,4,4
581,9360,23:05:30,0,0.00,0,0.5700,0.1140,0.0347,0.0117,0,REST-S,7,4,4
581,9361,23:06:00,0,0.00,0,0.5700,0.1140,0.0347,0.0117,0,REST-S,7,4,4
581,9362,23:06:30,0,0.00,0,0.5700,0.1140,0.0347,0.0117,0,REST-S,7,4,4
581,9363,23:07:00,0,0.00,0,0.5700,0.1140,0.0347,0.0117,0,REST-S,7,4,4
581,9364,23:07:30,0,0.00,0,0.5700,0.1140,0.0347,0.0117,0,REST-S,7,4,4
581,9365,23:08:00,0,0.00,0,0.5700,0.1140,0.0347,0.0117,0,REST-S,7,4,4
581,9366,23:08:30,0,0.00,0,0.5700,0.1140,0.0347,0.0117,0,REST-S,7,4,4
581,9367,23:09:00,0,0.00,0,0.5700,0.1140,0.0347,0.0117,0,REST-S,7,4,4
581,9368,23:09:30,0,0.00,0,0.5700,0.1140,0.0347,0.0117,0,REST-S,7,4,4
581,9369,23:10:00,0,0.00,0,0.5700,0.1140,0.0347,0.0117,0,REST-S,7,4,4
581,9370,23:10:30,0,0.00,0,0.5700,0.1140,0.0347,0.0117,0,REST-S,7,4,4
581,9371,23:11:00,0,0.00,0,0.5700,0.1140,0.0347,0.0117,0,REST-S,7,4,4
581,9372,23:11:30,0,0.00,0,0.5700,0.1140,0.0347,0.0117,0,REST-S,7,4,4
581,9373,23:12:00,0,0.00,0,0.5700,0.1140,0.0347,0.0117,0,REST-S,7,4,4
581,9374,23:12:30,0,0.00,0,0.5700,0.1140,0.0347,0.0117,0,REST-S,7,4,4
581,9375,23:13:00,0,0.00,0,0.5700,0.1140,0.0347,0.0117,0,REST-S,7,4,4
581,9376,23:13:30,0,0.00,0,0.5700,0.1140,0.0347,0.0117,0,REST-S,7,4,4
581,9377,23:14:00,0,0.00,0,0.5700,0.1140,0.0347,0.0117,0,REST-S,7,4,4
581,9378,23:14:30,0,0.00,0,0.5800,0.1190,0.0347,0.0117,0,REST-S,7,4,4
581,9379,23:15:00,0,0.00,0,0.5800,0.1190,0.0347,0.0117,0,REST-S,7,4,4
581,9380,23:15:30,0,0.00,0,0.5800,0.1190,0.0347,0.0117,0,REST-S,7,4,4
581,9381,23:16:00,0,0.00,0,0.5800,0.1190,0.0347,0.0117,0,REST-S,7,4,4
581,9382,23:16:30,0,0.00,0,0.5800,0.1190,0.0347,0.0117,0,REST-S,7,4,4
581,9383,23:17:00,0,0.00,0,0.5800,0.1190,0.0347,0.0117,0,REST-S,7,4,4
581,9384,23:17:30,0,0.00,0,0.5800,0.1190,0.0347,0.0117,0,REST-S,7,4,4
581,9385,23:18:00,0,0.00,0,0.5800,0.1190,0.0347,0.0117,0,REST-S,7,4,4
581,9386,23:18:30,0,0.00,0,0.5800,0.1190,0.0347,0.0117,0,REST-S,7,4,4
581,9387,23:19:00,0,0.00,0,0.5800,0.1190,0.0347,0.0117,0,REST-S,7,4,4
581,9388,23:19:30,0,0.00,0,0.5800,0.1190,0.0347,0.0117,0,REST-S,7,4,4
581,9389,23:20:00,0,0.00,0,0.6000,0.1300,0.0347,0.0117,0,REST-S,7,4,4
581,9390,23:20:30,0,0.00,0,0.6200,0.1360,0.0347,0.0117,0,REST-S,7,4,4
581,9391,23:21:00,0,0.00,0,0.6200,0.1360,0.0347,0.0117,0,REST-S,7,4,4
581,9392,23:21:30,0,0.00,0,0.6200,0.1360,0.0347,0.0117,0,REST-S,7,4,4
581,9393,23:22:00,0,0.00,0,0.6200,0.1360,0.0347,0.0117,0,REST-S,7,4,4
581,9394,23:22:30,0,0.00,0,0.6200,0.1360,0.0347,0.0117,0,REST-S,7,4,4
581,9395,23:23:00,0,0.00,0,0.6200,0.1360,0.0347,0.0117,0,REST-S,7,4,4
581,9396,23:23:30,0,0.00,0,0.6200,0.1360,0.0347,0.0117,0,REST-S,7,4,4
581,9397,23:24:00,0,0.00,0,0.6200,0.1360,0.0347,0.0117,0,REST-S,7,4,4
581,9398,23:24:30,0,0.00,0,0.6200,0.1360,0.0347,0.0117,0,REST-S,7,4,4
581,9399,23:25:00,0,0.00,0,0.6200,0.1360,0.0347,0.0117,0,REST-S,7,4,4
581,9400,23:25:30,0,0.00,0,0.6000,0.1300,0.0347,0.0117,0,REST-S,7,4,4
581,9401,23:26:00,0,0.00,0,0.5800,0.1190,0.0347,0.0117,0,REST-S,7,4,4
581,9402,23:26:30,0,0.00,0,0.5800,0.1190,0.0347,0.0117,0,REST-S,7,4,4
581,9403,23:27:00,0,0.00,0,0.5800,0.1190,0.0347,0.0117,0,REST-S,7,4,4
581,9404,23:27:30,0,0.00,0,0.5800,0.1190,0.0347,0.0117,0,REST-S,7,4,4
581,9405,23:28:00,0,28.00,0,0.5800,0.1190,0.0347,0.0117,1,REST-S,7,4,4
581,9406,23:28:30,0,21.00,0,0.5700,0.1140,0.0347,0.0117,1,REST-S,7,4,4
581,9407,23:29:00,0,0.00,0,0.5800,0.1190,0.0347,0.0117,0,REST-S,7,4,4
581,9408,23:29:30,0,0.00,0,0.5800,0.1190,0.0347,0.0117,0,REST-S,7,4,4
581,9409,23:30:00,0,0.00,0,0.5800,0.1190,0.0347,0.0117,0,REST-S,7,4,4
581,9410,23:30:30,0,0.00,0,0.5800,0.1190,0.0347,0.0117,0,REST-S,7,4,4
581,9411,23:31:00,0,0.00,0,0.5800,0.1190,0.0347,0.0117,0,REST-S,7,4,4
581,9412,23:31:30,0,0.00,0,0.5800,0.1190,0.0347,0.0117,0,REST-S,7,4,4
581,9413,23:32:00,0,0.00,0,0.5800,0.1190,0.0347,0.0117,0,REST-S,7,4,4
581,9414,23:32:30,0,0.00,0,0.5800,0.1190,0.0347,0.0117,0,REST-S,7,4,4
581,9415,23:33:00,0,0.00,0,0.5800,0.1190,0.0347,0.0117,0,REST-S,7,4,4
581,9416,23:33:30,0,0.00,0,0.5800,0.1190,0.0347,0.0117,0,REST-S,7,4,4
581,9417,23:34:00,0,0.00,0,0.5800,0.1190,0.0347,0.0117,0,REST-S,7,4,4
581,9418,23:34:30,0,0.00,0,0.5800,0.1190,0.0347,0.0117,0,REST-S,7,4,4
581,9419,23:35:00,0,0.00,0,0.5800,0.1190,0.0347,0.0117,0,REST-S,7,4,4
581,9420,23:35:30,0,0.00,0,0.5800,0.1190,0.0347,0.0117,0,REST-S,7,4,4
581,9421,23:36:00,0,0.00,0,0.5800,0.1190,0.0347,0.0117,0,REST-S,7,4,4
581,9422,23:36:30,0,0.00,0,0.5800,0.1190,0.0347,0.0117,0,REST-S,7,4,4
581,9423,23:37:00,0,0.00,0,0.5800,0.1190,0.0347,0.0117,0,REST-S,7,4,4
581,9424,23:37:30,0,25.00,0,0.5800,0.1190,0.0347,0.0117,1,REST-S,7,4,4
581,9425,23:38:00,0,0.00,0,0.5800,0.1190,0.0347,0.0117,0,REST-S,7,4,4
581,9426,23:38:30,0,0.00,0,0.5800,0.1190,0.0347,0.0117,0,REST-S,7,4,4
581,9427,23:39:00,0,0.00,0,0.5800,0.1190,0.0347,0.0117,0,REST-S,7,4,4
581,9428,23:39:30,0,70.00,0,0.5800,0.1190,0.0347,0.0117,1,REST-S,7,4,4
581,9429,23:40:00,0,0.00,0,0.5800,0.1190,0.0347,0.0117,0,REST-S,7,4,4
581,9430,23:40:30,0,0.00,0,0.6000,0.1300,0.0347,0.0117,0,REST-S,7,4,4
581,9431,23:41:00,0,49.00,0,0.5800,0.1190,0.0347,0.0117,1,REST-S,7,4,4
581,9432,23:41:30,0,0.00,0,0.6000,0.1300,0.0347,0.0117,0,REST-S,7,4,4
581,9433,23:42:00,0,0.00,0,0.6000,0.1300,0.0347,0.0117,0,REST-S,7,4,4
581,9434,23:42:30,0,0.00,0,0.6000,0.1300,0.0347,0.0117,0,REST-S,7,4,4
581,9435,23:43:00,0,0.00,0,0.5800,0.1190,0.0347,0.0117,0,REST-S,7,4,4
581,9436,23:43:30,0,0.00,0,0.6000,0.1300,0.0347,0.0117,0,REST-S,7,4,4
581,9437,23:44:00,0,0.00,0,0.6000,0.1300,0.0347,0.0117,0,REST-S,7,4,4
581,9438,23:44:30,0,0.00,0,0.5800,0.1190,0.0347,0.0117,0,REST-S,7,4,4
581,9439,23:45:00,0,0.00,0,0.6000,0.1300,0.0347,0.0117,0,REST-S,7,4,4
581,9440,23:45:30,0,0.00,0,0.5800,0.1190,0.0347,0.0117,0,REST-S,7,4,4
581,9441,23:46:00,0,0.00,0,0.5800,0.1190,0.0347,0.0117,0,REST-S,7,4,4
581,9442,23:46:30,0,0.00,0,0.6000,0.1300,0.0347,0.0117,0,REST-S,7,4,4
581,9443,23:47:00,0,0.00,0,0.5800,0.1190,0.0347,0.0117,0,REST-S,7,4,4
581,9444,23:47:30,0,0.00,0,0.5800,0.1190,0.0347,0.0117,0,REST-S,7,4,4
581,9445,23:48:00,0,0.00,0,0.5800,0.1190,0.0347,0.0117,0,REST-S,7,4,4
581,9446,23:48:30,0,0.00,0,0.5800,0.1190,0.0347,0.0117,0,REST-S,7,4,4
581,9447,23:49:00,0,0.00,0,0.5800,0.1190,0.0347,0.0117,0,REST-S,7,4,4
581,9448,23:49:30,0,0.00,0,0.5800,0.1190,0.0347,0.0117,0,REST-S,7,4,4
581,9449,23:50:00,0,0.00,0,0.5800,0.1190,0.0347,0.0117,0,REST-S,7,4,4
581,9450,23:50:30,0,0.00,0,0.5700,0.1140,0.0347,0.0117,0,REST-S,7,4,4
581,9451,23:51:00,0,0.00,0,0.5800,0.1190,0.0347,0.0117,0,REST-S,7,4,4
581,9452,23:51:30,0,0.00,0,0.5800,0.1190,0.0347,0.0117,0,REST-S,7,4,4
581,9453,23:52:00,0,0.00,0,0.5800,0.1190,0.0347,0.0117,0,REST-S,7,4,4
581,9454,23:52:30,0,0.00,0,0.5800,0.1190,0.0347,0.0117,0,REST-S,7,4,4
581,9455,23:53:00,0,0.00,0,0.5800,0.1190,0.0347,0.0117,0,REST-S,7,4,4
581,9456,23:53:30,0,0.00,0,0.5700,0.1140,0.0347,0.0117,0,REST-S,7,4,4
581,9457,23:54:00,0,0.00,0,0.5800,0.1190,0.0347,0.0117,0,REST-S,7,4,4
581,9458,23:54:30,0,0.00,0,0.5700,0.1140,0.0347,0.0117,0,REST-S,7,4,4
581,9459,23:55:00,0,86.00,0,0.5700,0.1140,0.0347,0.0117,1,REST-S,7,4,4
581,9460,23:55:30,0,0.00,0,0.5800,0.1190,0.0347,0.0117,0,REST-S,7,4,4
581,9461,23:56:00,0,0.00,0,0.5700,0.1140,0.0347,0.0117,0,REST-S,7,4,4
581,9462,23:56:30,0,0.00,0,0.5800,0.1190,0.0347,0.0117,1,REST-S,7,4,4
581,9463,23:57:00,0,56.00,0,0.5700,0.1140,0.0347,0.0117,1,REST-S,7,4,4
581,9464,23:57:30,0,252.00,0,0.3000,0.1300,0.0000,0.0117,1,REST-S,7,4,4
581,9465,23:58:00,0,0.00,0,0.5800,0.1190,0.0347,0.0117,1,REST-S,7,4,4
581,9466,23:58:30,0,0.00,0,0.5800,0.1190,0.0347,0.0117,1,REST-S,7,4,4
581,9467,23:59:00,0,0.00,0,0.5700,0.1140,0.0347,0.0117,0,REST-S,7,4,4
581,9468,23:59:30,0,0.00,0,0.5800,0.1190,0.0347,0.0117,0,REST-S,7,4,4
581,9469,0:00:00,0,0.00,0,0.5800,0.1190,0.0347,0.0117,0,REST-S,1,5,4
581,9470,0:00:30,0,0.00,0,0.5800,0.1190,0.0347,0.0117,0,REST-S,1,5,4
581,9471,0:01:00,0,0.00,0,0.5800,0.1190,0.0347,0.0117,0,REST-S,1,5,4
581,9472,0:01:30,0,0.00,0,0.5800,0.1190,0.0347,0.0117,0,REST-S,1,5,4
581,9473,0:02:00,0,0.00,0,0.5800,0.1190,0.0347,0.0117,0,REST-S,1,5,4
581,9474,0:02:30,0,0.00,0,0.5800,0.1190,0.0347,0.0117,0,REST-S,1,5,4
581,9475,0:03:00,0,0.00,0,0.5800,0.1190,0.0347,0.0117,0,REST-S,1,5,4
581,9476,0:03:30,0,0.00,0,0.5800,0.1190,0.0347,0.0117,0,REST-S,1,5,4
581,9477,0:04:00,0,0.00,0,0.5800,0.1190,0.0347,0.0117,0,REST-S,1,5,4
581,9478,0:04:30,0,0.00,0,0.5800,0.1190,0.0347,0.0117,0,REST-S,1,5,4
581,9479,0:05:00,0,0.00,0,0.5800,0.1190,0.0347,0.0117,0,REST-S,1,5,4
581,9480,0:05:30,0,0.00,0,0.5800,0.1190,0.0347,0.0117,0,REST-S,1,5,4
581,9481,0:06:00,0,9.00,0,0.5800,0.1190,0.0347,0.0117,0,REST-S,1,5,4
581,9482,0:06:30,0,21.00,0,0.5800,0.1190,0.0347,0.0117,1,REST-S,1,5,4
581,9483,0:07:00,0,0.00,0,0.5800,0.1190,0.0347,0.0117,0,REST-S,1,5,4
581,9484,0:07:30,0,0.00,0,0.5800,0.1190,0.0347,0.0117,0,REST-S,1,5,4
581,9485,0:08:00,0,0.00,0,0.6200,0.1360,0.0347,0.0117,0,REST-S,1,5,4
581,9486,0:08:30,0,0.00,0,0.6200,0.1360,0.0347,0.0117,0,REST-S,1,5,4
581,9487,0:09:00,0,0.00,0,0.6200,0.1360,0.0347,0.0117,0,REST-S,1,5,4
581,9488,0:09:30,0,0.00,0,0.6200,0.1360,0.0347,0.0117,0,REST-S,1,5,4
581,9489,0:10:00,0,0.00,0,0.6200,0.1360,0.0347,0.0117,0,REST-S,1,5,4
581,9490,0:10:30,0,0.00,0,0.6200,0.1360,0.0347,0.0117,0,REST-S,1,5,4
581,9491,0:11:00,0,0.00,0,0.5800,0.1190,0.0347,0.0117,0,REST-S,1,5,4
581,9492,0:11:30,0,0.00,0,0.5800,0.1190,0.0347,0.0117,0,REST-S,1,5,4
581,9493,0:12:00,0,0.00,0,0.5800,0.1190,0.0347,0.0117,0,REST-S,1,5,4
581,9494,0:12:30,0,0.00,0,0.5800,0.1190,0.0347,0.0117,0,REST-S,1,5,4
581,9495,0:13:00,0,0.00,0,0.5800,0.1190,0.0347,0.0117,0,REST-S,1,5,4
581,9496,0:13:30,0,0.00,0,0.5800,0.1190,0.0347,0.0117,0,REST-S,1,5,4
581,9497,0:14:00,0,0.00,0,0.5800,0.1190,0.0347,0.0117,0,REST-S,1,5,4
581,9498,0:14:30,0,0.00,0,0.5800,0.1190,0.0347,0.0117,0,REST-S,1,5,4
581,9499,0:15:00,0,82.00,0,0.5800,0.1190,0.0347,0.0117,1,REST-S,1,5,4
581,9500,0:15:30,0,0.00,0,0.5800,0.1190,0.0347,0.0117,0,REST-S,1,5,4
581,9501,0:16:00,0,0.00,0,0.5800,0.1190,0.0347,0.0117,0,REST-S,1,5,4
581,9502,0:16:30,0,4.00,0,0.5800,0.1190,0.0347,0.0117,0,REST-S,1,5,4
581,9503,0:17:00,0,28.00,0,0.5800,0.1190,0.0347,0.0117,1,REST-S,1,5,4
581,9504,0:17:30,0,0.00,0,0.5700,0.1140,0.0347,0.0117,0,REST-S,1,5,4
581,9505,0:18:00,0,0.00,0,0.5700,0.1140,0.0347,0.0117,0,REST-S,1,5,4
581,9506,0:18:30,0,0.00,0,0.5700,0.1140,0.0347,0.0117,0,REST-S,1,5,4
581,9507,0:19:00,0,0.00,0,0.5700,0.1140,0.0347,0.0117,0,REST-S,1,5,4
581,9508,0:19:30,0,0.00,0,0.5700,0.1140,0.0347,0.0117,0,REST-S,1,5,4
581,9509,0:20:00,0,0.00,0,0.5700,0.1140,0.0347,0.0117,0,REST-S,1,5,4
581,9510,0:20:30,0,0.00,0,0.5700,0.1140,0.0347,0.0117,0,REST-S,1,5,4
581,9511,0:21:00,0,0.00,0,0.5700,0.1140,0.0347,0.0117,0,REST-S,1,5,4
581,9512,0:21:30,0,0.00,0,0.3000,0.1300,0.0000,0.0117,0,REST-S,1,5,4
581,9513,0:22:00,0,0.00,0,0.5700,0.1140,0.0347,0.0117,0,REST-S,1,5,4
581,9514,0:22:30,0,0.00,0,0.4700,0.1140,0.0251,0.0000,0,REST-S,1,5,4
581,9515,0:23:00,0,0.00,0,0.6000,0.1300,0.0347,0.0117,0,REST-S,1,5,4
581,9516,0:23:30,0,0.00,0,0.5800,0.1190,0.0347,0.0117,0,REST-S,1,5,4
581,9517,0:24:00,0,0.00,0,0.5800,0.1190,0.0347,0.0117,0,REST-S,1,5,4
581,9518,0:24:30,0,0.00,0,0.5800,0.1190,0.0347,0.0117,0,REST-S,1,5,4
581,9519,0:25:00,0,0.00,0,0.3100,0.1360,0.0000,0.0117,0,REST-S,1,5,4
581,9520,0:25:30,0,0.00,0,0.5800,0.1190,0.0347,0.0117,0,REST-S,1,5,4
581,9521,0:26:00,0,0.00,0,0.5800,0.1190,0.0347,0.0117,0,REST-S,1,5,4
581,9522,0:26:30,0,0.00,0,0.3100,0.1360,0.0000,0.0117,0,REST-S,1,5,4
581,9523,0:27:00,0,0.00,0,0.5800,0.1190,0.0347,0.0117,0,REST-S,1,5,4
581,9524,0:27:30,0,0.00,0,0.5800,0.1190,0.0347,0.0117,0,REST-S,1,5,4
581,9525,0:28:00,0,0.00,0,0.3000,0.1360,0.0000,0.0000,0,REST-S,1,5,4
581,9526,0:28:30,0,0.00,0,0.3000,0.1360,0.0000,0.0000,0,REST-S,1,5,4
581,9527,0:29:00,0,0.00,0,0.3000,0.1300,0.0000,0.0117,0,REST-S,1,5,4
581,9528,0:29:30,0,0.00,0,0.4600,0.1070,0.0251,0.0000,0,REST-S,1,5,4
581,9529,0:30:00,0,0.00,0,0.5500,0.1070,0.0347,0.0117,0,REST-S,1,5,4
581,9530,0:30:30,0,0.00,0,0.4600,0.1070,0.0251,0.0000,0,REST-S,1,5,4
581,9531,0:31:00,0,0.00,0,0.5500,0.1070,0.0347,0.0117,0,REST-S,1,5,4
581,9532,0:31:30,0,0.00,0,0.2800,0.1220,0.0000,0.0117,0,REST-S,1,5,4
581,9533,0:32:00,0,0.00,0,0.2700,0.1220,0.0000,0.0000,0,REST-S,1,5,4
581,9534,0:32:30,0,0.00,0,0.2800,0.1220,0.0000,0.0117,0,REST-S,1,5,4
581,9535,0:33:00,0,0.00,0,0.2800,0.1220,0.0000,0.0117,0,REST-S,1,5,4
581,9536,0:33:30,0,0.00,0,0.4600,0.1070,0.0251,0.0000,0,REST-S,1,5,4
581,9537,0:34:00,0,0.00,0,0.5500,0.1070,0.0347,0.0117,0,REST-S,1,5,4
581,9538,0:34:30,0,0.00,0,0.2800,0.1220,0.0000,0.0117,0,REST-S,1,5,4
581,9539,0:35:00,0,0.00,0,0.2700,0.1220,0.0000,0.0000,0,REST-S,1,5,4
581,9540,0:35:30,0,0.00,0,0.2800,0.1220,0.0000,0.0117,0,REST-S,1,5,4
581,9541,0:36:00,0,0.00,0,0.2700,0.1220,0.0000,0.0000,0,REST-S,1,5,4
581,9542,0:36:30,0,9.00,0,0.2800,0.1220,0.0000,0.0117,0,REST-S,1,5,4
581,9543,0:37:00,0,0.00,0,0.2800,0.1220,0.0000,0.0117,0,REST-S,1,5,4
581,9544,0:37:30,0,0.00,0,0.5500,0.1070,0.0347,0.0117,0,REST-S,1,5,4
581,9545,0:38:00,0,0.00,0,0.2700,0.1220,0.0000,0.0000,0,REST-S,1,5,4
581,9546,0:38:30,0,0.00,0,0.2700,0.1220,0.0000,0.0000,0,REST-S,1,5,4
581,9547,0:39:00,0,0.00,0,0.2700,0.1220,0.0000,0.0000,0,REST-S,1,5,4
581,9548,0:39:30,0,0.00,0,0.2700,0.1220,0.0000,0.0000,0,REST-S,1,5,4
581,9549,0:40:00,0,0.00,0,0.2700,0.1220,0.0000,0.0000,0,REST-S,1,5,4
581,9550,0:40:30,0,0.00,0,0.2800,0.1220,0.0000,0.0117,0,REST-S,1,5,4
581,9551,0:41:00,0,0.00,0,0.4600,0.1070,0.0251,0.0000,0,REST-S,1,5,4
581,9552,0:41:30,0,0.00,0,0.2700,0.1220,0.0000,0.0000,0,REST-S,1,5,4
581,9553,0:42:00,0,0.00,0,0.2700,0.1220,0.0000,0.0000,0,REST-S,1,5,4
581,9554,0:42:30,0,0.00,0,0.2700,0.1220,0.0000,0.0000,0,REST-S,1,5,4
581,9555,0:43:00,0,0.00,0,0.2500,0.1120,0.0000,0.0000,0,REST-S,1,5,4
581,9556,0:43:30,0,0.00,0,0.2500,0.1120,0.0000,0.0000,0,REST-S,1,5,4
581,9557,0:44:00,0,2.00,0,0.2500,0.1120,0.0000,0.0000,0,REST-S,1,5,4
581,9558,0:44:30,0,79.00,0,0.2700,0.1220,0.0000,0.0000,1,REST-S,1,5,4
581,9559,0:45:00,0,0.00,0,0.2500,0.1120,0.0000,0.0000,0,REST-S,1,5,4
581,9560,0:45:30,0,0.00,0,0.2500,0.1120,0.0000,0.0000,0,REST-S,1,5,4
581,9561,0:46:00,0,0.00,0,0.2500,0.1120,0.0000,0.0000,0,REST-S,1,5,4
581,9562,0:46:30,0,0.00,0,0.2500,0.1120,0.0000,0.0000,0,REST-S,1,5,4
581,9563,0:47:00,0,0.00,0,0.2500,0.1120,0.0000,0.0000,0,REST-S,1,5,4
581,9564,0:47:30,0,0.00,0,0.2500,0.1120,0.0000,0.0000,0,REST-S,1,5,4
581,9565,0:48:00,0,0.00,0,0.2500,0.1120,0.0000,0.0000,0,REST-S,1,5,4
581,9566,0:48:30,0,0.00,0,0.2500,0.1120,0.0000,0.0000,0,REST-S,1,5,4
581,9567,0:49:00,0,0.00,0,0.2500,0.1120,0.0000,0.0000,0,REST-S,1,5,4
581,9568,0:49:30,0,0.00,0,0.2500,0.1120,0.0000,0.0000,0,REST-S,1,5,4
581,9569,0:50:00,0,0.00,0,0.2500,0.1120,0.0000,0.0000,0,REST-S,1,5,4
581,9570,0:50:30,0,0.00,0,0.2500,0.1120,0.0000,0.0000,0,REST-S,1,5,4
581,9571,0:51:00,0,0.00,0,0.2500,0.1120,0.0000,0.0000,0,REST-S,1,5,4
581,9572,0:51:30,0,0.00,0,0.2500,0.1120,0.0000,0.0000,0,REST-S,1,5,4
581,9573,0:52:00,0,0.00,0,0.2500,0.1120,0.0000,0.0000,0,REST-S,1,5,4
581,9574,0:52:30,0,0.00,0,0.2700,0.1220,0.0000,0.0000,0,REST-S,1,5,4
581,9575,0:53:00,0,0.00,0,0.2700,0.1220,0.0000,0.0000,0,REST-S,1,5,4
581,9576,0:53:30,0,0.00,0,0.2700,0.1220,0.0000,0.0000,0,REST-S,1,5,4
581,9577,0:54:00,0,0.00,0,0.2700,0.1220,0.0000,0.0000,0,REST-S,1,5,4
581,9578,0:54:30,0,0.00,0,0.2700,0.1220,0.0000,0.0000,0,REST-S,1,5,4
581,9579,0:55:00,0,0.00,0,0.2700,0.1220,0.0000,0.0000,0,REST-S,1,5,4
581,9580,0:55:30,0,0.00,0,0.2700,0.1220,0.0000,0.0000,0,REST-S,1,5,4
581,9581,0:56:00,0,0.00,0,0.2700,0.1220,0.0000,0.0000,0,REST-S,1,5,4
581,9582,0:56:30,0,0.00,0,0.2700,0.1220,0.0000,0.0000,0,REST-S,1,5,4
581,9583,0:57:00,0,0.00,0,0.2700,0.1220,0.0000,0.0000,0,REST-S,1,5,4
581,9584,0:57:30,0,0.00,0,0.2500,0.1120,0.0000,0.0000,0,REST-S,1,5,4
581,9585,0:58:00,0,0.00,0,0.2500,0.1120,0.0000,0.0000,0,REST-S,1,5,4
581,9586,0:58:30,0,0.00,0,0.2500,0.1120,0.0000,0.0000,0,REST-S,1,5,4
581,9587,0:59:00,0,0.00,0,0.2500,0.1120,0.0000,0.0000,0,REST-S,1,5,4
581,9588,0:59:30,0,0.00,0,0.2500,0.1120,0.0000,0.0000,0,REST-S,1,5,4
581,9589,1:00:00,0,0.00,0,0.2500,0.1120,0.0000,0.0000,0,REST-S,1,5,4
581,9590,1:00:30,0,0.00,0,0.2500,0.1120,0.0000,0.0000,0,REST-S,1,5,4
581,9591,1:01:00,0,0.00,0,0.2500,0.1120,0.0000,0.0000,0,REST-S,1,5,4
581,9592,1:01:30,0,0.00,0,0.2500,0.1120,0.0000,0.0000,0,REST-S,1,5,4
581,9593,1:02:00,0,0.00,0,0.2500,0.1120,0.0000,0.0000,0,REST-S,1,5,4
581,9594,1:02:30,0,0.00,0,0.2500,0.1120,0.0000,0.0000,0,REST-S,1,5,4
581,9595,1:03:00,0,0.00,0,0.2500,0.1120,0.0000,0.0000,0,REST-S,1,5,4
581,9596,1:03:30,0,0.00,0,0.2500,0.1120,0.0000,0.0000,0,REST-S,1,5,4
581,9597,1:04:00,0,0.00,0,0.2500,0.1120,0.0000,0.0000,0,REST-S,1,5,4
581,9598,1:04:30,0,0.00,0,0.2500,0.1120,0.0000,0.0000,0,REST-S,1,5,4
581,9599,1:05:00,0,0.00,0,0.2500,0.1120,0.0000,0.0000,0,REST-S,1,5,4
581,9600,1:05:30,0,0.00,0,0.2500,0.1120,0.0000,0.0000,0,REST-S,1,5,4
581,9601,1:06:00,0,0.00,0,0.2500,0.1120,0.0000,0.0000,0,REST-S,1,5,4
581,9602,1:06:30,0,0.00,0,0.2500,0.1120,0.0000,0.0000,0,REST-S,1,5,4
581,9603,1:07:00,0,0.00,0,0.2500,0.1120,0.0000,0.0000,0,REST-S,1,5,4
581,9604,1:07:30,0,0.00,0,0.2500,0.1120,0.0000,0.0000,0,REST-S,1,5,4
581,9605,1:08:00,0,0.00,0,0.2500,0.1120,0.0000,0.0000,0,REST-S,1,5,4
581,9606,1:08:30,0,0.00,0,0.2500,0.1120,0.0000,0.0000,0,REST-S,1,5,4
581,9607,1:09:00,0,0.00,0,0.2500,0.1120,0.0000,0.0000,0,REST-S,1,5,4
581,9608,1:09:30,0,0.00,0,0.2500,0.1120,0.0000,0.0000,0,REST-S,1,5,4
581,9609,1:10:00,0,0.00,0,0.2500,0.1120,0.0000,0.0000,0,REST-S,1,5,4
581,9610,1:10:30,0,0.00,0,0.2500,0.1120,0.0000,0.0000,0,REST-S,1,5,4
581,9611,1:11:00,0,6.00,0,0.2500,0.1120,0.0000,0.0000,0,REST-S,1,5,4
581,9612,1:11:30,0,0.00,0,0.2500,0.1120,0.0000,0.0000,0,REST-S,1,5,4
581,9613,1:12:00,0,0.00,0,0.2500,0.1120,0.0000,0.0000,0,REST-S,1,5,4
581,9614,1:12:30,0,0.00,0,0.2500,0.1120,0.0000,0.0000,0,REST-S,1,5,4
581,9615,1:13:00,0,0.00,0,0.2500,0.1120,0.0000,0.0000,0,REST-S,1,5,4
581,9616,1:13:30,0,0.00,0,0.2500,0.1120,0.0000,0.0000,0,REST-S,1,5,4
581,9617,1:14:00,0,0.00,0,0.2500,0.1120,0.0000,0.0000,0,REST-S,1,5,4
581,9618,1:14:30,0,0.00,0,0.2500,0.1120,0.0000,0.0000,0,REST-S,1,5,4
581,9619,1:15:00,0,0.00,0,0.2500,0.1120,0.0000,0.0000,0,REST-S,1,5,4
581,9620,1:15:30,0,0.00,0,0.2500,0.1120,0.0000,0.0000,0,REST-S,1,5,4
581,9621,1:16:00,0,0.00,0,0.2500,0.1120,0.0000,0.0000,0,REST-S,1,5,4
581,9622,1:16:30,0,0.00,0,0.2500,0.1120,0.0000,0.0000,0,REST-S,1,5,4
581,9623,1:17:00,0,0.00,0,0.2500,0.1120,0.0000,0.0000,0,REST-S,1,5,4
581,9624,1:17:30,0,0.00,0,0.2500,0.1120,0.0000,0.0000,0,REST-S,1,5,4
581,9625,1:18:00,0,0.00,0,0.2500,0.1120,0.0000,0.0000,0,REST-S,1,5,4
581,9626,1:18:30,0,0.00,0,0.2500,0.1120,0.0000,0.0000,0,REST-S,1,5,4
581,9627,1:19:00,0,0.00,0,0.2500,0.1120,0.0000,0.0000,0,REST-S,1,5,4
581,9628,1:19:30,0,0.00,0,0.2500,0.1120,0.0000,0.0000,0,REST-S,1,5,4
581,9629,1:20:00,0,0.00,0,0.2500,0.1120,0.0000,0.0000,0,REST-S,1,5,4
581,9630,1:20:30,0,0.00,0,0.2500,0.1120,0.0000,0.0000,0,REST-S,1,5,4
581,9631,1:21:00,0,0.00,0,0.2500,0.1120,0.0000,0.0000,0,REST-S,1,5,4
581,9632,1:21:30,0,0.00,0,0.2500,0.1120,0.0000,0.0000,0,REST-S,1,5,4
581,9633,1:22:00,0,0.00,0,0.2500,0.1120,0.0000,0.0000,0,REST-S,1,5,4
581,9634,1:22:30,0,0.00,0,0.2500,0.1120,0.0000,0.0000,0,REST-S,1,5,4
581,9635,1:23:00,0,0.00,0,0.2500,0.1120,0.0000,0.0000,0,REST-S,1,5,4
581,9636,1:23:30,0,0.00,0,0.2500,0.1120,0.0000,0.0000,0,REST-S,1,5,4
581,9637,1:24:00,0,0.00,0,0.2500,0.1120,0.0000,0.0000,0,REST-S,1,5,4
581,9638,1:24:30,0,0.00,0,0.2500,0.1120,0.0000,0.0000,0,REST-S,1,5,4
581,9639,1:25:00,0,0.00,0,0.2500,0.1120,0.0000,0.0000,0,REST-S,1,5,4
581,9640,1:25:30,0,0.00,0,0.2500,0.1120,0.0000,0.0000,0,REST-S,1,5,4
581,9641,1:26:00,0,0.00,0,0.2500,0.1120,0.0000,0.0000,0,REST-S,1,5,4
581,9642,1:26:30,0,0.00,0,0.2500,0.1120,0.0000,0.0000,0,REST-S,1,5,4
581,9643,1:27:00,0,0.00,0,0.2500,0.1120,0.0000,0.0000,0,REST-S,1,5,4
581,9644,1:27:30,0,0.00,0,0.2500,0.1120,0.0000,0.0000,0,REST-S,1,5,4
581,9645,1:28:00,0,0.00,0,0.2500,0.1120,0.0000,0.0000,0,REST-S,1,5,4
581,9646,1:28:30,0,31.00,0,0.2500,0.1120,0.0000,0.0000,1,REST-S,1,5,4
581,9647,1:29:00,0,5.00,0,0.2500,0.1120,0.0000,0.0000,0,REST-S,1,5,4
581,9648,1:29:30,0,0.00,0,0.2500,0.1120,0.0000,0.0000,0,REST-S,1,5,4
581,9649,1:30:00,0,0.00,0,0.2500,0.1120,0.0000,0.0000,0,REST-S,1,5,4
581,9650,1:30:30,0,0.00,0,0.2500,0.1120,0.0000,0.0000,0,REST-S,1,5,4
581,9651,1:31:00,0,0.00,0,0.2500,0.1120,0.0000,0.0000,0,REST-S,1,5,4
581,9652,1:31:30,0,0.00,0,0.2500,0.1120,0.0000,0.0000,0,REST-S,1,5,4
581,9653,1:32:00,0,0.00,0,0.2500,0.1120,0.0000,0.0000,0,REST-S,1,5,4
581,9654,1:32:30,0,0.00,0,0.2500,0.1120,0.0000,0.0000,0,REST-S,1,5,4
581,9655,1:33:00,0,0.00,0,0.2500,0.1120,0.0000,0.0000,0,REST-S,1,5,4
581,9656,1:33:30,0,0.00,0,0.2500,0.1120,0.0000,0.0000,0,REST-S,1,5,4
581,9657,1:34:00,0,0.00,0,0.2500,0.1120,0.0000,0.0000,0,REST-S,1,5,4
581,9658,1:34:30,0,0.00,0,0.2500,0.1120,0.0000,0.0000,0,REST-S,1,5,4
581,9659,1:35:00,0,0.00,0,0.2500,0.1120,0.0000,0.0000,0,REST-S,1,5,4
581,9660,1:35:30,0,0.00,0,0.2500,0.1120,0.0000,0.0000,0,REST-S,1,5,4
581,9661,1:36:00,0,0.00,0,0.2500,0.1120,0.0000,0.0000,0,REST-S,1,5,4
581,9662,1:36:30,0,0.00,0,0.2500,0.1120,0.0000,0.0000,0,REST-S,1,5,4
581,9663,1:37:00,0,0.00,0,0.2500,0.1120,0.0000,0.0000,0,REST-S,1,5,4
581,9664,1:37:30,0,0.00,0,0.2500,0.1120,0.0000,0.0000,0,REST-S,1,5,4
581,9665,1:38:00,0,0.00,0,0.2500,0.1120,0.0000,0.0000,0,REST-S,1,5,4
581,9666,1:38:30,0,0.00,0,0.2500,0.1120,0.0000,0.0000,0,REST-S,1,5,4
581,9667,1:39:00,0,0.00,0,0.2500,0.1120,0.0000,0.0000,0,REST-S,1,5,4
581,9668,1:39:30,0,0.00,0,0.2500,0.1120,0.0000,0.0000,0,REST-S,1,5,4
581,9669,1:40:00,0,0.00,0,0.2500,0.1120,0.0000,0.0000,0,REST-S,1,5,4
581,9670,1:40:30,0,0.00,0,0.2500,0.1120,0.0000,0.0000,0,REST-S,1,5,4
581,9671,1:41:00,0,0.00,0,0.2500,0.1120,0.0000,0.0000,0,REST-S,1,5,4
581,9672,1:41:30,0,0.00,0,0.2900,0.1300,0.0000,0.0000,0,REST-S,1,5,4
581,9673,1:42:00,0,0.00,0,0.2900,0.1300,0.0000,0.0000,0,REST-S,1,5,4
581,9674,1:42:30,0,0.00,0,0.2900,0.1300,0.0000,0.0000,0,REST-S,1,5,4
581,9675,1:43:00,0,0.00,0,0.2900,0.1300,0.0000,0.0000,0,REST-S,1,5,4
581,9676,1:43:30,0,0.00,0,0.2900,0.1300,0.0000,0.0000,0,REST-S,1,5,4
581,9677,1:44:00,0,0.00,0,0.2900,0.1300,0.0000,0.0000,0,REST-S,1,5,4
581,9678,1:44:30,0,0.00,0,0.2900,0.1300,0.0000,0.0000,0,REST-S,1,5,4
581,9679,1:45:00,0,0.00,0,0.2900,0.1300,0.0000,0.0000,0,REST-S,1,5,4
581,9680,1:45:30,0,0.00,0,0.2900,0.1300,0.0000,0.0000,0,REST-S,1,5,4
581,9681,1:46:00,0,0.00,0,0.2900,0.1300,0.0000,0.0000,0,REST-S,1,5,4
581,9682,1:46:30,0,0.00,0,0.2900,0.1300,0.0000,0.0000,0,REST-S,1,5,4
581,9683,1:47:00,0,0.00,0,0.2900,0.1300,0.0000,0.0000,0,REST-S,1,5,4
581,9684,1:47:30,0,0.00,0,0.2900,0.1300,0.0000,0.0000,0,REST-S,1,5,4
581,9685,1:48:00,0,0.00,0,0.2900,0.1300,0.0000,0.0000,0,REST-S,1,5,4
581,9686,1:48:30,0,0.00,0,0.2700,0.1220,0.0000,0.0000,0,REST-S,1,5,4
581,9687,1:49:00,0,0.00,0,0.2700,0.1220,0.0000,0.0000,0,REST-S,1,5,4
581,9688,1:49:30,0,0.00,0,0.2500,0.1120,0.0000,0.0000,0,REST-S,1,5,4
581,9689,1:50:00,0,0.00,0,0.2900,0.1300,0.0000,0.0000,0,REST-S,1,5,4
581,9690,1:50:30,0,0.00,0,0.2900,0.1300,0.0000,0.0000,0,REST-S,1,5,4
581,9691,1:51:00,0,7.00,0,0.2900,0.1300,0.0000,0.0000,0,REST-S,1,5,4
581,9692,1:51:30,0,0.00,0,0.2900,0.1300,0.0000,0.0000,0,REST-S,1,5,4
581,9693,1:52:00,0,0.00,0,0.2900,0.1300,0.0000,0.0000,0,REST-S,1,5,4
581,9694,1:52:30,0,0.00,0,0.2900,0.1300,0.0000,0.0000,0,REST-S,1,5,4
581,9695,1:53:00,0,0.00,0,0.2900,0.1300,0.0000,0.0000,0,REST-S,1,5,4
581,9696,1:53:30,0,0.00,0,0.2900,0.1300,0.0000,0.0000,0,REST-S,1,5,4
581,9697,1:54:00,0,0.00,0,0.2900,0.1300,0.0000,0.0000,0,REST-S,1,5,4
581,9698,1:54:30,0,0.00,0,0.2900,0.1300,0.0000,0.0000,0,REST-S,1,5,4
581,9699,1:55:00,0,0.00,0,0.2900,0.1300,0.0000,0.0000,0,REST-S,1,5,4
581,9700,1:55:30,0,0.00,0,0.2900,0.1300,0.0000,0.0000,0,REST-S,1,5,4
581,9701,1:56:00,0,0.00,0,0.2900,0.1300,0.0000,0.0000,0,REST-S,1,5,4
581,9702,1:56:30,0,0.00,0,0.2900,0.1300,0.0000,0.0000,0,REST-S,1,5,4
581,9703,1:57:00,0,0.00,0,0.2500,0.1120,0.0000,0.0000,0,REST-S,1,5,4
581,9704,1:57:30,0,0.00,0,0.2500,0.1120,0.0000,0.0000,0,REST-S,1,5,4
581,9705,1:58:00,0,0.00,0,0.2500,0.1120,0.0000,0.0000,0,REST-S,1,5,4
581,9706,1:58:30,0,13.00,0,0.2500,0.1120,0.0000,0.0000,0,REST-S,1,5,4
581,9707,1:59:00,0,0.00,0,0.2500,0.1120,0.0000,0.0000,0,REST-S,1,5,4
581,9708,1:59:30,0,0.00,0,0.2500,0.1120,0.0000,0.0000,0,REST-S,1,5,4
581,9709,2:00:00,0,0.00,0,0.2500,0.1120,0.0000,0.0000,0,REST-S,1,5,4
581,9710,2:00:30,0,0.00,0,0.2500,0.1120,0.0000,0.0000,0,REST-S,1,5,4
581,9711,2:01:00,0,0.00,0,0.2500,0.1120,0.0000,0.0000,0,REST-S,1,5,4
581,9712,2:01:30,0,0.00,0,0.2500,0.1120,0.0000,0.0000,0,REST-S,1,5,4
581,9713,2:02:00,0,0.00,0,0.2500,0.1120,0.0000,0.0000,0,REST-S,1,5,4
581,9714,2:02:30,0,0.00,0,0.2500,0.1120,0.0000,0.0000,0,REST-S,1,5,4
581,9715,2:03:00,0,0.00,0,0.2500,0.1120,0.0000,0.0000,0,REST-S,1,5,4
581,9716,2:03:30,0,0.00,0,0.2500,0.1120,0.0000,0.0000,0,REST-S,1,5,4
581,9717,2:04:00,0,0.00,0,0.2500,0.1120,0.0000,0.0000,0,REST-S,1,5,4
581,9718,2:04:30,0,0.00,0,0.2700,0.1220,0.0000,0.0000,0,REST-S,1,5,4
581,9719,2:05:00,0,0.00,0,0.2500,0.1120,0.0000,0.0000,0,REST-S,1,5,4
581,9720,2:05:30,0,0.00,0,0.2500,0.1120,0.0000,0.0000,0,REST-S,1,5,4
581,9721,2:06:00,0,0.00,0,0.2500,0.1120,0.0000,0.0000,0,REST-S,1,5,4
581,9722,2:06:30,0,0.00,0,0.2500,0.1120,0.0000,0.0000,0,REST-S,1,5,4
581,9723,2:07:00,0,0.00,0,0.2500,0.1120,0.0000,0.0000,0,REST-S,1,5,4
581,9724,2:07:30,0,0.00,0,0.2700,0.1220,0.0000,0.0000,0,REST-S,1,5,4
581,9725,2:08:00,0,0.00,0,0.2500,0.1120,0.0000,0.0000,0,REST-S,1,5,4
581,9726,2:08:30,0,0.00,0,0.2500,0.1120,0.0000,0.0000,0,REST-S,1,5,4
581,9727,2:09:00,0,0.00,0,0.2500,0.1120,0.0000,0.0000,0,REST-S,1,5,4
581,9728,2:09:30,0,0.00,0,0.2500,0.1120,0.0000,0.0000,0,REST-S,1,5,4
581,9729,2:10:00,0,0.00,0,0.2500,0.1120,0.0000,0.0000,0,REST-S,1,5,4
581,9730,2:10:30,0,0.00,0,0.2700,0.1220,0.0000,0.0000,0,REST-S,1,5,4
581,9731,2:11:00,0,0.00,0,0.2700,0.1220,0.0000,0.0000,0,REST-S,1,5,4
581,9732,2:11:30,0,0.00,0,0.2900,0.1300,0.0000,0.0000,0,REST-S,1,5,4
581,9733,2:12:00,0,0.00,0,0.2900,0.1300,0.0000,0.0000,0,REST-S,1,5,4
581,9734,2:12:30,0,0.00,0,0.2900,0.1300,0.0000,0.0000,0,REST-S,1,5,4
581,9735,2:13:00,0,0.00,0,0.2900,0.1300,0.0000,0.0000,0,REST-S,1,5,4
581,9736,2:13:30,0,0.00,0,0.2900,0.1300,0.0000,0.0000,0,REST-S,1,5,4
581,9737,2:14:00,0,0.00,0,0.2900,0.1300,0.0000,0.0000,0,REST-S,1,5,4
581,9738,2:14:30,0,0.00,0,0.3000,0.1360,0.0000,0.0000,0,REST-S,1,5,4
581,9739,2:15:00,0,4.00,0,0.2900,0.1300,0.0000,0.0000,0,REST-S,1,5,4
581,9740,2:15:30,0,6.00,0,0.3000,0.1360,0.0000,0.0000,0,REST-S,1,5,4
581,9741,2:16:00,0,0.00,0,0.2900,0.1300,0.0000,0.0000,0,REST-S,1,5,4
581,9742,2:16:30,0,0.00,0,0.2900,0.1300,0.0000,0.0000,0,REST-S,1,5,4
581,9743,2:17:00,0,0.00,0,0.3000,0.1360,0.0000,0.0000,0,REST-S,1,5,4
581,9744,2:17:30,0,0.00,0,0.2900,0.1300,0.0000,0.0000,0,REST-S,1,5,4
581,9745,2:18:00,0,0.00,0,0.2900,0.1300,0.0000,0.0000,0,REST-S,1,5,4
581,9746,2:18:30,0,0.00,0,0.2900,0.1300,0.0000,0.0000,0,REST-S,1,5,4
581,9747,2:19:00,0,0.00,0,0.3000,0.1360,0.0000,0.0000,0,REST-S,1,5,4
581,9748,2:19:30,0,0.00,0,0.2900,0.1300,0.0000,0.0000,0,REST-S,1,5,4
581,9749,2:20:00,0,0.00,0,0.2900,0.1300,0.0000,0.0000,0,REST-S,1,5,4
581,9750,2:20:30,0,0.00,0,0.2900,0.1300,0.0000,0.0000,0,REST-S,1,5,4
581,9751,2:21:00,0,0.00,0,0.2900,0.1300,0.0000,0.0000,0,REST-S,1,5,4
581,9752,2:21:30,0,0.00,0,0.2900,0.1300,0.0000,0.0000,0,REST-S,1,5,4
581,9753,2:22:00,0,31.00,0,0.2900,0.1300,0.0000,0.0000,1,REST-S,1,5,4
581,9754,2:22:30,0,0.00,0,0.2900,0.1300,0.0000,0.0000,0,REST-S,1,5,4
581,9755,2:23:00,0,0.00,0,0.2900,0.1300,0.0000,0.0000,0,REST-S,1,5,4
581,9756,2:23:30,0,0.00,0,0.2900,0.1300,0.0000,0.0000,0,REST-S,1,5,4
581,9757,2:24:00,0,0.00,0,0.2900,0.1300,0.0000,0.0000,0,REST-S,1,5,4
581,9758,2:24:30,0,0.00,0,0.2900,0.1300,0.0000,0.0000,0,REST-S,1,5,4
581,9759,2:25:00,0,0.00,0,0.2900,0.1300,0.0000,0.0000,0,REST-S,1,5,4
581,9760,2:25:30,0,0.00,0,0.2900,0.1300,0.0000,0.0000,0,REST-S,1,5,4
581,9761,2:26:00,0,23.00,0,0.2900,0.1300,0.0000,0.0000,1,REST-S,1,5,4
581,9762,2:26:30,0,0.00,0,0.2900,0.1300,0.0000,0.0000,0,REST-S,1,5,4
581,9763,2:27:00,0,0.00,0,0.2900,0.1300,0.0000,0.0000,0,REST-S,1,5,4
581,9764,2:27:30,0,0.00,0,0.2900,0.1300,0.0000,0.0000,0,REST-S,1,5,4
581,9765,2:28:00,0,0.00,0,0.2900,0.1300,0.0000,0.0000,0,REST-S,1,5,4
581,9766,2:28:30,0,0.00,0,0.2900,0.1300,0.0000,0.0000,0,REST-S,1,5,4
581,9767,2:29:00,0,0.00,0,0.2900,0.1300,0.0000,0.0000,0,REST-S,1,5,4
581,9768,2:29:30,0,0.00,0,0.2900,0.1300,0.0000,0.0000,0,REST-S,1,5,4
581,9769,2:30:00,0,0.00,0,0.2900,0.1300,0.0000,0.0000,0,REST-S,1,5,4
581,9770,2:30:30,0,0.00,0,0.2900,0.1300,0.0000,0.0000,0,REST-S,1,5,4
581,9771,2:31:00,0,0.00,0,0.2900,0.1300,0.0000,0.0000,0,REST-S,1,5,4
581,9772,2:31:30,0,0.00,0,0.2900,0.1300,0.0000,0.0000,0,REST-S,1,5,4
581,9773,2:32:00,0,0.00,0,0.2900,0.1300,0.0000,0.0000,0,REST-S,1,5,4
581,9774,2:32:30,0,0.00,0,0.2900,0.1300,0.0000,0.0000,0,REST-S,1,5,4
581,9775,2:33:00,0,0.00,0,0.2900,0.1300,0.0000,0.0000,0,REST-S,1,5,4
581,9776,2:33:30,0,0.00,0,0.2900,0.1300,0.0000,0.0000,0,REST-S,1,5,4
581,9777,2:34:00,0,0.00,0,0.2900,0.1300,0.0000,0.0000,0,REST-S,1,5,4
581,9778,2:34:30,0,0.00,0,0.2900,0.1300,0.0000,0.0000,0,REST-S,1,5,4
581,9779,2:35:00,0,0.00,0,0.2900,0.1300,0.0000,0.0000,0,REST-S,1,5,4
581,9780,2:35:30,0,0.00,0,0.2900,0.1300,0.0000,0.0000,0,REST-S,1,5,4
581,9781,2:36:00,0,1.00,0,0.2900,0.1300,0.0000,0.0000,0,REST-S,1,5,4
581,9782,2:36:30,0,56.00,0,0.2900,0.1300,0.0000,0.0000,1,REST-S,1,5,4
581,9783,2:37:00,0,0.00,0,0.2900,0.1300,0.0000,0.0000,0,REST-S,1,5,4
581,9784,2:37:30,0,0.00,0,0.3000,0.1360,0.0000,0.0000,0,REST-S,1,5,4
581,9785,2:38:00,0,0.00,0,0.2700,0.1220,0.0000,0.0000,0,REST-S,1,5,4
581,9786,2:38:30,0,0.00,0,0.2700,0.1220,0.0000,0.0000,0,REST-S,1,5,4
581,9787,2:39:00,0,0.00,0,0.2700,0.1220,0.0000,0.0000,0,REST-S,1,5,4
581,9788,2:39:30,0,0.00,0,0.2700,0.1220,0.0000,0.0000,0,REST-S,1,5,4
581,9789,2:40:00,0,0.00,0,0.2700,0.1220,0.0000,0.0000,0,REST-S,1,5,4
581,9790,2:40:30,0,0.00,0,0.2700,0.1220,0.0000,0.0000,0,REST-S,1,5,4
581,9791,2:41:00,0,0.00,0,0.5500,0.1070,0.0347,0.0117,0,REST-S,1,5,4
581,9792,2:41:30,0,0.00,0,0.2800,0.1220,0.0000,0.0117,0,REST-S,1,5,4
581,9793,2:42:00,0,0.00,0,0.5500,0.1070,0.0347,0.0117,0,REST-S,1,5,4
581,9794,2:42:30,0,0.00,0,0.2900,0.1300,0.0000,0.0000,0,REST-S,1,5,4
581,9795,2:43:00,0,0.00,0,0.5700,0.1140,0.0347,0.0117,0,REST-S,1,5,4
581,9796,2:43:30,0,0.00,0,0.5700,0.1140,0.0347,0.0117,0,REST-S,1,5,4
581,9797,2:44:00,0,0.00,0,0.4700,0.1140,0.0251,0.0000,0,REST-S,1,5,4
581,9798,2:44:30,0,0.00,0,0.5700,0.1140,0.0347,0.0117,0,REST-S,1,5,4
581,9799,2:45:00,0,38.00,0,0.5800,0.1190,0.0347,0.0117,1,REST-S,1,5,4
581,9800,2:45:30,0,0.00,0,0.6000,0.1300,0.0347,0.0117,0,REST-S,1,5,4
581,9801,2:46:00,0,0.00,0,0.6000,0.1300,0.0347,0.0117,0,REST-S,1,5,4
581,9802,2:46:30,0,0.00,0,0.5100,0.1300,0.0251,0.0000,0,REST-S,1,5,4
581,9803,2:47:00,0,0.00,0,0.3100,0.1360,0.0000,0.0117,0,REST-S,1,5,4
581,9804,2:47:30,0,0.00,0,0.4800,0.1190,0.0251,0.0000,0,REST-S,1,5,4
581,9805,2:48:00,0,0.00,0,0.3000,0.1360,0.0000,0.0000,0,REST-S,1,5,4
581,9806,2:48:30,0,0.00,0,0.3000,0.1360,0.0000,0.0000,0,REST-S,1,5,4
581,9807,2:49:00,0,0.00,0,0.3000,0.1360,0.0000,0.0000,0,REST-S,1,5,4
581,9808,2:49:30,0,0.00,0,0.3000,0.1360,0.0000,0.0000,0,REST-S,1,5,4
581,9809,2:50:00,0,0.00,0,0.4800,0.1190,0.0251,0.0000,0,REST-S,1,5,4
581,9810,2:50:30,0,0.00,0,0.5800,0.1190,0.0347,0.0117,0,REST-S,1,5,4
581,9811,2:51:00,0,0.00,0,0.3000,0.1360,0.0000,0.0000,0,REST-S,1,5,4
581,9812,2:51:30,0,0.00,0,0.2700,0.1220,0.0000,0.0000,0,REST-S,1,5,4
581,9813,2:52:00,0,0.00,0,0.2700,0.1220,0.0000,0.0000,0,REST-S,1,5,4
581,9814,2:52:30,0,0.00,0,0.2700,0.1220,0.0000,0.0000,0,REST-S,1,5,4
581,9815,2:53:00,0,0.00,0,0.2700,0.1220,0.0000,0.0000,0,REST-S,1,5,4
581,9816,2:53:30,0,0.00,0,0.2700,0.1220,0.0000,0.0000,0,REST-S,1,5,4
581,9817,2:54:00,0,0.00,0,0.2700,0.1220,0.0000,0.0000,0,REST-S,1,5,4
581,9818,2:54:30,0,0.00,0,0.2700,0.1220,0.0000,0.0000,0,REST-S,1,5,4
581,9819,2:55:00,0,0.00,0,0.2700,0.1220,0.0000,0.0000,0,REST-S,1,5,4
581,9820,2:55:30,0,0.00,0,0.2500,0.1120,0.0000,0.0000,0,REST-S,1,5,4
581,9821,2:56:00,0,0.00,0,0.2500,0.1120,0.0000,0.0000,0,REST-S,1,5,4
581,9822,2:56:30,0,0.00,0,0.2500,0.1120,0.0000,0.0000,0,REST-S,1,5,4
581,9823,2:57:00,0,0.00,0,0.2500,0.1120,0.0000,0.0000,0,REST-S,1,5,4
581,9824,2:57:30,0,0.00,0,0.2500,0.1120,0.0000,0.0000,0,REST-S,1,5,4
581,9825,2:58:00,0,0.00,0,0.2700,0.1220,0.0000,0.0000,0,REST-S,1,5,4
581,9826,2:58:30,0,0.00,0,0.2700,0.1220,0.0000,0.0000,0,REST-S,1,5,4
581,9827,2:59:00,0,0.00,0,0.2700,0.1220,0.0000,0.0000,0,REST-S,1,5,4
581,9828,2:59:30,0,0.00,0,0.2700,0.1220,0.0000,0.0000,0,REST-S,1,5,4
581,9829,3:00:00,0,0.00,0,0.2500,0.1120,0.0000,0.0000,0,REST-S,1,5,4
581,9830,3:00:30,0,0.00,0,0.2500,0.1120,0.0000,0.0000,0,REST-S,1,5,4
581,9831,3:01:00,0,0.00,0,0.2700,0.1220,0.0000,0.0000,0,REST-S,1,5,4
581,9832,3:01:30,0,0.00,0,0.2500,0.1120,0.0000,0.0000,0,REST-S,1,5,4
581,9833,3:02:00,0,0.00,0,0.2500,0.1120,0.0000,0.0000,0,REST-S,1,5,4
581,9834,3:02:30,0,0.00,0,0.2500,0.1120,0.0000,0.0000,0,REST-S,1,5,4
581,9835,3:03:00,0,0.00,0,0.2500,0.1120,0.0000,0.0000,0,REST-S,1,5,4
581,9836,3:03:30,0,0.00,0,0.2500,0.1120,0.0000,0.0000,0,REST-S,1,5,4
581,9837,3:04:00,0,0.00,0,0.2500,0.1120,0.0000,0.0000,0,REST-S,1,5,4
581,9838,3:04:30,0,0.00,0,0.2500,0.1120,0.0000,0.0000,0,REST-S,1,5,4
581,9839,3:05:00,0,0.00,0,0.2500,0.1120,0.0000,0.0000,0,REST-S,1,5,4
581,9840,3:05:30,0,0.00,0,0.2500,0.1120,0.0000,0.0000,0,REST-S,1,5,4
581,9841,3:06:00,0,0.00,0,0.2500,0.1120,0.0000,0.0000,0,REST-S,1,5,4
581,9842,3:06:30,0,0.00,0,0.2500,0.1120,0.0000,0.0000,0,REST-S,1,5,4
581,9843,3:07:00,0,0.00,0,0.2500,0.1120,0.0000,0.0000,0,REST-S,1,5,4
581,9844,3:07:30,0,0.00,0,0.2500,0.1120,0.0000,0.0000,0,REST-S,1,5,4
581,9845,3:08:00,0,0.00,0,0.2500,0.1120,0.0000,0.0000,0,REST-S,1,5,4
581,9846,3:08:30,0,0.00,0,0.2500,0.1120,0.0000,0.0000,0,REST-S,1,5,4
581,9847,3:09:00,0,0.00,0,0.2500,0.1120,0.0000,0.0000,0,REST-S,1,5,4
581,9848,3:09:30,0,0.00,0,0.2500,0.1120,0.0000,0.0000,0,REST-S,1,5,4
581,9849,3:10:00,0,0.00,0,0.2500,0.1120,0.0000,0.0000,0,REST-S,1,5,4
581,9850,3:10:30,0,0.00,0,0.2500,0.1120,0.0000,0.0000,0,REST-S,1,5,4
581,9851,3:11:00,0,0.00,0,0.2700,0.1220,0.0000,0.0000,0,REST-S,1,5,4
581,9852,3:11:30,0,0.00,0,0.2500,0.1120,0.0000,0.0000,0,REST-S,1,5,4
581,9853,3:12:00,0,0.00,0,0.2500,0.1120,0.0000,0.0000,0,REST-S,1,5,4
581,9854,3:12:30,0,0.00,0,0.2500,0.1120,0.0000,0.0000,0,REST-S,1,5,4
581,9855,3:13:00,0,0.00,0,0.2500,0.1120,0.0000,0.0000,0,REST-S,1,5,4
581,9856,3:13:30,0,9.00,0,0.2500,0.1120,0.0000,0.0000,0,REST-S,1,5,4
581,9857,3:14:00,0,0.00,0,0.2500,0.1120,0.0000,0.0000,0,REST-S,1,5,4
581,9858,3:14:30,0,0.00,0,0.2500,0.1120,0.0000,0.0000,0,REST-S,1,5,4
581,9859,3:15:00,0,0.00,0,0.2500,0.1120,0.0000,0.0000,0,REST-S,1,5,4
581,9860,3:15:30,0,0.00,0,0.2500,0.1120,0.0000,0.0000,0,REST-S,1,5,4
581,9861,3:16:00,0,0.00,0,0.2500,0.1120,0.0000,0.0000,0,REST-S,1,5,4
581,9862,3:16:30,0,0.00,0,0.2500,0.1120,0.0000,0.0000,0,REST-S,1,5,4
581,9863,3:17:00,0,0.00,0,0.2500,0.1120,0.0000,0.0000,0,REST-S,1,5,4
581,9864,3:17:30,0,0.00,0,0.2500,0.1120,0.0000,0.0000,0,REST-S,1,5,4
581,9865,3:18:00,0,0.00,0,0.2500,0.1120,0.0000,0.0000,0,REST-S,1,5,4
581,9866,3:18:30,0,0.00,0,0.2500,0.1120,0.0000,0.0000,0,REST-S,1,5,4
581,9867,3:19:00,0,0.00,0,0.2500,0.1120,0.0000,0.0000,0,REST-S,1,5,4
581,9868,3:19:30,0,0.00,0,0.2500,0.1120,0.0000,0.0000,0,REST-S,1,5,4
581,9869,3:20:00,0,0.00,0,0.2500,0.1120,0.0000,0.0000,0,REST-S,1,5,4
581,9870,3:20:30,0,0.00,0,0.2500,0.1120,0.0000,0.0000,0,REST-S,1,5,4
581,9871,3:21:00,0,0.00,0,0.2500,0.1120,0.0000,0.0000,0,REST-S,1,5,4
581,9872,3:21:30,0,0.00,0,0.2500,0.1120,0.0000,0.0000,0,REST-S,1,5,4
581,9873,3:22:00,0,0.00,0,0.2500,0.1120,0.0000,0.0000,0,REST-S,1,5,4
581,9874,3:22:30,0,0.00,0,0.2500,0.1120,0.0000,0.0000,0,REST-S,1,5,4
581,9875,3:23:00,0,0.00,0,0.2500,0.1120,0.0000,0.0000,0,REST-S,1,5,4
581,9876,3:23:30,0,0.00,0,0.2500,0.1120,0.0000,0.0000,0,REST-S,1,5,4
581,9877,3:24:00,0,0.00,0,0.2500,0.1120,0.0000,0.0000,0,REST-S,1,5,4
581,9878,3:24:30,0,0.00,0,0.2500,0.1120,0.0000,0.0000,0,REST-S,1,5,4
581,9879,3:25:00,0,0.00,0,0.2500,0.1120,0.0000,0.0000,0,REST-S,1,5,4
581,9880,3:25:30,0,0.00,0,0.2500,0.1120,0.0000,0.0000,0,REST-S,1,5,4
581,9881,3:26:00,0,0.00,0,0.2500,0.1120,0.0000,0.0000,0,REST-S,1,5,4
581,9882,3:26:30,0,0.00,0,0.2500,0.1120,0.0000,0.0000,0,REST-S,1,5,4
581,9883,3:27:00,0,0.00,0,0.2500,0.1120,0.0000,0.0000,0,REST-S,1,5,4
581,9884,3:27:30,0,0.00,0,0.2500,0.1120,0.0000,0.0000,0,REST-S,1,5,4
581,9885,3:28:00,0,0.00,0,0.2500,0.1120,0.0000,0.0000,0,REST-S,1,5,4
581,9886,3:28:30,0,0.00,0,0.2500,0.1120,0.0000,0.0000,0,REST-S,1,5,4
581,9887,3:29:00,0,7.00,0,0.2500,0.1120,0.0000,0.0000,0,REST-S,1,5,4
581,9888,3:29:30,0,61.00,0,0.2500,0.1120,0.0000,0.0000,1,REST-S,1,5,4
581,9889,3:30:00,0,0.00,0,0.2500,0.1120,0.0000,0.0000,0,REST-S,1,5,4
581,9890,3:30:30,0,0.00,0,0.2500,0.1120,0.0000,0.0000,0,REST-S,1,5,4
581,9891,3:31:00,0,0.00,0,0.2500,0.1120,0.0000,0.0000,0,REST-S,1,5,4
581,9892,3:31:30,0,0.00,0,0.2500,0.1120,0.0000,0.0000,0,REST-S,1,5,4
581,9893,3:32:00,0,0.00,0,0.2500,0.1120,0.0000,0.0000,0,REST-S,1,5,4
581,9894,3:32:30,0,0.00,0,0.2700,0.1220,0.0000,0.0000,0,REST-S,1,5,4
581,9895,3:33:00,0,0.00,0,0.2700,0.1220,0.0000,0.0000,0,REST-S,1,5,4
581,9896,3:33:30,0,0.00,0,0.2700,0.1220,0.0000,0.0000,0,REST-S,1,5,4
581,9897,3:34:00,0,0.00,0,0.2700,0.1220,0.0000,0.0000,0,REST-S,1,5,4
581,9898,3:34:30,0,19.00,0,0.2700,0.1220,0.0000,0.0000,0,REST-S,1,5,4
581,9899,3:35:00,0,0.00,0,0.2700,0.1220,0.0000,0.0000,0,REST-S,1,5,4
581,9900,3:35:30,0,0.00,0,0.2500,0.1120,0.0000,0.0000,0,REST-S,1,5,4
581,9901,3:36:00,0,0.00,0,0.2500,0.1120,0.0000,0.0000,0,REST-S,1,5,4
581,9902,3:36:30,0,0.00,0,0.2500,0.1120,0.0000,0.0000,0,REST-S,1,5,4
581,9903,3:37:00,0,0.00,0,0.2500,0.1120,0.0000,0.0000,0,REST-S,1,5,4
581,9904,3:37:30,0,0.00,0,0.2500,0.1120,0.0000,0.0000,0,REST-S,1,5,4
581,9905,3:38:00,0,0.00,0,0.2500,0.1120,0.0000,0.0000,0,REST-S,1,5,4
581,9906,3:38:30,0,20.00,0,0.2500,0.1120,0.0000,0.0000,1,REST-S,1,5,4
581,9907,3:39:00,0,16.00,0,0.2500,0.1120,0.0000,0.0000,0,REST-S,1,5,4
581,9908,3:39:30,0,0.00,0,0.2500,0.1120,0.0000,0.0000,0,REST-S,1,5,4
581,9909,3:40:00,0,0.00,0,0.2500,0.1120,0.0000,0.0000,0,REST-S,1,5,4
581,9910,3:40:30,0,0.00,0,0.2500,0.1120,0.0000,0.0000,0,REST-S,1,5,4
581,9911,3:41:00,0,0.00,0,0.2500,0.1120,0.0000,0.0000,0,REST-S,1,5,4
581,9912,3:41:30,0,0.00,0,0.2500,0.1120,0.0000,0.0000,0,REST-S,1,5,4
581,9913,3:42:00,0,0.00,0,0.2500,0.1120,0.0000,0.0000,0,REST-S,1,5,4
581,9914,3:42:30,0,0.00,0,0.2500,0.1120,0.0000,0.0000,0,REST-S,1,5,4
581,9915,3:43:00,0,0.00,0,0.2500,0.1120,0.0000,0.0000,0,REST-S,1,5,4
581,9916,3:43:30,0,0.00,0,0.2500,0.1120,0.0000,0.0000,0,REST-S,1,5,4
581,9917,3:44:00,0,0.00,0,0.2500,0.1120,0.0000,0.0000,0,REST-S,1,5,4
581,9918,3:44:30,0,0.00,0,0.2500,0.1120,0.0000,0.0000,0,REST-S,1,5,4
581,9919,3:45:00,0,0.00,0,0.2500,0.1120,0.0000,0.0000,0,REST-S,1,5,4
581,9920,3:45:30,0,0.00,0,0.2500,0.1120,0.0000,0.0000,0,REST-S,1,5,4
581,9921,3:46:00,0,0.00,0,0.2500,0.1120,0.0000,0.0000,0,REST-S,1,5,4
581,9922,3:46:30,0,0.00,0,0.2500,0.1120,0.0000,0.0000,0,REST-S,1,5,4
581,9923,3:47:00,0,0.00,0,0.2500,0.1120,0.0000,0.0000,0,REST-S,1,5,4
581,9924,3:47:30,0,0.00,0,0.2700,0.1220,0.0000,0.0000,0,REST-S,1,5,4
581,9925,3:48:00,0,0.00,0,0.2500,0.1120,0.0000,0.0000,0,REST-S,1,5,4
581,9926,3:48:30,0,0.00,0,0.2500,0.1120,0.0000,0.0000,0,REST-S,1,5,4
581,9927,3:49:00,0,0.00,0,0.2500,0.1120,0.0000,0.0000,0,REST-S,1,5,4
581,9928,3:49:30,0,0.00,0,0.2500,0.1120,0.0000,0.0000,0,REST-S,1,5,4
581,9929,3:50:00,0,0.00,0,0.2700,0.1220,0.0000,0.0000,0,REST-S,1,5,4
581,9930,3:50:30,0,0.00,0,0.2700,0.1220,0.0000,0.0000,0,REST-S,1,5,4
581,9931,3:51:00,0,0.00,0,0.2700,0.1220,0.0000,0.0000,0,REST-S,1,5,4
581,9932,3:51:30,0,28.00,0,0.2700,0.1220,0.0000,0.0000,1,REST-S,1,5,4
581,9933,3:52:00,0,0.00,0,0.2700,0.1220,0.0000,0.0000,0,REST-S,1,5,4
581,9934,3:52:30,0,0.00,0,0.2500,0.1120,0.0000,0.0000,0,REST-S,1,5,4
581,9935,3:53:00,0,0.00,0,0.2700,0.1220,0.0000,0.0000,0,REST-S,1,5,4
581,9936,3:53:30,0,0.00,0,0.2700,0.1220,0.0000,0.0000,0,REST-S,1,5,4
581,9937,3:54:00,0,0.00,0,0.2700,0.1220,0.0000,0.0000,0,REST-S,1,5,4
581,9938,3:54:30,0,0.00,0,0.2700,0.1220,0.0000,0.0000,0,REST-S,1,5,4
581,9939,3:55:00,0,0.00,0,0.2500,0.1120,0.0000,0.0000,0,REST-S,1,5,4
581,9940,3:55:30,0,0.00,0,0.2500,0.1120,0.0000,0.0000,0,REST-S,1,5,4
581,9941,3:56:00,0,0.00,0,0.2500,0.1120,0.0000,0.0000,0,REST-S,1,5,4
581,9942,3:56:30,0,0.00,0,0.2500,0.1120,0.0000,0.0000,0,REST-S,1,5,4
581,9943,3:57:00,0,0.00,0,0.2700,0.1220,0.0000,0.0000,0,REST-S,1,5,4
581,9944,3:57:30,0,0.00,0,0.2500,0.1120,0.0000,0.0000,0,REST-S,1,5,4
581,9945,3:58:00,0,0.00,0,0.2500,0.1120,0.0000,0.0000,0,REST-S,1,5,4
581,9946,3:58:30,0,0.00,0,0.2700,0.1220,0.0000,0.0000,0,REST-S,1,5,4
581,9947,3:59:00,0,0.00,0,0.2500,0.1120,0.0000,0.0000,0,REST-S,1,5,4
581,9948,3:59:30,0,0.00,0,0.2500,0.1120,0.0000,0.0000,0,REST-S,1,5,4
581,9949,4:00:00,0,0.00,0,0.2500,0.1120,0.0000,0.0000,0,REST-S,1,5,4
581,9950,4:00:30,0,0.00,0,0.2700,0.1220,0.0000,0.0000,0,REST-S,1,5,4
581,9951,4:01:00,0,0.00,0,0.2500,0.1120,0.0000,0.0000,0,REST-S,1,5,4
581,9952,4:01:30,0,0.00,0,0.2500,0.1120,0.0000,0.0000,0,REST-S,1,5,4
581,9953,4:02:00,0,0.00,0,0.2500,0.1120,0.0000,0.0000,0,REST-S,1,5,4
581,9954,4:02:30,0,0.00,0,0.2500,0.1120,0.0000,0.0000,0,REST-S,1,5,4
581,9955,4:03:00,0,0.00,0,0.2500,0.1120,0.0000,0.0000,0,REST-S,1,5,4
581,9956,4:03:30,0,0.00,0,0.2500,0.1120,0.0000,0.0000,0,REST-S,1,5,4
581,9957,4:04:00,0,0.00,0,0.2500,0.1120,0.0000,0.0000,0,REST-S,1,5,4
581,9958,4:04:30,0,0.00,0,0.2500,0.1120,0.0000,0.0000,0,REST-S,1,5,4
581,9959,4:05:00,0,0.00,0,0.2500,0.1120,0.0000,0.0000,0,REST-S,1,5,4
581,9960,4:05:30,0,0.00,0,0.2500,0.1120,0.0000,0.0000,0,REST-S,1,5,4
581,9961,4:06:00,0,0.00,0,0.2500,0.1120,0.0000,0.0000,0,REST-S,1,5,4
581,9962,4:06:30,0,0.00,0,0.2500,0.1120,0.0000,0.0000,0,REST-S,1,5,4
581,9963,4:07:00,0,0.00,0,0.2500,0.1120,0.0000,0.0000,0,REST-S,1,5,4
581,9964,4:07:30,0,0.00,0,0.2500,0.1120,0.0000,0.0000,0,REST-S,1,5,4
581,9965,4:08:00,0,0.00,0,0.2500,0.1120,0.0000,0.0000,0,REST-S,1,5,4
581,9966,4:08:30,0,0.00,0,0.2500,0.1120,0.0000,0.0000,0,REST-S,1,5,4
581,9967,4:09:00,0,0.00,0,0.2500,0.1120,0.0000,0.0000,0,REST-S,1,5,4
581,9968,4:09:30,0,0.00,0,0.2500,0.1120,0.0000,0.0000,0,REST-S,1,5,4
581,9969,4:10:00,0,0.00,0,0.2500,0.1120,0.0000,0.0000,0,REST-S,1,5,4
581,9970,4:10:30,0,0.00,0,0.2500,0.1120,0.0000,0.0000,0,REST-S,1,5,4
581,9971,4:11:00,0,0.00,0,0.2500,0.1120,0.0000,0.0000,0,REST-S,1,5,4
581,9972,4:11:30,0,0.00,0,0.2500,0.1120,0.0000,0.0000,0,REST-S,1,5,4
581,9973,4:12:00,0,0.00,0,0.2500,0.1120,0.0000,0.0000,0,REST-S,1,5,4
581,9974,4:12:30,0,0.00,0,0.2500,0.1120,0.0000,0.0000,0,REST-S,1,5,4
581,9975,4:13:00,0,0.00,0,0.2500,0.1120,0.0000,0.0000,0,REST-S,1,5,4
581,9976,4:13:30,0,0.00,0,0.2500,0.1120,0.0000,0.0000,0,REST-S,1,5,4
581,9977,4:14:00,0,0.00,0,0.2500,0.1120,0.0000,0.0000,0,REST-S,1,5,4
581,9978,4:14:30,0,0.00,0,0.2500,0.1120,0.0000,0.0000,0,REST-S,1,5,4
581,9979,4:15:00,0,28.00,0,0.2500,0.1120,0.0000,0.0000,1,REST-S,1,5,4
581,9980,4:15:30,0,21.00,0,0.2500,0.1120,0.0000,0.0000,1,REST-S,1,5,4
581,9981,4:16:00,0,0.00,0,0.2500,0.1120,0.0000,0.0000,0,REST-S,1,5,4
581,9982,4:16:30,0,0.00,0,0.2500,0.1120,0.0000,0.0000,0,REST-S,1,5,4
581,9983,4:17:00,0,0.00,0,0.2500,0.1120,0.0000,0.0000,0,REST-S,1,5,4
581,9984,4:17:30,0,0.00,0,0.2500,0.1120,0.0000,0.0000,0,REST-S,1,5,4
581,9985,4:18:00,0,63.00,0,0.2500,0.1120,0.0000,0.0000,1,REST-S,1,5,4
581,9986,4:18:30,0,79.00,0,0.2500,0.1120,0.0000,0.0000,1,REST-S,1,5,4
581,9987,4:19:00,0,0.00,0,0.2500,0.1120,0.0000,0.0000,0,REST-S,1,5,4
581,9988,4:19:30,0,0.00,0,0.2500,0.1120,0.0000,0.0000,0,REST-S,1,5,4
581,9989,4:20:00,0,0.00,0,0.2700,0.1220,0.0000,0.0000,0,REST-S,1,5,4
581,9990,4:20:30,0,49.00,0,0.2700,0.1220,0.0000,0.0000,1,REST-S,1,5,4
581,9991,4:21:00,0,66.00,0,0.2800,0.1220,0.0000,0.0117,1,REST-S,1,5,4
581,9992,4:21:30,0,0.00,0,0.2700,0.1220,0.0000,0.0000,0,REST-S,1,5,4
581,9993,4:22:00,0,0.00,0,0.2800,0.1220,0.0000,0.0117,0,REST-S,1,5,4
581,9994,4:22:30,0,0.00,0,0.2500,0.1120,0.0000,0.0000,0,REST-S,1,5,4
581,9995,4:23:00,0,0.00,0,0.2500,0.1120,0.0000,0.0000,0,REST-S,1,5,4
581,9996,4:23:30,0,0.00,0,0.2600,0.1120,0.0000,0.0117,0,REST-S,1,5,4
581,9997,4:24:00,0,0.00,0,0.2500,0.1120,0.0000,0.0000,0,REST-S,1,5,4
581,9998,4:24:30,0,0.00,0,0.2500,0.1120,0.0000,0.0000,0,REST-S,1,5,4
581,9999,4:25:00,0,0.00,0,0.2700,0.1220,0.0000,0.0000,0,REST-S,1,5,4
581,10000,4:25:30,0,23.00,0,0.2500,0.1120,0.0000,0.0000,1,REST-S,1,5,4
581,10001,4:26:00,0,1.00,0,0.2500,0.1120,0.0000,0.0000,0,REST-S,1,5,4
581,10002,4:26:30,0,0.00,0,0.2500,0.1120,0.0000,0.0000,0,REST-S,1,5,4
581,10003,4:27:00,0,0.00,0,0.2500,0.1120,0.0000,0.0000,0,REST-S,1,5,4
581,10004,4:27:30,0,0.00,0,0.2500,0.1120,0.0000,0.0000,0,REST-S,1,5,4
581,10005,4:28:00,0,0.00,0,0.2500,0.1120,0.0000,0.0000,0,REST-S,1,5,4
581,10006,4:28:30,0,0.00,0,0.2500,0.1120,0.0000,0.0000,0,REST-S,1,5,4
581,10007,4:29:00,0,0.00,0,0.2500,0.1120,0.0000,0.0000,0,REST-S,1,5,4
581,10008,4:29:30,0,0.00,0,0.2500,0.1120,0.0000,0.0000,0,REST-S,1,5,4
581,10009,4:30:00,0,0.00,0,0.2700,0.1220,0.0000,0.0000,0,REST-S,1,5,4
581,10010,4:30:30,0,0.00,0,0.2500,0.1120,0.0000,0.0000,0,REST-S,1,5,4
581,10011,4:31:00,0,0.00,0,0.2500,0.1120,0.0000,0.0000,0,REST-S,1,5,4
581,10012,4:31:30,0,0.00,0,0.2500,0.1120,0.0000,0.0000,0,REST-S,1,5,4
581,10013,4:32:00,0,0.00,0,0.2700,0.1220,0.0000,0.0000,0,REST-S,1,5,4
581,10014,4:32:30,0,0.00,0,0.2500,0.1120,0.0000,0.0000,0,REST-S,1,5,4
581,10015,4:33:00,0,0.00,0,0.2500,0.1120,0.0000,0.0000,0,REST-S,1,5,4
581,10016,4:33:30,0,0.00,0,0.2500,0.1120,0.0000,0.0000,0,REST-S,1,5,4
581,10017,4:34:00,0,0.00,0,0.2500,0.1120,0.0000,0.0000,0,REST-S,1,5,4
581,10018,4:34:30,0,0.00,0,0.2500,0.1120,0.0000,0.0000,0,REST-S,1,5,4
581,10019,4:35:00,0,0.00,0,0.2700,0.1220,0.0000,0.0000,0,REST-S,1,5,4
581,10020,4:35:30,0,0.00,0,0.2500,0.1120,0.0000,0.0000,0,REST-S,1,5,4
581,10021,4:36:00,0,0.00,0,0.2700,0.1220,0.0000,0.0000,0,REST-S,1,5,4
581,10022,4:36:30,0,0.00,0,0.2700,0.1220,0.0000,0.0000,0,REST-S,1,5,4
581,10023,4:37:00,0,0.00,0,0.2700,0.1220,0.0000,0.0000,0,REST-S,1,5,4
581,10024,4:37:30,0,0.00,0,0.2700,0.1220,0.0000,0.0000,0,REST-S,1,5,4
581,10025,4:38:00,0,0.00,0,0.2700,0.1220,0.0000,0.0000,0,REST-S,1,5,4
581,10026,4:38:30,0,0.00,0,0.2500,0.1120,0.0000,0.0000,0,REST-S,1,5,4
581,10027,4:39:00,0,0.00,0,0.2500,0.1120,0.0000,0.0000,0,REST-S,1,5,4
581,10028,4:39:30,0,0.00,0,0.2500,0.1120,0.0000,0.0000,0,REST-S,1,5,4
581,10029,4:40:00,0,0.00,0,0.2700,0.1220,0.0000,0.0000,0,REST-S,1,5,4
581,10030,4:40:30,0,0.00,0,0.2700,0.1220,0.0000,0.0000,0,REST-S,1,5,4
581,10031,4:41:00,0,0.00,0,0.2700,0.1220,0.0000,0.0000,0,REST-S,1,5,4
581,10032,4:41:30,0,0.00,0,0.2700,0.1220,0.0000,0.0000,0,REST-S,1,5,4
581,10033,4:42:00,0,0.00,0,0.2500,0.1120,0.0000,0.0000,0,REST-S,1,5,4
581,10034,4:42:30,0,0.00,0,0.2700,0.1220,0.0000,0.0000,0,REST-S,1,5,4
581,10035,4:43:00,0,0.00,0,0.2700,0.1220,0.0000,0.0000,0,REST-S,1,5,4
581,10036,4:43:30,0,0.00,0,0.2700,0.1220,0.0000,0.0000,0,REST-S,1,5,4
581,10037,4:44:00,0,0.00,0,0.2500,0.1120,0.0000,0.0000,0,REST-S,1,5,4
581,10038,4:44:30,0,0.00,0,0.2700,0.1220,0.0000,0.0000,0,REST-S,1,5,4
581,10039,4:45:00,0,0.00,0,0.2500,0.1120,0.0000,0.0000,0,REST-S,1,5,4
581,10040,4:45:30,0,0.00,0,0.2700,0.1220,0.0000,0.0000,0,REST-S,1,5,4
581,10041,4:46:00,0,0.00,0,0.2700,0.1220,0.0000,0.0000,0,REST-S,1,5,4
581,10042,4:46:30,0,0.00,0,0.2700,0.1220,0.0000,0.0000,0,REST-S,1,5,4
581,10043,4:47:00,0,0.00,0,0.2700,0.1220,0.0000,0.0000,0,REST-S,1,5,4
581,10044,4:47:30,0,0.00,0,0.2700,0.1220,0.0000,0.0000,0,REST-S,1,5,4
581,10045,4:48:00,0,0.00,0,0.2700,0.1220,0.0000,0.0000,0,REST-S,1,5,4
581,10046,4:48:30,0,0.00,0,0.2700,0.1220,0.0000,0.0000,0,REST-S,1,5,4
581,10047,4:49:00,0,0.00,0,0.2700,0.1220,0.0000,0.0000,0,REST-S,1,5,4
581,10048,4:49:30,0,0.00,0,0.2700,0.1220,0.0000,0.0000,0,REST-S,1,5,4
581,10049,4:50:00,0,0.00,0,0.2700,0.1220,0.0000,0.0000,0,REST-S,1,5,4
581,10050,4:50:30,0,0.00,0,0.2700,0.1220,0.0000,0.0000,0,REST-S,1,5,4
581,10051,4:51:00,0,0.00,0,0.2700,0.1220,0.0000,0.0000,0,REST-S,1,5,4
581,10052,4:51:30,0,0.00,0,0.2700,0.1220,0.0000,0.0000,0,REST-S,1,5,4
581,10053,4:52:00,0,0.00,0,0.2700,0.1220,0.0000,0.0000,0,REST-S,1,5,4
581,10054,4:52:30,0,0.00,0,0.2700,0.1220,0.0000,0.0000,0,REST-S,1,5,4
581,10055,4:53:00,0,0.00,0,0.2700,0.1220,0.0000,0.0000,0,REST-S,1,5,4
581,10056,4:53:30,0,0.00,0,0.2700,0.1220,0.0000,0.0000,0,REST-S,1,5,4
581,10057,4:54:00,0,79.00,0,0.2700,0.1220,0.0000,0.0000,1,REST-S,1,5,4
581,10058,4:54:30,0,0.00,0,0.2700,0.1220,0.0000,0.0000,0,REST-S,1,5,4
581,10059,4:55:00,0,0.00,0,0.2700,0.1220,0.0000,0.0000,0,REST-S,1,5,4
581,10060,4:55:30,0,0.00,0,0.2800,0.1220,0.0000,0.0117,0,REST-S,1,5,4
581,10061,4:56:00,0,0.00,0,0.2900,0.1300,0.0000,0.0000,0,REST-S,1,5,4
581,10062,4:56:30,0,0.00,0,0.2900,0.1300,0.0000,0.0000,0,REST-S,1,5,4
581,10063,4:57:00,0,0.00,0,0.3000,0.1300,0.0000,0.0117,0,REST-S,1,5,4
581,10064,4:57:30,0,0.00,0,0.2900,0.1300,0.0000,0.0000,0,REST-S,1,5,4
581,10065,4:58:00,0,0.00,0,0.3000,0.1300,0.0000,0.0117,0,REST-S,1,5,4
581,10066,4:58:30,0,0.00,0,0.2900,0.1300,0.0000,0.0000,0,REST-S,1,5,4
581,10067,4:59:00,0,0.00,0,0.2800,0.1220,0.0000,0.0117,0,REST-S,1,5,4
581,10068,4:59:30,0,0.00,0,0.5700,0.1140,0.0347,0.0117,0,REST-S,1,5,4
581,10069,5:00:00,0,0.00,0,0.5700,0.1140,0.0347,0.0117,0,REST-S,1,5,4
581,10070,5:00:30,0,0.00,0,0.5700,0.1140,0.0347,0.0117,0,REST-S,1,5,4
581,10071,5:01:00,0,0.00,0,0.5700,0.1140,0.0347,0.0117,0,REST-S,1,5,4
581,10072,5:01:30,0,0.00,0,0.5700,0.1140,0.0347,0.0117,0,REST-S,1,5,4
581,10073,5:02:00,0,0.00,0,0.5700,0.1140,0.0347,0.0117,0,REST-S,1,5,4
581,10074,5:02:30,0,0.00,0,0.5700,0.1140,0.0347,0.0117,0,REST-S,1,5,4
581,10075,5:03:00,0,0.00,0,0.5700,0.1140,0.0347,0.0117,0,REST-S,1,5,4
581,10076,5:03:30,0,0.00,0,0.5700,0.1140,0.0347,0.0117,0,REST-S,1,5,4
581,10077,5:04:00,0,0.00,0,0.5700,0.1140,0.0347,0.0117,0,REST-S,1,5,4
581,10078,5:04:30,0,0.00,0,0.5700,0.1140,0.0347,0.0117,0,REST-S,1,5,4
581,10079,5:05:00,0,0.00,0,0.5700,0.1140,0.0347,0.0117,0,REST-S,1,5,4
581,10080,5:05:30,0,0.00,0,0.5700,0.1140,0.0347,0.0117,0,REST-S,1,5,4
581,10081,5:06:00,0,0.00,0,0.5800,0.1190,0.0347,0.0117,0,REST-S,1,5,4
581,10082,5:06:30,0,0.00,0,0.5800,0.1190,0.0347,0.0117,0,REST-S,1,5,4
581,10083,5:07:00,0,0.00,0,0.5800,0.1190,0.0347,0.0117,0,REST-S,1,5,4
581,10084,5:07:30,0,0.00,0,0.5800,0.1190,0.0347,0.0117,0,REST-S,1,5,4
581,10085,5:08:00,0,0.00,0,0.5800,0.1190,0.0347,0.0117,0,REST-S,1,5,4
581,10086,5:08:30,0,0.00,0,0.5800,0.1190,0.0347,0.0117,0,REST-S,1,5,4
581,10087,5:09:00,0,32.00,0,0.5800,0.1190,0.0347,0.0117,1,REST-S,1,5,4
581,10088,5:09:30,0,66.00,0,0.5800,0.1190,0.0347,0.0117,1,REST-S,1,5,4
581,10089,5:10:00,0,0.00,0,0.5800,0.1190,0.0347,0.0117,0,REST-S,1,5,4
581,10090,5:10:30,0,0.00,0,0.5800,0.1190,0.0347,0.0117,0,REST-S,1,5,4
581,10091,5:11:00,0,0.00,0,0.5800,0.1190,0.0347,0.0117,0,REST-S,1,5,4
581,10092,5:11:30,0,0.00,0,0.5800,0.1190,0.0347,0.0117,0,REST-S,1,5,4
581,10093,5:12:00,0,0.00,0,0.5800,0.1190,0.0347,0.0117,0,REST-S,1,5,4
581,10094,5:12:30,0,0.00,0,0.5800,0.1190,0.0347,0.0117,0,REST-S,1,5,4
581,10095,5:13:00,0,0.00,0,0.5800,0.1190,0.0347,0.0117,0,REST-S,1,5,4
581,10096,5:13:30,0,0.00,0,0.5800,0.1190,0.0347,0.0117,0,REST-S,1,5,4
581,10097,5:14:00,0,0.00,0,0.5800,0.1190,0.0347,0.0117,0,REST-S,1,5,4
581,10098,5:14:30,0,0.00,0,0.5700,0.1140,0.0347,0.0117,0,REST-S,1,5,4
581,10099,5:15:00,0,0.00,0,0.5700,0.1140,0.0347,0.0117,0,REST-S,1,5,4
581,10100,5:15:30,0,13.00,0,0.5800,0.1190,0.0347,0.0117,0,REST-S,1,5,4
581,10101,5:16:00,0,0.00,0,0.5800,0.1190,0.0347,0.0117,0,REST-S,1,5,4
581,10102,5:16:30,0,0.00,0,0.5800,0.1190,0.0347,0.0117,0,REST-S,1,5,4
581,10103,5:17:00,0,0.00,0,0.5800,0.1190,0.0347,0.0117,0,REST-S,1,5,4
581,10104,5:17:30,0,0.00,0,0.5800,0.1190,0.0347,0.0117,0,REST-S,1,5,4
581,10105,5:18:00,0,0.00,0,0.5800,0.1190,0.0347,0.0117,0,REST-S,1,5,4
581,10106,5:18:30,0,0.00,0,0.5800,0.1190,0.0347,0.0117,0,REST-S,1,5,4
581,10107,5:19:00,0,0.00,0,0.5800,0.1190,0.0347,0.0117,0,REST-S,1,5,4
581,10108,5:19:30,0,0.00,0,0.5800,0.1190,0.0347,0.0117,0,REST-S,1,5,4
581,10109,5:20:00,0,0.00,0,0.5800,0.1190,0.0347,0.0117,0,REST-S,1,5,4
581,10110,5:20:30,0,0.00,0,0.5800,0.1190,0.0347,0.0117,0,REST-S,1,5,4
581,10111,5:21:00,0,0.00,0,0.5800,0.1190,0.0347,0.0117,0,REST-S,1,5,4
581,10112,5:21:30,0,0.00,0,0.5800,0.1190,0.0347,0.0117,0,REST-S,1,5,4
581,10113,5:22:00,0,0.00,0,0.5800,0.1190,0.0347,0.0117,0,REST-S,1,5,4
581,10114,5:22:30,0,0.00,0,0.5800,0.1190,0.0347,0.0117,0,REST-S,1,5,4
581,10115,5:23:00,0,0.00,0,0.5800,0.1190,0.0347,0.0117,0,REST-S,1,5,4
581,10116,5:23:30,0,0.00,0,0.5800,0.1190,0.0347,0.0117,0,REST-S,1,5,4
581,10117,5:24:00,0,0.00,0,0.5700,0.1140,0.0347,0.0117,0,REST-S,1,5,4
581,10118,5:24:30,0,0.00,0,0.5800,0.1190,0.0347,0.0117,0,REST-S,1,5,4
581,10119,5:25:00,0,0.00,0,0.5800,0.1190,0.0347,0.0117,0,REST-S,1,5,4
581,10120,5:25:30,0,0.00,0,0.5800,0.1190,0.0347,0.0117,0,REST-S,1,5,4
581,10121,5:26:00,0,0.00,0,0.5800,0.1190,0.0347,0.0117,0,REST-S,1,5,4
581,10122,5:26:30,0,0.00,0,0.5800,0.1190,0.0347,0.0117,0,REST-S,1,5,4
581,10123,5:27:00,0,0.00,0,0.5800,0.1190,0.0347,0.0117,0,REST-S,1,5,4
581,10124,5:27:30,0,0.00,0,0.5800,0.1190,0.0347,0.0117,0,REST-S,1,5,4
581,10125,5:28:00,0,23.00,0,0.5800,0.1190,0.0347,0.0117,1,REST-S,1,5,4
581,10126,5:28:30,0,0.00,0,0.6000,0.1300,0.0347,0.0117,0,REST-S,1,5,4
581,10127,5:29:00,0,0.00,0,0.6200,0.1360,0.0347,0.0117,0,REST-S,1,5,4
581,10128,5:29:30,0,0.00,0,0.6200,0.1360,0.0347,0.0117,0,REST-S,1,5,4
581,10129,5:30:00,0,0.00,0,0.6200,0.1360,0.0347,0.0117,0,REST-S,1,5,4
581,10130,5:30:30,0,0.00,0,0.6200,0.1360,0.0347,0.0117,0,REST-S,1,5,4
581,10131,5:31:00,0,0.00,0,0.6200,0.1360,0.0347,0.0117,0,REST-S,1,5,4
581,10132,5:31:30,0,0.00,0,0.6200,0.1360,0.0347,0.0117,0,REST-S,1,5,4
581,10133,5:32:00,0,0.00,0,0.6200,0.1360,0.0347,0.0117,0,REST-S,1,5,4
581,10134,5:32:30,0,0.00,0,0.5800,0.1190,0.0347,0.0117,0,REST-S,1,5,4
581,10135,5:33:00,0,0.00,0,0.5800,0.1190,0.0347,0.0117,0,REST-S,1,5,4
581,10136,5:33:30,0,0.00,0,0.5800,0.1190,0.0347,0.0117,0,REST-S,1,5,4
581,10137,5:34:00,0,0.00,0,0.5800,0.1190,0.0347,0.0117,0,REST-S,1,5,4
581,10138,5:34:30,0,0.00,0,0.5800,0.1190,0.0347,0.0117,0,REST-S,1,5,4
581,10139,5:35:00,0,0.00,0,0.5800,0.1190,0.0347,0.0117,0,REST-S,1,5,4
581,10140,5:35:30,0,0.00,0,0.5800,0.1190,0.0347,0.0117,0,REST-S,1,5,4
581,10141,5:36:00,0,0.00,0,0.5800,0.1190,0.0347,0.0117,0,REST-S,1,5,4
581,10142,5:36:30,0,0.00,0,0.5800,0.1190,0.0347,0.0117,0,REST-S,1,5,4
581,10143,5:37:00,0,0.00,0,0.5800,0.1190,0.0347,0.0117,0,REST-S,1,5,4
581,10144,5:37:30,0,0.00,0,0.5800,0.1190,0.0347,0.0117,0,REST-S,1,5,4
581,10145,5:38:00,0,0.00,0,0.5800,0.1190,0.0347,0.0117,0,REST-S,1,5,4
581,10146,5:38:30,0,0.00,0,0.5500,0.1070,0.0347,0.0117,0,REST-S,1,5,4
581,10147,5:39:00,0,0.00,0,0.5700,0.1140,0.0347,0.0117,0,REST-S,1,5,4
581,10148,5:39:30,0,0.00,0,0.5800,0.1190,0.0347,0.0117,0,REST-S,1,5,4
581,10149,5:40:00,0,0.00,0,0.5800,0.1190,0.0347,0.0117,0,REST-S,1,5,4
581,10150,5:40:30,0,0.00,0,0.5800,0.1190,0.0347,0.0117,0,REST-S,1,5,4
581,10151,5:41:00,0,0.00,0,0.5800,0.1190,0.0347,0.0117,0,REST-S,1,5,4
581,10152,5:41:30,0,0.00,0,0.5800,0.1190,0.0347,0.0117,0,REST-S,1,5,4
581,10153,5:42:00,0,0.00,0,0.5800,0.1190,0.0347,0.0117,0,REST-S,1,5,4
581,10154,5:42:30,0,45.00,0,0.4700,0.1140,0.0251,0.0000,1,REST-S,1,5,4
581,10155,5:43:00,0,0.00,0,0.5800,0.1190,0.0347,0.0117,0,REST-S,1,5,4
581,10156,5:43:30,0,0.00,0,0.5800,0.1190,0.0347,0.0117,0,REST-S,1,5,4
581,10157,5:44:00,0,0.00,0,0.5800,0.1190,0.0347,0.0117,0,REST-S,1,5,4
581,10158,5:44:30,0,0.00,0,0.5800,0.1190,0.0347,0.0117,0,REST-S,1,5,4
581,10159,5:45:00,0,0.00,0,0.5800,0.1190,0.0347,0.0117,0,REST-S,1,5,4
581,10160,5:45:30,0,0.00,0,0.5800,0.1190,0.0347,0.0117,0,REST-S,1,5,4
581,10161,5:46:00,0,0.00,0,0.5800,0.1190,0.0347,0.0117,0,REST-S,1,5,4
581,10162,5:46:30,0,0.00,0,0.5800,0.1190,0.0347,0.0117,0,REST-S,1,5,4
581,10163,5:47:00,0,0.00,0,0.5800,0.1190,0.0347,0.0117,0,REST-S,1,5,4
581,10164,5:47:30,0,0.00,0,0.5800,0.1190,0.0347,0.0117,0,REST-S,1,5,4
581,10165,5:48:00,0,0.00,0,0.5800,0.1190,0.0347,0.0117,0,REST-S,1,5,4
581,10166,5:48:30,0,0.00,0,0.5800,0.1190,0.0347,0.0117,0,REST-S,1,5,4
581,10167,5:49:00,0,0.00,0,0.5800,0.1190,0.0347,0.0117,0,REST-S,1,5,4
581,10168,5:49:30,0,0.00,0,0.5800,0.1190,0.0347,0.0117,0,REST-S,1,5,4
581,10169,5:50:00,0,0.00,0,0.5800,0.1190,0.0347,0.0117,0,REST-S,1,5,4
581,10170,5:50:30,0,0.00,0,0.5800,0.1190,0.0347,0.0117,0,REST-S,1,5,4
581,10171,5:51:00,0,0.00,0,0.5800,0.1190,0.0347,0.0117,0,REST-S,1,5,4
581,10172,5:51:30,0,0.00,0,0.5800,0.1190,0.0347,0.0117,0,REST-S,1,5,4
581,10173,5:52:00,0,0.00,0,0.5700,0.1140,0.0347,0.0117,0,REST-S,1,5,4
581,10174,5:52:30,0,0.00,0,0.5700,0.1140,0.0347,0.0117,0,REST-S,1,5,4
581,10175,5:53:00,0,0.00,0,0.5700,0.1140,0.0347,0.0117,0,REST-S,1,5,4
581,10176,5:53:30,0,0.00,0,0.5700,0.1140,0.0347,0.0117,0,REST-S,1,5,4
581,10177,5:54:00,0,0.00,0,0.5700,0.1140,0.0347,0.0117,0,REST-S,1,5,4
581,10178,5:54:30,0,0.00,0,0.5700,0.1140,0.0347,0.0117,0,REST-S,1,5,4
581,10179,5:55:00,0,0.00,0,0.5700,0.1140,0.0347,0.0117,0,REST-S,1,5,4
581,10180,5:55:30,0,0.00,0,0.5700,0.1140,0.0347,0.0117,0,REST-S,1,5,4
581,10181,5:56:00,0,0.00,0,0.5700,0.1140,0.0347,0.0117,0,REST-S,1,5,4
581,10182,5:56:30,0,0.00,0,0.5700,0.1140,0.0347,0.0117,0,REST-S,1,5,4
581,10183,5:57:00,0,0.00,0,0.5700,0.1140,0.0347,0.0117,0,REST-S,1,5,4
581,10184,5:57:30,0,0.00,0,0.5700,0.1140,0.0347,0.0117,0,REST-S,1,5,4
581,10185,5:58:00,0,0.00,0,0.5700,0.1140,0.0347,0.0117,0,REST-S,1,5,4
581,10186,5:58:30,0,0.00,0,0.5700,0.1140,0.0347,0.0117,0,REST-S,1,5,4
581,10187,5:59:00,0,0.00,0,0.5700,0.1140,0.0347,0.0117,0,REST-S,1,5,4
581,10188,5:59:30,0,0.00,0,0.5700,0.1140,0.0347,0.0117,0,REST-S,1,5,4
581,10189,6:00:00,0,73.00,0,0.5700,0.1140,0.0347,0.0117,1,REST-S,1,5,4
581,10190,6:00:30,0,0.00,0,0.5700,0.1140,0.0347,0.0117,0,REST-S,1,5,4
581,10191,6:01:00,0,0.00,0,0.5700,0.1140,0.0347,0.0117,0,REST-S,1,5,4
581,10192,6:01:30,0,0.00,0,0.5700,0.1140,0.0347,0.0117,0,REST-S,1,5,4
581,10193,6:02:00,0,0.00,0,0.5700,0.1140,0.0347,0.0117,0,REST-S,1,5,4
581,10194,6:02:30,0,0.00,0,0.5700,0.1140,0.0347,0.0117,0,REST-S,1,5,4
581,10195,6:03:00,0,0.00,0,0.5700,0.1140,0.0347,0.0117,0,REST-S,1,5,4
581,10196,6:03:30,0,0.00,0,0.5700,0.1140,0.0347,0.0117,0,REST-S,1,5,4
581,10197,6:04:00,0,0.00,0,0.5700,0.1140,0.0347,0.0117,0,REST-S,1,5,4
581,10198,6:04:30,0,0.00,0,0.5700,0.1140,0.0347,0.0117,0,REST-S,1,5,4
581,10199,6:05:00,0,14.00,0,0.5700,0.1140,0.0347,0.0117,1,REST-S,1,5,4
581,10200,6:05:30,0,181.00,0,0.5700,0.1140,0.0347,0.0117,1,REST-S,1,5,4
581,10201,6:06:00,0,0.00,0,0.5700,0.1140,0.0347,0.0117,0,REST-S,1,5,4
581,10202,6:06:30,0,0.00,0,0.5800,0.1190,0.0347,0.0117,0,REST-S,1,5,4
581,10203,6:07:00,0,0.00,0,0.5800,0.1190,0.0347,0.0117,0,REST-S,1,5,4
581,10204,6:07:30,0,0.00,0,0.5800,0.1190,0.0347,0.0117,0,REST-S,1,5,4
581,10205,6:08:00,0,0.00,0,0.5800,0.1190,0.0347,0.0117,0,REST-S,1,5,4
581,10206,6:08:30,0,0.00,0,0.5800,0.1190,0.0347,0.0117,0,REST-S,1,5,4
581,10207,6:09:00,0,0.00,0,0.5800,0.1190,0.0347,0.0117,0,REST-S,1,5,4
581,10208,6:09:30,0,0.00,0,0.5800,0.1190,0.0347,0.0117,0,REST-S,1,5,4
581,10209,6:10:00,0,0.00,0,0.5800,0.1190,0.0347,0.0117,0,REST-S,1,5,4
581,10210,6:10:30,0,0.00,0,0.5800,0.1190,0.0347,0.0117,0,REST-S,1,5,4
581,10211,6:11:00,0,0.00,0,0.5800,0.1190,0.0347,0.0117,0,REST-S,1,5,4
581,10212,6:11:30,0,0.00,0,0.5800,0.1190,0.0347,0.0117,0,REST-S,1,5,4
581,10213,6:12:00,0,31.00,0,0.6000,0.1300,0.0347,0.0117,1,REST-S,1,5,4
581,10214,6:12:30,0,0.00,0,0.5800,0.1190,0.0347,0.0117,0,REST-S,1,5,4
581,10215,6:13:00,0,0.00,0,0.5800,0.1190,0.0347,0.0117,0,REST-S,1,5,4
581,10216,6:13:30,0,0.00,0,0.6000,0.1300,0.0347,0.0117,0,REST-S,1,5,4
581,10217,6:14:00,0,0.00,0,0.6200,0.1360,0.0347,0.0117,0,REST-S,1,5,4
581,10218,6:14:30,0,0.00,0,0.6200,0.1360,0.0347,0.0117,0,REST-S,1,5,4
581,10219,6:15:00,0,0.00,0,0.6200,0.1360,0.0347,0.0117,0,REST-S,1,5,4
581,10220,6:15:30,0,93.00,0,0.5800,0.1190,0.0347,0.0117,1,REST-S,1,5,4
581,10221,6:16:00,0,0.00,0,0.5800,0.1190,0.0347,0.0117,0,REST-S,1,5,4
581,10222,6:16:30,0,0.00,0,0.5800,0.1190,0.0347,0.0117,0,REST-S,1,5,4
581,10223,6:17:00,0,0.00,0,0.5800,0.1190,0.0347,0.0117,0,REST-S,1,5,4
581,10224,6:17:30,0,0.00,0,0.5700,0.1140,0.0347,0.0117,0,REST-S,1,5,4
581,10225,6:18:00,0,0.00,0,0.5700,0.1140,0.0347,0.0117,0,REST-S,1,5,4
581,10226,6:18:30,0,0.00,0,0.5700,0.1140,0.0347,0.0117,0,REST-S,1,5,4
581,10227,6:19:00,0,0.00,0,0.5700,0.1140,0.0347,0.0117,0,REST-S,1,5,4
581,10228,6:19:30,0,0.00,0,0.5700,0.1140,0.0347,0.0117,0,REST-S,1,5,4
581,10229,6:20:00,0,0.00,0,0.5700,0.1140,0.0347,0.0117,0,REST-S,1,5,4
581,10230,6:20:30,0,0.00,0,0.5800,0.1190,0.0347,0.0117,0,REST-S,1,5,4
581,10231,6:21:00,0,0.00,0,0.5700,0.1140,0.0347,0.0117,0,REST-S,1,5,4
581,10232,6:21:30,0,0.00,0,0.5700,0.1140,0.0347,0.0117,0,REST-S,1,5,4
581,10233,6:22:00,0,0.00,0,0.4700,0.1140,0.0251,0.0000,0,REST-S,1,5,4
581,10234,6:22:30,0,0.00,0,0.5700,0.1140,0.0347,0.0117,0,REST-S,1,5,4
581,10235,6:23:00,0,0.00,0,0.5700,0.1140,0.0347,0.0117,0,REST-S,1,5,4
581,10236,6:23:30,0,0.00,0,0.5700,0.1140,0.0347,0.0117,0,REST-S,1,5,4
581,10237,6:24:00,0,0.00,0,0.4700,0.1140,0.0251,0.0000,0,REST-S,1,5,4
581,10238,6:24:30,0,0.00,0,0.5700,0.1140,0.0347,0.0117,0,REST-S,1,5,4
581,10239,6:25:00,0,0.00,0,0.2900,0.1300,0.0000,0.0000,0,REST-S,1,5,4
581,10240,6:25:30,0,0.00,0,0.4700,0.1140,0.0251,0.0000,0,REST-S,1,5,4
581,10241,6:26:00,0,0.00,0,0.4700,0.1140,0.0251,0.0000,0,REST-S,1,5,4
581,10242,6:26:30,0,0.00,0,0.5700,0.1140,0.0347,0.0117,0,REST-S,1,5,4
581,10243,6:27:00,0,0.00,0,0.5700,0.1140,0.0347,0.0117,0,REST-S,1,5,4
581,10244,6:27:30,0,0.00,0,0.5700,0.1140,0.0347,0.0117,0,REST-S,1,5,4
581,10245,6:28:00,0,0.00,0,0.4700,0.1140,0.0251,0.0000,0,REST-S,1,5,4
581,10246,6:28:30,0,0.00,0,0.4700,0.1140,0.0251,0.0000,0,REST-S,1,5,4
581,10247,6:29:00,0,0.00,0,0.2700,0.1220,0.0000,0.0000,0,REST-S,1,5,4
581,10248,6:29:30,0,0.00,0,0.4700,0.1140,0.0251,0.0000,0,REST-S,1,5,4
581,10249,6:30:00,0,0.00,0,0.4600,0.1070,0.0251,0.0000,0,REST-S,1,5,4
581,10250,6:30:30,0,0.00,0,0.2700,0.1220,0.0000,0.0000,0,REST-S,1,5,4
581,10251,6:31:00,0,0.00,0,0.5500,0.1070,0.0347,0.0117,0,REST-S,1,5,4
581,10252,6:31:30,0,21.00,0,0.5500,0.1070,0.0347,0.0117,1,REST-S,1,5,4
581,10253,6:32:00,0,0.00,0,0.5800,0.1190,0.0347,0.0117,0,REST-S,1,5,4
581,10254,6:32:30,0,0.00,0,0.3100,0.1360,0.0000,0.0117,0,REST-S,1,5,4
581,10255,6:33:00,0,0.00,0,0.3000,0.1360,0.0000,0.0000,0,REST-S,1,5,4
581,10256,6:33:30,0,0.00,0,0.3000,0.1360,0.0000,0.0000,0,REST-S,1,5,4
581,10257,6:34:00,0,0.00,0,0.3000,0.1360,0.0000,0.0000,0,REST-S,1,5,4
581,10258,6:34:30,0,0.00,0,0.3000,0.1360,0.0000,0.0000,0,REST-S,1,5,4
581,10259,6:35:00,0,0.00,0,0.3000,0.1360,0.0000,0.0000,0,REST-S,1,5,4
581,10260,6:35:30,0,0.00,0,0.5800,0.1190,0.0347,0.0117,0,REST-S,1,5,4
581,10261,6:36:00,0,0.00,0,0.3000,0.1360,0.0000,0.0000,0,REST-S,1,5,4
581,10262,6:36:30,0,1.00,0,0.3000,0.1360,0.0000,0.0000,0,REST-S,1,5,4
581,10263,6:37:00,0,0.00,0,0.2900,0.1300,0.0000,0.0000,0,REST-S,1,5,4
581,10264,6:37:30,0,0.00,0,0.2700,0.1220,0.0000,0.0000,0,REST-S,1,5,4
581,10265,6:38:00,0,0.00,0,0.2700,0.1220,0.0000,0.0000,0,REST-S,1,5,4
581,10266,6:38:30,0,0.00,0,0.2900,0.1300,0.0000,0.0000,0,REST-S,1,5,4
581,10267,6:39:00,0,0.00,0,0.2900,0.1300,0.0000,0.0000,0,REST-S,1,5,4
581,10268,6:39:30,0,0.00,0,0.3000,0.1360,0.0000,0.0000,0,REST-S,1,5,4
581,10269,6:40:00,0,0.00,0,0.2900,0.1300,0.0000,0.0000,0,REST-S,1,5,4
581,10270,6:40:30,0,0.00,0,0.2900,0.1300,0.0000,0.0000,0,REST-S,1,5,4
581,10271,6:41:00,0,0.00,0,0.2700,0.1220,0.0000,0.0000,0,REST-S,1,5,4
581,10272,6:41:30,0,0.00,0,0.2500,0.1120,0.0000,0.0000,0,REST-S,1,5,4
581,10273,6:42:00,0,0.00,0,0.2500,0.1120,0.0000,0.0000,0,REST-S,1,5,4
581,10274,6:42:30,0,0.00,0,0.2500,0.1120,0.0000,0.0000,0,REST-S,1,5,4
581,10275,6:43:00,0,0.00,0,0.2500,0.1120,0.0000,0.0000,0,REST-S,1,5,4
581,10276,6:43:30,0,0.00,0,0.2500,0.1120,0.0000,0.0000,0,REST-S,1,5,4
581,10277,6:44:00,0,0.00,0,0.2500,0.1120,0.0000,0.0000,0,REST-S,1,5,4
581,10278,6:44:30,0,0.00,0,0.2500,0.1120,0.0000,0.0000,0,REST-S,1,5,4
581,10279,6:45:00,0,0.00,0,0.2500,0.1120,0.0000,0.0000,0,REST-S,1,5,4
581,10280,6:45:30,0,0.00,0,0.2500,0.1120,0.0000,0.0000,0,REST-S,1,5,4
581,10281,6:46:00,0,0.00,0,0.2500,0.1120,0.0000,0.0000,0,REST-S,1,5,4
581,10282,6:46:30,0,0.00,0,0.2500,0.1120,0.0000,0.0000,0,REST-S,1,5,4
581,10283,6:47:00,0,0.00,0,0.2500,0.1120,0.0000,0.0000,0,REST-S,1,5,4
581,10284,6:47:30,0,0.00,0,0.2500,0.1120,0.0000,0.0000,0,REST-S,1,5,4
581,10285,6:48:00,0,0.00,0,0.2500,0.1120,0.0000,0.0000,0,REST-S,1,5,4
581,10286,6:48:30,0,0.00,0,0.2500,0.1120,0.0000,0.0000,0,REST-S,1,5,4
581,10287,6:49:00,0,0.00,0,0.2500,0.1120,0.0000,0.0000,0,REST-S,1,5,4
581,10288,6:49:30,0,0.00,0,0.2500,0.1120,0.0000,0.0000,0,REST-S,1,5,4
581,10289,6:50:00,0,0.00,0,0.2500,0.1120,0.0000,0.0000,0,REST-S,1,5,4
581,10290,6:50:30,0,0.00,0,0.2500,0.1120,0.0000,0.0000,0,REST-S,1,5,4
581,10291,6:51:00,0,0.00,0,0.2500,0.1120,0.0000,0.0000,0,REST-S,1,5,4
581,10292,6:51:30,0,0.00,0,0.2500,0.1120,0.0000,0.0000,0,REST-S,1,5,4
581,10293,6:52:00,0,0.00,0,0.2500,0.1120,0.0000,0.0000,0,REST-S,1,5,4
581,10294,6:52:30,0,0.00,0,0.2500,0.1120,0.0000,0.0000,0,REST-S,1,5,4
581,10295,6:53:00,0,0.00,0,0.2500,0.1120,0.0000,0.0000,0,REST-S,1,5,4
581,10296,6:53:30,0,0.00,0,0.2500,0.1120,0.0000,0.0000,0,REST-S,1,5,4
581,10297,6:54:00,0,0.00,0,0.2500,0.1120,0.0000,0.0000,0,REST-S,1,5,4
581,10298,6:54:30,0,0.00,0,0.2500,0.1120,0.0000,0.0000,0,REST-S,1,5,4
581,10299,6:55:00,0,0.00,0,0.2500,0.1120,0.0000,0.0000,0,REST-S,1,5,4
581,10300,6:55:30,0,0.00,0,0.2500,0.1120,0.0000,0.0000,0,REST-S,1,5,4
581,10301,6:56:00,0,0.00,0,0.2500,0.1120,0.0000,0.0000,0,REST-S,1,5,4
581,10302,6:56:30,0,0.00,0,0.2500,0.1120,0.0000,0.0000,0,REST-S,1,5,4
581,10303,6:57:00,0,0.00,0,0.2500,0.1120,0.0000,0.0000,0,REST-S,1,5,4
581,10304,6:57:30,0,0.00,0,0.2500,0.1120,0.0000,0.0000,0,REST-S,1,5,4
581,10305,6:58:00,0,0.00,0,0.2500,0.1120,0.0000,0.0000,0,REST-S,1,5,4
581,10306,6:58:30,0,0.00,0,0.2500,0.1120,0.0000,0.0000,0,REST-S,1,5,4
581,10307,6:59:00,0,0.00,0,0.2500,0.1120,0.0000,0.0000,0,REST-S,1,5,4
581,10308,6:59:30,0,0.00,0,0.2500,0.1120,0.0000,0.0000,0,REST-S,1,5,4
581,10309,7:00:00,0,0.00,0,0.2500,0.1120,0.0000,0.0000,0,REST-S,1,5,4
581,10310,7:00:30,0,0.00,0,0.2500,0.1120,0.0000,0.0000,0,REST-S,1,5,4
581,10311,7:01:00,0,6.00,0,0.2500,0.1120,0.0000,0.0000,0,REST-S,1,5,4
581,10312,7:01:30,0,128.00,0,0.2500,0.1120,0.0000,0.0000,1,REST-S,1,5,4
581,10313,7:02:00,0,0.00,0,0.2500,0.1120,0.0000,0.0000,0,REST-S,1,5,4
581,10314,7:02:30,0,0.00,0,0.2500,0.1120,0.0000,0.0000,0,REST-S,1,5,4
581,10315,7:03:00,0,0.00,0,0.2700,0.1220,0.0000,0.0000,0,REST-S,1,5,4
581,10316,7:03:30,0,0.00,0,0.2700,0.1220,0.0000,0.0000,0,REST-S,1,5,4
581,10317,7:04:00,0,0.00,0,0.2500,0.1120,0.0000,0.0000,0,REST-S,1,5,4
581,10318,7:04:30,0,0.00,0,0.3000,0.1300,0.0000,0.0117,0,REST-S,1,5,4
581,10319,7:05:00,0,0.00,0,0.3000,0.1360,0.0000,0.0000,0,REST-S,1,5,4
581,10320,7:05:30,0,0.00,0,0.3000,0.1360,0.0000,0.0000,0,REST-S,1,5,4
581,10321,7:06:00,0,0.00,0,0.3000,0.1360,0.0000,0.0000,0,REST-S,1,5,4
581,10322,7:06:30,0,0.00,0,0.3000,0.1360,0.0000,0.0000,0,REST-S,1,5,4
581,10323,7:07:00,0,0.00,0,0.3100,0.1360,0.0000,0.0117,0,REST-S,1,5,4
581,10324,7:07:30,0,0.00,0,0.3100,0.1360,0.0000,0.0117,0,REST-S,1,5,4
581,10325,7:08:00,0,0.00,0,0.3000,0.1360,0.0000,0.0000,0,REST-S,1,5,4
581,10326,7:08:30,0,0.00,0,0.3000,0.1360,0.0000,0.0000,0,REST-S,1,5,4
581,10327,7:09:00,0,0.00,0,0.3100,0.1360,0.0000,0.0117,0,REST-S,1,5,4
581,10328,7:09:30,0,0.00,0,0.3000,0.1360,0.0000,0.0000,0,REST-S,1,5,4
581,10329,7:10:00,0,0.00,0,0.3000,0.1360,0.0000,0.0000,0,REST-S,1,5,4
581,10330,7:10:30,0,0.00,0,0.2900,0.1300,0.0000,0.0000,0,REST-S,1,5,4
581,10331,7:11:00,0,0.00,0,0.2800,0.1220,0.0000,0.0117,0,REST-S,1,5,4
581,10332,7:11:30,0,0.00,0,0.2800,0.1220,0.0000,0.0117,0,REST-S,1,5,4
581,10333,7:12:00,0,0.00,0,0.2900,0.1300,0.0000,0.0000,0,REST-S,1,5,4
581,10334,7:12:30,0,0.00,0,0.2800,0.1220,0.0000,0.0117,0,REST-S,1,5,4
581,10335,7:13:00,0,0.00,0,0.2800,0.1220,0.0000,0.0117,0,REST-S,1,5,4
581,10336,7:13:30,0,0.00,0,0.2700,0.1220,0.0000,0.0000,0,REST-S,1,5,4
581,10337,7:14:00,0,0.00,0,0.2900,0.1300,0.0000,0.0000,0,REST-S,1,5,4
581,10338,7:14:30,0,0.00,0,0.5700,0.1140,0.0347,0.0117,0,REST-S,1,5,4
581,10339,7:15:00,0,0.00,0,0.3000,0.1300,0.0000,0.0117,0,REST-S,1,5,4
581,10340,7:15:30,0,0.00,0,0.2900,0.1300,0.0000,0.0000,0,REST-S,1,5,4
581,10341,7:16:00,0,0.00,0,0.4700,0.1140,0.0251,0.0000,0,REST-S,1,5,4
581,10342,7:16:30,0,0.00,0,0.3000,0.1300,0.0000,0.0117,0,REST-S,1,5,4
581,10343,7:17:00,0,0.00,0,0.5700,0.1140,0.0347,0.0117,0,REST-S,1,5,4
581,10344,7:17:30,0,0.00,0,0.5700,0.1140,0.0347,0.0117,0,REST-S,1,5,4
581,10345,7:18:00,0,0.00,0,0.5700,0.1140,0.0347,0.0117,0,REST-S,1,5,4
581,10346,7:18:30,0,0.00,0,0.3000,0.1300,0.0000,0.0117,0,REST-S,1,5,4
581,10347,7:19:00,0,0.00,0,0.5700,0.1140,0.0347,0.0117,0,REST-S,1,5,4
581,10348,7:19:30,0,0.00,0,0.5700,0.1140,0.0347,0.0117,0,REST-S,1,5,4
581,10349,7:20:00,0,0.00,0,0.5700,0.1140,0.0347,0.0117,0,REST-S,1,5,4
581,10350,7:20:30,0,0.00,0,0.5700,0.1140,0.0347,0.0117,0,REST-S,1,5,4
581,10351,7:21:00,0,0.00,0,0.5700,0.1140,0.0347,0.0117,0,REST-S,1,5,4
581,10352,7:21:30,0,0.00,0,0.5700,0.1140,0.0347,0.0117,0,REST-S,1,5,4
581,10353,7:22:00,0,0.00,0,0.5700,0.1140,0.0347,0.0117,0,REST-S,1,5,4
581,10354,7:22:30,0,0.00,0,0.5700,0.1140,0.0347,0.0117,0,REST-S,1,5,4
581,10355,7:23:00,0,0.00,0,0.5700,0.1140,0.0347,0.0117,0,REST-S,1,5,4
581,10356,7:23:30,0,0.00,0,0.5700,0.1140,0.0347,0.0117,0,REST-S,1,5,4
581,10357,7:24:00,0,0.00,0,0.5700,0.1140,0.0347,0.0117,0,REST-S,1,5,4
581,10358,7:24:30,0,0.00,0,0.5700,0.1140,0.0347,0.0117,0,REST-S,1,5,4
581,10359,7:25:00,0,0.00,0,0.5700,0.1140,0.0347,0.0117,0,REST-S,1,5,4
581,10360,7:25:30,0,0.00,0,0.5700,0.1140,0.0347,0.0117,0,REST-S,1,5,4
581,10361,7:26:00,0,15.00,0,0.5700,0.1140,0.0347,0.0117,0,REST-S,1,5,4
581,10362,7:26:30,0,8.00,0,0.5700,0.1140,0.0347,0.0117,0,REST-S,1,5,4
581,10363,7:27:00,0,0.00,0,0.5700,0.1140,0.0347,0.0117,0,REST-S,1,5,4
581,10364,7:27:30,0,0.00,0,0.5700,0.1140,0.0347,0.0117,0,REST-S,1,5,4
581,10365,7:28:00,0,0.00,0,0.5700,0.1140,0.0347,0.0117,0,REST-S,1,5,4
581,10366,7:28:30,0,0.00,0,0.5700,0.1140,0.0347,0.0117,0,REST-S,1,5,4
581,10367,7:29:00,0,1.00,0,0.5700,0.1140,0.0347,0.0117,0,REST-S,1,5,4
581,10368,7:29:30,0,0.00,0,0.5700,0.1140,0.0347,0.0117,0,REST-S,1,5,4
581,10369,7:30:00,0,0.00,0,0.5700,0.1140,0.0347,0.0117,0,REST-S,1,5,4
581,10370,7:30:30,0,0.00,0,0.5700,0.1140,0.0347,0.0117,0,REST-S,1,5,4
581,10371,7:31:00,0,56.00,0,0.5500,0.1070,0.0347,0.0117,1,REST-S,1,5,4
581,10372,7:31:30,0,0.00,0,0.5500,0.1070,0.0347,0.0117,0,REST-S,1,5,4
581,10373,7:32:00,0,0.00,0,0.5300,0.0981,0.0347,0.0117,0,REST-S,1,5,4
581,10374,7:32:30,0,0.00,0,0.5500,0.1070,0.0347,0.0117,0,REST-S,1,5,4
581,10375,7:33:00,0,0.00,0,0.5500,0.1070,0.0347,0.0117,0,REST-S,1,5,4
581,10376,7:33:30,0,0.00,0,0.5500,0.1070,0.0347,0.0117,0,REST-S,1,5,4
581,10377,7:34:00,0,0.00,0,0.5500,0.1070,0.0347,0.0117,0,REST-S,1,5,4
581,10378,7:34:30,0,0.00,0,0.5500,0.1070,0.0347,0.0117,0,REST-S,1,5,4
581,10379,7:35:00,0,0.00,0,0.5500,0.1070,0.0347,0.0117,0,REST-S,1,5,4
581,10380,7:35:30,0,0.00,0,0.5500,0.1070,0.0347,0.0117,0,REST-S,1,5,4
581,10381,7:36:00,0,0.00,0,0.5500,0.1070,0.0347,0.0117,0,REST-S,1,5,4
581,10382,7:36:30,0,0.00,0,0.5500,0.1070,0.0347,0.0117,0,REST-S,1,5,4
581,10383,7:37:00,0,0.00,0,0.5500,0.1070,0.0347,0.0117,0,REST-S,1,5,4
581,10384,7:37:30,0,0.00,0,0.5500,0.1070,0.0347,0.0117,0,REST-S,1,5,4
581,10385,7:38:00,0,0.00,0,0.5500,0.1070,0.0347,0.0117,0,REST-S,1,5,4
581,10386,7:38:30,0,0.00,0,0.5500,0.1070,0.0347,0.0117,0,REST-S,1,5,4
581,10387,7:39:00,0,0.00,0,0.5500,0.1070,0.0347,0.0117,0,REST-S,1,5,4
581,10388,7:39:30,0,0.00,0,0.5500,0.1070,0.0347,0.0117,0,REST-S,1,5,4
581,10389,7:40:00,0,0.00,0,0.5500,0.1070,0.0347,0.0117,0,REST-S,1,5,4
581,10390,7:40:30,0,0.00,0,0.5500,0.1070,0.0347,0.0117,0,REST-S,1,5,4
581,10391,7:41:00,0,34.00,0,0.5500,0.1070,0.0347,0.0117,1,REST-S,1,5,4
581,10392,7:41:30,0,21.00,0,0.5500,0.1070,0.0347,0.0117,1,REST-S,1,5,4
581,10393,7:42:00,0,0.00,0,0.5500,0.1070,0.0347,0.0117,0,REST-S,1,5,4
581,10394,7:42:30,0,0.00,0,0.5500,0.1070,0.0347,0.0117,0,REST-S,1,5,4
581,10395,7:43:00,0,114.00,0,0.5500,0.1070,0.0347,0.0117,1,REST-S,1,5,4
581,10396,7:43:30,0,31.00,0,0.5500,0.1070,0.0347,0.0117,1,REST-S,1,5,4
581,10397,7:44:00,0,0.00,0,0.5500,0.1070,0.0347,0.0117,0,REST-S,1,5,4
581,10398,7:44:30,0,16.00,0,0.5500,0.1070,0.0347,0.0117,1,REST-S,1,5,4
581,10399,7:45:00,0,0.00,0,0.5500,0.1070,0.0347,0.0117,0,REST-S,1,5,4
581,10400,7:45:30,0,0.00,0,0.5500,0.1070,0.0347,0.0117,0,REST-S,1,5,4
581,10401,7:46:00,0,0.00,0,0.5500,0.1070,0.0347,0.0117,0,REST-S,1,5,4
581,10402,7:46:30,0,0.00,0,0.5700,0.1140,0.0347,0.0117,0,REST-S,1,5,4
581,10403,7:47:00,0,0.00,0,0.5700,0.1140,0.0347,0.0117,0,REST-S,1,5,4
581,10404,7:47:30,0,0.00,0,0.5700,0.1140,0.0347,0.0117,0,REST-S,1,5,4
581,10405,7:48:00,0,137.00,0,0.5800,0.1190,0.0347,0.0117,1,REST,1,5,4
581,10406,7:48:30,0,0.00,0,0.5700,0.1140,0.0347,0.0117,1,REST,1,5,4
581,10407,7:49:00,0,75.00,0,0.5700,0.1140,0.0347,0.0117,1,REST,1,5,4
581,10408,7:49:30,0,25.00,0,0.5700,0.1140,0.0347,0.0117,1,REST,1,5,4
581,10409,7:50:00,0,0.00,0,0.5500,0.1070,0.0347,0.0117,1,REST,1,5,4
581,10410,7:50:30,0,261.00,1,0.5700,0.1140,0.0347,0.0117,1,ACTIVE,1,5,4
581,10411,7:51:00,0,63.00,0,2.7600,0.2490,0.2440,0.0694,1,ACTIVE,1,5,4
581,10412,7:51:30,0,0.00,0,1.8900,0.2440,0.1510,0.0230,1,ACTIVE,1,5,4
581,10413,7:52:00,0,350.00,0,3.8000,1.1100,0.1510,0.0230,1,ACTIVE,1,5,4
581,10414,7:52:30,0,,0,,,,,1,ACTIVE,1,5,4
581,10415,7:53:00,0,,0,,,,,1,ACTIVE,1,5,4
581,10416,7:53:30,0,169.00,0,0.4600,0.1070,0.0251,0.0000,1,ACTIVE,1,5,4
581,10417,7:54:00,0,157.00,0,0.5800,0.1190,0.0347,0.0117,1,ACTIVE,1,5,4
581,10418,7:54:30,0,93.00,0,0.2700,0.1220,0.0000,0.0000,1,ACTIVE,1,5,4
581,10419,7:55:00,0,585.00,0,0.2700,0.1220,0.0000,0.0000,1,ACTIVE,1,5,4
581,10420,7:55:30,0,163.00,0,0.2700,0.1220,0.0000,0.0000,1,ACTIVE,1,5,4
581,10421,7:56:00,0,23.00,0,0.2700,0.1220,0.0000,0.0000,1,ACTIVE,1,5,4
581,10422,7:56:30,0,100.00,0,0.2700,0.1220,0.0000,0.0000,1,ACTIVE,1,5,4
581,10423,7:57:00,0,96.00,0,0.2700,0.1220,0.0000,0.0000,1,ACTIVE,1,5,4
581,10424,7:57:30,0,34.00,0,0.2700,0.1220,0.0000,0.0000,1,ACTIVE,1,5,4
581,10425,7:58:00,0,137.00,0,0.8000,0.2190,0.0347,0.0117,1,ACTIVE,1,5,4
581,10426,7:58:30,0,0.00,0,0.2900,0.1300,0.0000,0.0000,1,ACTIVE,1,5,4
581,10427,7:59:00,0,269.00,0,1.6900,0.1880,0.1390,0.0583,1,ACTIVE,1,5,4
581,10428,7:59:30,0,261.00,0,57.5000,9.6800,3.9800,1.1100,1,ACTIVE,1,5,4
581,10429,8:00:00,0,163.00,0,4.5600,1.1600,0.2230,0.0347,1,ACTIVE,1,5,4
581,10430,8:00:30,0,187.00,0,0.3000,0.1360,0.0000,0.0000,1,ACTIVE,1,5,4
581,10431,8:01:00,0,82.00,0,0.3000,0.1360,0.0000,0.0000,1,ACTIVE,1,5,4
581,10432,8:01:30,0,114.00,0,0.3000,0.1360,0.0000,0.0000,1,ACTIVE,1,5,4
581,10433,8:02:00,0,137.00,0,18.2400,2.7000,1.3200,0.6600,1,ACTIVE,1,5,4
581,10434,8:02:30,0,82.00,0,0.3000,0.1360,0.0000,0.0000,1,ACTIVE,1,5,4
581,10435,8:03:00,0,142.00,0,7.2500,1.4100,0.4670,0.0460,1,ACTIVE,1,5,4
581,10436,8:03:30,0,288.00,0,5.7700,0.5090,0.5090,0.1760,1,ACTIVE,1,5,4
581,10437,8:04:00,0,96.00,0,27.8800,3.4200,2.2200,0.8020,1,ACTIVE,1,5,4
581,10438,8:04:30,0,89.00,0,7.9700,1.0600,0.6320,0.0773,1,ACTIVE,1,5,4
581,10439,8:05:00,0,221.00,0,0.5900,0.1690,0.0251,0.0000,1,ACTIVE,1,5,4
581,10440,8:05:30,0,137.00,0,0.2700,0.1220,0.0000,0.0000,1,ACTIVE,1,5,4
581,10441,8:06:00,0,221.00,0,0.4200,0.1920,0.0000,0.0000,1,ACTIVE,1,5,4
581,10442,8:06:30,0,56.00,0,0.4200,0.1920,0.0000,0.0000,1,ACTIVE,1,5,4
581,10443,8:07:00,0,86.00,0,3.1800,1.1600,0.0694,0.0117,1,ACTIVE,1,5,4
581,10444,8:07:30,0,123.00,0,18.1400,1.6700,1.5700,0.6320,1,ACTIVE,1,5,4
581,10445,8:08:00,0,89.00,0,12.3500,1.9900,0.8750,0.2660,1,ACTIVE,1,5,4
581,10446,8:08:30,0,137.00,0,17.1200,1.7900,1.4400,0.5200,1,ACTIVE,1,5,4
581,10447,8:09:00,0,52.00,0,13.5800,2.1300,0.9750,0.3160,1,ACTIVE,1,5,4
581,10448,8:09:30,0,70.00,0,8.4800,1.2900,0.6180,0.1920,1,ACTIVE,1,5,4
581,10449,8:10:00,0,100.00,0,19.4400,2.3200,1.5700,0.5200,1,ACTIVE,1,5,4
581,10450,8:10:30,0,47.00,0,16.3900,1.4400,1.4400,0.5550,1,ACTIVE,1,5,4
581,10451,8:11:00,0,103.00,0,11.1500,1.6000,0.8370,0.2490,1,ACTIVE,1,5,4
581,10452,8:11:30,0,157.00,0,10.6000,1.1800,0.8750,0.2960,1,ACTIVE,1,5,4
581,10453,8:12:00,0,133.00,0,12.8900,1.4100,1.0600,0.4280,1,ACTIVE,1,5,4
581,10454,8:12:30,0,175.00,0,3.9900,0.3370,0.3520,0.1450,1,ACTIVE,1,5,4
581,10455,8:13:00,0,119.00,0,0.3500,0.1580,0.0000,0.0000,1,ACTIVE,1,5,4
581,10456,8:13:30,0,93.00,0,0.3000,0.1360,0.0000,0.0000,1,ACTIVE,1,5,4
581,10457,8:14:00,0,531.00,0,14.0000,2.8800,0.8370,0.2770,1,ACTIVE,1,5,4
581,10458,8:14:30,0,328.00,0,10.2300,1.7900,0.6890,0.2230,1,ACTIVE,1,5,4
581,10459,8:15:00,0,128.00,0,13.1100,0.9750,1.1800,0.5310,1,ACTIVE,1,5,4
581,10460,8:15:30,0,207.00,0,7.3700,0.9540,0.5790,0.1760,1,ACTIVE,1,5,4
581,10461,8:16:00,0,181.00,0,20.1700,1.9100,1.7500,0.5790,1,ACTIVE,1,5,4
581,10462,8:16:30,0,89.00,0,16.1000,0.8940,1.5400,0.6180,1,ACTIVE,1,5,4
581,10463,8:17:00,0,45.00,0,5.9600,0.5920,0.5090,0.1760,1,ACTIVE,1,5,4
581,10464,8:17:30,0,38.00,0,7.3100,0.7510,0.6180,0.2090,1,ACTIVE,1,5,4
581,10465,8:18:00,0,27.00,0,6.8600,0.7200,0.5790,0.1760,1,ACTIVE,1,5,4
581,10466,8:18:30,0,32.00,0,5.6700,0.6050,0.4770,0.1450,1,ACTIVE,1,5,4
581,10467,8:19:00,0,66.00,0,5.5600,0.5550,0.4770,0.1450,1,ACTIVE,1,5,4
581,10468,8:19:30,0,59.00,0,6.0700,0.6600,0.5090,0.1450,1,ACTIVE,1,5,4
581,10469,8:20:00,0,114.00,0,11.9900,1.7900,0.8750,0.3450,1,ACTIVE,1,5,4
581,10470,8:20:30,0,244.00,0,16.8700,1.9100,1.3800,0.5310,1,ACTIVE,1,5,4
581,10471,8:21:00,0,103.00,0,25.3500,1.6000,2.3700,0.9750,1,ACTIVE,1,5,4
581,10472,8:21:30,0,438.00,0,32.6200,2.7600,2.8800,1.2100,1,ACTIVE,1,5,4
581,10473,8:22:00,0,385.00,0,40.9900,6.7000,2.8800,0.8940,1,ACTIVE,1,5,4
581,10474,8:22:30,0,119.00,0,22.9300,2.5800,1.8700,0.8020,1,ACTIVE,1,5,4
581,10475,8:23:00,0,70.00,0,11.6800,0.7200,1.0900,0.5310,1,ACTIVE,1,5,4
581,10476,8:23:30,0,110.00,0,14.5400,0.7850,1.3800,0.6740,1,ACTIVE,1,5,4
581,10477,8:24:00,0,163.00,0,27.2200,1.7900,2.5300,1.0400,1,ACTIVE,1,5,4
581,10478,8:24:30,0,163.00,0,21.1500,1.7500,1.8700,0.8560,1,ACTIVE,1,5,4
581,10479,8:25:00,0,147.00,0,32.3100,2.6400,2.8800,1.1600,1,ACTIVE,1,5,4
581,10480,8:25:30,0,452.00,0,52.4900,4.4400,4.6400,1.9100,1,ACTIVE,1,5,4
581,10481,8:26:00,0,604.00,0,43.8200,2.5800,4.1600,1.5400,1,ACTIVE,1,5,4
581,10482,8:26:30,0,398.00,0,20.5600,1.8300,1.7900,0.8020,1,ACTIVE,1,5,4
581,10483,8:27:00,0,214.00,0,25.4200,1.6000,2.3700,1.0400,1,ACTIVE,1,5,4
581,10484,8:27:30,0,142.00,0,15.8000,0.8750,1.5000,0.6460,1,ACTIVE,1,5,4
581,10485,8:28:00,0,200.00,0,0.3600,0.1580,0.0000,0.0117,1,ACTIVE,1,5,4
581,10486,8:28:30,0,350.00,0,24.2400,1.7500,2.2200,0.8560,1,ACTIVE,1,5,4
581,10487,8:29:00,0,236.00,0,37.9000,3.2100,3.3500,1.3500,1,ACTIVE,1,5,4
581,10488,8:29:30,0,338.00,0,40.2500,3.6500,3.5000,1.4100,1,ACTIVE,1,5,4
581,10489,8:30:00,0,269.00,0,37.2400,3.2100,3.2800,1.3200,1,ACTIVE,1,5,4
581,10490,8:30:30,0,187.00,0,28.0800,2.3700,2.4700,1.0900,1,ACTIVE,1,5,4
581,10491,8:31:00,0,200.00,0,34.6700,2.8800,3.0700,1.2900,1,ACTIVE,1,5,4
581,10492,8:31:30,0,288.00,0,33.9000,1.9500,3.2100,1.3800,1,ACTIVE,1,5,4
581,10493,8:32:00,0,151.00,0,24.3900,1.2900,2.3200,1.1300,1,ACTIVE,1,5,4
581,10494,8:32:30,0,169.00,0,27.0700,2.6400,2.3200,0.8560,1,ACTIVE,1,5,4
581,10495,8:33:00,0,89.00,0,42.8300,4.2500,3.6500,1.3200,1,ACTIVE,1,5,4
581,10496,8:33:30,0,79.00,0,25.4700,4.1600,1.7900,0.5670,1,ACTIVE,1,5,4
581,10497,8:34:00,0,63.00,0,26.9000,3.5700,2.0800,0.7200,1,ACTIVE,1,5,4
581,10498,8:34:30,0,107.00,0,27.1000,3.0700,2.2200,0.8020,1,ACTIVE,1,5,4
581,10499,8:35:00,0,278.00,0,26.8400,2.0800,2.4200,0.9540,1,ACTIVE,1,5,4
581,10500,8:35:30,0,252.00,0,27.2500,3.3500,2.1700,0.7510,1,ACTIVE,1,5,4
581,10501,8:36:00,0,483.00,0,37.4600,3.9000,3.1400,1.2400,1,ACTIVE,1,5,4
581,10502,8:36:30,0,317.00,0,26.0300,2.1700,2.3200,0.8560,1,ACTIVE,1,5,4
581,10503,8:37:00,0,147.00,0,21.7400,2.4200,1.7900,0.6740,1,ACTIVE,1,5,4
581,10504,8:37:30,0,157.00,0,22.6600,2.9400,1.7500,0.7680,1,ACTIVE,1,5,4
581,10505,8:38:00,0,193.00,0,11.5000,1.9100,0.8200,0.1000,1,ACTIVE,1,5,4
581,10506,8:38:30,0,328.00,0,13.2100,2.2200,0.9330,0.1190,1,ACTIVE,1,5,4
581,10507,8:39:00,0,151.00,0,68.6000,3.0100,6.7000,3.0100,1,ACTIVE,1,5,4
581,10508,8:39:30,0,79.00,0,17.5700,1.3200,1.6000,0.5550,1,ACTIVE,1,5,4
581,10509,8:40:00,0,175.00,0,24.6100,3.1400,1.9500,0.5550,1,ACTIVE,1,5,4
581,10510,8:40:30,0,70.00,0,129.9900,5.7600,12.6000,6.7000,1,ACTIVE,1,5,4
581,10511,8:41:00,0,11.00,0,265.6800,11.8000,25.7000,13.7000,1,ACTIVE,1,5,4
581,10512,8:41:30,0,32.00,0,169.1100,12.3000,15.3000,7.6300,1,ACTIVE,1,5,4
581,10513,8:42:00,0,110.00,0,11.6300,1.8300,0.8370,0.2380,1,ACTIVE,1,5,4
581,10514,8:42:30,0,193.00,0,21.3600,0.9330,2.0800,0.9960,1,ACTIVE,1,5,4
581,10515,8:43:00,0,169.00,0,8.7800,0.6600,0.8020,0.2770,1,ACTIVE,1,5,4
581,10516,8:43:30,0,137.00,0,88.7000,4.3400,8.5000,4.2500,1,ACTIVE,1,5,4
581,10517,8:44:00,0,59.00,0,0.2700,0.1220,0.0000,0.0000,1,ACTIVE,1,5,4
581,10518,8:44:30,0,269.00,0,0.2700,0.1220,0.0000,0.0000,1,ACTIVE,1,5,4
581,10519,8:45:00,0,66.00,0,0.2700,0.1220,0.0000,0.0000,1,ACTIVE,1,5,4
581,10520,8:45:30,0,100.00,0,0.2700,0.1220,0.0000,0.0000,1,ACTIVE,1,5,4
581,10521,8:46:00,0,163.00,0,0.2700,0.1220,0.0000,0.0000,1,ACTIVE,1,5,4
581,10522,8:46:30,0,79.00,0,0.2500,0.1120,0.0000,0.0000,1,ACTIVE,1,5,4
581,10523,8:47:00,0,207.00,0,0.2500,0.1120,0.0000,0.0000,1,ACTIVE,1,5,4
581,10524,8:47:30,0,200.00,0,0.5500,0.1510,0.0251,0.0000,1,ACTIVE,1,5,4
581,10525,8:48:00,0,82.00,0,0.2500,0.1120,0.0000,0.0000,1,ACTIVE,1,5,4
581,10526,8:48:30,0,328.00,0,0.2700,0.1220,0.0000,0.0000,1,ACTIVE,1,5,4
581,10527,8:49:00,0,269.00,0,0.2500,0.1120,0.0000,0.0000,1,ACTIVE,1,5,4
581,10528,8:49:30,0,187.00,0,7.5600,1.3200,0.5200,0.0773,1,ACTIVE,1,5,4
581,10529,8:50:00,0,317.00,0,0.2500,0.1120,0.0000,0.0000,1,ACTIVE,1,5,4
581,10530,8:50:30,0,297.00,0,0.6700,0.1580,0.0347,0.0117,1,ACTIVE,1,5,4
581,10531,8:51:00,0,467.00,0,0.2500,0.1120,0.0000,0.0000,1,ACTIVE,1,5,4
581,10532,8:51:30,0,411.00,0,1.7400,0.2090,0.1390,0.0583,1,ACTIVE,1,5,4
581,10533,8:52:00,0,411.00,0,177.7300,9.2700,17.0000,7.6300,1,ACTIVE,1,5,4
581,10534,8:52:30,0,411.00,0,0.2500,0.1120,0.0000,0.0000,1,ACTIVE,1,5,4
581,10535,8:53:00,0,498.00,0,0.2900,0.1300,0.0000,0.0000,1,ACTIVE,1,5,4
581,10536,8:53:30,0,373.00,0,3.3700,0.3680,0.2770,0.1170,1,ACTIVE,1,5,4
581,10537,8:54:00,0,452.00,0,2654.530,133.0000,255.0000,117.0000,1,ACTIVE,1,5,4
581,10538,8:54:30,0,467.00,0,88.5800,9.0700,7.4700,2.8800,1,ACTIVE,1,5,4
581,10539,8:55:00,0,350.00,0,0.2400,0.1070,0.0000,0.0000,1,ACTIVE,1,5,4
581,10540,8:55:30,0,373.00,0,1.0000,0.1450,0.0756,0.0115,1,ACTIVE,1,5,4
581,10541,8:56:00,0,452.00,0,0.2500,0.1120,0.0000,0.0000,1,ACTIVE,1,5,4
581,10542,8:56:30,0,483.00,0,2.1900,0.1880,0.2000,0.0162,1,ACTIVE,1,5,4
581,10543,8:57:00,0,385.00,0,0.5000,0.2000,0.0024,0.0354,1,ACTIVE,1,5,4
581,10544,8:57:30,0,483.00,0,0.2400,0.1070,0.0000,0.0000,1,ACTIVE,1,5,4
581,10545,8:58:00,0,438.00,0,1824.650,105.0000,173.0000,74.2000,1,ACTIVE,1,5,4
581,10546,8:58:30,0,585.00,0,0.2500,0.1120,0.0000,0.0000,1,ACTIVE,1,5,4
581,10547,8:59:00,0,548.00,0,1.5600,0.2600,0.1050,0.0583,1,ACTIVE,1,5,4
581,10548,8:59:30,0,514.00,0,0.2500,0.1120,0.0000,0.0000,1,ACTIVE,1,5,4
581,10549,9:00:00,0,362.00,0,1.6700,0.1510,0.1510,0.0115,1,ACTIVE,1,5,4
581,10550,9:00:30,0,566.00,0,0.2200,0.0981,0.0000,0.0000,1,ACTIVE,1,5,4
581,10551,9:01:00,0,438.00,0,0.6200,0.1360,0.0347,0.0117,1,ACTIVE,1,5,4
581,10552,9:01:30,0,424.00,0,0.3000,0.1360,0.0000,0.0000,1,ACTIVE,1,5,4
581,10553,9:02:00,0,467.00,0,0.5800,0.1190,0.0347,0.0117,1,ACTIVE,1,5,4
581,10554,9:02:30,0,269.00,0,0.3600,0.1650,0.0000,0.0000,1,ACTIVE,1,5,4
581,10555,9:03:00,0,187.00,0,0.2400,0.1070,0.0000,0.0000,1,ACTIVE,1,5,4
581,10556,9:03:30,0,306.00,0,0.2400,0.1070,0.0000,0.0000,1,ACTIVE,1,5,4
581,10557,9:04:00,0,306.00,0,3698.970,176.0000,353.0000,201.0000,1,ACTIVE,1,5,4
581,10558,9:04:30,0,207.00,0,0.8200,0.1690,0.0501,0.0046,1,ACTIVE,1,5,4
581,10559,9:05:00,0,103.00,0,1180.530,32.6000,119.0000,57.2000,1,ACTIVE,1,5,4
581,10560,9:05:30,0,70.00,0,201.8400,6.4200,20.2000,9.6800,1,ACTIVE,1,5,4
581,10561,9:06:00,0,5.00,0,635.1300,28.6000,62.4000,23.5000,1,ACTIVE,1,5,4
581,10562,9:06:30,0,4.00,0,313.1200,20.2000,30.5000,1.0400,1,ACTIVE,1,5,4
581,10563,9:07:00,0,8.00,0,1060.120,42.2000,105.0000,44.1000,0,ACTIVE,1,5,4
581,10564,9:07:30,0,4.00,0,115.1400,10.8000,10.3000,0.7350,1,ACTIVE,1,5,4
581,10565,9:08:00,0,9.00,0,231.3900,12.6000,23.0000,1.7900,1,ACTIVE,1,5,4
581,10566,9:08:30,0,137.00,0,173.2700,9.8900,17.0000,2.2700,1,ACTIVE,1,5,4
581,10567,9:09:00,0,157.00,0,4969.850,201.0000,488.0000,229.0000,1,ACTIVE,1,5,4
581,10568,9:09:30,0,52.00,0,1555.620,62.4000,152.0000,82.7000,1,ACTIVE,1,5,4
581,10569,9:10:00,0,79.00,0,0.2400,0.1070,0.0000,0.0000,1,ACTIVE,1,5,4
581,10570,9:10:30,0,151.00,0,2617.800,148.0000,249.0000,96.2000,1,ACTIVE,1,5,4
581,10571,9:11:00,0,261.00,0,2977.380,86.3000,297.0000,173.0000,1,ACTIVE,1,5,4
581,10572,9:11:30,0,252.00,0,436.0100,14.3000,44.1000,16.6000,1,ACTIVE,1,5,4
581,10573,9:12:00,0,61.00,0,729.0100,23.5000,72.6000,37.9000,1,ACTIVE,1,5,4
581,10574,9:12:30,0,119.00,0,1644.970,59.7000,162.0000,88.2000,1,ACTIVE,1,5,4
581,10575,9:13:00,0,128.00,0,1442.700,59.7000,142.0000,61.0000,1,ACTIVE,1,5,4
581,10576,9:13:30,0,79.00,0,3498.880,122.0000,345.0000,188.0000,1,ACTIVE,1,5,4
581,10577,9:14:00,0,75.00,0,1580.250,63.7000,155.0000,75.8000,1,ACTIVE,1,5,4
581,10578,9:14:30,0,89.00,0,3.1800,0.4370,0.2490,0.0279,1,ACTIVE,1,5,4
581,10579,9:15:00,0,59.00,0,6.7900,1.3200,0.4370,0.0395,1,ACTIVE,1,5,4
581,10580,9:15:30,0,19.00,0,9.5100,1.6000,0.6740,0.0571,1,ACTIVE,1,5,4
581,10581,9:16:00,0,38.00,0,133.6400,13.7000,11.8000,0.2960,1,ACTIVE,1,5,4
581,10582,9:16:30,0,45.00,0,155.8100,13.7000,14.3000,0.2840,1,ACTIVE,1,5,4
581,10583,9:17:00,0,49.00,0,1450.470,56.0000,142.0000,75.8000,1,ACTIVE,1,5,4
581,10584,9:17:30,0,175.00,0,1907.290,84.5000,184.0000,98.3000,1,ACTIVE,1,5,4
581,10585,9:18:00,0,566.00,0,0.3500,0.1300,0.0024,0.0354,1,ACTIVE,1,5,4
581,10586,9:18:30,0,350.00,0,0.6400,0.1450,0.0347,0.0117,1,ACTIVE,1,5,4
581,10587,9:19:00,0,483.00,0,0.9300,0.2230,0.0501,0.0000,1,ACTIVE,1,5,4
581,10588,9:19:30,0,338.00,0,1.2900,0.2960,0.0694,0.0292,1,ACTIVE,1,5,4
581,10589,9:20:00,0,424.00,0,0.2900,0.1300,0.0000,0.0000,1,ACTIVE,1,5,4
581,10590,9:20:30,0,306.00,0,0.2900,0.1300,0.0000,0.0000,1,ACTIVE,1,5,4
581,10591,9:21:00,0,338.00,0,1.0100,0.1690,0.0694,0.0292,1,ACTIVE,1,5,4
581,10592,9:21:30,0,708.00,0,6.1300,0.6740,0.5200,0.0773,1,ACTIVE,1,5,4
581,10593,9:22:00,0,624.00,0,36.1700,2.1300,3.5700,0.1480,1,ACTIVE,1,5,4
581,10594,9:22:30,0,452.00,0,92.1000,8.3200,8.3200,0.7680,1,ACTIVE,1,5,4
581,10595,9:23:00,0,200.00,0,73.0700,8.3200,6.1400,0.8020,1,ACTIVE,1,5,4
581,10596,9:23:30,0,107.00,0,17.0500,3.8100,0.9750,0.0773,1,ACTIVE,1,5,4
581,10597,9:24:00,0,123.00,0,0.7700,0.2490,0.0251,0.0000,1,ACTIVE,1,5,4
581,10598,9:24:30,0,107.00,0,0.6600,0.2000,0.0251,0.0000,1,ACTIVE,1,5,4
581,10599,9:25:00,0,75.00,0,1.1400,0.3160,0.0501,0.0046,1,ACTIVE,1,5,4
581,10600,9:25:30,0,0.00,0,1.1400,0.3160,0.0501,0.0046,1,ACTIVE,1,5,4
581,10601,9:26:00,0,0.00,0,1.1400,0.3160,0.0501,0.0046,0,ACTIVE,1,5,4
581,10602,9:26:30,0,8.00,0,1.1600,0.3230,0.0501,0.0046,0,ACTIVE,1,5,4
581,10603,9:27:00,0,23.00,0,1.9000,0.4570,0.1000,0.0115,1,ACTIVE,1,5,4
581,10604,9:27:30,0,2.00,0,1.1400,0.3160,0.0501,0.0046,1,ACTIVE,1,5,4
581,10605,9:28:00,0,89.00,0,1.1100,0.3030,0.0501,0.0046,1,ACTIVE,1,5,4
581,10606,9:28:30,0,59.00,0,1.4600,0.3600,0.0756,0.0046,1,ACTIVE,1,5,4
581,10607,9:29:00,0,73.00,0,1.6000,0.4190,0.0756,0.0115,1,ACTIVE,1,5,4
581,10608,9:29:30,0,1.00,0,1.5300,0.3920,0.0756,0.0046,0,ACTIVE,1,5,4
581,10609,9:30:00,0,0.00,0,1.5700,0.4100,0.0756,0.0046,0,ACTIVE,1,5,4
581,10610,9:30:30,0,0.00,0,1.4500,0.3520,0.0756,0.0046,0,ACTIVE,1,5,4
581,10611,9:31:00,0,0.00,0,1.2100,0.3450,0.0501,0.0046,0,ACTIVE,1,5,4
581,10612,9:31:30,0,0.00,0,1.4800,0.3680,0.0756,0.0046,0,ACTIVE,1,5,4
581,10613,9:32:00,0,0.00,0,1.5400,0.3920,0.0756,0.0115,0,ACTIVE,1,5,4
581,10614,9:32:30,0,1.00,0,1.2100,0.3450,0.0501,0.0046,0,ACTIVE,1,5,4
581,10615,9:33:00,0,66.00,0,1.0400,0.2720,0.0501,0.0046,1,ACTIVE,1,5,4
581,10616,9:33:30,0,26.00,0,0.6900,0.1690,0.0347,0.0117,1,ACTIVE,1,5,4
581,10617,9:34:00,0,207.00,0,1.0100,0.3160,0.0347,0.0117,1,ACTIVE,1,5,4
581,10618,9:34:30,0,33.00,0,0.7800,0.2090,0.0347,0.0117,1,ACTIVE,1,5,4
581,10619,9:35:00,0,4.00,0,0.7800,0.2090,0.0347,0.0117,1,ACTIVE,1,5,4
581,10620,9:35:30,0,5.00,0,0.6600,0.2000,0.0251,0.0000,0,ACTIVE,1,5,4
581,10621,9:36:00,0,0.00,0,0.8100,0.2230,0.0347,0.0117,0,ACTIVE,1,5,4
581,10622,9:36:30,0,0.00,0,0.8000,0.2190,0.0347,0.0117,0,ACTIVE,1,5,4
581,10623,9:37:00,0,0.00,0,0.8100,0.2230,0.0347,0.0117,0,ACTIVE,1,5,4
581,10624,9:37:30,0,63.00,0,0.9900,0.2490,0.0501,0.0046,1,ACTIVE,1,5,4
581,10625,9:38:00,0,38.00,0,1.4700,0.3600,0.0756,0.0115,1,ACTIVE,1,5,4
581,10626,9:38:30,0,49.00,0,0.8400,0.2380,0.0347,0.0117,1,ACTIVE,1,5,4
581,10627,9:39:00,0,29.00,0,1.3400,0.3160,0.0694,0.0292,1,ACTIVE,1,5,4
581,10628,9:39:30,0,40.00,0,1.1100,0.3030,0.0501,0.0046,1,ACTIVE,1,5,4
581,10629,9:40:00,0,66.00,0,0.8600,0.2440,0.0347,0.0117,1,ACTIVE,1,5,4
581,10630,9:40:30,0,18.00,0,1.2100,0.3450,0.0501,0.0046,1,ACTIVE,1,5,4
581,10631,9:41:00,0,0.00,0,1.0700,0.2840,0.0501,0.0046,0,ACTIVE,1,5,4
581,10632,9:41:30,0,25.00,0,1.2100,0.3450,0.0501,0.0046,1,ACTIVE,1,5,4
581,10633,9:42:00,0,21.00,0,0.8000,0.2190,0.0347,0.0117,1,ACTIVE,1,5,4
581,10634,9:42:30,0,23.00,0,0.9800,0.2440,0.0501,0.0046,1,ACTIVE,1,5,4
581,10635,9:43:00,0,42.00,0,0.7600,0.2000,0.0347,0.0117,1,ACTIVE,1,5,4
581,10636,9:43:30,0,22.00,0,0.2900,0.1300,0.0000,0.0000,1,ACTIVE,1,5,4
581,10637,9:44:00,0,27.00,0,0.7300,0.1880,0.0347,0.0117,1,ACTIVE,1,5,4
581,10638,9:44:30,0,0.00,0,1.2300,0.2660,0.0694,0.0292,1,ACTIVE,1,5,4
581,10639,9:45:00,0,157.00,0,0.8100,0.2230,0.0347,0.0117,1,ACTIVE,1,5,4
581,10640,9:45:30,0,56.00,0,0.6900,0.1690,0.0347,0.0117,1,ACTIVE,1,5,4
581,10641,9:46:00,0,35.00,0,1.0300,0.2660,0.0501,0.0046,1,ACTIVE,1,5,4
581,10642,9:46:30,0,61.00,0,0.5700,0.1580,0.0251,0.0000,1,ACTIVE,1,5,4
581,10643,9:47:00,0,0.00,0,1.1400,0.3160,0.0501,0.0046,1,ACTIVE,1,5,4
581,10644,9:47:30,0,75.00,0,0.9900,0.2490,0.0501,0.0046,1,ACTIVE,1,5,4
581,10645,9:48:00,0,93.00,0,0.7600,0.2000,0.0347,0.0117,1,ACTIVE,1,5,4
581,10646,9:48:30,0,79.00,0,0.9500,0.2280,0.0501,0.0046,1,ACTIVE,1,5,4
581,10647,9:49:00,0,107.00,0,1.0400,0.2720,0.0501,0.0046,1,ACTIVE,1,5,4
581,10648,9:49:30,0,114.00,0,0.7300,0.1880,0.0347,0.0117,1,ACTIVE,1,5,4
581,10649,9:50:00,0,181.00,0,0.8000,0.2190,0.0347,0.0117,1,ACTIVE,1,5,4
581,10650,9:50:30,0,93.00,0,1.0200,0.2600,0.0501,0.0046,1,ACTIVE,1,5,4
581,10651,9:51:00,0,103.00,0,0.7800,0.2090,0.0347,0.0117,1,ACTIVE,1,5,4
581,10652,9:51:30,0,40.00,0,0.9900,0.2490,0.0501,0.0046,1,ACTIVE,1,5,4
581,10653,9:52:00,0,200.00,0,0.9900,0.2490,0.0501,0.0046,1,ACTIVE,1,5,4
581,10654,9:52:30,0,68.00,0,0.7800,0.2090,0.0347,0.0117,1,ACTIVE,1,5,4
581,10655,9:53:00,0,0.00,0,1.5400,0.3920,0.0756,0.0115,1,ACTIVE,1,5,4
581,10656,9:53:30,0,0.00,0,1.5400,0.3920,0.0756,0.0115,0,ACTIVE,1,5,4
581,10657,9:54:00,0,33.00,0,1.0700,0.2840,0.0501,0.0046,1,ACTIVE,1,5,4
581,10658,9:54:30,0,34.00,0,0.3200,0.1450,0.0000,0.0000,1,ACTIVE,1,5,4
581,10659,9:55:00,0,9.00,0,0.3200,0.1450,0.0000,0.0000,1,ACTIVE,1,5,4
581,10660,9:55:30,0,9.00,0,0.3200,0.1450,0.0000,0.0000,1,ACTIVE,1,5,4
581,10661,9:56:00,0,52.00,0,0.8400,0.2380,0.0347,0.0117,1,ACTIVE,1,5,4
581,10662,9:56:30,0,19.00,0,1.0800,0.2900,0.0501,0.0046,1,ACTIVE,1,5,4
581,10663,9:57:00,0,59.00,0,0.6800,0.2090,0.0251,0.0000,1,ACTIVE,1,5,4
581,10664,9:57:30,0,21.00,0,0.5400,0.1450,0.0251,0.0000,1,ACTIVE,1,5,4
581,10665,9:58:00,0,28.00,0,0.8200,0.2280,0.0347,0.0117,1,ACTIVE,1,5,4
581,10666,9:58:30,0,75.00,0,0.8400,0.2380,0.0347,0.0117,1,ACTIVE,1,5,4
581,10667,9:59:00,0,79.00,0,0.7600,0.2000,0.0347,0.0117,1,ACTIVE,1,5,4
581,10668,9:59:30,0,133.00,0,0.5700,0.1580,0.0251,0.0000,1,ACTIVE,1,5,4
581,10669,10:00:00,0,20.00,0,0.4800,0.1190,0.0251,0.0000,1,ACTIVE,1,5,4
581,10670,10:00:30,0,21.00,0,0.9500,0.2280,0.0501,0.0046,1,ACTIVE,1,5,4
581,10671,10:01:00,0,29.00,0,1.1100,0.3030,0.0501,0.0046,1,ACTIVE,1,5,4
581,10672,10:01:30,0,103.00,0,1.1100,0.3030,0.0501,0.0046,1,ACTIVE,1,5,4
581,10673,10:02:00,0,221.00,0,0.8400,0.2380,0.0347,0.0117,1,ACTIVE,1,5,4
581,10674,10:02:30,0,133.00,0,0.8200,0.2280,0.0347,0.0117,1,ACTIVE,1,5,4
581,10675,10:03:00,0,61.00,0,0.7600,0.2000,0.0347,0.0117,1,ACTIVE,1,5,4
581,10676,10:03:30,0,175.00,0,0.7600,0.2000,0.0347,0.0117,1,ACTIVE,1,5,4
581,10677,10:04:00,0,89.00,0,0.7300,0.1880,0.0347,0.0117,1,ACTIVE,1,5,4
581,10678,10:04:30,0,163.00,0,0.8100,0.2230,0.0347,0.0117,1,ACTIVE,1,5,4
581,10679,10:05:00,0,61.00,0,1.0700,0.2840,0.0501,0.0046,1,ACTIVE,1,5,4
581,10680,10:05:30,0,96.00,0,1.0200,0.2600,0.0501,0.0046,1,ACTIVE,1,5,4
581,10681,10:06:00,0,66.00,0,0.8200,0.2280,0.0347,0.0117,1,ACTIVE,1,5,4
581,10682,10:06:30,0,89.00,0,0.8400,0.2380,0.0347,0.0117,1,ACTIVE,1,5,4
581,10683,10:07:00,0,22.00,0,0.8100,0.2230,0.0347,0.0117,1,ACTIVE,1,5,4
581,10684,10:07:30,0,86.00,0,0.6500,0.1510,0.0347,0.0117,1,ACTIVE,1,5,4
581,10685,10:08:00,0,114.00,0,1.0200,0.2600,0.0501,0.0046,1,ACTIVE,1,5,4
581,10686,10:08:30,0,36.00,0,1.0700,0.2840,0.0501,0.0046,1,ACTIVE,1,5,4
581,10687,10:09:00,0,79.00,0,1.0700,0.2840,0.0501,0.0046,1,ACTIVE,1,5,4
581,10688,10:09:30,0,49.00,0,1.0300,0.2660,0.0501,0.0046,1,ACTIVE,1,5,4
581,10689,10:10:00,0,31.00,0,0.2700,0.1220,0.0000,0.0000,1,ACTIVE,1,5,4
581,10690,10:10:30,0,14.00,0,1.1400,0.3160,0.0501,0.0046,1,ACTIVE,1,5,4
581,10691,10:11:00,0,133.00,0,1.0700,0.2840,0.0501,0.0046,1,ACTIVE,1,5,4
581,10692,10:11:30,0,61.00,0,1.1100,0.3030,0.0501,0.0046,1,ACTIVE,1,5,4
581,10693,10:12:00,0,0.00,0,0.3000,0.1300,0.0000,0.0117,1,ACTIVE,1,5,4
581,10694,10:12:30,0,33.00,0,1.0100,0.2600,0.0501,0.0000,1,ACTIVE,1,5,4
581,10695,10:13:00,0,66.00,0,1.4600,0.3600,0.0756,0.0046,1,ACTIVE,1,5,4
581,10696,10:13:30,0,49.00,0,1.1100,0.3030,0.0501,0.0046,1,ACTIVE,1,5,4
581,10697,10:14:00,0,128.00,0,0.9500,0.2280,0.0501,0.0046,1,ACTIVE,1,5,4
581,10698,10:14:30,0,261.00,0,0.8000,0.2190,0.0347,0.0117,1,ACTIVE,1,5,4
581,10699,10:15:00,0,70.00,0,1.1000,0.2960,0.0501,0.0046,1,ACTIVE,1,5,4
581,10700,10:15:30,0,0.00,0,1.3400,0.3030,0.0756,0.0046,1,ACTIVE,1,5,4
581,10701,10:16:00,0,18.00,0,1.0700,0.2840,0.0501,0.0046,1,ACTIVE,1,5,4
581,10702,10:16:30,0,15.00,0,0.7000,0.1720,0.0347,0.0117,1,ACTIVE,1,5,4
581,10703,10:17:00,0,96.00,0,0.6000,0.1720,0.0251,0.0000,1,ACTIVE,1,5,4
581,10704,10:17:30,0,59.00,0,0.6800,0.2090,0.0251,0.0000,1,ACTIVE,1,5,4
581,10705,10:18:00,0,0.00,0,0.6000,0.1300,0.0347,0.0117,1,ACTIVE,1,5,4
581,10706,10:18:30,0,0.00,0,0.3500,0.1580,0.0000,0.0000,1,ACTIVE,1,5,4
581,10707,10:19:00,0,73.00,0,0.9800,0.2440,0.0501,0.0046,1,ACTIVE,1,5,4
581,10708,10:19:30,0,142.00,0,0.6500,0.1510,0.0347,0.0117,1,ACTIVE,1,5,4
581,10709,10:20:00,0,1.00,0,0.5200,0.1360,0.0251,0.0000,1,ACTIVE,1,5,4
581,10710,10:20:30,0,36.00,0,0.6400,0.1450,0.0347,0.0117,1,ACTIVE,1,5,4
581,10711,10:21:00,0,79.00,0,0.6900,0.1690,0.0347,0.0117,1,ACTIVE,1,5,4
581,10712,10:21:30,0,96.00,0,0.5500,0.1510,0.0251,0.0000,1,ACTIVE,1,5,4
581,10713,10:22:00,0,18.00,0,0.4700,0.1140,0.0251,0.0000,1,ACTIVE,1,5,4
581,10714,10:22:30,0,0.00,0,0.3000,0.1300,0.0000,0.0117,0,ACTIVE,1,5,4
581,10715,10:23:00,0,0.00,0,0.3000,0.1300,0.0000,0.0117,0,ACTIVE,1,5,4
581,10716,10:23:30,0,0.00,0,0.2700,0.1220,0.0000,0.0000,0,ACTIVE,1,5,4
581,10717,10:24:00,0,11.00,0,0.2700,0.1220,0.0000,0.0000,0,ACTIVE,1,5,4
581,10718,10:24:30,0,18.00,0,0.7400,0.1920,0.0347,0.0117,1,ACTIVE,1,5,4
581,10719,10:25:00,0,21.00,0,0.7800,0.2090,0.0347,0.0117,1,ACTIVE,1,5,4
581,10720,10:25:30,0,47.00,0,0.3000,0.1360,0.0000,0.0000,1,ACTIVE,1,5,4
581,10721,10:26:00,0,0.00,0,0.2700,0.1220,0.0000,0.0000,0,ACTIVE,1,5,4
581,10722,10:26:30,0,0.00,0,0.2700,0.1220,0.0000,0.0000,0,ACTIVE,1,5,4
581,10723,10:27:00,0,0.00,0,0.2900,0.1300,0.0000,0.0000,0,ACTIVE,1,5,4
581,10724,10:27:30,0,0.00,0,0.2700,0.1220,0.0000,0.0000,0,ACTIVE,1,5,4
581,10725,10:28:00,0,0.00,0,0.2800,0.1220,0.0000,0.0117,0,ACTIVE,1,5,4
581,10726,10:28:30,0,0.00,0,0.4600,0.1070,0.0251,0.0000,0,ACTIVE,1,5,4
581,10727,10:29:00,0,1.00,0,0.2700,0.1220,0.0000,0.0000,0,ACTIVE,1,5,4
581,10728,10:29:30,0,0.00,0,0.2800,0.1220,0.0000,0.0117,0,ACTIVE,1,5,4
581,10729,10:30:00,0,0.00,0,0.2800,0.1220,0.0000,0.0117,0,ACTIVE,1,5,4
581,10730,10:30:30,0,0.00,0,0.4600,0.1070,0.0251,0.0000,1,ACTIVE,1,5,4
581,10731,10:31:00,0,34.00,0,0.5200,0.1360,0.0251,0.0000,1,ACTIVE,1,5,4
581,10732,10:31:30,0,169.00,0,0.6900,0.1690,0.0347,0.0117,1,ACTIVE,1,5,4
581,10733,10:32:00,0,0.00,0,0.7000,0.1720,0.0347,0.0117,1,ACTIVE,1,5,4
581,10734,10:32:30,0,12.00,0,0.7000,0.1720,0.0347,0.0117,1,ACTIVE,1,5,4
581,10735,10:33:00,0,128.00,0,0.7400,0.1920,0.0347,0.0117,1,ACTIVE,1,5,4
581,10736,10:33:30,0,193.00,0,0.2900,0.1300,0.0000,0.0000,1,ACTIVE,1,5,4
581,10737,10:34:00,0,328.00,0,0.2700,0.1220,0.0000,0.0000,1,ACTIVE,1,5,4
581,10738,10:34:30,0,1.00,0,0.2500,0.1120,0.0000,0.0000,1,ACTIVE,1,5,4
581,10739,10:35:00,0,0.00,0,0.2500,0.1120,0.0000,0.0000,1,ACTIVE,1,5,4
581,10740,10:35:30,0,0.00,0,0.2700,0.1220,0.0000,0.0000,0,ACTIVE,1,5,4
581,10741,10:36:00,0,0.00,0,0.2700,0.1220,0.0000,0.0000,0,ACTIVE,1,5,4
581,10742,10:36:30,0,0.00,0,0.2900,0.1300,0.0000,0.0000,0,ACTIVE,1,5,4
581,10743,10:37:00,0,0.00,0,0.2900,0.1300,0.0000,0.0000,0,ACTIVE,1,5,4
581,10744,10:37:30,0,0.00,0,0.2900,0.1300,0.0000,0.0000,0,ACTIVE,1,5,4
581,10745,10:38:00,0,1.00,0,0.2900,0.1300,0.0000,0.0000,0,ACTIVE,1,5,4
581,10746,10:38:30,0,0.00,0,0.2900,0.1300,0.0000,0.0000,1,ACTIVE,1,5,4
581,10747,10:39:00,0,40.00,0,0.6200,0.1360,0.0347,0.0117,1,ACTIVE,1,5,4
581,10748,10:39:30,0,350.00,0,1.3700,0.3160,0.0756,0.0115,1,ACTIVE,1,5,4
581,10749,10:40:00,0,75.00,0,2.0900,0.5430,0.1000,0.0115,1,ACTIVE,1,5,4
581,10750,10:40:30,0,228.00,0,0.9700,0.2380,0.0501,0.0046,1,ACTIVE,1,5,4
581,10751,10:41:00,0,438.00,0,1.4400,0.3450,0.0756,0.0115,1,ACTIVE,1,5,4
581,10752,10:41:30,0,424.00,0,1.6300,0.4370,0.0756,0.0046,1,ACTIVE,1,5,4
581,10753,10:42:00,0,133.00,0,28.9600,2.2700,2.7000,0.2960,1,ACTIVE,1,5,4
581,10754,10:42:30,0,40.00,0,94.4000,6.7000,8.6900,3.2100,1,ACTIVE,1,5,4
581,10755,10:43:00,0,63.00,0,62.2500,5.5100,5.6300,0.6600,1,ACTIVE,1,5,4
581,10756,10:43:30,0,8.00,0,83.0700,7.0000,7.6300,0.7200,1,ACTIVE,1,5,4
581,10757,10:44:00,0,82.00,0,49.6800,5.7600,4.1600,0.4770,1,ACTIVE,1,5,4
581,10758,10:44:30,0,45.00,0,60.7600,6.7000,5.1700,0.6460,1,ACTIVE,1,5,4
581,10759,10:45:00,0,15.00,0,64.7900,7.6300,5.3900,0.6180,1,ACTIVE,1,5,4
581,10760,10:45:30,0,4.00,0,58.4300,7.0000,4.8400,0.5200,0,ACTIVE,1,5,4
581,10761,10:46:00,0,0.00,0,61.0200,7.3100,5.0600,0.5430,0,ACTIVE,1,5,4
581,10762,10:46:30,0,1.00,0,58.8100,7.1500,4.8400,0.5550,0,ACTIVE,1,5,4
581,10763,10:47:00,0,0.00,0,58.8100,7.1500,4.8400,0.5550,0,ACTIVE,1,5,4
581,10764,10:47:30,0,0.00,0,58.8100,7.1500,4.8400,0.5550,0,ACTIVE,1,5,4
581,10765,10:48:00,0,0.00,0,57.5500,7.0000,4.7400,0.5430,1,ACTIVE,1,5,4
581,10766,10:48:30,0,45.00,0,56.9000,6.7000,4.7400,0.5550,1,ACTIVE,1,5,4
581,10767,10:49:00,0,114.00,0,93.9600,6.1400,9.0700,0.8370,1,ACTIVE,1,5,4
581,10768,10:49:30,0,137.00,0,50.6000,3.9800,4.7400,0.2770,1,ACTIVE,1,5,4
581,10769,10:50:00,0,252.00,0,118.0200,9.2700,10.6000,4.6400,1,ACTIVE,1,5,4
581,10770,10:50:30,0,297.00,0,124.9500,3.3500,12.8000,4.7400,1,ACTIVE,1,5,4
581,10771,10:51:00,0,288.00,0,74.3300,4.2500,7.1500,2.1300,1,ACTIVE,1,5,4
581,10772,10:51:30,0,147.00,0,54.2700,5.5100,4.7400,0.5430,1,ACTIVE,1,5,4
581,10773,10:52:00,0,181.00,0,41.4700,2.1300,4.1600,0.3090,1,ACTIVE,1,5,4
581,10774,10:52:30,0,26.00,0,7.8400,0.8940,0.6600,0.0825,1,ACTIVE,1,5,4
581,10775,10:53:00,0,0.00,0,7.8000,0.8750,0.6600,0.0825,1,ACTIVE,1,5,4
581,10776,10:53:30,0,0.00,0,7.8100,0.8750,0.6600,0.0880,0,ACTIVE,1,5,4
581,10777,10:54:00,0,0.00,0,7.9800,0.8940,0.6740,0.0880,0,ACTIVE,1,5,4
581,10778,10:54:30,0,59.00,0,5.8000,0.6600,0.4870,0.0694,1,ACTIVE,1,5,4
581,10779,10:55:00,0,19.00,0,8.6800,0.8370,0.7680,0.0939,1,ACTIVE,1,5,4
581,10780,10:55:30,0,16.00,0,9.9000,1.0400,0.8560,0.0939,1,ACTIVE,1,5,4
581,10781,10:56:00,0,114.00,0,18.6300,2.5300,1.4700,0.1480,1,ACTIVE,1,5,4
581,10782,10:56:30,0,4.00,0,13.9100,1.3200,1.2400,0.1480,1,ACTIVE,1,5,4
581,10783,10:57:00,0,110.00,0,11.0300,1.0600,0.9750,0.1300,1,ACTIVE,1,5,4
581,10784,10:57:30,0,82.00,0,43.7600,2.7600,4.1600,1.1300,1,ACTIVE,1,5,4
581,10785,10:58:00,0,244.00,0,59.6700,3.9000,5.6300,1.5700,1,ACTIVE,1,5,4
581,10786,10:58:30,0,424.00,0,2.0600,0.3230,0.1510,0.0230,1,ACTIVE,1,5,4
581,10787,10:59:00,0,483.00,0,2.8000,0.3680,0.2230,0.0279,1,ACTIVE,1,5,4
581,10788,10:59:30,0,911.00,0,2.5600,0.3520,0.2000,0.0230,1,ACTIVE,1,5,4
581,10789,11:00:00,0,269.00,0,13.1300,1.1800,1.1800,0.1240,1,ACTIVE,1,5,4
581,10790,11:00:30,0,328.00,0,5.9900,0.6320,0.5200,0.0395,1,ACTIVE,1,5,4
581,10791,11:01:00,0,531.00,0,3.7800,0.4370,0.3160,0.0395,1,ACTIVE,1,5,4
581,10792,11:01:30,0,531.00,0,1.7800,0.3030,0.1240,0.0162,1,ACTIVE,1,5,4
581,10793,11:02:00,0,829.00,0,34.5100,5.2800,2.5800,0.2000,1,ACTIVE,1,5,4
581,10794,11:02:30,0,424.00,0,29.3700,2.1700,2.7600,0.3920,1,ACTIVE,1,5,4
581,10795,11:03:00,0,398.00,0,38.3300,3.9000,3.3500,0.3450,1,ACTIVE,1,5,4
581,10796,11:03:30,0,531.00,0,42.1600,3.5000,3.9000,0.2600,1,ACTIVE,1,5,4
581,10797,11:04:00,0,467.00,0,14.9100,1.2100,1.3500,0.3840,1,ACTIVE,1,5,4
581,10798,11:04:30,0,566.00,0,16.7000,1.6400,1.4700,0.1800,1,ACTIVE,1,5,4
581,10799,11:05:00,0,548.00,0,15.3400,1.7500,1.2900,0.1480,1,ACTIVE,1,5,4
581,10800,11:05:30,0,604.00,0,46.6000,2.5300,4.6400,0.3760,1,ACTIVE,1,5,4
581,10801,11:06:00,0,686.00,0,40.7300,3.2100,3.8100,0.2090,1,ACTIVE,1,5,4
581,10802,11:06:30,0,306.00,0,2.5400,0.3450,0.2000,0.0230,1,ACTIVE,1,5,4
581,10803,11:07:00,0,151.00,0,0.2900,0.1300,0.0000,0.0000,1,ACTIVE,1,5,4
581,10804,11:07:30,0,193.00,0,0.3000,0.1360,0.0000,0.0000,1,ACTIVE,1,5,4
581,10805,11:08:00,0,350.00,0,0.2800,0.1220,0.0000,0.0117,1,ACTIVE,1,5,4
581,10806,11:08:30,0,350.00,0,0.3300,0.1450,0.0000,0.0117,1,ACTIVE,1,5,4
581,10807,11:09:00,0,398.00,0,0.9700,0.1510,0.0694,0.0292,1,ACTIVE,1,5,4
581,10808,11:09:30,0,297.00,0,16.6600,1.9500,1.3500,0.4980,1,ACTIVE,1,5,4
581,10809,11:10:00,0,297.00,0,1243.010,188.0000,36.3000,468.0000,1,ACTIVE,1,5,4
581,10810,11:10:30,0,207.00,0,2821.080,86.3000,284.0000,130.0000,1,ACTIVE,1,5,4
581,10811,11:11:00,0,207.00,0,140.2000,7.3100,13.4000,6.1400,1,ACTIVE,1,5,4
581,10812,11:11:30,0,207.00,0,160.7100,7.0000,15.6000,7.9700,1,ACTIVE,1,5,4
581,10813,11:12:00,0,89.00,0,159.7100,6.2800,15.6000,8.5000,1,ACTIVE,1,5,4
581,10814,11:12:30,0,187.00,0,88.7400,4.5400,8.5000,3.9000,1,ACTIVE,1,5,4
581,10815,11:13:00,0,133.00,0,3501.980,219.0000,324.0000,169.0000,1,ACTIVE,1,5,4
581,10816,11:13:30,0,169.00,0,9363.900,385.0000,915.0000,458.0000,1,ACTIVE,1,5,4
581,10817,11:14:00,0,306.00,0,10586.75,420.0000,1040.000,488.0000,1,ACTIVE,1,5,4
581,10818,11:14:30,0,175.00,0,4216.210,165.0000,411.0000,234.0000,1,ACTIVE,1,5,4
581,10819,11:15:00,0,142.00,0,299.8900,12.8000,29.2000,14.3000,1,ACTIVE,1,5,4
581,10820,11:15:30,0,181.00,0,149.3800,5.7600,14.6000,7.9700,1,ACTIVE,1,5,4
581,10821,11:16:00,0,214.00,0,5002.120,205.0000,488.0000,249.0000,1,ACTIVE,1,5,4
581,10822,11:16:30,0,221.00,0,1094.500,42.2000,107.0000,57.2000,1,ACTIVE,1,5,4
581,10823,11:17:00,0,151.00,0,1683.940,62.4000,165.0000,90.1000,1,ACTIVE,1,5,4
581,10824,11:17:30,0,119.00,0,113.2700,4.8400,11.0000,5.5100,1,ACTIVE,1,5,4
581,10825,11:18:00,0,119.00,0,9525.410,368.0000,935.0000,478.0000,1,ACTIVE,1,5,4
581,10826,11:18:30,0,114.00,0,9287.510,345.0000,915.0000,468.0000,1,ACTIVE,1,5,4
581,10827,11:19:00,0,328.00,0,8792.200,368.0000,858.0000,429.0000,1,ACTIVE,1,5,4
581,10828,11:19:30,0,373.00,0,52.1700,3.5700,4.8400,1.7100,1,ACTIVE,1,5,4
581,10829,11:20:00,0,193.00,0,2.2900,0.4570,0.1390,0.0583,1,ACTIVE,1,5,4
581,10830,11:20:30,0,200.00,0,0.2700,0.1220,0.0000,0.0000,1,ACTIVE,1,5,4
581,10831,11:21:00,0,36.00,0,0.2400,0.1070,0.0000,0.0000,1,ACTIVE,1,5,4
581,10832,11:21:30,0,96.00,0,211.8300,8.3200,21.1000,7.8000,1,ACTIVE,1,5,4
581,10833,11:22:00,0,228.00,0,36.4300,2.8800,3.4200,0.0773,1,ACTIVE,1,5,4
581,10834,11:22:30,0,123.00,0,4.4400,0.3230,0.4190,0.0571,1,ACTIVE,1,5,4
581,10835,11:23:00,0,133.00,0,431.0500,16.6000,43.2000,14.9000,1,ACTIVE,1,5,4
581,10836,11:23:30,0,228.00,0,0.8900,0.1140,0.0694,0.0292,1,ACTIVE,1,5,4
581,10837,11:24:00,0,207.00,0,0.2500,0.1120,0.0000,0.0000,1,ACTIVE,1,5,4
581,10838,11:24:30,0,107.00,0,0.2500,0.1120,0.0000,0.0000,1,ACTIVE,1,5,4
581,10839,11:25:00,0,142.00,0,0.6000,0.1300,0.0347,0.0117,1,ACTIVE,1,5,4
581,10840,11:25:30,0,175.00,0,0.5700,0.1140,0.0347,0.0117,1,ACTIVE,1,5,4
581,10841,11:26:00,0,96.00,0,0.2500,0.1120,0.0000,0.0000,1,ACTIVE,1,5,4
581,10842,11:26:30,0,38.00,0,0.2500,0.1120,0.0000,0.0000,1,ACTIVE,1,5,4
581,10843,11:27:00,0,38.00,0,0.2400,0.1070,0.0000,0.0000,1,ACTIVE,1,5,4
581,10844,11:27:30,0,0.00,0,0.2400,0.1070,0.0000,0.0000,1,ACTIVE,1,5,4
581,10845,11:28:00,0,0.00,0,0.2500,0.1120,0.0000,0.0000,1,ACTIVE,1,5,4
581,10846,11:28:30,0,181.00,0,0.5100,0.1300,0.0251,0.0000,1,ACTIVE,1,5,4
581,10847,11:29:00,0,269.00,0,0.2900,0.1300,0.0000,0.0000,1,ACTIVE,1,5,4
581,10848,11:29:30,0,25.00,0,0.2900,0.1300,0.0000,0.0000,1,ACTIVE,1,5,4
581,10849,11:30:00,0,317.00,0,671.0000,29.9000,66.6000,20.2000,1,ACTIVE,1,5,4
581,10850,11:30:30,0,411.00,0,97.5500,5.8800,9.2700,3.0700,1,ACTIVE,1,5,4
581,10851,11:31:00,0,193.00,0,661.9700,36.3000,63.7000,21.6000,1,ACTIVE,1,5,4
581,10852,11:31:30,0,252.00,0,4071.960,229.0000,385.0000,180.0000,1,ACTIVE,1,5,4
581,10853,11:32:00,0,244.00,0,4923.950,278.0000,468.0000,197.0000,1,ACTIVE,1,5,4
581,10854,11:32:30,0,200.00,0,1524.620,84.5000,145.0000,61.0000,1,ACTIVE,1,5,4
581,10855,11:33:00,0,531.00,0,4142.030,169.0000,411.0000,158.0000,1,ACTIVE,1,5,4
581,10856,11:33:30,0,288.00,0,6988.920,266.0000,691.0000,324.0000,1,ACTIVE,1,5,4
581,10857,11:34:00,0,107.00,0,5652.830,234.0000,556.0000,244.0000,1,ACTIVE,1,5,4
581,10858,11:34:30,0,100.00,0,6926.630,297.0000,676.0000,324.0000,1,ACTIVE,1,5,4
581,10859,11:35:00,0,36.00,0,2127.010,51.3000,214.0000,125.0000,1,ACTIVE,1,5,4
581,10860,11:35:30,0,8.00,0,667.1800,20.2000,66.6000,36.3000,1,ACTIVE,1,5,4
581,10861,11:36:00,0,35.00,0,390.3700,13.4000,38.7000,19.8000,1,ACTIVE,1,5,4
581,10862,11:36:30,0,82.00,0,2690.270,188.0000,244.0000,125.0000,1,ACTIVE,1,5,4
581,10863,11:37:00,0,228.00,0,2843.760,125.0000,278.0000,122.0000,1,ACTIVE,1,5,4
581,10864,11:37:30,0,128.00,0,157.5900,10.6000,14.6000,5.7600,1,ACTIVE,1,5,4
581,10865,11:38:00,0,157.00,0,222.1000,13.4000,20.7000,10.6000,1,ACTIVE,1,5,4
581,10866,11:38:30,0,123.00,0,244.1100,15.6000,22.5000,11.3000,1,ACTIVE,1,5,4
581,10867,11:39:00,0,114.00,0,213.4800,13.4000,19.8000,9.6800,1,ACTIVE,1,5,4
581,10868,11:39:30,0,133.00,0,8704.830,338.0000,858.0000,411.0000,1,ACTIVE,1,5,4
581,10869,11:40:00,0,68.00,0,8432.750,345.0000,821.0000,438.0000,1,ACTIVE,1,5,4
581,10870,11:40:30,0,193.00,0,4884.100,244.0000,468.0000,229.0000,1,ACTIVE,1,5,4
581,10871,11:41:00,0,151.00,0,3933.960,158.0000,385.0000,197.0000,1,ACTIVE,1,5,4
581,10872,11:41:30,0,200.00,0,5591.990,234.0000,544.0000,284.0000,1,ACTIVE,1,5,4
581,10873,11:42:00,0,288.00,0,6325.980,310.0000,606.0000,303.0000,1,ACTIVE,1,5,4
581,10874,11:42:30,0,151.00,0,947.4200,40.4000,92.1000,47.1000,1,ACTIVE,1,5,4
581,10875,11:43:00,0,328.00,0,4.0300,0.3450,0.3520,0.1650,1,ACTIVE,1,5,4
581,10876,11:43:30,0,297.00,0,13.5400,1.1300,1.2100,0.4010,1,ACTIVE,1,5,4
581,10877,11:44:00,0,200.00,0,3.8000,0.4100,0.3160,0.1170,1,ACTIVE,1,5,4
581,10878,11:44:30,0,228.00,0,36.2500,4.1600,3.0700,0.1420,1,ACTIVE,1,5,4
581,10879,11:45:00,0,306.00,0,0.3200,0.1450,0.0000,0.0000,1,ACTIVE,1,5,4
581,10880,11:45:30,0,163.00,0,0.2500,0.1120,0.0000,0.0000,1,ACTIVE,1,5,4
581,10881,11:46:00,0,317.00,0,0.2500,0.1120,0.0000,0.0000,1,ACTIVE,1,5,4
581,10882,11:46:30,0,288.00,0,0.2700,0.1220,0.0000,0.0000,1,ACTIVE,1,5,4
581,10883,11:47:00,0,261.00,0,0.7900,0.1580,0.0501,0.0046,1,ACTIVE,1,5,4
581,10884,11:47:30,0,181.00,0,0.2500,0.1120,0.0000,0.0000,1,ACTIVE,1,5,4
581,10885,11:48:00,0,128.00,0,0.2500,0.1120,0.0000,0.0000,1,ACTIVE,1,5,4
581,10886,11:48:30,0,236.00,0,0.8200,0.1690,0.0501,0.0046,1,ACTIVE,1,5,4
581,10887,11:49:00,0,398.00,0,0.2500,0.1120,0.0000,0.0000,1,ACTIVE,1,5,4
581,10888,11:49:30,0,338.00,0,7.0100,0.9330,0.5550,0.0773,1,ACTIVE,1,5,4
581,10889,11:50:00,0,79.00,0,11.1200,1.9500,0.7680,0.0773,1,ACTIVE,1,5,4
581,10890,11:50:30,0,328.00,0,184.0500,13.4000,17.0000,5.0600,1,ACTIVE,1,5,4
581,10891,11:51:00,0,306.00,0,18.0300,1.5700,1.6400,0.1920,1,ACTIVE,1,5,4
581,10892,11:51:30,0,338.00,0,3.0300,0.3600,0.2440,0.0880,1,ACTIVE,1,5,4
581,10893,11:52:00,0,244.00,0,113.1200,3.9800,11.3000,5.1700,1,ACTIVE,1,5,4
581,10894,11:52:30,0,68.00,0,24.8500,2.3200,2.1700,0.6460,1,ACTIVE,1,5,4
581,10895,11:53:00,0,147.00,0,146.7700,6.1400,14.3000,7.3100,1,ACTIVE,1,5,4
581,10896,11:53:30,0,438.00,0,64.5200,2.3200,6.4200,2.9400,1,ACTIVE,1,5,4
581,10897,11:54:00,0,328.00,0,249.7300,9.6800,24.6000,12.0000,1,ACTIVE,1,5,4
581,10898,11:54:30,0,114.00,0,155.1200,15.3000,13.1000,6.0100,1,ACTIVE,1,5,4
581,10899,11:55:00,0,110.00,0,46.2400,3.3500,4.2500,1.4700,1,ACTIVE,1,5,4
581,10900,11:55:30,0,566.00,0,116.2000,4.3400,11.5000,5.2800,1,ACTIVE,1,5,4
581,10901,11:56:00,0,228.00,0,44.8500,3.0100,4.3400,0.1480,1,ACTIVE,1,5,4
581,10902,11:56:30,0,147.00,0,29.0500,1.7900,2.7600,0.8750,1,ACTIVE,1,5,4
581,10903,11:57:00,0,187.00,0,32.7700,2.3200,3.0100,1.2100,1,ACTIVE,1,5,4
581,10904,11:57:30,0,193.00,0,20.1500,1.6400,1.8300,0.4870,1,ACTIVE,1,5,4
581,10905,11:58:00,0,151.00,0,7.2200,0.7040,0.6180,0.2230,1,ACTIVE,1,5,4
581,10906,11:58:30,0,142.00,0,7.3200,0.7510,0.6180,0.2230,1,ACTIVE,1,5,4
581,10907,11:59:00,0,181.00,0,95.8700,1.6700,9.8900,5.0600,1,ACTIVE,1,5,4
581,10908,11:59:30,0,175.00,0,10.0600,0.7850,0.9130,0.2960,1,ACTIVE,1,5,4
581,10909,12:00:00,0,82.00,0,218.2000,15.9000,19.8000,8.8800,1,ACTIVE,1,5,5
581,10910,12:00:30,0,362.00,0,19.2800,1.8700,1.6700,0.4470,1,ACTIVE,1,5,5
581,10911,12:01:00,0,467.00,0,124.2400,6.2800,12.0000,4.6400,1,ACTIVE,1,5,5
581,10912,12:01:30,0,438.00,0,150.7700,12.8000,13.4000,4.6400,1,ACTIVE,1,5,5
581,10913,12:02:00,0,278.00,0,130.7100,5.6300,12.8000,5.3900,1,ACTIVE,1,5,5
581,10914,12:02:30,0,193.00,0,47.2500,3.4200,4.3400,1.5000,1,ACTIVE,1,5,5
581,10915,12:03:00,0,119.00,0,49.7400,3.4200,4.6400,1.4400,1,ACTIVE,1,5,5
581,10916,12:03:30,0,514.00,0,38.3400,3.0100,3.5000,0.9750,1,ACTIVE,1,5,5
581,10917,12:04:00,0,236.00,0,28.7100,2.6400,2.5300,0.6740,1,ACTIVE,1,5,5
581,10918,12:04:30,0,0.00,0,29.3300,2.6400,2.5800,0.8020,1,ACTIVE,1,5,5
581,10919,12:05:00,0,163.00,0,13.8900,1.5400,1.1600,0.3160,1,ACTIVE,1,5,5
581,10920,12:05:30,0,244.00,0,21.2100,1.6700,1.9100,0.7350,1,ACTIVE,1,5,5
581,10921,12:06:00,0,49.00,0,2.7700,0.4470,0.2000,0.0230,1,ACTIVE,1,5,5
581,10922,12:06:30,0,187.00,0,1.9000,0.3600,0.1240,0.0162,1,ACTIVE,1,5,5
581,10923,12:07:00,0,187.00,0,2.2700,0.4190,0.1510,0.0162,1,ACTIVE,1,5,5
581,10924,12:07:30,0,244.00,0,260.7900,10.1000,25.7000,12.6000,1,ACTIVE,1,5,5
581,10925,12:08:00,0,193.00,0,5.8500,1.6400,0.2440,0.0880,1,ACTIVE,1,5,5
581,10926,12:08:30,0,297.00,0,5.6100,0.5790,0.4770,0.1450,1,ACTIVE,1,5,5
581,10927,12:09:00,0,142.00,0,18.0700,1.5400,1.6000,0.5790,1,ACTIVE,1,5,5
581,10928,12:09:30,0,175.00,0,184.4200,8.5000,17.8000,9.2700,1,ACTIVE,1,5,5
581,10929,12:10:00,0,269.00,0,11.2500,1.3500,0.9130,0.2490,1,ACTIVE,1,5,5
581,10930,12:10:30,0,151.00,0,5.0600,0.4870,0.4370,0.1450,1,ACTIVE,1,5,5
581,10931,12:11:00,0,103.00,0,161.4000,8.8800,15.3000,7.4700,1,ACTIVE,1,5,5
581,10932,12:11:30,0,288.00,0,158.1900,8.8800,14.9000,7.1500,1,ACTIVE,1,5,5
581,10933,12:12:00,0,133.00,0,51.3400,3.5700,4.7400,1.7900,1,ACTIVE,1,5,5
581,10934,12:12:30,0,200.00,0,46.4400,3.4200,4.2500,1.5000,1,ACTIVE,1,5,5
581,10935,12:13:00,0,93.00,0,2.6300,0.4570,0.1760,0.0694,1,ACTIVE,1,5,5
581,10936,12:13:30,0,119.00,0,11.5600,1.7500,0.8370,0.3300,1,ACTIVE,1,5,5
581,10937,12:14:00,0,244.00,0,78.6600,3.0700,7.6300,4.6400,1,ACTIVE,1,5,5
581,10938,12:14:30,0,175.00,0,125.9400,2.8800,13.1000,4.3400,1,ACTIVE,1,5,5
581,10939,12:15:00,0,338.00,0,103.2200,4.9500,9.8900,5.1700,1,ACTIVE,1,5,5
581,10940,12:15:30,0,157.00,0,152.3000,7.6300,14.6000,6.8500,1,ACTIVE,1,5,5
581,10941,12:16:00,0,207.00,0,158.5000,7.8000,15.3000,7.0000,1,ACTIVE,1,5,5
581,10942,12:16:30,0,269.00,0,51.8000,2.6400,4.9500,2.4200,1,ACTIVE,1,5,5
581,10943,12:17:00,0,350.00,0,3.5100,1.0900,0.1240,0.0162,1,ACTIVE,1,5,5
581,10944,12:17:30,0,244.00,0,1.4200,0.3370,0.0756,0.0115,1,ACTIVE,1,5,5
581,10945,12:18:00,0,103.00,0,219.7500,12.6000,20.7000,10.1000,1,ACTIVE,1,5,5
581,10946,12:18:30,0,175.00,0,216.1400,11.0000,20.7000,9.8900,1,ACTIVE,1,5,5
581,10947,12:19:00,0,288.00,0,75.8000,3.4200,7.3100,3.9000,1,ACTIVE,1,5,5
581,10948,12:19:30,0,73.00,0,26.0400,2.6400,2.2200,0.7040,1,ACTIVE,1,5,5
581,10949,12:20:00,0,16.00,0,35.9200,3.8100,3.0100,1.0600,1,ACTIVE,1,5,5
581,10950,12:20:30,0,38.00,0,11.4900,1.4100,0.9130,0.3450,1,ACTIVE,1,5,5
581,10951,12:21:00,0,0.00,0,0.3800,0.1720,0.0000,0.0000,1,ACTIVE,1,5,5
581,10952,12:21:30,0,89.00,0,0.4200,0.1920,0.0000,0.0000,1,ACTIVE,1,5,5
581,10953,12:22:00,0,193.00,0,3.3100,1.2100,0.0694,0.0292,1,ACTIVE,1,5,5
581,10954,12:22:30,0,452.00,0,4.2900,0.2720,0.4010,0.1650,1,ACTIVE,1,5,5
581,10955,12:23:00,0,244.00,0,23.0700,1.8300,2.0800,0.7510,1,ACTIVE,1,5,5
581,10956,12:23:30,0,96.00,0,15.7400,1.4400,1.3800,0.4470,1,ACTIVE,1,5,5
581,10957,12:24:00,0,89.00,0,16.2600,1.2900,1.4700,0.4770,1,ACTIVE,1,5,5
581,10958,12:24:30,0,75.00,0,140.4400,3.2800,14.3000,7.3100,1,ACTIVE,1,5,5
581,10959,12:25:00,0,175.00,0,3.9700,0.4770,0.3160,0.1330,1,ACTIVE,1,5,5
581,10960,12:25:30,0,193.00,0,14.7900,4.0700,0.6600,0.0115,1,ACTIVE,1,5,5
581,10961,12:26:00,0,163.00,0,9.8100,4.4400,0.0000,0.0000,1,ACTIVE,1,5,5
581,10962,12:26:30,0,411.00,0,27.7500,2.6400,2.4200,0.6600,1,ACTIVE,1,5,5
581,10963,12:27:00,0,221.00,0,29.0900,2.5300,2.6400,0.3520,1,ACTIVE,1,5,5
581,10964,12:27:30,0,187.00,0,19.6500,3.1400,0.5430,7.3100,1,ACTIVE,1,5,5
581,10965,12:28:00,0,119.00,0,43.5300,3.0100,4.0700,1.1300,1,ACTIVE,1,5,5
581,10966,12:28:30,0,147.00,0,0.5400,0.2440,0.0000,0.0000,1,ACTIVE,1,5,5
581,10967,12:29:00,0,261.00,0,0.7300,0.3300,0.0000,0.0000,1,ACTIVE,1,5,5
581,10968,12:29:30,0,269.00,0,0.9800,0.2440,0.0501,0.0046,1,ACTIVE,1,5,5
581,10969,12:30:00,0,200.00,0,2.1000,0.3680,0.1390,0.0694,1,ACTIVE,1,5,5
581,10970,12:30:30,0,207.00,0,0.5700,0.2600,0.0000,0.0000,1,ACTIVE,1,5,5
581,10971,12:31:00,0,18.00,0,4.9000,0.5430,0.4010,0.1760,1,ACTIVE,1,5,5
581,10972,12:31:30,0,79.00,0,12.1400,1.2600,1.0200,0.4010,1,ACTIVE,1,5,5
581,10973,12:32:00,0,110.00,0,26.4200,2.1300,2.3700,0.8940,1,ACTIVE,1,5,5
581,10974,12:32:30,0,40.00,0,4.8600,0.5430,0.4010,0.1330,1,ACTIVE,1,5,5
581,10975,12:33:00,0,18.00,0,24.6600,1.9500,2.2200,0.8370,1,ACTIVE,1,5,5
581,10976,12:33:30,0,93.00,0,11.2600,0.8750,1.0200,0.3760,1,ACTIVE,1,5,5
581,10977,12:34:00,0,33.00,0,9.6400,1.3800,0.7200,0.2660,1,ACTIVE,1,5,5
581,10978,12:34:30,0,42.00,0,26.4600,1.5000,2.5300,0.9130,1,ACTIVE,1,5,5
581,10979,12:35:00,0,5.00,0,27.0800,1.5000,2.5800,1.0400,1,ACTIVE,1,5,5
581,10980,12:35:30,0,36.00,0,7.6700,1.3500,0.5090,0.2090,1,ACTIVE,1,5,5
581,10981,12:36:00,0,49.00,0,16.9300,2.7600,1.1800,0.4280,1,ACTIVE,1,5,5
581,10982,12:36:30,0,13.00,0,57.1400,4.4400,5.1700,1.9100,1,ACTIVE,1,5,5
581,10983,12:37:00,0,36.00,0,54.6700,4.2500,4.9500,1.7900,1,ACTIVE,1,5,5
581,10984,12:37:30,0,42.00,0,15.2200,2.8800,0.9750,0.2960,1,ACTIVE,1,5,5
581,10985,12:38:00,0,18.00,0,53.6900,4.6400,4.7400,1.7900,1,ACTIVE,1,5,5
581,10986,12:38:30,0,0.00,0,85.9700,7.1500,7.6300,3.0700,0,ACTIVE,1,5,5
581,10987,12:39:00,0,0.00,0,104.4400,7.3100,9.6800,3.2100,0,ACTIVE,1,5,5
581,10988,12:39:30,0,32.00,0,108.6300,7.4700,10.1000,3.2800,1,ACTIVE,1,5,5
581,10989,12:40:00,0,19.00,0,4.0200,0.5200,0.3160,0.0981,1,ACTIVE,1,5,5
581,10990,12:40:30,0,42.00,0,20.0000,2.0800,1.6700,0.6740,1,ACTIVE,1,5,5
581,10991,12:41:00,0,61.00,0,18.0200,2.7000,1.3200,0.4570,1,ACTIVE,1,5,5
581,10992,12:41:30,0,0.00,0,8.3300,0.5790,0.7680,0.2960,0,ACTIVE,1,5,5
581,10993,12:42:00,0,16.00,0,16.5500,2.5800,1.1800,0.4280,1,ACTIVE,1,5,5
581,10994,12:42:30,0,52.00,0,18.6200,1.9500,1.5700,0.5200,1,ACTIVE,1,5,5
581,10995,12:43:00,0,52.00,0,15.6600,2.5800,1.0900,0.4010,1,ACTIVE,1,5,5
581,10996,12:43:30,0,0.00,0,0.9900,0.1580,0.0694,0.0292,1,ACTIVE,1,5,5
581,10997,12:44:00,0,89.00,0,21.2200,3.0100,1.6000,0.4870,1,ACTIVE,1,5,5
581,10998,12:44:30,0,137.00,0,46.3400,3.9000,4.2500,0.4470,1,ACTIVE,1,5,5
581,10999,12:45:00,0,63.00,0,1.6600,0.3450,0.1000,0.0162,1,ACTIVE,1,5,5
581,11000,12:45:30,0,42.00,0,33.5900,3.0700,2.9400,0.9540,1,ACTIVE,1,5,5
581,11001,12:46:00,0,100.00,0,66.6400,5.2800,6.0100,2.1300,1,ACTIVE,1,5,5
581,11002,12:46:30,0,89.00,0,50.5000,3.6500,4.6400,1.6700,1,ACTIVE,1,5,5
581,11003,12:47:00,0,42.00,0,27.9000,1.9100,2.5800,0.9750,1,ACTIVE,1,5,5
581,11004,12:47:30,0,6.00,0,0.3000,0.1360,0.0000,0.0000,1,ACTIVE,1,5,5
581,11005,12:48:00,0,61.00,0,0.3000,0.1360,0.0000,0.0000,1,ACTIVE,1,5,5
581,11006,12:48:30,0,531.00,0,18.6200,2.3200,1.4700,0.5670,1,ACTIVE,1,5,5
581,11007,12:49:00,0,79.00,0,44.6600,3.3500,4.0700,1.4700,1,ACTIVE,1,5,5
581,11008,12:49:30,0,23.00,0,10.6100,0.5310,1.0200,0.4770,1,ACTIVE,1,5,5
581,11009,12:50:00,0,47.00,0,63.9600,3.5000,6.1400,2.2200,1,ACTIVE,1,5,5
581,11010,12:50:30,0,0.00,0,91.2800,6.8500,8.3200,3.0100,1,ACTIVE,1,5,5
581,11011,12:51:00,0,28.00,0,89.5800,6.1400,8.3200,2.8800,1,ACTIVE,1,5,5
581,11012,12:51:30,0,169.00,0,93.5600,5.7600,8.8800,2.8200,1,ACTIVE,1,5,5
581,11013,12:52:00,0,45.00,0,85.4900,6.0100,7.9700,2.2200,1,ACTIVE,1,5,5
581,11014,12:52:30,0,32.00,0,78.9300,5.5100,7.3100,2.5300,1,ACTIVE,1,5,5
581,11015,12:53:00,0,1.00,0,88.0900,6.1400,8.1400,2.9400,1,ACTIVE,1,5,5
581,11016,12:53:30,0,73.00,0,82.9800,6.1400,7.6300,2.3700,1,ACTIVE,1,5,5
581,11017,12:54:00,0,5.00,0,75.2800,5.3900,7.0000,1.9100,1,ACTIVE,1,5,5
581,11018,12:54:30,0,93.00,0,58.6600,4.4400,5.3900,1.4700,1,ACTIVE,1,5,5
581,11019,12:55:00,0,4.00,0,1.3400,0.2000,0.1000,0.0162,1,ACTIVE,1,5,5
581,11020,12:55:30,0,0.00,0,1.0700,0.1800,0.0756,0.0115,0,ACTIVE,1,5,5
581,11021,12:56:00,0,0.00,0,0.6500,0.1510,0.0347,0.0117,1,ACTIVE,1,5,5
581,11022,12:56:30,0,11.00,0,0.5800,0.1190,0.0347,0.0117,1,ACTIVE,1,5,5
581,11023,12:57:00,0,228.00,0,23.9400,1.9100,2.1700,0.6460,1,ACTIVE,1,5,5
581,11024,12:57:30,0,123.00,0,185.6200,11.0000,17.4000,8.3200,1,ACTIVE,1,5,5
581,11025,12:58:00,0,123.00,0,93.5900,5.2800,8.8800,3.8100,1,ACTIVE,1,5,5
581,11026,12:58:30,0,36.00,0,104.4600,7.8000,9.4700,3.9000,1,ACTIVE,1,5,5
581,11027,12:59:00,0,151.00,0,291.0100,24.0000,25.7000,12.0000,1,ACTIVE,1,5,5
581,11028,12:59:30,0,278.00,0,0.3200,0.1450,0.0000,0.0000,1,ACTIVE,1,5,5
581,11029,13:00:00,0,193.00,0,0.3500,0.1580,0.0000,0.0000,1,ACTIVE,1,5,5
581,11030,13:00:30,0,79.00,0,0.2500,0.1120,0.0000,0.0000,1,ACTIVE,1,5,5
581,11031,13:01:00,0,96.00,0,0.3600,0.1580,0.0000,0.0117,1,ACTIVE,1,5,5
581,11032,13:01:30,0,0.00,0,0.2700,0.1220,0.0000,0.0000,1,ACTIVE,1,5,5
581,11033,13:02:00,0,4.00,0,0.2700,0.1220,0.0000,0.0000,1,ACTIVE,1,5,5
581,11034,13:02:30,0,7.00,0,0.2700,0.1220,0.0000,0.0000,1,ACTIVE,1,5,5
581,11035,13:03:00,0,0.00,0,0.2700,0.1220,0.0000,0.0000,1,ACTIVE,1,5,5
581,11036,13:03:30,0,114.00,0,0.2700,0.1220,0.0000,0.0000,1,ACTIVE,1,5,5
581,11037,13:04:00,0,147.00,0,0.2900,0.1300,0.0000,0.0000,1,ACTIVE,1,5,5
581,11038,13:04:30,0,0.00,0,0.2700,0.1220,0.0000,0.0000,1,ACTIVE,1,5,5
581,11039,13:05:00,0,0.00,0,0.2700,0.1220,0.0000,0.0000,1,ACTIVE,1,5,5
581,11040,13:05:30,0,0.00,0,0.2500,0.1120,0.0000,0.0000,1,ACTIVE,1,5,5
581,11041,13:06:00,0,181.00,0,0.2500,0.1120,0.0000,0.0000,1,ACTIVE,1,5,5
581,11042,13:06:30,0,0.00,0,0.2700,0.1220,0.0000,0.0000,0,ACTIVE,1,5,5
581,11043,13:07:00,0,0.00,0,0.2700,0.1220,0.0000,0.0000,0,ACTIVE,1,5,5
581,11044,13:07:30,0,0.00,0,0.2500,0.1120,0.0000,0.0000,0,ACTIVE,1,5,5
581,11045,13:08:00,0,0.00,0,0.2700,0.1220,0.0000,0.0000,0,ACTIVE,1,5,5
581,11046,13:08:30,0,0.00,0,0.2700,0.1220,0.0000,0.0000,0,ACTIVE,1,5,5
581,11047,13:09:00,0,0.00,0,0.2700,0.1220,0.0000,0.0000,0,ACTIVE,1,5,5
581,11048,13:09:30,0,0.00,0,0.2700,0.1220,0.0000,0.0000,0,ACTIVE,1,5,5
581,11049,13:10:00,0,18.00,0,0.2700,0.1220,0.0000,0.0000,1,ACTIVE,1,5,5
581,11050,13:10:30,0,75.00,0,0.2500,0.1120,0.0000,0.0000,1,ACTIVE,1,5,5
581,11051,13:11:00,0,147.00,0,0.2700,0.1220,0.0000,0.0000,1,ACTIVE,1,5,5
581,11052,13:11:30,0,157.00,0,0.2700,0.1220,0.0000,0.0000,1,ACTIVE,1,5,5
581,11053,13:12:00,0,22.00,0,1.7600,0.1920,0.1510,0.0115,1,ACTIVE,1,5,5
581,11054,13:12:30,0,110.00,0,3.3600,0.2090,0.3160,0.1170,1,ACTIVE,1,5,5
581,11055,13:13:00,0,0.00,0,0.2700,0.1220,0.0000,0.0000,0,ACTIVE,1,5,5
581,11056,13:13:30,0,0.00,0,0.2800,0.1220,0.0000,0.0117,0,ACTIVE,1,5,5
581,11057,13:14:00,0,0.00,0,0.5500,0.1070,0.0347,0.0117,0,ACTIVE,1,5,5
581,11058,13:14:30,0,4.00,0,1.4700,0.2600,0.1000,0.0115,0,ACTIVE,1,5,5
581,11059,13:15:00,0,20.00,0,7.4700,0.7200,0.6600,0.0880,1,ACTIVE,1,5,5
581,11060,13:15:30,0,0.00,0,0.5700,0.1140,0.0347,0.0117,0,ACTIVE,1,5,5
581,11061,13:16:00,0,0.00,0,0.5800,0.1190,0.0347,0.0117,0,ACTIVE,1,5,5
581,11062,13:16:30,0,0.00,0,0.5800,0.1190,0.0347,0.0117,0,ACTIVE,1,5,5
581,11063,13:17:00,0,0.00,0,0.5800,0.1190,0.0347,0.0117,0,ACTIVE,1,5,5
581,11064,13:17:30,0,27.00,0,1.8100,0.3160,0.1240,0.0162,1,ACTIVE,1,5,5
581,11065,13:18:00,0,1.00,0,4.3000,0.6740,0.3160,0.0347,0,ACTIVE,1,5,5
581,11066,13:18:30,0,82.00,0,1.3100,0.1920,0.1000,0.0115,1,ACTIVE,1,5,5
581,11067,13:19:00,0,0.00,0,1.0100,0.1510,0.0756,0.0115,0,ACTIVE,1,5,5
581,11068,13:19:30,0,0.00,0,1.0100,0.1510,0.0756,0.0115,0,ACTIVE,1,5,5
581,11069,13:20:00,0,0.00,0,0.9600,0.1450,0.0694,0.0292,0,ACTIVE,1,5,5
581,11070,13:20:30,0,27.00,0,4.6300,0.2960,0.4370,0.1330,1,ACTIVE,1,5,5
581,11071,13:21:00,0,123.00,0,7.5100,0.4280,0.7200,0.2380,1,ACTIVE,1,5,5
581,11072,13:21:30,0,40.00,0,2.7200,0.2230,0.2440,0.0880,1,ACTIVE,1,5,5
581,11073,13:22:00,0,0.00,0,0.2800,0.1220,0.0000,0.0117,0,ACTIVE,1,5,5
581,11074,13:22:30,0,0.00,0,0.5500,0.1070,0.0347,0.0117,0,ACTIVE,1,5,5
581,11075,13:23:00,0,5.00,0,1.4200,0.2380,0.1000,0.0115,0,ACTIVE,1,5,5
581,11076,13:23:30,0,22.00,0,0.5800,0.1190,0.0347,0.0117,1,ACTIVE,1,5,5
581,11077,13:24:00,0,0.00,0,0.6000,0.1300,0.0347,0.0117,0,ACTIVE,1,5,5
581,11078,13:24:30,0,1.00,0,0.6000,0.1300,0.0347,0.0117,0,ACTIVE,1,5,5
581,11079,13:25:00,0,0.00,0,0.3500,0.1300,0.0024,0.0354,0,ACTIVE,1,5,5
581,11080,13:25:30,0,0.00,0,0.6200,0.1360,0.0347,0.0117,0,ACTIVE,1,5,5
581,11081,13:26:00,0,0.00,0,0.7300,0.1300,0.0501,0.0046,0,ACTIVE,1,5,5
581,11082,13:26:30,0,0.00,0,0.7400,0.1360,0.0501,0.0046,0,ACTIVE,1,5,5
581,11083,13:27:00,0,0.00,0,0.6200,0.1360,0.0347,0.0117,0,ACTIVE,1,5,5
581,11084,13:27:30,0,52.00,0,0.6200,0.1360,0.0347,0.0117,1,ACTIVE,1,5,5
581,11085,13:28:00,0,86.00,0,0.3000,0.1360,0.0000,0.0000,1,ACTIVE,1,5,5
581,11086,13:28:30,0,0.00,0,0.6400,0.1450,0.0347,0.0117,0,ACTIVE,1,5,5
581,11087,13:29:00,0,0.00,0,0.3300,0.1450,0.0000,0.0117,0,ACTIVE,1,5,5
581,11088,13:29:30,0,0.00,0,0.2900,0.1300,0.0000,0.0000,0,ACTIVE,1,5,5
581,11089,13:30:00,0,19.00,0,0.2900,0.1300,0.0000,0.0000,1,ACTIVE,1,5,5
581,11090,13:30:30,0,12.00,0,0.2500,0.1120,0.0000,0.0000,1,ACTIVE,1,5,5
581,11091,13:31:00,0,14.00,0,0.4800,0.1360,0.0070,0.1070,1,ACTIVE,1,5,5
581,11092,13:31:30,0,56.00,0,0.2500,0.1120,0.0000,0.0000,1,ACTIVE,1,5,5
581,11093,13:32:00,0,297.00,0,0.2500,0.1120,0.0000,0.0000,1,ACTIVE,1,5,5
581,11094,13:32:30,0,261.00,0,0.2400,0.1070,0.0000,0.0000,1,ACTIVE,1,5,5
581,11095,13:33:00,0,26.00,0,0.2400,0.1070,0.0000,0.0000,1,ACTIVE,1,5,5
581,11096,13:33:30,0,38.00,0,0.6500,0.1510,0.0347,0.0117,1,ACTIVE,1,5,5
581,11097,13:34:00,0,29.00,0,0.7000,0.1720,0.0347,0.0117,1,ACTIVE,1,5,5
581,11098,13:34:30,0,0.00,0,0.2500,0.1120,0.0000,0.0000,1,ACTIVE,1,5,5
581,11099,13:35:00,0,82.00,0,0.2500,0.1120,0.0000,0.0000,1,ACTIVE,1,5,5
581,11100,13:35:30,0,89.00,0,0.2400,0.1070,0.0000,0.0000,1,ACTIVE,1,5,5
581,11101,13:36:00,0,27.00,0,0.2400,0.1070,0.0000,0.0000,1,ACTIVE,1,5,5
581,11102,13:36:30,0,59.00,0,0.2400,0.1070,0.0000,0.0000,1,ACTIVE,1,5,5
581,11103,13:37:00,0,0.00,0,0.2400,0.1070,0.0000,0.0000,0,ACTIVE,1,5,5
581,11104,13:37:30,0,0.00,0,0.2500,0.1120,0.0000,0.0000,0,ACTIVE,1,5,5
581,11105,13:38:00,0,0.00,0,0.2400,0.1070,0.0000,0.0000,0,ACTIVE,1,5,5
581,11106,13:38:30,0,0.00,0,0.2400,0.1070,0.0000,0.0000,0,ACTIVE,1,5,5
581,11107,13:39:00,0,68.00,0,0.2500,0.1120,0.0000,0.0000,1,ACTIVE,1,5,5
581,11108,13:39:30,0,35.00,0,0.2400,0.1070,0.0000,0.0000,1,ACTIVE,1,5,5
581,11109,13:40:00,0,151.00,0,0.2400,0.1070,0.0000,0.0000,1,ACTIVE,1,5,5
581,11110,13:40:30,0,0.00,0,0.2400,0.1070,0.0000,0.0000,1,ACTIVE,1,5,5
581,11111,13:41:00,0,16.00,0,0.2400,0.1070,0.0000,0.0000,1,ACTIVE,1,5,5
581,11112,13:41:30,0,0.00,0,0.2400,0.1070,0.0000,0.0000,0,ACTIVE,1,5,5
581,11113,13:42:00,0,0.00,0,0.2500,0.1120,0.0000,0.0000,0,ACTIVE,1,5,5
581,11114,13:42:30,0,0.00,0,0.2500,0.1120,0.0000,0.0000,0,ACTIVE,1,5,5
581,11115,13:43:00,0,0.00,0,0.2700,0.1220,0.0000,0.0000,0,ACTIVE,1,5,5
581,11116,13:43:30,0,0.00,0,0.2700,0.1220,0.0000,0.0000,0,ACTIVE,1,5,5
581,11117,13:44:00,0,0.00,0,0.2700,0.1220,0.0000,0.0000,0,ACTIVE,1,5,5
581,11118,13:44:30,0,0.00,0,0.2700,0.1220,0.0000,0.0000,0,ACTIVE,1,5,5
581,11119,13:45:00,0,0.00,0,0.2700,0.1220,0.0000,0.0000,0,ACTIVE,1,5,5
581,11120,13:45:30,0,16.00,0,12.0400,1.8300,0.8750,0.3160,0,ACTIVE,1,5,5
581,11121,13:46:00,0,0.00,0,3.5400,0.4570,0.2770,0.0880,0,ACTIVE,1,5,5
581,11122,13:46:30,0,0.00,0,2.9900,0.3450,0.2440,0.0880,0,ACTIVE,1,5,5
581,11123,13:47:00,0,0.00,0,2.9900,0.3450,0.2440,0.0880,0,ACTIVE,1,5,5
581,11124,13:47:30,0,0.00,0,2.9900,0.3450,0.2440,0.0880,0,ACTIVE,1,5,5
581,11125,13:48:00,0,0.00,0,2.9900,0.3450,0.2440,0.0880,0,ACTIVE,1,5,5
581,11126,13:48:30,0,0.00,0,2.9900,0.3450,0.2440,0.0880,0,ACTIVE,1,5,5
581,11127,13:49:00,0,0.00,0,2.9900,0.3450,0.2440,0.0880,0,ACTIVE,1,5,5
581,11128,13:49:30,0,0.00,0,2.9000,0.2960,0.2440,0.0981,0,ACTIVE,1,5,5
581,11129,13:50:00,0,19.00,0,18.2600,2.3200,1.4400,0.4870,1,ACTIVE,1,5,5
581,11130,13:50:30,0,0.00,0,11.0500,0.9750,0.9750,0.3300,0,ACTIVE,1,5,5
581,11131,13:51:00,0,1.00,0,10.4100,0.9330,0.9130,0.3160,0,ACTIVE,1,5,5
581,11132,13:51:30,0,100.00,0,2.1300,0.2190,0.1760,0.0981,1,ACTIVE,1,5,5
581,11133,13:52:00,0,2.00,0,0.6500,0.1510,0.0347,0.0117,0,ACTIVE,1,5,5
581,11134,13:52:30,0,0.00,0,0.6500,0.1510,0.0347,0.0117,0,ACTIVE,1,5,5
581,11135,13:53:00,0,0.00,0,0.6500,0.1510,0.0347,0.0117,0,ACTIVE,1,5,5
581,11136,13:53:30,0,0.00,0,0.3900,0.1510,0.0024,0.0354,0,ACTIVE,1,5,5
581,11137,13:54:00,0,0.00,0,0.3900,0.1510,0.0024,0.0354,0,ACTIVE,1,5,5
581,11138,13:54:30,0,0.00,0,0.6500,0.1510,0.0347,0.0117,0,ACTIVE,1,5,5
581,11139,13:55:00,0,0.00,0,0.3900,0.1510,0.0024,0.0354,0,ACTIVE,1,5,5
581,11140,13:55:30,0,0.00,0,0.3900,0.1510,0.0024,0.0354,0,ACTIVE,1,5,5
581,11141,13:56:00,0,7.00,0,0.6400,0.1450,0.0347,0.0117,0,ACTIVE,1,5,5
581,11142,13:56:30,0,4.00,0,0.3600,0.1580,0.0000,0.0117,0,ACTIVE,1,5,5
581,11143,13:57:00,0,0.00,0,0.3600,0.1580,0.0000,0.0117,0,ACTIVE,1,5,5
581,11144,13:57:30,0,0.00,0,0.6200,0.1360,0.0347,0.0117,0,ACTIVE,1,5,5
581,11145,13:58:00,0,27.00,0,1.2800,0.2720,0.0756,0.0115,1,ACTIVE,1,5,5
581,11146,13:58:30,0,0.00,0,0.3200,0.1450,0.0000,0.0000,0,ACTIVE,1,5,5
581,11147,13:59:00,0,0.00,0,0.3200,0.1450,0.0000,0.0000,0,ACTIVE,1,5,5
581,11148,13:59:30,0,0.00,0,0.3200,0.1450,0.0000,0.0000,0,ACTIVE,1,5,5
581,11149,14:00:00,0,0.00,0,0.3200,0.1450,0.0000,0.0000,0,ACTIVE,1,5,5
581,11150,14:00:30,0,0.00,0,0.3200,0.1450,0.0000,0.0000,1,ACTIVE,1,5,5
581,11151,14:01:00,0,52.00,0,0.3000,0.1360,0.0000,0.0000,1,ACTIVE,1,5,5
581,11152,14:01:30,0,193.00,0,0.2700,0.1220,0.0000,0.0000,1,ACTIVE,1,5,5
581,11153,14:02:00,0,79.00,0,0.2500,0.1120,0.0000,0.0000,1,ACTIVE,1,5,5
581,11154,14:02:30,0,75.00,0,0.2700,0.1220,0.0000,0.0000,1,ACTIVE,1,5,5
581,11155,14:03:00,0,128.00,0,0.2700,0.1220,0.0000,0.0000,1,ACTIVE,1,5,5
581,11156,14:03:30,0,221.00,0,0.2500,0.1120,0.0000,0.0000,1,ACTIVE,1,5,5
581,11157,14:04:00,0,169.00,0,0.2500,0.1120,0.0000,0.0000,1,ACTIVE,1,5,5
581,11158,14:04:30,0,59.00,0,0.2500,0.1120,0.0000,0.0000,1,ACTIVE,1,5,5
581,11159,14:05:00,0,70.00,0,0.2500,0.1120,0.0000,0.0000,1,ACTIVE,1,5,5
581,11160,14:05:30,0,328.00,0,0.3200,0.1450,0.0000,0.0000,1,ACTIVE,1,5,5
581,11161,14:06:00,0,252.00,0,17.5400,2.7600,1.2600,0.3450,1,ACTIVE,1,5,5
581,11162,14:06:30,0,0.00,0,7.1500,1.3800,0.4670,0.0162,1,ACTIVE,1,5,5
581,11163,14:07:00,0,0.00,0,5.7600,1.2600,0.3370,0.0162,1,ACTIVE,1,5,5
581,11164,14:07:30,0,0.00,0,4.1700,1.0900,0.2000,0.0115,0,ACTIVE,1,5,5
581,11165,14:08:00,0,0.00,0,3.9000,1.0600,0.1760,0.0115,0,ACTIVE,1,5,5
581,11166,14:08:30,0,33.00,0,13.2500,2.3200,0.8750,0.4280,1,ACTIVE,1,5,5
581,11167,14:09:00,0,0.00,0,1.4900,0.2440,0.0412,0.5430,0,ACTIVE,1,5,5
581,11168,14:09:30,0,0.00,0,7.8600,0.2720,0.7680,0.4870,0,ACTIVE,1,5,5
581,11169,14:10:00,0,0.00,0,1.0900,0.1920,0.0235,0.4190,0,ACTIVE,1,5,5
581,11170,14:10:30,0,33.00,0,0.7300,0.1580,0.0140,0.2330,1,ACTIVE,1,5,5
581,11171,14:11:00,0,0.00,0,0.2500,0.1120,0.0000,0.0000,0,ACTIVE,1,5,5
581,11172,14:11:30,0,0.00,0,0.2500,0.1120,0.0000,0.0000,0,ACTIVE,1,5,5
581,11173,14:12:00,0,20.00,0,0.2500,0.1120,0.0000,0.0000,1,ACTIVE,1,5,5
581,11174,14:12:30,0,0.00,0,0.2500,0.1120,0.0000,0.0000,0,ACTIVE,1,5,5
581,11175,14:13:00,0,0.00,0,0.2500,0.1120,0.0000,0.0000,0,ACTIVE,1,5,5
581,11176,14:13:30,0,0.00,0,0.2500,0.1120,0.0000,0.0000,0,ACTIVE,1,5,5
581,11177,14:14:00,0,0.00,0,0.2500,0.1120,0.0000,0.0000,0,ACTIVE,1,5,5
581,11178,14:14:30,0,31.00,0,11.3400,1.6700,0.8370,0.2770,1,ACTIVE,1,5,5
581,11179,14:15:00,0,1.00,0,0.6000,0.2000,0.0070,0.0861,0,ACTIVE,1,5,5
581,11180,14:15:30,0,0.00,0,1.4400,0.2090,0.1050,0.0583,0,ACTIVE,1,5,5
581,11181,14:16:00,0,0.00,0,0.6400,0.2190,0.0070,0.0861,0,ACTIVE,1,5,5
581,11182,14:16:30,0,0.00,0,0.6500,0.2230,0.0070,0.0861,0,ACTIVE,1,5,5
581,11183,14:17:00,0,0.00,0,1.4400,0.2090,0.1050,0.0583,0,ACTIVE,1,5,5
581,11184,14:17:30,0,0.00,0,1.4400,0.2090,0.1050,0.0583,1,ACTIVE,1,5,5
581,11185,14:18:00,0,56.00,0,1.0500,0.1800,0.0694,0.0412,1,ACTIVE,1,5,5
581,11186,14:18:30,0,252.00,0,0.2500,0.1120,0.0000,0.0000,1,ACTIVE,1,5,5
581,11187,14:19:00,0,142.00,0,0.2500,0.1120,0.0000,0.0000,1,ACTIVE,1,5,5
581,11188,14:19:30,0,128.00,0,0.2500,0.1120,0.0000,0.0000,1,ACTIVE,1,5,5
581,11189,14:20:00,0,157.00,0,1.0600,0.1920,0.0694,0.0292,1,ACTIVE,1,5,5
581,11190,14:20:30,0,147.00,0,3.0300,0.3600,0.2440,0.0880,1,ACTIVE,1,5,5
581,11191,14:21:00,0,228.00,0,0.4000,0.1800,0.0000,0.0000,1,ACTIVE,1,5,5
581,11192,14:21:30,0,317.00,0,0.4800,0.1190,0.0251,0.0000,1,ACTIVE,1,5,5
581,11193,14:22:00,0,181.00,0,0.2500,0.1120,0.0000,0.0000,1,ACTIVE,1,5,5
581,11194,14:22:30,0,107.00,0,0.2500,0.1120,0.0000,0.0000,1,ACTIVE,1,5,5
581,11195,14:23:00,0,163.00,0,0.2700,0.1220,0.0000,0.0000,1,ACTIVE,1,5,5
581,11196,14:23:30,0,0.00,0,0.2500,0.1120,0.0000,0.0000,1,ACTIVE,1,5,5
581,11197,14:24:00,0,20.00,0,0.2500,0.1120,0.0000,0.0000,1,ACTIVE,1,5,5
581,11198,14:24:30,0,38.00,0,0.2700,0.1220,0.0000,0.0000,1,ACTIVE,1,5,5
581,11199,14:25:00,0,1.00,0,0.2700,0.1220,0.0000,0.0000,0,ACTIVE,1,5,5
581,11200,14:25:30,0,0.00,0,0.2900,0.1300,0.0000,0.0000,0,ACTIVE,1,5,5
581,11201,14:26:00,0,1.00,0,0.2700,0.1220,0.0000,0.0000,0,ACTIVE,1,5,5
581,11202,14:26:30,0,0.00,0,0.2900,0.1300,0.0000,0.0000,0,ACTIVE,1,5,5
581,11203,14:27:00,0,0.00,0,0.2900,0.1300,0.0000,0.0000,0,ACTIVE,1,5,5
581,11204,14:27:30,0,0.00,0,0.2900,0.1300,0.0000,0.0000,0,ACTIVE,1,5,5
581,11205,14:28:00,0,1.00,0,0.2900,0.1300,0.0000,0.0000,0,ACTIVE,1,5,5
581,11206,14:28:30,0,61.00,0,0.2500,0.1120,0.0000,0.0000,1,ACTIVE,1,5,5
581,11207,14:29:00,0,11.00,0,0.2500,0.1120,0.0000,0.0000,0,ACTIVE,1,5,5
581,11208,14:29:30,0,0.00,0,0.2500,0.1120,0.0000,0.0000,0,ACTIVE,1,5,5
581,11209,14:30:00,0,4.00,0,0.2400,0.1070,0.0000,0.0000,0,ACTIVE,1,5,5
581,11210,14:30:30,0,7.00,0,0.2400,0.1070,0.0000,0.0000,0,ACTIVE,1,5,5
581,11211,14:31:00,0,22.00,0,0.2400,0.1070,0.0000,0.0000,1,ACTIVE,1,5,5
581,11212,14:31:30,0,5.00,0,0.2400,0.1070,0.0000,0.0000,0,ACTIVE,1,5,5
581,11213,14:32:00,0,4.00,0,0.2400,0.1070,0.0000,0.0000,0,ACTIVE,1,5,5
581,11214,14:32:30,0,7.00,0,0.2400,0.1070,0.0000,0.0000,0,ACTIVE,1,5,5
581,11215,14:33:00,0,68.00,0,0.2400,0.1070,0.0000,0.0000,1,ACTIVE,1,5,5
581,11216,14:33:30,0,0.00,0,0.2500,0.1120,0.0000,0.0000,0,ACTIVE,1,5,5
581,11217,14:34:00,0,0.00,0,0.2700,0.1220,0.0000,0.0000,0,ACTIVE,1,5,5
581,11218,14:34:30,0,0.00,0,0.2700,0.1220,0.0000,0.0000,0,ACTIVE,1,5,5
581,11219,14:35:00,0,52.00,0,0.2700,0.1220,0.0000,0.0000,1,ACTIVE,1,5,5
581,11220,14:35:30,0,61.00,0,0.2700,0.1220,0.0000,0.0000,1,ACTIVE,1,5,5
581,11221,14:36:00,0,0.00,0,0.2500,0.1120,0.0000,0.0000,1,ACTIVE,1,5,5
581,11222,14:36:30,0,38.00,0,0.2500,0.1120,0.0000,0.0000,1,ACTIVE,1,5,5
581,11223,14:37:00,0,373.00,0,0.3800,0.1190,0.0047,0.0709,1,ACTIVE,1,5,5
581,11224,14:37:30,0,27.00,0,0.2700,0.1220,0.0000,0.0000,1,ACTIVE,1,5,5
581,11225,14:38:00,0,0.00,0,0.2700,0.1220,0.0000,0.0000,1,ACTIVE,1,5,5
581,11226,14:38:30,0,0.00,0,0.2700,0.1220,0.0000,0.0000,0,ACTIVE,1,5,5
581,11227,14:39:00,0,23.00,0,0.2700,0.1220,0.0000,0.0000,1,ACTIVE,1,5,5
581,11228,14:39:30,0,0.00,0,0.2700,0.1220,0.0000,0.0000,0,ACTIVE,1,5,5
581,11229,14:40:00,0,0.00,0,0.2700,0.1220,0.0000,0.0000,0,ACTIVE,1,5,5
581,11230,14:40:30,0,38.00,0,0.2700,0.1220,0.0000,0.0000,1,ACTIVE,1,5,5
581,11231,14:41:00,0,0.00,0,0.2700,0.1220,0.0000,0.0000,0,ACTIVE,1,5,5
581,11232,14:41:30,0,0.00,0,0.2700,0.1220,0.0000,0.0000,0,ACTIVE,1,5,5
581,11233,14:42:00,0,0.00,0,0.2700,0.1220,0.0000,0.0000,0,ACTIVE,1,5,5
581,11234,14:42:30,0,0.00,0,0.2700,0.1220,0.0000,0.0000,0,ACTIVE,1,5,5
581,11235,14:43:00,0,0.00,0,0.2700,0.1220,0.0000,0.0000,0,ACTIVE,1,5,5
581,11236,14:43:30,0,0.00,0,0.2700,0.1220,0.0000,0.0000,0,ACTIVE,1,5,5
581,11237,14:44:00,0,0.00,0,0.2500,0.1120,0.0000,0.0000,0,ACTIVE,1,5,5
581,11238,14:44:30,0,151.00,0,0.3000,0.1360,0.0000,0.0000,1,ACTIVE,1,5,5
581,11239,14:45:00,0,7.00,0,0.2900,0.1300,0.0000,0.0000,1,ACTIVE,1,5,5
581,11240,14:45:30,0,32.00,0,0.2900,0.1300,0.0000,0.0000,1,ACTIVE,1,5,5
581,11241,14:46:00,0,75.00,0,0.2700,0.1220,0.0000,0.0000,1,ACTIVE,1,5,5
581,11242,14:46:30,0,373.00,0,0.2700,0.1220,0.0000,0.0000,1,ACTIVE,1,5,5
581,11243,14:47:00,0,193.00,0,0.2700,0.1220,0.0000,0.0000,1,ACTIVE,1,5,5
581,11244,14:47:30,0,328.00,0,1.4200,0.2380,0.1000,0.0162,1,ACTIVE,1,5,5
581,11245,14:48:00,0,75.00,0,0.2900,0.1300,0.0000,0.0000,1,ACTIVE,1,5,5
581,11246,14:48:30,0,25.00,0,0.2900,0.1300,0.0000,0.0000,1,ACTIVE,1,5,5
581,11247,14:49:00,0,89.00,0,0.2700,0.1220,0.0000,0.0000,1,ACTIVE,1,5,5
581,11248,14:49:30,0,221.00,0,0.2700,0.1220,0.0000,0.0000,1,ACTIVE,1,5,5
581,11249,14:50:00,0,214.00,0,0.2700,0.1220,0.0000,0.0000,1,ACTIVE,1,5,5
581,11250,14:50:30,0,75.00,0,0.2700,0.1220,0.0000,0.0000,1,ACTIVE,1,5,5
581,11251,14:51:00,0,175.00,0,0.2700,0.1220,0.0000,0.0000,1,ACTIVE,1,5,5
581,11252,14:51:30,0,297.00,0,0.2700,0.1220,0.0000,0.0000,1,ACTIVE,1,5,5
581,11253,14:52:00,0,137.00,0,0.2500,0.1120,0.0000,0.0000,1,ACTIVE,1,5,5
581,11254,14:52:30,0,29.00,0,0.2700,0.1220,0.0000,0.0000,1,ACTIVE,1,5,5
581,11255,14:53:00,0,23.00,0,0.2900,0.1300,0.0000,0.0000,1,ACTIVE,1,5,5
581,11256,14:53:30,0,52.00,0,0.5800,0.1190,0.0347,0.0117,1,ACTIVE,1,5,5
581,11257,14:54:00,0,86.00,0,0.3500,0.1300,0.0024,0.0354,1,ACTIVE,1,5,5
581,11258,14:54:30,0,13.00,0,5.1000,1.5000,0.2000,0.0230,1,ACTIVE,1,5,5
581,11259,14:55:00,0,96.00,0,24.4500,1.7900,2.2200,0.9750,1,ACTIVE,1,5,5
581,11260,14:55:30,0,4.00,0,55.9700,3.0100,5.3900,1.9100,1,ACTIVE,1,5,5
581,11261,14:56:00,0,42.00,0,45.3300,2.1300,4.4400,1.6000,1,ACTIVE,1,5,5
581,11262,14:56:30,0,28.00,0,36.5800,1.3500,3.6500,1.4700,1,ACTIVE,1,5,5
581,11263,14:57:00,0,0.00,0,34.2500,1.2400,3.4200,1.4100,0,ACTIVE,1,5,5
581,11264,14:57:30,0,6.00,0,33.6300,1.3200,3.3500,1.2600,0,ACTIVE,1,5,5
581,11265,14:58:00,0,40.00,0,33.4100,2.0800,3.1400,1.2100,1,ACTIVE,1,5,5
581,11266,14:58:30,0,0.00,0,30.0400,1.1300,3.0100,1.1100,0,ACTIVE,1,5,5
581,11267,14:59:00,0,0.00,0,28.0800,1.0400,2.8200,1.0200,0,ACTIVE,1,5,5
581,11268,14:59:30,0,6.00,0,26.4300,1.0200,2.6400,0.9750,1,ACTIVE,1,5,5
581,11269,15:00:00,0,56.00,0,8.1700,0.3450,0.8020,0.3520,1,ACTIVE,1,5,5
581,11270,15:00:30,0,45.00,0,0.9700,0.1690,0.0267,0.3300,1,ACTIVE,1,5,5
581,11271,15:01:00,0,16.00,0,0.3900,0.1070,0.0070,0.0861,1,ACTIVE,1,5,5
581,11272,15:01:30,0,207.00,0,0.2400,0.1070,0.0000,0.0000,1,ACTIVE,1,5,5
581,11273,15:02:00,0,261.00,0,0.2200,0.0981,0.0000,0.0000,1,ACTIVE,1,5,5
581,11274,15:02:30,0,288.00,0,0.2400,0.1070,0.0000,0.0000,1,ACTIVE,1,5,5
581,11275,15:03:00,0,89.00,0,0.2200,0.0981,0.0000,0.0000,1,ACTIVE,1,5,5
581,11276,15:03:30,0,297.00,0,0.2200,0.0981,0.0000,0.0000,1,ACTIVE,1,5,5
581,11277,15:04:00,0,531.00,0,0.2500,0.1120,0.0000,0.0000,1,ACTIVE,1,5,5
581,11278,15:04:30,0,175.00,0,0.7000,0.3160,0.0000,0.0000,1,ACTIVE,1,5,5
581,11279,15:05:00,0,221.00,0,0.4500,0.2050,0.0000,0.0000,1,ACTIVE,1,5,5
581,11280,15:05:30,0,6.00,0,0.2400,0.1070,0.0000,0.0000,1,ACTIVE,1,5,5
581,11281,15:06:00,0,187.00,0,0.2200,0.0981,0.0000,0.0000,1,ACTIVE,1,5,5
581,11282,15:06:30,0,123.00,0,0.6700,0.1580,0.0347,0.0117,1,ACTIVE,1,5,5
581,11283,15:07:00,0,54.00,0,0.2200,0.0981,0.0000,0.0000,1,ACTIVE,1,5,5
581,11284,15:07:30,0,96.00,0,0.2500,0.1120,0.0000,0.0000,1,ACTIVE,1,5,5
581,11285,15:08:00,0,75.00,0,0.2400,0.1070,0.0000,0.0000,1,ACTIVE,1,5,5
581,11286,15:08:30,0,236.00,0,0.2400,0.1070,0.0000,0.0000,1,ACTIVE,1,5,5
581,11287,15:09:00,0,288.00,0,0.2400,0.1070,0.0000,0.0000,1,ACTIVE,1,5,5
581,11288,15:09:30,0,56.00,0,0.2200,0.0981,0.0000,0.0000,1,ACTIVE,1,5,5
581,11289,15:10:00,0,103.00,0,0.2200,0.0981,0.0000,0.0000,1,ACTIVE,1,5,5
581,11290,15:10:30,0,169.00,0,0.2200,0.0981,0.0000,0.0000,1,ACTIVE,1,5,5
581,11291,15:11:00,0,123.00,0,0.2400,0.1070,0.0000,0.0000,1,ACTIVE,1,5,5
581,11292,15:11:30,0,14.00,0,0.2200,0.0981,0.0000,0.0000,1,ACTIVE,1,5,5
581,11293,15:12:00,0,7.00,0,0.2200,0.0981,0.0000,0.0000,1,ACTIVE,1,5,5
581,11294,15:12:30,0,0.00,0,0.2400,0.1070,0.0000,0.0000,0,ACTIVE,1,5,5
581,11295,15:13:00,0,13.00,0,0.2400,0.1070,0.0000,0.0000,1,ACTIVE,1,5,5
581,11296,15:13:30,0,12.00,0,0.2400,0.1070,0.0000,0.0000,1,ACTIVE,1,5,5
581,11297,15:14:00,0,175.00,0,0.2200,0.0981,0.0000,0.0000,1,ACTIVE,1,5,5
581,11298,15:14:30,0,79.00,0,0.2400,0.1070,0.0000,0.0000,1,ACTIVE,1,5,5
581,11299,15:15:00,0,107.00,0,0.8200,0.1690,0.0501,0.0046,1,ACTIVE,1,5,5
581,11300,15:15:30,0,157.00,0,0.2400,0.1070,0.0000,0.0000,1,ACTIVE,1,5,5
581,11301,15:16:00,0,89.00,0,0.2400,0.1070,0.0000,0.0000,1,ACTIVE,1,5,5
581,11302,15:16:30,0,151.00,0,0.2400,0.1070,0.0000,0.0000,1,ACTIVE,1,5,5
581,11303,15:17:00,0,82.00,0,0.2400,0.1070,0.0000,0.0000,1,ACTIVE,1,5,5
581,11304,15:17:30,0,36.00,0,95.1000,4.6400,9.0700,4.9500,1,ACTIVE,1,5,5
581,11305,15:18:00,0,0.00,0,4.2900,0.4870,0.3520,0.1170,1,ACTIVE,1,5,5
581,11306,15:18:30,0,22.00,0,93.1700,4.6400,8.8800,4.7400,1,ACTIVE,1,5,5
581,11307,15:19:00,0,19.00,0,75.1300,3.9000,7.1500,3.5700,1,ACTIVE,1,5,5
581,11308,15:19:30,0,1.00,0,3.4700,0.6740,0.2230,0.0230,1,ACTIVE,1,5,5
581,11309,15:20:00,0,61.00,0,63.2500,9.2700,4.8400,0.3300,1,ACTIVE,1,5,5
581,11310,15:20:30,0,128.00,0,65.8100,10.6000,4.8400,0.0694,1,ACTIVE,1,5,5
581,11311,15:21:00,0,114.00,0,0.2200,0.0981,0.0000,0.0000,1,ACTIVE,1,5,5
581,11312,15:21:30,0,103.00,0,0.2400,0.1070,0.0000,0.0000,1,ACTIVE,1,5,5
581,11313,15:22:00,0,107.00,0,1.0200,0.1720,0.0694,0.0292,1,ACTIVE,1,5,5
581,11314,15:22:30,0,75.00,0,0.2400,0.1070,0.0000,0.0000,1,ACTIVE,1,5,5
581,11315,15:23:00,0,4.00,0,0.2400,0.1070,0.0000,0.0000,1,ACTIVE,1,5,5
581,11316,15:23:30,0,52.00,0,0.2400,0.1070,0.0000,0.0000,1,ACTIVE,1,5,5
581,11317,15:24:00,0,214.00,0,0.2400,0.1070,0.0000,0.0000,1,ACTIVE,1,5,5
581,11318,15:24:30,0,45.00,0,0.2500,0.1120,0.0000,0.0000,1,ACTIVE,1,5,5
581,11319,15:25:00,0,0.00,0,0.2500,0.1120,0.0000,0.0000,1,ACTIVE,1,5,5
581,11320,15:25:30,0,66.00,0,0.2400,0.1070,0.0000,0.0000,1,ACTIVE,1,5,5
581,11321,15:26:00,0,163.00,0,0.2400,0.1070,0.0000,0.0000,1,ACTIVE,1,5,5
581,11322,15:26:30,0,0.00,0,0.2400,0.1070,0.0000,0.0000,1,ACTIVE,1,5,5
581,11323,15:27:00,0,93.00,0,0.2400,0.1070,0.0000,0.0000,1,ACTIVE,1,5,5
581,11324,15:27:30,0,1.00,0,0.2400,0.1070,0.0000,0.0000,0,ACTIVE,1,5,5
581,11325,15:28:00,0,36.00,0,0.2400,0.1070,0.0000,0.0000,1,ACTIVE,1,5,5
581,11326,15:28:30,0,6.00,0,0.2400,0.1070,0.0000,0.0000,0,ACTIVE,1,5,5
581,11327,15:29:00,0,0.00,0,0.2400,0.1070,0.0000,0.0000,0,ACTIVE,1,5,5
581,11328,15:29:30,0,14.00,0,0.2400,0.1070,0.0000,0.0000,0,ACTIVE,1,5,5
581,11329,15:30:00,0,0.00,0,0.2400,0.1070,0.0000,0.0000,0,ACTIVE,1,5,5
581,11330,15:30:30,0,0.00,0,0.2400,0.1070,0.0000,0.0000,0,ACTIVE,1,5,5
581,11331,15:31:00,0,0.00,0,0.2400,0.1070,0.0000,0.0000,0,ACTIVE,1,5,5
581,11332,15:31:30,0,56.00,0,0.2200,0.0981,0.0000,0.0000,1,ACTIVE,1,5,5
581,11333,15:32:00,0,96.00,0,0.2400,0.1070,0.0000,0.0000,1,ACTIVE,1,5,5
581,11334,15:32:30,0,63.00,0,0.2700,0.1220,0.0000,0.0000,1,ACTIVE,1,5,5
581,11335,15:33:00,0,147.00,0,0.6400,0.1450,0.0347,0.0117,1,ACTIVE,1,5,5
581,11336,15:33:30,0,157.00,0,0.2400,0.1070,0.0000,0.0000,1,ACTIVE,1,5,5
581,11337,15:34:00,0,181.00,0,0.2400,0.1070,0.0000,0.0000,1,ACTIVE,1,5,5
581,11338,15:34:30,0,119.00,0,0.2700,0.1220,0.0000,0.0000,1,ACTIVE,1,5,5
581,11339,15:35:00,0,70.00,0,0.2400,0.1070,0.0000,0.0000,1,ACTIVE,1,5,5
581,11340,15:35:30,0,38.00,0,0.2400,0.1070,0.0000,0.0000,1,ACTIVE,1,5,5
581,11341,15:36:00,0,63.00,0,0.2500,0.1120,0.0000,0.0000,1,ACTIVE,1,5,5
581,11342,15:36:30,0,42.00,0,0.2400,0.1070,0.0000,0.0000,1,ACTIVE,1,5,5
581,11343,15:37:00,0,114.00,0,0.2400,0.1070,0.0000,0.0000,1,ACTIVE,1,5,5
581,11344,15:37:30,0,63.00,0,0.2400,0.1070,0.0000,0.0000,1,ACTIVE,1,5,5
581,11345,15:38:00,0,14.00,0,0.2400,0.1070,0.0000,0.0000,1,ACTIVE,1,5,5
581,11346,15:38:30,0,79.00,0,0.2400,0.1070,0.0000,0.0000,1,ACTIVE,1,5,5
581,11347,15:39:00,0,193.00,0,0.2400,0.1070,0.0000,0.0000,1,ACTIVE,1,5,5
581,11348,15:39:30,0,151.00,0,0.2700,0.1220,0.0000,0.0000,1,ACTIVE,1,5,5
581,11349,15:40:00,0,47.00,0,0.2400,0.1070,0.0000,0.0000,1,ACTIVE,1,5,5
581,11350,15:40:30,0,35.00,0,0.2400,0.1070,0.0000,0.0000,1,ACTIVE,1,5,5
581,11351,15:41:00,0,68.00,0,0.2400,0.1070,0.0000,0.0000,1,ACTIVE,1,5,5
581,11352,15:41:30,0,123.00,0,0.2400,0.1070,0.0000,0.0000,1,ACTIVE,1,5,5
581,11353,15:42:00,0,5.00,0,0.2400,0.1070,0.0000,0.0000,1,ACTIVE,1,5,5
581,11354,15:42:30,0,59.00,0,0.2400,0.1070,0.0000,0.0000,1,ACTIVE,1,5,5
581,11355,15:43:00,0,93.00,0,0.9300,0.1300,0.0694,0.0292,1,ACTIVE,1,5,5
581,11356,15:43:30,0,73.00,0,0.6500,0.1510,0.0347,0.0117,1,ACTIVE,1,5,5
581,11357,15:44:00,0,306.00,0,0.2500,0.1120,0.0000,0.0000,1,ACTIVE,1,5,5
581,11358,15:44:30,0,252.00,0,0.2400,0.1070,0.0000,0.0000,1,ACTIVE,1,5,5
581,11359,15:45:00,0,278.00,0,0.2400,0.1070,0.0000,0.0000,1,ACTIVE,1,5,5
581,11360,15:45:30,0,147.00,0,0.2700,0.1220,0.0000,0.0000,1,ACTIVE,1,5,5
581,11361,15:46:00,0,47.00,0,0.2400,0.1070,0.0000,0.0000,1,ACTIVE,1,5,5
581,11362,15:46:30,0,269.00,0,0.2500,0.1120,0.0000,0.0000,1,ACTIVE,1,5,5
581,11363,15:47:00,0,207.00,0,0.2500,0.1120,0.0000,0.0000,1,ACTIVE,1,5,5
581,11364,15:47:30,0,236.00,0,0.2400,0.1070,0.0000,0.0000,1,ACTIVE,1,5,5
581,11365,15:48:00,0,45.00,0,9.1800,2.0800,0.5200,0.0279,1,ACTIVE,1,5,5
581,11366,15:48:30,0,0.00,0,7.4200,1.6000,0.4370,0.0460,1,ACTIVE,1,5,5
581,11367,15:49:00,0,96.00,0,9.5400,1.6700,0.6600,0.0571,1,ACTIVE,1,5,5
581,11368,15:49:30,0,9.00,0,2.5000,0.2660,0.2090,0.0694,1,ACTIVE,1,5,5
581,11369,15:50:00,0,45.00,0,2.4800,0.2600,0.2090,0.0694,1,ACTIVE,1,5,5
581,11370,15:50:30,0,114.00,0,0.9400,0.1360,0.0694,0.0292,1,ACTIVE,1,5,5
581,11371,15:51:00,0,66.00,0,0.2400,0.1070,0.0000,0.0000,1,ACTIVE,1,5,5
581,11372,15:51:30,0,66.00,0,0.2400,0.1070,0.0000,0.0000,1,ACTIVE,1,5,5
581,11373,15:52:00,0,4.00,0,0.2400,0.1070,0.0000,0.0000,1,ACTIVE,1,5,5
581,11374,15:52:30,0,93.00,0,0.2400,0.1070,0.0000,0.0000,1,ACTIVE,1,5,5
581,11375,15:53:00,0,147.00,0,0.2500,0.1120,0.0000,0.0000,1,ACTIVE,1,5,5
581,11376,15:53:30,0,147.00,0,0.2500,0.1120,0.0000,0.0000,1,ACTIVE,1,5,5
581,11377,15:54:00,0,157.00,0,0.2500,0.1120,0.0000,0.0000,1,ACTIVE,1,5,5
581,11378,15:54:30,0,20.00,0,0.2400,0.1070,0.0000,0.0000,1,ACTIVE,1,5,5
581,11379,15:55:00,0,33.00,0,5.3100,0.4280,0.4770,0.1760,1,ACTIVE,1,5,5
581,11380,15:55:30,0,70.00,0,22.0200,1.2900,2.0800,0.8750,1,ACTIVE,1,5,5
581,11381,15:56:00,0,89.00,0,0.3000,0.1360,0.0000,0.0000,1,ACTIVE,1,5,5
581,11382,15:56:30,0,33.00,0,0.2800,0.1220,0.0000,0.0117,1,ACTIVE,1,5,5
581,11383,15:57:00,0,49.00,0,0.2500,0.1120,0.0000,0.0000,1,ACTIVE,1,5,5
581,11384,15:57:30,0,133.00,0,0.2500,0.1120,0.0000,0.0000,1,ACTIVE,1,5,5
581,11385,15:58:00,0,29.00,0,0.2500,0.1120,0.0000,0.0000,1,ACTIVE,1,5,5
581,11386,15:58:30,0,7.00,0,0.2500,0.1120,0.0000,0.0000,1,ACTIVE,1,5,5
581,11387,15:59:00,0,11.00,0,0.2500,0.1120,0.0000,0.0000,1,ACTIVE,1,5,5
581,11388,15:59:30,0,0.00,0,0.2500,0.1120,0.0000,0.0000,1,ACTIVE,1,5,5
581,11389,16:00:00,0,193.00,0,0.2900,0.1300,0.0000,0.0000,1,ACTIVE,1,5,5
581,11390,16:00:30,0,82.00,0,0.2700,0.1220,0.0000,0.0000,1,ACTIVE,1,5,5
581,11391,16:01:00,0,137.00,0,0.2900,0.1300,0.0000,0.0000,1,ACTIVE,1,5,5
581,11392,16:01:30,0,193.00,0,0.2900,0.1300,0.0000,0.0000,1,ACTIVE,1,5,5
581,11393,16:02:00,0,317.00,0,0.2900,0.1300,0.0000,0.0000,1,ACTIVE,1,5,5
581,11394,16:02:30,0,181.00,0,0.2900,0.1300,0.0000,0.0000,1,ACTIVE,1,5,5
581,11395,16:03:00,0,252.00,0,0.2700,0.1220,0.0000,0.0000,1,ACTIVE,1,5,5
581,11396,16:03:30,0,261.00,0,3.4600,0.2440,0.3160,0.1450,1,ACTIVE,1,5,5
581,11397,16:04:00,0,200.00,0,0.2700,0.1220,0.0000,0.0000,1,ACTIVE,1,5,5
581,11398,16:04:30,0,119.00,0,0.2500,0.1120,0.0000,0.0000,1,ACTIVE,1,5,5
581,11399,16:05:00,0,236.00,0,0.2500,0.1120,0.0000,0.0000,1,ACTIVE,1,5,5
581,11400,16:05:30,0,261.00,0,0.2500,0.1120,0.0000,0.0000,1,ACTIVE,1,5,5
581,11401,16:06:00,0,151.00,0,0.2500,0.1120,0.0000,0.0000,1,ACTIVE,1,5,5
581,11402,16:06:30,0,221.00,0,0.2700,0.1220,0.0000,0.0000,1,ACTIVE,1,5,5
581,11403,16:07:00,0,175.00,0,0.2900,0.1300,0.0000,0.0000,1,ACTIVE,1,5,5
581,11404,16:07:30,0,0.00,0,0.2900,0.1300,0.0000,0.0000,1,ACTIVE,1,5,5
581,11405,16:08:00,0,34.00,0,0.2900,0.1300,0.0000,0.0000,1,ACTIVE,1,5,5
581,11406,16:08:30,0,288.00,0,0.2900,0.1300,0.0000,0.0000,1,ACTIVE,1,5,5
581,11407,16:09:00,0,93.00,0,0.3000,0.1360,0.0000,0.0000,1,ACTIVE,1,5,5
581,11408,16:09:30,0,137.00,0,0.3200,0.1450,0.0000,0.0000,1,ACTIVE,1,5,5
581,11409,16:10:00,0,103.00,0,0.2900,0.1300,0.0000,0.0000,1,ACTIVE,1,5,5
581,11410,16:10:30,0,244.00,0,0.3500,0.1580,0.0000,0.0000,1,ACTIVE,1,5,5
581,11411,16:11:00,0,317.00,0,0.2900,0.1300,0.0000,0.0000,1,ACTIVE,1,5,5
581,11412,16:11:30,0,548.00,0,0.6200,0.1360,0.0347,0.0117,1,ACTIVE,1,5,5
581,11413,16:12:00,0,686.00,0,2.5000,0.3230,0.2000,0.0279,1,ACTIVE,1,5,5
581,11414,16:12:30,0,252.00,0,0.2900,0.1300,0.0000,0.0000,1,ACTIVE,1,5,5
581,11415,16:13:00,0,142.00,0,0.2900,0.1300,0.0000,0.0000,1,ACTIVE,1,5,5
581,11416,16:13:30,0,123.00,0,0.2900,0.1300,0.0000,0.0000,1,ACTIVE,1,5,5
581,11417,16:14:00,0,278.00,0,0.2900,0.1300,0.0000,0.0000,1,ACTIVE,1,5,5
581,11418,16:14:30,0,288.00,0,0.2900,0.1300,0.0000,0.0000,1,ACTIVE,1,5,5
581,11419,16:15:00,0,200.00,0,0.2900,0.1300,0.0000,0.0000,1,ACTIVE,1,5,5
581,11420,16:15:30,0,142.00,0,0.2900,0.1300,0.0000,0.0000,1,ACTIVE,1,5,5
581,11421,16:16:00,0,181.00,0,0.2900,0.1300,0.0000,0.0000,1,ACTIVE,1,5,5
581,11422,16:16:30,0,261.00,0,0.2900,0.1300,0.0000,0.0000,1,ACTIVE,1,5,5
581,11423,16:17:00,0,228.00,0,2.4200,0.9540,0.0347,0.0117,1,ACTIVE,1,5,5
581,11424,16:17:30,0,79.00,0,4.5600,1.0600,0.2440,0.0694,1,ACTIVE,1,5,5
581,11425,16:18:00,0,110.00,0,15.6600,3.4200,0.9130,0.0880,1,ACTIVE,1,5,5
581,11426,16:18:30,0,82.00,0,7.9500,1.9100,0.4190,0.0571,1,ACTIVE,1,5,5
581,11427,16:19:00,0,79.00,0,13.4900,3.0700,0.7510,0.1070,1,ACTIVE,1,5,5
581,11428,16:19:30,0,93.00,0,13.2100,3.0700,0.7200,0.1070,1,ACTIVE,1,5,5
581,11429,16:20:00,0,114.00,0,7.5200,1.6400,0.4370,0.0650,1,ACTIVE,1,5,5
581,11430,16:20:30,0,107.00,0,9.0400,2.1300,0.4870,0.0694,1,ACTIVE,1,5,5
581,11431,16:21:00,0,66.00,0,13.3600,3.2100,0.7040,0.0939,1,ACTIVE,1,5,5
581,11432,16:21:30,0,128.00,0,15.1700,3.5700,0.8200,0.0880,1,ACTIVE,1,5,5
581,11433,16:22:00,0,107.00,0,58.0600,6.1400,5.0600,0.1880,1,ACTIVE,1,5,5
581,11434,16:22:30,0,86.00,0,51.9300,4.6400,4.7400,0.1800,1,ACTIVE,1,5,5
581,11435,16:23:00,0,11.00,0,5.3900,1.5400,0.2230,0.0347,1,ACTIVE,1,5,5
581,11436,16:23:30,0,68.00,0,7.2100,1.9900,0.3160,0.0395,1,ACTIVE,1,5,5
581,11437,16:24:00,0,66.00,0,3.0000,0.6320,0.1760,0.0583,1,ACTIVE,1,5,5
581,11438,16:24:30,0,119.00,0,4.4000,1.3800,0.1510,0.0230,1,ACTIVE,1,5,5
581,11439,16:25:00,0,40.00,0,10.3300,2.5800,0.5200,0.0650,1,ACTIVE,1,5,5
581,11440,16:25:30,0,61.00,0,14.4800,2.8800,0.9130,0.1120,1,ACTIVE,1,5,5
581,11441,16:26:00,0,29.00,0,13.6100,3.0700,0.7680,0.0880,1,ACTIVE,1,5,5
581,11442,16:26:30,0,133.00,0,18.7200,3.2100,1.3200,0.0650,1,ACTIVE,1,5,5
581,11443,16:27:00,0,244.00,0,0.2700,0.1220,0.0000,0.0000,1,ACTIVE,1,5,5
581,11444,16:27:30,0,424.00,0,0.2700,0.1220,0.0000,0.0000,1,ACTIVE,1,5,5
581,11445,16:28:00,0,200.00,0,2.1000,0.5430,0.1000,0.0162,1,ACTIVE,1,5,5
581,11446,16:28:30,0,244.00,0,0.7100,0.3230,0.0000,0.0000,1,ACTIVE,1,5,5
581,11447,16:29:00,0,123.00,0,2.5700,1.0200,0.0347,0.0117,1,ACTIVE,1,5,5
581,11448,16:29:30,0,40.00,0,0.2700,0.1220,0.0000,0.0000,1,ACTIVE,1,5,5
581,11449,16:30:00,0,157.00,0,0.2900,0.1300,0.0000,0.0000,1,ACTIVE,1,5,5
581,11450,16:30:30,0,221.00,0,0.2900,0.1300,0.0000,0.0000,1,ACTIVE,1,5,5
581,11451,16:31:00,0,157.00,0,0.2700,0.1220,0.0000,0.0000,1,ACTIVE,1,5,5
581,11452,16:31:30,0,221.00,0,0.2500,0.1120,0.0000,0.0000,1,ACTIVE,1,5,5
581,11453,16:32:00,0,169.00,0,0.2400,0.1070,0.0000,0.0000,1,ACTIVE,1,5,5
581,11454,16:32:30,0,137.00,0,0.2700,0.1220,0.0000,0.0000,1,ACTIVE,1,5,5
581,11455,16:33:00,0,2.00,0,0.2500,0.1120,0.0000,0.0000,1,ACTIVE,1,5,5
581,11456,16:33:30,0,252.00,0,0.2500,0.1120,0.0000,0.0000,1,ACTIVE,1,5,5
581,11457,16:34:00,0,68.00,0,0.5800,0.1190,0.0347,0.0117,1,ACTIVE,1,5,5
581,11458,16:34:30,0,26.00,0,0.5800,0.1190,0.0347,0.0117,1,ACTIVE,1,5,5
581,11459,16:35:00,0,75.00,0,0.7400,0.1360,0.0501,0.0046,1,ACTIVE,1,5,5
581,11460,16:35:30,0,123.00,0,1.3300,0.1690,0.1050,0.0412,1,ACTIVE,1,5,5
581,11461,16:36:00,0,1.00,0,1.0500,0.1690,0.0756,0.0115,1,ACTIVE,1,5,5
581,11462,16:36:30,0,26.00,0,1.0500,0.1690,0.0756,0.0115,1,ACTIVE,1,5,5
581,11463,16:37:00,0,56.00,0,1.0500,0.1690,0.0756,0.0115,1,ACTIVE,1,5,5
581,11464,16:37:30,0,0.00,0,1.0500,0.1690,0.0756,0.0115,0,ACTIVE,1,5,5
581,11465,16:38:00,0,0.00,0,1.0500,0.1690,0.0756,0.0115,0,ACTIVE,1,5,5
581,11466,16:38:30,0,0.00,0,1.0200,0.1580,0.0756,0.0115,0,ACTIVE,1,5,5
581,11467,16:39:00,0,8.00,0,0.7800,0.1510,0.0501,0.0046,0,ACTIVE,1,5,5
581,11468,16:39:30,0,0.00,0,0.7600,0.1450,0.0501,0.0046,1,ACTIVE,1,5,5
581,11469,16:40:00,0,0.00,0,0.7600,0.1450,0.0501,0.0046,1,ACTIVE,1,5,5
581,11470,16:40:30,0,207.00,0,0.8000,0.2190,0.0347,0.0117,1,ACTIVE,1,5,5
581,11471,16:41:00,0,25.00,0,1.3100,0.3920,0.0501,0.0046,1,ACTIVE,1,5,5
581,11472,16:41:30,0,63.00,0,0.2500,0.1120,0.0000,0.0000,1,ACTIVE,1,5,5
581,11473,16:42:00,0,0.00,0,0.2500,0.1120,0.0000,0.0000,1,ACTIVE,1,5,5
581,11474,16:42:30,0,0.00,0,0.2500,0.1120,0.0000,0.0000,1,ACTIVE,1,5,5
581,11475,16:43:00,0,82.00,0,0.2500,0.1120,0.0000,0.0000,1,ACTIVE,1,5,5
581,11476,16:43:30,0,8.00,0,0.2500,0.1120,0.0000,0.0000,1,ACTIVE,1,5,5
581,11477,16:44:00,0,20.00,0,0.2500,0.1120,0.0000,0.0000,1,ACTIVE,1,5,5
581,11478,16:44:30,0,20.00,0,0.2500,0.1120,0.0000,0.0000,1,ACTIVE,1,5,5
581,11479,16:45:00,0,49.00,0,0.2500,0.1120,0.0000,0.0000,1,ACTIVE,1,5,5
581,11480,16:45:30,0,13.00,0,0.2700,0.1220,0.0000,0.0000,1,ACTIVE,1,5,5
581,11481,16:46:00,0,79.00,0,0.2700,0.1220,0.0000,0.0000,1,ACTIVE,1,5,5
581,11482,16:46:30,0,103.00,0,2.2300,0.7040,0.0756,0.0115,1,ACTIVE,1,5,5
581,11483,16:47:00,0,38.00,0,0.2700,0.1220,0.0000,0.0000,1,ACTIVE,1,5,5
581,11484,16:47:30,0,1.00,0,0.2700,0.1220,0.0000,0.0000,1,ACTIVE,1,5,5
581,11485,16:48:00,0,0.00,0,0.2700,0.1220,0.0000,0.0000,1,ACTIVE,1,5,5
581,11486,16:48:30,0,214.00,0,0.3500,0.1580,0.0000,0.0000,1,ACTIVE,1,5,5
581,11487,16:49:00,0,151.00,0,1.7500,0.4870,0.0756,0.0115,1,ACTIVE,1,5,5
581,11488,16:49:30,0,187.00,0,1.4500,0.4570,0.0501,0.0046,1,ACTIVE,1,5,5
581,11489,16:50:00,0,252.00,0,0.4200,0.1920,0.0000,0.0000,1,ACTIVE,1,5,5
581,11490,16:50:30,0,42.00,0,0.2700,0.1220,0.0000,0.0000,1,ACTIVE,1,5,5
581,11491,16:51:00,0,0.00,0,0.2700,0.1220,0.0000,0.0000,1,ACTIVE,1,5,5
581,11492,16:51:30,0,0.00,0,0.2700,0.1220,0.0000,0.0000,0,ACTIVE,1,5,5
581,11493,16:52:00,0,0.00,0,0.2700,0.1220,0.0000,0.0000,0,ACTIVE,1,5,5
581,11494,16:52:30,0,29.00,0,0.2700,0.1220,0.0000,0.0000,1,ACTIVE,1,5,5
581,11495,16:53:00,0,0.00,0,0.2700,0.1220,0.0000,0.0000,0,ACTIVE,1,5,5
581,11496,16:53:30,0,6.00,0,0.2700,0.1220,0.0000,0.0000,1,ACTIVE,1,5,5
581,11497,16:54:00,0,22.00,0,0.2700,0.1220,0.0000,0.0000,1,ACTIVE,1,5,5
581,11498,16:54:30,0,89.00,0,0.2700,0.1220,0.0000,0.0000,1,ACTIVE,1,5,5
581,11499,16:55:00,0,61.00,0,0.2700,0.1220,0.0000,0.0000,1,ACTIVE,1,5,5
581,11500,16:55:30,0,4.00,0,0.2700,0.1220,0.0000,0.0000,0,ACTIVE,1,5,5
581,11501,16:56:00,0,1.00,0,0.2700,0.1220,0.0000,0.0000,0,ACTIVE,1,5,5
581,11502,16:56:30,0,0.00,0,0.2700,0.1220,0.0000,0.0000,0,ACTIVE,1,5,5
581,11503,16:57:00,0,0.00,0,0.2700,0.1220,0.0000,0.0000,0,ACTIVE,1,5,5
581,11504,16:57:30,0,0.00,0,0.2700,0.1220,0.0000,0.0000,0,ACTIVE,1,5,5
581,11505,16:58:00,0,13.00,0,0.2700,0.1220,0.0000,0.0000,1,ACTIVE,1,5,5
581,11506,16:58:30,0,75.00,0,0.2700,0.1220,0.0000,0.0000,1,ACTIVE,1,5,5
581,11507,16:59:00,0,0.00,0,0.2700,0.1220,0.0000,0.0000,0,ACTIVE,1,5,5
581,11508,16:59:30,0,0.00,0,0.2700,0.1220,0.0000,0.0000,1,ACTIVE,1,5,5
581,11509,17:00:00,0,0.00,0,0.2700,0.1220,0.0000,0.0000,1,ACTIVE,1,5,5
581,11510,17:00:30,0,236.00,0,0.2700,0.1220,0.0000,0.0000,1,ACTIVE,1,5,5
581,11511,17:01:00,0,306.00,0,0.2900,0.1300,0.0000,0.0000,1,ACTIVE,1,5,5
581,11512,17:01:30,0,328.00,0,0.2700,0.1220,0.0000,0.0000,1,ACTIVE,1,5,5
581,11513,17:02:00,0,93.00,0,0.2700,0.1220,0.0000,0.0000,1,ACTIVE,1,5,5
581,11514,17:02:30,0,1.00,0,0.2700,0.1220,0.0000,0.0000,1,ACTIVE,1,5,5
581,11515,17:03:00,0,4.00,0,0.2700,0.1220,0.0000,0.0000,1,ACTIVE,1,5,5
581,11516,17:03:30,0,0.00,0,0.2700,0.1220,0.0000,0.0000,0,ACTIVE,1,5,5
581,11517,17:04:00,0,0.00,0,0.2700,0.1220,0.0000,0.0000,0,ACTIVE,1,5,5
581,11518,17:04:30,0,0.00,0,0.2700,0.1220,0.0000,0.0000,0,ACTIVE,1,5,5
581,11519,17:05:00,0,68.00,0,0.2900,0.1300,0.0000,0.0000,1,ACTIVE,1,5,5
581,11520,17:05:30,0,0.00,0,0.2700,0.1220,0.0000,0.0000,0,ACTIVE,1,5,5
581,11521,17:06:00,0,0.00,0,0.2700,0.1220,0.0000,0.0000,0,ACTIVE,1,5,5
581,11522,17:06:30,0,0.00,0,0.2700,0.1220,0.0000,0.0000,0,ACTIVE,1,5,5
581,11523,17:07:00,0,0.00,0,0.2700,0.1220,0.0000,0.0000,0,ACTIVE,1,5,5
581,11524,17:07:30,0,0.00,0,0.2700,0.1220,0.0000,0.0000,0,ACTIVE,1,5,5
581,11525,17:08:00,0,0.00,0,0.2700,0.1220,0.0000,0.0000,0,ACTIVE,1,5,5
581,11526,17:08:30,0,0.00,0,0.2700,0.1220,0.0000,0.0000,0,ACTIVE,1,5,5
581,11527,17:09:00,0,0.00,0,0.2700,0.1220,0.0000,0.0000,0,ACTIVE,1,5,5
581,11528,17:09:30,0,0.00,0,0.2700,0.1220,0.0000,0.0000,0,ACTIVE,1,5,5
581,11529,17:10:00,0,0.00,0,0.2700,0.1220,0.0000,0.0000,1,ACTIVE,1,5,5
581,11530,17:10:30,0,0.00,0,0.2700,0.1220,0.0000,0.0000,1,ACTIVE,1,5,5
581,11531,17:11:00,0,261.00,0,0.2700,0.1220,0.0000,0.0000,1,ACTIVE,1,5,5
581,11532,17:11:30,0,142.00,0,0.3000,0.1360,0.0000,0.0000,1,ACTIVE,1,5,5
581,11533,17:12:00,0,119.00,0,0.2700,0.1220,0.0000,0.0000,1,ACTIVE,1,5,5
581,11534,17:12:30,0,0.00,0,0.2700,0.1220,0.0000,0.0000,1,ACTIVE,1,5,5
581,11535,17:13:00,0,0.00,0,0.2700,0.1220,0.0000,0.0000,1,ACTIVE,1,5,5
581,11536,17:13:30,0,0.00,0,0.2500,0.1120,0.0000,0.0000,0,ACTIVE,1,5,5
581,11537,17:14:00,0,1.00,0,0.2700,0.1220,0.0000,0.0000,0,ACTIVE,1,5,5
581,11538,17:14:30,0,2.00,0,0.2700,0.1220,0.0000,0.0000,0,ACTIVE,1,5,5
581,11539,17:15:00,0,15.00,0,0.2700,0.1220,0.0000,0.0000,0,ACTIVE,1,5,5
581,11540,17:15:30,0,0.00,0,0.2700,0.1220,0.0000,0.0000,0,ACTIVE,1,5,5
581,11541,17:16:00,0,4.00,0,0.2700,0.1220,0.0000,0.0000,0,ACTIVE,1,5,5
581,11542,17:16:30,0,5.00,0,0.2700,0.1220,0.0000,0.0000,0,ACTIVE,1,5,5
581,11543,17:17:00,0,7.00,0,0.2700,0.1220,0.0000,0.0000,0,ACTIVE,1,5,5
581,11544,17:17:30,0,1.00,0,0.2500,0.1120,0.0000,0.0000,0,ACTIVE,1,5,5
581,11545,17:18:00,0,0.00,0,0.2700,0.1220,0.0000,0.0000,1,ACTIVE,1,5,5
581,11546,17:18:30,0,0.00,0,0.2700,0.1220,0.0000,0.0000,1,ACTIVE,1,5,5
581,11547,17:19:00,0,297.00,0,0.2700,0.1220,0.0000,0.0000,1,ACTIVE,1,5,5
581,11548,17:19:30,0,228.00,0,0.3500,0.1580,0.0000,0.0000,1,ACTIVE,1,5,5
581,11549,17:20:00,0,244.00,0,0.2700,0.1220,0.0000,0.0000,1,ACTIVE,1,5,5
581,11550,17:20:30,0,214.00,0,0.6800,0.2090,0.0251,0.0000,1,ACTIVE,1,5,5
581,11551,17:21:00,0,207.00,0,0.2700,0.1220,0.0000,0.0000,1,ACTIVE,1,5,5
581,11552,17:21:30,0,86.00,0,0.2700,0.1220,0.0000,0.0000,1,ACTIVE,1,5,5
581,11553,17:22:00,0,70.00,0,0.2700,0.1220,0.0000,0.0000,1,ACTIVE,1,5,5
581,11554,17:22:30,0,252.00,0,0.2700,0.1220,0.0000,0.0000,1,ACTIVE,1,5,5
581,11555,17:23:00,0,119.00,0,0.2500,0.1120,0.0000,0.0000,1,ACTIVE,1,5,5
581,11556,17:23:30,0,5.00,0,0.2700,0.1220,0.0000,0.0000,1,ACTIVE,1,5,5
581,11557,17:24:00,0,38.00,0,0.2700,0.1220,0.0000,0.0000,1,ACTIVE,1,5,5
581,11558,17:24:30,0,0.00,0,0.2700,0.1220,0.0000,0.0000,0,ACTIVE,1,5,5
581,11559,17:25:00,0,0.00,0,0.2700,0.1220,0.0000,0.0000,0,ACTIVE,1,5,5
581,11560,17:25:30,0,0.00,0,0.2700,0.1220,0.0000,0.0000,0,ACTIVE,1,5,5
581,11561,17:26:00,0,0.00,0,0.2700,0.1220,0.0000,0.0000,0,ACTIVE,1,5,5
581,11562,17:26:30,0,0.00,0,0.2700,0.1220,0.0000,0.0000,0,ACTIVE,1,5,5
581,11563,17:27:00,0,0.00,0,0.2700,0.1220,0.0000,0.0000,0,ACTIVE,1,5,5
581,11564,17:27:30,0,27.00,0,0.2700,0.1220,0.0000,0.0000,1,ACTIVE,1,5,5
581,11565,17:28:00,0,0.00,0,0.2700,0.1220,0.0000,0.0000,0,ACTIVE,1,5,5
581,11566,17:28:30,0,0.00,0,0.2700,0.1220,0.0000,0.0000,0,ACTIVE,1,5,5
581,11567,17:29:00,0,1.00,0,0.2700,0.1220,0.0000,0.0000,0,ACTIVE,1,5,5
581,11568,17:29:30,0,6.00,0,0.2700,0.1220,0.0000,0.0000,0,ACTIVE,1,5,5
581,11569,17:30:00,0,2.00,0,0.2700,0.1220,0.0000,0.0000,0,ACTIVE,1,5,5
581,11570,17:30:30,0,0.00,0,0.2700,0.1220,0.0000,0.0000,0,ACTIVE,1,5,5
581,11571,17:31:00,0,0.00,0,0.2700,0.1220,0.0000,0.0000,0,ACTIVE,1,5,5
581,11572,17:31:30,0,0.00,0,0.2700,0.1220,0.0000,0.0000,0,ACTIVE,1,5,5
581,11573,17:32:00,0,0.00,0,0.2700,0.1220,0.0000,0.0000,0,ACTIVE,1,5,5
581,11574,17:32:30,0,0.00,0,0.2700,0.1220,0.0000,0.0000,0,ACTIVE,1,5,5
581,11575,17:33:00,0,0.00,0,0.2700,0.1220,0.0000,0.0000,0,ACTIVE,1,5,5
581,11576,17:33:30,0,0.00,0,0.2500,0.1120,0.0000,0.0000,0,ACTIVE,1,5,5
581,11577,17:34:00,0,38.00,0,0.5500,0.1070,0.0347,0.0117,1,ACTIVE,1,5,5
581,11578,17:34:30,0,7.00,0,0.2700,0.1220,0.0000,0.0000,0,ACTIVE,1,5,5
581,11579,17:35:00,0,4.00,0,0.2700,0.1220,0.0000,0.0000,0,ACTIVE,1,5,5
581,11580,17:35:30,0,0.00,0,0.2700,0.1220,0.0000,0.0000,0,ACTIVE,1,5,5
581,11581,17:36:00,0,0.00,0,0.2700,0.1220,0.0000,0.0000,0,ACTIVE,1,5,5
581,11582,17:36:30,0,0.00,0,0.2700,0.1220,0.0000,0.0000,0,ACTIVE,1,5,5
581,11583,17:37:00,0,0.00,0,0.2700,0.1220,0.0000,0.0000,0,ACTIVE,1,5,5
581,11584,17:37:30,0,2.00,0,0.2700,0.1220,0.0000,0.0000,0,ACTIVE,1,5,5
581,11585,17:38:00,0,0.00,0,0.2700,0.1220,0.0000,0.0000,0,ACTIVE,1,5,5
581,11586,17:38:30,0,7.00,0,0.2700,0.1220,0.0000,0.0000,0,ACTIVE,1,5,5
581,11587,17:39:00,0,0.00,0,0.2700,0.1220,0.0000,0.0000,0,ACTIVE,1,5,5
581,11588,17:39:30,0,0.00,0,0.2700,0.1220,0.0000,0.0000,0,ACTIVE,1,5,5
581,11589,17:40:00,0,0.00,0,0.2700,0.1220,0.0000,0.0000,0,ACTIVE,1,5,5
581,11590,17:40:30,0,0.00,0,0.2700,0.1220,0.0000,0.0000,0,ACTIVE,1,5,5
581,11591,17:41:00,0,0.00,0,0.2700,0.1220,0.0000,0.0000,0,ACTIVE,1,5,5
581,11592,17:41:30,0,0.00,0,0.2500,0.1120,0.0000,0.0000,0,ACTIVE,1,5,5
581,11593,17:42:00,0,0.00,0,0.2500,0.1120,0.0000,0.0000,0,ACTIVE,1,5,5
581,11594,17:42:30,0,0.00,0,0.2500,0.1120,0.0000,0.0000,0,ACTIVE,1,5,5
581,11595,17:43:00,0,0.00,0,0.2500,0.1120,0.0000,0.0000,0,ACTIVE,1,5,5
581,11596,17:43:30,0,0.00,0,0.2700,0.1220,0.0000,0.0000,0,ACTIVE,1,5,5
581,11597,17:44:00,0,0.00,0,0.2500,0.1120,0.0000,0.0000,0,ACTIVE,1,5,5
581,11598,17:44:30,0,0.00,0,0.2700,0.1220,0.0000,0.0000,1,ACTIVE,1,5,5
581,11599,17:45:00,0,0.00,0,0.2700,0.1220,0.0000,0.0000,1,ACTIVE,1,5,5
581,11600,17:45:30,0,252.00,0,0.2700,0.1220,0.0000,0.0000,1,ACTIVE,1,5,5
581,11601,17:46:00,0,151.00,0,0.2700,0.1220,0.0000,0.0000,1,ACTIVE,1,5,5
581,11602,17:46:30,0,137.00,0,0.2700,0.1220,0.0000,0.0000,1,ACTIVE,1,5,5
581,11603,17:47:00,0,0.00,0,0.2700,0.1220,0.0000,0.0000,1,ACTIVE,1,5,5
581,11604,17:47:30,0,52.00,0,0.2700,0.1220,0.0000,0.0000,1,ACTIVE,1,5,5
581,11605,17:48:00,0,278.00,0,0.2700,0.1220,0.0000,0.0000,1,ACTIVE,1,5,5
581,11606,17:48:30,0,181.00,0,0.2700,0.1220,0.0000,0.0000,1,ACTIVE,1,5,5
581,11607,17:49:00,0,114.00,0,0.2700,0.1220,0.0000,0.0000,1,ACTIVE,1,5,5
581,11608,17:49:30,0,27.00,0,0.2700,0.1220,0.0000,0.0000,1,ACTIVE,1,5,5
581,11609,17:50:00,0,278.00,0,0.3800,0.1720,0.0000,0.0000,1,ACTIVE,1,5,5
581,11610,17:50:30,0,214.00,0,0.2700,0.1220,0.0000,0.0000,1,ACTIVE,1,5,5
581,11611,17:51:00,0,244.00,0,0.2500,0.1120,0.0000,0.0000,1,ACTIVE,1,5,5
581,11612,17:51:30,0,244.00,0,0.2500,0.1120,0.0000,0.0000,1,ACTIVE,1,5,5
581,11613,17:52:00,0,200.00,0,0.2500,0.1120,0.0000,0.0000,1,ACTIVE,1,5,5
581,11614,17:52:30,0,236.00,0,0.2500,0.1120,0.0000,0.0000,1,ACTIVE,1,5,5
581,11615,17:53:00,0,269.00,0,0.2500,0.1120,0.0000,0.0000,1,ACTIVE,1,5,5
581,11616,17:53:30,0,338.00,0,0.2500,0.1120,0.0000,0.0000,1,ACTIVE,1,5,5
581,11617,17:54:00,0,236.00,0,0.2500,0.1120,0.0000,0.0000,1,ACTIVE,1,5,5
581,11618,17:54:30,0,187.00,0,0.2500,0.1120,0.0000,0.0000,1,ACTIVE,1,5,5
581,11619,17:55:00,0,157.00,0,0.2400,0.1070,0.0000,0.0000,1,ACTIVE,1,5,5
581,11620,17:55:30,0,221.00,0,0.2400,0.1070,0.0000,0.0000,1,ACTIVE,1,5,5
581,11621,17:56:00,0,228.00,0,0.2400,0.1070,0.0000,0.0000,1,ACTIVE,1,5,5
581,11622,17:56:30,0,261.00,0,0.2400,0.1070,0.0000,0.0000,1,ACTIVE,1,5,5
581,11623,17:57:00,0,252.00,0,0.2400,0.1070,0.0000,0.0000,1,ACTIVE,1,5,5
581,11624,17:57:30,0,221.00,0,0.2400,0.1070,0.0000,0.0000,1,ACTIVE,1,5,5
581,11625,17:58:00,0,193.00,0,0.2400,0.1070,0.0000,0.0000,1,ACTIVE,1,5,5
581,11626,17:58:30,0,328.00,0,0.2400,0.1070,0.0000,0.0000,1,ACTIVE,1,5,5
581,11627,17:59:00,0,142.00,0,0.2400,0.1070,0.0000,0.0000,1,ACTIVE,1,5,5
581,11628,17:59:30,0,133.00,0,0.2400,0.1070,0.0000,0.0000,1,ACTIVE,1,5,5
581,11629,18:00:00,0,398.00,0,1.0300,0.3230,0.0347,0.0117,1,ACTIVE,1,5,5
581,11630,18:00:30,0,385.00,0,1.8200,0.5200,0.0756,0.0115,1,ACTIVE,1,5,5
581,11631,18:01:00,0,221.00,0,7.1200,2.3200,0.2230,0.0347,1,ACTIVE,1,5,5
581,11632,18:01:30,0,187.00,0,0.2400,0.1070,0.0000,0.0000,1,ACTIVE,1,5,5
581,11633,18:02:00,0,114.00,0,0.2900,0.1300,0.0000,0.0000,1,ACTIVE,1,5,5
581,11634,18:02:30,0,686.00,0,71.1400,8.6900,5.5100,3.3500,1,ACTIVE,1,5,5
581,11635,18:03:00,0,151.00,0,231.3400,36.3000,16.6000,4.9500,1,ACTIVE,1,5,5
581,11636,18:03:30,0,110.00,0,486.2400,74.2000,35.5000,10.3000,1,ACTIVE,1,5,5
581,11637,18:04:00,0,133.00,0,180.0900,34.0000,11.8000,1.7100,1,ACTIVE,1,5,5
581,11638,18:04:30,0,79.00,0,41.1800,10.8000,1.9500,0.2440,1,ACTIVE,1,5,5
581,11639,18:05:00,0,114.00,0,0.2500,0.1120,0.0000,0.0000,1,ACTIVE,1,5,5
581,11640,18:05:30,0,59.00,0,0.2500,0.1120,0.0000,0.0000,1,ACTIVE,1,5,5
581,11641,18:06:00,0,73.00,0,40.6800,11.5000,1.7100,0.2190,1,ACTIVE,1,5,5
581,11642,18:06:30,0,45.00,0,41.2100,11.8000,1.7100,0.2000,1,ACTIVE,1,5,5
581,11643,18:07:00,0,123.00,0,42.3900,12.3000,1.7100,0.2190,1,ACTIVE,1,5,5
581,11644,18:07:30,0,123.00,0,55.5900,14.3000,2.7000,0.3300,1,ACTIVE,1,5,5
581,11645,18:08:00,0,385.00,0,21.0000,4.5400,1.2400,0.1300,1,ACTIVE,1,5,5
581,11646,18:08:30,0,133.00,0,21.9700,4.8400,1.2600,0.1800,1,ACTIVE,1,5,5
581,11647,18:09:00,0,187.00,0,14.6900,5.5100,0.2770,0.0694,1,ACTIVE,1,5,5
581,11648,18:09:30,0,7.00,0,0.2500,0.1120,0.0000,0.0000,1,ACTIVE,1,5,5
581,11649,18:10:00,0,66.00,0,0.2400,0.1070,0.0000,0.0000,1,ACTIVE,1,5,5
581,11650,18:10:30,0,123.00,0,229.2100,27.4000,18.5000,5.7600,1,ACTIVE,1,5,5
581,11651,18:11:00,0,19.00,0,55.3200,14.0000,2.7600,0.2280,1,ACTIVE,1,5,5
581,11652,18:11:30,0,123.00,0,0.3800,0.1720,0.0000,0.0000,1,ACTIVE,1,5,5
581,11653,18:12:00,0,38.00,0,8.5100,3.4200,0.1050,0.0292,1,ACTIVE,1,5,5
581,11654,18:12:30,0,0.00,0,0.2700,0.1220,0.0000,0.0000,1,ACTIVE,1,5,5
581,11655,18:13:00,0,14.00,0,27.8700,8.6900,0.9750,0.1240,1,ACTIVE,1,5,5
581,11656,18:13:30,0,0.00,0,0.2700,0.1220,0.0000,0.0000,0,ACTIVE,1,5,5
581,11657,18:14:00,0,5.00,0,0.2700,0.1220,0.0000,0.0000,0,ACTIVE,1,5,5
581,11658,18:14:30,0,12.00,0,22.4800,7.1500,0.7510,0.0880,1,ACTIVE,1,5,5
581,11659,18:15:00,0,4.00,0,0.2700,0.1220,0.0000,0.0000,1,ACTIVE,1,5,5
581,11660,18:15:30,0,73.00,0,0.2700,0.1220,0.0000,0.0000,1,ACTIVE,1,5,5
581,11661,18:16:00,0,133.00,0,0.2900,0.1300,0.0000,0.0000,1,ACTIVE,1,5,5
581,11662,18:16:30,0,73.00,0,0.2900,0.1300,0.0000,0.0000,1,ACTIVE,1,5,5
581,11663,18:17:00,0,49.00,0,11.1400,3.9000,0.2770,0.0880,1,ACTIVE,1,5,5
581,11664,18:17:30,0,70.00,0,0.8000,0.2190,0.0347,0.0117,1,ACTIVE,1,5,5
581,11665,18:18:00,0,42.00,0,6.2000,1.9100,0.2230,0.0230,1,ACTIVE,1,5,5
581,11666,18:18:30,0,82.00,0,2.2300,0.7040,0.0756,0.0115,1,ACTIVE,1,5,5
581,11667,18:19:00,0,151.00,0,7.3300,2.3200,0.2490,0.0230,1,ACTIVE,1,5,5
581,11668,18:19:30,0,103.00,0,3.2000,0.7200,0.1760,0.0583,1,ACTIVE,1,5,5
581,11669,18:20:00,0,73.00,0,1.0800,0.2900,0.0501,0.0046,1,ACTIVE,1,5,5
581,11670,18:20:30,0,23.00,0,1.1300,0.3680,0.0347,0.0117,1,ACTIVE,1,5,5
581,11671,18:21:00,0,0.00,0,0.3800,0.1720,0.0000,0.0000,1,ACTIVE,1,5,5
581,11672,18:21:30,0,63.00,0,0.4200,0.1920,0.0000,0.0000,1,ACTIVE,1,5,5
581,11673,18:22:00,0,2.00,0,0.8000,0.2190,0.0347,0.0117,0,ACTIVE,1,5,5
581,11674,18:22:30,0,20.00,0,0.4700,0.2140,0.0000,0.0000,1,ACTIVE,1,5,5
581,11675,18:23:00,0,29.00,0,1.4200,0.3520,0.0694,0.0292,1,ACTIVE,1,5,5
581,11676,18:23:30,0,23.00,0,1.3800,0.3370,0.0694,0.0292,1,ACTIVE,1,5,5
581,11677,18:24:00,0,14.00,0,1.0100,0.3160,0.0347,0.0117,1,ACTIVE,1,5,5
581,11678,18:24:30,0,0.00,0,0.6000,0.2720,0.0000,0.0000,0,ACTIVE,1,5,5
581,11679,18:25:00,0,0.00,0,0.5400,0.2440,0.0000,0.0000,0,ACTIVE,1,5,5
581,11680,18:25:30,0,59.00,0,19.7000,4.3400,1.1300,0.1550,1,ACTIVE,1,5,5
581,11681,18:26:00,0,26.00,0,2.2600,0.5200,0.1240,0.0162,1,ACTIVE,1,5,5
581,11682,18:26:30,0,0.00,0,0.6100,0.2770,0.0000,0.0000,0,ACTIVE,1,5,5
581,11683,18:27:00,0,0.00,0,0.4500,0.2050,0.0000,0.0000,0,ACTIVE,1,5,5
581,11684,18:27:30,0,61.00,0,0.4300,0.1960,0.0000,0.0000,1,ACTIVE,1,5,5
581,11685,18:28:00,0,16.00,0,6.8400,1.5700,0.3840,0.0115,1,ACTIVE,1,5,5
581,11686,18:28:30,0,38.00,0,0.8100,0.2660,0.0251,0.0000,1,ACTIVE,1,5,5
581,11687,18:29:00,0,0.00,0,0.4200,0.1920,0.0000,0.0000,0,ACTIVE,1,5,5
581,11688,18:29:30,0,0.00,0,0.4000,0.1800,0.0000,0.0000,0,ACTIVE,1,5,5
581,11689,18:30:00,0,13.00,0,0.3600,0.1650,0.0000,0.0000,0,ACTIVE,1,5,5
581,11690,18:30:30,0,38.00,0,0.3200,0.1450,0.0000,0.0000,1,ACTIVE,1,5,5
581,11691,18:31:00,0,8.00,0,0.3000,0.1360,0.0000,0.0000,1,ACTIVE,1,5,5
581,11692,18:31:30,0,35.00,0,0.3500,0.1580,0.0000,0.0000,1,ACTIVE,1,5,5
581,11693,18:32:00,0,1.00,0,0.3800,0.1720,0.0000,0.0000,1,ACTIVE,1,5,5
581,11694,18:32:30,0,181.00,0,0.3600,0.1650,0.0000,0.0000,1,ACTIVE,1,5,5
581,11695,18:33:00,0,0.00,0,0.3200,0.1450,0.0000,0.0000,1,ACTIVE,1,5,5
581,11696,18:33:30,0,0.00,0,0.3000,0.1360,0.0000,0.0000,1,ACTIVE,1,5,5
581,11697,18:34:00,0,0.00,0,0.3200,0.1450,0.0000,0.0000,0,ACTIVE,1,5,5
581,11698,18:34:30,0,54.00,0,0.3600,0.1650,0.0000,0.0000,1,ACTIVE,1,5,5
581,11699,18:35:00,0,45.00,0,0.3800,0.1720,0.0000,0.0000,1,ACTIVE,1,5,5
581,11700,18:35:30,0,0.00,0,0.3000,0.1360,0.0000,0.0000,0,ACTIVE,1,5,5
581,11701,18:36:00,0,0.00,0,0.2900,0.1300,0.0000,0.0000,1,ACTIVE,1,5,5
581,11702,18:36:30,0,18.00,0,0.2900,0.1300,0.0000,0.0000,1,ACTIVE,1,5,5
581,11703,18:37:00,0,103.00,0,0.3800,0.1720,0.0000,0.0000,1,ACTIVE,1,5,5
581,11704,18:37:30,0,214.00,0,0.3000,0.1360,0.0000,0.0000,1,ACTIVE,1,5,5
581,11705,18:38:00,0,133.00,0,0.3600,0.1650,0.0000,0.0000,1,ACTIVE,1,5,5
581,11706,18:38:30,0,23.00,0,0.3800,0.1720,0.0000,0.0000,1,ACTIVE,1,5,5
581,11707,18:39:00,0,66.00,0,0.3500,0.1580,0.0000,0.0000,1,ACTIVE,1,5,5
581,11708,18:39:30,0,36.00,0,0.3500,0.1580,0.0000,0.0000,1,ACTIVE,1,5,5
581,11709,18:40:00,0,45.00,0,0.3500,0.1580,0.0000,0.0000,1,ACTIVE,1,5,5
581,11710,18:40:30,0,42.00,0,0.3000,0.1360,0.0000,0.0000,1,ACTIVE,1,5,5
581,11711,18:41:00,0,82.00,0,0.2900,0.1300,0.0000,0.0000,1,ACTIVE,1,5,5
581,11712,18:41:30,0,47.00,0,0.2900,0.1300,0.0000,0.0000,1,ACTIVE,1,5,5
581,11713,18:42:00,0,66.00,0,0.3500,0.1580,0.0000,0.0000,1,ACTIVE,1,5,5
581,11714,18:42:30,0,82.00,0,3.4300,1.2600,0.0694,0.0292,1,ACTIVE,1,5,5
581,11715,18:43:00,0,47.00,0,0.7200,0.2280,0.0251,0.0000,1,ACTIVE,1,5,5
581,11716,18:43:30,0,128.00,0,8.8400,3.1400,0.2090,0.0583,1,ACTIVE,1,5,5
581,11717,18:44:00,0,147.00,0,1.2400,0.4190,0.0347,0.0117,1,ACTIVE,1,5,5
581,11718,18:44:30,0,100.00,0,0.4700,0.2140,0.0000,0.0000,1,ACTIVE,1,5,5
581,11719,18:45:00,0,31.00,0,0.7000,0.2190,0.0251,0.0000,1,ACTIVE,1,5,5
581,11720,18:45:30,0,38.00,0,0.6100,0.2720,0.0000,0.0117,1,ACTIVE,1,5,5
581,11721,18:46:00,0,35.00,0,1.8600,0.4370,0.1000,0.0115,1,ACTIVE,1,5,5
581,11722,18:46:30,0,36.00,0,3.9200,0.8750,0.2230,0.0279,1,ACTIVE,1,5,5
581,11723,18:47:00,0,8.00,0,0.3800,0.1720,0.0000,0.0000,1,ACTIVE,1,5,5
581,11724,18:47:30,0,13.00,0,0.3800,0.1720,0.0000,0.0000,1,ACTIVE,1,5,5
581,11725,18:48:00,0,70.00,0,0.8100,0.2230,0.0347,0.0117,1,ACTIVE,1,5,5
581,11726,18:48:30,0,34.00,0,0.6400,0.2900,0.0000,0.0000,1,ACTIVE,1,5,5
581,11727,18:49:00,0,40.00,0,0.4800,0.2190,0.0000,0.0000,1,ACTIVE,1,5,5
581,11728,18:49:30,0,27.00,0,0.3600,0.1650,0.0000,0.0000,1,ACTIVE,1,5,5
581,11729,18:50:00,0,137.00,0,17.8200,6.0100,0.5090,0.0694,1,ACTIVE,1,5,5
581,11730,18:50:30,0,31.00,0,0.5000,0.2280,0.0000,0.0000,1,ACTIVE,1,5,5
581,11731,18:51:00,0,40.00,0,0.5000,0.2280,0.0000,0.0000,1,ACTIVE,1,5,5
581,11732,18:51:30,0,16.00,0,0.6000,0.2720,0.0000,0.0000,1,ACTIVE,1,5,5
581,11733,18:52:00,0,49.00,0,6.2300,0.7200,0.5090,0.1650,1,ACTIVE,1,5,5
581,11734,18:52:30,0,73.00,0,5.1500,1.3200,0.2440,0.0880,1,ACTIVE,1,5,5
581,11735,18:53:00,0,29.00,0,21.7400,3.0100,1.7100,0.0939,1,ACTIVE,1,5,5
581,11736,18:53:30,0,6.00,0,25.0400,2.3200,2.2700,0.0460,1,ACTIVE,1,5,5
581,11737,18:54:00,0,6.00,0,1.2100,0.3450,0.0501,0.0046,1,ACTIVE,1,5,5
581,11738,18:54:30,0,123.00,0,12.4600,3.2100,0.6050,0.0650,1,ACTIVE,1,5,5
581,11739,18:55:00,0,59.00,0,29.6000,9.4700,0.9750,0.1120,1,ACTIVE,1,5,5
581,11740,18:55:30,0,114.00,0,29.5200,4.4400,2.1700,0.6320,1,ACTIVE,1,5,5
581,11741,18:56:00,0,96.00,0,29.9400,7.6300,1.4700,0.1840,1,ACTIVE,1,5,5
581,11742,18:56:30,0,123.00,0,33.1100,7.3100,1.9100,0.2380,1,ACTIVE,1,5,5
581,11743,18:57:00,0,15.00,0,15.0400,3.7300,0.7680,0.0571,1,ACTIVE,1,5,5
581,11744,18:57:30,0,27.00,0,25.4900,6.0100,1.3800,0.1240,1,ACTIVE,1,5,5
581,11745,18:58:00,0,157.00,0,12.3900,4.0700,0.3840,0.0279,1,ACTIVE,1,5,5
581,11746,18:58:30,0,103.00,0,1.1400,0.3160,0.0501,0.0046,1,ACTIVE,1,5,5
581,11747,18:59:00,0,35.00,0,4.3400,0.6180,0.3160,0.1920,1,ACTIVE,1,5,5
581,11748,18:59:30,0,107.00,0,1.5400,0.4100,0.0694,0.0292,1,ACTIVE,1,5,5
581,11749,19:00:00,0,82.00,0,0.8700,0.2490,0.0347,0.0117,1,ACTIVE,1,5,5
581,11750,19:00:30,0,21.00,0,0.7800,0.2090,0.0347,0.0117,1,ACTIVE,1,5,5
581,11751,19:01:00,0,49.00,0,1.8300,0.2190,0.1510,0.0162,1,ACTIVE,1,5,5
581,11752,19:01:30,0,25.00,0,0.3300,0.1450,0.0000,0.0117,1,ACTIVE,1,5,5
581,11753,19:02:00,0,123.00,0,20.1900,6.4200,0.6740,0.0939,1,ACTIVE,1,5,5
581,11754,19:02:30,0,128.00,0,0.4300,0.1960,0.0000,0.0000,1,ACTIVE,1,5,5
581,11755,19:03:00,0,119.00,0,8.5700,3.0100,0.2090,0.0880,1,ACTIVE,1,5,5
581,11756,19:03:30,0,59.00,0,1.1400,0.2280,0.0694,0.0292,1,ACTIVE,1,5,5
581,11757,19:04:00,0,82.00,0,1.1800,0.2440,0.0694,0.0292,1,ACTIVE,1,5,5
581,11758,19:04:30,0,56.00,0,1.4700,0.3760,0.0694,0.0292,1,ACTIVE,1,5,5
581,11759,19:05:00,0,27.00,0,1.0800,0.3450,0.0347,0.0117,1,ACTIVE,1,5,5
581,11760,19:05:30,0,89.00,0,0.5200,0.2090,0.0024,0.0354,1,ACTIVE,1,5,5
581,11761,19:06:00,0,107.00,0,1.2700,0.3760,0.0501,0.0046,1,ACTIVE,1,5,5
581,11762,19:06:30,0,96.00,0,1.0800,0.3450,0.0347,0.0117,1,ACTIVE,1,5,5
581,11763,19:07:00,0,93.00,0,1.1800,0.3920,0.0347,0.0117,1,ACTIVE,1,5,5
581,11764,19:07:30,0,33.00,0,1.4100,0.4370,0.0501,0.0046,1,ACTIVE,1,5,5
581,11765,19:08:00,0,278.00,0,1.3100,0.2900,0.0756,0.0046,1,ACTIVE,1,5,5
581,11766,19:08:30,0,86.00,0,0.3800,0.1720,0.0000,0.0000,1,ACTIVE,1,5,5
581,11767,19:09:00,0,96.00,0,0.7400,0.1920,0.0347,0.0117,1,ACTIVE,1,5,5
581,11768,19:09:30,0,4.00,0,0.3800,0.1720,0.0000,0.0000,1,ACTIVE,1,5,5
581,11769,19:10:00,0,23.00,0,0.3800,0.1720,0.0000,0.0000,1,ACTIVE,1,5,5
581,11770,19:10:30,0,0.00,0,0.3600,0.1650,0.0000,0.0000,0,ACTIVE,1,5,5
581,11771,19:11:00,0,1.00,0,0.3600,0.1650,0.0000,0.0000,0,ACTIVE,1,5,5
581,11772,19:11:30,0,0.00,0,0.3600,0.1650,0.0000,0.0000,0,ACTIVE,1,5,5
581,11773,19:12:00,0,0.00,0,0.3600,0.1650,0.0000,0.0000,0,ACTIVE,1,5,5
581,11774,19:12:30,0,0.00,0,0.3800,0.1720,0.0000,0.0000,0,ACTIVE,1,5,5
581,11775,19:13:00,0,0.00,0,0.3600,0.1650,0.0000,0.0000,0,ACTIVE,1,5,5
581,11776,19:13:30,0,0.00,0,0.3800,0.1720,0.0000,0.0000,0,ACTIVE,1,5,5
581,11777,19:14:00,0,7.00,0,0.3800,0.1720,0.0000,0.0000,0,ACTIVE,1,5,5
581,11778,19:14:30,0,7.00,0,0.3800,0.1720,0.0000,0.0000,0,ACTIVE,1,5,5
581,11779,19:15:00,0,42.00,0,0.4000,0.1800,0.0000,0.0000,1,ACTIVE,1,5,5
581,11780,19:15:30,0,0.00,0,0.4500,0.1960,0.0000,0.0117,0,ACTIVE,1,5,5
581,11781,19:16:00,0,5.00,0,0.4000,0.1800,0.0000,0.0000,0,ACTIVE,1,5,5
581,11782,19:16:30,0,0.00,0,0.3500,0.1580,0.0000,0.0000,0,ACTIVE,1,5,5
581,11783,19:17:00,0,1.00,0,0.3500,0.1580,0.0000,0.0000,0,ACTIVE,1,5,5
581,11784,19:17:30,0,1.00,0,0.3000,0.1360,0.0000,0.0000,0,ACTIVE,1,5,5
581,11785,19:18:00,0,0.00,0,0.3000,0.1360,0.0000,0.0000,0,ACTIVE,1,5,5
581,11786,19:18:30,0,8.00,0,0.3000,0.1360,0.0000,0.0000,0,ACTIVE,1,5,5
581,11787,19:19:00,0,6.00,0,0.3000,0.1360,0.0000,0.0000,0,ACTIVE,1,5,5
581,11788,19:19:30,0,0.00,0,0.3000,0.1360,0.0000,0.0000,0,ACTIVE,1,5,5
581,11789,19:20:00,0,12.00,0,0.3000,0.1360,0.0000,0.0000,0,ACTIVE,1,5,5
581,11790,19:20:30,0,0.00,0,0.3000,0.1360,0.0000,0.0000,0,ACTIVE,1,5,5
581,11791,19:21:00,0,0.00,0,0.3100,0.1360,0.0000,0.0117,0,ACTIVE,1,5,5
581,11792,19:21:30,0,1.00,0,0.3000,0.1360,0.0000,0.0000,0,ACTIVE,1,5,5
581,11793,19:22:00,0,89.00,0,0.3200,0.1450,0.0000,0.0000,1,ACTIVE,1,5,5
581,11794,19:22:30,0,0.00,0,0.2900,0.1300,0.0000,0.0000,0,ACTIVE,1,5,5
581,11795,19:23:00,0,0.00,0,0.2900,0.1300,0.0000,0.0000,0,ACTIVE,1,5,5
581,11796,19:23:30,0,0.00,0,0.2800,0.1220,0.0000,0.0117,0,ACTIVE,1,5,5
581,11797,19:24:00,0,0.00,0,0.2900,0.1300,0.0000,0.0000,0,ACTIVE,1,5,5
581,11798,19:24:30,0,0.00,0,0.3000,0.1300,0.0000,0.0117,0,ACTIVE,1,5,5
581,11799,19:25:00,0,7.00,0,0.2900,0.1300,0.0000,0.0000,0,ACTIVE,1,5,5
581,11800,19:25:30,0,45.00,0,0.3600,0.1580,0.0000,0.0117,1,ACTIVE,1,5,5
581,11801,19:26:00,0,23.00,0,0.3000,0.1300,0.0000,0.0117,1,ACTIVE,1,5,5
581,11802,19:26:30,0,19.00,0,0.2700,0.1220,0.0000,0.0000,1,ACTIVE,1,5,5
581,11803,19:27:00,0,66.00,0,0.6500,0.1510,0.0347,0.0117,1,ACTIVE,1,5,5
581,11804,19:27:30,0,61.00,0,0.3200,0.1450,0.0000,0.0000,1,ACTIVE,1,5,5
581,11805,19:28:00,0,16.00,0,0.3000,0.1360,0.0000,0.0000,1,ACTIVE,1,5,5
581,11806,19:28:30,0,0.00,0,0.3800,0.1650,0.0000,0.0117,0,ACTIVE,1,5,5
581,11807,19:29:00,0,21.00,0,0.3300,0.1450,0.0000,0.0117,1,ACTIVE,1,5,5
581,11808,19:29:30,0,27.00,0,0.3000,0.1300,0.0000,0.0117,1,ACTIVE,1,5,5
581,11809,19:30:00,0,61.00,0,0.7400,0.1920,0.0347,0.0117,1,ACTIVE,1,5,5
581,11810,19:30:30,0,73.00,0,0.4800,0.1190,0.0251,0.0000,1,ACTIVE,1,5,5
581,11811,19:31:00,0,11.00,0,0.2700,0.1220,0.0000,0.0000,1,ACTIVE,1,5,5
581,11812,19:31:30,0,7.00,0,0.2700,0.1220,0.0000,0.0000,1,ACTIVE,1,5,5
581,11813,19:32:00,0,86.00,0,0.4800,0.1190,0.0251,0.0000,1,ACTIVE,1,5,5
581,11814,19:32:30,0,15.00,0,0.6000,0.1300,0.0347,0.0117,1,ACTIVE,1,5,5
581,11815,19:33:00,0,8.00,0,0.6000,0.1300,0.0347,0.0117,1,ACTIVE,1,5,5
581,11816,19:33:30,0,49.00,0,1.0000,0.3160,0.0347,0.0000,1,ACTIVE,1,5,5
581,11817,19:34:00,0,12.00,0,0.6400,0.1450,0.0347,0.0117,1,ACTIVE,1,5,5
581,11818,19:34:30,0,12.00,0,0.3000,0.1360,0.0000,0.0000,1,ACTIVE,1,5,5
581,11819,19:35:00,0,169.00,0,0.7100,0.1800,0.0347,0.0117,1,ACTIVE,1,5,5
581,11820,19:35:30,0,6.00,0,0.3000,0.1300,0.0000,0.0117,1,ACTIVE,1,5,5
581,11821,19:36:00,0,22.00,0,0.3000,0.1360,0.0000,0.0000,1,ACTIVE,1,5,5
581,11822,19:36:30,0,75.00,0,0.3000,0.1360,0.0000,0.0000,1,ACTIVE,1,5,5
581,11823,19:37:00,0,0.00,0,0.3100,0.1360,0.0000,0.0117,0,ACTIVE,1,5,5
581,11824,19:37:30,0,0.00,0,0.4800,0.1190,0.0251,0.0000,0,ACTIVE,1,5,5
581,11825,19:38:00,0,0.00,0,0.3100,0.1360,0.0000,0.0117,0,ACTIVE,1,5,5
581,11826,19:38:30,0,0.00,0,0.3000,0.1360,0.0000,0.0000,0,ACTIVE,1,5,5
581,11827,19:39:00,0,1.00,0,0.5800,0.1190,0.0347,0.0117,0,ACTIVE,1,5,5
581,11828,19:39:30,0,0.00,0,0.3000,0.1300,0.0000,0.0117,0,ACTIVE,1,5,5
581,11829,19:40:00,0,0.00,0,0.5700,0.1140,0.0347,0.0117,0,ACTIVE,1,5,5
581,11830,19:40:30,0,0.00,0,0.2700,0.1220,0.0000,0.0000,0,ACTIVE,1,5,5
581,11831,19:41:00,0,0.00,0,0.3300,0.1450,0.0000,0.0117,0,ACTIVE,1,5,5
581,11832,19:41:30,0,18.00,0,0.7100,0.1800,0.0347,0.0117,1,ACTIVE,1,5,5
581,11833,19:42:00,0,38.00,0,0.6200,0.1360,0.0347,0.0117,1,ACTIVE,1,5,5
581,11834,19:42:30,0,52.00,0,0.5100,0.1300,0.0251,0.0000,1,ACTIVE,1,5,5
581,11835,19:43:00,0,0.00,0,0.5100,0.1300,0.0251,0.0000,1,ACTIVE,1,5,5
581,11836,19:43:30,0,89.00,0,0.3000,0.1360,0.0000,0.0000,1,ACTIVE,1,5,5
581,11837,19:44:00,0,33.00,0,0.5200,0.1360,0.0251,0.0000,1,ACTIVE,1,5,5
581,11838,19:44:30,0,28.00,0,0.3000,0.1360,0.0000,0.0000,1,ACTIVE,1,5,5
581,11839,19:45:00,0,68.00,0,0.3200,0.1450,0.0000,0.0000,1,ACTIVE,1,5,5
581,11840,19:45:30,0,59.00,0,0.3000,0.1360,0.0000,0.0000,1,ACTIVE,1,5,5
581,11841,19:46:00,0,89.00,0,0.6900,0.1690,0.0347,0.0117,1,ACTIVE,1,5,5
581,11842,19:46:30,0,142.00,0,0.2900,0.1300,0.0000,0.0000,1,ACTIVE,1,5,5
581,11843,19:47:00,0,38.00,0,0.3000,0.1360,0.0000,0.0000,1,ACTIVE,1,5,5
581,11844,19:47:30,0,110.00,0,0.3000,0.1300,0.0000,0.0117,1,ACTIVE,1,5,5
581,11845,19:48:00,0,147.00,0,0.5100,0.1300,0.0251,0.0000,1,ACTIVE,1,5,5
581,11846,19:48:30,0,163.00,0,0.5100,0.1300,0.0251,0.0000,1,ACTIVE,1,5,5
581,11847,19:49:00,0,133.00,0,0.8700,0.1920,0.0501,0.0046,1,ACTIVE,1,5,5
581,11848,19:49:30,0,338.00,0,0.7400,0.1920,0.0347,0.0117,1,ACTIVE,1,5,5
581,11849,19:50:00,0,63.00,0,0.3000,0.1300,0.0000,0.0117,1,ACTIVE,1,5,5
581,11850,19:50:30,0,269.00,0,0.6000,0.1300,0.0347,0.0117,1,ACTIVE,1,5,5
581,11851,19:51:00,0,328.00,0,0.3000,0.1300,0.0000,0.0117,1,ACTIVE,1,5,5
581,11852,19:51:30,0,181.00,0,0.4600,0.1070,0.0251,0.0000,1,ACTIVE,1,5,5
581,11853,19:52:00,0,214.00,0,0.2800,0.1220,0.0000,0.0117,1,ACTIVE,1,5,5
581,11854,19:52:30,0,244.00,0,0.2700,0.1220,0.0000,0.0000,1,ACTIVE,1,5,5
581,11855,19:53:00,0,362.00,0,0.2700,0.1220,0.0000,0.0000,1,ACTIVE,1,5,5
581,11856,19:53:30,0,350.00,0,0.2700,0.1220,0.0000,0.0000,1,ACTIVE,1,5,5
581,11857,19:54:00,0,317.00,0,0.2700,0.1220,0.0000,0.0000,1,ACTIVE,1,5,5
581,11858,19:54:30,0,350.00,0,0.2700,0.1220,0.0000,0.0000,1,ACTIVE,1,5,5
581,11859,19:55:00,0,338.00,0,0.2700,0.1220,0.0000,0.0000,1,ACTIVE,1,5,5
581,11860,19:55:30,0,411.00,0,0.2500,0.1120,0.0000,0.0000,1,ACTIVE,1,5,5
581,11861,19:56:00,0,328.00,0,0.2500,0.1120,0.0000,0.0000,1,ACTIVE,1,5,5
581,11862,19:56:30,0,297.00,0,0.2500,0.1120,0.0000,0.0000,1,ACTIVE,1,5,5
581,11863,19:57:00,0,350.00,0,0.2500,0.1120,0.0000,0.0000,1,ACTIVE,1,5,5
581,11864,19:57:30,0,385.00,0,0.2500,0.1120,0.0000,0.0000,1,ACTIVE,1,5,5
581,11865,19:58:00,0,483.00,0,0.2500,0.1120,0.0000,0.0000,1,ACTIVE,1,5,5
581,11866,19:58:30,0,328.00,0,0.2500,0.1120,0.0000,0.0000,1,ACTIVE,1,5,5
581,11867,19:59:00,0,128.00,0,0.2400,0.1070,0.0000,0.0000,1,ACTIVE,1,5,5
581,11868,19:59:30,0,350.00,0,0.2500,0.1120,0.0000,0.0000,1,ACTIVE,1,5,5
581,11869,20:00:00,0,269.00,0,0.2500,0.1120,0.0000,0.0000,1,ACTIVE,1,5,5
581,11870,20:00:30,0,45.00,0,0.2500,0.1120,0.0000,0.0000,1,ACTIVE,1,5,5
581,11871,20:01:00,0,147.00,0,0.2500,0.1120,0.0000,0.0000,1,ACTIVE,1,5,5
581,11872,20:01:30,0,452.00,0,0.2500,0.1120,0.0000,0.0000,1,ACTIVE,1,5,5
581,11873,20:02:00,0,214.00,0,0.2500,0.1120,0.0000,0.0000,1,ACTIVE,1,5,5
581,11874,20:02:30,0,82.00,0,0.4000,0.1800,0.0000,0.0000,1,ACTIVE,1,5,5
581,11875,20:03:00,0,32.00,0,0.2500,0.1120,0.0000,0.0000,1,ACTIVE,1,5,5
581,11876,20:03:30,0,63.00,0,0.2500,0.1120,0.0000,0.0000,1,ACTIVE,1,5,5
581,11877,20:04:00,0,123.00,0,0.2500,0.1120,0.0000,0.0000,1,ACTIVE,1,5,5
581,11878,20:04:30,0,54.00,0,0.2500,0.1120,0.0000,0.0000,1,ACTIVE,1,5,5
581,11879,20:05:00,0,175.00,0,0.2500,0.1120,0.0000,0.0000,1,ACTIVE,1,5,5
581,11880,20:05:30,0,278.00,0,24.2000,5.2800,1.3800,0.4190,1,ACTIVE,1,5,5
581,11881,20:06:00,0,96.00,0,0.3600,0.1650,0.0000,0.0000,1,ACTIVE,1,5,5
581,11882,20:06:30,0,54.00,0,0.2500,0.1120,0.0000,0.0000,1,ACTIVE,1,5,5
581,11883,20:07:00,0,0.00,0,0.2500,0.1120,0.0000,0.0000,1,ACTIVE,1,5,5
581,11884,20:07:30,0,0.00,0,0.2500,0.1120,0.0000,0.0000,0,ACTIVE,1,5,5
581,11885,20:08:00,0,0.00,0,0.2500,0.1120,0.0000,0.0000,0,ACTIVE,1,5,5
581,11886,20:08:30,0,0.00,0,0.2500,0.1120,0.0000,0.0000,0,ACTIVE,1,5,5
581,11887,20:09:00,0,47.00,0,0.2500,0.1120,0.0000,0.0000,1,ACTIVE,1,5,5
581,11888,20:09:30,0,93.00,0,0.2700,0.1220,0.0000,0.0000,1,ACTIVE,1,5,5
581,11889,20:10:00,0,45.00,0,0.2500,0.1120,0.0000,0.0000,1,ACTIVE,1,5,5
581,11890,20:10:30,0,63.00,0,0.2700,0.1220,0.0000,0.0000,1,ACTIVE,1,5,5
581,11891,20:11:00,0,79.00,0,0.2700,0.1220,0.0000,0.0000,1,ACTIVE,1,5,5
581,11892,20:11:30,0,114.00,0,0.2700,0.1220,0.0000,0.0000,1,ACTIVE,1,5,5
581,11893,20:12:00,0,133.00,0,0.2700,0.1220,0.0000,0.0000,1,ACTIVE,1,5,5
581,11894,20:12:30,0,163.00,0,0.2700,0.1220,0.0000,0.0000,1,ACTIVE,1,5,5
581,11895,20:13:00,0,100.00,0,0.2700,0.1220,0.0000,0.0000,1,ACTIVE,1,5,5
581,11896,20:13:30,0,142.00,0,0.7800,0.2090,0.0347,0.0117,1,ACTIVE,1,5,5
581,11897,20:14:00,0,157.00,0,0.2900,0.1300,0.0000,0.0000,1,ACTIVE,1,5,5
581,11898,20:14:30,0,187.00,0,0.2900,0.1300,0.0000,0.0000,1,ACTIVE,1,5,5
581,11899,20:15:00,0,175.00,0,0.2700,0.1220,0.0000,0.0000,1,ACTIVE,1,5,5
581,11900,20:15:30,0,207.00,0,0.2500,0.1120,0.0000,0.0000,1,ACTIVE,1,5,5
581,11901,20:16:00,0,181.00,0,0.2500,0.1120,0.0000,0.0000,1,ACTIVE,1,5,5
581,11902,20:16:30,0,306.00,0,0.2900,0.1300,0.0000,0.0000,1,ACTIVE,1,5,5
581,11903,20:17:00,0,228.00,0,0.2500,0.1120,0.0000,0.0000,1,ACTIVE,1,5,5
581,11904,20:17:30,0,128.00,0,0.2500,0.1120,0.0000,0.0000,1,ACTIVE,1,5,5
581,11905,20:18:00,0,200.00,0,0.5000,0.2280,0.0000,0.0000,1,ACTIVE,1,5,5
581,11906,20:18:30,0,56.00,0,0.2500,0.1120,0.0000,0.0000,1,ACTIVE,1,5,5
581,11907,20:19:00,0,21.00,0,0.2500,0.1120,0.0000,0.0000,1,ACTIVE,1,5,5
581,11908,20:19:30,0,169.00,0,0.2700,0.1220,0.0000,0.0000,1,ACTIVE,1,5,5
581,11909,20:20:00,0,163.00,0,0.2700,0.1220,0.0000,0.0000,1,ACTIVE,1,5,5
581,11910,20:20:30,0,93.00,0,0.2500,0.1120,0.0000,0.0000,1,ACTIVE,1,5,5
581,11911,20:21:00,0,36.00,0,0.2500,0.1120,0.0000,0.0000,1,ACTIVE,1,5,5
581,11912,20:21:30,0,4.00,0,0.2700,0.1220,0.0000,0.0000,1,ACTIVE,1,5,5
581,11913,20:22:00,0,45.00,0,0.3800,0.1720,0.0000,0.0000,1,ACTIVE,1,5,5
581,11914,20:22:30,0,18.00,0,0.3600,0.1650,0.0000,0.0000,1,ACTIVE,1,5,5
581,11915,20:23:00,0,49.00,0,0.3000,0.1360,0.0000,0.0000,1,ACTIVE,1,5,5
581,11916,20:23:30,0,49.00,0,1.0000,0.3160,0.0347,0.0000,1,ACTIVE,1,5,5
581,11917,20:24:00,0,38.00,0,1.7300,0.6460,0.0347,0.0000,1,ACTIVE,1,5,5
581,11918,20:24:30,0,89.00,0,2.1600,0.7040,0.0694,0.0000,1,ACTIVE,1,5,5
581,11919,20:25:00,0,52.00,0,0.2700,0.1220,0.0000,0.0000,1,ACTIVE,1,5,5
581,11920,20:25:30,0,20.00,0,0.2700,0.1220,0.0000,0.0000,1,ACTIVE,1,5,5
581,11921,20:26:00,0,19.00,0,0.2700,0.1220,0.0000,0.0000,1,ACTIVE,1,5,5
581,11922,20:26:30,0,49.00,0,0.2700,0.1220,0.0000,0.0000,1,ACTIVE,1,5,5
581,11923,20:27:00,0,27.00,0,0.3200,0.1450,0.0000,0.0000,1,ACTIVE,1,5,5
581,11924,20:27:30,0,7.00,0,0.2700,0.1220,0.0000,0.0000,0,ACTIVE,1,5,5
581,11925,20:28:00,0,0.00,0,0.2500,0.1120,0.0000,0.0000,0,ACTIVE,1,5,5
581,11926,20:28:30,0,0.00,0,0.2500,0.1120,0.0000,0.0000,0,ACTIVE,1,5,5
581,11927,20:29:00,0,0.00,0,0.2700,0.1220,0.0000,0.0000,0,ACTIVE,1,5,5
581,11928,20:29:30,0,0.00,0,0.2700,0.1220,0.0000,0.0000,0,ACTIVE,1,5,5
581,11929,20:30:00,0,0.00,0,0.2500,0.1120,0.0000,0.0000,0,ACTIVE,1,5,5
581,11930,20:30:30,0,0.00,0,0.2500,0.1120,0.0000,0.0000,0,ACTIVE,1,5,5
581,11931,20:31:00,0,0.00,0,0.2500,0.1120,0.0000,0.0000,0,ACTIVE,1,5,5
581,11932,20:31:30,0,0.00,0,0.2500,0.1120,0.0000,0.0000,0,ACTIVE,1,5,5
581,11933,20:32:00,0,0.00,0,0.2500,0.1120,0.0000,0.0000,0,ACTIVE,1,5,5
581,11934,20:32:30,0,2.00,0,0.2500,0.1120,0.0000,0.0000,0,ACTIVE,1,5,5
581,11935,20:33:00,0,0.00,0,0.2500,0.1120,0.0000,0.0000,0,ACTIVE,1,5,5
581,11936,20:33:30,0,0.00,0,0.2500,0.1120,0.0000,0.0000,0,ACTIVE,1,5,5
581,11937,20:34:00,0,1.00,0,0.2500,0.1120,0.0000,0.0000,0,ACTIVE,1,5,5
581,11938,20:34:30,0,4.00,0,0.2500,0.1120,0.0000,0.0000,0,ACTIVE,1,5,5
581,11939,20:35:00,0,1.00,0,0.2500,0.1120,0.0000,0.0000,0,ACTIVE,1,5,5
581,11940,20:35:30,0,25.00,0,0.2700,0.1220,0.0000,0.0000,1,ACTIVE,1,5,5
581,11941,20:36:00,0,1.00,0,0.2500,0.1120,0.0000,0.0000,0,ACTIVE,1,5,5
581,11942,20:36:30,0,4.00,0,0.2700,0.1220,0.0000,0.0000,0,ACTIVE,1,5,5
581,11943,20:37:00,0,0.00,0,0.3200,0.1450,0.0000,0.0000,0,ACTIVE,1,5,5
581,11944,20:37:30,0,5.00,0,0.2900,0.1300,0.0000,0.0000,0,ACTIVE,1,5,5
581,11945,20:38:00,0,0.00,0,0.2900,0.1300,0.0000,0.0000,0,ACTIVE,1,5,5
581,11946,20:38:30,0,1.00,0,0.2900,0.1300,0.0000,0.0000,0,ACTIVE,1,5,5
581,11947,20:39:00,0,0.00,0,0.2900,0.1300,0.0000,0.0000,0,ACTIVE,1,5,5
581,11948,20:39:30,0,0.00,0,0.2900,0.1300,0.0000,0.0000,0,ACTIVE,1,5,5
581,11949,20:40:00,0,42.00,0,0.3200,0.1450,0.0000,0.0000,1,ACTIVE,1,5,5
581,11950,20:40:30,0,15.00,0,0.3200,0.1450,0.0000,0.0000,0,ACTIVE,1,5,5
581,11951,20:41:00,0,0.00,0,0.2900,0.1300,0.0000,0.0000,0,ACTIVE,1,5,5
581,11952,20:41:30,0,0.00,0,0.2700,0.1220,0.0000,0.0000,0,ACTIVE,1,5,5
581,11953,20:42:00,0,0.00,0,0.2700,0.1220,0.0000,0.0000,0,ACTIVE,1,5,5
581,11954,20:42:30,0,0.00,0,0.2700,0.1220,0.0000,0.0000,0,ACTIVE,1,5,5
581,11955,20:43:00,0,0.00,0,0.2700,0.1220,0.0000,0.0000,0,ACTIVE,1,5,5
581,11956,20:43:30,0,0.00,0,0.2900,0.1300,0.0000,0.0000,0,ACTIVE,1,5,5
581,11957,20:44:00,0,1.00,0,0.2700,0.1220,0.0000,0.0000,0,ACTIVE,1,5,5
581,11958,20:44:30,0,0.00,0,0.2900,0.1300,0.0000,0.0000,0,ACTIVE,1,5,5
581,11959,20:45:00,0,0.00,0,0.2900,0.1300,0.0000,0.0000,0,ACTIVE,1,5,5
581,11960,20:45:30,0,0.00,0,0.2900,0.1300,0.0000,0.0000,0,ACTIVE,1,5,5
581,11961,20:46:00,0,0.00,0,0.2900,0.1300,0.0000,0.0000,0,ACTIVE,1,5,5
581,11962,20:46:30,0,0.00,0,0.2900,0.1300,0.0000,0.0000,0,ACTIVE,1,5,5
581,11963,20:47:00,0,0.00,0,0.2900,0.1300,0.0000,0.0000,0,ACTIVE,1,5,5
581,11964,20:47:30,0,16.00,0,0.3800,0.1720,0.0000,0.0000,0,ACTIVE,1,5,5
581,11965,20:48:00,0,0.00,0,0.7100,0.2230,0.0251,0.0000,0,ACTIVE,1,5,5
581,11966,20:48:30,0,4.00,0,0.7100,0.2230,0.0251,0.0000,0,ACTIVE,1,5,5
581,11967,20:49:00,0,49.00,0,0.3500,0.1580,0.0000,0.0000,1,ACTIVE,1,5,5
581,11968,20:49:30,0,0.00,0,0.4200,0.1920,0.0000,0.0000,0,ACTIVE,1,5,5
581,11969,20:50:00,0,0.00,0,0.3600,0.1650,0.0000,0.0000,0,ACTIVE,1,5,5
581,11970,20:50:30,0,4.00,0,0.6200,0.1800,0.0251,0.0000,0,ACTIVE,1,5,5
581,11971,20:51:00,0,0.00,0,0.6300,0.1880,0.0251,0.0000,0,ACTIVE,1,5,5
581,11972,20:51:30,0,0.00,0,0.4700,0.2140,0.0000,0.0000,0,ACTIVE,1,5,5
581,11973,20:52:00,0,0.00,0,0.4000,0.1800,0.0000,0.0000,0,ACTIVE,1,5,5
581,11974,20:52:30,0,0.00,0,0.4000,0.1800,0.0000,0.0000,0,ACTIVE,1,5,5
581,11975,20:53:00,0,0.00,0,0.3800,0.1720,0.0000,0.0000,0,ACTIVE,1,5,5
581,11976,20:53:30,0,0.00,0,0.3600,0.1650,0.0000,0.0000,0,ACTIVE,1,5,5
581,11977,20:54:00,0,0.00,0,0.3800,0.1720,0.0000,0.0000,0,ACTIVE,1,5,5
581,11978,20:54:30,0,0.00,0,0.7800,0.2090,0.0347,0.0117,0,ACTIVE,1,5,5
581,11979,20:55:00,0,0.00,0,0.8600,0.2440,0.0347,0.0117,0,ACTIVE,1,5,5
581,11980,20:55:30,0,0.00,0,0.8600,0.2440,0.0347,0.0117,0,ACTIVE,1,5,5
581,11981,20:56:00,0,0.00,0,0.8600,0.2440,0.0347,0.0117,0,ACTIVE,1,5,5
581,11982,20:56:30,0,0.00,0,0.8700,0.2490,0.0347,0.0117,0,ACTIVE,1,5,5
581,11983,20:57:00,0,0.00,0,0.8700,0.2490,0.0347,0.0117,0,ACTIVE,1,5,5
581,11984,20:57:30,0,0.00,0,0.8400,0.2380,0.0347,0.0117,0,ACTIVE,1,5,5
581,11985,20:58:00,0,0.00,0,0.7200,0.2280,0.0251,0.0000,0,ACTIVE,1,5,5
581,11986,20:58:30,0,0.00,0,0.7700,0.2490,0.0251,0.0000,0,ACTIVE,1,5,5
581,11987,20:59:00,0,0.00,0,0.8900,0.2600,0.0347,0.0117,0,ACTIVE,1,5,5
581,11988,20:59:30,0,0.00,0,0.8900,0.2600,0.0347,0.0117,0,ACTIVE,1,5,5
581,11989,21:00:00,0,0.00,0,0.4000,0.1800,0.0000,0.0000,0,ACTIVE,1,5,5
581,11990,21:00:30,0,0.00,0,0.4200,0.1920,0.0000,0.0000,0,ACTIVE,1,5,5
581,11991,21:01:00,0,0.00,0,0.6000,0.1720,0.0251,0.0000,0,ACTIVE,1,5,5
581,11992,21:01:30,0,0.00,0,0.7000,0.1720,0.0347,0.0117,0,ACTIVE,1,5,5
581,11993,21:02:00,0,0.00,0,0.6000,0.1720,0.0251,0.0000,0,ACTIVE,1,5,5
581,11994,21:02:30,0,0.00,0,0.6000,0.1720,0.0251,0.0000,0,ACTIVE,1,5,5
581,11995,21:03:00,0,0.00,0,0.5900,0.1690,0.0251,0.0000,0,ACTIVE,1,5,5
581,11996,21:03:30,0,0.00,0,0.5700,0.1580,0.0251,0.0000,0,ACTIVE,1,5,5
581,11997,21:04:00,0,0.00,0,0.5900,0.1690,0.0251,0.0000,0,ACTIVE,1,5,5
581,11998,21:04:30,0,0.00,0,0.6000,0.1720,0.0251,0.0000,0,ACTIVE,1,5,5
581,11999,21:05:00,0,1.00,0,0.6000,0.1720,0.0251,0.0000,0,ACTIVE,1,5,5
581,12000,21:05:30,0,1.00,0,0.8700,0.2490,0.0347,0.0117,0,ACTIVE,1,5,5
581,12001,21:06:00,0,4.00,0,0.6800,0.2090,0.0251,0.0000,0,ACTIVE,1,5,5
581,12002,21:06:30,0,0.00,0,0.3800,0.1720,0.0000,0.0000,0,ACTIVE,1,5,5
581,12003,21:07:00,0,0.00,0,0.3600,0.1650,0.0000,0.0000,0,ACTIVE,1,5,5
581,12004,21:07:30,0,20.00,0,0.5500,0.2440,0.0000,0.0117,1,ACTIVE,1,5,5
581,12005,21:08:00,0,0.00,0,0.8600,0.2440,0.0347,0.0117,0,ACTIVE,1,5,5
581,12006,21:08:30,0,2.00,0,0.5400,0.2440,0.0000,0.0000,0,ACTIVE,1,5,5
581,12007,21:09:00,0,0.00,0,0.4200,0.1920,0.0000,0.0000,0,ACTIVE,1,5,5
581,12008,21:09:30,0,0.00,0,0.4300,0.1960,0.0000,0.0000,0,ACTIVE,1,5,5
581,12009,21:10:00,0,0.00,0,0.4200,0.1920,0.0000,0.0000,0,ACTIVE,1,5,5
581,12010,21:10:30,0,0.00,0,0.4300,0.1960,0.0000,0.0000,0,ACTIVE,1,5,5
581,12011,21:11:00,0,0.00,0,0.6200,0.1800,0.0251,0.0000,0,ACTIVE,1,5,5
581,12012,21:11:30,0,0.00,0,0.6000,0.1720,0.0251,0.0000,0,ACTIVE,1,5,5
581,12013,21:12:00,0,0.00,0,0.3600,0.1650,0.0000,0.0000,0,ACTIVE,1,5,5
581,12014,21:12:30,0,0.00,0,0.3800,0.1720,0.0000,0.0000,0,ACTIVE,1,5,5
581,12015,21:13:00,0,7.00,0,0.3500,0.1580,0.0000,0.0000,0,ACTIVE,1,5,5
581,12016,21:13:30,0,5.00,0,0.3800,0.1720,0.0000,0.0000,0,ACTIVE,1,5,5
581,12017,21:14:00,0,0.00,0,0.3800,0.1720,0.0000,0.0000,0,ACTIVE,1,5,5
581,12018,21:14:30,0,0.00,0,0.3800,0.1720,0.0000,0.0000,0,ACTIVE,1,5,5
581,12019,21:15:00,0,0.00,0,0.3500,0.1580,0.0000,0.0000,0,ACTIVE,1,5,5
581,12020,21:15:30,0,0.00,0,0.2900,0.1300,0.0000,0.0000,0,ACTIVE,1,5,5
581,12021,21:16:00,0,0.00,0,0.2900,0.1300,0.0000,0.0000,0,ACTIVE,1,5,5
581,12022,21:16:30,0,0.00,0,0.2900,0.1300,0.0000,0.0000,0,ACTIVE,1,5,5
581,12023,21:17:00,0,56.00,0,0.2700,0.1220,0.0000,0.0000,1,ACTIVE,1,5,5
581,12024,21:17:30,0,0.00,0,0.2500,0.1120,0.0000,0.0000,0,ACTIVE,1,5,5
581,12025,21:18:00,0,0.00,0,0.2500,0.1120,0.0000,0.0000,0,ACTIVE,1,5,5
581,12026,21:18:30,0,0.00,0,0.2500,0.1120,0.0000,0.0000,0,ACTIVE,1,5,5
581,12027,21:19:00,0,0.00,0,0.2500,0.1120,0.0000,0.0000,0,ACTIVE,1,5,5
581,12028,21:19:30,0,0.00,0,0.2500,0.1120,0.0000,0.0000,0,ACTIVE,1,5,5
581,12029,21:20:00,0,0.00,0,0.2500,0.1120,0.0000,0.0000,0,ACTIVE,1,5,5
581,12030,21:20:30,0,0.00,0,0.2500,0.1120,0.0000,0.0000,0,ACTIVE,1,5,5
581,12031,21:21:00,0,0.00,0,0.2500,0.1120,0.0000,0.0000,0,ACTIVE,1,5,5
581,12032,21:21:30,0,0.00,0,0.2500,0.1120,0.0000,0.0000,0,ACTIVE,1,5,5
581,12033,21:22:00,0,0.00,0,0.2500,0.1120,0.0000,0.0000,0,ACTIVE,1,5,5
581,12034,21:22:30,0,0.00,0,0.2500,0.1120,0.0000,0.0000,0,ACTIVE,1,5,5
581,12035,21:23:00,0,0.00,0,0.2500,0.1120,0.0000,0.0000,0,ACTIVE,1,5,5
581,12036,21:23:30,0,0.00,0,0.2500,0.1120,0.0000,0.0000,0,ACTIVE,1,5,5
581,12037,21:24:00,0,0.00,0,0.2500,0.1120,0.0000,0.0000,0,ACTIVE,1,5,5
581,12038,21:24:30,0,0.00,0,0.2500,0.1120,0.0000,0.0000,0,ACTIVE,1,5,5
581,12039,21:25:00,0,40.00,0,0.2500,0.1120,0.0000,0.0000,1,ACTIVE,1,5,5
581,12040,21:25:30,0,27.00,0,0.2500,0.1120,0.0000,0.0000,1,ACTIVE,1,5,5
581,12041,21:26:00,0,0.00,0,0.2500,0.1120,0.0000,0.0000,0,ACTIVE,1,5,5
581,12042,21:26:30,0,19.00,0,0.2500,0.1120,0.0000,0.0000,1,ACTIVE,1,5,5
581,12043,21:27:00,0,0.00,0,0.2500,0.1120,0.0000,0.0000,0,ACTIVE,1,5,5
581,12044,21:27:30,0,1.00,0,0.2500,0.1120,0.0000,0.0000,0,ACTIVE,1,5,5
581,12045,21:28:00,0,0.00,0,0.2500,0.1120,0.0000,0.0000,0,ACTIVE,1,5,5
581,12046,21:28:30,0,0.00,0,0.2500,0.1120,0.0000,0.0000,0,ACTIVE,1,5,5
581,12047,21:29:00,0,0.00,0,0.2700,0.1220,0.0000,0.0000,0,ACTIVE,1,5,5
581,12048,21:29:30,0,0.00,0,0.2500,0.1120,0.0000,0.0000,0,ACTIVE,1,5,5
581,12049,21:30:00,0,0.00,0,0.2500,0.1120,0.0000,0.0000,0,ACTIVE,1,5,5
581,12050,21:30:30,0,0.00,0,0.2500,0.1120,0.0000,0.0000,0,ACTIVE,1,5,5
581,12051,21:31:00,0,0.00,0,0.2500,0.1120,0.0000,0.0000,0,ACTIVE,1,5,5
581,12052,21:31:30,0,0.00,0,0.2500,0.1120,0.0000,0.0000,0,ACTIVE,1,5,5
581,12053,21:32:00,0,0.00,0,0.2500,0.1120,0.0000,0.0000,0,ACTIVE,1,5,5
581,12054,21:32:30,0,0.00,0,0.2500,0.1120,0.0000,0.0000,0,ACTIVE,1,5,5
581,12055,21:33:00,0,0.00,0,0.2500,0.1120,0.0000,0.0000,0,ACTIVE,1,5,5
581,12056,21:33:30,0,6.00,0,0.2500,0.1120,0.0000,0.0000,0,ACTIVE,1,5,5
581,12057,21:34:00,0,0.00,0,0.2700,0.1220,0.0000,0.0000,0,ACTIVE,1,5,5
581,12058,21:34:30,0,0.00,0,0.2900,0.1300,0.0000,0.0000,0,ACTIVE,1,5,5
581,12059,21:35:00,0,0.00,0,0.2700,0.1220,0.0000,0.0000,0,ACTIVE,1,5,5
581,12060,21:35:30,0,1.00,0,0.2700,0.1220,0.0000,0.0000,0,ACTIVE,1,5,5
581,12061,21:36:00,0,8.00,0,0.2700,0.1220,0.0000,0.0000,0,ACTIVE,1,5,5
581,12062,21:36:30,0,7.00,0,0.2700,0.1220,0.0000,0.0000,0,ACTIVE,1,5,5
581,12063,21:37:00,0,0.00,0,0.2500,0.1120,0.0000,0.0000,0,ACTIVE,1,5,5
581,12064,21:37:30,0,0.00,0,0.2500,0.1120,0.0000,0.0000,0,ACTIVE,1,5,5
581,12065,21:38:00,0,0.00,0,0.2500,0.1120,0.0000,0.0000,0,ACTIVE,1,5,5
581,12066,21:38:30,0,4.00,0,0.2500,0.1120,0.0000,0.0000,0,ACTIVE,1,5,5
581,12067,21:39:00,0,0.00,0,0.2500,0.1120,0.0000,0.0000,0,ACTIVE,1,5,5
581,12068,21:39:30,0,1.00,0,0.2500,0.1120,0.0000,0.0000,0,ACTIVE,1,5,5
581,12069,21:40:00,0,2.00,0,0.2500,0.1120,0.0000,0.0000,0,ACTIVE,1,5,5
581,12070,21:40:30,0,0.00,0,0.2500,0.1120,0.0000,0.0000,0,ACTIVE,1,5,5
581,12071,21:41:00,0,0.00,0,0.2500,0.1120,0.0000,0.0000,0,ACTIVE,1,5,5
581,12072,21:41:30,0,0.00,0,0.2500,0.1120,0.0000,0.0000,0,ACTIVE,1,5,5
581,12073,21:42:00,0,18.00,0,0.2500,0.1120,0.0000,0.0000,0,ACTIVE,1,5,5
581,12074,21:42:30,0,0.00,0,0.2700,0.1220,0.0000,0.0000,0,ACTIVE,1,5,5
581,12075,21:43:00,0,0.00,0,0.2700,0.1220,0.0000,0.0000,0,ACTIVE,1,5,5
581,12076,21:43:30,0,0.00,0,0.2700,0.1220,0.0000,0.0000,0,ACTIVE,1,5,5
581,12077,21:44:00,0,0.00,0,0.2700,0.1220,0.0000,0.0000,0,ACTIVE,1,5,5
581,12078,21:44:30,0,0.00,0,0.2700,0.1220,0.0000,0.0000,0,ACTIVE,1,5,5
581,12079,21:45:00,0,0.00,0,0.2700,0.1220,0.0000,0.0000,0,ACTIVE,1,5,5
581,12080,21:45:30,0,13.00,0,0.2500,0.1120,0.0000,0.0000,0,ACTIVE,1,5,5
581,12081,21:46:00,0,0.00,0,0.2500,0.1120,0.0000,0.0000,0,ACTIVE,1,5,5
581,12082,21:46:30,0,0.00,0,0.2500,0.1120,0.0000,0.0000,0,ACTIVE,1,5,5
581,12083,21:47:00,0,0.00,0,0.2500,0.1120,0.0000,0.0000,0,ACTIVE,1,5,5
581,12084,21:47:30,0,0.00,0,0.2500,0.1120,0.0000,0.0000,0,ACTIVE,1,5,5
581,12085,21:48:00,0,0.00,0,0.2500,0.1120,0.0000,0.0000,0,ACTIVE,1,5,5
581,12086,21:48:30,0,0.00,0,0.2500,0.1120,0.0000,0.0000,0,ACTIVE,1,5,5
581,12087,21:49:00,0,0.00,0,0.2500,0.1120,0.0000,0.0000,0,ACTIVE,1,5,5
581,12088,21:49:30,0,38.00,0,0.2500,0.1120,0.0000,0.0000,1,ACTIVE,1,5,5
581,12089,21:50:00,0,0.00,0,0.2700,0.1220,0.0000,0.0000,0,ACTIVE,1,5,5
581,12090,21:50:30,0,0.00,0,0.2500,0.1120,0.0000,0.0000,0,ACTIVE,1,5,5
581,12091,21:51:00,0,0.00,0,0.2500,0.1120,0.0000,0.0000,0,ACTIVE,1,5,5
581,12092,21:51:30,0,0.00,0,0.2500,0.1120,0.0000,0.0000,0,ACTIVE,1,5,5
581,12093,21:52:00,0,0.00,0,0.2500,0.1120,0.0000,0.0000,0,ACTIVE,1,5,5
581,12094,21:52:30,0,5.00,0,0.2500,0.1120,0.0000,0.0000,0,ACTIVE,1,5,5
581,12095,21:53:00,0,0.00,0,0.2500,0.1120,0.0000,0.0000,0,ACTIVE,1,5,5
581,12096,21:53:30,0,0.00,0,0.2500,0.1120,0.0000,0.0000,0,ACTIVE,1,5,5
581,12097,21:54:00,0,0.00,0,0.2500,0.1120,0.0000,0.0000,0,ACTIVE,1,5,5
581,12098,21:54:30,0,0.00,0,0.2500,0.1120,0.0000,0.0000,0,ACTIVE,1,5,5
581,12099,21:55:00,0,0.00,0,0.2700,0.1220,0.0000,0.0000,0,ACTIVE,1,5,5
581,12100,21:55:30,0,0.00,0,0.2700,0.1220,0.0000,0.0000,0,ACTIVE,1,5,5
581,12101,21:56:00,0,2.00,0,0.2700,0.1220,0.0000,0.0000,0,ACTIVE,1,5,5
581,12102,21:56:30,0,49.00,0,1.3700,0.4770,0.0347,0.0117,1,ACTIVE,1,5,5
581,12103,21:57:00,0,0.00,0,1.6300,0.5920,0.0347,0.0117,0,ACTIVE,1,5,5
581,12104,21:57:30,0,4.00,0,1.6300,0.5920,0.0347,0.0117,0,ACTIVE,1,5,5
581,12105,21:58:00,0,0.00,0,0.3000,0.1360,0.0000,0.0000,0,ACTIVE,1,5,5
581,12106,21:58:30,0,0.00,0,0.2700,0.1220,0.0000,0.0000,0,ACTIVE,1,5,5
581,12107,21:59:00,0,0.00,0,0.2700,0.1220,0.0000,0.0000,0,ACTIVE,1,5,5
581,12108,21:59:30,0,0.00,0,0.2700,0.1220,0.0000,0.0000,0,ACTIVE,1,5,5
581,12109,22:00:00,0,0.00,0,0.2700,0.1220,0.0000,0.0000,0,ACTIVE,1,5,5
581,12110,22:00:30,0,0.00,0,0.2700,0.1220,0.0000,0.0000,0,ACTIVE,1,5,5
581,12111,22:01:00,0,0.00,0,0.2700,0.1220,0.0000,0.0000,0,ACTIVE,1,5,5
581,12112,22:01:30,0,0.00,0,0.2700,0.1220,0.0000,0.0000,0,ACTIVE,1,5,5
581,12113,22:02:00,0,0.00,0,0.2700,0.1220,0.0000,0.0000,0,ACTIVE,1,5,5
581,12114,22:02:30,0,0.00,0,0.2700,0.1220,0.0000,0.0000,0,ACTIVE,1,5,5
581,12115,22:03:00,0,9.00,0,0.8100,0.2230,0.0347,0.0117,0,ACTIVE,1,5,5
581,12116,22:03:30,0,0.00,0,0.8600,0.2440,0.0347,0.0117,0,ACTIVE,1,5,5
581,12117,22:04:00,0,0.00,0,0.8600,0.2440,0.0347,0.0117,0,ACTIVE,1,5,5
581,12118,22:04:30,0,21.00,0,0.3500,0.1580,0.0000,0.0000,1,ACTIVE,1,5,5
581,12119,22:05:00,0,12.00,0,0.2700,0.1220,0.0000,0.0000,0,ACTIVE,1,5,5
581,12120,22:05:30,0,35.00,0,0.2700,0.1220,0.0000,0.0000,1,ACTIVE,1,5,5
581,12121,22:06:00,0,0.00,0,0.2700,0.1220,0.0000,0.0000,0,ACTIVE,1,5,5
581,12122,22:06:30,0,19.00,0,0.2700,0.1220,0.0000,0.0000,1,ACTIVE,1,5,5
581,12123,22:07:00,0,0.00,0,0.2700,0.1220,0.0000,0.0000,0,ACTIVE,1,5,5
581,12124,22:07:30,0,0.00,0,0.2700,0.1220,0.0000,0.0000,0,ACTIVE,1,5,5
581,12125,22:08:00,0,0.00,0,0.2700,0.1220,0.0000,0.0000,0,ACTIVE,1,5,5
581,12126,22:08:30,0,0.00,0,0.2700,0.1220,0.0000,0.0000,0,ACTIVE,1,5,5
581,12127,22:09:00,0,0.00,0,0.2700,0.1220,0.0000,0.0000,0,ACTIVE,1,5,5
581,12128,22:09:30,0,0.00,0,0.2700,0.1220,0.0000,0.0000,0,ACTIVE,1,5,5
581,12129,22:10:00,0,0.00,0,0.2700,0.1220,0.0000,0.0000,0,ACTIVE,1,5,5
581,12130,22:10:30,0,0.00,0,0.2700,0.1220,0.0000,0.0000,0,ACTIVE,1,5,5
581,12131,22:11:00,0,0.00,0,0.2700,0.1220,0.0000,0.0000,0,ACTIVE,1,5,5
581,12132,22:11:30,0,6.00,0,0.2700,0.1220,0.0000,0.0000,0,ACTIVE,1,5,5
581,12133,22:12:00,0,21.00,0,0.2700,0.1220,0.0000,0.0000,1,ACTIVE,1,5,5
581,12134,22:12:30,0,0.00,0,0.2700,0.1220,0.0000,0.0000,0,ACTIVE,1,5,5
581,12135,22:13:00,0,6.00,0,0.2700,0.1220,0.0000,0.0000,0,ACTIVE,1,5,5
581,12136,22:13:30,0,0.00,0,0.2700,0.1220,0.0000,0.0000,0,ACTIVE,1,5,5
581,12137,22:14:00,0,6.00,0,0.2700,0.1220,0.0000,0.0000,0,ACTIVE,1,5,5
581,12138,22:14:30,0,28.00,0,0.2700,0.1220,0.0000,0.0000,1,ACTIVE,1,5,5
581,12139,22:15:00,0,0.00,0,0.2500,0.1120,0.0000,0.0000,0,ACTIVE,1,5,5
581,12140,22:15:30,0,0.00,0,0.2700,0.1220,0.0000,0.0000,0,ACTIVE,1,5,5
581,12141,22:16:00,0,18.00,0,0.2500,0.1120,0.0000,0.0000,1,ACTIVE,1,5,5
581,12142,22:16:30,0,34.00,0,0.3000,0.1360,0.0000,0.0000,1,ACTIVE,1,5,5
581,12143,22:17:00,0,0.00,0,0.3600,0.1650,0.0000,0.0000,1,ACTIVE,1,5,5
581,12144,22:17:30,0,56.00,0,0.7300,0.1880,0.0347,0.0117,1,ACTIVE,1,5,5
581,12145,22:18:00,0,93.00,0,0.2500,0.1120,0.0000,0.0000,1,ACTIVE,1,5,5
581,12146,22:18:30,0,31.00,0,0.2500,0.1120,0.0000,0.0000,1,ACTIVE,1,5,5
581,12147,22:19:00,0,20.00,0,0.2500,0.1120,0.0000,0.0000,1,ACTIVE,1,5,5
581,12148,22:19:30,0,93.00,0,0.2700,0.1220,0.0000,0.0000,1,ACTIVE,1,5,5
581,12149,22:20:00,0,142.00,0,0.2700,0.1220,0.0000,0.0000,1,ACTIVE,1,5,5
581,12150,22:20:30,0,163.00,0,0.2900,0.1300,0.0000,0.0000,1,ACTIVE,1,5,5
581,12151,22:21:00,0,181.00,0,0.8600,0.2440,0.0347,0.0117,1,ACTIVE,1,5,5
581,12152,22:21:30,0,187.00,0,0.2900,0.1300,0.0000,0.0000,1,ACTIVE,1,5,5
581,12153,22:22:00,0,0.00,0,0.2700,0.1220,0.0000,0.0000,1,ACTIVE,1,5,5
581,12154,22:22:30,0,114.00,0,0.2700,0.1220,0.0000,0.0000,1,ACTIVE,1,5,5
581,12155,22:23:00,0,49.00,0,0.2700,0.1220,0.0000,0.0000,1,ACTIVE,1,5,5
581,12156,22:23:30,0,0.00,0,0.2700,0.1220,0.0000,0.0000,1,ACTIVE,1,5,5
581,12157,22:24:00,0,214.00,0,0.2700,0.1220,0.0000,0.0000,1,ACTIVE,1,5,5
581,12158,22:24:30,0,151.00,0,0.2900,0.1300,0.0000,0.0000,1,ACTIVE,1,5,5
581,12159,22:25:00,0,128.00,0,0.3000,0.1360,0.0000,0.0000,1,ACTIVE,1,5,5
581,12160,22:25:30,0,9.00,0,0.3800,0.1720,0.0000,0.0000,1,ACTIVE,1,5,5
581,12161,22:26:00,0,52.00,0,0.2900,0.1300,0.0000,0.0000,1,ACTIVE,1,5,5
581,12162,22:26:30,0,49.00,0,0.2500,0.1120,0.0000,0.0000,1,ACTIVE,1,5,5
581,12163,22:27:00,0,21.00,0,0.2900,0.1300,0.0000,0.0000,1,ACTIVE,1,5,5
581,12164,22:27:30,0,175.00,0,0.3000,0.1360,0.0000,0.0000,1,ACTIVE,1,5,5
581,12165,22:28:00,0,45.00,0,0.3000,0.1360,0.0000,0.0000,1,ACTIVE,1,5,5
581,12166,22:28:30,0,70.00,0,0.3000,0.1360,0.0000,0.0000,1,ACTIVE,1,5,5
581,12167,22:29:00,0,181.00,0,0.2900,0.1300,0.0000,0.0000,1,ACTIVE,1,5,5
581,12168,22:29:30,0,278.00,0,0.2700,0.1220,0.0000,0.0000,1,ACTIVE,1,5,5
581,12169,22:30:00,0,75.00,0,0.2700,0.1220,0.0000,0.0000,1,ACTIVE,1,5,5
581,12170,22:30:30,0,200.00,0,0.2900,0.1300,0.0000,0.0000,1,ACTIVE,1,5,5
581,12171,22:31:00,0,169.00,0,0.3000,0.1300,0.0000,0.0117,1,ACTIVE,1,5,5
581,12172,22:31:30,0,70.00,0,0.3000,0.1300,0.0000,0.0117,1,ACTIVE,1,5,5
581,12173,22:32:00,0,54.00,0,0.2900,0.1300,0.0000,0.0000,1,ACTIVE,1,5,5
581,12174,22:32:30,0,35.00,0,0.2700,0.1220,0.0000,0.0000,1,ACTIVE,1,5,5
581,12175,22:33:00,0,20.00,0,0.3200,0.1450,0.0000,0.0000,1,ACTIVE,1,5,5
581,12176,22:33:30,0,18.00,0,0.3200,0.1450,0.0000,0.0000,1,ACTIVE,1,5,5
581,12177,22:34:00,0,63.00,0,0.3200,0.1450,0.0000,0.0000,1,ACTIVE,1,5,5
581,12178,22:34:30,0,20.00,0,0.3200,0.1450,0.0000,0.0000,1,ACTIVE,1,5,5
581,12179,22:35:00,0,100.00,0,0.3000,0.1360,0.0000,0.0000,1,ACTIVE,1,5,5
581,12180,22:35:30,0,214.00,0,0.2700,0.1220,0.0000,0.0000,1,ACTIVE,1,5,5
581,12181,22:36:00,0,288.00,0,0.2700,0.1220,0.0000,0.0000,1,ACTIVE,1,5,5
581,12182,22:36:30,0,66.00,0,0.3200,0.1450,0.0000,0.0000,1,ACTIVE,1,5,5
581,12183,22:37:00,0,89.00,0,0.3000,0.1360,0.0000,0.0000,1,ACTIVE,1,5,5
581,12184,22:37:30,0,221.00,0,0.2700,0.1220,0.0000,0.0000,1,ACTIVE,1,5,5
581,12185,22:38:00,0,96.00,0,0.2700,0.1220,0.0000,0.0000,1,ACTIVE,1,5,5
581,12186,22:38:30,0,187.00,0,0.2700,0.1220,0.0000,0.0000,1,ACTIVE,1,5,5
581,12187,22:39:00,0,32.00,0,0.2700,0.1220,0.0000,0.0000,1,ACTIVE,1,5,5
581,12188,22:39:30,0,86.00,0,0.2700,0.1220,0.0000,0.0000,1,ACTIVE,1,5,5
581,12189,22:40:00,0,278.00,0,0.2700,0.1220,0.0000,0.0000,1,ACTIVE,1,5,5
581,12190,22:40:30,0,35.00,0,0.2700,0.1220,0.0000,0.0000,1,ACTIVE,1,5,5
581,12191,22:41:00,0,29.00,0,0.2800,0.1220,0.0000,0.0117,1,ACTIVE,1,5,5
581,12192,22:41:30,0,68.00,0,0.2700,0.1220,0.0000,0.0000,1,ACTIVE,1,5,5
581,12193,22:42:00,0,63.00,0,0.2700,0.1220,0.0000,0.0000,1,ACTIVE,1,5,5
581,12194,22:42:30,0,9.00,0,0.2700,0.1220,0.0000,0.0000,1,ACTIVE,1,5,5
581,12195,22:43:00,0,187.00,0,0.2700,0.1220,0.0000,0.0000,1,ACTIVE,1,5,5
581,12196,22:43:30,0,193.00,0,0.2500,0.1120,0.0000,0.0000,1,ACTIVE,1,5,5
581,12197,22:44:00,0,119.00,0,0.2700,0.1220,0.0000,0.0000,1,ACTIVE,1,5,5
581,12198,22:44:30,0,0.00,0,0.2700,0.1220,0.0000,0.0000,1,ACTIVE,1,5,5
581,12199,22:45:00,0,22.00,0,0.2700,0.1220,0.0000,0.0000,1,ACTIVE,1,5,5
581,12200,22:45:30,0,68.00,0,0.2700,0.1220,0.0000,0.0000,1,ACTIVE,1,5,5
581,12201,22:46:00,0,187.00,0,0.2700,0.1220,0.0000,0.0000,1,ACTIVE,1,5,5
581,12202,22:46:30,0,261.00,0,0.9500,0.2280,0.0501,0.0046,1,ACTIVE,1,5,5
581,12203,22:47:00,0,483.00,0,3.5100,0.6890,0.2230,0.0279,1,ACTIVE,1,5,5
581,12204,22:47:30,0,193.00,0,0.8100,0.2230,0.0347,0.0117,1,ACTIVE,1,5,5
581,12205,22:48:00,0,338.00,0,2.0700,0.4370,0.1240,0.0115,1,ACTIVE,1,5,5
581,12206,22:48:30,0,350.00,0,1.9200,0.4670,0.1000,0.0115,1,ACTIVE,1,5,5
581,12207,22:49:00,0,438.00,0,1.5600,0.4010,0.0756,0.0115,1,ACTIVE,1,5,5
581,12208,22:49:30,0,362.00,0,0.8200,0.2280,0.0347,0.0117,1,ACTIVE,1,5,5
581,12209,22:50:00,0,297.00,0,98.7000,13.4000,7.6300,2.0800,1,ACTIVE,1,5,5
581,12210,22:50:30,0,36.00,0,5.9800,1.3500,0.3370,0.0395,1,ACTIVE,1,5,5
581,12211,22:51:00,0,0.00,0,5.5600,1.1600,0.3370,0.0395,1,ACTIVE,1,5,5
581,12212,22:51:30,0,5.00,0,4.9800,1.0900,0.2900,0.0347,1,ACTIVE,1,5,5
581,12213,22:52:00,0,1.00,0,4.3200,0.9540,0.2490,0.0279,0,ACTIVE,1,5,5
581,12214,22:52:30,0,0.00,0,5.1400,1.1600,0.2900,0.0347,0,ACTIVE,1,5,5
581,12215,22:53:00,0,9.00,0,5.0300,1.1100,0.2900,0.0395,0,ACTIVE,1,5,5
581,12216,22:53:30,0,0.00,0,4.8700,1.0400,0.2900,0.0347,0,ACTIVE,1,5,5
581,12217,22:54:00,0,0.00,0,4.4200,0.9960,0.2490,0.0347,0,ACTIVE,1,5,5
581,12218,22:54:30,0,2.00,0,5.4300,1.1800,0.3160,0.0395,0,ACTIVE,1,5,5
581,12219,22:55:00,0,4.00,0,5.6800,1.5700,0.2490,0.0279,0,ACTIVE,1,5,5
581,12220,22:55:30,0,7.00,0,3.5200,0.7850,0.2000,0.0279,0,ACTIVE,1,5,5
581,12221,22:56:00,0,0.00,0,3.7200,0.7850,0.2230,0.0279,0,ACTIVE,1,5,5
581,12222,22:56:30,0,0.00,0,3.7200,0.7850,0.2230,0.0279,0,ACTIVE,1,5,5
581,12223,22:57:00,0,0.00,0,3.8400,0.8370,0.2230,0.0279,0,ACTIVE,1,5,5
581,12224,22:57:30,0,0.00,0,4.3200,0.9540,0.2490,0.0279,0,ACTIVE,1,5,5
581,12225,22:58:00,0,2.00,0,3.5900,0.8200,0.2000,0.0230,0,ACTIVE,1,5,5
581,12226,22:58:30,0,0.00,0,4.3200,0.9540,0.2490,0.0279,0,ACTIVE,1,5,5
581,12227,22:59:00,0,0.00,0,4.3200,0.9540,0.2490,0.0279,0,ACTIVE,1,5,5
581,12228,22:59:30,0,0.00,0,4.3200,0.9540,0.2490,0.0279,0,ACTIVE,1,5,5
581,12229,23:00:00,0,4.00,0,5.2600,1.1100,0.3160,0.0347,0,ACTIVE,1,5,5
581,12230,23:00:30,0,0.00,0,5.3200,1.1300,0.3160,0.0395,0,ACTIVE,1,5,5
581,12231,23:01:00,0,1.00,0,5.3100,1.1300,0.3160,0.0347,0,ACTIVE,1,5,5
581,12232,23:01:30,0,1.00,0,5.6700,1.2100,0.3370,0.0395,0,ACTIVE,1,5,5
581,12233,23:02:00,0,0.00,0,4.8700,1.0400,0.2900,0.0347,0,ACTIVE,1,5,5
581,12234,23:02:30,0,0.00,0,3.9600,0.8940,0.2230,0.0279,0,ACTIVE,1,5,5
581,12235,23:03:00,0,5.00,0,4.3200,0.9540,0.2490,0.0279,0,ACTIVE,1,5,5
581,12236,23:03:30,0,1.00,0,4.5200,1.0400,0.2490,0.0347,0,ACTIVE,1,5,5
581,12237,23:04:00,0,0.00,0,4.9200,1.0600,0.2900,0.0347,0,ACTIVE,1,5,5
581,12238,23:04:30,0,0.00,0,5.4900,1.2100,0.3160,0.0395,0,ACTIVE,1,5,5
581,12239,23:05:00,0,5.00,0,5.3200,1.1300,0.3160,0.0395,0,ACTIVE,1,5,5
581,12240,23:05:30,0,1.00,0,2.7200,0.6180,0.1510,0.0230,0,ACTIVE,1,5,5
581,12241,23:06:00,0,0.00,0,2.6600,0.5920,0.1510,0.0230,0,ACTIVE,1,5,5
581,12242,23:06:30,0,7.00,0,2.6300,0.5790,0.1510,0.0230,0,ACTIVE,1,5,5
581,12243,23:07:00,0,0.00,0,3.5200,0.7850,0.2000,0.0279,0,ACTIVE,1,5,5
581,12244,23:07:30,0,13.00,0,3.6000,0.8200,0.2000,0.0279,0,ACTIVE,1,5,5
581,12245,23:08:00,0,0.00,0,3.6000,0.8200,0.2000,0.0279,0,ACTIVE,1,5,5
581,12246,23:08:30,0,0.00,0,4.8200,1.0200,0.2900,0.0347,0,ACTIVE,1,5,5
581,12247,23:09:00,0,0.00,0,5.4300,1.1800,0.3160,0.0395,0,ACTIVE,1,5,5
581,12248,23:09:30,0,9.00,0,3.1200,0.7040,0.1760,0.0230,0,ACTIVE,1,5,5
581,12249,23:10:00,0,0.00,0,2.2100,0.4980,0.1240,0.0162,0,ACTIVE,1,5,5
581,12250,23:10:30,0,0.00,0,2.2600,0.5200,0.1240,0.0162,0,ACTIVE,1,5,5
581,12251,23:11:00,0,8.00,0,4.8700,1.0400,0.2900,0.0347,0,ACTIVE,1,5,5
581,12252,23:11:30,0,0.00,0,4.2400,0.9130,0.2490,0.0347,0,ACTIVE,1,5,5
581,12253,23:12:00,0,0.00,0,3.9200,0.8750,0.2230,0.0279,0,ACTIVE,1,5,5
581,12254,23:12:30,0,0.00,0,4.3700,0.9750,0.2490,0.0347,0,ACTIVE,1,5,5
581,12255,23:13:00,0,6.00,0,4.2800,0.9330,0.2490,0.0347,0,ACTIVE,1,5,5
581,12256,23:13:30,0,0.00,0,2.7800,0.6460,0.1510,0.0230,0,ACTIVE,1,5,5
581,12257,23:14:00,0,0.00,0,3.5200,0.7850,0.2000,0.0279,0,ACTIVE,1,5,5
581,12258,23:14:30,0,7.00,0,3.2300,0.7510,0.1760,0.0230,0,ACTIVE,1,5,5
581,12259,23:15:00,0,0.00,0,3.5200,0.7850,0.2000,0.0279,0,ACTIVE,1,5,5
581,12260,23:15:30,0,1.00,0,5.8500,1.2900,0.3370,0.0395,0,ACTIVE,1,5,5
581,12261,23:16:00,0,0.00,0,5.9200,1.3200,0.3370,0.0460,0,ACTIVE,1,5,5
581,12262,23:16:30,0,0.00,0,6.1800,1.3500,0.3600,0.0460,0,ACTIVE,1,5,5
581,12263,23:17:00,0,0.00,0,6.8300,1.4100,0.4190,0.0460,0,ACTIVE,1,5,5
581,12264,23:17:30,0,9.00,0,6.3900,1.3500,0.3840,0.0460,0,ACTIVE,1,5,5
581,12265,23:18:00,0,0.00,0,3.5500,0.8020,0.2000,0.0230,0,ACTIVE,1,5,5
581,12266,23:18:30,0,0.00,0,4.8700,1.0400,0.2900,0.0347,0,ACTIVE,1,5,5
581,12267,23:19:00,0,5.00,0,4.3700,0.9750,0.2490,0.0347,0,ACTIVE,1,5,5
581,12268,23:19:30,0,0.00,0,4.2700,0.9330,0.2490,0.0279,0,ACTIVE,1,5,5
581,12269,23:20:00,0,6.00,0,4.2300,0.9130,0.2490,0.0279,0,ACTIVE,1,5,5
581,12270,23:20:30,0,0.00,0,3.3700,0.7200,0.2000,0.0230,0,ACTIVE,1,5,5
581,12271,23:21:00,0,0.00,0,3.0900,0.6890,0.1760,0.0230,0,ACTIVE,1,5,5
581,12272,23:21:30,0,1.00,0,3.3400,0.7040,0.2000,0.0230,0,ACTIVE,1,5,5
581,12273,23:22:00,0,14.00,0,3.9600,0.8940,0.2230,0.0279,0,ACTIVE,1,5,5
581,12274,23:22:30,0,0.00,0,4.5200,1.0400,0.2490,0.0347,0,ACTIVE,1,5,5
581,12275,23:23:00,0,1.00,0,4.9200,1.0600,0.2900,0.0347,0,ACTIVE,1,5,5
581,12276,23:23:30,0,0.00,0,3.4800,0.7680,0.2000,0.0279,0,ACTIVE,1,5,5
581,12277,23:24:00,0,2.00,0,4.2300,0.9130,0.2490,0.0279,0,ACTIVE,1,5,5
581,12278,23:24:30,0,6.00,0,4.3300,0.9540,0.2490,0.0347,0,ACTIVE,1,5,5
581,12279,23:25:00,0,4.00,0,2.7100,0.6180,0.1510,0.0162,0,ACTIVE,1,5,5
581,12280,23:25:30,0,0.00,0,2.6800,0.6050,0.1510,0.0162,0,ACTIVE,1,5,5
581,12281,23:26:00,0,0.00,0,3.0900,0.6890,0.1760,0.0230,0,ACTIVE,1,5,5
581,12282,23:26:30,0,15.00,0,2.7100,0.6180,0.1510,0.0162,0,ACTIVE,1,5,5
581,12283,23:27:00,0,0.00,0,3.0200,0.6600,0.1760,0.0162,0,ACTIVE,1,5,5
581,12284,23:27:30,0,0.00,0,3.0900,0.6890,0.1760,0.0230,0,ACTIVE,1,5,5
581,12285,23:28:00,0,1.00,0,4.3200,0.9540,0.2490,0.0279,0,ACTIVE,1,5,5
581,12286,23:28:30,0,0.00,0,4.4700,1.0200,0.2490,0.0347,0,ACTIVE,1,5,5
581,12287,23:29:00,0,6.00,0,4.8200,1.0200,0.2900,0.0347,0,ACTIVE,1,5,5
581,12288,23:29:30,0,0.00,0,4.8800,1.0400,0.2900,0.0395,0,ACTIVE,1,5,5
581,12289,23:30:00,0,0.00,0,4.2300,0.9130,0.2490,0.0279,0,ACTIVE,1,5,5
581,12290,23:30:30,0,0.00,0,3.9600,0.8940,0.2230,0.0279,0,ACTIVE,1,5,5
581,12291,23:31:00,0,0.00,0,3.9600,0.8940,0.2230,0.0279,0,ACTIVE,1,5,5
581,12292,23:31:30,0,15.00,0,3.0600,0.6740,0.1760,0.0230,0,ACTIVE,1,5,5
581,12293,23:32:00,0,0.00,0,3.5900,0.8200,0.2000,0.0230,0,ACTIVE,1,5,5
581,12294,23:32:30,0,1.00,0,27.4800,7.8000,1.1600,0.0939,0,ACTIVE,1,5,5
581,12295,23:33:00,0,0.00,0,41.8600,9.4700,2.3700,0.1550,0,ACTIVE,1,5,5
581,12296,23:33:30,0,0.00,0,124.2100,25.1000,7.8000,0.3840,0,ACTIVE,1,5,5
581,12297,23:34:00,0,9.00,0,179.4100,34.8000,11.5000,1.6000,0,ACTIVE,1,5,5
581,12298,23:34:30,0,0.00,0,5.3700,1.1600,0.3160,0.0395,0,ACTIVE,1,5,5
581,12299,23:35:00,0,0.00,0,5.8600,1.2900,0.3370,0.0460,0,ACTIVE,1,5,5
581,12300,23:35:30,0,9.00,0,3.4800,0.7680,0.2000,0.0279,1,ACTIVE,1,5,5
581,12301,23:36:00,0,0.00,0,3.4800,0.7680,0.2000,0.0279,1,ACTIVE,1,5,5
581,12302,23:36:30,0,0.00,0,3.7300,0.7850,0.2230,0.0347,1,ACTIVE,1,5,5
581,12303,23:37:00,0,338.00,0,4.5100,0.8750,0.2900,0.0347,1,ACTIVE,1,5,5
581,12304,23:37:30,0,566.00,0,252.3100,37.9000,18.5000,5.6300,1,ACTIVE,1,5,5
581,12305,23:38:00,0,86.00,1,12.8900,2.7600,0.7680,0.0650,1,REST,1,5,5
581,12306,23:38:30,0,181.00,0,6.5800,2.1300,0.2090,0.0412,1,REST-S,1,5,5
581,12307,23:39:00,0,0.00,0,0.2400,0.1070,0.0000,0.0000,1,REST-S,1,5,5
581,12308,23:39:30,0,0.00,0,0.2500,0.1120,0.0000,0.0000,1,REST-S,1,5,5
581,12309,23:40:00,0,0.00,0,0.2500,0.1120,0.0000,0.0000,0,REST-S,1,5,5
581,12310,23:40:30,0,0.00,0,0.2400,0.1070,0.0000,0.0000,0,REST-S,1,5,5
581,12311,23:41:00,0,0.00,0,0.2500,0.1120,0.0000,0.0000,0,REST-S,1,5,5
581,12312,23:41:30,0,0.00,0,0.2500,0.1120,0.0000,0.0000,0,REST-S,1,5,5
581,12313,23:42:00,0,0.00,0,0.2500,0.1120,0.0000,0.0000,0,REST-S,1,5,5
581,12314,23:42:30,0,0.00,0,0.2500,0.1120,0.0000,0.0000,0,REST-S,1,5,5
581,12315,23:43:00,0,0.00,0,0.2500,0.1120,0.0000,0.0000,0,REST-S,1,5,5
581,12316,23:43:30,0,0.00,0,0.2500,0.1120,0.0000,0.0000,0,REST-S,1,5,5
581,12317,23:44:00,0,0.00,0,0.2500,0.1120,0.0000,0.0000,0,REST-S,1,5,5
581,12318,23:44:30,0,0.00,0,0.2500,0.1120,0.0000,0.0000,0,REST-S,1,5,5
581,12319,23:45:00,0,0.00,0,0.2500,0.1120,0.0000,0.0000,0,REST-S,1,5,5
581,12320,23:45:30,0,0.00,0,0.2500,0.1120,0.0000,0.0000,0,REST-S,1,5,5
581,12321,23:46:00,0,0.00,0,0.2500,0.1120,0.0000,0.0000,0,REST-S,1,5,5
581,12322,23:46:30,0,0.00,0,0.2500,0.1120,0.0000,0.0000,0,REST-S,1,5,5
581,12323,23:47:00,0,0.00,0,0.2500,0.1120,0.0000,0.0000,0,REST-S,1,5,5
581,12324,23:47:30,0,0.00,0,0.2500,0.1120,0.0000,0.0000,0,REST-S,1,5,5
581,12325,23:48:00,0,0.00,0,0.2500,0.1120,0.0000,0.0000,0,REST-S,1,5,5
581,12326,23:48:30,0,0.00,0,0.2500,0.1120,0.0000,0.0000,0,REST-S,1,5,5
581,12327,23:49:00,0,0.00,0,0.2500,0.1120,0.0000,0.0000,0,REST-S,1,5,5
581,12328,23:49:30,0,0.00,0,0.2500,0.1120,0.0000,0.0000,0,REST-S,1,5,5
581,12329,23:50:00,0,0.00,0,0.2400,0.1070,0.0000,0.0000,0,REST-S,1,5,5
581,12330,23:50:30,0,0.00,0,0.2500,0.1120,0.0000,0.0000,0,REST-S,1,5,5
581,12331,23:51:00,0,0.00,0,0.2500,0.1120,0.0000,0.0000,0,REST-S,1,5,5
581,12332,23:51:30,0,0.00,0,0.2700,0.1220,0.0000,0.0000,0,REST-S,1,5,5
581,12333,23:52:00,0,0.00,0,0.2700,0.1220,0.0000,0.0000,0,REST-S,1,5,5
581,12334,23:52:30,0,9.00,0,0.2500,0.1120,0.0000,0.0000,1,REST-S,1,5,5
581,12335,23:53:00,0,45.00,0,0.2700,0.1220,0.0000,0.0000,1,REST-S,1,5,5
581,12336,23:53:30,0,52.00,0,0.2800,0.1220,0.0000,0.0117,1,REST-S,1,5,5
581,12337,23:54:00,0,73.00,0,0.2700,0.1220,0.0000,0.0000,1,REST-S,1,5,5
581,12338,23:54:30,0,0.00,0,0.2700,0.1220,0.0000,0.0000,0,REST-S,1,5,5
581,12339,23:55:00,0,0.00,0,0.2700,0.1220,0.0000,0.0000,0,REST-S,1,5,5
581,12340,23:55:30,0,0.00,0,0.2800,0.1220,0.0000,0.0117,0,REST-S,1,5,5
581,12341,23:56:00,0,59.00,0,0.2800,0.1220,0.0000,0.0117,1,REST-S,1,5,5
581,12342,23:56:30,0,96.00,0,0.4600,0.1070,0.0251,0.0000,1,REST-S,1,5,5
581,12343,23:57:00,0,0.00,0,0.2700,0.1220,0.0000,0.0000,0,REST-S,1,5,5
581,12344,23:57:30,0,0.00,0,0.2700,0.1220,0.0000,0.0000,0,REST-S,1,5,5
581,12345,23:58:00,0,0.00,0,0.2700,0.1220,0.0000,0.0000,0,REST-S,1,5,5
581,12346,23:58:30,0,0.00,0,0.2700,0.1220,0.0000,0.0000,0,REST-S,1,5,5
581,12347,23:59:00,0,0.00,0,0.2800,0.1220,0.0000,0.0117,0,REST-S,1,5,5
581,12348,23:59:30,0,12.00,0,0.2800,0.1220,0.0000,0.0117,1,REST-S,1,5,5
581,12349,0:00:00,0,54.00,0,0.2700,0.1220,0.0000,0.0000,1,REST-S,2,6,5
581,12350,0:00:30,0,93.00,0,0.4600,0.1070,0.0251,0.0000,1,REST-S,2,6,5
581,12351,0:01:00,0,0.00,0,0.3000,0.1300,0.0000,0.0117,0,REST-S,2,6,5
581,12352,0:01:30,0,0.00,0,0.5500,0.1070,0.0347,0.0117,0,REST-S,2,6,5
581,12353,0:02:00,0,0.00,0,0.5500,0.1070,0.0347,0.0117,0,REST-S,2,6,5
581,12354,0:02:30,0,0.00,0,0.5500,0.1070,0.0347,0.0117,0,REST-S,2,6,5
581,12355,0:03:00,0,0.00,0,0.5500,0.1070,0.0347,0.0117,0,REST-S,2,6,5
581,12356,0:03:30,0,0.00,0,0.5700,0.1140,0.0347,0.0117,0,REST-S,2,6,5
581,12357,0:04:00,0,0.00,0,0.5700,0.1140,0.0347,0.0117,0,REST-S,2,6,5
581,12358,0:04:30,0,0.00,0,0.2900,0.1300,0.0000,0.0000,0,REST-S,2,6,5
581,12359,0:05:00,0,0.00,0,0.3000,0.1300,0.0000,0.0117,0,REST-S,2,6,5
581,12360,0:05:30,0,0.00,0,0.3000,0.1300,0.0000,0.0117,0,REST-S,2,6,5
581,12361,0:06:00,0,0.00,0,0.4700,0.1140,0.0251,0.0000,0,REST-S,2,6,5
581,12362,0:06:30,0,0.00,0,0.5700,0.1140,0.0347,0.0117,0,REST-S,2,6,5
581,12363,0:07:00,0,0.00,0,0.5700,0.1140,0.0347,0.0117,0,REST-S,2,6,5
581,12364,0:07:30,0,0.00,0,0.5700,0.1140,0.0347,0.0117,0,REST-S,2,6,5
581,12365,0:08:00,0,0.00,0,0.4700,0.1140,0.0251,0.0000,0,REST-S,2,6,5
581,12366,0:08:30,0,0.00,0,0.5700,0.1140,0.0347,0.0117,0,REST-S,2,6,5
581,12367,0:09:00,0,0.00,0,0.5700,0.1140,0.0347,0.0117,0,REST-S,2,6,5
581,12368,0:09:30,0,0.00,0,0.5700,0.1140,0.0347,0.0117,0,REST-S,2,6,5
581,12369,0:10:00,0,0.00,0,0.5700,0.1140,0.0347,0.0117,0,REST-S,2,6,5
581,12370,0:10:30,0,0.00,0,0.4700,0.1140,0.0251,0.0000,0,REST-S,2,6,5
581,12371,0:11:00,0,0.00,0,0.5700,0.1140,0.0347,0.0117,0,REST-S,2,6,5
581,12372,0:11:30,0,0.00,0,0.5700,0.1140,0.0347,0.0117,0,REST-S,2,6,5
581,12373,0:12:00,0,0.00,0,0.5700,0.1140,0.0347,0.0117,0,REST-S,2,6,5
581,12374,0:12:30,0,0.00,0,0.5700,0.1140,0.0347,0.0117,0,REST-S,2,6,5
581,12375,0:13:00,0,0.00,0,0.5700,0.1140,0.0347,0.0117,0,REST-S,2,6,5
581,12376,0:13:30,0,0.00,0,0.5700,0.1140,0.0347,0.0117,0,REST-S,2,6,5
581,12377,0:14:00,0,0.00,0,0.5700,0.1140,0.0347,0.0117,0,REST-S,2,6,5
581,12378,0:14:30,0,0.00,0,0.5700,0.1140,0.0347,0.0117,0,REST-S,2,6,5
581,12379,0:15:00,0,0.00,0,0.5700,0.1140,0.0347,0.0117,0,REST-S,2,6,5
581,12380,0:15:30,0,0.00,0,0.5700,0.1140,0.0347,0.0117,0,REST-S,2,6,5
581,12381,0:16:00,0,0.00,0,0.5700,0.1140,0.0347,0.0117,0,REST-S,2,6,5
581,12382,0:16:30,0,0.00,0,0.5700,0.1140,0.0347,0.0117,0,REST-S,2,6,5
581,12383,0:17:00,0,0.00,0,0.5700,0.1140,0.0347,0.0117,0,REST-S,2,6,5
581,12384,0:17:30,0,0.00,0,0.5700,0.1140,0.0347,0.0117,0,REST-S,2,6,5
581,12385,0:18:00,0,0.00,0,0.5700,0.1140,0.0347,0.0117,0,REST-S,2,6,5
581,12386,0:18:30,0,0.00,0,0.5700,0.1140,0.0347,0.0117,0,REST-S,2,6,5
581,12387,0:19:00,0,0.00,0,0.5800,0.1190,0.0347,0.0117,0,REST-S,2,6,5
581,12388,0:19:30,0,0.00,0,0.5700,0.1140,0.0347,0.0117,0,REST-S,2,6,5
581,12389,0:20:00,0,0.00,0,0.5800,0.1190,0.0347,0.0117,0,REST-S,2,6,5
581,12390,0:20:30,0,0.00,0,0.5800,0.1190,0.0347,0.0117,0,REST-S,2,6,5
581,12391,0:21:00,0,0.00,0,0.5700,0.1140,0.0347,0.0117,0,REST-S,2,6,5
581,12392,0:21:30,0,0.00,0,0.5800,0.1190,0.0347,0.0117,0,REST-S,2,6,5
581,12393,0:22:00,0,0.00,0,0.5800,0.1190,0.0347,0.0117,0,REST-S,2,6,5
581,12394,0:22:30,0,0.00,0,0.5800,0.1190,0.0347,0.0117,0,REST-S,2,6,5
581,12395,0:23:00,0,0.00,0,0.5800,0.1190,0.0347,0.0117,0,REST-S,2,6,5
581,12396,0:23:30,0,0.00,0,0.5800,0.1190,0.0347,0.0117,0,REST-S,2,6,5
581,12397,0:24:00,0,0.00,0,0.5800,0.1190,0.0347,0.0117,0,REST-S,2,6,5
581,12398,0:24:30,0,0.00,0,0.5700,0.1140,0.0347,0.0117,0,REST-S,2,6,5
581,12399,0:25:00,0,0.00,0,0.6200,0.1360,0.0347,0.0117,0,REST-S,2,6,5
581,12400,0:25:30,0,0.00,0,0.6200,0.1360,0.0347,0.0117,0,REST-S,2,6,5
581,12401,0:26:00,0,0.00,0,0.6200,0.1360,0.0347,0.0117,0,REST-S,2,6,5
581,12402,0:26:30,0,0.00,0,0.6200,0.1360,0.0347,0.0117,0,REST-S,2,6,5
581,12403,0:27:00,0,0.00,0,0.6400,0.1450,0.0347,0.0117,0,REST-S,2,6,5
581,12404,0:27:30,0,0.00,0,0.6400,0.1450,0.0347,0.0117,0,REST-S,2,6,5
581,12405,0:28:00,0,0.00,0,0.6200,0.1360,0.0347,0.0117,0,REST-S,2,6,5
581,12406,0:28:30,0,0.00,0,0.6200,0.1360,0.0347,0.0117,0,REST-S,2,6,5
581,12407,0:29:00,0,0.00,0,0.6200,0.1360,0.0347,0.0117,0,REST-S,2,6,5
581,12408,0:29:30,0,0.00,0,0.6200,0.1360,0.0347,0.0117,0,REST-S,2,6,5
581,12409,0:30:00,0,0.00,0,0.6000,0.1300,0.0347,0.0117,0,REST-S,2,6,5
581,12410,0:30:30,0,0.00,0,0.5800,0.1190,0.0347,0.0117,0,REST-S,2,6,5
581,12411,0:31:00,0,0.00,0,0.5800,0.1190,0.0347,0.0117,0,REST-S,2,6,5
581,12412,0:31:30,0,0.00,0,0.5800,0.1190,0.0347,0.0117,0,REST-S,2,6,5
581,12413,0:32:00,0,0.00,0,0.5800,0.1190,0.0347,0.0117,0,REST-S,2,6,5
581,12414,0:32:30,0,0.00,0,0.5800,0.1190,0.0347,0.0117,0,REST-S,2,6,5
581,12415,0:33:00,0,0.00,0,0.5800,0.1190,0.0347,0.0117,0,REST-S,2,6,5
581,12416,0:33:30,0,0.00,0,0.5800,0.1190,0.0347,0.0117,0,REST-S,2,6,5
581,12417,0:34:00,0,0.00,0,0.5800,0.1190,0.0347,0.0117,0,REST-S,2,6,5
581,12418,0:34:30,0,0.00,0,0.5800,0.1190,0.0347,0.0117,0,REST-S,2,6,5
581,12419,0:35:00,0,0.00,0,0.5800,0.1190,0.0347,0.0117,0,REST-S,2,6,5
581,12420,0:35:30,0,0.00,0,0.5800,0.1190,0.0347,0.0117,0,REST-S,2,6,5
581,12421,0:36:00,0,0.00,0,0.5800,0.1190,0.0347,0.0117,0,REST-S,2,6,5
581,12422,0:36:30,0,0.00,0,0.5800,0.1190,0.0347,0.0117,0,REST-S,2,6,5
581,12423,0:37:00,0,0.00,0,0.5800,0.1190,0.0347,0.0117,0,REST-S,2,6,5
581,12424,0:37:30,0,0.00,0,0.5800,0.1190,0.0347,0.0117,0,REST-S,2,6,5
581,12425,0:38:00,0,0.00,0,0.5800,0.1190,0.0347,0.0117,0,REST-S,2,6,5
581,12426,0:38:30,0,0.00,0,0.5800,0.1190,0.0347,0.0117,0,REST-S,2,6,5
581,12427,0:39:00,0,0.00,0,0.5800,0.1190,0.0347,0.0117,0,REST-S,2,6,5
581,12428,0:39:30,0,0.00,0,0.5800,0.1190,0.0347,0.0117,0,REST-S,2,6,5
581,12429,0:40:00,0,114.00,0,0.5800,0.1190,0.0347,0.0117,1,REST-S,2,6,5
581,12430,0:40:30,0,0.00,0,0.5800,0.1190,0.0347,0.0117,0,REST-S,2,6,5
581,12431,0:41:00,0,0.00,0,0.5800,0.1190,0.0347,0.0117,0,REST-S,2,6,5
581,12432,0:41:30,0,0.00,0,0.5800,0.1190,0.0347,0.0117,0,REST-S,2,6,5
581,12433,0:42:00,0,0.00,0,0.5800,0.1190,0.0347,0.0117,0,REST-S,2,6,5
581,12434,0:42:30,0,45.00,0,0.5800,0.1190,0.0347,0.0117,1,REST-S,2,6,5
581,12435,0:43:00,0,42.00,0,0.5800,0.1190,0.0347,0.0117,1,REST-S,2,6,5
581,12436,0:43:30,0,54.00,0,0.5800,0.1190,0.0347,0.0117,1,REST-S,2,6,5
581,12437,0:44:00,0,1.00,0,0.5800,0.1190,0.0347,0.0117,0,REST-S,2,6,5
581,12438,0:44:30,0,0.00,0,0.5800,0.1190,0.0347,0.0117,0,REST-S,2,6,5
581,12439,0:45:00,0,1.00,0,0.5800,0.1190,0.0347,0.0117,0,REST-S,2,6,5
581,12440,0:45:30,0,0.00,0,0.5800,0.1190,0.0347,0.0117,0,REST-S,2,6,5
581,12441,0:46:00,0,0.00,0,0.6200,0.1360,0.0347,0.0117,0,REST-S,2,6,5
581,12442,0:46:30,0,0.00,0,0.6200,0.1360,0.0347,0.0117,0,REST-S,2,6,5
581,12443,0:47:00,0,0.00,0,0.6200,0.1360,0.0347,0.0117,0,REST-S,2,6,5
581,12444,0:47:30,0,0.00,0,0.6200,0.1360,0.0347,0.0117,0,REST-S,2,6,5
581,12445,0:48:00,0,0.00,0,0.6200,0.1360,0.0347,0.0117,0,REST-S,2,6,5
581,12446,0:48:30,0,0.00,0,0.6200,0.1360,0.0347,0.0117,0,REST-S,2,6,5
581,12447,0:49:00,0,0.00,0,0.6200,0.1360,0.0347,0.0117,0,REST-S,2,6,5
581,12448,0:49:30,0,0.00,0,0.6200,0.1360,0.0347,0.0117,0,REST-S,2,6,5
581,12449,0:50:00,0,0.00,0,0.6200,0.1360,0.0347,0.0117,0,REST-S,2,6,5
581,12450,0:50:30,0,0.00,0,0.6000,0.1300,0.0347,0.0117,0,REST-S,2,6,5
581,12451,0:51:00,0,0.00,0,0.6200,0.1360,0.0347,0.0117,0,REST-S,2,6,5
581,12452,0:51:30,0,0.00,0,0.6200,0.1360,0.0347,0.0117,0,REST-S,2,6,5
581,12453,0:52:00,0,0.00,0,0.6200,0.1360,0.0347,0.0117,0,REST-S,2,6,5
581,12454,0:52:30,0,0.00,0,0.6200,0.1360,0.0347,0.0117,0,REST-S,2,6,5
581,12455,0:53:00,0,0.00,0,0.6200,0.1360,0.0347,0.0117,0,REST-S,2,6,5
581,12456,0:53:30,0,0.00,0,0.6200,0.1360,0.0347,0.0117,1,REST-S,2,6,5
581,12457,0:54:00,0,107.00,0,0.6200,0.1360,0.0347,0.0117,1,REST-S,2,6,5
581,12458,0:54:30,0,103.00,0,0.6200,0.1360,0.0347,0.0117,1,REST-S,2,6,5
581,12459,0:55:00,0,0.00,0,0.6200,0.1360,0.0347,0.0117,1,REST-S,2,6,5
581,12460,0:55:30,0,11.00,0,0.6200,0.1360,0.0347,0.0117,1,REST-S,2,6,5
581,12461,0:56:00,0,93.00,0,0.5200,0.1360,0.0251,0.0000,1,REST-S,2,6,5
581,12462,0:56:30,0,0.00,0,0.6000,0.1300,0.0347,0.0117,0,REST-S,2,6,5
581,12463,0:57:00,0,0.00,0,0.6000,0.1300,0.0347,0.0117,0,REST-S,2,6,5
581,12464,0:57:30,0,0.00,0,0.6000,0.1300,0.0347,0.0117,0,REST-S,2,6,5
581,12465,0:58:00,0,0.00,0,0.6000,0.1300,0.0347,0.0117,0,REST-S,2,6,5
581,12466,0:58:30,0,0.00,0,0.6000,0.1300,0.0347,0.0117,0,REST-S,2,6,5
581,12467,0:59:00,0,0.00,0,0.6000,0.1300,0.0347,0.0117,0,REST-S,2,6,5
581,12468,0:59:30,0,0.00,0,0.6000,0.1300,0.0347,0.0117,0,REST-S,2,6,5
581,12469,1:00:00,0,0.00,0,0.5800,0.1190,0.0347,0.0117,0,REST-S,2,6,5
581,12470,1:00:30,0,0.00,0,0.5100,0.1300,0.0251,0.0000,0,REST-S,2,6,5
581,12471,1:01:00,0,0.00,0,0.3100,0.1360,0.0000,0.0117,0,REST-S,2,6,5
581,12472,1:01:30,0,0.00,0,0.3100,0.1360,0.0000,0.0117,0,REST-S,2,6,5
581,12473,1:02:00,0,0.00,0,0.3100,0.1360,0.0000,0.0117,0,REST-S,2,6,5
581,12474,1:02:30,0,0.00,0,0.3100,0.1360,0.0000,0.0117,0,REST-S,2,6,5
581,12475,1:03:00,0,0.00,0,0.3100,0.1360,0.0000,0.0117,0,REST-S,2,6,5
581,12476,1:03:30,0,0.00,0,0.3100,0.1360,0.0000,0.0117,0,REST-S,2,6,5
581,12477,1:04:00,0,0.00,0,0.3000,0.1360,0.0000,0.0000,0,REST-S,2,6,5
581,12478,1:04:30,0,0.00,0,0.3100,0.1360,0.0000,0.0117,0,REST-S,2,6,5
581,12479,1:05:00,0,0.00,0,0.3100,0.1360,0.0000,0.0117,0,REST-S,2,6,5
581,12480,1:05:30,0,0.00,0,0.3100,0.1360,0.0000,0.0117,0,REST-S,2,6,5
581,12481,1:06:00,0,0.00,0,0.3000,0.1300,0.0000,0.0117,0,REST-S,2,6,5
581,12482,1:06:30,0,0.00,0,0.2900,0.1300,0.0000,0.0000,0,REST-S,2,6,5
581,12483,1:07:00,0,0.00,0,0.3100,0.1360,0.0000,0.0117,0,REST-S,2,6,5
581,12484,1:07:30,0,0.00,0,0.3100,0.1360,0.0000,0.0117,0,REST-S,2,6,5
581,12485,1:08:00,0,0.00,0,0.3000,0.1360,0.0000,0.0000,0,REST-S,2,6,5
581,12486,1:08:30,0,0.00,0,0.3000,0.1360,0.0000,0.0000,0,REST-S,2,6,5
581,12487,1:09:00,0,0.00,0,0.3000,0.1360,0.0000,0.0000,0,REST-S,2,6,5
581,12488,1:09:30,0,0.00,0,0.3000,0.1360,0.0000,0.0000,0,REST-S,2,6,5
581,12489,1:10:00,0,0.00,0,0.3000,0.1360,0.0000,0.0000,0,REST-S,2,6,5
581,12490,1:10:30,0,0.00,0,0.3000,0.1360,0.0000,0.0000,0,REST-S,2,6,5
581,12491,1:11:00,0,0.00,0,0.2900,0.1300,0.0000,0.0000,0,REST-S,2,6,5
581,12492,1:11:30,0,0.00,0,0.3000,0.1360,0.0000,0.0000,0,REST-S,2,6,5
581,12493,1:12:00,0,0.00,0,0.3000,0.1360,0.0000,0.0000,0,REST-S,2,6,5
581,12494,1:12:30,0,0.00,0,0.3000,0.1300,0.0000,0.0117,0,REST-S,2,6,5
581,12495,1:13:00,0,0.00,0,0.2900,0.1300,0.0000,0.0000,0,REST-S,2,6,5
581,12496,1:13:30,0,0.00,0,0.3000,0.1360,0.0000,0.0000,0,REST-S,2,6,5
581,12497,1:14:00,0,0.00,0,0.3100,0.1360,0.0000,0.0117,0,REST-S,2,6,5
581,12498,1:14:30,0,0.00,0,0.3000,0.1300,0.0000,0.0117,0,REST-S,2,6,5
581,12499,1:15:00,0,0.00,0,0.2900,0.1300,0.0000,0.0000,0,REST-S,2,6,5
581,12500,1:15:30,0,0.00,0,0.3000,0.1360,0.0000,0.0000,0,REST-S,2,6,5
581,12501,1:16:00,0,0.00,0,0.3000,0.1360,0.0000,0.0000,0,REST-S,2,6,5
581,12502,1:16:30,0,0.00,0,0.3000,0.1360,0.0000,0.0000,0,REST-S,2,6,5
581,12503,1:17:00,0,0.00,0,0.3100,0.1360,0.0000,0.0117,0,REST-S,2,6,5
581,12504,1:17:30,0,0.00,0,0.3000,0.1360,0.0000,0.0000,0,REST-S,2,6,5
581,12505,1:18:00,0,0.00,0,0.3000,0.1300,0.0000,0.0117,0,REST-S,2,6,5
581,12506,1:18:30,0,0.00,0,0.2800,0.1220,0.0000,0.0117,0,REST-S,2,6,5
581,12507,1:19:00,0,0.00,0,0.2800,0.1220,0.0000,0.0117,0,REST-S,2,6,5
581,12508,1:19:30,0,0.00,0,0.2800,0.1220,0.0000,0.0117,0,REST-S,2,6,5
581,12509,1:20:00,0,0.00,0,0.2800,0.1220,0.0000,0.0117,0,REST-S,2,6,5
581,12510,1:20:30,0,0.00,0,0.2700,0.1220,0.0000,0.0000,0,REST-S,2,6,5
581,12511,1:21:00,0,0.00,0,0.2700,0.1220,0.0000,0.0000,0,REST-S,2,6,5
581,12512,1:21:30,0,0.00,0,0.2800,0.1220,0.0000,0.0117,0,REST-S,2,6,5
581,12513,1:22:00,0,0.00,0,0.2800,0.1220,0.0000,0.0117,0,REST-S,2,6,5
581,12514,1:22:30,0,0.00,0,0.2700,0.1220,0.0000,0.0000,0,REST-S,2,6,5
581,12515,1:23:00,0,0.00,0,0.2700,0.1220,0.0000,0.0000,0,REST-S,2,6,5
581,12516,1:23:30,0,0.00,0,0.2700,0.1220,0.0000,0.0000,0,REST-S,2,6,5
581,12517,1:24:00,0,0.00,0,0.2800,0.1220,0.0000,0.0117,0,REST-S,2,6,5
581,12518,1:24:30,0,0.00,0,0.2700,0.1220,0.0000,0.0000,0,REST-S,2,6,5
581,12519,1:25:00,0,0.00,0,0.2900,0.1300,0.0000,0.0000,0,REST-S,2,6,5
581,12520,1:25:30,0,0.00,0,0.3000,0.1360,0.0000,0.0000,0,REST-S,2,6,5
581,12521,1:26:00,0,0.00,0,0.3000,0.1360,0.0000,0.0000,0,REST-S,2,6,5
581,12522,1:26:30,0,0.00,0,0.2700,0.1220,0.0000,0.0000,0,REST-S,2,6,5
581,12523,1:27:00,0,0.00,0,0.2700,0.1220,0.0000,0.0000,0,REST-S,2,6,5
581,12524,1:27:30,0,107.00,0,0.2700,0.1220,0.0000,0.0000,1,REST-S,2,6,5
581,12525,1:28:00,0,0.00,0,0.2800,0.1220,0.0000,0.0117,0,REST-S,2,6,5
581,12526,1:28:30,0,0.00,0,0.2700,0.1220,0.0000,0.0000,0,REST-S,2,6,5
581,12527,1:29:00,0,0.00,0,0.2700,0.1220,0.0000,0.0000,0,REST-S,2,6,5
581,12528,1:29:30,0,0.00,0,0.2800,0.1220,0.0000,0.0117,0,REST-S,2,6,5
581,12529,1:30:00,0,21.00,0,0.2800,0.1220,0.0000,0.0117,1,REST-S,2,6,5
581,12530,1:30:30,0,26.00,0,0.5500,0.1070,0.0347,0.0117,1,REST-S,2,6,5
581,12531,1:31:00,0,0.00,0,0.3000,0.1300,0.0000,0.0117,0,REST-S,2,6,5
581,12532,1:31:30,0,0.00,0,0.5700,0.1140,0.0347,0.0117,0,REST-S,2,6,5
581,12533,1:32:00,0,0.00,0,0.2900,0.1300,0.0000,0.0000,0,REST-S,2,6,5
581,12534,1:32:30,0,0.00,0,0.3000,0.1300,0.0000,0.0117,0,REST-S,2,6,5
581,12535,1:33:00,0,0.00,0,0.5700,0.1140,0.0347,0.0117,0,REST-S,2,6,5
581,12536,1:33:30,0,0.00,0,0.5700,0.1140,0.0347,0.0117,0,REST-S,2,6,5
581,12537,1:34:00,0,0.00,0,0.3000,0.1300,0.0000,0.0117,0,REST-S,2,6,5
581,12538,1:34:30,0,0.00,0,0.5700,0.1140,0.0347,0.0117,0,REST-S,2,6,5
581,12539,1:35:00,0,0.00,0,0.5700,0.1140,0.0347,0.0117,0,REST-S,2,6,5
581,12540,1:35:30,0,0.00,0,0.5800,0.1190,0.0347,0.0117,0,REST-S,2,6,5
581,12541,1:36:00,0,0.00,0,0.5700,0.1140,0.0347,0.0117,0,REST-S,2,6,5
581,12542,1:36:30,0,0.00,0,0.5800,0.1190,0.0347,0.0117,0,REST-S,2,6,5
581,12543,1:37:00,0,0.00,0,0.5700,0.1140,0.0347,0.0117,0,REST-S,2,6,5
581,12544,1:37:30,0,0.00,0,0.5700,0.1140,0.0347,0.0117,0,REST-S,2,6,5
581,12545,1:38:00,0,0.00,0,0.5800,0.1190,0.0347,0.0117,0,REST-S,2,6,5
581,12546,1:38:30,0,0.00,0,0.5700,0.1140,0.0347,0.0117,0,REST-S,2,6,5
581,12547,1:39:00,0,0.00,0,0.5800,0.1190,0.0347,0.0117,0,REST-S,2,6,5
581,12548,1:39:30,0,0.00,0,0.5800,0.1190,0.0347,0.0117,0,REST-S,2,6,5
581,12549,1:40:00,0,0.00,0,0.5800,0.1190,0.0347,0.0117,0,REST-S,2,6,5
581,12550,1:40:30,0,0.00,0,0.6200,0.1360,0.0347,0.0117,0,REST-S,2,6,5
581,12551,1:41:00,0,0.00,0,0.6200,0.1360,0.0347,0.0117,0,REST-S,2,6,5
581,12552,1:41:30,0,0.00,0,0.6200,0.1360,0.0347,0.0117,0,REST-S,2,6,5
581,12553,1:42:00,0,0.00,0,0.5800,0.1190,0.0347,0.0117,0,REST-S,2,6,5
581,12554,1:42:30,0,0.00,0,0.5800,0.1190,0.0347,0.0117,0,REST-S,2,6,5
581,12555,1:43:00,0,0.00,0,0.6000,0.1300,0.0347,0.0117,0,REST-S,2,6,5
581,12556,1:43:30,0,0.00,0,0.6200,0.1360,0.0347,0.0117,0,REST-S,2,6,5
581,12557,1:44:00,0,0.00,0,0.6200,0.1360,0.0347,0.0117,0,REST-S,2,6,5
581,12558,1:44:30,0,0.00,0,0.6200,0.1360,0.0347,0.0117,0,REST-S,2,6,5
581,12559,1:45:00,0,93.00,0,0.6200,0.1360,0.0347,0.0117,1,REST-S,2,6,5
581,12560,1:45:30,0,28.00,0,0.6200,0.1360,0.0347,0.0117,1,REST-S,2,6,5
581,12561,1:46:00,0,0.00,0,0.6200,0.1360,0.0347,0.0117,0,REST-S,2,6,5
581,12562,1:46:30,0,0.00,0,0.6200,0.1360,0.0347,0.0117,0,REST-S,2,6,5
581,12563,1:47:00,0,0.00,0,0.6000,0.1300,0.0347,0.0117,0,REST-S,2,6,5
581,12564,1:47:30,0,0.00,0,0.5800,0.1190,0.0347,0.0117,0,REST-S,2,6,5
581,12565,1:48:00,0,0.00,0,0.5800,0.1190,0.0347,0.0117,0,REST-S,2,6,5
581,12566,1:48:30,0,0.00,0,0.5800,0.1190,0.0347,0.0117,0,REST-S,2,6,5
581,12567,1:49:00,0,0.00,0,0.5800,0.1190,0.0347,0.0117,0,REST-S,2,6,5
581,12568,1:49:30,0,0.00,0,0.5800,0.1190,0.0347,0.0117,0,REST-S,2,6,5
581,12569,1:50:00,0,0.00,0,0.5800,0.1190,0.0347,0.0117,0,REST-S,2,6,5
581,12570,1:50:30,0,0.00,0,0.5800,0.1190,0.0347,0.0117,0,REST-S,2,6,5
581,12571,1:51:00,0,0.00,0,0.5800,0.1190,0.0347,0.0117,0,REST-S,2,6,5
581,12572,1:51:30,0,0.00,0,0.5800,0.1190,0.0347,0.0117,0,REST-S,2,6,5
581,12573,1:52:00,0,0.00,0,0.5700,0.1140,0.0347,0.0117,0,REST-S,2,6,5
581,12574,1:52:30,0,0.00,0,0.5700,0.1140,0.0347,0.0117,0,REST-S,2,6,5
581,12575,1:53:00,0,0.00,0,0.5700,0.1140,0.0347,0.0117,0,REST-S,2,6,5
581,12576,1:53:30,0,0.00,0,0.5800,0.1190,0.0347,0.0117,0,REST-S,2,6,5
581,12577,1:54:00,0,0.00,0,0.5700,0.1140,0.0347,0.0117,0,REST-S,2,6,5
581,12578,1:54:30,0,0.00,0,0.5700,0.1140,0.0347,0.0117,0,REST-S,2,6,5
581,12579,1:55:00,0,0.00,0,0.5700,0.1140,0.0347,0.0117,0,REST-S,2,6,5
581,12580,1:55:30,0,0.00,0,0.5700,0.1140,0.0347,0.0117,0,REST-S,2,6,5
581,12581,1:56:00,0,0.00,0,0.5500,0.1070,0.0347,0.0117,0,REST-S,2,6,5
581,12582,1:56:30,0,0.00,0,0.5700,0.1140,0.0347,0.0117,0,REST-S,2,6,5
581,12583,1:57:00,0,0.00,0,0.5700,0.1140,0.0347,0.0117,0,REST-S,2,6,5
581,12584,1:57:30,0,0.00,0,0.5800,0.1190,0.0347,0.0117,0,REST-S,2,6,5
581,12585,1:58:00,0,0.00,0,0.6000,0.1300,0.0347,0.0117,0,REST-S,2,6,5
581,12586,1:58:30,0,0.00,0,0.6000,0.1300,0.0347,0.0117,0,REST-S,2,6,5
581,12587,1:59:00,0,0.00,0,0.6000,0.1300,0.0347,0.0117,0,REST-S,2,6,5
581,12588,1:59:30,0,20.00,0,0.6000,0.1300,0.0347,0.0117,0,REST-S,2,6,5
581,12589,2:00:00,0,0.00,0,0.6000,0.1300,0.0347,0.0117,0,REST-S,2,6,5
581,12590,2:00:30,0,0.00,0,0.6000,0.1300,0.0347,0.0117,0,REST-S,2,6,5
581,12591,2:01:00,0,0.00,0,0.6000,0.1300,0.0347,0.0117,0,REST-S,2,6,5
581,12592,2:01:30,0,0.00,0,0.6000,0.1300,0.0347,0.0117,0,REST-S,2,6,5
581,12593,2:02:00,0,0.00,0,0.6000,0.1300,0.0347,0.0117,0,REST-S,2,6,5
581,12594,2:02:30,0,0.00,0,0.6000,0.1300,0.0347,0.0117,0,REST-S,2,6,5
581,12595,2:03:00,0,0.00,0,0.6000,0.1300,0.0347,0.0117,0,REST-S,2,6,5
581,12596,2:03:30,0,0.00,0,0.6200,0.1360,0.0347,0.0117,0,REST-S,2,6,5
581,12597,2:04:00,0,0.00,0,0.6000,0.1300,0.0347,0.0117,0,REST-S,2,6,5
581,12598,2:04:30,0,0.00,0,0.6200,0.1360,0.0347,0.0117,0,REST-S,2,6,5
581,12599,2:05:00,0,0.00,0,0.6200,0.1360,0.0347,0.0117,0,REST-S,2,6,5
581,12600,2:05:30,0,0.00,0,0.6200,0.1360,0.0347,0.0117,0,REST-S,2,6,5
581,12601,2:06:00,0,0.00,0,0.6200,0.1360,0.0347,0.0117,0,REST-S,2,6,5
581,12602,2:06:30,0,0.00,0,0.5800,0.1190,0.0347,0.0117,0,REST-S,2,6,5
581,12603,2:07:00,0,0.00,0,0.5800,0.1190,0.0347,0.0117,0,REST-S,2,6,5
581,12604,2:07:30,0,0.00,0,0.5800,0.1190,0.0347,0.0117,1,REST-S,2,6,5
581,12605,2:08:00,0,82.00,0,0.5800,0.1190,0.0347,0.0117,1,REST-S,2,6,5
581,12606,2:08:30,0,119.00,0,0.5800,0.1190,0.0347,0.0117,1,REST-S,2,6,5
581,12607,2:09:00,0,47.00,0,0.5800,0.1190,0.0347,0.0117,1,REST-S,2,6,5
581,12608,2:09:30,0,0.00,0,0.5700,0.1140,0.0347,0.0117,0,REST-S,2,6,5
581,12609,2:10:00,0,0.00,0,0.5700,0.1140,0.0347,0.0117,0,REST-S,2,6,5
581,12610,2:10:30,0,0.00,0,0.5700,0.1140,0.0347,0.0117,0,REST-S,2,6,5
581,12611,2:11:00,0,0.00,0,0.5700,0.1140,0.0347,0.0117,0,REST-S,2,6,5
581,12612,2:11:30,0,63.00,0,0.5700,0.1140,0.0347,0.0117,1,REST-S,2,6,5
581,12613,2:12:00,0,70.00,0,0.5700,0.1140,0.0347,0.0117,1,REST-S,2,6,5
581,12614,2:12:30,0,0.00,0,0.5700,0.1140,0.0347,0.0117,0,REST-S,2,6,5
581,12615,2:13:00,0,0.00,0,0.5700,0.1140,0.0347,0.0117,0,REST-S,2,6,5
581,12616,2:13:30,0,0.00,0,0.5700,0.1140,0.0347,0.0117,0,REST-S,2,6,5
581,12617,2:14:00,0,0.00,0,0.5700,0.1140,0.0347,0.0117,0,REST-S,2,6,5
581,12618,2:14:30,0,0.00,0,0.5700,0.1140,0.0347,0.0117,0,REST-S,2,6,5
581,12619,2:15:00,0,0.00,0,0.5700,0.1140,0.0347,0.0117,0,REST-S,2,6,5
581,12620,2:15:30,0,0.00,0,0.5800,0.1190,0.0347,0.0117,0,REST-S,2,6,5
581,12621,2:16:00,0,0.00,0,0.5700,0.1140,0.0347,0.0117,0,REST-S,2,6,5
581,12622,2:16:30,0,0.00,0,0.5700,0.1140,0.0347,0.0117,0,REST-S,2,6,5
581,12623,2:17:00,0,0.00,0,0.5700,0.1140,0.0347,0.0117,0,REST-S,2,6,5
581,12624,2:17:30,0,0.00,0,0.5700,0.1140,0.0347,0.0117,0,REST-S,2,6,5
581,12625,2:18:00,0,0.00,0,0.5700,0.1140,0.0347,0.0117,0,REST-S,2,6,5
581,12626,2:18:30,0,0.00,0,0.5700,0.1140,0.0347,0.0117,0,REST-S,2,6,5
581,12627,2:19:00,0,0.00,0,0.5700,0.1140,0.0347,0.0117,0,REST-S,2,6,5
581,12628,2:19:30,0,0.00,0,0.5700,0.1140,0.0347,0.0117,0,REST-S,2,6,5
581,12629,2:20:00,0,0.00,0,0.5700,0.1140,0.0347,0.0117,0,REST-S,2,6,5
581,12630,2:20:30,0,0.00,0,0.5700,0.1140,0.0347,0.0117,0,REST-S,2,6,5
581,12631,2:21:00,0,0.00,0,0.5800,0.1190,0.0347,0.0117,0,REST-S,2,6,5
581,12632,2:21:30,0,0.00,0,0.5800,0.1190,0.0347,0.0117,0,REST-S,2,6,5
581,12633,2:22:00,0,0.00,0,0.5800,0.1190,0.0347,0.0117,0,REST-S,2,6,5
581,12634,2:22:30,0,0.00,0,0.5700,0.1140,0.0347,0.0117,0,REST-S,2,6,5
581,12635,2:23:00,0,0.00,0,0.5700,0.1140,0.0347,0.0117,0,REST-S,2,6,5
581,12636,2:23:30,0,0.00,0,0.5800,0.1190,0.0347,0.0117,0,REST-S,2,6,5
581,12637,2:24:00,0,0.00,0,0.5800,0.1190,0.0347,0.0117,0,REST-S,2,6,5
581,12638,2:24:30,0,0.00,0,0.5800,0.1190,0.0347,0.0117,0,REST-S,2,6,5
581,12639,2:25:00,0,0.00,0,0.5800,0.1190,0.0347,0.0117,0,REST-S,2,6,5
581,12640,2:25:30,0,0.00,0,0.5800,0.1190,0.0347,0.0117,0,REST-S,2,6,5
581,12641,2:26:00,0,0.00,0,0.5800,0.1190,0.0347,0.0117,0,REST-S,2,6,5
581,12642,2:26:30,0,0.00,0,0.5700,0.1140,0.0347,0.0117,0,REST-S,2,6,5
581,12643,2:27:00,0,0.00,0,0.5800,0.1190,0.0347,0.0117,0,REST-S,2,6,5
581,12644,2:27:30,0,0.00,0,0.5800,0.1190,0.0347,0.0117,0,REST-S,2,6,5
581,12645,2:28:00,0,0.00,0,0.5800,0.1190,0.0347,0.0117,0,REST-S,2,6,5
581,12646,2:28:30,0,0.00,0,0.5800,0.1190,0.0347,0.0117,0,REST-S,2,6,5
581,12647,2:29:00,0,0.00,0,0.5800,0.1190,0.0347,0.0117,0,REST-S,2,6,5
581,12648,2:29:30,0,0.00,0,0.5800,0.1190,0.0347,0.0117,0,REST-S,2,6,5
581,12649,2:30:00,0,0.00,0,0.5800,0.1190,0.0347,0.0117,0,REST-S,2,6,5
581,12650,2:30:30,0,0.00,0,0.5800,0.1190,0.0347,0.0117,0,REST-S,2,6,5
581,12651,2:31:00,0,0.00,0,0.5800,0.1190,0.0347,0.0117,0,REST-S,2,6,5
581,12652,2:31:30,0,0.00,0,0.5800,0.1190,0.0347,0.0117,0,REST-S,2,6,5
581,12653,2:32:00,0,0.00,0,0.5800,0.1190,0.0347,0.0117,0,REST-S,2,6,5
581,12654,2:32:30,0,0.00,0,0.5800,0.1190,0.0347,0.0117,0,REST-S,2,6,5
581,12655,2:33:00,0,0.00,0,0.5800,0.1190,0.0347,0.0117,0,REST-S,2,6,5
581,12656,2:33:30,0,0.00,0,0.5800,0.1190,0.0347,0.0117,0,REST-S,2,6,5
581,12657,2:34:00,0,0.00,0,0.5800,0.1190,0.0347,0.0117,0,REST-S,2,6,5
581,12658,2:34:30,0,0.00,0,0.5800,0.1190,0.0347,0.0117,0,REST-S,2,6,5
581,12659,2:35:00,0,0.00,0,0.5800,0.1190,0.0347,0.0117,0,REST-S,2,6,5
581,12660,2:35:30,0,0.00,0,0.5800,0.1190,0.0347,0.0117,0,REST-S,2,6,5
581,12661,2:36:00,0,0.00,0,0.5800,0.1190,0.0347,0.0117,0,REST-S,2,6,5
581,12662,2:36:30,0,0.00,0,0.5800,0.1190,0.0347,0.0117,0,REST-S,2,6,5
581,12663,2:37:00,0,0.00,0,0.5800,0.1190,0.0347,0.0117,0,REST-S,2,6,5
581,12664,2:37:30,0,0.00,0,0.5800,0.1190,0.0347,0.0117,0,REST-S,2,6,5
581,12665,2:38:00,0,0.00,0,0.5800,0.1190,0.0347,0.0117,0,REST-S,2,6,5
581,12666,2:38:30,0,0.00,0,0.5800,0.1190,0.0347,0.0117,0,REST-S,2,6,5
581,12667,2:39:00,0,0.00,0,0.5800,0.1190,0.0347,0.0117,0,REST-S,2,6,5
581,12668,2:39:30,0,0.00,0,0.5800,0.1190,0.0347,0.0117,0,REST-S,2,6,5
581,12669,2:40:00,0,0.00,0,0.5800,0.1190,0.0347,0.0117,0,REST-S,2,6,5
581,12670,2:40:30,0,0.00,0,0.5800,0.1190,0.0347,0.0117,0,REST-S,2,6,5
581,12671,2:41:00,0,0.00,0,0.5800,0.1190,0.0347,0.0117,0,REST-S,2,6,5
581,12672,2:41:30,0,0.00,0,0.5800,0.1190,0.0347,0.0117,0,REST-S,2,6,5
581,12673,2:42:00,0,0.00,0,0.5800,0.1190,0.0347,0.0117,0,REST-S,2,6,5
581,12674,2:42:30,0,0.00,0,0.5800,0.1190,0.0347,0.0117,0,REST-S,2,6,5
581,12675,2:43:00,0,0.00,0,0.5800,0.1190,0.0347,0.0117,0,REST-S,2,6,5
581,12676,2:43:30,0,0.00,0,0.5800,0.1190,0.0347,0.0117,0,REST-S,2,6,5
581,12677,2:44:00,0,0.00,0,0.5800,0.1190,0.0347,0.0117,0,REST-S,2,6,5
581,12678,2:44:30,0,0.00,0,0.5800,0.1190,0.0347,0.0117,0,REST-S,2,6,5
581,12679,2:45:00,0,0.00,0,0.5800,0.1190,0.0347,0.0117,0,REST-S,2,6,5
581,12680,2:45:30,0,0.00,0,0.5800,0.1190,0.0347,0.0117,0,REST-S,2,6,5
581,12681,2:46:00,0,0.00,0,0.6000,0.1300,0.0347,0.0117,0,REST-S,2,6,5
581,12682,2:46:30,0,0.00,0,0.6000,0.1300,0.0347,0.0117,0,REST-S,2,6,5
581,12683,2:47:00,0,0.00,0,0.5800,0.1190,0.0347,0.0117,0,REST-S,2,6,5
581,12684,2:47:30,0,0.00,0,0.5800,0.1190,0.0347,0.0117,0,REST-S,2,6,5
581,12685,2:48:00,0,0.00,0,0.6000,0.1300,0.0347,0.0117,0,REST-S,2,6,5
581,12686,2:48:30,0,0.00,0,0.5800,0.1190,0.0347,0.0117,0,REST-S,2,6,5
581,12687,2:49:00,0,0.00,0,0.6000,0.1300,0.0347,0.0117,0,REST-S,2,6,5
581,12688,2:49:30,0,0.00,0,0.5800,0.1190,0.0347,0.0117,0,REST-S,2,6,5
581,12689,2:50:00,0,0.00,0,0.6000,0.1300,0.0347,0.0117,0,REST-S,2,6,5
581,12690,2:50:30,0,0.00,0,0.6000,0.1300,0.0347,0.0117,0,REST-S,2,6,5
581,12691,2:51:00,0,0.00,0,0.6000,0.1300,0.0347,0.0117,0,REST-S,2,6,5
581,12692,2:51:30,0,0.00,0,0.6000,0.1300,0.0347,0.0117,0,REST-S,2,6,5
581,12693,2:52:00,0,0.00,0,0.6000,0.1300,0.0347,0.0117,0,REST-S,2,6,5
581,12694,2:52:30,0,0.00,0,0.6000,0.1300,0.0347,0.0117,0,REST-S,2,6,5
581,12695,2:53:00,0,0.00,0,0.6000,0.1300,0.0347,0.0117,0,REST-S,2,6,5
581,12696,2:53:30,0,0.00,0,0.6000,0.1300,0.0347,0.0117,0,REST-S,2,6,5
581,12697,2:54:00,0,0.00,0,0.6000,0.1300,0.0347,0.0117,0,REST-S,2,6,5
581,12698,2:54:30,0,56.00,0,0.6000,0.1300,0.0347,0.0117,1,REST-S,2,6,5
581,12699,2:55:00,0,0.00,0,0.5800,0.1190,0.0347,0.0117,0,REST-S,2,6,5
581,12700,2:55:30,0,0.00,0,0.5800,0.1190,0.0347,0.0117,0,REST-S,2,6,5
581,12701,2:56:00,0,0.00,0,0.5800,0.1190,0.0347,0.0117,0,REST-S,2,6,5
581,12702,2:56:30,0,0.00,0,0.6000,0.1300,0.0347,0.0117,0,REST-S,2,6,5
581,12703,2:57:00,0,0.00,0,0.6000,0.1300,0.0347,0.0117,0,REST-S,2,6,5
581,12704,2:57:30,0,0.00,0,0.6000,0.1300,0.0347,0.0117,0,REST-S,2,6,5
581,12705,2:58:00,0,0.00,0,0.6000,0.1300,0.0347,0.0117,0,REST-S,2,6,5
581,12706,2:58:30,0,0.00,0,0.6000,0.1300,0.0347,0.0117,0,REST-S,2,6,5
581,12707,2:59:00,0,0.00,0,0.5800,0.1190,0.0347,0.0117,0,REST-S,2,6,5
581,12708,2:59:30,0,0.00,0,0.5800,0.1190,0.0347,0.0117,0,REST-S,2,6,5
581,12709,3:00:00,0,0.00,0,0.5800,0.1190,0.0347,0.0117,0,REST-S,2,6,5
581,12710,3:00:30,0,0.00,0,0.5800,0.1190,0.0347,0.0117,0,REST-S,2,6,5
581,12711,3:01:00,0,0.00,0,0.5700,0.1140,0.0347,0.0117,0,REST-S,2,6,5
581,12712,3:01:30,0,0.00,0,0.5700,0.1140,0.0347,0.0117,0,REST-S,2,6,5
581,12713,3:02:00,0,0.00,0,0.5800,0.1190,0.0347,0.0117,0,REST-S,2,6,5
581,12714,3:02:30,0,0.00,0,0.5800,0.1190,0.0347,0.0117,0,REST-S,2,6,5
581,12715,3:03:00,0,0.00,0,0.5700,0.1140,0.0347,0.0117,0,REST-S,2,6,5
581,12716,3:03:30,0,0.00,0,0.5800,0.1190,0.0347,0.0117,0,REST-S,2,6,5
581,12717,3:04:00,0,18.00,0,0.5800,0.1190,0.0347,0.0117,1,REST-S,2,6,5
581,12718,3:04:30,0,36.00,0,0.5800,0.1190,0.0347,0.0117,1,REST-S,2,6,5
581,12719,3:05:00,0,0.00,0,0.5800,0.1190,0.0347,0.0117,0,REST-S,2,6,5
581,12720,3:05:30,0,0.00,0,0.5800,0.1190,0.0347,0.0117,0,REST-S,2,6,5
581,12721,3:06:00,0,0.00,0,0.5800,0.1190,0.0347,0.0117,0,REST-S,2,6,5
581,12722,3:06:30,0,0.00,0,0.5800,0.1190,0.0347,0.0117,0,REST-S,2,6,5
581,12723,3:07:00,0,0.00,0,0.5800,0.1190,0.0347,0.0117,0,REST-S,2,6,5
581,12724,3:07:30,0,0.00,0,0.5800,0.1190,0.0347,0.0117,0,REST-S,2,6,5
581,12725,3:08:00,0,0.00,0,0.5800,0.1190,0.0347,0.0117,0,REST-S,2,6,5
581,12726,3:08:30,0,0.00,0,0.5800,0.1190,0.0347,0.0117,0,REST-S,2,6,5
581,12727,3:09:00,0,0.00,0,0.5800,0.1190,0.0347,0.0117,0,REST-S,2,6,5
581,12728,3:09:30,0,0.00,0,0.5800,0.1190,0.0347,0.0117,0,REST-S,2,6,5
581,12729,3:10:00,0,0.00,0,0.5800,0.1190,0.0347,0.0117,0,REST-S,2,6,5
581,12730,3:10:30,0,0.00,0,0.5800,0.1190,0.0347,0.0117,0,REST-S,2,6,5
581,12731,3:11:00,0,0.00,0,0.5800,0.1190,0.0347,0.0117,0,REST-S,2,6,5
581,12732,3:11:30,0,0.00,0,0.5800,0.1190,0.0347,0.0117,0,REST-S,2,6,5
581,12733,3:12:00,0,0.00,0,0.5800,0.1190,0.0347,0.0117,0,REST-S,2,6,5
581,12734,3:12:30,0,0.00,0,0.5800,0.1190,0.0347,0.0117,0,REST-S,2,6,5
581,12735,3:13:00,0,0.00,0,0.5800,0.1190,0.0347,0.0117,0,REST-S,2,6,5
581,12736,3:13:30,0,0.00,0,0.5800,0.1190,0.0347,0.0117,0,REST-S,2,6,5
581,12737,3:14:00,0,0.00,0,0.5800,0.1190,0.0347,0.0117,0,REST-S,2,6,5
581,12738,3:14:30,0,0.00,0,0.5800,0.1190,0.0347,0.0117,0,REST-S,2,6,5
581,12739,3:15:00,0,0.00,0,0.5800,0.1190,0.0347,0.0117,0,REST-S,2,6,5
581,12740,3:15:30,0,0.00,0,0.5800,0.1190,0.0347,0.0117,0,REST-S,2,6,5
581,12741,3:16:00,0,0.00,0,0.5800,0.1190,0.0347,0.0117,0,REST-S,2,6,5
581,12742,3:16:30,0,0.00,0,0.5800,0.1190,0.0347,0.0117,0,REST-S,2,6,5
581,12743,3:17:00,0,0.00,0,0.6000,0.1300,0.0347,0.0117,0,REST-S,2,6,5
581,12744,3:17:30,0,0.00,0,0.5800,0.1190,0.0347,0.0117,0,REST-S,2,6,5
581,12745,3:18:00,0,0.00,0,0.5800,0.1190,0.0347,0.0117,0,REST-S,2,6,5
581,12746,3:18:30,0,0.00,0,0.5800,0.1190,0.0347,0.0117,0,REST-S,2,6,5
581,12747,3:19:00,0,0.00,0,0.6000,0.1300,0.0347,0.0117,0,REST-S,2,6,5
581,12748,3:19:30,0,0.00,0,0.5800,0.1190,0.0347,0.0117,0,REST-S,2,6,5
581,12749,3:20:00,0,40.00,0,0.5800,0.1190,0.0347,0.0117,1,REST-S,2,6,5
581,12750,3:20:30,0,0.00,0,0.5800,0.1190,0.0347,0.0117,0,REST-S,2,6,5
581,12751,3:21:00,0,0.00,0,0.5800,0.1190,0.0347,0.0117,0,REST-S,2,6,5
581,12752,3:21:30,0,0.00,0,0.6000,0.1300,0.0347,0.0117,0,REST-S,2,6,5
581,12753,3:22:00,0,0.00,0,0.6000,0.1300,0.0347,0.0117,0,REST-S,2,6,5
581,12754,3:22:30,0,0.00,0,0.5800,0.1190,0.0347,0.0117,0,REST-S,2,6,5
581,12755,3:23:00,0,0.00,0,0.5800,0.1190,0.0347,0.0117,0,REST-S,2,6,5
581,12756,3:23:30,0,0.00,0,0.5800,0.1190,0.0347,0.0117,0,REST-S,2,6,5
581,12757,3:24:00,0,0.00,0,0.5800,0.1190,0.0347,0.0117,0,REST-S,2,6,5
581,12758,3:24:30,0,0.00,0,0.6000,0.1300,0.0347,0.0117,0,REST-S,2,6,5
581,12759,3:25:00,0,0.00,0,0.5800,0.1190,0.0347,0.0117,0,REST-S,2,6,5
581,12760,3:25:30,0,0.00,0,0.5800,0.1190,0.0347,0.0117,0,REST-S,2,6,5
581,12761,3:26:00,0,0.00,0,0.5800,0.1190,0.0347,0.0117,0,REST-S,2,6,5
581,12762,3:26:30,0,0.00,0,0.5800,0.1190,0.0347,0.0117,0,REST-S,2,6,5
581,12763,3:27:00,0,0.00,0,0.6000,0.1300,0.0347,0.0117,0,REST-S,2,6,5
581,12764,3:27:30,0,0.00,0,0.5800,0.1190,0.0347,0.0117,0,REST-S,2,6,5
581,12765,3:28:00,0,93.00,0,0.6000,0.1300,0.0347,0.0117,1,REST-S,2,6,5
581,12766,3:28:30,0,0.00,0,0.6000,0.1300,0.0347,0.0117,0,REST-S,2,6,5
581,12767,3:29:00,0,0.00,0,0.6000,0.1300,0.0347,0.0117,0,REST-S,2,6,5
581,12768,3:29:30,0,0.00,0,0.6200,0.1360,0.0347,0.0117,0,REST-S,2,6,5
581,12769,3:30:00,0,0.00,0,0.6000,0.1300,0.0347,0.0117,0,REST-S,2,6,5
581,12770,3:30:30,0,0.00,0,0.5800,0.1190,0.0347,0.0117,0,REST-S,2,6,5
581,12771,3:31:00,0,0.00,0,0.5800,0.1190,0.0347,0.0117,0,REST-S,2,6,5
581,12772,3:31:30,0,0.00,0,0.5800,0.1190,0.0347,0.0117,0,REST-S,2,6,5
581,12773,3:32:00,0,0.00,0,0.6000,0.1300,0.0347,0.0117,0,REST-S,2,6,5
581,12774,3:32:30,0,0.00,0,0.6000,0.1300,0.0347,0.0117,0,REST-S,2,6,5
581,12775,3:33:00,0,0.00,0,0.6000,0.1300,0.0347,0.0117,0,REST-S,2,6,5
581,12776,3:33:30,0,0.00,0,0.6200,0.1360,0.0347,0.0117,0,REST-S,2,6,5
581,12777,3:34:00,0,0.00,0,0.6400,0.1450,0.0347,0.0117,0,REST-S,2,6,5
581,12778,3:34:30,0,0.00,0,0.6200,0.1360,0.0347,0.0117,0,REST-S,2,6,5
581,12779,3:35:00,0,0.00,0,0.6200,0.1360,0.0347,0.0117,0,REST-S,2,6,5
581,12780,3:35:30,0,0.00,0,0.6400,0.1450,0.0347,0.0117,0,REST-S,2,6,5
581,12781,3:36:00,0,0.00,0,0.6200,0.1360,0.0347,0.0117,0,REST-S,2,6,5
581,12782,3:36:30,0,0.00,0,0.6400,0.1450,0.0347,0.0117,0,REST-S,2,6,5
581,12783,3:37:00,0,0.00,0,0.6400,0.1450,0.0347,0.0117,0,REST-S,2,6,5
581,12784,3:37:30,0,0.00,0,0.6400,0.1450,0.0347,0.0117,0,REST-S,2,6,5
581,12785,3:38:00,0,0.00,0,0.6400,0.1450,0.0347,0.0117,0,REST-S,2,6,5
581,12786,3:38:30,0,0.00,0,0.6200,0.1360,0.0347,0.0117,0,REST-S,2,6,5
581,12787,3:39:00,0,103.00,0,0.6400,0.1450,0.0347,0.0117,1,REST-S,2,6,5
581,12788,3:39:30,0,0.00,0,0.6400,0.1450,0.0347,0.0117,0,REST-S,2,6,5
581,12789,3:40:00,0,0.00,0,0.6200,0.1360,0.0347,0.0117,0,REST-S,2,6,5
581,12790,3:40:30,0,0.00,0,0.6400,0.1450,0.0347,0.0117,0,REST-S,2,6,5
581,12791,3:41:00,0,0.00,0,0.6400,0.1450,0.0347,0.0117,0,REST-S,2,6,5
581,12792,3:41:30,0,0.00,0,0.6400,0.1450,0.0347,0.0117,0,REST-S,2,6,5
581,12793,3:42:00,0,0.00,0,0.6400,0.1450,0.0347,0.0117,0,REST-S,2,6,5
581,12794,3:42:30,0,0.00,0,0.6400,0.1450,0.0347,0.0117,0,REST-S,2,6,5
581,12795,3:43:00,0,0.00,0,0.6400,0.1450,0.0347,0.0117,0,REST-S,2,6,5
581,12796,3:43:30,0,0.00,0,0.6400,0.1450,0.0347,0.0117,0,REST-S,2,6,5
581,12797,3:44:00,0,66.00,0,0.6400,0.1450,0.0347,0.0117,1,REST-S,2,6,5
581,12798,3:44:30,0,0.00,0,0.6400,0.1450,0.0347,0.0117,0,REST-S,2,6,5
581,12799,3:45:00,0,0.00,0,0.6400,0.1450,0.0347,0.0117,0,REST-S,2,6,5
581,12800,3:45:30,0,0.00,0,0.6200,0.1360,0.0347,0.0117,0,REST-S,2,6,5
581,12801,3:46:00,0,0.00,0,0.6400,0.1450,0.0347,0.0117,0,REST-S,2,6,5
581,12802,3:46:30,0,107.00,0,0.6400,0.1450,0.0347,0.0117,1,REST-S,2,6,5
581,12803,3:47:00,0,0.00,0,0.6400,0.1450,0.0347,0.0117,0,REST-S,2,6,5
581,12804,3:47:30,0,0.00,0,0.6400,0.1450,0.0347,0.0117,0,REST-S,2,6,5
581,12805,3:48:00,0,0.00,0,0.6200,0.1360,0.0347,0.0117,0,REST-S,2,6,5
581,12806,3:48:30,0,0.00,0,0.6400,0.1450,0.0347,0.0117,0,REST-S,2,6,5
581,12807,3:49:00,0,0.00,0,0.6400,0.1450,0.0347,0.0117,0,REST-S,2,6,5
581,12808,3:49:30,0,0.00,0,0.6400,0.1450,0.0347,0.0117,0,REST-S,2,6,5
581,12809,3:50:00,0,0.00,0,0.6400,0.1450,0.0347,0.0117,0,REST-S,2,6,5
581,12810,3:50:30,0,0.00,0,0.6400,0.1450,0.0347,0.0117,0,REST-S,2,6,5
581,12811,3:51:00,0,0.00,0,0.6400,0.1450,0.0347,0.0117,0,REST-S,2,6,5
581,12812,3:51:30,0,0.00,0,0.6400,0.1450,0.0347,0.0117,0,REST-S,2,6,5
581,12813,3:52:00,0,0.00,0,0.6400,0.1450,0.0347,0.0117,0,REST-S,2,6,5
581,12814,3:52:30,0,0.00,0,0.6400,0.1450,0.0347,0.0117,0,REST-S,2,6,5
581,12815,3:53:00,0,0.00,0,0.6400,0.1450,0.0347,0.0117,0,REST-S,2,6,5
581,12816,3:53:30,0,0.00,0,0.6400,0.1450,0.0347,0.0117,0,REST-S,2,6,5
581,12817,3:54:00,0,0.00,0,0.6400,0.1450,0.0347,0.0117,0,REST-S,2,6,5
581,12818,3:54:30,0,0.00,0,0.6400,0.1450,0.0347,0.0117,0,REST-S,2,6,5
581,12819,3:55:00,0,0.00,0,0.6400,0.1450,0.0347,0.0117,0,REST-S,2,6,5
581,12820,3:55:30,0,0.00,0,0.6400,0.1450,0.0347,0.0117,0,REST-S,2,6,5
581,12821,3:56:00,0,0.00,0,0.6400,0.1450,0.0347,0.0117,0,REST-S,2,6,5
581,12822,3:56:30,0,0.00,0,0.6400,0.1450,0.0347,0.0117,0,REST-S,2,6,5
581,12823,3:57:00,0,0.00,0,0.6400,0.1450,0.0347,0.0117,0,REST-S,2,6,5
581,12824,3:57:30,0,0.00,0,0.6200,0.1360,0.0347,0.0117,0,REST-S,2,6,5
581,12825,3:58:00,0,0.00,0,0.6400,0.1450,0.0347,0.0117,0,REST-S,2,6,5
581,12826,3:58:30,0,0.00,0,0.6200,0.1360,0.0347,0.0117,0,REST-S,2,6,5
581,12827,3:59:00,0,0.00,0,0.6200,0.1360,0.0347,0.0117,0,REST-S,2,6,5
581,12828,3:59:30,0,0.00,0,0.6200,0.1360,0.0347,0.0117,0,REST-S,2,6,5
581,12829,4:00:00,0,0.00,0,0.6200,0.1360,0.0347,0.0117,0,REST-S,2,6,5
581,12830,4:00:30,0,0.00,0,0.6200,0.1360,0.0347,0.0117,0,REST-S,2,6,5
581,12831,4:01:00,0,0.00,0,0.6400,0.1450,0.0347,0.0117,0,REST-S,2,6,5
581,12832,4:01:30,0,0.00,0,0.6400,0.1450,0.0347,0.0117,0,REST-S,2,6,5
581,12833,4:02:00,0,0.00,0,0.6400,0.1450,0.0347,0.0117,0,REST-S,2,6,5
581,12834,4:02:30,0,16.00,0,0.6200,0.1360,0.0347,0.0117,0,REST-S,2,6,5
581,12835,4:03:00,0,0.00,0,0.6000,0.1300,0.0347,0.0117,0,REST-S,2,6,5
581,12836,4:03:30,0,0.00,0,0.6000,0.1300,0.0347,0.0117,0,REST-S,2,6,5
581,12837,4:04:00,0,0.00,0,0.6000,0.1300,0.0347,0.0117,0,REST-S,2,6,5
581,12838,4:04:30,0,0.00,0,0.6000,0.1300,0.0347,0.0117,0,REST-S,2,6,5
581,12839,4:05:00,0,0.00,0,0.5800,0.1190,0.0347,0.0117,0,REST-S,2,6,5
581,12840,4:05:30,0,0.00,0,0.5800,0.1190,0.0347,0.0117,0,REST-S,2,6,5
581,12841,4:06:00,0,0.00,0,0.6000,0.1300,0.0347,0.0117,0,REST-S,2,6,5
581,12842,4:06:30,0,0.00,0,0.6000,0.1300,0.0347,0.0117,0,REST-S,2,6,5
581,12843,4:07:00,0,0.00,0,0.5800,0.1190,0.0347,0.0117,0,REST-S,2,6,5
581,12844,4:07:30,0,0.00,0,0.6000,0.1300,0.0347,0.0117,0,REST-S,2,6,5
581,12845,4:08:00,0,0.00,0,0.5800,0.1190,0.0347,0.0117,0,REST-S,2,6,5
581,12846,4:08:30,0,0.00,0,0.5800,0.1190,0.0347,0.0117,0,REST-S,2,6,5
581,12847,4:09:00,0,0.00,0,0.5800,0.1190,0.0347,0.0117,0,REST-S,2,6,5
581,12848,4:09:30,0,0.00,0,0.5800,0.1190,0.0347,0.0117,0,REST-S,2,6,5
581,12849,4:10:00,0,0.00,0,0.5800,0.1190,0.0347,0.0117,0,REST-S,2,6,5
581,12850,4:10:30,0,0.00,0,0.5800,0.1190,0.0347,0.0117,0,REST-S,2,6,5
581,12851,4:11:00,0,0.00,0,0.5800,0.1190,0.0347,0.0117,0,REST-S,2,6,5
581,12852,4:11:30,0,0.00,0,0.5800,0.1190,0.0347,0.0117,0,REST-S,2,6,5
581,12853,4:12:00,0,0.00,0,0.5800,0.1190,0.0347,0.0117,0,REST-S,2,6,5
581,12854,4:12:30,0,0.00,0,0.5800,0.1190,0.0347,0.0117,0,REST-S,2,6,5
581,12855,4:13:00,0,0.00,0,0.5800,0.1190,0.0347,0.0117,0,REST-S,2,6,5
581,12856,4:13:30,0,0.00,0,0.6000,0.1300,0.0347,0.0117,0,REST-S,2,6,5
581,12857,4:14:00,0,0.00,0,0.6200,0.1360,0.0347,0.0117,0,REST-S,2,6,5
581,12858,4:14:30,0,0.00,0,0.6200,0.1360,0.0347,0.0117,0,REST-S,2,6,5
581,12859,4:15:00,0,0.00,0,0.6200,0.1360,0.0347,0.0117,0,REST-S,2,6,5
581,12860,4:15:30,0,0.00,0,0.6200,0.1360,0.0347,0.0117,0,REST-S,2,6,5
581,12861,4:16:00,0,0.00,0,0.6400,0.1450,0.0347,0.0117,0,REST-S,2,6,5
581,12862,4:16:30,0,0.00,0,0.6200,0.1360,0.0347,0.0117,0,REST-S,2,6,5
581,12863,4:17:00,0,0.00,0,0.6200,0.1360,0.0347,0.0117,0,REST-S,2,6,5
581,12864,4:17:30,0,0.00,0,0.6000,0.1300,0.0347,0.0117,0,REST-S,2,6,5
581,12865,4:18:00,0,0.00,0,0.5700,0.1140,0.0347,0.0117,0,REST-S,2,6,5
581,12866,4:18:30,0,0.00,0,0.5500,0.1070,0.0347,0.0117,0,REST-S,2,6,5
581,12867,4:19:00,0,0.00,0,0.5700,0.1140,0.0347,0.0117,0,REST-S,2,6,5
581,12868,4:19:30,0,0.00,0,0.6000,0.1300,0.0347,0.0117,0,REST-S,2,6,5
581,12869,4:20:00,0,0.00,0,0.6000,0.1300,0.0347,0.0117,0,REST-S,2,6,5
581,12870,4:20:30,0,0.00,0,0.6000,0.1300,0.0347,0.0117,0,REST-S,2,6,5
581,12871,4:21:00,0,0.00,0,0.5800,0.1190,0.0347,0.0117,0,REST-S,2,6,5
581,12872,4:21:30,0,0.00,0,0.6000,0.1300,0.0347,0.0117,0,REST-S,2,6,5
581,12873,4:22:00,0,0.00,0,0.5700,0.1140,0.0347,0.0117,0,REST-S,2,6,5
581,12874,4:22:30,0,0.00,0,0.5700,0.1140,0.0347,0.0117,0,REST-S,2,6,5
581,12875,4:23:00,0,0.00,0,0.5700,0.1140,0.0347,0.0117,0,REST-S,2,6,5
581,12876,4:23:30,0,0.00,0,0.5700,0.1140,0.0347,0.0117,0,REST-S,2,6,5
581,12877,4:24:00,0,0.00,0,0.5700,0.1140,0.0347,0.0117,0,REST-S,2,6,5
581,12878,4:24:30,0,0.00,0,0.5700,0.1140,0.0347,0.0117,0,REST-S,2,6,5
581,12879,4:25:00,0,0.00,0,0.5700,0.1140,0.0347,0.0117,0,REST-S,2,6,5
581,12880,4:25:30,0,0.00,0,0.5700,0.1140,0.0347,0.0117,0,REST-S,2,6,5
581,12881,4:26:00,0,0.00,0,0.5700,0.1140,0.0347,0.0117,0,REST-S,2,6,5
581,12882,4:26:30,0,0.00,0,0.5700,0.1140,0.0347,0.0117,0,REST-S,2,6,5
581,12883,4:27:00,0,0.00,0,0.5700,0.1140,0.0347,0.0117,0,REST-S,2,6,5
581,12884,4:27:30,0,0.00,0,0.5500,0.1070,0.0347,0.0117,0,REST-S,2,6,5
581,12885,4:28:00,0,16.00,0,0.5800,0.1190,0.0347,0.0117,1,REST-S,2,6,5
581,12886,4:28:30,0,45.00,0,0.6000,0.1300,0.0347,0.0117,1,REST-S,2,6,5
581,12887,4:29:00,0,0.00,0,0.6000,0.1300,0.0347,0.0117,0,REST-S,2,6,5
581,12888,4:29:30,0,0.00,0,0.6000,0.1300,0.0347,0.0117,0,REST-S,2,6,5
581,12889,4:30:00,0,0.00,0,0.6000,0.1300,0.0347,0.0117,0,REST-S,2,6,5
581,12890,4:30:30,0,0.00,0,0.5800,0.1190,0.0347,0.0117,0,REST-S,2,6,5
581,12891,4:31:00,0,0.00,0,0.6000,0.1300,0.0347,0.0117,0,REST-S,2,6,5
581,12892,4:31:30,0,0.00,0,0.5800,0.1190,0.0347,0.0117,1,REST-S,2,6,5
581,12893,4:32:00,0,128.00,0,0.5800,0.1190,0.0347,0.0117,1,REST-S,2,6,5
581,12894,4:32:30,0,157.00,0,0.5700,0.1140,0.0347,0.0117,1,REST-S,2,6,5
581,12895,4:33:00,0,0.00,0,0.5300,0.0981,0.0347,0.0117,1,REST-S,2,6,5
581,12896,4:33:30,0,68.00,0,0.4400,0.0981,0.0251,0.0000,1,REST-S,2,6,5
581,12897,4:34:00,0,0.00,0,0.5500,0.1070,0.0347,0.0117,0,REST-S,2,6,5
581,12898,4:34:30,0,0.00,0,0.5500,0.1070,0.0347,0.0117,0,REST-S,2,6,5
581,12899,4:35:00,0,1.00,0,0.5300,0.0981,0.0347,0.0117,0,REST-S,2,6,5
581,12900,4:35:30,0,0.00,0,0.5500,0.1070,0.0347,0.0117,0,REST-S,2,6,5
581,12901,4:36:00,0,19.00,0,0.2500,0.1120,0.0000,0.0000,0,REST-S,2,6,5
581,12902,4:36:30,0,0.00,0,0.5300,0.0981,0.0347,0.0117,0,REST-S,2,6,5
581,12903,4:37:00,0,0.00,0,0.2600,0.1120,0.0000,0.0117,0,REST-S,2,6,5
581,12904,4:37:30,0,0.00,0,0.5300,0.0981,0.0347,0.0117,0,REST-S,2,6,5
581,12905,4:38:00,0,0.00,0,0.5300,0.0981,0.0347,0.0117,0,REST-S,2,6,5
581,12906,4:38:30,0,0.00,0,0.5300,0.0981,0.0347,0.0117,0,REST-S,2,6,5
581,12907,4:39:00,0,0.00,0,0.2500,0.1120,0.0000,0.0000,0,REST-S,2,6,5
581,12908,4:39:30,0,0.00,0,0.2700,0.1220,0.0000,0.0000,0,REST-S,2,6,5
581,12909,4:40:00,0,0.00,0,0.2900,0.1300,0.0000,0.0000,0,REST-S,2,6,5
581,12910,4:40:30,0,147.00,0,0.3000,0.1300,0.0000,0.0117,1,REST-S,2,6,5
581,12911,4:41:00,0,0.00,0,0.2700,0.1220,0.0000,0.0000,0,REST-S,2,6,5
581,12912,4:41:30,0,0.00,0,0.3000,0.1300,0.0000,0.0117,0,REST-S,2,6,5
581,12913,4:42:00,0,0.00,0,0.3000,0.1300,0.0000,0.0117,0,REST-S,2,6,5
581,12914,4:42:30,0,0.00,0,0.3000,0.1300,0.0000,0.0117,0,REST-S,2,6,5
581,12915,4:43:00,0,0.00,0,0.3100,0.1360,0.0000,0.0117,0,REST-S,2,6,5
581,12916,4:43:30,0,0.00,0,0.3100,0.1360,0.0000,0.0117,0,REST-S,2,6,5
581,12917,4:44:00,0,0.00,0,0.3000,0.1360,0.0000,0.0000,0,REST-S,2,6,5
581,12918,4:44:30,0,82.00,0,0.3100,0.1360,0.0000,0.0117,1,REST-S,2,6,5
581,12919,4:45:00,0,0.00,0,0.3300,0.1450,0.0000,0.0117,0,REST-S,2,6,5
581,12920,4:45:30,0,0.00,0,0.3200,0.1450,0.0000,0.0000,0,REST-S,2,6,5
581,12921,4:46:00,0,0.00,0,0.6000,0.1300,0.0347,0.0117,0,REST-S,2,6,5
581,12922,4:46:30,0,0.00,0,0.3000,0.1360,0.0000,0.0000,0,REST-S,2,6,5
581,12923,4:47:00,0,0.00,0,0.3100,0.1360,0.0000,0.0117,0,REST-S,2,6,5
581,12924,4:47:30,0,0.00,0,0.3100,0.1360,0.0000,0.0117,0,REST-S,2,6,5
581,12925,4:48:00,0,0.00,0,0.3000,0.1360,0.0000,0.0000,0,REST-S,2,6,5
581,12926,4:48:30,0,0.00,0,0.3000,0.1360,0.0000,0.0000,0,REST-S,2,6,5
581,12927,4:49:00,0,0.00,0,0.3100,0.1360,0.0000,0.0117,0,REST-S,2,6,5
581,12928,4:49:30,0,0.00,0,0.3000,0.1360,0.0000,0.0000,0,REST-S,2,6,5
581,12929,4:50:00,0,0.00,0,0.3000,0.1360,0.0000,0.0000,0,REST-S,2,6,5
581,12930,4:50:30,0,0.00,0,0.3100,0.1360,0.0000,0.0117,0,REST-S,2,6,5
581,12931,4:51:00,0,0.00,0,0.3000,0.1360,0.0000,0.0000,0,REST-S,2,6,5
581,12932,4:51:30,0,133.00,0,0.3100,0.1360,0.0000,0.0117,1,REST-S,2,6,5
581,12933,4:52:00,0,7.00,0,0.3000,0.1360,0.0000,0.0000,1,REST-S,2,6,5
581,12934,4:52:30,0,0.00,0,0.3000,0.1360,0.0000,0.0000,0,REST-S,2,6,5
581,12935,4:53:00,0,0.00,0,0.3100,0.1360,0.0000,0.0117,0,REST-S,2,6,5
581,12936,4:53:30,0,0.00,0,0.3100,0.1360,0.0000,0.0117,0,REST-S,2,6,5
581,12937,4:54:00,0,0.00,0,0.3100,0.1360,0.0000,0.0117,0,REST-S,2,6,5
581,12938,4:54:30,0,0.00,0,0.3100,0.1360,0.0000,0.0117,0,REST-S,2,6,5
581,12939,4:55:00,0,0.00,0,0.3000,0.1360,0.0000,0.0000,0,REST-S,2,6,5
581,12940,4:55:30,0,0.00,0,0.3000,0.1360,0.0000,0.0000,0,REST-S,2,6,5
581,12941,4:56:00,0,0.00,0,0.4800,0.1190,0.0251,0.0000,0,REST-S,2,6,5
581,12942,4:56:30,0,0.00,0,0.3000,0.1360,0.0000,0.0000,0,REST-S,2,6,5
581,12943,4:57:00,0,0.00,0,0.3100,0.1360,0.0000,0.0117,0,REST-S,2,6,5
581,12944,4:57:30,0,0.00,0,0.3100,0.1360,0.0000,0.0117,0,REST-S,2,6,5
581,12945,4:58:00,0,0.00,0,0.3100,0.1360,0.0000,0.0117,0,REST-S,2,6,5
581,12946,4:58:30,0,0.00,0,0.5800,0.1190,0.0347,0.0117,0,REST-S,2,6,5
581,12947,4:59:00,0,0.00,0,0.3100,0.1360,0.0000,0.0117,0,REST-S,2,6,5
581,12948,4:59:30,0,0.00,0,0.3100,0.1360,0.0000,0.0117,0,REST-S,2,6,5
581,12949,5:00:00,0,0.00,0,0.5800,0.1190,0.0347,0.0117,0,REST-S,2,6,5
581,12950,5:00:30,0,0.00,0,0.5800,0.1190,0.0347,0.0117,0,REST-S,2,6,5
581,12951,5:01:00,0,0.00,0,0.6000,0.1300,0.0347,0.0117,0,REST-S,2,6,5
581,12952,5:01:30,0,0.00,0,0.6000,0.1300,0.0347,0.0117,0,REST-S,2,6,5
581,12953,5:02:00,0,0.00,0,0.6000,0.1300,0.0347,0.0117,0,REST-S,2,6,5
581,12954,5:02:30,0,0.00,0,0.6000,0.1300,0.0347,0.0117,0,REST-S,2,6,5
581,12955,5:03:00,0,0.00,0,0.6000,0.1300,0.0347,0.0117,0,REST-S,2,6,5
581,12956,5:03:30,0,0.00,0,0.5800,0.1190,0.0347,0.0117,0,REST-S,2,6,5
581,12957,5:04:00,0,0.00,0,0.4700,0.1140,0.0251,0.0000,0,REST-S,2,6,5
581,12958,5:04:30,0,0.00,0,0.5700,0.1140,0.0347,0.0117,0,REST-S,2,6,5
581,12959,5:05:00,0,0.00,0,0.5700,0.1140,0.0347,0.0117,0,REST-S,2,6,5
581,12960,5:05:30,0,0.00,0,0.5700,0.1140,0.0347,0.0117,0,REST-S,2,6,5
581,12961,5:06:00,0,0.00,0,0.5500,0.1070,0.0347,0.0117,0,REST-S,2,6,5
581,12962,5:06:30,0,0.00,0,0.5700,0.1140,0.0347,0.0117,0,REST-S,2,6,5
581,12963,5:07:00,0,0.00,0,0.5700,0.1140,0.0347,0.0117,0,REST-S,2,6,5
581,12964,5:07:30,0,0.00,0,0.5700,0.1140,0.0347,0.0117,0,REST-S,2,6,5
581,12965,5:08:00,0,0.00,0,0.5700,0.1140,0.0347,0.0117,0,REST-S,2,6,5
581,12966,5:08:30,0,0.00,0,0.5700,0.1140,0.0347,0.0117,0,REST-S,2,6,5
581,12967,5:09:00,0,0.00,0,0.5700,0.1140,0.0347,0.0117,0,REST-S,2,6,5
581,12968,5:09:30,0,0.00,0,0.5700,0.1140,0.0347,0.0117,0,REST-S,2,6,5
581,12969,5:10:00,0,0.00,0,0.5700,0.1140,0.0347,0.0117,0,REST-S,2,6,5
581,12970,5:10:30,0,0.00,0,0.5700,0.1140,0.0347,0.0117,0,REST-S,2,6,5
581,12971,5:11:00,0,0.00,0,0.5700,0.1140,0.0347,0.0117,0,REST-S,2,6,5
581,12972,5:11:30,0,0.00,0,0.5700,0.1140,0.0347,0.0117,0,REST-S,2,6,5
581,12973,5:12:00,0,0.00,0,0.5700,0.1140,0.0347,0.0117,0,REST-S,2,6,5
581,12974,5:12:30,0,0.00,0,0.5700,0.1140,0.0347,0.0117,0,REST-S,2,6,5
581,12975,5:13:00,0,0.00,0,0.5700,0.1140,0.0347,0.0117,0,REST-S,2,6,5
581,12976,5:13:30,0,0.00,0,0.5700,0.1140,0.0347,0.0117,0,REST-S,2,6,5
581,12977,5:14:00,0,0.00,0,0.5700,0.1140,0.0347,0.0117,0,REST-S,2,6,5
581,12978,5:14:30,0,0.00,0,0.5700,0.1140,0.0347,0.0117,0,REST-S,2,6,5
581,12979,5:15:00,0,0.00,0,0.5700,0.1140,0.0347,0.0117,0,REST-S,2,6,5
581,12980,5:15:30,0,0.00,0,0.5700,0.1140,0.0347,0.0117,0,REST-S,2,6,5
581,12981,5:16:00,0,0.00,0,0.5700,0.1140,0.0347,0.0117,0,REST-S,2,6,5
581,12982,5:16:30,0,0.00,0,0.5500,0.1070,0.0347,0.0117,0,REST-S,2,6,5
581,12983,5:17:00,0,0.00,0,0.5700,0.1140,0.0347,0.0117,0,REST-S,2,6,5
581,12984,5:17:30,0,0.00,0,0.5700,0.1140,0.0347,0.0117,0,REST-S,2,6,5
581,12985,5:18:00,0,0.00,0,0.5700,0.1140,0.0347,0.0117,0,REST-S,2,6,5
581,12986,5:18:30,0,0.00,0,0.5700,0.1140,0.0347,0.0117,0,REST-S,2,6,5
581,12987,5:19:00,0,0.00,0,0.5700,0.1140,0.0347,0.0117,0,REST-S,2,6,5
581,12988,5:19:30,0,0.00,0,0.5700,0.1140,0.0347,0.0117,0,REST-S,2,6,5
581,12989,5:20:00,0,0.00,0,0.5700,0.1140,0.0347,0.0117,0,REST-S,2,6,5
581,12990,5:20:30,0,0.00,0,0.5700,0.1140,0.0347,0.0117,0,REST-S,2,6,5
581,12991,5:21:00,0,0.00,0,0.5700,0.1140,0.0347,0.0117,0,REST-S,2,6,5
581,12992,5:21:30,0,0.00,0,0.5700,0.1140,0.0347,0.0117,0,REST-S,2,6,5
581,12993,5:22:00,0,0.00,0,0.5700,0.1140,0.0347,0.0117,0,REST-S,2,6,5
581,12994,5:22:30,0,0.00,0,0.5700,0.1140,0.0347,0.0117,0,REST-S,2,6,5
581,12995,5:23:00,0,0.00,0,0.5700,0.1140,0.0347,0.0117,0,REST-S,2,6,5
581,12996,5:23:30,0,0.00,0,0.5700,0.1140,0.0347,0.0117,0,REST-S,2,6,5
581,12997,5:24:00,0,0.00,0,0.5700,0.1140,0.0347,0.0117,0,REST-S,2,6,5
581,12998,5:24:30,0,0.00,0,0.5700,0.1140,0.0347,0.0117,0,REST-S,2,6,5
581,12999,5:25:00,0,0.00,0,0.5700,0.1140,0.0347,0.0117,0,REST-S,2,6,5
581,13000,5:25:30,0,0.00,0,0.5700,0.1140,0.0347,0.0117,0,REST-S,2,6,5
581,13001,5:26:00,0,0.00,0,0.5700,0.1140,0.0347,0.0117,0,REST-S,2,6,5
581,13002,5:26:30,0,0.00,0,0.5700,0.1140,0.0347,0.0117,0,REST-S,2,6,5
581,13003,5:27:00,0,0.00,0,0.5700,0.1140,0.0347,0.0117,0,REST-S,2,6,5
581,13004,5:27:30,0,0.00,0,0.5700,0.1140,0.0347,0.0117,0,REST-S,2,6,5
581,13005,5:28:00,0,0.00,0,0.5700,0.1140,0.0347,0.0117,0,REST-S,2,6,5
581,13006,5:28:30,0,0.00,0,0.5700,0.1140,0.0347,0.0117,0,REST-S,2,6,5
581,13007,5:29:00,0,0.00,0,0.5700,0.1140,0.0347,0.0117,0,REST-S,2,6,5
581,13008,5:29:30,0,0.00,0,0.5700,0.1140,0.0347,0.0117,0,REST-S,2,6,5
581,13009,5:30:00,0,0.00,0,0.5700,0.1140,0.0347,0.0117,0,REST-S,2,6,5
581,13010,5:30:30,0,0.00,0,0.5700,0.1140,0.0347,0.0117,0,REST-S,2,6,5
581,13011,5:31:00,0,0.00,0,0.5700,0.1140,0.0347,0.0117,0,REST-S,2,6,5
581,13012,5:31:30,0,0.00,0,0.5700,0.1140,0.0347,0.0117,0,REST-S,2,6,5
581,13013,5:32:00,0,0.00,0,0.5700,0.1140,0.0347,0.0117,0,REST-S,2,6,5
581,13014,5:32:30,0,0.00,0,0.5700,0.1140,0.0347,0.0117,0,REST-S,2,6,5
581,13015,5:33:00,0,0.00,0,0.5700,0.1140,0.0347,0.0117,0,REST-S,2,6,5
581,13016,5:33:30,0,0.00,0,0.5700,0.1140,0.0347,0.0117,0,REST-S,2,6,5
581,13017,5:34:00,0,0.00,0,0.5700,0.1140,0.0347,0.0117,0,REST-S,2,6,5
581,13018,5:34:30,0,0.00,0,0.5700,0.1140,0.0347,0.0117,0,REST-S,2,6,5
581,13019,5:35:00,0,0.00,0,0.5700,0.1140,0.0347,0.0117,0,REST-S,2,6,5
581,13020,5:35:30,0,0.00,0,0.5700,0.1140,0.0347,0.0117,0,REST-S,2,6,5
581,13021,5:36:00,0,0.00,0,0.5700,0.1140,0.0347,0.0117,0,REST-S,2,6,5
581,13022,5:36:30,0,0.00,0,0.5700,0.1140,0.0347,0.0117,0,REST-S,2,6,5
581,13023,5:37:00,0,0.00,0,0.5700,0.1140,0.0347,0.0117,0,REST-S,2,6,5
581,13024,5:37:30,0,0.00,0,0.5700,0.1140,0.0347,0.0117,0,REST-S,2,6,5
581,13025,5:38:00,0,0.00,0,0.5700,0.1140,0.0347,0.0117,0,REST-S,2,6,5
581,13026,5:38:30,0,0.00,0,0.5700,0.1140,0.0347,0.0117,0,REST-S,2,6,5
581,13027,5:39:00,0,0.00,0,0.5700,0.1140,0.0347,0.0117,0,REST-S,2,6,5
581,13028,5:39:30,0,0.00,0,0.5700,0.1140,0.0347,0.0117,0,REST-S,2,6,5
581,13029,5:40:00,0,0.00,0,0.5700,0.1140,0.0347,0.0117,0,REST-S,2,6,5
581,13030,5:40:30,0,0.00,0,0.5700,0.1140,0.0347,0.0117,0,REST-S,2,6,5
581,13031,5:41:00,0,0.00,0,0.5700,0.1140,0.0347,0.0117,0,REST-S,2,6,5
581,13032,5:41:30,0,0.00,0,0.5700,0.1140,0.0347,0.0117,0,REST-S,2,6,5
581,13033,5:42:00,0,0.00,0,0.5700,0.1140,0.0347,0.0117,0,REST-S,2,6,5
581,13034,5:42:30,0,0.00,0,0.5700,0.1140,0.0347,0.0117,0,REST-S,2,6,5
581,13035,5:43:00,0,0.00,0,0.5700,0.1140,0.0347,0.0117,0,REST-S,2,6,5
581,13036,5:43:30,0,0.00,0,0.5700,0.1140,0.0347,0.0117,0,REST-S,2,6,5
581,13037,5:44:00,0,0.00,0,0.5700,0.1140,0.0347,0.0117,0,REST-S,2,6,5
581,13038,5:44:30,0,0.00,0,0.5700,0.1140,0.0347,0.0117,0,REST-S,2,6,5
581,13039,5:45:00,0,0.00,0,0.5700,0.1140,0.0347,0.0117,0,REST-S,2,6,5
581,13040,5:45:30,0,0.00,0,0.5700,0.1140,0.0347,0.0117,0,REST-S,2,6,5
581,13041,5:46:00,0,0.00,0,0.5700,0.1140,0.0347,0.0117,0,REST-S,2,6,5
581,13042,5:46:30,0,0.00,0,0.5700,0.1140,0.0347,0.0117,0,REST-S,2,6,5
581,13043,5:47:00,0,0.00,0,0.5700,0.1140,0.0347,0.0117,0,REST-S,2,6,5
581,13044,5:47:30,0,0.00,0,0.5700,0.1140,0.0347,0.0117,0,REST-S,2,6,5
581,13045,5:48:00,0,0.00,0,0.5700,0.1140,0.0347,0.0117,0,REST-S,2,6,5
581,13046,5:48:30,0,0.00,0,0.5700,0.1140,0.0347,0.0117,0,REST-S,2,6,5
581,13047,5:49:00,0,0.00,0,0.5700,0.1140,0.0347,0.0117,0,REST-S,2,6,5
581,13048,5:49:30,0,0.00,0,0.5700,0.1140,0.0347,0.0117,0,REST-S,2,6,5
581,13049,5:50:00,0,0.00,0,0.5700,0.1140,0.0347,0.0117,0,REST-S,2,6,5
581,13050,5:50:30,0,0.00,0,0.5700,0.1140,0.0347,0.0117,0,REST-S,2,6,5
581,13051,5:51:00,0,0.00,0,0.5700,0.1140,0.0347,0.0117,0,REST-S,2,6,5
581,13052,5:51:30,0,0.00,0,0.5700,0.1140,0.0347,0.0117,0,REST-S,2,6,5
581,13053,5:52:00,0,0.00,0,0.5700,0.1140,0.0347,0.0117,0,REST-S,2,6,5
581,13054,5:52:30,0,0.00,0,0.5700,0.1140,0.0347,0.0117,0,REST-S,2,6,5
581,13055,5:53:00,0,0.00,0,0.5700,0.1140,0.0347,0.0117,0,REST-S,2,6,5
581,13056,5:53:30,0,0.00,0,0.5700,0.1140,0.0347,0.0117,0,REST-S,2,6,5
581,13057,5:54:00,0,0.00,0,0.5700,0.1140,0.0347,0.0117,0,REST-S,2,6,5
581,13058,5:54:30,0,0.00,0,0.5700,0.1140,0.0347,0.0117,0,REST-S,2,6,5
581,13059,5:55:00,0,0.00,0,0.5700,0.1140,0.0347,0.0117,0,REST-S,2,6,5
581,13060,5:55:30,0,0.00,0,0.5700,0.1140,0.0347,0.0117,0,REST-S,2,6,5
581,13061,5:56:00,0,0.00,0,0.5700,0.1140,0.0347,0.0117,0,REST-S,2,6,5
581,13062,5:56:30,0,0.00,0,0.5700,0.1140,0.0347,0.0117,0,REST-S,2,6,5
581,13063,5:57:00,0,0.00,0,0.5700,0.1140,0.0347,0.0117,0,REST-S,2,6,5
581,13064,5:57:30,0,0.00,0,0.5700,0.1140,0.0347,0.0117,0,REST-S,2,6,5
581,13065,5:58:00,0,0.00,0,0.5700,0.1140,0.0347,0.0117,0,REST-S,2,6,5
581,13066,5:58:30,0,0.00,0,0.5700,0.1140,0.0347,0.0117,0,REST-S,2,6,5
581,13067,5:59:00,0,0.00,0,0.5700,0.1140,0.0347,0.0117,0,REST-S,2,6,5
581,13068,5:59:30,0,0.00,0,0.5700,0.1140,0.0347,0.0117,0,REST-S,2,6,5
581,13069,6:00:00,0,0.00,0,0.6000,0.1300,0.0347,0.0117,0,REST-S,2,6,5
581,13070,6:00:30,0,0.00,0,0.6000,0.1300,0.0347,0.0117,0,REST-S,2,6,5
581,13071,6:01:00,0,0.00,0,0.6000,0.1300,0.0347,0.0117,0,REST-S,2,6,5
581,13072,6:01:30,0,0.00,0,0.6000,0.1300,0.0347,0.0117,0,REST-S,2,6,5
581,13073,6:02:00,0,0.00,0,0.6000,0.1300,0.0347,0.0117,0,REST-S,2,6,5
581,13074,6:02:30,0,0.00,0,0.6000,0.1300,0.0347,0.0117,0,REST-S,2,6,5
581,13075,6:03:00,0,0.00,0,0.6000,0.1300,0.0347,0.0117,0,REST-S,2,6,5
581,13076,6:03:30,0,0.00,0,0.6000,0.1300,0.0347,0.0117,0,REST-S,2,6,5
581,13077,6:04:00,0,0.00,0,0.6000,0.1300,0.0347,0.0117,0,REST-S,2,6,5
581,13078,6:04:30,0,0.00,0,0.6000,0.1300,0.0347,0.0117,0,REST-S,2,6,5
581,13079,6:05:00,0,0.00,0,0.6000,0.1300,0.0347,0.0117,0,REST-S,2,6,5
581,13080,6:05:30,0,0.00,0,0.6000,0.1300,0.0347,0.0117,0,REST-S,2,6,5
581,13081,6:06:00,0,0.00,0,0.6000,0.1300,0.0347,0.0117,0,REST-S,2,6,5
581,13082,6:06:30,0,0.00,0,0.6000,0.1300,0.0347,0.0117,0,REST-S,2,6,5
581,13083,6:07:00,0,0.00,0,0.6000,0.1300,0.0347,0.0117,0,REST-S,2,6,5
581,13084,6:07:30,0,0.00,0,0.6000,0.1300,0.0347,0.0117,0,REST-S,2,6,5
581,13085,6:08:00,0,0.00,0,0.6000,0.1300,0.0347,0.0117,0,REST-S,2,6,5
581,13086,6:08:30,0,0.00,0,0.6000,0.1300,0.0347,0.0117,0,REST-S,2,6,5
581,13087,6:09:00,0,0.00,0,0.6000,0.1300,0.0347,0.0117,0,REST-S,2,6,5
581,13088,6:09:30,0,0.00,0,0.6000,0.1300,0.0347,0.0117,0,REST-S,2,6,5
581,13089,6:10:00,0,0.00,0,0.5800,0.1190,0.0347,0.0117,0,REST-S,2,6,5
581,13090,6:10:30,0,0.00,0,0.5700,0.1140,0.0347,0.0117,0,REST-S,2,6,5
581,13091,6:11:00,0,1.00,0,0.5700,0.1140,0.0347,0.0117,0,REST-S,2,6,5
581,13092,6:11:30,0,0.00,0,0.5700,0.1140,0.0347,0.0117,0,REST-S,2,6,5
581,13093,6:12:00,0,0.00,0,0.5700,0.1140,0.0347,0.0117,0,REST-S,2,6,5
581,13094,6:12:30,0,0.00,0,0.5700,0.1140,0.0347,0.0117,0,REST-S,2,6,5
581,13095,6:13:00,0,0.00,0,0.5700,0.1140,0.0347,0.0117,0,REST-S,2,6,5
581,13096,6:13:30,0,0.00,0,0.5700,0.1140,0.0347,0.0117,0,REST-S,2,6,5
581,13097,6:14:00,0,0.00,0,0.5700,0.1140,0.0347,0.0117,0,REST-S,2,6,5
581,13098,6:14:30,0,0.00,0,0.5700,0.1140,0.0347,0.0117,0,REST-S,2,6,5
581,13099,6:15:00,0,0.00,0,0.5700,0.1140,0.0347,0.0117,0,REST-S,2,6,5
581,13100,6:15:30,0,0.00,0,0.5700,0.1140,0.0347,0.0117,0,REST-S,2,6,5
581,13101,6:16:00,0,0.00,0,0.5700,0.1140,0.0347,0.0117,0,REST-S,2,6,5
581,13102,6:16:30,0,110.00,0,0.5700,0.1140,0.0347,0.0117,1,REST-S,2,6,5
581,13103,6:17:00,0,0.00,0,0.5700,0.1140,0.0347,0.0117,0,REST-S,2,6,5
581,13104,6:17:30,0,0.00,0,0.5700,0.1140,0.0347,0.0117,0,REST-S,2,6,5
581,13105,6:18:00,0,0.00,0,0.5700,0.1140,0.0347,0.0117,0,REST-S,2,6,5
581,13106,6:18:30,0,0.00,0,0.5700,0.1140,0.0347,0.0117,0,REST-S,2,6,5
581,13107,6:19:00,0,0.00,0,0.5700,0.1140,0.0347,0.0117,0,REST-S,2,6,5
581,13108,6:19:30,0,6.00,0,0.5700,0.1140,0.0347,0.0117,0,REST-S,2,6,5
581,13109,6:20:00,0,0.00,0,0.5700,0.1140,0.0347,0.0117,0,REST-S,2,6,5
581,13110,6:20:30,0,0.00,0,0.5700,0.1140,0.0347,0.0117,0,REST-S,2,6,5
581,13111,6:21:00,0,0.00,0,0.5700,0.1140,0.0347,0.0117,0,REST-S,2,6,5
581,13112,6:21:30,0,0.00,0,0.5700,0.1140,0.0347,0.0117,0,REST-S,2,6,5
581,13113,6:22:00,0,0.00,0,0.5700,0.1140,0.0347,0.0117,0,REST-S,2,6,5
581,13114,6:22:30,0,0.00,0,0.5700,0.1140,0.0347,0.0117,0,REST-S,2,6,5
581,13115,6:23:00,0,0.00,0,0.5700,0.1140,0.0347,0.0117,0,REST-S,2,6,5
581,13116,6:23:30,0,0.00,0,0.5700,0.1140,0.0347,0.0117,0,REST-S,2,6,5
581,13117,6:24:00,0,0.00,0,0.5700,0.1140,0.0347,0.0117,0,REST-S,2,6,5
581,13118,6:24:30,0,0.00,0,0.5700,0.1140,0.0347,0.0117,0,REST-S,2,6,5
581,13119,6:25:00,0,0.00,0,0.5700,0.1140,0.0347,0.0117,0,REST-S,2,6,5
581,13120,6:25:30,0,0.00,0,0.4600,0.1070,0.0251,0.0000,0,REST-S,2,6,5
581,13121,6:26:00,0,0.00,0,0.5700,0.1140,0.0347,0.0117,0,REST-S,2,6,5
581,13122,6:26:30,0,0.00,0,0.5500,0.1070,0.0347,0.0117,0,REST-S,2,6,5
581,13123,6:27:00,0,0.00,0,0.5700,0.1140,0.0347,0.0117,0,REST-S,2,6,5
581,13124,6:27:30,0,0.00,0,0.5500,0.1070,0.0347,0.0117,0,REST-S,2,6,5
581,13125,6:28:00,0,0.00,0,0.5500,0.1070,0.0347,0.0117,0,REST-S,2,6,5
581,13126,6:28:30,0,0.00,0,0.5500,0.1070,0.0347,0.0117,0,REST-S,2,6,5
581,13127,6:29:00,0,0.00,0,0.5500,0.1070,0.0347,0.0117,0,REST-S,2,6,5
581,13128,6:29:30,0,0.00,0,0.5500,0.1070,0.0347,0.0117,0,REST-S,2,6,5
581,13129,6:30:00,0,0.00,0,0.5500,0.1070,0.0347,0.0117,0,REST-S,2,6,5
581,13130,6:30:30,0,0.00,0,0.5500,0.1070,0.0347,0.0117,0,REST-S,2,6,5
581,13131,6:31:00,0,0.00,0,0.5700,0.1140,0.0347,0.0117,0,REST-S,2,6,5
581,13132,6:31:30,0,0.00,0,0.5500,0.1070,0.0347,0.0117,0,REST-S,2,6,5
581,13133,6:32:00,0,0.00,0,0.5500,0.1070,0.0347,0.0117,0,REST-S,2,6,5
581,13134,6:32:30,0,0.00,0,0.5700,0.1140,0.0347,0.0117,0,REST-S,2,6,5
581,13135,6:33:00,0,0.00,0,0.5700,0.1140,0.0347,0.0117,0,REST-S,2,6,5
581,13136,6:33:30,0,0.00,0,0.5700,0.1140,0.0347,0.0117,0,REST-S,2,6,5
581,13137,6:34:00,0,0.00,0,0.5700,0.1140,0.0347,0.0117,0,REST-S,2,6,5
581,13138,6:34:30,0,0.00,0,0.5700,0.1140,0.0347,0.0117,0,REST-S,2,6,5
581,13139,6:35:00,0,0.00,0,0.5700,0.1140,0.0347,0.0117,0,REST-S,2,6,5
581,13140,6:35:30,0,0.00,0,0.5700,0.1140,0.0347,0.0117,0,REST-S,2,6,5
581,13141,6:36:00,0,0.00,0,0.5700,0.1140,0.0347,0.0117,0,REST-S,2,6,5
581,13142,6:36:30,0,1.00,0,0.5500,0.1070,0.0347,0.0117,0,REST-S,2,6,5
581,13143,6:37:00,0,0.00,0,0.5500,0.1070,0.0347,0.0117,0,REST-S,2,6,5
581,13144,6:37:30,0,0.00,0,0.5700,0.1140,0.0347,0.0117,0,REST-S,2,6,5
581,13145,6:38:00,0,0.00,0,0.5700,0.1140,0.0347,0.0117,0,REST-S,2,6,5
581,13146,6:38:30,0,0.00,0,0.5700,0.1140,0.0347,0.0117,0,REST-S,2,6,5
581,13147,6:39:00,0,0.00,0,0.5700,0.1140,0.0347,0.0117,0,REST-S,2,6,5
581,13148,6:39:30,0,0.00,0,0.5700,0.1140,0.0347,0.0117,0,REST-S,2,6,5
581,13149,6:40:00,0,0.00,0,0.5700,0.1140,0.0347,0.0117,0,REST-S,2,6,5
581,13150,6:40:30,0,0.00,0,0.5700,0.1140,0.0347,0.0117,0,REST-S,2,6,5
581,13151,6:41:00,0,0.00,0,0.5700,0.1140,0.0347,0.0117,0,REST-S,2,6,5
581,13152,6:41:30,0,0.00,0,0.5700,0.1140,0.0347,0.0117,0,REST-S,2,6,5
581,13153,6:42:00,0,0.00,0,0.5700,0.1140,0.0347,0.0117,0,REST-S,2,6,5
581,13154,6:42:30,0,0.00,0,0.5700,0.1140,0.0347,0.0117,0,REST-S,2,6,5
581,13155,6:43:00,0,0.00,0,0.5700,0.1140,0.0347,0.0117,0,REST-S,2,6,5
581,13156,6:43:30,0,0.00,0,0.5700,0.1140,0.0347,0.0117,0,REST-S,2,6,5
581,13157,6:44:00,0,0.00,0,0.5700,0.1140,0.0347,0.0117,0,REST-S,2,6,5
581,13158,6:44:30,0,0.00,0,0.5700,0.1140,0.0347,0.0117,0,REST-S,2,6,5
581,13159,6:45:00,0,0.00,0,0.5700,0.1140,0.0347,0.0117,0,REST-S,2,6,5
581,13160,6:45:30,0,0.00,0,0.5700,0.1140,0.0347,0.0117,0,REST-S,2,6,5
581,13161,6:46:00,0,0.00,0,0.5700,0.1140,0.0347,0.0117,0,REST-S,2,6,5
581,13162,6:46:30,0,0.00,0,0.5700,0.1140,0.0347,0.0117,0,REST-S,2,6,5
581,13163,6:47:00,0,0.00,0,0.5700,0.1140,0.0347,0.0117,0,REST-S,2,6,5
581,13164,6:47:30,0,0.00,0,0.5700,0.1140,0.0347,0.0117,0,REST-S,2,6,5
581,13165,6:48:00,0,0.00,0,0.5700,0.1140,0.0347,0.0117,0,REST-S,2,6,5
581,13166,6:48:30,0,0.00,0,0.5700,0.1140,0.0347,0.0117,0,REST-S,2,6,5
581,13167,6:49:00,0,0.00,0,0.5700,0.1140,0.0347,0.0117,0,REST-S,2,6,5
581,13168,6:49:30,0,0.00,0,0.5700,0.1140,0.0347,0.0117,0,REST-S,2,6,5
581,13169,6:50:00,0,0.00,0,0.5700,0.1140,0.0347,0.0117,0,REST-S,2,6,5
581,13170,6:50:30,0,0.00,0,0.5700,0.1140,0.0347,0.0117,0,REST-S,2,6,5
581,13171,6:51:00,0,0.00,0,0.5500,0.1070,0.0347,0.0117,0,REST-S,2,6,5
581,13172,6:51:30,0,0.00,0,0.5700,0.1140,0.0347,0.0117,0,REST-S,2,6,5
581,13173,6:52:00,0,0.00,0,0.5700,0.1140,0.0347,0.0117,0,REST-S,2,6,5
581,13174,6:52:30,0,0.00,0,0.5700,0.1140,0.0347,0.0117,0,REST-S,2,6,5
581,13175,6:53:00,0,0.00,0,0.5700,0.1140,0.0347,0.0117,0,REST-S,2,6,5
581,13176,6:53:30,0,0.00,0,0.5700,0.1140,0.0347,0.0117,0,REST-S,2,6,5
581,13177,6:54:00,0,0.00,0,0.5700,0.1140,0.0347,0.0117,0,REST-S,2,6,5
581,13178,6:54:30,0,0.00,0,0.5700,0.1140,0.0347,0.0117,0,REST-S,2,6,5
581,13179,6:55:00,0,0.00,0,0.5700,0.1140,0.0347,0.0117,0,REST-S,2,6,5
581,13180,6:55:30,0,0.00,0,0.5700,0.1140,0.0347,0.0117,0,REST-S,2,6,5
581,13181,6:56:00,0,0.00,0,0.5700,0.1140,0.0347,0.0117,0,REST-S,2,6,5
581,13182,6:56:30,0,0.00,0,0.5700,0.1140,0.0347,0.0117,0,REST-S,2,6,5
581,13183,6:57:00,0,0.00,0,0.5700,0.1140,0.0347,0.0117,0,REST-S,2,6,5
581,13184,6:57:30,0,0.00,0,0.5700,0.1140,0.0347,0.0117,0,REST-S,2,6,5
581,13185,6:58:00,0,0.00,0,0.5500,0.1070,0.0347,0.0117,0,REST-S,2,6,5
581,13186,6:58:30,0,0.00,0,0.5700,0.1140,0.0347,0.0117,0,REST-S,2,6,5
581,13187,6:59:00,0,0.00,0,0.5700,0.1140,0.0347,0.0117,0,REST-S,2,6,5
581,13188,6:59:30,0,0.00,0,0.5700,0.1140,0.0347,0.0117,0,REST-S,2,6,5
581,13189,7:00:00,0,0.00,0,0.5700,0.1140,0.0347,0.0117,0,REST-S,2,6,5
581,13190,7:00:30,0,0.00,0,0.5700,0.1140,0.0347,0.0117,0,REST-S,2,6,5
581,13191,7:01:00,0,0.00,0,0.5700,0.1140,0.0347,0.0117,0,REST-S,2,6,5
581,13192,7:01:30,0,0.00,0,0.5700,0.1140,0.0347,0.0117,0,REST-S,2,6,5
581,13193,7:02:00,0,0.00,0,0.5500,0.1070,0.0347,0.0117,0,REST-S,2,6,5
581,13194,7:02:30,0,0.00,0,0.5700,0.1140,0.0347,0.0117,0,REST-S,2,6,5
581,13195,7:03:00,0,0.00,0,0.5700,0.1140,0.0347,0.0117,0,REST-S,2,6,5
581,13196,7:03:30,0,0.00,0,0.5700,0.1140,0.0347,0.0117,0,REST-S,2,6,5
581,13197,7:04:00,0,0.00,0,0.5700,0.1140,0.0347,0.0117,0,REST-S,2,6,5
581,13198,7:04:30,0,0.00,0,0.5700,0.1140,0.0347,0.0117,0,REST-S,2,6,5
581,13199,7:05:00,0,0.00,0,0.5700,0.1140,0.0347,0.0117,0,REST-S,2,6,5
581,13200,7:05:30,0,0.00,0,0.5700,0.1140,0.0347,0.0117,0,REST-S,2,6,5
581,13201,7:06:00,0,0.00,0,0.5700,0.1140,0.0347,0.0117,0,REST-S,2,6,5
581,13202,7:06:30,0,0.00,0,0.5700,0.1140,0.0347,0.0117,0,REST-S,2,6,5
581,13203,7:07:00,0,0.00,0,0.5500,0.1070,0.0347,0.0117,0,REST-S,2,6,5
581,13204,7:07:30,0,0.00,0,0.5700,0.1140,0.0347,0.0117,0,REST-S,2,6,5
581,13205,7:08:00,0,0.00,0,0.5700,0.1140,0.0347,0.0117,0,REST-S,2,6,5
581,13206,7:08:30,0,0.00,0,0.5700,0.1140,0.0347,0.0117,0,REST-S,2,6,5
581,13207,7:09:00,0,0.00,0,0.5700,0.1140,0.0347,0.0117,0,REST-S,2,6,5
581,13208,7:09:30,0,0.00,0,0.5700,0.1140,0.0347,0.0117,0,REST-S,2,6,5
581,13209,7:10:00,0,0.00,0,0.5500,0.1070,0.0347,0.0117,0,REST-S,2,6,5
581,13210,7:10:30,0,0.00,0,0.5700,0.1140,0.0347,0.0117,0,REST-S,2,6,5
581,13211,7:11:00,0,0.00,0,0.5500,0.1070,0.0347,0.0117,0,REST-S,2,6,5
581,13212,7:11:30,0,0.00,0,0.5700,0.1140,0.0347,0.0117,0,REST-S,2,6,5
581,13213,7:12:00,0,0.00,0,0.5700,0.1140,0.0347,0.0117,0,REST-S,2,6,5
581,13214,7:12:30,0,0.00,0,0.5700,0.1140,0.0347,0.0117,0,REST-S,2,6,5
581,13215,7:13:00,0,0.00,0,0.5700,0.1140,0.0347,0.0117,0,REST-S,2,6,5
581,13216,7:13:30,0,0.00,0,0.5700,0.1140,0.0347,0.0117,0,REST-S,2,6,5
581,13217,7:14:00,0,0.00,0,0.5700,0.1140,0.0347,0.0117,0,REST-S,2,6,5
581,13218,7:14:30,0,0.00,0,0.5700,0.1140,0.0347,0.0117,0,REST-S,2,6,5
581,13219,7:15:00,0,0.00,0,0.5700,0.1140,0.0347,0.0117,0,REST-S,2,6,5
581,13220,7:15:30,0,0.00,0,0.5700,0.1140,0.0347,0.0117,0,REST-S,2,6,5
581,13221,7:16:00,0,0.00,0,0.5700,0.1140,0.0347,0.0117,0,REST-S,2,6,5
581,13222,7:16:30,0,0.00,0,0.5500,0.1070,0.0347,0.0117,0,REST-S,2,6,5
581,13223,7:17:00,0,0.00,0,0.5700,0.1140,0.0347,0.0117,0,REST-S,2,6,5
581,13224,7:17:30,0,0.00,0,0.5700,0.1140,0.0347,0.0117,0,REST-S,2,6,5
581,13225,7:18:00,0,107.00,0,0.5700,0.1140,0.0347,0.0117,1,REST-S,2,6,5
581,13226,7:18:30,0,0.00,0,0.5700,0.1140,0.0347,0.0117,0,REST-S,2,6,5
581,13227,7:19:00,0,0.00,0,0.5700,0.1140,0.0347,0.0117,0,REST-S,2,6,5
581,13228,7:19:30,0,0.00,0,0.5700,0.1140,0.0347,0.0117,0,REST-S,2,6,5
581,13229,7:20:00,0,0.00,0,0.5700,0.1140,0.0347,0.0117,0,REST-S,2,6,5
581,13230,7:20:30,0,0.00,0,0.5700,0.1140,0.0347,0.0117,0,REST-S,2,6,5
581,13231,7:21:00,0,0.00,0,0.5700,0.1140,0.0347,0.0117,0,REST-S,2,6,5
581,13232,7:21:30,0,0.00,0,0.5700,0.1140,0.0347,0.0117,0,REST-S,2,6,5
581,13233,7:22:00,0,0.00,0,0.5700,0.1140,0.0347,0.0117,0,REST-S,2,6,5
581,13234,7:22:30,0,0.00,0,0.5700,0.1140,0.0347,0.0117,0,REST-S,2,6,5
581,13235,7:23:00,0,0.00,0,0.5700,0.1140,0.0347,0.0117,0,REST-S,2,6,5
581,13236,7:23:30,0,0.00,0,0.5700,0.1140,0.0347,0.0117,0,REST-S,2,6,5
581,13237,7:24:00,0,0.00,0,0.5700,0.1140,0.0347,0.0117,0,REST-S,2,6,5
581,13238,7:24:30,0,0.00,0,0.5700,0.1140,0.0347,0.0117,0,REST-S,2,6,5
581,13239,7:25:00,0,0.00,0,0.5700,0.1140,0.0347,0.0117,0,REST-S,2,6,5
581,13240,7:25:30,0,0.00,0,0.5700,0.1140,0.0347,0.0117,0,REST-S,2,6,5
581,13241,7:26:00,0,0.00,0,0.5700,0.1140,0.0347,0.0117,0,REST-S,2,6,5
581,13242,7:26:30,0,0.00,0,0.5700,0.1140,0.0347,0.0117,0,REST-S,2,6,5
581,13243,7:27:00,0,0.00,0,0.5700,0.1140,0.0347,0.0117,0,REST-S,2,6,5
581,13244,7:27:30,0,0.00,0,0.5700,0.1140,0.0347,0.0117,0,REST-S,2,6,5
581,13245,7:28:00,0,0.00,0,0.5700,0.1140,0.0347,0.0117,0,REST-S,2,6,5
581,13246,7:28:30,0,0.00,0,0.5700,0.1140,0.0347,0.0117,0,REST-S,2,6,5
581,13247,7:29:00,0,0.00,0,0.5700,0.1140,0.0347,0.0117,0,REST-S,2,6,5
581,13248,7:29:30,0,0.00,0,0.5700,0.1140,0.0347,0.0117,0,REST-S,2,6,5
581,13249,7:30:00,0,0.00,0,0.5700,0.1140,0.0347,0.0117,0,REST-S,2,6,5
581,13250,7:30:30,0,0.00,0,0.5700,0.1140,0.0347,0.0117,0,REST-S,2,6,5
581,13251,7:31:00,0,0.00,0,0.5700,0.1140,0.0347,0.0117,0,REST-S,2,6,5
581,13252,7:31:30,0,0.00,0,0.5700,0.1140,0.0347,0.0117,0,REST-S,2,6,5
581,13253,7:32:00,0,0.00,0,0.5700,0.1140,0.0347,0.0117,0,REST-S,2,6,5
581,13254,7:32:30,0,0.00,0,0.5700,0.1140,0.0347,0.0117,0,REST-S,2,6,5
581,13255,7:33:00,0,0.00,0,0.5800,0.1190,0.0347,0.0117,0,REST-S,2,6,5
581,13256,7:33:30,0,0.00,0,0.5700,0.1140,0.0347,0.0117,0,REST-S,2,6,5
581,13257,7:34:00,0,0.00,0,0.6000,0.1300,0.0347,0.0117,0,REST-S,2,6,5
581,13258,7:34:30,0,0.00,0,0.6000,0.1300,0.0347,0.0117,0,REST-S,2,6,5
581,13259,7:35:00,0,0.00,0,0.6000,0.1300,0.0347,0.0117,0,REST-S,2,6,5
581,13260,7:35:30,0,0.00,0,0.6000,0.1300,0.0347,0.0117,0,REST-S,2,6,5
581,13261,7:36:00,0,0.00,0,0.6000,0.1300,0.0347,0.0117,0,REST-S,2,6,5
581,13262,7:36:30,0,0.00,0,0.6000,0.1300,0.0347,0.0117,0,REST-S,2,6,5
581,13263,7:37:00,0,0.00,0,0.6000,0.1300,0.0347,0.0117,0,REST-S,2,6,5
581,13264,7:37:30,0,0.00,0,0.6200,0.1360,0.0347,0.0117,0,REST-S,2,6,5
581,13265,7:38:00,0,0.00,0,0.6200,0.1360,0.0347,0.0117,0,REST-S,2,6,5
581,13266,7:38:30,0,0.00,0,0.6000,0.1300,0.0347,0.0117,0,REST-S,2,6,5
581,13267,7:39:00,0,0.00,0,0.6000,0.1300,0.0347,0.0117,0,REST-S,2,6,5
581,13268,7:39:30,0,0.00,0,0.6000,0.1300,0.0347,0.0117,0,REST-S,2,6,5
581,13269,7:40:00,0,0.00,0,0.6000,0.1300,0.0347,0.0117,0,REST-S,2,6,5
581,13270,7:40:30,0,0.00,0,0.6200,0.1360,0.0347,0.0117,0,REST-S,2,6,5
581,13271,7:41:00,0,0.00,0,0.6000,0.1300,0.0347,0.0117,0,REST-S,2,6,5
581,13272,7:41:30,0,0.00,0,0.6000,0.1300,0.0347,0.0117,0,REST-S,2,6,5
581,13273,7:42:00,0,0.00,0,0.5800,0.1190,0.0347,0.0117,0,REST-S,2,6,5
581,13274,7:42:30,0,0.00,0,0.5800,0.1190,0.0347,0.0117,0,REST-S,2,6,5
581,13275,7:43:00,0,0.00,0,0.5800,0.1190,0.0347,0.0117,0,REST-S,2,6,5
581,13276,7:43:30,0,0.00,0,0.5800,0.1190,0.0347,0.0117,0,REST-S,2,6,5
581,13277,7:44:00,0,0.00,0,0.6000,0.1300,0.0347,0.0117,0,REST-S,2,6,5
581,13278,7:44:30,0,0.00,0,0.5800,0.1190,0.0347,0.0117,0,REST-S,2,6,5
581,13279,7:45:00,0,0.00,0,0.5800,0.1190,0.0347,0.0117,0,REST-S,2,6,5
581,13280,7:45:30,0,0.00,0,0.5800,0.1190,0.0347,0.0117,0,REST-S,2,6,5
581,13281,7:46:00,0,0.00,0,0.5800,0.1190,0.0347,0.0117,0,REST-S,2,6,5
581,13282,7:46:30,0,0.00,0,0.5800,0.1190,0.0347,0.0117,0,REST-S,2,6,5
581,13283,7:47:00,0,0.00,0,0.5800,0.1190,0.0347,0.0117,0,REST-S,2,6,5
581,13284,7:47:30,0,0.00,0,0.5800,0.1190,0.0347,0.0117,0,REST-S,2,6,5
581,13285,7:48:00,0,0.00,0,0.5800,0.1190,0.0347,0.0117,0,REST-S,2,6,5
581,13286,7:48:30,0,0.00,0,0.5800,0.1190,0.0347,0.0117,0,REST-S,2,6,5
581,13287,7:49:00,0,0.00,0,0.5800,0.1190,0.0347,0.0117,0,REST-S,2,6,5
581,13288,7:49:30,0,0.00,0,0.5800,0.1190,0.0347,0.0117,0,REST-S,2,6,5
581,13289,7:50:00,0,0.00,0,0.5800,0.1190,0.0347,0.0117,0,REST-S,2,6,5
581,13290,7:50:30,0,0.00,0,0.5800,0.1190,0.0347,0.0117,0,REST-S,2,6,5
581,13291,7:51:00,0,0.00,0,0.5800,0.1190,0.0347,0.0117,0,REST-S,2,6,5
581,13292,7:51:30,0,0.00,0,0.6200,0.1360,0.0347,0.0117,0,REST-S,2,6,5
581,13293,7:52:00,0,0.00,0,0.6200,0.1360,0.0347,0.0117,0,REST-S,2,6,5
581,13294,7:52:30,0,0.00,0,0.6200,0.1360,0.0347,0.0117,0,REST-S,2,6,5
581,13295,7:53:00,0,0.00,0,0.5800,0.1190,0.0347,0.0117,0,REST-S,2,6,5
581,13296,7:53:30,0,0.00,0,0.6200,0.1360,0.0347,0.0117,0,REST-S,2,6,5
581,13297,7:54:00,0,0.00,0,0.6200,0.1360,0.0347,0.0117,0,REST-S,2,6,5
581,13298,7:54:30,0,0.00,0,0.6200,0.1360,0.0347,0.0117,0,REST-S,2,6,5
581,13299,7:55:00,0,0.00,0,0.6200,0.1360,0.0347,0.0117,0,REST-S,2,6,5
581,13300,7:55:30,0,0.00,0,0.6200,0.1360,0.0347,0.0117,0,REST-S,2,6,5
581,13301,7:56:00,0,0.00,0,0.6200,0.1360,0.0347,0.0117,0,REST-S,2,6,5
581,13302,7:56:30,0,0.00,0,0.6200,0.1360,0.0347,0.0117,0,REST-S,2,6,5
581,13303,7:57:00,0,0.00,0,0.6200,0.1360,0.0347,0.0117,0,REST-S,2,6,5
581,13304,7:57:30,0,0.00,0,0.6200,0.1360,0.0347,0.0117,0,REST-S,2,6,5
581,13305,7:58:00,0,0.00,0,0.6200,0.1360,0.0347,0.0117,0,REST-S,2,6,5
581,13306,7:58:30,0,0.00,0,0.6200,0.1360,0.0347,0.0117,0,REST-S,2,6,5
581,13307,7:59:00,0,0.00,0,0.6200,0.1360,0.0347,0.0117,0,REST-S,2,6,5
581,13308,7:59:30,0,38.00,0,0.6200,0.1360,0.0347,0.0117,1,REST-S,2,6,5
581,13309,8:00:00,0,0.00,0,0.6200,0.1360,0.0347,0.0117,0,REST-S,2,6,5
581,13310,8:00:30,0,0.00,0,0.6200,0.1360,0.0347,0.0117,0,REST-S,2,6,5
581,13311,8:01:00,0,0.00,0,0.6000,0.1300,0.0347,0.0117,0,REST-S,2,6,5
581,13312,8:01:30,0,0.00,0,0.5800,0.1190,0.0347,0.0117,0,REST-S,2,6,5
581,13313,8:02:00,0,11.00,0,0.5800,0.1190,0.0347,0.0117,0,REST-S,2,6,5
581,13314,8:02:30,0,0.00,0,0.5700,0.1140,0.0347,0.0117,0,REST-S,2,6,5
581,13315,8:03:00,0,0.00,0,0.5800,0.1190,0.0347,0.0117,0,REST-S,2,6,5
581,13316,8:03:30,0,75.00,0,0.4800,0.1190,0.0251,0.0000,1,REST-S,2,6,5
581,13317,8:04:00,0,2.00,0,0.6000,0.1300,0.0347,0.0117,0,REST-S,2,6,5
581,13318,8:04:30,0,0.00,0,0.6200,0.1360,0.0347,0.0117,0,REST-S,2,6,5
581,13319,8:05:00,0,0.00,0,0.6000,0.1300,0.0347,0.0117,0,REST-S,2,6,5
581,13320,8:05:30,0,0.00,0,0.6000,0.1300,0.0347,0.0117,0,REST-S,2,6,5
581,13321,8:06:00,0,0.00,0,0.6200,0.1360,0.0347,0.0117,0,REST-S,2,6,5
581,13322,8:06:30,0,0.00,0,0.6200,0.1360,0.0347,0.0117,0,REST-S,2,6,5
581,13323,8:07:00,0,0.00,0,0.6200,0.1360,0.0347,0.0117,0,REST-S,2,6,5
581,13324,8:07:30,0,0.00,0,0.6200,0.1360,0.0347,0.0117,0,REST-S,2,6,5
581,13325,8:08:00,0,0.00,0,0.6200,0.1360,0.0347,0.0117,0,REST-S,2,6,5
581,13326,8:08:30,0,0.00,0,0.6200,0.1360,0.0347,0.0117,0,REST-S,2,6,5
581,13327,8:09:00,0,0.00,0,0.6200,0.1360,0.0347,0.0117,0,REST-S,2,6,5
581,13328,8:09:30,0,0.00,0,0.6200,0.1360,0.0347,0.0117,0,REST-S,2,6,5
581,13329,8:10:00,0,0.00,0,0.6000,0.1300,0.0347,0.0117,0,REST-S,2,6,5
581,13330,8:10:30,0,0.00,0,0.6200,0.1360,0.0347,0.0117,0,REST-S,2,6,5
581,13331,8:11:00,0,0.00,0,0.6200,0.1360,0.0347,0.0117,1,REST,2,6,5
581,13332,8:11:30,0,119.00,1,0.6000,0.1300,0.0347,0.0117,1,ACTIVE,2,6,5
581,13333,8:12:00,0,86.00,0,5.6200,0.4470,0.5090,0.1650,1,ACTIVE,2,6,5
581,13334,8:12:30,0,0.00,0,4.5000,0.4870,0.3840,0.0571,1,ACTIVE,2,6,5
581,13335,8:13:00,0,7.00,0,6.0100,0.4870,0.5430,0.1650,1,ACTIVE,2,6,5
581,13336,8:13:30,0,228.00,0,4.0200,0.3760,0.3520,0.0981,1,ACTIVE,2,6,5
581,13337,8:14:00,0,278.00,0,2.5800,0.3030,0.2090,0.0694,1,ACTIVE,2,6,5
581,13338,8:14:30,0,385.00,0,1.0500,0.1880,0.0694,0.0292,1,ACTIVE,2,6,5
581,13339,8:15:00,0,686.00,0,2.1400,0.2380,0.1760,0.0694,1,ACTIVE,2,6,5
581,13340,8:15:30,0,665.00,0,2.5300,0.3370,0.2000,0.0279,1,ACTIVE,2,6,5
581,13341,8:16:00,0,398.00,0,1.4000,0.1880,0.1050,0.0583,1,ACTIVE,2,6,5
581,13342,8:16:30,0,269.00,0,7.7400,0.5200,0.7200,0.2660,1,ACTIVE,2,6,5
581,13343,8:17:00,0,269.00,0,1.4200,0.2090,0.1050,0.0412,1,ACTIVE,2,6,5
581,13344,8:17:30,0,163.00,0,0.3500,0.1580,0.0000,0.0000,1,ACTIVE,2,6,5
581,13345,8:18:00,0,244.00,0,0.3000,0.1360,0.0000,0.0000,1,ACTIVE,2,6,5
581,13346,8:18:30,0,66.00,0,58.7700,3.0700,5.6300,2.4200,1,ACTIVE,2,6,5
581,13347,8:19:00,0,193.00,0,10.2200,0.6740,0.9540,0.3450,1,ACTIVE,2,6,5
581,13348,8:19:30,0,29.00,0,3.9700,0.3370,0.3520,0.1330,1,ACTIVE,2,6,5
581,13349,8:20:00,0,119.00,0,68.3300,3.4200,6.5600,3.0700,1,ACTIVE,2,6,5
581,13350,8:20:30,0,63.00,0,0.6200,0.1360,0.0347,0.0117,1,ACTIVE,2,6,5
581,13351,8:21:00,0,193.00,0,0.3000,0.1360,0.0000,0.0000,1,ACTIVE,2,6,5
581,13352,8:21:30,0,128.00,0,2.0400,0.3160,0.1510,0.0162,1,ACTIVE,2,6,5
581,13353,8:22:00,0,25.00,0,0.3000,0.1360,0.0000,0.0000,1,ACTIVE,2,6,5
581,13354,8:22:30,0,133.00,0,1.0600,0.1720,0.0756,0.0115,1,ACTIVE,2,6,5
581,13355,8:23:00,0,548.00,0,1.0500,0.1880,0.0694,0.0292,1,ACTIVE,2,6,5
581,13356,8:23:30,0,147.00,0,6.6500,0.4370,0.6180,0.2490,1,ACTIVE,2,6,5
581,13357,8:24:00,0,200.00,0,0.3000,0.1360,0.0000,0.0000,1,ACTIVE,2,6,5
581,13358,8:24:30,0,79.00,0,65.2100,1.9100,6.7000,2.1300,1,ACTIVE,2,6,5
581,13359,8:25:00,0,93.00,0,47.2200,1.4400,4.8400,1.5000,1,ACTIVE,2,6,5
581,13360,8:25:30,0,34.00,0,31.7000,1.3800,3.1400,1.0600,1,ACTIVE,2,6,5
581,13361,8:26:00,0,4.00,0,39.7500,2.2200,3.8100,1.3200,1,ACTIVE,2,6,5
581,13362,8:26:30,0,1.00,0,125.2400,8.5000,12.0000,1.0400,0,ACTIVE,2,6,5
581,13363,8:27:00,0,4.00,0,83.5500,6.0100,7.9700,0.4370,1,ACTIVE,2,6,5
581,13364,8:27:30,0,89.00,0,91.3000,4.4400,8.8800,3.4200,1,ACTIVE,2,6,5
581,13365,8:28:00,0,40.00,0,351.0600,14.9000,34.0000,18.5000,1,ACTIVE,2,6,5
581,13366,8:28:30,0,79.00,0,108.4700,4.6400,10.6000,5.2800,1,ACTIVE,2,6,5
581,13367,8:29:00,0,107.00,0,3.7800,0.4010,0.3160,0.1170,1,ACTIVE,2,6,5
581,13368,8:29:30,0,133.00,0,5.6600,0.4570,0.5090,0.1760,1,ACTIVE,2,6,5
581,13369,8:30:00,0,200.00,0,2.8300,0.2660,0.2440,0.0981,1,ACTIVE,2,6,5
581,13370,8:30:30,0,297.00,0,10.6800,0.3450,1.0900,0.3760,1,ACTIVE,2,6,5
581,13371,8:31:00,0,214.00,0,4.4000,0.3370,0.4010,0.1330,1,ACTIVE,2,6,5
581,13372,8:31:30,0,269.00,0,2.6400,0.3840,0.2000,0.0279,1,ACTIVE,2,6,5
581,13373,8:32:00,0,5.00,0,11.8500,0.8750,1.0900,0.3760,1,ACTIVE,2,6,5
581,13374,8:32:30,0,0.00,0,8.4500,0.8560,0.7200,0.2380,1,ACTIVE,2,6,5
581,13375,8:33:00,0,0.00,0,7.2400,0.7350,0.6320,0.0694,0,ACTIVE,2,6,5
581,13376,8:33:30,0,32.00,0,6.0600,1.2900,0.3600,0.0460,1,ACTIVE,2,6,5
581,13377,8:34:00,0,0.00,0,18.1000,2.1300,1.5000,0.2190,0,ACTIVE,2,6,5
581,13378,8:34:30,0,6.00,0,28.2000,3.2100,2.3700,0.3300,1,ACTIVE,2,6,5
581,13379,8:35:00,0,0.00,0,25.9000,2.2200,2.3200,0.6320,0,ACTIVE,2,6,5
581,13380,8:35:30,0,114.00,0,9.1300,1.4100,0.6740,0.1000,1,ACTIVE,2,6,5
581,13381,8:36:00,0,22.00,0,1.3800,0.1880,0.1050,0.0412,1,ACTIVE,2,6,5
581,13382,8:36:30,0,89.00,0,0.3000,0.1360,0.0000,0.0000,1,ACTIVE,2,6,5
581,13383,8:37:00,0,29.00,0,116.1200,5.8800,11.0000,6.0100,1,ACTIVE,2,6,5
581,13384,8:37:30,0,0.00,0,112.5900,8.6900,10.6000,0.8370,0,ACTIVE,2,6,5
581,13385,8:38:00,0,0.00,0,115.4500,9.0700,10.8000,0.8200,0,ACTIVE,2,6,5
581,13386,8:38:30,0,0.00,0,115.4700,9.0700,10.8000,0.8370,0,ACTIVE,2,6,5
581,13387,8:39:00,0,0.00,0,120.6400,9.4700,11.3000,0.9330,1,ACTIVE,2,6,5
581,13388,8:39:30,0,79.00,0,68.0500,4.4400,6.5600,0.7510,1,ACTIVE,2,6,5
581,13389,8:40:00,0,114.00,0,5.8200,0.5310,0.5090,0.1760,1,ACTIVE,2,6,5
581,13390,8:40:30,0,0.00,0,7.2200,0.6050,0.6460,0.2090,1,ACTIVE,2,6,5
581,13391,8:41:00,0,70.00,0,3.6900,0.3600,0.3160,0.1170,1,ACTIVE,2,6,5
581,13392,8:41:30,0,157.00,0,3.2600,0.3160,0.2770,0.1170,1,ACTIVE,2,6,5
581,13393,8:42:00,0,100.00,0,3.5200,0.2840,0.3160,0.1170,1,ACTIVE,2,6,5
581,13394,8:42:30,0,133.00,0,2.2700,0.3030,0.1760,0.0583,1,ACTIVE,2,6,5
581,13395,8:43:00,0,133.00,0,1.1200,0.2190,0.0694,0.0292,1,ACTIVE,2,6,5
581,13396,8:43:30,0,157.00,0,7.2000,0.9130,0.1840,3.2800,1,ACTIVE,2,6,5
581,13397,8:44:00,0,68.00,0,2.8700,0.2900,0.2440,0.0880,1,ACTIVE,2,6,5
581,13398,8:44:30,0,25.00,0,11.7000,0.8020,1.0900,0.3840,1,ACTIVE,2,6,5
581,13399,8:45:00,0,8.00,0,13.8200,0.9130,1.2900,0.4470,1,ACTIVE,2,6,5
581,13400,8:45:30,0,38.00,0,49.4200,3.9000,4.6400,0.1800,1,ACTIVE,2,6,5
581,13401,8:46:00,0,278.00,0,19.1200,1.6700,1.6700,0.6890,1,ACTIVE,2,6,5
581,13402,8:46:30,0,252.00,0,12.7100,2.9400,0.7040,0.0395,1,ACTIVE,2,6,5
581,13403,8:47:00,0,214.00,0,4.3000,0.4980,0.3600,0.0460,1,ACTIVE,2,6,5
581,13404,8:47:30,0,45.00,0,2.9000,0.3030,0.2440,0.0880,1,ACTIVE,2,6,5
581,13405,8:48:00,0,133.00,0,20.8800,2.7600,1.6700,0.1070,1,ACTIVE,2,6,5
581,13406,8:48:30,0,26.00,0,5.0600,0.4770,0.4370,0.1650,1,ACTIVE,2,6,5
581,13407,8:49:00,0,110.00,0,2.5300,0.4370,0.1760,0.0230,1,ACTIVE,2,6,5
581,13408,8:49:30,0,0.00,0,5.4100,0.8020,0.4010,0.1170,1,ACTIVE,2,6,5
581,13409,8:50:00,0,137.00,0,6.4400,0.3600,0.6180,0.2090,1,ACTIVE,2,6,5
581,13410,8:50:30,0,147.00,0,6.2100,0.8560,0.4770,0.1330,1,ACTIVE,2,6,5
581,13411,8:51:00,0,25.00,0,169.5200,9.2700,16.3000,5.8800,1,ACTIVE,2,6,5
581,13412,8:51:30,0,4.00,0,0.6200,0.1360,0.0347,0.0117,1,ACTIVE,2,6,5
581,13413,8:52:00,0,0.00,0,0.6200,0.1360,0.0347,0.0117,0,ACTIVE,2,6,5
581,13414,8:52:30,0,0.00,0,0.6200,0.1360,0.0347,0.0117,0,ACTIVE,2,6,5
581,13415,8:53:00,0,38.00,0,28.4900,4.9500,1.9900,0.1000,1,ACTIVE,2,6,5
581,13416,8:53:30,0,0.00,0,8.0200,0.6600,0.7200,0.2380,1,ACTIVE,2,6,5
581,13417,8:54:00,0,93.00,0,6.8500,0.5310,0.6180,0.2380,1,ACTIVE,2,6,5
581,13418,8:54:30,0,107.00,0,155.5900,10.6000,14.9000,1.3500,1,ACTIVE,2,6,5
581,13419,8:55:00,0,26.00,0,297.8200,24.6000,27.4000,3.3500,1,ACTIVE,2,6,5
581,13420,8:55:30,0,0.00,0,136.9700,16.6000,11.3000,1.3800,1,ACTIVE,2,6,5
581,13421,8:56:00,0,36.00,0,736.0500,33.3000,71.0000,37.1000,1,ACTIVE,2,6,5
581,13422,8:56:30,0,20.00,0,686.6000,31.2000,66.6000,31.9000,1,ACTIVE,2,6,5
581,13423,8:57:00,0,0.00,0,377.1600,28.0000,35.5000,3.9000,0,ACTIVE,2,6,5
581,13424,8:57:30,0,0.00,0,238.2100,19.4000,21.6000,5.8800,0,ACTIVE,2,6,5
581,13425,8:58:00,0,0.00,0,116.1300,11.8000,10.1000,1.4400,0,ACTIVE,2,6,5
581,13426,8:58:30,0,8.00,0,140.0400,10.8000,12.8000,3.5000,0,ACTIVE,2,6,5
581,13427,8:59:00,0,0.00,0,3.1300,0.9130,0.1240,0.0162,0,ACTIVE,2,6,5
581,13428,8:59:30,0,0.00,0,0.8400,0.1800,0.0501,0.0046,0,ACTIVE,2,6,5
581,13429,9:00:00,0,21.00,0,0.8700,0.1920,0.0501,0.0046,1,ACTIVE,2,6,5
581,13430,9:00:30,0,0.00,0,817.5400,38.7000,79.2000,35.5000,0,ACTIVE,2,6,5
581,13431,9:01:00,0,0.00,0,820.1400,38.7000,79.2000,37.9000,0,ACTIVE,2,6,5
581,13432,9:01:30,0,59.00,0,735.1600,34.8000,71.0000,33.3000,1,ACTIVE,2,6,5
581,13433,9:02:00,0,28.00,0,496.5400,26.8000,49.1000,6.2800,1,ACTIVE,2,6,5
581,13434,9:02:30,0,56.00,0,798.3300,34.8000,77.5000,39.6000,1,ACTIVE,2,6,5
581,13435,9:03:00,0,11.00,0,355.4700,18.5000,34.0000,15.3000,1,ACTIVE,2,6,5
581,13436,9:03:30,0,1.00,0,333.1000,17.4000,31.9000,14.3000,0,ACTIVE,2,6,5
581,13437,9:04:00,0,49.00,0,695.1800,28.6000,68.0000,33.3000,1,ACTIVE,2,6,5
581,13438,9:04:30,0,6.00,0,854.5700,38.7000,82.7000,41.3000,0,ACTIVE,2,6,5
581,13439,9:05:00,0,0.00,0,950.2800,42.2000,92.1000,46.1000,0,ACTIVE,2,6,5
581,13440,9:05:30,0,11.00,0,892.4000,40.4000,86.3000,43.2000,0,ACTIVE,2,6,5
581,13441,9:06:00,0,0.00,0,834.4600,37.1000,80.9000,40.4000,0,ACTIVE,2,6,5
581,13442,9:06:30,0,1.00,0,971.0800,43.2000,94.1000,47.1000,0,ACTIVE,2,6,5
581,13443,9:07:00,0,40.00,0,867.8800,40.4000,84.5000,35.5000,1,ACTIVE,2,6,5
581,13444,9:07:30,0,31.00,0,911.9100,42.2000,88.2000,42.2000,1,ACTIVE,2,6,5
581,13445,9:08:00,0,1.00,0,1085.650,50.2000,105.0000,51.3000,1,ACTIVE,2,6,5
581,13446,9:08:30,0,61.00,0,975.7700,33.3000,98.3000,37.9000,1,ACTIVE,2,6,5
581,13447,9:09:00,0,103.00,0,141.5000,8.3200,13.4000,5.2800,1,ACTIVE,2,6,5
581,13448,9:09:30,0,59.00,0,685.1300,31.2000,66.6000,30.5000,1,ACTIVE,2,6,5
581,13449,9:10:00,0,1.00,0,1341.100,62.4000,130.0000,57.2000,1,ACTIVE,2,6,5
581,13450,9:10:30,0,0.00,0,1289.770,61.0000,125.0000,57.2000,0,ACTIVE,2,6,5
581,13451,9:11:00,0,19.00,0,1231.340,58.4000,119.0000,51.3000,1,ACTIVE,2,6,5
581,13452,9:11:30,0,0.00,0,1023.200,50.2000,98.3000,47.1000,0,ACTIVE,2,6,5
581,13453,9:12:00,0,0.00,0,1110.850,53.6000,107.0000,49.1000,0,ACTIVE,2,6,5
581,13454,9:12:30,0,61.00,0,1291.820,63.7000,125.0000,53.6000,1,ACTIVE,2,6,5
581,13455,9:13:00,0,32.00,0,0.3200,0.1450,0.0000,0.0000,1,ACTIVE,2,6,5
581,13456,9:13:30,0,56.00,0,322.7600,14.9000,31.2000,15.3000,1,ACTIVE,2,6,5
581,13457,9:14:00,0,207.00,0,324.6200,15.9000,31.2000,14.9000,1,ACTIVE,2,6,5
581,13458,9:14:30,0,61.00,0,7.0300,0.8020,0.5790,0.1650,1,ACTIVE,2,6,5
581,13459,9:15:00,0,28.00,0,7.2400,1.0400,0.5550,0.0773,1,ACTIVE,2,6,5
581,13460,9:15:30,0,42.00,0,7.2400,1.0400,0.5550,0.0773,1,ACTIVE,2,6,5
581,13461,9:16:00,0,207.00,0,11.6700,1.6000,0.9130,0.1190,1,ACTIVE,2,6,5
581,13462,9:16:30,0,157.00,0,15.7200,2.6400,1.1100,0.1480,1,ACTIVE,2,6,5
581,13463,9:17:00,0,328.00,0,11.3200,1.7500,0.8370,0.1120,1,ACTIVE,2,6,5
581,13464,9:17:30,0,200.00,0,1252.470,49.1000,125.0000,47.1000,1,ACTIVE,2,6,5
581,13465,9:18:00,0,438.00,0,88.6300,14.3000,6.4200,0.7680,1,ACTIVE,2,6,5
581,13466,9:18:30,0,350.00,0,0.0000,0.0000,0.0000,0.0000,1,ACTIVE,2,6,5
581,13467,9:19:00,0,70.00,0,131.8500,4.6400,13.4000,3.9000,1,ACTIVE,2,6,5
581,13468,9:19:30,0,133.00,0,39.4500,3.8100,3.4200,0.9540,1,ACTIVE,2,6,5
581,13469,9:20:00,0,49.00,0,178.0800,7.3100,17.8000,5.8800,1,ACTIVE,2,6,5
581,13470,9:20:30,0,107.00,0,73.3200,6.1400,6.7000,0.9750,1,ACTIVE,2,6,5
581,13471,9:21:00,0,66.00,0,47.5400,3.9800,4.2500,1.3800,1,ACTIVE,2,6,5
581,13472,9:21:30,0,27.00,0,236.4500,26.2000,20.2000,1.2600,1,ACTIVE,2,6,5
581,13473,9:22:00,0,0.00,0,137.9300,17.4000,11.3000,0.7680,0,ACTIVE,2,6,5
581,13474,9:22:30,0,47.00,0,641.4000,33.3000,62.4000,19.8000,1,ACTIVE,2,6,5
581,13475,9:23:00,0,12.00,0,985.3700,52.4000,94.1000,41.3000,1,ACTIVE,2,6,5
581,13476,9:23:30,0,27.00,0,1218.530,71.0000,114.0000,54.8000,1,ACTIVE,2,6,5
581,13477,9:24:00,0,0.00,0,1601.080,86.3000,152.0000,75.8000,0,ACTIVE,2,6,5
581,13478,9:24:30,0,0.00,0,1596.990,84.5000,152.0000,75.8000,0,ACTIVE,2,6,5
581,13479,9:25:00,0,0.00,0,1596.990,84.5000,152.0000,75.8000,0,ACTIVE,2,6,5
581,13480,9:25:30,0,1.00,0,1601.080,86.3000,152.0000,75.8000,0,ACTIVE,2,6,5
581,13481,9:26:00,0,0.00,0,1596.990,84.5000,152.0000,75.8000,0,ACTIVE,2,6,5
581,13482,9:26:30,0,0.00,0,1601.080,86.3000,152.0000,75.8000,0,ACTIVE,2,6,5
581,13483,9:27:00,0,0.00,0,1601.080,86.3000,152.0000,75.8000,0,ACTIVE,2,6,5
581,13484,9:27:30,0,0.00,0,1601.080,86.3000,152.0000,75.8000,0,ACTIVE,2,6,5
581,13485,9:28:00,0,0.00,0,1663.520,86.3000,158.0000,79.2000,0,ACTIVE,2,6,5
581,13486,9:28:30,0,1.00,0,1663.520,86.3000,158.0000,79.2000,0,ACTIVE,2,6,5
581,13487,9:29:00,0,70.00,0,632.5700,46.1000,57.2000,27.4000,1,ACTIVE,2,6,5
581,13488,9:29:30,0,82.00,0,1663.120,90.1000,158.0000,71.0000,1,ACTIVE,2,6,5
581,13489,9:30:00,0,100.00,0,1124.080,58.4000,110.0000,32.6000,1,ACTIVE,2,6,5
581,13490,9:30:30,0,0.00,0,382.2000,11.8000,38.7000,15.6000,1,ACTIVE,2,6,5
581,13491,9:31:00,0,163.00,0,162.6000,17.4000,14.0000,1.5000,1,ACTIVE,2,6,5
581,13492,9:31:30,0,0.00,0,614.6300,49.1000,57.2000,4.6400,0,ACTIVE,2,6,5
581,13493,9:32:00,0,0.00,0,459.4900,38.7000,42.2000,3.6500,0,ACTIVE,2,6,5
581,13494,9:32:30,0,0.00,0,395.2300,33.3000,36.3000,3.5000,0,ACTIVE,2,6,5
581,13495,9:33:00,0,1.00,0,496.7600,40.4000,46.1000,3.6500,0,ACTIVE,2,6,5
581,13496,9:33:30,0,0.00,0,553.3000,45.1000,51.3000,3.8100,0,ACTIVE,2,6,5
581,13497,9:34:00,0,4.00,0,479.6600,40.4000,44.1000,3.6500,0,ACTIVE,2,6,5
581,13498,9:34:30,0,0.00,0,497.2100,40.4000,46.1000,4.0700,0,ACTIVE,2,6,5
581,13499,9:35:00,0,0.00,0,519.1300,42.2000,48.1000,4.1600,0,ACTIVE,2,6,5
581,13500,9:35:30,0,68.00,0,1270.690,53.6000,125.0000,54.8000,1,ACTIVE,2,6,5
581,13501,9:36:00,0,0.00,0,584.4900,45.1000,54.8000,4.7400,0,ACTIVE,2,6,5
581,13502,9:36:30,0,29.00,0,640.4100,50.2000,59.7000,5.7600,1,ACTIVE,2,6,5
581,13503,9:37:00,0,66.00,0,1509.890,80.9000,145.0000,54.8000,1,ACTIVE,2,6,5
581,13504,9:37:30,0,49.00,0,668.6300,52.4000,62.4000,5.8800,1,ACTIVE,2,6,5
581,13505,9:38:00,0,47.00,0,1942.930,103.0000,184.0000,94.1000,1,ACTIVE,2,6,5
581,13506,9:38:30,0,75.00,0,1286.630,74.2000,122.0000,49.1000,1,ACTIVE,2,6,5
581,13507,9:39:00,0,4.00,0,640.0200,50.2000,59.7000,5.3900,1,ACTIVE,2,6,5
581,13508,9:39:30,0,79.00,0,714.6600,57.2000,66.6000,4.8400,1,ACTIVE,2,6,5
581,13509,9:40:00,0,0.00,0,0.9400,0.2230,0.0501,0.0046,0,ACTIVE,2,6,5
581,13510,9:40:30,0,1.00,0,212.1000,20.2000,18.9000,1.3200,0,ACTIVE,2,6,5
581,13511,9:41:00,0,15.00,0,2014.370,103.0000,192.0000,94.1000,0,ACTIVE,2,6,5
581,13512,9:41:30,0,0.00,0,2009.510,100.0000,192.0000,94.1000,0,ACTIVE,2,6,5
581,13513,9:42:00,0,0.00,0,1928.970,98.3000,184.0000,90.1000,0,ACTIVE,2,6,5
581,13514,9:42:30,0,61.00,0,1760.790,88.2000,169.0000,79.2000,1,ACTIVE,2,6,5
581,13515,9:43:00,0,0.00,0,1777.690,94.1000,169.0000,82.7000,0,ACTIVE,2,6,5
581,13516,9:43:30,0,0.00,0,1847.190,94.1000,176.0000,86.3000,0,ACTIVE,2,6,5
581,13517,9:44:00,0,0.00,0,1773.240,92.1000,169.0000,82.7000,0,ACTIVE,2,6,5
581,13518,9:44:30,0,1.00,0,1768.870,90.1000,169.0000,82.7000,0,ACTIVE,2,6,5
581,13519,9:45:00,0,0.00,0,1768.870,90.1000,169.0000,82.7000,0,ACTIVE,2,6,5
581,13520,9:45:30,0,1.00,0,1667.330,86.3000,158.0000,82.7000,0,ACTIVE,2,6,5
581,13521,9:46:00,0,2.00,0,1596.640,82.7000,152.0000,79.2000,0,ACTIVE,2,6,5
581,13522,9:46:30,0,1.00,0,1581.490,77.5000,152.0000,75.8000,1,ACTIVE,2,6,5
581,13523,9:47:00,0,49.00,0,744.5500,37.9000,71.0000,35.5000,1,ACTIVE,2,6,5
581,13524,9:47:30,0,107.00,0,44.9400,3.0100,4.1600,1.7100,1,ACTIVE,2,6,5
581,13525,9:48:00,0,110.00,0,15.4400,1.5700,1.3200,0.3760,1,ACTIVE,2,6,5
581,13526,9:48:30,0,75.00,0,17.9900,1.2600,1.6700,0.4870,1,ACTIVE,2,6,5
581,13527,9:49:00,0,47.00,0,28.7700,2.6400,2.5300,0.7350,1,ACTIVE,2,6,5
581,13528,9:49:30,0,79.00,0,13.3700,2.1300,0.9540,0.2960,1,ACTIVE,2,6,5
581,13529,9:50:00,0,89.00,0,7.7300,1.1600,0.5790,0.0825,1,ACTIVE,2,6,5
581,13530,9:50:30,0,73.00,0,10.3700,1.8700,0.6890,0.1920,1,ACTIVE,2,6,5
581,13531,9:51:00,0,59.00,0,37.7500,2.9400,3.4200,1.1600,1,ACTIVE,2,6,5
581,13532,9:51:30,0,45.00,0,36.2100,2.5800,3.3500,1.0600,1,ACTIVE,2,6,5
581,13533,9:52:00,0,42.00,0,17.6500,1.5000,1.5700,0.5310,1,ACTIVE,2,6,5
581,13534,9:52:30,0,45.00,0,10.1700,1.2900,0.8020,0.2660,1,ACTIVE,2,6,5
581,13535,9:53:00,0,45.00,0,133.7100,12.3000,11.8000,3.2100,1,ACTIVE,2,6,5
581,13536,9:53:30,0,22.00,0,1218.120,79.2000,114.0000,37.9000,1,ACTIVE,2,6,5
581,13537,9:54:00,0,0.00,0,51.8600,14.0000,2.3700,0.1720,0,ACTIVE,2,6,5
581,13538,9:54:30,0,0.00,0,399.3300,44.1000,34.0000,3.6500,0,ACTIVE,2,6,5
581,13539,9:55:00,0,12.00,0,1439.870,74.2000,139.0000,53.6000,0,ACTIVE,2,6,5
581,13540,9:55:30,0,0.00,0,2198.050,92.1000,214.0000,107.0000,0,ACTIVE,2,6,5
581,13541,9:56:00,0,36.00,0,2127.450,96.2000,205.0000,107.0000,1,ACTIVE,2,6,5
581,13542,9:56:30,0,1.00,0,1009.090,51.3000,98.3000,31.9000,0,ACTIVE,2,6,5
581,13543,9:57:00,0,0.00,0,1893.100,98.3000,184.0000,57.2000,0,ACTIVE,2,6,5
581,13544,9:57:30,0,0.00,0,1889.190,98.3000,184.0000,53.6000,0,ACTIVE,2,6,5
581,13545,9:58:00,0,0.00,0,1978.340,103.0000,192.0000,61.0000,0,ACTIVE,2,6,5
581,13546,9:58:30,0,49.00,0,1847.110,107.0000,176.0000,59.7000,1,ACTIVE,2,6,5
581,13547,9:59:00,0,2.00,0,94.8800,18.9000,6.0100,0.3160,0,ACTIVE,2,6,5
581,13548,9:59:30,0,0.00,0,93.9800,18.5000,6.0100,0.3090,0,ACTIVE,2,6,5
581,13549,10:00:00,0,0.00,0,98.4300,18.9000,6.4200,0.3300,0,ACTIVE,2,6,5
581,13550,10:00:30,0,96.00,0,101.4000,17.4000,7.1500,0.3450,1,ACTIVE,2,6,5
581,13551,10:01:00,0,28.00,0,2226.110,117.0000,214.0000,82.7000,1,ACTIVE,2,6,5
581,13552,10:01:30,0,6.00,0,2218.650,117.0000,214.0000,75.8000,0,ACTIVE,2,6,5
581,13553,10:02:00,0,0.00,0,2305.430,117.0000,224.0000,79.2000,0,ACTIVE,2,6,5
581,13554,10:02:30,0,0.00,0,2311.090,119.0000,224.0000,79.2000,0,ACTIVE,2,6,5
581,13555,10:03:00,0,31.00,0,1245.880,69.5000,119.0000,42.2000,1,ACTIVE,2,6,5
581,13556,10:03:30,0,0.00,0,224.5300,22.1000,19.8000,2.2700,0,ACTIVE,2,6,5
581,13557,10:04:00,0,5.00,0,147.2300,19.4000,11.8000,1.2600,0,ACTIVE,2,6,5
581,13558,10:04:30,0,0.00,0,704.5100,56.0000,65.1000,9.4700,0,ACTIVE,2,6,5
581,13559,10:05:00,0,27.00,0,1765.640,107.0000,169.0000,45.1000,1,ACTIVE,2,6,5
581,13560,10:05:30,0,86.00,0,868.3000,88.2000,75.8000,8.6900,1,ACTIVE,2,6,5
581,13561,10:06:00,0,49.00,0,1602.130,98.3000,152.0000,52.4000,1,ACTIVE,2,6,5
581,13562,10:06:30,0,7.00,0,2333.460,117.0000,224.0000,105.0000,1,ACTIVE,2,6,5
581,13563,10:07:00,0,47.00,0,908.3000,50.2000,86.3000,37.9000,1,ACTIVE,2,6,5
581,13564,10:07:30,0,0.00,0,453.8200,53.6000,37.9000,3.1400,0,ACTIVE,2,6,5
581,13565,10:08:00,0,0.00,0,633.3700,66.6000,54.8000,6.0100,0,ACTIVE,2,6,5
581,13566,10:08:30,0,0.00,0,961.2000,79.2000,88.2000,12.6000,0,ACTIVE,2,6,5
581,13567,10:09:00,0,11.00,0,1392.160,84.5000,133.0000,36.3000,0,ACTIVE,2,6,5
581,13568,10:09:30,0,8.00,0,7.5900,1.6700,0.4370,0.0535,0,ACTIVE,2,6,5
581,13569,10:10:00,0,0.00,0,9.6200,2.1300,0.5550,0.0571,0,ACTIVE,2,6,5
581,13570,10:10:30,0,9.00,0,9.6200,2.1300,0.5550,0.0571,0,ACTIVE,2,6,5
581,13571,10:11:00,0,7.00,0,1822.810,92.1000,176.0000,68.0000,0,ACTIVE,2,6,5
581,13572,10:11:30,0,0.00,0,1826.080,92.1000,176.0000,71.0000,0,ACTIVE,2,6,5
581,13573,10:12:00,0,0.00,0,1826.910,90.1000,176.0000,75.8000,0,ACTIVE,2,6,5
581,13574,10:12:30,0,0.00,0,1821.720,90.1000,176.0000,71.0000,0,ACTIVE,2,6,5
581,13575,10:13:00,0,0.00,0,1732.800,84.5000,169.0000,61.0000,0,ACTIVE,2,6,5
581,13576,10:13:30,0,0.00,0,1821.720,90.1000,176.0000,71.0000,0,ACTIVE,2,6,5
581,13577,10:14:00,0,9.00,0,1920.820,98.3000,184.0000,82.7000,0,ACTIVE,2,6,5
581,13578,10:14:30,0,0.00,0,2133.200,107.0000,205.0000,90.1000,0,ACTIVE,2,6,5
581,13579,10:15:00,0,1.00,0,2121.240,107.0000,205.0000,79.2000,0,ACTIVE,2,6,5
581,13580,10:15:30,0,0.00,0,2126.430,110.0000,205.0000,79.2000,0,ACTIVE,2,6,5
581,13581,10:16:00,0,14.00,0,1830.330,98.3000,176.0000,62.4000,0,ACTIVE,2,6,5
581,13582,10:16:30,0,0.00,0,1643.660,92.1000,158.0000,49.1000,0,ACTIVE,2,6,5
581,13583,10:17:00,0,11.00,0,844.4300,49.1000,80.9000,25.1000,0,ACTIVE,2,6,5
581,13584,10:17:30,0,0.00,0,29.5800,4.8400,2.1300,0.2380,0,ACTIVE,2,6,5
581,13585,10:18:00,0,0.00,0,107.7700,22.5000,6.5600,0.4980,0,ACTIVE,2,6,5
581,13586,10:18:30,0,7.00,0,85.2500,17.0000,5.3900,0.3840,0,ACTIVE,2,6,5
581,13587,10:19:00,0,100.00,0,372.3600,49.1000,29.9000,1.9900,1,ACTIVE,2,6,5
581,13588,10:19:30,0,0.00,0,530.9700,63.7000,44.1000,3.5000,0,ACTIVE,2,6,5
581,13589,10:20:00,0,4.00,0,479.7100,58.4000,39.6000,3.5700,0,ACTIVE,2,6,5
581,13590,10:20:30,0,2.00,0,1797.440,110.0000,169.0000,69.5000,0,ACTIVE,2,6,5
581,13591,10:21:00,0,0.00,0,2020.710,117.0000,192.0000,71.0000,0,ACTIVE,2,6,5
581,13592,10:21:30,0,45.00,0,58.6500,5.7600,5.1700,0.6180,1,ACTIVE,2,6,5
581,13593,10:22:00,0,0.00,0,85.2700,11.0000,6.8500,0.8560,0,ACTIVE,2,6,5
581,13594,10:22:30,0,0.00,0,123.5100,18.5000,9.2700,1.2100,0,ACTIVE,2,6,5
581,13595,10:23:00,0,0.00,0,134.6900,20.2000,10.1000,1.3200,0,ACTIVE,2,6,5
581,13596,10:23:30,0,0.00,0,149.1700,22.1000,11.3000,1.6000,0,ACTIVE,2,6,5
581,13597,10:24:00,0,0.00,0,123.8500,11.8000,10.8000,3.0700,0,ACTIVE,2,6,5
581,13598,10:24:30,0,5.00,0,54.3800,10.6000,3.5000,0.3760,0,ACTIVE,2,6,5
581,13599,10:25:00,0,6.00,0,88.7700,16.6000,5.8800,0.4280,0,ACTIVE,2,6,5
581,13600,10:25:30,0,0.00,0,83.2300,15.6000,5.5100,0.4370,0,ACTIVE,2,6,5
581,13601,10:26:00,0,0.00,0,81.4600,15.3000,5.3900,0.4470,0,ACTIVE,2,6,5
581,13602,10:26:30,0,0.00,0,120.2300,17.4000,9.2700,0.5670,0,ACTIVE,2,6,5
581,13603,10:27:00,0,1.00,0,181.6200,25.1000,14.3000,0.8020,0,ACTIVE,2,6,5
581,13604,10:27:30,0,61.00,0,455.3300,20.7000,45.1000,13.7000,1,ACTIVE,2,6,5
581,13605,10:28:00,0,0.00,0,1.1200,0.2190,0.0694,0.0292,0,ACTIVE,2,6,5
581,13606,10:28:30,0,0.00,0,1.2100,0.2440,0.0756,0.0115,0,ACTIVE,2,6,5
581,13607,10:29:00,0,0.00,0,1.1200,0.2190,0.0694,0.0292,0,ACTIVE,2,6,5
581,13608,10:29:30,0,0.00,0,1.1200,0.2190,0.0694,0.0292,0,ACTIVE,2,6,5
581,13609,10:30:00,0,0.00,0,1.1300,0.2230,0.0694,0.0292,0,ACTIVE,2,6,5
581,13610,10:30:30,0,93.00,0,286.0900,29.9000,24.0000,8.6900,1,ACTIVE,2,6,5
581,13611,10:31:00,0,70.00,0,1095.790,69.5000,103.0000,39.6000,1,ACTIVE,2,6,5
581,13612,10:31:30,0,27.00,0,1003.100,50.2000,98.3000,28.6000,1,ACTIVE,2,6,5
581,13613,10:32:00,0,14.00,0,1263.460,90.1000,117.0000,37.1000,1,ACTIVE,2,6,5
581,13614,10:32:30,0,0.00,0,2114.310,110.0000,205.0000,68.0000,0,ACTIVE,2,6,5
581,13615,10:33:00,0,0.00,0,2231.770,119.0000,214.0000,82.7000,0,ACTIVE,2,6,5
581,13616,10:33:30,0,0.00,0,2224.300,119.0000,214.0000,75.8000,0,ACTIVE,2,6,5
581,13617,10:34:00,0,29.00,0,1843.150,110.0000,176.0000,51.3000,1,ACTIVE,2,6,5
581,13618,10:34:30,0,0.00,0,998.1000,80.9000,92.1000,11.5000,0,ACTIVE,2,6,5
581,13619,10:35:00,0,0.00,0,963.6300,80.9000,88.2000,11.3000,0,ACTIVE,2,6,5
581,13620,10:35:30,0,0.00,0,964.1700,80.9000,88.2000,11.8000,0,ACTIVE,2,6,5
581,13621,10:36:00,0,103.00,0,1155.180,74.2000,107.0000,48.1000,1,ACTIVE,2,6,5
581,13622,10:36:30,0,0.00,0,645.6700,47.1000,59.7000,17.0000,1,ACTIVE,2,6,5
581,13623,10:37:00,0,119.00,0,266.5900,19.8000,24.6000,7.0000,1,ACTIVE,2,6,5
581,13624,10:37:30,0,0.00,0,6.1000,0.8020,0.4870,0.0571,0,ACTIVE,2,6,5
581,13625,10:38:00,0,0.00,0,11.7600,1.5700,0.9330,0.1120,0,ACTIVE,2,6,5
581,13626,10:38:30,0,0.00,0,11.8200,1.9100,0.8560,0.1000,0,ACTIVE,2,6,5
581,13627,10:39:00,0,0.00,0,7.9800,0.9540,0.6600,0.0880,0,ACTIVE,2,6,5
581,13628,10:39:30,0,0.00,0,11.0000,1.3800,0.8940,0.1120,0,ACTIVE,2,6,5
581,13629,10:40:00,0,4.00,0,280.4500,34.8000,23.0000,1.7900,0,ACTIVE,2,6,5
581,13630,10:40:30,0,68.00,0,762.1200,53.6000,71.0000,19.8000,1,ACTIVE,2,6,5
581,13631,10:41:00,0,0.00,0,728.2900,50.2000,68.0000,19.8000,0,ACTIVE,2,6,5
581,13632,10:41:30,0,2.00,0,642.0800,45.1000,59.7000,17.8000,0,ACTIVE,2,6,5
581,13633,10:42:00,0,86.00,0,625.0300,42.2000,58.4000,18.1000,1,ACTIVE,2,6,5
581,13634,10:42:30,0,0.00,0,624.2500,57.2000,56.0000,7.0000,0,ACTIVE,2,6,5
581,13635,10:43:00,0,0.00,0,806.2300,66.6000,74.2000,8.6900,0,ACTIVE,2,6,5
581,13636,10:43:30,0,0.00,0,919.3200,69.5000,86.3000,8.8800,0,ACTIVE,2,6,5
581,13637,10:44:00,0,8.00,0,947.0600,74.2000,88.2000,9.6800,0,ACTIVE,2,6,5
581,13638,10:44:30,0,0.00,0,948.0200,74.2000,88.2000,10.6000,0,ACTIVE,2,6,5
581,13639,10:45:00,0,23.00,0,364.2100,42.2000,30.5000,3.2800,1,ACTIVE,2,6,5
581,13640,10:45:30,0,20.00,0,363.7100,42.2000,30.5000,2.8200,1,ACTIVE,2,6,5
581,13641,10:46:00,0,0.00,0,561.4600,43.2000,52.4000,6.1400,0,ACTIVE,2,6,5
581,13642,10:46:30,0,0.00,0,695.6700,47.1000,66.6000,7.9700,0,ACTIVE,2,6,5
581,13643,10:47:00,0,89.00,0,724.0600,47.1000,69.5000,10.3000,1,ACTIVE,2,6,5
581,13644,10:47:30,0,16.00,0,405.4000,28.0000,38.7000,3.9800,1,ACTIVE,2,6,5
581,13645,10:48:00,0,0.00,0,508.9700,37.1000,48.1000,5.2800,0,ACTIVE,2,6,5
581,13646,10:48:30,0,0.00,0,579.0700,42.2000,54.8000,5.5100,0,ACTIVE,2,6,5
581,13647,10:49:00,0,0.00,0,645.3300,52.4000,59.7000,5.7600,0,ACTIVE,2,6,5
581,13648,10:49:30,0,19.00,0,1129.110,62.4000,110.0000,29.2000,1,ACTIVE,2,6,5
581,13649,10:50:00,0,0.00,0,1563.980,82.7000,152.0000,49.1000,0,ACTIVE,2,6,5
581,13650,10:50:30,0,1.00,0,963.4000,57.2000,94.1000,11.5000,0,ACTIVE,2,6,5
581,13651,10:51:00,0,28.00,0,775.9000,52.4000,74.2000,9.4700,1,ACTIVE,2,6,5
581,13652,10:51:30,0,56.00,0,619.5300,34.8000,61.0000,7.4700,1,ACTIVE,2,6,5
581,13653,10:52:00,0,0.00,0,83.9200,3.3500,8.3200,3.3500,0,ACTIVE,2,6,5
581,13654,10:52:30,0,82.00,0,940.6100,31.2000,96.2000,26.8000,1,ACTIVE,2,6,5
581,13655,10:53:00,0,0.00,0,789.4800,52.4000,75.8000,8.8800,0,ACTIVE,2,6,5
581,13656,10:53:30,0,0.00,0,819.3000,52.4000,79.2000,9.2700,0,ACTIVE,2,6,5
581,13657,10:54:00,0,79.00,0,1208.180,52.4000,119.0000,42.2000,1,ACTIVE,2,6,5
581,13658,10:54:30,0,18.00,0,1315.400,57.2000,130.0000,44.1000,1,ACTIVE,2,6,5
581,13659,10:55:00,0,1.00,0,766.0700,49.1000,74.2000,7.1500,0,ACTIVE,2,6,5
581,13660,10:55:30,0,6.00,0,885.2800,47.1000,88.2000,7.9700,0,ACTIVE,2,6,5
581,13661,10:56:00,0,0.00,0,1608.850,74.2000,158.0000,53.6000,0,ACTIVE,2,6,5
581,13662,10:56:30,0,0.00,0,1608.850,74.2000,158.0000,53.6000,0,ACTIVE,2,6,5
581,13663,10:57:00,0,0.00,0,1727.830,80.9000,169.0000,63.7000,0,ACTIVE,2,6,5
581,13664,10:57:30,0,68.00,0,1721.050,79.2000,169.0000,61.0000,1,ACTIVE,2,6,5
581,13665,10:58:00,0,63.00,0,762.7600,39.6000,74.2000,23.5000,1,ACTIVE,2,6,5
581,13666,10:58:30,0,0.00,0,1271.310,63.7000,125.0000,34.8000,1,ACTIVE,2,6,5
581,13667,10:59:00,0,123.00,0,780.1000,61.0000,72.6000,8.6900,1,ACTIVE,2,6,5
581,13668,10:59:30,0,89.00,0,1299.440,61.0000,127.0000,44.1000,1,ACTIVE,2,6,5
581,13669,11:00:00,0,49.00,0,1356.150,74.2000,130.0000,47.1000,1,ACTIVE,2,6,5
581,13670,11:00:30,0,36.00,0,1543.670,69.5000,152.0000,57.2000,1,ACTIVE,2,6,5
581,13671,11:01:00,0,0.00,0,1537.160,66.6000,152.0000,57.2000,0,ACTIVE,2,6,5
581,13672,11:01:30,0,0.00,0,1540.380,68.0000,152.0000,57.2000,0,ACTIVE,2,6,5
581,13673,11:02:00,0,12.00,0,1539.040,68.0000,152.0000,56.0000,0,ACTIVE,2,6,5
581,13674,11:02:30,0,21.00,0,352.9000,20.2000,34.8000,3.5000,1,ACTIVE,2,6,5
581,13675,11:03:00,0,0.00,0,407.6100,29.2000,38.7000,3.5000,0,ACTIVE,2,6,5
581,13676,11:03:30,0,0.00,0,427.7000,34.8000,39.6000,3.9000,0,ACTIVE,2,6,5
581,13677,11:04:00,0,0.00,0,554.5400,45.1000,51.3000,4.9500,0,ACTIVE,2,6,5
581,13678,11:04:30,0,0.00,0,544.7900,45.1000,50.2000,4.8400,0,ACTIVE,2,6,5
581,13679,11:05:00,0,1.00,0,510.7300,42.2000,47.1000,4.7400,0,ACTIVE,2,6,5
581,13680,11:05:30,0,0.00,0,512.6600,43.2000,47.1000,4.6400,0,ACTIVE,2,6,5
581,13681,11:06:00,0,0.00,0,506.2400,40.4000,47.1000,4.2500,0,ACTIVE,2,6,5
581,13682,11:06:30,0,0.00,0,458.8900,34.8000,43.2000,3.7300,0,ACTIVE,2,6,5
581,13683,11:07:00,0,0.00,0,440.4400,37.1000,40.4000,3.9000,0,ACTIVE,2,6,5
581,13684,11:07:30,0,100.00,0,1237.940,71.0000,117.0000,52.4000,1,ACTIVE,2,6,5
581,13685,11:08:00,0,12.00,0,1475.380,80.9000,142.0000,48.1000,1,ACTIVE,2,6,5
581,13686,11:08:30,0,33.00,0,1813.780,90.1000,176.0000,63.7000,1,ACTIVE,2,6,5
581,13687,11:09:00,0,32.00,0,1016.390,52.4000,98.3000,36.3000,1,ACTIVE,2,6,5
581,13688,11:09:30,0,0.00,0,464.3800,33.3000,43.2000,11.8000,0,ACTIVE,2,6,5
581,13689,11:10:00,0,0.00,0,448.3500,33.3000,41.3000,11.8000,0,ACTIVE,2,6,5
581,13690,11:10:30,0,47.00,0,1307.750,82.7000,122.0000,51.3000,1,ACTIVE,2,6,5
581,13691,11:11:00,0,11.00,0,1731.740,82.7000,169.0000,63.7000,0,ACTIVE,2,6,5
581,13692,11:11:30,0,0.00,0,1744.830,77.5000,169.0000,86.3000,0,ACTIVE,2,6,5
581,13693,11:12:00,0,0.00,0,1306.640,58.4000,127.0000,56.0000,0,ACTIVE,2,6,5
581,13694,11:12:30,0,8.00,0,1086.500,56.0000,105.0000,40.4000,0,ACTIVE,2,6,5
581,13695,11:13:00,0,8.00,0,1028.940,77.5000,96.2000,14.0000,0,ACTIVE,2,6,5
581,13696,11:13:30,0,86.00,0,422.2700,38.7000,37.9000,4.3400,1,ACTIVE,2,6,5
581,13697,11:14:00,0,0.00,0,986.2800,59.7000,94.1000,27.4000,0,ACTIVE,2,6,5
581,13698,11:14:30,0,27.00,0,1152.680,90.1000,105.0000,31.9000,1,ACTIVE,2,6,5
581,13699,11:15:00,0,19.00,0,326.0300,29.9000,29.2000,3.7300,1,ACTIVE,2,6,5
581,13700,11:15:30,0,52.00,0,395.5000,38.7000,34.8000,5.0600,1,ACTIVE,2,6,5
581,13701,11:16:00,0,0.00,0,406.9100,34.8000,37.1000,4.8400,0,ACTIVE,2,6,5
581,13702,11:16:30,0,0.00,0,371.8500,31.2000,34.0000,4.6400,1,ACTIVE,2,6,5
581,13703,11:17:00,0,7.00,0,328.1500,28.0000,29.9000,4.3400,1,ACTIVE,2,6,5
581,13704,11:17:30,0,56.00,0,1496.970,90.1000,142.0000,49.1000,1,ACTIVE,2,6,5
581,13705,11:18:00,0,207.00,0,1264.480,63.7000,119.0000,71.0000,1,ACTIVE,2,6,5
581,13706,11:18:30,0,207.00,0,44.6200,3.4200,4.1600,0.5670,1,ACTIVE,2,6,5
581,13707,11:19:00,0,261.00,0,148.2400,7.6300,14.3000,5.6300,1,ACTIVE,2,6,5
581,13708,11:19:30,0,89.00,0,84.9700,4.6400,8.1400,3.1400,1,ACTIVE,2,6,5
581,13709,11:20:00,0,4.00,0,151.5900,7.9700,14.6000,5.5100,1,ACTIVE,2,6,5
581,13710,11:20:30,0,175.00,0,100.3600,5.2800,9.6800,3.5700,1,ACTIVE,2,6,5
581,13711,11:21:00,0,137.00,0,101.7300,6.1400,9.6800,3.0700,1,ACTIVE,2,6,5
581,13712,11:21:30,0,56.00,0,106.9200,8.3200,9.6800,3.4200,1,ACTIVE,2,6,5
581,13713,11:22:00,0,45.00,0,71.4200,5.1700,6.5600,2.3700,1,ACTIVE,2,6,5
581,13714,11:22:30,0,438.00,0,43.4900,3.0700,4.1600,0.2440,1,ACTIVE,2,6,5
581,13715,11:23:00,0,483.00,0,137.0000,4.9500,13.7000,5.6300,1,ACTIVE,2,6,5
581,13716,11:23:30,0,730.00,0,3.4600,0.4190,0.2770,0.0981,1,ACTIVE,2,6,5
581,13717,11:24:00,0,373.00,0,0.3600,0.1650,0.0000,0.0000,1,ACTIVE,2,6,5
581,13718,11:24:30,0,385.00,0,1.1000,0.2960,0.0501,0.0046,1,ACTIVE,2,6,5
581,13719,11:25:00,0,373.00,0,0.6000,0.2440,0.0024,0.0354,1,ACTIVE,2,6,5
581,13720,11:25:30,0,228.00,0,0.2900,0.1300,0.0000,0.0000,1,ACTIVE,2,6,5
581,13721,11:26:00,0,338.00,0,96.0600,10.1000,8.3200,0.7680,1,ACTIVE,2,6,5
581,13722,11:26:30,0,297.00,0,28.7500,6.2800,1.6700,0.1840,1,ACTIVE,2,6,5
581,13723,11:27:00,0,411.00,0,0.9000,0.2660,0.0347,0.0117,1,ACTIVE,2,6,5
581,13724,11:27:30,0,338.00,0,0.2900,0.1300,0.0000,0.0000,1,ACTIVE,2,6,5
581,13725,11:28:00,0,244.00,0,0.7400,0.1920,0.0347,0.0117,1,ACTIVE,2,6,5
581,13726,11:28:30,0,297.00,0,4.2100,0.6320,0.3160,0.0460,1,ACTIVE,2,6,5
581,13727,11:29:00,0,114.00,0,24.0500,3.9000,1.7500,0.1070,1,ACTIVE,2,6,5
581,13728,11:29:30,0,114.00,0,25.9100,4.0700,1.9100,0.1920,1,ACTIVE,2,6,5
581,13729,11:30:00,0,100.00,0,14.1800,2.7600,0.9130,0.0773,1,ACTIVE,2,6,5
581,13730,11:30:30,0,75.00,0,14.1400,3.9800,0.6050,0.0347,1,ACTIVE,2,6,5
581,13731,11:31:00,0,70.00,0,11.7000,2.8800,0.6050,0.0347,1,ACTIVE,2,6,5
581,13732,11:31:30,0,49.00,0,12.6600,3.2100,0.6320,0.0347,1,ACTIVE,2,6,5
581,13733,11:32:00,0,82.00,0,11.7600,3.0100,0.5790,0.0347,1,ACTIVE,2,6,5
581,13734,11:32:30,0,151.00,0,7.3000,1.4400,0.4670,0.0279,1,ACTIVE,2,6,5
581,13735,11:33:00,0,56.00,0,2079.430,278.0000,162.0000,44.1000,1,ACTIVE,2,6,5
581,13736,11:33:30,0,7.00,0,165.6200,19.8000,13.4000,4.1600,1,ACTIVE,2,6,5
581,13737,11:34:00,0,52.00,0,112.5600,12.0000,9.4700,2.7600,1,ACTIVE,2,6,5
581,13738,11:34:30,0,151.00,0,415.2900,26.2000,38.7000,16.6000,1,ACTIVE,2,6,5
581,13739,11:35:00,0,187.00,0,225.2600,15.3000,20.7000,9.6800,1,ACTIVE,2,6,5
581,13740,11:35:30,0,5.00,0,11.6800,3.2100,0.5200,0.0347,1,ACTIVE,2,6,5
581,13741,11:36:00,0,5.00,0,7.1900,1.9100,0.3370,0.0230,1,ACTIVE,2,6,5
581,13742,11:36:30,0,193.00,0,29.3300,6.8500,1.6000,0.1360,1,ACTIVE,2,6,5
581,13743,11:37:00,0,114.00,0,31.2800,6.8500,1.8300,0.1360,1,ACTIVE,2,6,5
581,13744,11:37:30,0,107.00,0,19.5800,5.0600,0.9540,0.0535,1,ACTIVE,2,6,5
581,13745,11:38:00,0,133.00,0,44.9000,4.4400,3.8100,1.5400,1,ACTIVE,2,6,5
581,13746,11:38:30,0,38.00,0,224.0800,22.5000,18.9000,7.6300,1,ACTIVE,2,6,5
581,13747,11:39:00,0,128.00,0,230.1200,20.2000,20.2000,7.6300,1,ACTIVE,2,6,5
581,13748,11:39:30,0,66.00,0,163.6700,25.7000,12.0000,1.5000,1,ACTIVE,2,6,5
581,13749,11:40:00,0,317.00,0,175.3400,26.8000,12.8000,3.4200,1,ACTIVE,2,6,5
581,13750,11:40:30,0,175.00,0,3.2400,1.0600,0.1000,0.0162,1,ACTIVE,2,6,5
581,13751,11:41:00,0,13.00,0,20529.72,1350.000,1910.000,737.0000,1,ACTIVE,2,6,5
581,13752,11:41:30,0,25.00,0,19104.36,1060.000,1830.000,661.0000,1,ACTIVE,2,6,5
581,13753,11:42:00,0,200.00,0,222.3600,17.4000,20.2000,6.2800,1,ACTIVE,2,6,5
581,13754,11:42:30,0,214.00,0,0.6400,0.1450,0.0347,0.0117,1,ACTIVE,2,6,5
581,13755,11:43:00,0,385.00,0,1.0300,0.3230,0.0347,0.0117,1,ACTIVE,2,6,5
581,13756,11:43:30,0,207.00,0,0.3000,0.1360,0.0000,0.0000,1,ACTIVE,2,6,5
581,13757,11:44:00,0,261.00,0,0.2900,0.1300,0.0000,0.0000,1,ACTIVE,2,6,5
581,13758,11:44:30,0,261.00,0,0.3200,0.1450,0.0000,0.0000,1,ACTIVE,2,6,5
581,13759,11:45:00,0,373.00,0,0.3100,0.1360,0.0000,0.0117,1,ACTIVE,2,6,5
581,13760,11:45:30,0,269.00,0,0.6700,0.1580,0.0347,0.0117,1,ACTIVE,2,6,5
581,13761,11:46:00,0,452.00,0,0.8400,0.1800,0.0501,0.0046,1,ACTIVE,2,6,5
581,13762,11:46:30,0,514.00,0,8.2500,1.6400,0.5200,0.0650,1,ACTIVE,2,6,5
581,13763,11:47:00,0,385.00,0,33.4400,3.0100,3.0100,0.4280,1,ACTIVE,2,6,5
581,13764,11:47:30,0,214.00,0,160.4100,7.0000,15.9000,4.9500,1,ACTIVE,2,6,5
581,13765,11:48:00,0,86.00,0,47.6800,3.3500,4.5400,0.4980,1,ACTIVE,2,6,5
581,13766,11:48:30,0,467.00,0,1.4300,0.3450,0.0756,0.0046,1,ACTIVE,2,6,5
581,13767,11:49:00,0,228.00,0,1.3300,0.2960,0.0756,0.0115,1,ACTIVE,2,6,5
581,13768,11:49:30,0,82.00,0,1.0400,0.2720,0.0501,0.0046,1,ACTIVE,2,6,5
581,13769,11:50:00,0,54.00,0,0.7300,0.1880,0.0347,0.0117,1,ACTIVE,2,6,5
581,13770,11:50:30,0,63.00,0,0.6800,0.2090,0.0251,0.0000,1,ACTIVE,2,6,5
581,13771,11:51:00,0,21.00,0,0.7300,0.1880,0.0347,0.0117,1,ACTIVE,2,6,5
581,13772,11:51:30,0,54.00,0,1.0200,0.2600,0.0501,0.0046,1,ACTIVE,2,6,5
581,13773,11:52:00,0,27.00,0,0.7400,0.1920,0.0347,0.0117,1,ACTIVE,2,6,5
581,13774,11:52:30,0,278.00,0,0.7400,0.1920,0.0347,0.0117,1,ACTIVE,2,6,5
581,13775,11:53:00,0,26.00,0,0.9100,0.2090,0.0501,0.0046,1,ACTIVE,2,6,5
581,13776,11:53:30,0,45.00,0,0.3800,0.1720,0.0000,0.0000,1,ACTIVE,2,6,5
581,13777,11:54:00,0,27.00,0,0.7600,0.2000,0.0347,0.0117,1,ACTIVE,2,6,5
581,13778,11:54:30,0,86.00,0,0.6900,0.1690,0.0347,0.0117,1,ACTIVE,2,6,5
581,13779,11:55:00,0,89.00,0,0.9700,0.2380,0.0501,0.0046,1,ACTIVE,2,6,5
581,13780,11:55:30,0,13.00,0,1.2300,0.2660,0.0694,0.0292,1,ACTIVE,2,6,5
581,13781,11:56:00,0,7.00,0,0.9400,0.2230,0.0501,0.0046,1,ACTIVE,2,6,5
581,13782,11:56:30,0,7.00,0,0.3600,0.1650,0.0000,0.0000,1,ACTIVE,2,6,5
581,13783,11:57:00,0,26.00,0,0.6000,0.1720,0.0251,0.0000,1,ACTIVE,2,6,5
581,13784,11:57:30,0,27.00,0,0.6900,0.1690,0.0347,0.0117,1,ACTIVE,2,6,5
581,13785,11:58:00,0,123.00,0,4.7600,1.3500,0.2000,0.0230,1,ACTIVE,2,6,5
581,13786,11:58:30,0,398.00,0,8.3000,2.0800,0.4190,0.0279,1,ACTIVE,2,6,5
581,13787,11:59:00,0,236.00,0,8.9100,1.9500,0.5200,0.0460,1,ACTIVE,2,6,5
581,13788,11:59:30,0,82.00,0,13.5000,2.7600,0.8370,0.0650,1,ACTIVE,2,6,5
581,13789,12:00:00,0,103.00,0,10.5000,1.7500,0.7510,0.0460,1,ACTIVE,2,6,6
581,13790,12:00:30,0,35.00,0,10.4700,2.3200,0.6050,0.0395,1,ACTIVE,2,6,6
581,13791,12:01:00,0,4.00,0,9.7300,1.9900,0.6050,0.0279,1,ACTIVE,2,6,6
581,13792,12:01:30,0,0.00,0,9.1100,1.9100,0.5550,0.0279,0,ACTIVE,2,6,6
581,13793,12:02:00,0,0.00,0,9.1100,1.9100,0.5550,0.0279,0,ACTIVE,2,6,6
581,13794,12:02:30,0,0.00,0,6.6100,1.3200,0.4190,0.0230,0,ACTIVE,2,6,6
581,13795,12:03:00,0,1.00,0,3.8200,0.8370,0.2230,0.0115,0,ACTIVE,2,6,6
581,13796,12:03:30,0,0.00,0,1.9800,0.4980,0.1000,0.0046,0,ACTIVE,2,6,6
581,13797,12:04:00,0,11.00,0,2.3800,0.5790,0.1240,0.0046,0,ACTIVE,2,6,6
581,13798,12:04:30,0,0.00,0,2.5200,0.6460,0.1240,0.0046,0,ACTIVE,2,6,6
581,13799,12:05:00,0,0.00,0,2.4600,0.6180,0.1240,0.0046,0,ACTIVE,2,6,6
581,13800,12:05:30,0,0.00,0,2.4900,0.6320,0.1240,0.0046,0,ACTIVE,2,6,6
581,13801,12:06:00,0,0.00,0,2.4900,0.6320,0.1240,0.0046,0,ACTIVE,2,6,6
581,13802,12:06:30,0,0.00,0,2.4900,0.6320,0.1240,0.0046,0,ACTIVE,2,6,6
581,13803,12:07:00,0,142.00,0,2.5200,0.6460,0.1240,0.0046,1,ACTIVE,2,6,6
581,13804,12:07:30,0,38.00,0,2.7000,0.6180,0.1510,0.0115,1,ACTIVE,2,6,6
581,13805,12:08:00,0,0.00,0,2.0300,0.5200,0.1000,0.0046,1,ACTIVE,2,6,6
581,13806,12:08:30,0,21.00,0,1.6100,0.4280,0.0756,0.0046,1,ACTIVE,2,6,6
581,13807,12:09:00,0,40.00,0,1.2100,0.3450,0.0501,0.0046,1,ACTIVE,2,6,6
581,13808,12:09:30,0,89.00,0,0.7000,0.1720,0.0347,0.0117,1,ACTIVE,2,6,6
581,13809,12:10:00,0,75.00,0,1.1000,0.2960,0.0501,0.0046,1,ACTIVE,2,6,6
581,13810,12:10:30,0,0.00,0,2.8100,0.6600,0.1510,0.0230,1,ACTIVE,2,6,6
581,13811,12:11:00,0,61.00,0,1.2400,0.3600,0.0501,0.0046,1,ACTIVE,2,6,6
581,13812,12:11:30,0,45.00,0,1.9600,0.4870,0.1000,0.0046,1,ACTIVE,2,6,6
581,13813,12:12:00,0,49.00,0,1.2100,0.3450,0.0501,0.0046,1,ACTIVE,2,6,6
581,13814,12:12:30,0,42.00,0,1.9700,0.4870,0.1000,0.0115,1,ACTIVE,2,6,6
581,13815,12:13:00,0,45.00,0,1.1400,0.3160,0.0501,0.0046,1,ACTIVE,2,6,6
581,13816,12:13:30,0,79.00,0,1.1600,0.3230,0.0501,0.0046,1,ACTIVE,2,6,6
581,13817,12:14:00,0,86.00,0,1.1400,0.3160,0.0501,0.0046,1,ACTIVE,2,6,6
581,13818,12:14:30,0,56.00,0,1.2100,0.3450,0.0501,0.0046,1,ACTIVE,2,6,6
581,13819,12:15:00,0,28.00,0,1.5400,0.3920,0.0756,0.0115,1,ACTIVE,2,6,6
581,13820,12:15:30,0,0.00,0,3.0800,0.6890,0.1760,0.0162,0,ACTIVE,2,6,6
581,13821,12:16:00,0,14.00,0,1.5900,0.4190,0.0756,0.0046,1,ACTIVE,2,6,6
581,13822,12:16:30,0,36.00,0,1.1600,0.3230,0.0501,0.0046,1,ACTIVE,2,6,6
581,13823,12:17:00,0,75.00,0,1.4500,0.3520,0.0756,0.0115,1,ACTIVE,2,6,6
581,13824,12:17:30,0,42.00,0,1.5300,0.3920,0.0756,0.0046,1,ACTIVE,2,6,6
581,13825,12:18:00,0,86.00,0,3.0600,0.6740,0.1760,0.0230,1,ACTIVE,2,6,6
581,13826,12:18:30,0,68.00,0,1.2600,0.3680,0.0501,0.0046,1,ACTIVE,2,6,6
581,13827,12:19:00,0,68.00,0,1.5300,0.3920,0.0756,0.0046,1,ACTIVE,2,6,6
581,13828,12:19:30,0,68.00,0,1.5200,0.3840,0.0756,0.0115,1,ACTIVE,2,6,6
581,13829,12:20:00,0,89.00,0,1.1600,0.3230,0.0501,0.0046,1,ACTIVE,2,6,6
581,13830,12:20:30,0,96.00,0,2.3900,0.5790,0.1240,0.0162,1,ACTIVE,2,6,6
581,13831,12:21:00,0,70.00,0,1.1400,0.3160,0.0501,0.0046,1,ACTIVE,2,6,6
581,13832,12:21:30,0,45.00,0,2.8900,0.5790,0.1760,0.0583,1,ACTIVE,2,6,6
581,13833,12:22:00,0,54.00,0,2.3900,0.5790,0.1240,0.0162,1,ACTIVE,2,6,6
581,13834,12:22:30,0,66.00,0,1.5600,0.4010,0.0756,0.0115,1,ACTIVE,2,6,6
581,13835,12:23:00,0,52.00,0,1.4500,0.3520,0.0756,0.0046,1,ACTIVE,2,6,6
581,13836,12:23:30,0,137.00,0,0.9800,0.2440,0.0501,0.0046,1,ACTIVE,2,6,6
581,13837,12:24:00,0,33.00,0,2.0200,0.5090,0.1000,0.0115,1,ACTIVE,2,6,6
581,13838,12:24:30,0,133.00,0,1.4800,0.3680,0.0756,0.0046,1,ACTIVE,2,6,6
581,13839,12:25:00,0,61.00,0,1.4800,0.3680,0.0756,0.0046,1,ACTIVE,2,6,6
581,13840,12:25:30,0,52.00,0,1.9500,0.4770,0.1000,0.0162,1,ACTIVE,2,6,6
581,13841,12:26:00,0,114.00,0,1.4000,0.3450,0.0694,0.0292,1,ACTIVE,2,6,6
581,13842,12:26:30,0,123.00,0,1.5200,0.3840,0.0756,0.0046,1,ACTIVE,2,6,6
581,13843,12:27:00,0,63.00,0,1.5000,0.3760,0.0756,0.0046,1,ACTIVE,2,6,6
581,13844,12:27:30,0,2.00,0,2.3000,0.5430,0.1240,0.0115,1,ACTIVE,2,6,6
581,13845,12:28:00,0,128.00,0,1.1400,0.3160,0.0501,0.0046,1,ACTIVE,2,6,6
581,13846,12:28:30,0,123.00,0,0.7400,0.1920,0.0347,0.0117,1,ACTIVE,2,6,6
581,13847,12:29:00,0,0.00,0,2.6500,0.5920,0.1510,0.0115,1,ACTIVE,2,6,6
581,13848,12:29:30,0,93.00,0,1.9000,0.4570,0.1000,0.0115,1,ACTIVE,2,6,6
581,13849,12:30:00,0,114.00,0,0.8400,0.2380,0.0347,0.0117,1,ACTIVE,2,6,6
581,13850,12:30:30,0,82.00,0,1.4900,0.3680,0.0756,0.0115,1,ACTIVE,2,6,6
581,13851,12:31:00,0,96.00,0,2.2600,0.5200,0.1240,0.0162,1,ACTIVE,2,6,6
581,13852,12:31:30,0,89.00,0,0.7300,0.1880,0.0347,0.0117,1,ACTIVE,2,6,6
581,13853,12:32:00,0,244.00,0,1.9900,0.4980,0.1000,0.0115,1,ACTIVE,2,6,6
581,13854,12:32:30,0,82.00,0,1.0700,0.2840,0.0501,0.0046,1,ACTIVE,2,6,6
581,13855,12:33:00,0,128.00,0,1.9000,0.4570,0.1000,0.0162,1,ACTIVE,2,6,6
581,13856,12:33:30,0,75.00,0,1.0800,0.2900,0.0501,0.0046,1,ACTIVE,2,6,6
581,13857,12:34:00,0,151.00,0,1.0700,0.2840,0.0501,0.0000,1,ACTIVE,2,6,6
581,13858,12:34:30,0,86.00,0,0.8200,0.2280,0.0347,0.0117,1,ACTIVE,2,6,6
581,13859,12:35:00,0,82.00,0,1.5300,0.3920,0.0756,0.0046,1,ACTIVE,2,6,6
581,13860,12:35:30,0,123.00,0,1.1900,0.3370,0.0501,0.0046,1,ACTIVE,2,6,6
581,13861,12:36:00,0,128.00,0,1.0400,0.2720,0.0501,0.0046,1,ACTIVE,2,6,6
581,13862,12:36:30,0,42.00,0,1.1000,0.2960,0.0501,0.0046,1,ACTIVE,2,6,6
581,13863,12:37:00,0,59.00,0,1.1400,0.3160,0.0501,0.0046,1,ACTIVE,2,6,6
581,13864,12:37:30,0,45.00,0,1.5100,0.3760,0.0756,0.0115,1,ACTIVE,2,6,6
581,13865,12:38:00,0,61.00,0,1.4000,0.3450,0.0694,0.0292,1,ACTIVE,2,6,6
581,13866,12:38:30,0,1.00,0,1.4500,0.3520,0.0756,0.0115,1,ACTIVE,2,6,6
581,13867,12:39:00,0,4.00,0,2.2600,0.5200,0.1240,0.0162,1,ACTIVE,2,6,6
581,13868,12:39:30,0,214.00,0,1.4000,0.3450,0.0694,0.0292,1,ACTIVE,2,6,6
581,13869,12:40:00,0,20.00,0,2.0600,0.5310,0.1000,0.0115,1,ACTIVE,2,6,6
581,13870,12:40:30,0,59.00,0,2.0400,0.5200,0.1000,0.0115,1,ACTIVE,2,6,6
581,13871,12:41:00,0,228.00,0,1.9900,0.4980,0.1000,0.0115,1,ACTIVE,2,6,6
581,13872,12:41:30,0,79.00,0,2.3800,0.5790,0.1240,0.0115,1,ACTIVE,2,6,6
581,13873,12:42:00,0,142.00,0,1.8500,0.4370,0.1000,0.0046,1,ACTIVE,2,6,6
581,13874,12:42:30,0,142.00,0,1.9700,0.4870,0.1000,0.0115,1,ACTIVE,2,6,6
581,13875,12:43:00,0,297.00,0,1.5300,0.3920,0.0756,0.0046,1,ACTIVE,2,6,6
581,13876,12:43:30,0,119.00,0,1.1600,0.3230,0.0501,0.0046,1,ACTIVE,2,6,6
581,13877,12:44:00,0,236.00,0,1.4400,0.3450,0.0756,0.0115,1,ACTIVE,2,6,6
581,13878,12:44:30,0,123.00,0,1.5800,0.4100,0.0756,0.0115,1,ACTIVE,2,6,6
581,13879,12:45:00,0,288.00,0,1.5200,0.3840,0.0756,0.0046,1,ACTIVE,2,6,6
581,13880,12:45:30,0,214.00,0,0.8100,0.2230,0.0347,0.0117,1,ACTIVE,2,6,6
581,13881,12:46:00,0,221.00,0,1.1000,0.2960,0.0501,0.0046,1,ACTIVE,2,6,6
581,13882,12:46:30,0,49.00,0,2.2200,0.5090,0.1240,0.0046,1,ACTIVE,2,6,6
581,13883,12:47:00,0,128.00,0,1.1600,0.3230,0.0501,0.0046,1,ACTIVE,2,6,6
581,13884,12:47:30,0,86.00,0,1.6000,0.4190,0.0756,0.0115,1,ACTIVE,2,6,6
581,13885,12:48:00,0,142.00,0,0.8200,0.2280,0.0347,0.0117,1,ACTIVE,2,6,6
581,13886,12:48:30,0,119.00,0,1.5500,0.4010,0.0756,0.0046,1,ACTIVE,2,6,6
581,13887,12:49:00,0,151.00,0,1.4700,0.3600,0.0756,0.0115,1,ACTIVE,2,6,6
581,13888,12:49:30,0,142.00,0,0.9000,0.2660,0.0347,0.0117,1,ACTIVE,2,6,6
581,13889,12:50:00,0,147.00,0,1.6400,0.4370,0.0756,0.0115,1,ACTIVE,2,6,6
581,13890,12:50:30,0,63.00,0,0.8400,0.2380,0.0347,0.0117,1,ACTIVE,2,6,6
581,13891,12:51:00,0,142.00,0,1.2200,0.3520,0.0501,0.0046,1,ACTIVE,2,6,6
581,13892,12:51:30,0,169.00,0,1.1400,0.3160,0.0501,0.0046,1,ACTIVE,2,6,6
581,13893,12:52:00,0,169.00,0,0.9900,0.2490,0.0501,0.0046,1,ACTIVE,2,6,6
581,13894,12:52:30,0,27.00,0,1.5100,0.3760,0.0756,0.0115,1,ACTIVE,2,6,6
581,13895,12:53:00,0,261.00,0,1.1600,0.3230,0.0501,0.0046,1,ACTIVE,2,6,6
581,13896,12:53:30,0,200.00,0,1.9700,0.4870,0.1000,0.0115,1,ACTIVE,2,6,6
581,13897,12:54:00,0,0.00,0,3.8300,0.7350,0.2440,0.0694,1,ACTIVE,2,6,6
581,13898,12:54:30,0,21.00,0,1.9500,0.4770,0.1000,0.0162,1,ACTIVE,2,6,6
581,13899,12:55:00,0,36.00,0,1.5100,0.3760,0.0756,0.0115,1,ACTIVE,2,6,6
581,13900,12:55:30,0,40.00,0,1.0200,0.2600,0.0501,0.0046,1,ACTIVE,2,6,6
581,13901,12:56:00,0,228.00,0,0.8600,0.2440,0.0347,0.0117,1,ACTIVE,2,6,6
581,13902,12:56:30,0,63.00,0,0.6400,0.1450,0.0347,0.0117,1,ACTIVE,2,6,6
581,13903,12:57:00,0,63.00,0,0.7000,0.1720,0.0347,0.0117,1,ACTIVE,2,6,6
581,13904,12:57:30,0,89.00,0,0.6400,0.1920,0.0251,0.0000,1,ACTIVE,2,6,6
581,13905,12:58:00,0,75.00,0,0.3600,0.1650,0.0000,0.0000,1,ACTIVE,2,6,6
581,13906,12:58:30,0,0.00,0,0.3000,0.1360,0.0000,0.0000,0,ACTIVE,2,6,6
581,13907,12:59:00,0,0.00,0,0.3100,0.1360,0.0000,0.0117,0,ACTIVE,2,6,6
581,13908,12:59:30,0,2.00,0,0.4800,0.1190,0.0251,0.0000,0,ACTIVE,2,6,6
581,13909,13:00:00,0,0.00,0,0.3300,0.1450,0.0000,0.0117,0,ACTIVE,2,6,6
581,13910,13:00:30,0,0.00,0,0.3100,0.1360,0.0000,0.0117,0,ACTIVE,2,6,6
581,13911,13:01:00,0,0.00,0,0.3300,0.1450,0.0000,0.0117,0,ACTIVE,2,6,6
581,13912,13:01:30,0,0.00,0,0.3100,0.1360,0.0000,0.0117,0,ACTIVE,2,6,6
581,13913,13:02:00,0,0.00,0,0.3100,0.1360,0.0000,0.0117,0,ACTIVE,2,6,6
581,13914,13:02:30,0,0.00,0,0.5800,0.1190,0.0347,0.0117,0,ACTIVE,2,6,6
581,13915,13:03:00,0,0.00,0,0.3100,0.1360,0.0000,0.0117,0,ACTIVE,2,6,6
581,13916,13:03:30,0,0.00,0,0.3000,0.1360,0.0000,0.0000,0,ACTIVE,2,6,6
581,13917,13:04:00,0,93.00,0,0.6400,0.1450,0.0347,0.0117,1,ACTIVE,2,6,6
581,13918,13:04:30,0,0.00,0,0.3100,0.1360,0.0000,0.0117,1,ACTIVE,2,6,6
581,13919,13:05:00,0,27.00,0,0.3100,0.1360,0.0000,0.0117,1,ACTIVE,2,6,6
581,13920,13:05:30,0,68.00,0,1.0400,0.2720,0.0501,0.0046,1,ACTIVE,2,6,6
581,13921,13:06:00,0,175.00,0,0.8700,0.2490,0.0347,0.0117,1,ACTIVE,2,6,6
581,13922,13:06:30,0,214.00,0,0.6900,0.1690,0.0347,0.0117,1,ACTIVE,2,6,6
581,13923,13:07:00,0,1.00,0,0.6200,0.1360,0.0347,0.0117,1,ACTIVE,2,6,6
581,13924,13:07:30,0,0.00,0,0.6000,0.1300,0.0347,0.0117,1,ACTIVE,2,6,6
581,13925,13:08:00,0,123.00,0,0.6400,0.1450,0.0347,0.0117,1,ACTIVE,2,6,6
581,13926,13:08:30,0,187.00,0,0.7800,0.2090,0.0347,0.0117,1,ACTIVE,2,6,6
581,13927,13:09:00,0,411.00,0,0.7300,0.1880,0.0347,0.0117,1,ACTIVE,2,6,6
581,13928,13:09:30,0,278.00,0,0.9700,0.2380,0.0501,0.0046,1,ACTIVE,2,6,6
581,13929,13:10:00,0,175.00,0,2.1200,0.4570,0.1240,0.0162,1,ACTIVE,2,6,6
581,13930,13:10:30,0,228.00,0,2.5400,0.5430,0.1510,0.0162,1,ACTIVE,2,6,6
581,13931,13:11:00,0,123.00,0,47.2100,2.8800,4.6400,0.2230,1,ACTIVE,2,6,6
581,13932,13:11:30,0,193.00,0,62.6300,5.2800,5.7600,0.4980,1,ACTIVE,2,6,6
581,13933,13:12:00,0,566.00,0,64.9200,6.2800,5.7600,0.5670,1,ACTIVE,2,6,6
581,13934,13:12:30,0,278.00,0,72.7700,2.5800,7.3100,2.8200,1,ACTIVE,2,6,6
581,13935,13:13:00,0,0.00,0,138.1000,7.1500,13.4000,4.5400,1,ACTIVE,2,6,6
581,13936,13:13:30,0,1.00,0,138.4300,7.1500,13.4000,4.8400,1,ACTIVE,2,6,6
581,13937,13:14:00,0,1.00,0,143.9700,7.3100,14.0000,4.8400,1,ACTIVE,2,6,6
581,13938,13:14:30,0,33.00,0,143.9700,7.3100,14.0000,4.8400,1,ACTIVE,2,6,6
581,13939,13:15:00,0,4.00,0,9.7000,0.7040,0.9130,0.1360,0,ACTIVE,2,6,6
581,13940,13:15:30,0,0.00,0,9.5200,0.7040,0.8940,0.1240,0,ACTIVE,2,6,6
581,13941,13:16:00,0,33.00,0,10.9900,0.8750,1.0200,0.1300,1,ACTIVE,2,6,6
581,13942,13:16:30,0,0.00,0,12.2900,0.9960,1.1300,0.1420,0,ACTIVE,2,6,6
581,13943,13:17:00,0,52.00,0,96.1500,5.2800,9.2700,3.0100,1,ACTIVE,2,6,6
581,13944,13:17:30,0,0.00,0,19.5300,1.7900,1.7500,0.2380,0,ACTIVE,2,6,6
581,13945,13:18:00,0,0.00,0,22.9200,1.9900,2.0800,0.2770,0,ACTIVE,2,6,6
581,13946,13:18:30,0,14.00,0,25.1000,2.2200,2.2700,0.3030,1,ACTIVE,2,6,6
581,13947,13:19:00,0,36.00,0,26.2100,2.3200,2.3700,0.3160,1,ACTIVE,2,6,6
581,13948,13:19:30,0,40.00,0,27.9700,2.4700,2.5300,0.3370,1,ACTIVE,2,6,6
581,13949,13:20:00,0,0.00,0,27.9800,2.4700,2.5300,0.3450,0,ACTIVE,2,6,6
581,13950,13:20:30,0,28.00,0,98.1300,6.1400,9.2700,3.0700,1,ACTIVE,2,6,6
581,13951,13:21:00,0,0.00,0,161.3700,8.5000,15.6000,5.5100,0,ACTIVE,2,6,6
581,13952,13:21:30,0,0.00,0,161.3700,8.5000,15.6000,5.5100,0,ACTIVE,2,6,6
581,13953,13:22:00,0,0.00,0,161.3700,8.5000,15.6000,5.5100,0,ACTIVE,2,6,6
581,13954,13:22:30,0,52.00,0,99.0700,4.8400,9.6800,3.2800,1,ACTIVE,2,6,6
581,13955,13:23:00,0,16.00,0,160.5700,8.1400,15.6000,5.5100,1,ACTIVE,2,6,6
581,13956,13:23:30,0,119.00,0,15.8800,1.9900,1.2900,0.1550,1,ACTIVE,2,6,6
581,13957,13:24:00,0,498.00,0,17.0900,1.4400,1.5400,0.4190,1,ACTIVE,2,6,6
581,13958,13:24:30,0,68.00,0,23.9100,1.6700,2.2700,0.3160,1,ACTIVE,2,6,6
581,13959,13:25:00,0,193.00,0,37.4400,1.9500,3.6500,1.0400,1,ACTIVE,2,6,6
581,13960,13:25:30,0,47.00,0,32.9000,2.7600,3.0100,0.4370,1,ACTIVE,2,6,6
581,13961,13:26:00,0,214.00,0,51.0400,4.8400,4.5400,0.5550,1,ACTIVE,2,6,6
581,13962,13:26:30,0,200.00,0,22.6900,2.5800,1.9100,0.2490,1,ACTIVE,2,6,6
581,13963,13:27:00,0,385.00,0,61.7400,6.2800,5.3900,0.5670,1,ACTIVE,2,6,6
581,13964,13:27:30,0,100.00,0,86.4200,8.3200,7.6300,1.1100,1,ACTIVE,2,6,6
581,13965,13:28:00,0,9.00,0,278.5800,25.7000,25.1000,1.7500,1,ACTIVE,2,6,6
581,13966,13:28:30,0,5.00,0,298.5600,28.0000,26.8000,1.8300,1,ACTIVE,2,6,6
581,13967,13:29:00,0,0.00,0,189.3000,18.9000,16.6000,1.5400,1,ACTIVE,2,6,6
581,13968,13:29:30,0,52.00,0,163.6900,16.6000,14.3000,1.5400,1,ACTIVE,2,6,6
581,13969,13:30:00,0,221.00,0,34.8500,3.6500,3.0100,0.4100,1,ACTIVE,2,6,6
581,13970,13:30:30,0,244.00,0,7.5300,1.3200,0.5200,0.0535,1,ACTIVE,2,6,6
581,13971,13:31:00,0,119.00,0,90.6700,1.8300,9.4700,3.3500,1,ACTIVE,2,6,6
581,13972,13:31:30,0,604.00,0,91.8400,1.5700,9.6800,3.2800,1,ACTIVE,2,6,6
581,13973,13:32:00,0,644.00,0,11.8600,1.4400,0.9750,0.1300,1,ACTIVE,2,6,6
581,13974,13:32:30,0,424.00,0,2.0400,0.3160,0.1510,0.0162,1,ACTIVE,2,6,6
581,13975,13:33:00,0,585.00,0,3.9600,0.5200,0.3160,0.0395,1,ACTIVE,2,6,6
581,13976,13:33:30,0,228.00,0,140.2800,3.2100,14.3000,7.3100,1,ACTIVE,2,6,6
581,13977,13:34:00,0,941.00,0,51.5400,3.9000,4.8400,0.4770,1,ACTIVE,2,6,6
581,13978,13:34:30,0,531.00,0,208.2600,10.8000,20.2000,6.7000,1,ACTIVE,2,6,6
581,13979,13:35:00,0,350.00,0,166.5500,6.7000,16.6000,5.5100,1,ACTIVE,2,6,6
581,13980,13:35:30,0,730.00,0,65.7700,5.2800,6.1400,0.2720,1,ACTIVE,2,6,6
581,13981,13:36:00,0,585.00,0,10.8100,1.4400,0.8560,0.1190,1,ACTIVE,2,6,6
581,13982,13:36:30,0,498.00,0,13.1000,1.0600,1.1800,0.3450,1,ACTIVE,2,6,6
581,13983,13:37:00,0,467.00,0,1.4200,0.2380,0.1000,0.0162,1,ACTIVE,2,6,6
581,13984,13:37:30,0,350.00,0,1.7000,0.2660,0.1240,0.0162,1,ACTIVE,2,6,6
581,13985,13:38:00,0,398.00,0,2.8500,0.2900,0.2440,0.0694,1,ACTIVE,2,6,6
581,13986,13:38:30,0,338.00,0,0.3000,0.1300,0.0000,0.0117,1,ACTIVE,2,6,6
581,13987,13:39:00,0,207.00,0,0.3100,0.1360,0.0000,0.0117,1,ACTIVE,2,6,6
581,13988,13:39:30,0,278.00,0,0.5800,0.1190,0.0347,0.0117,1,ACTIVE,2,6,6
581,13989,13:40:00,0,261.00,0,0.3100,0.1360,0.0000,0.0117,1,ACTIVE,2,6,6
581,13990,13:40:30,0,86.00,0,0.5800,0.1190,0.0347,0.0117,1,ACTIVE,2,6,6
581,13991,13:41:00,0,6.00,0,0.5800,0.1190,0.0347,0.0117,1,ACTIVE,2,6,6
581,13992,13:41:30,0,5.00,0,0.5800,0.1190,0.0347,0.0117,1,ACTIVE,2,6,6
581,13993,13:42:00,0,0.00,0,0.6000,0.1300,0.0347,0.0117,0,ACTIVE,2,6,6
581,13994,13:42:30,0,12.00,0,0.3100,0.1360,0.0000,0.0117,1,ACTIVE,2,6,6
581,13995,13:43:00,0,0.00,0,0.6000,0.1300,0.0347,0.0117,1,ACTIVE,2,6,6
581,13996,13:43:30,0,181.00,0,0.3300,0.1450,0.0000,0.0117,1,ACTIVE,2,6,6
581,13997,13:44:00,0,350.00,0,0.6400,0.1450,0.0347,0.0117,1,ACTIVE,2,6,6
581,13998,13:44:30,0,157.00,0,0.9300,0.2190,0.0501,0.0046,1,ACTIVE,2,6,6
581,13999,13:45:00,0,411.00,0,0.6900,0.1690,0.0347,0.0117,1,ACTIVE,2,6,6
581,14000,13:45:30,0,200.00,0,0.6000,0.1300,0.0347,0.0117,1,ACTIVE,2,6,6
581,14001,13:46:00,0,244.00,0,0.5800,0.1190,0.0347,0.0117,1,ACTIVE,2,6,6
581,14002,13:46:30,0,317.00,0,0.3100,0.1360,0.0000,0.0117,1,ACTIVE,2,6,6
581,14003,13:47:00,0,686.00,0,1.1800,0.2280,0.0756,0.0115,1,ACTIVE,2,6,6
581,14004,13:47:30,0,236.00,0,0.6500,0.1510,0.0347,0.0117,1,ACTIVE,2,6,6
581,14005,13:48:00,0,297.00,0,0.8700,0.1920,0.0501,0.0046,1,ACTIVE,2,6,6
581,14006,13:48:30,0,175.00,0,9.5900,3.0700,0.3160,0.0347,1,ACTIVE,2,6,6
581,14007,13:49:00,0,163.00,0,0.7600,0.2000,0.0347,0.0117,1,ACTIVE,2,6,6
581,14008,13:49:30,0,187.00,0,1.1000,0.2090,0.0694,0.0292,1,ACTIVE,2,6,6
581,14009,13:50:00,0,142.00,0,0.7800,0.2090,0.0347,0.0117,1,ACTIVE,2,6,6
581,14010,13:50:30,0,175.00,0,277.1800,22.1000,25.1000,7.8000,1,ACTIVE,2,6,6
581,14011,13:51:00,0,236.00,0,375.2400,17.4000,37.1000,11.0000,1,ACTIVE,2,6,6
581,14012,13:51:30,0,169.00,0,0.3100,0.1360,0.0000,0.0117,1,ACTIVE,2,6,6
581,14013,13:52:00,0,133.00,0,0.3800,0.1650,0.0000,0.0117,1,ACTIVE,2,6,6
581,14014,13:52:30,0,133.00,0,0.3600,0.1650,0.0000,0.0000,1,ACTIVE,2,6,6
581,14015,13:53:00,0,193.00,0,0.3800,0.1650,0.0000,0.0117,1,ACTIVE,2,6,6
581,14016,13:53:30,0,119.00,0,170.3000,15.6000,14.9000,4.6400,1,ACTIVE,2,6,6
581,14017,13:54:00,0,49.00,0,229.7600,18.5000,20.7000,7.1500,1,ACTIVE,2,6,6
581,14018,13:54:30,0,70.00,0,9051.480,353.0000,896.0000,393.0000,1,ACTIVE,2,6,6
581,14019,13:55:00,0,103.00,0,9669.200,377.0000,956.0000,429.0000,1,ACTIVE,2,6,6
581,14020,13:55:30,0,207.00,0,1.8500,0.2600,0.1390,0.0583,1,ACTIVE,2,6,6
581,14021,13:56:00,0,151.00,0,5094.180,210.0000,499.0000,239.0000,1,ACTIVE,2,6,6
581,14022,13:56:30,0,133.00,0,10130.02,393.0000,998.0000,478.0000,1,ACTIVE,2,6,6
581,14023,13:57:00,0,59.00,0,8069.670,345.0000,786.0000,385.0000,1,ACTIVE,2,6,6
581,14024,13:57:30,0,79.00,0,6766.260,278.0000,661.0000,331.0000,1,ACTIVE,2,6,6
581,14025,13:58:00,0,56.00,0,6044.120,234.0000,593.0000,303.0000,1,ACTIVE,2,6,6
581,14026,13:58:30,0,93.00,0,3454.510,139.0000,338.0000,173.0000,1,ACTIVE,2,6,6
581,14027,13:59:00,0,133.00,0,3142.770,119.0000,310.0000,152.0000,1,ACTIVE,2,6,6
581,14028,13:59:30,0,66.00,0,106.3900,9.4700,9.2700,3.9000,1,ACTIVE,2,6,6
581,14029,14:00:00,0,221.00,0,97.6800,6.2800,9.0700,3.9800,1,ACTIVE,2,6,6
581,14030,14:00:30,0,228.00,0,0.6000,0.1300,0.0347,0.0117,1,ACTIVE,2,6,6
581,14031,14:01:00,0,385.00,0,0.6200,0.1360,0.0347,0.0117,1,ACTIVE,2,6,6
581,14032,14:01:30,0,288.00,0,0.8300,0.3030,0.0047,0.1070,1,ACTIVE,2,6,6
581,14033,14:02:00,0,214.00,0,9.5400,2.0800,0.5430,0.1760,1,ACTIVE,2,6,6
581,14034,14:02:30,0,207.00,0,7.2400,0.7040,0.6180,0.2490,1,ACTIVE,2,6,6
581,14035,14:03:00,0,133.00,0,1.5500,0.2660,0.1050,0.0412,1,ACTIVE,2,6,6
581,14036,14:03:30,0,200.00,0,1.5100,0.2490,0.1050,0.0412,1,ACTIVE,2,6,6
581,14037,14:04:00,0,96.00,0,0.7100,0.1800,0.0347,0.0117,1,ACTIVE,2,6,6
581,14038,14:04:30,0,86.00,0,1.2800,0.2720,0.0756,0.0115,1,ACTIVE,2,6,6
581,14039,14:05:00,0,207.00,0,2.5700,0.4370,0.1760,0.0583,1,ACTIVE,2,6,6
581,14040,14:05:30,0,288.00,0,1.1300,0.2230,0.0694,0.0292,1,ACTIVE,2,6,6
581,14041,14:06:00,0,157.00,0,0.7600,0.2000,0.0347,0.0117,1,ACTIVE,2,6,6
581,14042,14:06:30,0,147.00,0,1.2100,0.2600,0.0694,0.0292,1,ACTIVE,2,6,6
581,14043,14:07:00,0,32.00,0,0.7100,0.1800,0.0347,0.0117,1,ACTIVE,2,6,6
581,14044,14:07:30,0,157.00,0,0.7400,0.1920,0.0347,0.0117,1,ACTIVE,2,6,6
581,14045,14:08:00,0,193.00,0,1.7200,0.3450,0.1050,0.0412,1,ACTIVE,2,6,6
581,14046,14:08:30,0,221.00,0,1.1300,0.2230,0.0694,0.0292,1,ACTIVE,2,6,6
581,14047,14:09:00,0,193.00,0,5.1700,0.5430,0.4370,0.1330,1,ACTIVE,2,6,6
581,14048,14:09:30,0,73.00,0,3.4000,0.5310,0.2440,0.0880,1,ACTIVE,2,6,6
581,14049,14:10:00,0,25.00,0,1.1400,0.2280,0.0694,0.0292,1,ACTIVE,2,6,6
581,14050,14:10:30,0,52.00,0,5.7200,0.6180,0.4770,0.1650,1,ACTIVE,2,6,6
581,14051,14:11:00,0,82.00,0,6.9800,0.7680,0.5790,0.1920,1,ACTIVE,2,6,6
581,14052,14:11:30,0,187.00,0,4.1000,0.5550,0.3160,0.0981,1,ACTIVE,2,6,6
581,14053,14:12:00,0,89.00,0,4.5800,0.6180,0.3520,0.1170,1,ACTIVE,2,6,6
581,14054,14:12:30,0,49.00,0,3.5000,0.4370,0.2770,0.0981,1,ACTIVE,2,6,6
581,14055,14:13:00,0,93.00,0,5.4400,0.6460,0.4370,0.1650,1,ACTIVE,2,6,6
581,14056,14:13:30,0,36.00,0,4.4600,0.5670,0.3520,0.1170,1,ACTIVE,2,6,6
581,14057,14:14:00,0,123.00,0,4.1200,0.5550,0.3160,0.1170,1,ACTIVE,2,6,6
581,14058,14:14:30,0,4.00,0,2.5700,0.4370,0.1760,0.0583,1,ACTIVE,2,6,6
581,14059,14:15:00,0,6.00,0,3.3300,0.5090,0.2440,0.0694,1,ACTIVE,2,6,6
581,14060,14:15:30,0,0.00,0,3.7500,0.5550,0.2770,0.0880,0,ACTIVE,2,6,6
581,14061,14:16:00,0,33.00,0,6.2600,0.7200,0.5090,0.1920,1,ACTIVE,2,6,6
581,14062,14:16:30,0,59.00,0,9.6600,1.0600,0.8020,0.2660,1,ACTIVE,2,6,6
581,14063,14:17:00,0,15.00,0,14.1600,1.5000,1.1800,0.4280,1,ACTIVE,2,6,6
581,14064,14:17:30,0,14.00,0,36.0300,2.8800,3.2100,1.4400,1,ACTIVE,2,6,6
581,14065,14:18:00,0,1.00,0,43.3000,4.2500,3.6500,1.7500,0,ACTIVE,2,6,6
581,14066,14:18:30,0,9.00,0,39.6800,3.9800,3.3500,1.4100,0,ACTIVE,2,6,6
581,14067,14:19:00,0,0.00,0,21.4200,2.4700,1.7500,0.5790,0,ACTIVE,2,6,6
581,14068,14:19:30,0,13.00,0,18.2200,2.3200,1.4400,0.4470,0,ACTIVE,2,6,6
581,14069,14:20:00,0,0.00,0,14.6200,2.1300,1.0900,0.3760,0,ACTIVE,2,6,6
581,14070,14:20:30,0,4.00,0,21.0500,2.5800,1.6700,0.6180,0,ACTIVE,2,6,6
581,14071,14:21:00,0,31.00,0,18.8200,2.1300,1.5400,0.6180,1,ACTIVE,2,6,6
581,14072,14:21:30,0,96.00,0,1.6000,0.2900,0.1050,0.0412,1,ACTIVE,2,6,6
581,14073,14:22:00,0,42.00,0,9.0300,0.8750,0.7680,0.3450,1,ACTIVE,2,6,6
581,14074,14:22:30,0,0.00,0,8.5100,0.9750,0.6890,0.2960,0,ACTIVE,2,6,6
581,14075,14:23:00,0,0.00,0,13.7500,1.3200,1.1800,0.4190,0,ACTIVE,2,6,6
581,14076,14:23:30,0,25.00,0,11.0200,0.9540,0.9750,0.3450,1,ACTIVE,2,6,6
581,14077,14:24:00,0,14.00,0,7.0900,0.8020,0.5790,0.2230,1,ACTIVE,2,6,6
581,14078,14:24:30,0,23.00,0,10.4600,1.1100,0.8750,0.3160,1,ACTIVE,2,6,6
581,14079,14:25:00,0,38.00,0,8.1400,0.8200,0.6890,0.2660,1,ACTIVE,2,6,6
581,14080,14:25:30,0,93.00,0,1.9800,0.3160,0.1390,0.0583,1,ACTIVE,2,6,6
581,14081,14:26:00,0,75.00,0,0.7000,0.1720,0.0347,0.0117,1,ACTIVE,2,6,6
581,14082,14:26:30,0,200.00,0,0.7300,0.1880,0.0347,0.0117,1,ACTIVE,2,6,6
581,14083,14:27:00,0,163.00,0,0.7300,0.1880,0.0347,0.0117,1,ACTIVE,2,6,6
581,14084,14:27:30,0,107.00,0,0.7400,0.1920,0.0347,0.0117,1,ACTIVE,2,6,6
581,14085,14:28:00,0,175.00,0,0.7400,0.1920,0.0347,0.0117,1,ACTIVE,2,6,6
581,14086,14:28:30,0,137.00,0,2.3700,0.3450,0.1760,0.0583,1,ACTIVE,2,6,6
581,14087,14:29:00,0,19.00,0,5.2400,0.5550,0.4370,0.1650,1,ACTIVE,2,6,6
581,14088,14:29:30,0,28.00,0,2.3800,0.3450,0.1760,0.0694,1,ACTIVE,2,6,6
581,14089,14:30:00,0,8.00,0,1.4900,0.2380,0.1050,0.0412,1,ACTIVE,2,6,6
581,14090,14:30:30,0,14.00,0,2.3700,0.3450,0.1760,0.0583,1,ACTIVE,2,6,6
581,14091,14:31:00,0,45.00,0,2.7800,0.3920,0.2090,0.0694,1,ACTIVE,2,6,6
581,14092,14:31:30,0,40.00,0,0.7100,0.1800,0.0347,0.0117,1,ACTIVE,2,6,6
581,14093,14:32:00,0,1.00,0,0.3000,0.1360,0.0000,0.0000,1,ACTIVE,2,6,6
581,14094,14:32:30,0,70.00,0,0.9500,0.2280,0.0501,0.0046,1,ACTIVE,2,6,6
581,14095,14:33:00,0,93.00,0,3.9300,0.4570,0.3160,0.1450,1,ACTIVE,2,6,6
581,14096,14:33:30,0,26.00,0,2.8000,0.4010,0.2090,0.0694,1,ACTIVE,2,6,6
581,14097,14:34:00,0,103.00,0,1.2500,0.2600,0.0756,0.0115,1,ACTIVE,2,6,6
581,14098,14:34:30,0,89.00,0,1.4900,0.3680,0.0756,0.0115,1,ACTIVE,2,6,6
581,14099,14:35:00,0,175.00,0,3.5800,0.7200,0.2230,0.0279,1,ACTIVE,2,6,6
581,14100,14:35:30,0,147.00,0,6.3900,0.8020,0.5090,0.1450,1,ACTIVE,2,6,6
581,14101,14:36:00,0,79.00,0,756.9400,34.8000,74.2000,28.0000,1,ACTIVE,2,6,6
581,14102,14:36:30,0,13.00,0,792.9100,37.1000,77.5000,29.9000,1,ACTIVE,2,6,6
581,14103,14:37:00,0,0.00,0,699.9000,34.8000,68.0000,25.1000,1,ACTIVE,2,6,6
581,14104,14:37:30,0,0.00,0,574.5700,29.2000,56.0000,18.1000,0,ACTIVE,2,6,6
581,14105,14:38:00,0,29.00,0,552.5400,29.2000,53.6000,17.0000,1,ACTIVE,2,6,6
581,14106,14:38:30,0,100.00,0,359.3600,22.5000,34.8000,4.7400,1,ACTIVE,2,6,6
581,14107,14:39:00,0,22.00,0,125.5200,14.3000,10.6000,1.3200,1,ACTIVE,2,6,6
581,14108,14:39:30,0,16.00,0,22.4200,2.4700,1.8700,0.5550,1,ACTIVE,2,6,6
581,14109,14:40:00,0,8.00,0,21.0100,2.3200,1.7500,0.5200,0,ACTIVE,2,6,6
581,14110,14:40:30,0,7.00,0,17.9300,2.2200,1.4400,0.3840,0,ACTIVE,2,6,6
581,14111,14:41:00,0,34.00,0,18.7900,1.9100,1.6000,0.4870,1,ACTIVE,2,6,6
581,14112,14:41:30,0,0.00,0,16.4900,1.4400,1.4400,0.6460,0,ACTIVE,2,6,6
581,14113,14:42:00,0,0.00,0,19.6700,2.2200,1.6000,0.6600,0,ACTIVE,2,6,6
581,14114,14:42:30,0,47.00,0,16.1800,1.9900,1.2900,0.4280,1,ACTIVE,2,6,6
581,14115,14:43:00,0,29.00,0,6.7000,0.9330,0.5090,0.1650,1,ACTIVE,2,6,6
581,14116,14:43:30,0,163.00,0,9.7600,0.9750,0.8370,0.2490,1,ACTIVE,2,6,6
581,14117,14:44:00,0,31.00,0,0.7100,0.1800,0.0347,0.0117,1,ACTIVE,2,6,6
581,14118,14:44:30,0,79.00,0,6.2100,0.7040,0.5090,0.1760,1,ACTIVE,2,6,6
581,14119,14:45:00,0,0.00,0,6.2100,0.8370,0.4770,0.1650,1,ACTIVE,2,6,6
581,14120,14:45:30,0,29.00,0,9.1100,1.1600,0.7200,0.2230,1,ACTIVE,2,6,6
581,14121,14:46:00,0,86.00,0,8.0400,1.0900,0.6180,0.2090,1,ACTIVE,2,6,6
581,14122,14:46:30,0,27.00,0,5.0500,0.6320,0.4010,0.1330,1,ACTIVE,2,6,6
581,14123,14:47:00,0,9.00,0,15.4700,1.2600,1.3800,0.5550,1,ACTIVE,2,6,6
581,14124,14:47:30,0,0.00,0,17.9100,1.4100,1.6000,0.6890,0,ACTIVE,2,6,6
581,14125,14:48:00,0,0.00,0,17.6400,1.4100,1.5700,0.7200,0,ACTIVE,2,6,6
581,14126,14:48:30,0,28.00,0,10.2400,0.9960,0.8750,0.3450,1,ACTIVE,2,6,6
581,14127,14:49:00,0,70.00,0,8.4600,0.8750,0.7200,0.2090,1,ACTIVE,2,6,6
581,14128,14:49:30,0,38.00,0,7.7000,0.8200,0.6460,0.2090,1,ACTIVE,2,6,6
581,14129,14:50:00,0,103.00,0,2.6400,0.3230,0.2090,0.0880,1,ACTIVE,2,6,6
581,14130,14:50:30,0,221.00,0,1.5200,0.2840,0.1000,0.0162,1,ACTIVE,2,6,6
581,14131,14:51:00,0,25.00,0,1.2100,0.2440,0.0756,0.0115,1,ACTIVE,2,6,6
581,14132,14:51:30,0,0.00,0,1.2300,0.2490,0.0756,0.0115,1,ACTIVE,2,6,6
581,14133,14:52:00,0,13.00,0,1.9800,0.3160,0.1390,0.0583,1,ACTIVE,2,6,6
581,14134,14:52:30,0,16.00,0,6.5000,0.7040,0.5430,0.1760,1,ACTIVE,2,6,6
581,14135,14:53:00,0,0.00,0,6.9100,0.7350,0.5790,0.1920,0,ACTIVE,2,6,6
581,14136,14:53:30,0,1.00,0,10.0400,0.9330,0.8750,0.2960,0,ACTIVE,2,6,6
581,14137,14:54:00,0,73.00,0,8.3300,0.9130,0.6890,0.2490,1,ACTIVE,2,6,6
581,14138,14:54:30,0,0.00,0,7.2900,0.9130,0.5790,0.1760,0,ACTIVE,2,6,6
581,14139,14:55:00,0,33.00,0,11.1500,1.1100,0.9540,0.3160,1,ACTIVE,2,6,6
581,14140,14:55:30,0,54.00,0,12.4900,1.1800,1.0900,0.3300,1,ACTIVE,2,6,6
581,14141,14:56:00,0,1.00,0,9.8600,0.9960,0.8370,0.2960,0,ACTIVE,2,6,6
581,14142,14:56:30,0,0.00,0,9.5000,0.9750,0.8020,0.2960,0,ACTIVE,2,6,6
581,14143,14:57:00,0,0.00,0,9.8800,0.9960,0.8370,0.3160,0,ACTIVE,2,6,6
581,14144,14:57:30,0,59.00,0,7.5000,0.8370,0.6180,0.2090,1,ACTIVE,2,6,6
581,14145,14:58:00,0,63.00,0,7.5800,0.8940,0.6180,0.1760,1,ACTIVE,2,6,6
581,14146,14:58:30,0,6.00,0,5.0400,0.6180,0.4010,0.1450,1,ACTIVE,2,6,6
581,14147,14:59:00,0,68.00,0,25.0000,4.8400,1.6000,0.2280,1,ACTIVE,2,6,6
581,14148,14:59:30,0,68.00,0,20.9200,2.5300,1.6700,0.6050,1,ACTIVE,2,6,6
581,14149,15:00:00,0,100.00,0,3.3300,0.4980,0.2440,0.0880,1,ACTIVE,2,6,6
581,14150,15:00:30,0,73.00,0,3.5600,0.4670,0.2770,0.0880,1,ACTIVE,2,6,6
581,14151,15:01:00,0,8.00,0,17.7400,1.9900,1.4400,0.6740,1,ACTIVE,2,6,6
581,14152,15:01:30,0,73.00,0,6.8300,1.1300,0.4770,0.1330,1,ACTIVE,2,6,6
581,14153,15:02:00,0,66.00,0,5.6300,0.7350,0.4370,0.1650,1,ACTIVE,2,6,6
581,14154,15:02:30,0,33.00,0,8.0100,0.9540,0.6460,0.2230,1,ACTIVE,2,6,6
581,14155,15:03:00,0,0.00,0,4.7700,0.7040,0.3520,0.1170,0,ACTIVE,2,6,6
581,14156,15:03:30,0,15.00,0,3.8600,0.6050,0.2770,0.0880,1,ACTIVE,2,6,6
581,14157,15:04:00,0,6.00,0,24.7900,2.6400,2.0800,0.6740,0,ACTIVE,2,6,6
581,14158,15:04:30,0,47.00,0,23.2300,2.4700,1.9500,0.6320,1,ACTIVE,2,6,6
581,14159,15:05:00,0,0.00,0,8.1800,1.0400,0.6460,0.2090,0,ACTIVE,2,6,6
581,14160,15:05:30,0,0.00,0,8.1800,1.0400,0.6460,0.2090,0,ACTIVE,2,6,6
581,14161,15:06:00,0,2.00,0,7.9400,1.0400,0.6180,0.2090,0,ACTIVE,2,6,6
581,14162,15:06:30,0,0.00,0,6.6800,0.7850,0.5430,0.1760,0,ACTIVE,2,6,6
581,14163,15:07:00,0,6.00,0,7.2200,0.8750,0.5790,0.1920,0,ACTIVE,2,6,6
581,14164,15:07:30,0,23.00,0,8.2000,1.0400,0.6460,0.2230,1,ACTIVE,2,6,6
581,14165,15:08:00,0,4.00,0,9.5900,1.0400,0.8020,0.2490,0,ACTIVE,2,6,6
581,14166,15:08:30,0,1.00,0,18.0000,1.5000,1.6000,0.5790,0,ACTIVE,2,6,6
581,14167,15:09:00,0,32.00,0,23.1700,1.8300,2.0800,0.8370,1,ACTIVE,2,6,6
581,14168,15:09:30,0,8.00,0,16.6700,1.9900,1.3800,0.1800,0,ACTIVE,2,6,6
581,14169,15:10:00,0,73.00,0,14.1500,1.3500,1.2100,0.5200,1,ACTIVE,2,6,6
581,14170,15:10:30,0,1.00,0,7.4700,0.9750,0.5790,0.2230,0,ACTIVE,2,6,6
581,14171,15:11:00,0,5.00,0,6.1800,0.8200,0.4770,0.1760,0,ACTIVE,2,6,6
581,14172,15:11:30,0,0.00,0,6.1300,0.8020,0.4770,0.1650,0,ACTIVE,2,6,6
581,14173,15:12:00,0,0.00,0,6.0700,0.7680,0.4770,0.1760,0,ACTIVE,2,6,6
581,14174,15:12:30,0,0.00,0,5.6800,0.7510,0.4370,0.1760,0,ACTIVE,2,6,6
581,14175,15:13:00,0,40.00,0,4.0900,0.5430,0.3160,0.1170,1,ACTIVE,2,6,6
581,14176,15:13:30,0,56.00,0,18.1500,1.6700,1.5700,0.6460,1,ACTIVE,2,6,6
581,14177,15:14:00,0,8.00,0,10.3000,1.2100,0.8370,0.2660,1,ACTIVE,2,6,6
581,14178,15:14:30,0,11.00,0,8.5400,1.0400,0.6890,0.1920,1,ACTIVE,2,6,6
581,14179,15:15:00,0,20.00,0,7.8300,1.2100,0.5790,0.0773,1,ACTIVE,2,6,6
581,14180,15:15:30,0,38.00,0,7.6100,1.1100,0.5790,0.0773,1,ACTIVE,2,6,6
581,14181,15:16:00,0,75.00,0,5.2900,0.5790,0.4370,0.1650,1,ACTIVE,2,6,6
581,14182,15:16:30,0,31.00,0,2.8400,0.4100,0.2090,0.0880,1,ACTIVE,2,6,6
581,14183,15:17:00,0,0.00,0,7.2600,0.6890,0.6180,0.2960,0,ACTIVE,2,6,6
581,14184,15:17:30,0,0.00,0,7.4800,0.6890,0.6460,0.2770,0,ACTIVE,2,6,6
581,14185,15:18:00,0,18.00,0,7.1600,0.6600,0.6180,0.2660,1,ACTIVE,2,6,6
581,14186,15:18:30,0,0.00,0,7.1500,0.6600,0.6180,0.2490,0,ACTIVE,2,6,6
581,14187,15:19:00,0,0.00,0,7.1300,0.6600,0.6180,0.2380,0,ACTIVE,2,6,6
581,14188,15:19:30,0,45.00,0,6.0900,0.6460,0.5090,0.1920,1,ACTIVE,2,6,6
581,14189,15:20:00,0,0.00,0,3.2000,0.4190,0.2440,0.1330,0,ACTIVE,2,6,6
581,14190,15:20:30,0,0.00,0,3.1900,0.4190,0.2440,0.1170,0,ACTIVE,2,6,6
581,14191,15:21:00,0,33.00,0,7.1000,0.6600,0.6180,0.2090,1,ACTIVE,2,6,6
581,14192,15:21:30,0,0.00,0,7.3600,0.6600,0.6460,0.2230,0,ACTIVE,2,6,6
581,14193,15:22:00,0,0.00,0,6.1100,0.6600,0.5090,0.1760,0,ACTIVE,2,6,6
581,14194,15:22:30,0,13.00,0,3.5500,0.4570,0.2770,0.0981,1,ACTIVE,2,6,6
581,14195,15:23:00,0,18.00,0,3.5000,0.4370,0.2770,0.0981,1,ACTIVE,2,6,6
581,14196,15:23:30,0,79.00,0,3.9300,0.4670,0.3160,0.1170,1,ACTIVE,2,6,6
581,14197,15:24:00,0,5.00,0,2.7200,0.3600,0.2090,0.0880,1,ACTIVE,2,6,6
581,14198,15:24:30,0,82.00,0,3.8000,0.4190,0.3160,0.0981,1,ACTIVE,2,6,6
581,14199,15:25:00,0,2.00,0,9.5900,0.7040,0.8750,0.3450,1,ACTIVE,2,6,6
581,14200,15:25:30,0,29.00,0,8.3600,0.6180,0.7680,0.2490,1,ACTIVE,2,6,6
581,14201,15:26:00,0,45.00,0,5.1700,0.5200,0.4370,0.1760,1,ACTIVE,2,6,6
581,14202,15:26:30,0,35.00,0,3.0800,0.3840,0.2440,0.0880,1,ACTIVE,2,6,6
581,14203,15:27:00,0,16.00,0,2.7800,0.3840,0.2090,0.0880,1,ACTIVE,2,6,6
581,14204,15:27:30,0,15.00,0,3.5000,0.4370,0.2770,0.0981,1,ACTIVE,2,6,6
581,14205,15:28:00,0,47.00,0,5.1400,0.5200,0.4370,0.1450,1,ACTIVE,2,6,6
581,14206,15:28:30,0,0.00,0,8.9700,0.7510,0.8020,0.2660,0,ACTIVE,2,6,6
581,14207,15:29:00,0,38.00,0,6.1900,0.5550,0.5430,0.1920,1,ACTIVE,2,6,6
581,14208,15:29:30,0,0.00,0,3.4400,0.4100,0.2770,0.0981,0,ACTIVE,2,6,6
581,14209,15:30:00,0,0.00,0,4.1400,0.4190,0.3520,0.1170,0,ACTIVE,2,6,6
581,14210,15:30:30,0,32.00,0,4.6700,0.4570,0.4010,0.1330,1,ACTIVE,2,6,6
581,14211,15:31:00,0,40.00,0,6.4700,0.6890,0.5430,0.1760,1,ACTIVE,2,6,6
581,14212,15:31:30,0,34.00,0,4.9500,0.5920,0.4010,0.1170,1,ACTIVE,2,6,6
581,14213,15:32:00,0,70.00,0,5.8000,0.5200,0.5090,0.1760,1,ACTIVE,2,6,6
581,14214,15:32:30,0,23.00,0,3.9200,0.4570,0.3160,0.1330,1,ACTIVE,2,6,6
581,14215,15:33:00,0,11.00,0,5.8700,0.5430,0.5090,0.1920,1,ACTIVE,2,6,6
581,14216,15:33:30,0,56.00,0,5.1000,0.4870,0.4370,0.1760,1,ACTIVE,2,6,6
581,14217,15:34:00,0,93.00,0,5.1600,0.5200,0.4370,0.1650,1,ACTIVE,2,6,6
581,14218,15:34:30,0,56.00,0,3.9900,0.4670,0.3160,0.1760,1,ACTIVE,2,6,6
581,14219,15:35:00,0,66.00,0,2.6400,0.3230,0.2090,0.0880,1,ACTIVE,2,6,6
581,14220,15:35:30,0,38.00,0,5.0500,0.4670,0.4370,0.1760,1,ACTIVE,2,6,6
581,14221,15:36:00,0,45.00,0,3.7800,0.4100,0.3160,0.0981,1,ACTIVE,2,6,6
581,14222,15:36:30,0,45.00,0,2.6400,0.3230,0.2090,0.0880,1,ACTIVE,2,6,6
581,14223,15:37:00,0,68.00,0,6.2300,0.5550,0.5430,0.2230,1,ACTIVE,2,6,6
581,14224,15:37:30,0,45.00,0,3.3700,0.3760,0.2770,0.0981,1,ACTIVE,2,6,6
581,14225,15:38:00,0,47.00,0,6.4700,0.5200,0.5790,0.2230,1,ACTIVE,2,6,6
581,14226,15:38:30,0,63.00,0,5.8000,0.5200,0.5090,0.1760,1,ACTIVE,2,6,6
581,14227,15:39:00,0,89.00,0,5.3900,0.4570,0.4770,0.1920,1,ACTIVE,2,6,6
581,14228,15:39:30,0,89.00,0,2.6400,0.3230,0.2090,0.0880,1,ACTIVE,2,6,6
581,14229,15:40:00,0,193.00,0,1.0500,0.1880,0.0694,0.0292,1,ACTIVE,2,6,6
581,14230,15:40:30,0,261.00,0,1.0400,0.1800,0.0694,0.0292,1,ACTIVE,2,6,6
581,14231,15:41:00,0,133.00,0,0.6200,0.1360,0.0347,0.0117,1,ACTIVE,2,6,6
581,14232,15:41:30,0,82.00,0,0.7000,0.1720,0.0347,0.0117,1,ACTIVE,2,6,6
581,14233,15:42:00,0,175.00,0,2.9900,0.3370,0.2440,0.0981,1,ACTIVE,2,6,6
581,14234,15:42:30,0,45.00,0,1.0900,0.1880,0.0756,0.0115,1,ACTIVE,2,6,6
581,14235,15:43:00,0,0.00,0,0.3000,0.1300,0.0000,0.0117,1,ACTIVE,2,6,6
581,14236,15:43:30,0,16.00,0,0.5800,0.1190,0.0347,0.0117,1,ACTIVE,2,6,6
581,14237,15:44:00,0,187.00,0,0.6200,0.1360,0.0347,0.0117,1,ACTIVE,2,6,6
581,14238,15:44:30,0,107.00,0,0.5800,0.1190,0.0347,0.0117,1,REST-S,2,6,6
581,14239,15:45:00,0,0.00,0,0.2900,0.1300,0.0000,0.0000,1,REST-S,2,6,6
581,14240,15:45:30,0,0.00,0,0.2900,0.1300,0.0000,0.0000,0,REST-S,2,6,6
581,14241,15:46:00,0,0.00,0,0.3000,0.1360,0.0000,0.0000,0,REST-S,2,6,6
581,14242,15:46:30,0,0.00,0,0.3100,0.1360,0.0000,0.0117,0,REST-S,2,6,6
581,14243,15:47:00,0,0.00,0,0.5800,0.1190,0.0347,0.0117,0,REST-S,2,6,6
581,14244,15:47:30,0,0.00,0,0.5800,0.1190,0.0347,0.0117,0,REST-S,2,6,6
581,14245,15:48:00,0,0.00,0,0.5800,0.1190,0.0347,0.0117,0,REST-S,2,6,6
581,14246,15:48:30,0,0.00,0,0.5800,0.1190,0.0347,0.0117,0,REST-S,2,6,6
581,14247,15:49:00,0,0.00,0,0.5800,0.1190,0.0347,0.0117,0,REST-S,2,6,6
581,14248,15:49:30,0,0.00,0,0.5800,0.1190,0.0347,0.0117,0,REST-S,2,6,6
581,14249,15:50:00,0,0.00,0,0.5800,0.1190,0.0347,0.0117,0,REST-S,2,6,6
581,14250,15:50:30,0,0.00,0,0.5800,0.1190,0.0347,0.0117,0,REST-S,2,6,6
581,14251,15:51:00,0,0.00,0,0.5800,0.1190,0.0347,0.0117,0,REST-S,2,6,6
581,14252,15:51:30,0,0.00,0,0.5800,0.1190,0.0347,0.0117,0,REST-S,2,6,6
581,14253,15:52:00,0,0.00,0,0.5800,0.1190,0.0347,0.0117,0,REST-S,2,6,6
581,14254,15:52:30,0,0.00,0,0.5800,0.1190,0.0347,0.0117,0,REST-S,2,6,6
581,14255,15:53:00,0,0.00,0,0.6000,0.1300,0.0347,0.0117,0,REST-S,2,6,6
581,14256,15:53:30,0,0.00,0,0.6000,0.1300,0.0347,0.0117,0,REST-S,2,6,6
581,14257,15:54:00,0,0.00,0,0.5800,0.1190,0.0347,0.0117,0,REST-S,2,6,6
581,14258,15:54:30,0,0.00,0,0.6000,0.1300,0.0347,0.0117,0,REST-S,2,6,6
581,14259,15:55:00,0,0.00,0,0.6000,0.1300,0.0347,0.0117,0,REST-S,2,6,6
581,14260,15:55:30,0,0.00,0,0.6000,0.1300,0.0347,0.0117,0,REST-S,2,6,6
581,14261,15:56:00,0,0.00,0,0.6000,0.1300,0.0347,0.0117,0,REST-S,2,6,6
581,14262,15:56:30,0,0.00,0,0.6000,0.1300,0.0347,0.0117,0,REST-S,2,6,6
581,14263,15:57:00,0,0.00,0,0.6000,0.1300,0.0347,0.0117,0,REST-S,2,6,6
581,14264,15:57:30,0,0.00,0,0.6000,0.1300,0.0347,0.0117,0,REST-S,2,6,6
581,14265,15:58:00,0,0.00,0,0.6000,0.1300,0.0347,0.0117,0,REST-S,2,6,6
581,14266,15:58:30,0,0.00,0,0.6000,0.1300,0.0347,0.0117,0,REST-S,2,6,6
581,14267,15:59:00,0,0.00,0,0.6000,0.1300,0.0347,0.0117,0,REST-S,2,6,6
581,14268,15:59:30,0,1.00,0,0.6000,0.1300,0.0347,0.0117,0,REST-S,2,6,6
581,14269,16:00:00,0,0.00,0,0.6000,0.1300,0.0347,0.0117,0,REST-S,2,6,6
581,14270,16:00:30,0,0.00,0,0.6000,0.1300,0.0347,0.0117,0,REST-S,2,6,6
581,14271,16:01:00,0,0.00,0,0.6000,0.1300,0.0347,0.0117,0,REST-S,2,6,6
581,14272,16:01:30,0,0.00,0,0.6000,0.1300,0.0347,0.0117,0,REST-S,2,6,6
581,14273,16:02:00,0,0.00,0,0.6000,0.1300,0.0347,0.0117,0,REST-S,2,6,6
581,14274,16:02:30,0,0.00,0,0.6000,0.1300,0.0347,0.0117,0,REST-S,2,6,6
581,14275,16:03:00,0,0.00,0,0.6000,0.1300,0.0347,0.0117,0,REST-S,2,6,6
581,14276,16:03:30,0,0.00,0,0.6000,0.1300,0.0347,0.0117,0,REST-S,2,6,6
581,14277,16:04:00,0,0.00,0,0.6000,0.1300,0.0347,0.0117,0,REST-S,2,6,6
581,14278,16:04:30,0,0.00,0,0.6000,0.1300,0.0347,0.0117,0,REST-S,2,6,6
581,14279,16:05:00,0,0.00,0,0.6000,0.1300,0.0347,0.0117,0,REST-S,2,6,6
581,14280,16:05:30,0,0.00,0,0.6000,0.1300,0.0347,0.0117,0,REST-S,2,6,6
581,14281,16:06:00,0,0.00,0,0.5800,0.1190,0.0347,0.0117,0,REST-S,2,6,6
581,14282,16:06:30,0,0.00,0,0.5700,0.1140,0.0347,0.0117,0,REST-S,2,6,6
581,14283,16:07:00,0,0.00,0,0.5700,0.1140,0.0347,0.0117,0,REST-S,2,6,6
581,14284,16:07:30,0,0.00,0,0.5700,0.1140,0.0347,0.0117,0,REST-S,2,6,6
581,14285,16:08:00,0,0.00,0,0.5700,0.1140,0.0347,0.0117,0,REST-S,2,6,6
581,14286,16:08:30,0,0.00,0,0.5700,0.1140,0.0347,0.0117,0,REST-S,2,6,6
581,14287,16:09:00,0,0.00,0,0.5700,0.1140,0.0347,0.0117,0,REST-S,2,6,6
581,14288,16:09:30,0,0.00,0,0.5700,0.1140,0.0347,0.0117,0,REST-S,2,6,6
581,14289,16:10:00,0,0.00,0,0.5700,0.1140,0.0347,0.0117,0,REST-S,2,6,6
581,14290,16:10:30,0,0.00,0,0.5700,0.1140,0.0347,0.0117,0,REST-S,2,6,6
581,14291,16:11:00,0,0.00,0,0.5700,0.1140,0.0347,0.0117,0,REST-S,2,6,6
581,14292,16:11:30,0,0.00,0,0.5700,0.1140,0.0347,0.0117,0,REST-S,2,6,6
581,14293,16:12:00,0,0.00,0,0.5700,0.1140,0.0347,0.0117,0,REST-S,2,6,6
581,14294,16:12:30,0,0.00,0,0.5700,0.1140,0.0347,0.0117,0,REST-S,2,6,6
581,14295,16:13:00,0,0.00,0,0.5700,0.1140,0.0347,0.0117,0,REST-S,2,6,6
581,14296,16:13:30,0,0.00,0,0.5700,0.1140,0.0347,0.0117,0,REST-S,2,6,6
581,14297,16:14:00,0,0.00,0,0.5700,0.1140,0.0347,0.0117,0,REST-S,2,6,6
581,14298,16:14:30,0,0.00,0,0.5700,0.1140,0.0347,0.0117,0,REST-S,2,6,6
581,14299,16:15:00,0,0.00,0,0.5700,0.1140,0.0347,0.0117,0,REST-S,2,6,6
581,14300,16:15:30,0,0.00,0,0.5700,0.1140,0.0347,0.0117,0,REST-S,2,6,6
581,14301,16:16:00,0,0.00,0,0.5700,0.1140,0.0347,0.0117,0,REST-S,2,6,6
581,14302,16:16:30,0,0.00,0,0.5700,0.1140,0.0347,0.0117,0,REST-S,2,6,6
581,14303,16:17:00,0,0.00,0,0.5800,0.1190,0.0347,0.0117,0,REST-S,2,6,6
581,14304,16:17:30,0,0.00,0,0.5800,0.1190,0.0347,0.0117,0,REST-S,2,6,6
581,14305,16:18:00,0,0.00,0,0.5700,0.1140,0.0347,0.0117,0,REST-S,2,6,6
581,14306,16:18:30,0,0.00,0,0.5700,0.1140,0.0347,0.0117,0,REST-S,2,6,6
581,14307,16:19:00,0,0.00,0,0.5700,0.1140,0.0347,0.0117,0,REST-S,2,6,6
581,14308,16:19:30,0,0.00,0,0.5800,0.1190,0.0347,0.0117,0,REST-S,2,6,6
581,14309,16:20:00,0,0.00,0,0.5800,0.1190,0.0347,0.0117,0,REST-S,2,6,6
581,14310,16:20:30,0,11.00,0,0.5700,0.1140,0.0347,0.0117,0,REST-S,2,6,6
581,14311,16:21:00,0,49.00,0,0.6000,0.1300,0.0347,0.0117,1,ACTIVE,2,6,6
581,14312,16:21:30,0,0.00,0,0.6200,0.1360,0.0347,0.0117,0,ACTIVE,2,6,6
581,14313,16:22:00,0,0.00,0,0.6200,0.1360,0.0347,0.0117,1,ACTIVE,2,6,6
581,14314,16:22:30,0,52.00,0,0.6200,0.1360,0.0347,0.0117,1,ACTIVE,2,6,6
581,14315,16:23:00,0,244.00,0,0.5800,0.1190,0.0347,0.0117,1,ACTIVE,2,6,6
581,14316,16:23:30,0,82.00,0,25.7800,0.8940,2.5800,1.0900,1,ACTIVE,2,6,6
581,14317,16:24:00,0,338.00,0,0.6000,0.1300,0.0347,0.0117,1,ACTIVE,2,6,6
581,14318,16:24:30,0,123.00,0,0.6000,0.1300,0.0347,0.0117,1,ACTIVE,2,6,6
581,14319,16:25:00,0,0.00,0,0.5700,0.1140,0.0347,0.0117,1,ACTIVE,2,6,6
581,14320,16:25:30,0,200.00,0,0.5800,0.1190,0.0347,0.0117,1,ACTIVE,2,6,6
581,14321,16:26:00,0,0.00,0,0.6200,0.1360,0.0347,0.0117,1,ACTIVE,2,6,6
581,14322,16:26:30,0,200.00,0,0.6000,0.1300,0.0347,0.0117,1,ACTIVE,2,6,6
581,14323,16:27:00,0,103.00,0,0.6000,0.1300,0.0347,0.0117,1,ACTIVE,2,6,6
581,14324,16:27:30,0,0.00,0,0.5500,0.1070,0.0347,0.0117,1,ACTIVE,2,6,6
581,14325,16:28:00,0,1.00,0,0.2800,0.1220,0.0000,0.0117,1,ACTIVE,2,6,6
581,14326,16:28:30,0,7.00,0,0.2800,0.1220,0.0000,0.0117,1,ACTIVE,2,6,6
581,14327,16:29:00,0,25.00,0,0.5500,0.1070,0.0347,0.0117,1,ACTIVE,2,6,6
581,14328,16:29:30,0,22.00,0,0.5700,0.1140,0.0347,0.0117,1,ACTIVE,2,6,6
581,14329,16:30:00,0,79.00,0,1.4000,0.2000,0.1050,0.0412,1,ACTIVE,2,6,6
581,14330,16:30:30,0,193.00,0,0.6400,0.1450,0.0347,0.0117,1,ACTIVE,2,6,6
581,14331,16:31:00,0,157.00,0,0.5700,0.1140,0.0347,0.0117,1,ACTIVE,2,6,6
581,14332,16:31:30,0,137.00,0,0.5700,0.1140,0.0347,0.0117,1,ACTIVE,2,6,6
581,14333,16:32:00,0,75.00,0,0.5500,0.1070,0.0347,0.0117,1,ACTIVE,2,6,6
581,14334,16:32:30,0,142.00,0,0.6000,0.1300,0.0347,0.0117,1,ACTIVE,2,6,6
581,14335,16:33:00,0,31.00,0,0.6000,0.1300,0.0347,0.0117,1,ACTIVE,2,6,6
581,14336,16:33:30,0,56.00,0,0.4300,0.1690,0.0024,0.0354,1,ACTIVE,2,6,6
581,14337,16:34:00,0,45.00,0,1.1000,0.2000,0.0694,0.0412,1,ACTIVE,2,6,6
581,14338,16:34:30,0,86.00,0,1.0800,0.2000,0.0694,0.0292,1,ACTIVE,2,6,6
581,14339,16:35:00,0,93.00,0,0.6000,0.1300,0.0347,0.0117,1,ACTIVE,2,6,6
581,14340,16:35:30,0,89.00,0,0.5900,0.1690,0.0251,0.0000,1,ACTIVE,2,6,6
581,14341,16:36:00,0,35.00,0,0.5700,0.1580,0.0251,0.0000,1,ACTIVE,2,6,6
581,14342,16:36:30,0,56.00,0,0.6700,0.1580,0.0347,0.0117,1,ACTIVE,2,6,6
581,14343,16:37:00,0,79.00,0,0.3300,0.1450,0.0000,0.0117,1,ACTIVE,2,6,6
581,14344,16:37:30,0,0.00,0,0.5800,0.1190,0.0347,0.0117,0,ACTIVE,2,6,6
581,14345,16:38:00,0,0.00,0,0.3100,0.1360,0.0000,0.0117,0,ACTIVE,2,6,6
581,14346,16:38:30,0,0.00,0,0.4800,0.1190,0.0251,0.0000,0,ACTIVE,2,6,6
581,14347,16:39:00,0,0.00,0,0.3000,0.1300,0.0000,0.0117,0,ACTIVE,2,6,6
581,14348,16:39:30,0,0.00,0,0.2900,0.1300,0.0000,0.0000,0,ACTIVE,2,6,6
581,14349,16:40:00,0,0.00,0,0.4800,0.1190,0.0251,0.0000,0,ACTIVE,2,6,6
581,14350,16:40:30,0,4.00,0,0.3000,0.1300,0.0000,0.0117,0,ACTIVE,2,6,6
581,14351,16:41:00,0,5.00,0,0.5800,0.1190,0.0347,0.0117,0,ACTIVE,2,6,6
581,14352,16:41:30,0,0.00,0,0.5800,0.1190,0.0347,0.0117,0,ACTIVE,2,6,6
581,14353,16:42:00,0,0.00,0,0.4800,0.1190,0.0251,0.0000,0,ACTIVE,2,6,6
581,14354,16:42:30,0,0.00,0,0.3000,0.1360,0.0000,0.0000,0,ACTIVE,2,6,6
581,14355,16:43:00,0,0.00,0,0.3000,0.1360,0.0000,0.0000,0,ACTIVE,2,6,6
581,14356,16:43:30,0,2.00,0,0.5800,0.1190,0.0347,0.0117,1,ACTIVE,2,6,6
581,14357,16:44:00,0,47.00,0,0.3900,0.1720,0.0000,0.0117,1,ACTIVE,2,6,6
581,14358,16:44:30,0,151.00,0,0.7100,0.1800,0.0347,0.0117,1,ACTIVE,2,6,6
581,14359,16:45:00,0,75.00,0,0.3000,0.1300,0.0000,0.0117,1,ACTIVE,2,6,6
581,14360,16:45:30,0,207.00,0,0.2700,0.1220,0.0000,0.0000,1,ACTIVE,2,6,6
581,14361,16:46:00,0,373.00,0,0.3600,0.1650,0.0000,0.0000,1,ACTIVE,2,6,6
581,14362,16:46:30,0,261.00,0,2.7300,0.9540,0.0694,0.0117,1,ACTIVE,2,6,6
581,14363,16:47:00,0,362.00,0,0.6500,0.1510,0.0347,0.0117,1,ACTIVE,2,6,6
581,14364,16:47:30,0,200.00,0,0.3300,0.1450,0.0000,0.0117,1,ACTIVE,2,6,6
581,14365,16:48:00,0,151.00,0,8.1200,2.2200,0.3520,0.1170,1,ACTIVE,2,6,6
581,14366,16:48:30,0,385.00,0,4.3200,0.9540,0.2490,0.0279,1,ACTIVE,2,6,6
581,14367,16:49:00,0,297.00,0,3.6400,0.7510,0.2230,0.0230,1,ACTIVE,2,6,6
581,14368,16:49:30,0,49.00,0,8.1200,1.9100,0.4370,0.0650,1,ACTIVE,2,6,6
581,14369,16:50:00,0,29.00,0,1.2500,0.2600,0.0756,0.0115,1,ACTIVE,2,6,6
581,14370,16:50:30,0,2.00,0,2.5100,0.4100,0.1760,0.0583,1,ACTIVE,2,6,6
581,14371,16:51:00,0,22.00,0,1.0700,0.2840,0.0501,0.0046,1,ACTIVE,2,6,6
581,14372,16:51:30,0,0.00,0,1.6400,0.3370,0.1000,0.0162,0,ACTIVE,2,6,6
581,14373,16:52:00,0,45.00,0,1.0200,0.2600,0.0501,0.0046,1,ACTIVE,2,6,6
581,14374,16:52:30,0,1.00,0,1.0100,0.3160,0.0347,0.0117,0,ACTIVE,2,6,6
581,14375,16:53:00,0,0.00,0,0.7500,0.2380,0.0251,0.0000,1,ACTIVE,2,6,6
581,14376,16:53:30,0,0.00,0,1.0300,0.3230,0.0347,0.0117,1,ACTIVE,2,6,6
581,14377,16:54:00,0,93.00,0,1.9800,0.5920,0.0756,0.0046,1,ACTIVE,2,6,6
581,14378,16:54:30,0,228.00,0,6.6000,1.5400,0.3600,0.0535,1,ACTIVE,2,6,6
581,14379,16:55:00,0,181.00,0,7.4800,1.9500,0.3600,0.0230,1,ACTIVE,2,6,6
581,14380,16:55:30,0,207.00,0,6.2500,1.4700,0.3370,0.0460,1,ACTIVE,2,6,6
581,14381,16:56:00,0,187.00,0,3.1300,0.9130,0.1240,0.0162,1,ACTIVE,2,6,6
581,14382,16:56:30,0,137.00,0,9.1300,1.9100,0.5550,0.0535,1,ACTIVE,2,6,6
581,14383,16:57:00,0,163.00,0,3.9300,1.3500,0.1050,0.0292,1,ACTIVE,2,6,6
581,14384,16:57:30,0,114.00,0,1.1300,0.3680,0.0347,0.0117,1,ACTIVE,2,6,6
581,14385,16:58:00,0,147.00,0,1.5900,0.5200,0.0501,0.0046,1,ACTIVE,2,6,6
581,14386,16:58:30,0,147.00,0,8.9400,2.0800,0.4870,0.0694,1,ACTIVE,2,6,6
581,14387,16:59:00,0,114.00,0,4.0800,1.2400,0.1510,0.0230,1,ACTIVE,2,6,6
581,14388,16:59:30,0,214.00,0,8.8600,2.1300,0.4670,0.0694,1,ACTIVE,2,6,6
581,14389,17:00:00,0,207.00,0,3.8900,0.9540,0.2000,0.0279,1,ACTIVE,2,6,6
581,14390,17:00:30,0,89.00,0,1.5200,0.4870,0.0501,0.0046,1,ACTIVE,2,6,6
581,14391,17:01:00,0,66.00,0,0.4500,0.2050,0.0000,0.0000,1,ACTIVE,2,6,6
581,14392,17:01:30,0,100.00,0,0.4800,0.2190,0.0000,0.0000,1,ACTIVE,2,6,6
581,14393,17:02:00,0,0.00,0,0.4000,0.1800,0.0000,0.0000,1,ACTIVE,2,6,6
581,14394,17:02:30,0,29.00,0,0.4200,0.1920,0.0000,0.0000,1,ACTIVE,2,6,6
581,14395,17:03:00,0,0.00,0,0.6000,0.1720,0.0251,0.0000,0,ACTIVE,2,6,6
581,14396,17:03:30,0,2.00,0,0.4000,0.1800,0.0000,0.0000,0,ACTIVE,2,6,6
581,14397,17:04:00,0,25.00,0,0.4300,0.1960,0.0000,0.0000,1,ACTIVE,2,6,6
581,14398,17:04:30,0,0.00,0,0.6200,0.1800,0.0251,0.0000,0,ACTIVE,2,6,6
581,14399,17:05:00,0,0.00,0,0.6200,0.1800,0.0251,0.0000,0,ACTIVE,2,6,6
581,14400,17:05:30,0,0.00,0,0.6200,0.1800,0.0251,0.0000,0,ACTIVE,2,6,6
581,14401,17:06:00,0,14.00,0,0.6300,0.1880,0.0251,0.0000,0,ACTIVE,2,6,6
581,14402,17:06:30,0,0.00,0,0.6200,0.1800,0.0251,0.0000,0,ACTIVE,2,6,6
581,14403,17:07:00,0,0.00,0,0.6200,0.1800,0.0251,0.0000,0,ACTIVE,2,6,6
581,14404,17:07:30,0,147.00,0,0.3600,0.1650,0.0000,0.0000,1,ACTIVE,2,6,6
581,14405,17:08:00,0,0.00,0,0.2200,0.0981,0.0000,0.0000,0,ACTIVE,2,6,6
581,14406,17:08:30,0,0.00,0,0.2200,0.0981,0.0000,0.0000,0,ACTIVE,2,6,6
581,14407,17:09:00,0,0.00,0,0.2200,0.0981,0.0000,0.0000,0,ACTIVE,2,6,6
581,14408,17:09:30,0,42.00,0,0.2500,0.1120,0.0000,0.0000,1,ACTIVE,2,6,6
581,14409,17:10:00,0,9.00,0,0.2200,0.0981,0.0000,0.0000,1,ACTIVE,2,6,6
581,14410,17:10:30,0,0.00,0,0.2200,0.0981,0.0000,0.0000,1,ACTIVE,2,6,6
581,14411,17:11:00,0,49.00,0,0.3600,0.1650,0.0000,0.0000,1,ACTIVE,2,6,6
581,14412,17:11:30,0,128.00,0,11.8300,3.9000,0.3520,0.1170,1,ACTIVE,2,6,6
581,14413,17:12:00,0,6.00,0,0.7400,0.1920,0.0347,0.0117,1,ACTIVE,2,6,6
581,14414,17:12:30,0,0.00,0,0.6900,0.1690,0.0347,0.0117,0,ACTIVE,2,6,6
581,14415,17:13:00,0,0.00,0,0.7100,0.1800,0.0347,0.0117,0,ACTIVE,2,6,6
581,14416,17:13:30,0,1.00,0,0.3500,0.1580,0.0000,0.0000,0,ACTIVE,2,6,6
581,14417,17:14:00,0,0.00,0,0.2700,0.1220,0.0000,0.0000,0,ACTIVE,2,6,6
581,14418,17:14:30,0,0.00,0,0.2900,0.1300,0.0000,0.0000,0,ACTIVE,2,6,6
581,14419,17:15:00,0,4.00,0,17.7000,1.7100,1.5400,0.4280,0,ACTIVE,2,6,6
581,14420,17:15:30,0,13.00,0,25.4900,4.3400,1.7500,0.5200,0,ACTIVE,2,6,6
581,14421,17:16:00,0,16.00,0,3.2000,1.0200,0.1050,0.0292,0,ACTIVE,2,6,6
581,14422,17:16:30,0,0.00,0,0.3000,0.1360,0.0000,0.0000,0,ACTIVE,2,6,6
581,14423,17:17:00,0,2.00,0,0.3000,0.1360,0.0000,0.0000,0,ACTIVE,2,6,6
581,14424,17:17:30,0,0.00,0,41.1800,7.3100,2.7600,0.8200,0,ACTIVE,2,6,6
581,14425,17:18:00,0,0.00,0,40.3000,7.1500,2.7000,0.8020,0,ACTIVE,2,6,6
581,14426,17:18:30,0,0.00,0,40.3000,7.1500,2.7000,0.8020,0,ACTIVE,2,6,6
581,14427,17:19:00,0,1.00,0,40.3000,7.1500,2.7000,0.8020,0,ACTIVE,2,6,6
581,14428,17:19:30,0,25.00,0,1.1000,0.2960,0.0501,0.0046,1,ACTIVE,2,6,6
581,14429,17:20:00,0,38.00,0,12.6400,4.0700,0.4010,0.1170,1,ACTIVE,2,6,6
581,14430,17:20:30,0,21.00,0,21.6000,4.3400,1.3200,0.4010,1,ACTIVE,2,6,6
581,14431,17:21:00,0,0.00,0,5.3000,0.9540,0.3520,0.0981,0,ACTIVE,2,6,6
581,14432,17:21:30,0,8.00,0,5.3000,0.9540,0.3520,0.0981,0,ACTIVE,2,6,6
581,14433,17:22:00,0,0.00,0,1.9300,0.5670,0.0756,0.0115,0,ACTIVE,2,6,6
581,14434,17:22:30,0,1.00,0,2.0700,0.6320,0.0756,0.0115,0,ACTIVE,2,6,6
581,14435,17:23:00,0,0.00,0,0.2500,0.1120,0.0000,0.0000,0,ACTIVE,2,6,6
581,14436,17:23:30,0,32.00,0,0.5800,0.2540,0.0000,0.0117,1,ACTIVE,2,6,6
581,14437,17:24:00,0,0.00,0,0.3500,0.1580,0.0000,0.0000,0,ACTIVE,2,6,6
581,14438,17:24:30,0,0.00,0,0.3300,0.1450,0.0000,0.0117,0,ACTIVE,2,6,6
581,14439,17:25:00,0,9.00,0,0.2500,0.1120,0.0000,0.0000,0,ACTIVE,2,6,6
581,14440,17:25:30,0,23.00,0,39.7800,7.1500,2.6400,0.7850,1,ACTIVE,2,6,6
581,14441,17:26:00,0,0.00,0,43.7900,7.9700,2.8800,0.8940,0,ACTIVE,2,6,6
581,14442,17:26:30,0,0.00,0,43.4200,7.8000,2.8800,0.8940,0,ACTIVE,2,6,6
581,14443,17:27:00,0,2.00,0,43.0300,7.6300,2.8800,0.8750,0,ACTIVE,2,6,6
581,14444,17:27:30,0,66.00,0,1.4900,0.3680,0.0756,0.0115,1,ACTIVE,2,6,6
581,14445,17:28:00,0,21.00,0,2.2700,0.5920,0.1050,0.0412,1,ACTIVE,2,6,6
581,14446,17:28:30,0,0.00,0,2.2900,0.6320,0.1000,0.0162,0,ACTIVE,2,6,6
581,14447,17:29:00,0,0.00,0,2.2900,0.6320,0.1000,0.0162,0,ACTIVE,2,6,6
581,14448,17:29:30,0,15.00,0,3.6300,0.6320,0.2440,0.0880,1,ACTIVE,2,6,6
581,14449,17:30:00,0,52.00,0,1.4900,0.3680,0.0756,0.0115,1,ACTIVE,2,6,6
581,14450,17:30:30,0,18.00,0,1.1600,0.3230,0.0501,0.0046,1,ACTIVE,2,6,6
581,14451,17:31:00,0,25.00,0,0.7000,0.2190,0.0251,0.0000,1,ACTIVE,2,6,6
581,14452,17:31:30,0,147.00,0,3.6300,0.4770,0.2900,0.0347,1,ACTIVE,2,6,6
581,14453,17:32:00,0,18.00,0,1.1000,0.2960,0.0501,0.0046,1,ACTIVE,2,6,6
581,14454,17:32:30,0,8.00,0,2.3200,0.7850,0.0189,0.3840,1,ACTIVE,2,6,6
581,14455,17:33:00,0,0.00,0,1.3300,0.4570,0.0347,0.0117,0,ACTIVE,2,6,6
581,14456,17:33:30,0,15.00,0,36.8300,6.2800,2.5300,0.7510,1,ACTIVE,2,6,6
581,14457,17:34:00,0,5.00,0,9.8300,4.1600,0.0694,0.0292,0,ACTIVE,2,6,6
581,14458,17:34:30,0,32.00,0,1.4900,0.3840,0.0694,0.0292,1,ACTIVE,2,6,6
581,14459,17:35:00,0,4.00,0,37.9300,7.0000,2.4700,0.7350,0,ACTIVE,2,6,6
581,14460,17:35:30,0,8.00,0,26.8900,3.4200,2.1300,0.6460,0,ACTIVE,2,6,6
581,14461,17:36:00,0,25.00,0,16.0200,3.6500,0.8750,0.2660,1,ACTIVE,2,6,6
581,14462,17:36:30,0,0.00,0,39.7900,7.1500,2.6400,0.8020,0,ACTIVE,2,6,6
581,14463,17:37:00,0,0.00,0,39.7900,7.1500,2.6400,0.8020,0,ACTIVE,2,6,6
581,14464,17:37:30,0,19.00,0,22.8900,3.9000,1.5700,0.4870,1,ACTIVE,2,6,6
581,14465,17:38:00,0,0.00,0,3.4100,0.8020,0.1760,0.0880,0,ACTIVE,2,6,6
581,14466,17:38:30,0,7.00,0,21.9000,3.9800,1.4400,0.4470,0,ACTIVE,2,6,6
581,14467,17:39:00,0,7.00,0,38.2800,7.1500,2.4700,0.7510,0,ACTIVE,2,6,6
581,14468,17:39:30,0,28.00,0,27.8900,3.5000,2.2200,0.6600,1,ACTIVE,2,6,6
581,14469,17:40:00,0,0.00,0,38.2700,6.7000,2.5800,0.7680,0,ACTIVE,2,6,6
581,14470,17:40:30,0,27.00,0,28.2300,3.6500,2.2200,0.6600,1,ACTIVE,2,6,6
581,14471,17:41:00,0,0.00,0,39.2600,7.1500,2.5800,0.7680,0,ACTIVE,2,6,6
581,14472,17:41:30,0,18.00,0,44.9100,7.9700,3.0100,0.8940,1,ACTIVE,2,6,6
581,14473,17:42:00,0,0.00,0,45.7100,8.3200,3.0100,0.9130,0,ACTIVE,2,6,6
581,14474,17:42:30,0,1.00,0,45.3200,8.1400,3.0100,0.9130,0,ACTIVE,2,6,6
581,14475,17:43:00,0,0.00,0,45.3000,8.1400,3.0100,0.8940,0,ACTIVE,2,6,6
581,14476,17:43:30,0,63.00,0,13.1000,4.2500,0.4010,0.1760,1,ACTIVE,2,6,6
581,14477,17:44:00,0,12.00,0,0.2700,0.1220,0.0000,0.0000,0,ACTIVE,2,6,6
581,14478,17:44:30,0,0.00,0,0.2200,0.0981,0.0000,0.0000,0,ACTIVE,2,6,6
581,14479,17:45:00,0,2.00,0,0.2200,0.0981,0.0000,0.0000,0,ACTIVE,2,6,6
581,14480,17:45:30,0,0.00,0,0.2400,0.1070,0.0000,0.0000,0,ACTIVE,2,6,6
581,14481,17:46:00,0,0.00,0,0.2400,0.1070,0.0000,0.0000,0,ACTIVE,2,6,6
581,14482,17:46:30,0,2.00,0,0.2500,0.1120,0.0000,0.0000,0,ACTIVE,2,6,6
581,14483,17:47:00,0,16.00,0,17.4800,3.9800,0.9750,0.1300,0,ACTIVE,2,6,6
581,14484,17:47:30,0,0.00,0,29.9100,7.0000,1.6400,0.0825,0,ACTIVE,2,6,6
581,14485,17:48:00,0,0.00,0,30.6900,7.0000,1.7100,0.2190,0,ACTIVE,2,6,6
581,14486,17:48:30,0,0.00,0,38.7800,7.1500,2.5300,0.7680,0,ACTIVE,2,6,6
581,14487,17:49:00,0,18.00,0,29.3000,3.7300,2.3200,0.6890,1,ACTIVE,2,6,6
581,14488,17:49:30,0,33.00,0,37.5900,6.1400,2.6400,0.8200,1,ACTIVE,2,6,6
581,14489,17:50:00,0,27.00,0,33.3900,4.2500,2.6400,0.8020,1,ACTIVE,2,6,6
581,14490,17:50:30,0,1.00,0,42.4300,6.8500,3.0100,0.8940,0,ACTIVE,2,6,6
581,14491,17:51:00,0,13.00,0,35.8500,4.6400,2.8200,0.8560,1,ACTIVE,2,6,6
581,14492,17:51:30,0,4.00,0,39.2500,5.3900,3.0100,0.9130,1,ACTIVE,2,6,6
581,14493,17:52:00,0,35.00,0,0.3600,0.1650,0.0000,0.0000,1,ACTIVE,2,6,6
581,14494,17:52:30,0,56.00,0,0.3200,0.1450,0.0000,0.0000,1,ACTIVE,2,6,6
581,14495,17:53:00,0,27.00,0,0.3200,0.1450,0.0000,0.0000,1,ACTIVE,2,6,6
581,14496,17:53:30,0,221.00,0,2.4200,0.3520,0.1760,0.0880,1,ACTIVE,2,6,6
581,14497,17:54:00,0,100.00,0,1.1600,0.3230,0.0501,0.0046,1,ACTIVE,2,6,6
581,14498,17:54:30,0,187.00,0,1.6400,0.4370,0.0756,0.0115,1,ACTIVE,2,6,6
581,14499,17:55:00,0,169.00,0,2.6000,0.4370,0.1760,0.0880,1,ACTIVE,2,6,6
581,14500,17:55:30,0,110.00,0,2.5700,0.6600,0.1240,0.0162,1,ACTIVE,2,6,6
581,14501,17:56:00,0,5.00,0,0.2500,0.1120,0.0000,0.0000,1,ACTIVE,2,6,6
581,14502,17:56:30,0,14.00,0,0.2900,0.1300,0.0000,0.0000,1,ACTIVE,2,6,6
581,14503,17:57:00,0,0.00,0,0.3600,0.1650,0.0000,0.0000,0,ACTIVE,2,6,6
581,14504,17:57:30,0,0.00,0,0.3500,0.1580,0.0000,0.0000,0,ACTIVE,2,6,6
581,14505,17:58:00,0,0.00,0,0.4900,0.2230,0.0000,0.0000,0,ACTIVE,2,6,6
581,14506,17:58:30,0,0.00,0,1.2100,0.3450,0.0501,0.0046,0,ACTIVE,2,6,6
581,14507,17:59:00,0,2.00,0,1.0300,0.3230,0.0347,0.0117,0,ACTIVE,2,6,6
581,14508,17:59:30,0,0.00,0,1.0100,0.3160,0.0347,0.0117,0,ACTIVE,2,6,6
581,14509,18:00:00,0,0.00,0,1.0100,0.3160,0.0347,0.0117,0,ACTIVE,2,6,6
581,14510,18:00:30,0,0.00,0,25.7300,3.2800,2.0400,0.6050,0,ACTIVE,2,6,6
581,14511,18:01:00,0,0.00,0,34.3400,6.4200,2.2200,0.6600,0,ACTIVE,2,6,6
581,14512,18:01:30,0,0.00,0,34.3400,6.4200,2.2200,0.6600,0,ACTIVE,2,6,6
581,14513,18:02:00,0,0.00,0,38.5000,6.5600,2.6400,0.8200,0,ACTIVE,2,6,6
581,14514,18:02:30,0,0.00,0,38.7200,6.4200,2.7000,0.8370,0,ACTIVE,2,6,6
581,14515,18:03:00,0,0.00,0,38.7200,6.4200,2.7000,0.8370,0,ACTIVE,2,6,6
581,14516,18:03:30,0,34.00,0,37.0800,6.1400,2.5800,0.8020,1,ACTIVE,2,6,6
581,14517,18:04:00,0,0.00,0,30.8900,4.2500,2.3700,0.6890,0,ACTIVE,2,6,6
581,14518,18:04:30,0,0.00,0,29.6500,3.9000,2.3200,0.6740,0,ACTIVE,2,6,6
581,14519,18:05:00,0,15.00,0,8.6400,1.9500,0.4770,0.1450,1,ACTIVE,2,6,6
581,14520,18:05:30,0,0.00,0,0.2700,0.1220,0.0000,0.0000,1,ACTIVE,2,6,6
581,14521,18:06:00,0,11.00,0,0.3500,0.1580,0.0000,0.0000,1,ACTIVE,2,6,6
581,14522,18:06:30,0,236.00,0,1.2000,0.4010,0.0347,0.0117,1,ACTIVE,2,6,6
581,14523,18:07:00,0,163.00,0,2.1700,0.6740,0.0756,0.0115,1,ACTIVE,2,6,6
581,14524,18:07:30,0,244.00,0,2.2200,0.7040,0.0756,0.0046,1,ACTIVE,2,6,6
581,14525,18:08:00,0,221.00,0,5.2500,1.4700,0.2230,0.0347,1,ACTIVE,2,6,6
581,14526,18:08:30,0,328.00,0,1.3800,0.4870,0.0347,0.0000,1,ACTIVE,2,6,6
581,14527,18:09:00,0,236.00,0,0.4700,0.2140,0.0000,0.0000,1,ACTIVE,2,6,6
581,14528,18:09:30,0,200.00,0,0.3800,0.1720,0.0000,0.0000,1,ACTIVE,2,6,6
581,14529,18:10:00,0,261.00,0,0.5400,0.2440,0.0000,0.0000,1,ACTIVE,2,6,6
581,14530,18:10:30,0,350.00,0,0.3500,0.1580,0.0000,0.0000,1,ACTIVE,2,6,6
581,14531,18:11:00,0,278.00,0,1.1200,0.3680,0.0347,0.0000,1,ACTIVE,2,6,6
581,14532,18:11:30,0,169.00,0,1.3500,0.4670,0.0347,0.0117,1,ACTIVE,2,6,6
581,14533,18:12:00,0,193.00,0,1.2600,0.4280,0.0347,0.0117,1,ACTIVE,2,6,6
581,14534,18:12:30,0,244.00,0,0.8600,0.2440,0.0347,0.0117,1,ACTIVE,2,6,6
581,14535,18:13:00,0,128.00,0,0.5200,0.2330,0.0000,0.0000,1,ACTIVE,2,6,6
581,14536,18:13:30,0,110.00,0,0.5300,0.2380,0.0000,0.0000,1,ACTIVE,2,6,6
581,14537,18:14:00,0,200.00,0,6.7900,1.9100,0.2900,0.0347,1,ACTIVE,2,6,6
581,14538,18:14:30,0,288.00,0,1.0300,0.3300,0.0347,0.0000,1,ACTIVE,2,6,6
581,14539,18:15:00,0,151.00,0,0.8300,0.3760,0.0000,0.0000,1,ACTIVE,2,6,6
581,14540,18:15:30,0,200.00,0,1.2800,0.4370,0.0347,0.0117,1,ACTIVE,2,6,6
581,14541,18:16:00,0,119.00,0,1.2900,0.2840,0.0756,0.0046,1,ACTIVE,2,6,6
581,14542,18:16:30,0,338.00,0,1.6200,0.3300,0.1000,0.0115,1,ACTIVE,2,6,6
581,14543,18:17:00,0,261.00,0,0.5300,0.2380,0.0000,0.0000,1,ACTIVE,2,6,6
581,14544,18:17:30,0,128.00,0,1.2600,0.4280,0.0347,0.0117,1,ACTIVE,2,6,6
581,14545,18:18:00,0,27.00,0,16.4600,2.7000,1.1600,0.3160,1,ACTIVE,2,6,6
581,14546,18:18:30,0,0.00,0,3.9900,0.9960,0.2000,0.0279,1,ACTIVE,2,6,6
581,14547,18:19:00,0,0.00,0,4.3900,1.0900,0.2230,0.0279,0,ACTIVE,2,6,6
581,14548,18:19:30,0,2.00,0,5.4400,1.2900,0.2900,0.0412,0,ACTIVE,2,6,6
581,14549,18:20:00,0,16.00,0,10.8700,2.5800,0.5790,0.0825,0,ACTIVE,2,6,6
581,14550,18:20:30,0,6.00,0,0.4700,0.2140,0.0000,0.0000,0,ACTIVE,2,6,6
581,14551,18:21:00,0,0.00,0,0.5700,0.2600,0.0000,0.0000,0,ACTIVE,2,6,6
581,14552,18:21:30,0,103.00,0,0.5300,0.2380,0.0000,0.0000,1,ACTIVE,2,6,6
581,14553,18:22:00,0,0.00,0,0.2400,0.1070,0.0000,0.0000,0,ACTIVE,2,6,6
581,14554,18:22:30,0,0.00,0,0.2400,0.1070,0.0000,0.0000,0,ACTIVE,2,6,6
581,14555,18:23:00,0,0.00,0,0.2400,0.1070,0.0000,0.0000,0,ACTIVE,2,6,6
581,14556,18:23:30,0,0.00,0,0.2400,0.1070,0.0000,0.0000,0,ACTIVE,2,6,6
581,14557,18:24:00,0,0.00,0,0.2400,0.1070,0.0000,0.0000,0,ACTIVE,2,6,6
581,14558,18:24:30,0,0.00,0,0.2400,0.1070,0.0000,0.0000,0,ACTIVE,2,6,6
581,14559,18:25:00,0,0.00,0,0.2400,0.1070,0.0000,0.0000,0,ACTIVE,2,6,6
581,14560,18:25:30,0,0.00,0,0.2400,0.1070,0.0000,0.0000,0,ACTIVE,2,6,6
581,14561,18:26:00,0,0.00,0,0.2400,0.1070,0.0000,0.0000,0,ACTIVE,2,6,6
581,14562,18:26:30,0,0.00,0,0.2400,0.1070,0.0000,0.0000,0,ACTIVE,2,6,6
581,14563,18:27:00,0,0.00,0,0.2400,0.1070,0.0000,0.0000,0,ACTIVE,2,6,6
581,14564,18:27:30,0,0.00,0,0.2400,0.1070,0.0000,0.0000,0,ACTIVE,2,6,6
581,14565,18:28:00,0,0.00,0,0.2400,0.1070,0.0000,0.0000,0,ACTIVE,2,6,6
581,14566,18:28:30,0,0.00,0,0.2400,0.1070,0.0000,0.0000,0,ACTIVE,2,6,6
581,14567,18:29:00,0,0.00,0,0.2400,0.1070,0.0000,0.0000,0,ACTIVE,2,6,6
581,14568,18:29:30,0,0.00,0,0.2400,0.1070,0.0000,0.0000,0,ACTIVE,2,6,6
581,14569,18:30:00,0,0.00,0,0.2400,0.1070,0.0000,0.0000,0,ACTIVE,2,6,6
581,14570,18:30:30,0,0.00,0,0.2400,0.1070,0.0000,0.0000,0,ACTIVE,2,6,6
581,14571,18:31:00,0,0.00,0,0.2500,0.1120,0.0000,0.0000,0,ACTIVE,2,6,6
581,14572,18:31:30,0,0.00,0,0.2500,0.1120,0.0000,0.0000,0,ACTIVE,2,6,6
581,14573,18:32:00,0,4.00,0,0.2400,0.1070,0.0000,0.0000,0,ACTIVE,2,6,6
581,14574,18:32:30,0,0.00,0,0.2400,0.1070,0.0000,0.0000,0,ACTIVE,2,6,6
581,14575,18:33:00,0,0.00,0,0.2400,0.1070,0.0000,0.0000,0,ACTIVE,2,6,6
581,14576,18:33:30,0,0.00,0,0.2400,0.1070,0.0000,0.0000,0,ACTIVE,2,6,6
581,14577,18:34:00,0,0.00,0,0.2400,0.1070,0.0000,0.0000,0,ACTIVE,2,6,6
581,14578,18:34:30,0,0.00,0,0.2400,0.1070,0.0000,0.0000,0,ACTIVE,2,6,6
581,14579,18:35:00,0,0.00,0,0.2400,0.1070,0.0000,0.0000,0,ACTIVE,2,6,6
581,14580,18:35:30,0,0.00,0,0.2400,0.1070,0.0000,0.0000,0,ACTIVE,2,6,6
581,14581,18:36:00,0,15.00,0,0.3100,0.1420,0.0000,0.0000,0,ACTIVE,2,6,6
581,14582,18:36:30,0,1.00,0,0.4000,0.1800,0.0000,0.0000,0,ACTIVE,2,6,6
581,14583,18:37:00,0,0.00,0,1.4400,0.5090,0.0347,0.0117,0,ACTIVE,2,6,6
581,14584,18:37:30,0,0.00,0,1.4900,0.5310,0.0347,0.0117,0,ACTIVE,2,6,6
581,14585,18:38:00,0,0.00,0,1.6000,0.5790,0.0347,0.0117,0,ACTIVE,2,6,6
581,14586,18:38:30,0,0.00,0,1.6400,0.5430,0.0501,0.0046,0,ACTIVE,2,6,6
581,14587,18:39:00,0,16.00,0,1.5400,0.4980,0.0501,0.0046,0,ACTIVE,2,6,6
581,14588,18:39:30,0,0.00,0,1.2900,0.3840,0.0501,0.0046,0,ACTIVE,2,6,6
581,14589,18:40:00,0,1.00,0,1.4100,0.4370,0.0501,0.0046,0,ACTIVE,2,6,6
581,14590,18:40:30,0,0.00,0,1.7200,0.4870,0.0694,0.0292,0,ACTIVE,2,6,6
581,14591,18:41:00,0,0.00,0,1.7900,0.5200,0.0694,0.0292,0,ACTIVE,2,6,6
581,14592,18:41:30,0,0.00,0,1.4300,0.4470,0.0501,0.0046,0,ACTIVE,2,6,6
581,14593,18:42:00,0,0.00,0,1.3900,0.4870,0.0347,0.0117,0,ACTIVE,2,6,6
581,14594,18:42:30,0,0.00,0,1.3100,0.3920,0.0501,0.0046,0,ACTIVE,2,6,6
581,14595,18:43:00,0,0.00,0,1.3300,0.4010,0.0501,0.0046,1,ACTIVE,2,6,6
581,14596,18:43:30,0,0.00,0,1.3500,0.4100,0.0501,0.0046,1,ACTIVE,2,6,6
581,14597,18:44:00,0,193.00,0,1.0800,0.3520,0.0347,0.0000,1,ACTIVE,2,6,6
581,14598,18:44:30,0,708.00,0,8.5300,2.1700,0.4190,0.0571,1,ACTIVE,2,6,6
581,14599,18:45:00,0,181.00,0,2.1100,0.6740,0.0694,0.0117,1,ACTIVE,2,6,6
581,14600,18:45:30,0,228.00,0,2.1800,0.7040,0.0694,0.0117,1,ACTIVE,2,6,6
581,14601,18:46:00,0,142.00,0,2.2600,0.7200,0.0756,0.0046,1,ACTIVE,2,6,6
581,14602,18:46:30,0,175.00,0,2.2800,0.7510,0.0694,0.0117,1,ACTIVE,2,6,6
581,14603,18:47:00,0,175.00,0,1.5000,0.5430,0.0347,0.0000,1,ACTIVE,2,6,6
581,14604,18:47:30,0,244.00,0,1.5800,0.5790,0.0347,0.0000,1,ACTIVE,2,6,6
581,14605,18:48:00,0,424.00,0,9.2500,1.9500,0.5550,0.0724,1,ACTIVE,2,6,6
581,14606,18:48:30,0,151.00,0,2.0900,0.6460,0.0756,0.0046,1,ACTIVE,2,6,6
581,14607,18:49:00,0,137.00,0,1.6500,0.6050,0.0347,0.0117,1,ACTIVE,2,6,6
581,14608,18:49:30,0,103.00,0,1.5300,0.5550,0.0347,0.0000,1,ACTIVE,2,6,6
581,14609,18:50:00,0,269.00,0,0.5700,0.2600,0.0000,0.0000,1,ACTIVE,2,6,6
581,14610,18:50:30,0,193.00,0,0.5400,0.2440,0.0000,0.0000,1,ACTIVE,2,6,6
581,14611,18:51:00,0,236.00,0,0.6500,0.2960,0.0000,0.0000,1,ACTIVE,2,6,6
581,14612,18:51:30,0,278.00,0,0.8200,0.2720,0.0251,0.0000,1,ACTIVE,2,6,6
581,14613,18:52:00,0,228.00,0,0.7100,0.3230,0.0000,0.0000,1,ACTIVE,2,6,6
581,14614,18:52:30,0,86.00,0,2.3200,0.7680,0.0694,0.0117,1,ACTIVE,2,6,6
581,14615,18:53:00,0,338.00,0,1.6300,0.5920,0.0347,0.0117,1,ACTIVE,2,6,6
581,14616,18:53:30,0,123.00,0,0.8700,0.3920,0.0000,0.0000,1,ACTIVE,2,6,6
581,14617,18:54:00,0,221.00,0,1.1500,0.3840,0.0347,0.0000,1,ACTIVE,2,6,6
581,14618,18:54:30,0,128.00,0,1.2300,0.4190,0.0347,0.0000,1,ACTIVE,2,6,6
581,14619,18:55:00,0,385.00,0,1.1700,0.3920,0.0347,0.0000,1,ACTIVE,2,6,6
581,14620,18:55:30,0,137.00,0,1.3100,0.3920,0.0501,0.0046,1,ACTIVE,2,6,6
581,14621,18:56:00,0,244.00,0,1.2300,0.4190,0.0347,0.0000,1,ACTIVE,2,6,6
581,14622,18:56:30,0,269.00,0,4.6300,1.6700,0.1050,0.0117,1,ACTIVE,2,6,6
581,14623,18:57:00,0,328.00,0,1.1700,0.3840,0.0347,0.0117,1,ACTIVE,2,6,6
581,14624,18:57:30,0,228.00,0,1.5700,0.5670,0.0347,0.0117,1,ACTIVE,2,6,6
581,14625,18:58:00,0,252.00,0,1.7400,0.6460,0.0347,0.0117,1,ACTIVE,2,6,6
581,14626,18:58:30,0,252.00,0,9.2800,3.3500,0.2090,0.0412,1,ACTIVE,2,6,6
581,14627,18:59:00,0,261.00,0,0.6300,0.2840,0.0000,0.0000,1,ACTIVE,2,6,6
581,14628,18:59:30,0,163.00,0,0.7800,0.3520,0.0000,0.0000,1,ACTIVE,2,6,6
581,14629,19:00:00,0,288.00,0,2.1700,0.6740,0.0756,0.0115,1,ACTIVE,2,6,6
581,14630,19:00:30,0,163.00,0,0.6400,0.2900,0.0000,0.0000,1,ACTIVE,2,6,6
581,14631,19:01:00,0,163.00,0,1.2700,0.4370,0.0347,0.0000,1,ACTIVE,2,6,6
581,14632,19:01:30,0,244.00,0,1.2500,0.4280,0.0347,0.0000,1,ACTIVE,2,6,6
581,14633,19:02:00,0,181.00,0,1.3000,0.4470,0.0347,0.0117,1,ACTIVE,2,6,6
581,14634,19:02:30,0,133.00,0,1.3800,0.4870,0.0347,0.0000,1,ACTIVE,2,6,6
581,14635,19:03:00,0,123.00,0,1.4900,0.5310,0.0347,0.0117,1,ACTIVE,2,6,6
581,14636,19:03:30,0,163.00,0,1.7600,0.6600,0.0347,0.0000,1,ACTIVE,2,6,6
581,14637,19:04:00,0,261.00,0,1.2600,0.4280,0.0347,0.0117,1,ACTIVE,2,6,6
581,14638,19:04:30,0,261.00,0,0.6500,0.2960,0.0000,0.0000,1,ACTIVE,2,6,6
581,14639,19:05:00,0,59.00,0,1.6400,0.5430,0.0501,0.0046,1,ACTIVE,2,6,6
581,14640,19:05:30,0,103.00,0,3.5900,0.9130,0.1760,0.0230,1,ACTIVE,2,6,6
581,14641,19:06:00,0,73.00,0,6.0400,1.5700,0.2900,0.0279,1,ACTIVE,2,6,6
581,14642,19:06:30,0,114.00,0,1.4100,0.4370,0.0501,0.0046,1,ACTIVE,2,6,6
581,14643,19:07:00,0,193.00,0,0.6400,0.2900,0.0000,0.0000,1,ACTIVE,2,6,6
581,14644,19:07:30,0,467.00,0,6.4800,2.0800,0.2090,0.0412,1,ACTIVE,2,6,6
581,14645,19:08:00,0,175.00,0,0.5700,0.2600,0.0000,0.0000,1,ACTIVE,2,6,6
581,14646,19:08:30,0,424.00,0,0.4200,0.1920,0.0000,0.0000,1,ACTIVE,2,6,6
581,14647,19:09:00,0,157.00,0,0.6500,0.2960,0.0000,0.0000,1,ACTIVE,2,6,6
581,14648,19:09:30,0,100.00,0,0.3100,0.1420,0.0000,0.0000,1,ACTIVE,2,6,6
581,14649,19:10:00,0,278.00,0,0.2500,0.1120,0.0000,0.0000,1,ACTIVE,2,6,6
581,14650,19:10:30,0,244.00,0,2.8100,1.1300,0.0347,0.0000,1,ACTIVE,2,6,6
581,14651,19:11:00,0,214.00,0,0.8700,0.3920,0.0000,0.0000,1,ACTIVE,2,6,6
581,14652,19:11:30,0,269.00,0,1.6000,0.5790,0.0347,0.0117,1,ACTIVE,2,6,6
581,14653,19:12:00,0,187.00,0,0.6400,0.2900,0.0000,0.0000,1,ACTIVE,2,6,6
581,14654,19:12:30,0,82.00,0,0.4200,0.1920,0.0000,0.0000,1,ACTIVE,2,6,6
581,14655,19:13:00,0,110.00,0,0.5200,0.2330,0.0000,0.0000,1,ACTIVE,2,6,6
581,14656,19:13:30,0,338.00,0,7.1200,2.3200,0.2230,0.0347,1,ACTIVE,2,6,6
581,14657,19:14:00,0,244.00,0,4.4800,1.3200,0.1760,0.0230,1,ACTIVE,2,6,6
581,14658,19:14:30,0,181.00,0,0.5300,0.2380,0.0000,0.0000,1,ACTIVE,2,6,6
581,14659,19:15:00,0,244.00,0,0.7000,0.3160,0.0000,0.0000,1,ACTIVE,2,6,6
581,14660,19:15:30,0,9.00,0,1.1100,0.3600,0.0347,0.0117,1,ACTIVE,2,6,6
581,14661,19:16:00,0,297.00,0,2.0400,0.6320,0.0694,0.0292,1,ACTIVE,2,6,6
581,14662,19:16:30,0,25.00,0,2.0300,0.6180,0.0756,0.0046,1,ACTIVE,2,6,6
581,14663,19:17:00,0,187.00,0,8.8400,1.9900,0.4980,0.0724,1,ACTIVE,2,6,6
581,14664,19:17:30,0,514.00,0,1.2900,0.3840,0.0501,0.0046,1,ACTIVE,2,6,6
581,14665,19:18:00,0,137.00,0,0.6700,0.2050,0.0251,0.0000,1,ACTIVE,2,6,6
581,14666,19:18:30,0,214.00,0,0.6000,0.2720,0.0000,0.0000,1,ACTIVE,2,6,6
581,14667,19:19:00,0,15.00,0,0.4500,0.2050,0.0000,0.0000,1,ACTIVE,2,6,6
581,14668,19:19:30,0,187.00,0,5.2400,1.7900,0.1390,0.0694,1,ACTIVE,2,6,6
581,14669,19:20:00,0,114.00,0,1.3800,0.4870,0.0347,0.0000,1,ACTIVE,2,6,6
581,14670,19:20:30,0,221.00,0,0.5300,0.2380,0.0000,0.0000,1,ACTIVE,2,6,6
581,14671,19:21:00,0,200.00,0,0.5700,0.2600,0.0000,0.0000,1,ACTIVE,2,6,6
581,14672,19:21:30,0,200.00,0,0.5500,0.2440,0.0000,0.0117,1,ACTIVE,2,6,6
581,14673,19:22:00,0,142.00,0,4.3700,0.6740,0.3160,0.1050,1,ACTIVE,2,6,6
581,14674,19:22:30,0,236.00,0,1.2500,0.4280,0.0347,0.0000,1,ACTIVE,2,6,6
581,14675,19:23:00,0,261.00,0,2.8300,0.6740,0.1510,0.0162,1,ACTIVE,2,6,6
581,14676,19:23:30,0,128.00,0,1.1500,0.3760,0.0347,0.0117,1,ACTIVE,2,6,6
581,14677,19:24:00,0,157.00,0,20.0300,3.8100,1.2600,0.4870,1,ACTIVE,2,6,6
581,14678,19:24:30,0,54.00,0,1.3900,0.4870,0.0347,0.0117,1,ACTIVE,2,6,6
581,14679,19:25:00,0,75.00,0,1.2800,0.4370,0.0347,0.0117,1,ACTIVE,2,6,6
581,14680,19:25:30,0,236.00,0,0.7000,0.3090,0.0000,0.0117,1,ACTIVE,2,6,6
581,14681,19:26:00,0,32.00,0,1.1300,0.3680,0.0347,0.0117,1,ACTIVE,2,6,6
581,14682,19:26:30,0,66.00,0,1.2500,0.4280,0.0347,0.0000,1,ACTIVE,2,6,6
581,14683,19:27:00,0,114.00,0,2.0500,0.6460,0.0694,0.0117,1,ACTIVE,2,6,6
581,14684,19:27:30,0,297.00,0,3.0800,0.9750,0.1050,0.0117,1,ACTIVE,2,6,6
581,14685,19:28:00,0,193.00,0,13.5900,2.7000,0.8560,0.1240,1,ACTIVE,2,6,6
581,14686,19:28:30,0,261.00,0,4.2100,1.4400,0.1050,0.1050,1,ACTIVE,2,6,6
581,14687,19:29:00,0,228.00,0,1.5400,0.5550,0.0347,0.0117,1,ACTIVE,2,6,6
581,14688,19:29:30,0,214.00,0,5.3500,1.9900,0.1050,0.0292,1,ACTIVE,2,6,6
581,14689,19:30:00,0,193.00,0,9.1400,3.0100,0.2770,0.0583,1,ACTIVE,2,6,6
581,14690,19:30:30,0,244.00,0,7.4500,2.4700,0.2230,0.0279,1,ACTIVE,2,6,6
581,14691,19:31:00,0,133.00,0,0.7600,0.2440,0.0251,0.0000,1,ACTIVE,2,6,6
581,14692,19:31:30,0,23.00,0,0.6500,0.2960,0.0000,0.0000,1,ACTIVE,2,6,6
581,14693,19:32:00,0,107.00,0,2.1400,0.6890,0.0694,0.0117,1,ACTIVE,2,6,6
581,14694,19:32:30,0,9.00,0,0.3200,0.1450,0.0000,0.0000,1,ACTIVE,2,6,6
581,14695,19:33:00,0,70.00,0,0.4700,0.2140,0.0000,0.0000,1,ACTIVE,2,6,6
581,14696,19:33:30,0,137.00,0,2.3200,0.7680,0.0694,0.0117,1,ACTIVE,2,6,6
581,14697,19:34:00,0,163.00,0,1.4500,0.4570,0.0501,0.0046,1,ACTIVE,2,6,6
581,14698,19:34:30,0,269.00,0,3.6700,1.3800,0.0694,0.0117,1,ACTIVE,2,6,6
581,14699,19:35:00,0,157.00,0,5.3500,1.7100,0.1760,0.0230,1,ACTIVE,2,6,6
581,14700,19:35:30,0,269.00,0,0.6100,0.2720,0.0000,0.0117,1,ACTIVE,2,6,6
581,14701,19:36:00,0,193.00,0,0.7200,0.2280,0.0251,0.0000,1,ACTIVE,2,6,6
581,14702,19:36:30,0,34.00,0,1.5900,0.5200,0.0501,0.0046,1,ACTIVE,2,6,6
581,14703,19:37:00,0,119.00,0,5.1800,1.5400,0.2000,0.0230,1,ACTIVE,2,6,6
581,14704,19:37:30,0,151.00,0,1.5900,0.5200,0.0501,0.0046,1,ACTIVE,2,6,6
581,14705,19:38:00,0,338.00,0,1.1300,0.3680,0.0347,0.0117,1,ACTIVE,2,6,6
581,14706,19:38:30,0,200.00,0,3.4100,1.2600,0.0694,0.0117,1,ACTIVE,2,6,6
581,14707,19:39:00,0,385.00,0,1.2900,0.4280,0.0347,0.0412,1,ACTIVE,2,6,6
581,14708,19:39:30,0,175.00,0,1.4100,0.4370,0.0501,0.0046,1,ACTIVE,2,6,6
581,14709,19:40:00,0,114.00,0,1.2200,0.4100,0.0347,0.0117,1,ACTIVE,2,6,6
581,14710,19:40:30,0,297.00,0,0.4200,0.1920,0.0000,0.0000,1,ACTIVE,2,6,6
581,14711,19:41:00,0,137.00,0,0.7900,0.2600,0.0251,0.0000,1,ACTIVE,2,6,6
581,14712,19:41:30,0,103.00,0,0.5300,0.2380,0.0000,0.0000,1,ACTIVE,2,6,6
581,14713,19:42:00,0,133.00,0,0.4200,0.1920,0.0000,0.0000,1,ACTIVE,2,6,6
581,14714,19:42:30,0,228.00,0,0.7900,0.2600,0.0251,0.0000,1,ACTIVE,2,6,6
581,14715,19:43:00,0,221.00,0,1.1100,0.3600,0.0347,0.0117,1,ACTIVE,2,6,6
581,14716,19:43:30,0,151.00,0,1.3400,0.4670,0.0347,0.0000,1,ACTIVE,2,6,6
581,14717,19:44:00,0,63.00,0,1.3300,0.4570,0.0347,0.0117,1,ACTIVE,2,6,6
581,14718,19:44:30,0,147.00,0,0.6000,0.2720,0.0000,0.0000,1,ACTIVE,2,6,6
581,14719,19:45:00,0,187.00,0,1.7500,0.4870,0.0756,0.0115,1,ACTIVE,2,6,6
581,14720,19:45:30,0,19.00,0,4.1400,0.8750,0.2440,0.0694,1,ACTIVE,2,6,6
581,14721,19:46:00,0,11.00,0,7.8100,2.2700,0.3160,0.0279,1,ACTIVE,2,6,6
581,14722,19:46:30,0,79.00,0,7.8900,2.2200,0.3370,0.0279,1,ACTIVE,2,6,6
581,14723,19:47:00,0,0.00,0,12.2200,3.0100,0.6320,0.0412,0,ACTIVE,2,6,6
581,14724,19:47:30,0,45.00,0,21.2200,5.0600,1.1300,0.1020,1,ACTIVE,2,6,6
581,14725,19:48:00,0,8.00,0,6.9500,1.7900,0.3370,0.0412,0,ACTIVE,2,6,6
581,14726,19:48:30,0,0.00,0,6.2800,1.6700,0.2900,0.0412,0,ACTIVE,2,6,6
581,14727,19:49:00,0,0.00,0,7.0300,1.9100,0.3160,0.0460,0,ACTIVE,2,6,6
581,14728,19:49:30,0,25.00,0,7.4100,1.9900,0.3370,0.0460,1,ACTIVE,2,6,6
581,14729,19:50:00,0,0.00,0,7.2200,1.9100,0.3370,0.0460,0,ACTIVE,2,6,6
581,14730,19:50:30,0,13.00,0,7.6000,1.9900,0.3600,0.0460,1,ACTIVE,2,6,6
581,14731,19:51:00,0,15.00,0,8.6400,2.2200,0.4190,0.0571,1,ACTIVE,2,6,6
581,14732,19:51:30,0,5.00,0,6.3900,1.5400,0.3370,0.0412,1,ACTIVE,2,6,6
581,14733,19:52:00,0,193.00,0,6.0400,1.5700,0.2900,0.0347,1,ACTIVE,2,6,6
581,14734,19:52:30,0,14.00,0,6.5200,1.7900,0.2900,0.0279,1,ACTIVE,2,6,6
581,14735,19:53:00,0,18.00,0,7.4200,1.9100,0.3600,0.0460,1,ACTIVE,2,6,6
581,14736,19:53:30,0,23.00,0,7.6000,1.9900,0.3600,0.0460,1,ACTIVE,2,6,6
581,14737,19:54:00,0,0.00,0,7.2200,1.9100,0.3370,0.0460,1,ACTIVE,2,6,6
581,14738,19:54:30,0,5.00,0,7.2200,1.9100,0.3370,0.0460,1,ACTIVE,2,6,6
581,14739,19:55:00,0,114.00,0,3.6100,1.1300,0.1240,0.0162,1,ACTIVE,2,6,6
581,14740,19:55:30,0,38.00,0,1.4100,0.4370,0.0501,0.0046,1,ACTIVE,2,6,6
581,14741,19:56:00,0,151.00,0,2.4400,0.7040,0.1000,0.0046,1,ACTIVE,2,6,6
581,14742,19:56:30,0,236.00,0,3.6400,0.8370,0.2000,0.0279,1,ACTIVE,2,6,6
581,14743,19:57:00,0,38.00,0,5.6800,1.0600,0.3680,0.1050,1,ACTIVE,2,6,6
581,14744,19:57:30,0,4.00,0,5.9000,1.1600,0.3680,0.1050,1,ACTIVE,2,6,6
581,14745,19:58:00,0,175.00,0,3.1600,0.8200,0.1510,0.0230,1,ACTIVE,2,6,6
581,14746,19:58:30,0,47.00,0,2.1400,0.6890,0.0694,0.0117,1,ACTIVE,2,6,6
581,14747,19:59:00,0,86.00,0,1.6200,0.5310,0.0501,0.0046,1,ACTIVE,2,6,6
581,14748,19:59:30,0,147.00,0,4.7500,1.4400,0.1760,0.0230,1,ACTIVE,2,6,6
581,14749,20:00:00,0,96.00,0,8.7100,2.5800,0.3370,0.0460,1,ACTIVE,2,6,6
581,14750,20:00:30,0,75.00,0,8.9700,2.7000,0.3370,0.0460,1,ACTIVE,2,6,6
581,14751,20:01:00,0,110.00,0,4.2700,1.5000,0.1050,0.0292,1,ACTIVE,2,6,6
581,14752,20:01:30,0,16.00,0,0.9200,0.2720,0.0347,0.0117,1,ACTIVE,2,6,6
581,14753,20:02:00,0,13.00,0,0.8900,0.2600,0.0347,0.0117,1,ACTIVE,2,6,6
581,14754,20:02:30,0,21.00,0,1.0500,0.3300,0.0347,0.0117,1,ACTIVE,2,6,6
581,14755,20:03:00,0,0.00,0,0.8900,0.2600,0.0347,0.0117,0,ACTIVE,2,6,6
581,14756,20:03:30,0,16.00,0,0.8600,0.2440,0.0347,0.0117,1,ACTIVE,2,6,6
581,14757,20:04:00,0,14.00,0,1.2000,0.4010,0.0347,0.0117,1,ACTIVE,2,6,6
581,14758,20:04:30,0,128.00,0,1.3700,0.4770,0.0347,0.0117,1,ACTIVE,2,6,6
581,14759,20:05:00,0,89.00,0,0.4900,0.2230,0.0000,0.0000,1,ACTIVE,2,6,6
581,14760,20:05:30,0,93.00,0,0.7100,0.1800,0.0347,0.0117,1,ACTIVE,2,6,6
581,14761,20:06:00,0,0.00,0,0.3100,0.1420,0.0000,0.0000,1,ACTIVE,2,6,6
581,14762,20:06:30,0,42.00,0,1.0800,0.3450,0.0347,0.0117,1,ACTIVE,2,6,6
581,14763,20:07:00,0,19.00,0,4.8100,1.7500,0.1050,0.0292,1,ACTIVE,2,6,6
581,14764,20:07:30,0,14.00,0,4.7300,1.7100,0.1050,0.0292,1,ACTIVE,2,6,6
581,14765,20:08:00,0,33.00,0,1.1300,0.3680,0.0347,0.0117,1,ACTIVE,2,6,6
581,14766,20:08:30,0,128.00,0,4.5700,1.5000,0.1390,0.0292,1,ACTIVE,2,6,6
581,14767,20:09:00,0,123.00,0,1.5200,0.5430,0.0347,0.0117,1,ACTIVE,2,6,6
581,14768,20:09:30,0,175.00,0,0.8900,0.2600,0.0347,0.0117,1,ACTIVE,2,6,6
581,14769,20:10:00,0,221.00,0,1.1500,0.3840,0.0347,0.0000,1,ACTIVE,2,6,6
581,14770,20:10:30,0,151.00,0,1.0100,0.3160,0.0347,0.0117,1,ACTIVE,2,6,6
581,14771,20:11:00,0,317.00,0,1.0300,0.3230,0.0347,0.0117,1,ACTIVE,2,6,6
581,14772,20:11:30,0,0.00,0,0.7700,0.2050,0.0347,0.0117,1,ACTIVE,2,6,6
581,14773,20:12:00,0,0.00,0,0.7500,0.1960,0.0347,0.0117,1,ACTIVE,2,6,6
581,14774,20:12:30,0,59.00,0,0.8000,0.2190,0.0347,0.0117,1,ACTIVE,2,6,6
581,14775,20:13:00,0,0.00,0,0.8200,0.2280,0.0347,0.0117,1,ACTIVE,2,6,6
581,14776,20:13:30,0,1.00,0,0.8200,0.2280,0.0347,0.0117,1,ACTIVE,2,6,6
581,14777,20:14:00,0,63.00,0,1.2400,0.4190,0.0347,0.0117,1,ACTIVE,2,6,6
581,14778,20:14:30,0,193.00,0,1.3900,0.4870,0.0347,0.0117,1,ACTIVE,2,6,6
581,14779,20:15:00,0,9.00,0,0.6400,0.1450,0.0347,0.0117,1,ACTIVE,2,6,6
581,14780,20:15:30,0,114.00,0,0.6500,0.1510,0.0347,0.0117,1,ACTIVE,2,6,6
581,14781,20:16:00,0,137.00,0,0.7300,0.1880,0.0347,0.0117,1,ACTIVE,2,6,6
581,14782,20:16:30,0,261.00,0,0.6500,0.1510,0.0347,0.0117,1,ACTIVE,2,6,6
581,14783,20:17:00,0,75.00,0,0.5700,0.1140,0.0347,0.0117,1,ACTIVE,2,6,6
581,14784,20:17:30,0,42.00,0,0.3900,0.1720,0.0000,0.0117,1,ACTIVE,2,6,6
581,14785,20:18:00,0,151.00,0,0.7300,0.1880,0.0347,0.0117,1,ACTIVE,2,6,6
581,14786,20:18:30,0,175.00,0,0.7300,0.1880,0.0347,0.0117,1,ACTIVE,2,6,6
581,14787,20:19:00,0,187.00,0,0.6400,0.1450,0.0347,0.0117,1,ACTIVE,2,6,6
581,14788,20:19:30,0,36.00,0,0.3300,0.1420,0.0000,0.0117,1,ACTIVE,2,6,6
581,14789,20:20:00,0,61.00,0,0.6900,0.1690,0.0347,0.0117,1,ACTIVE,2,6,6
581,14790,20:20:30,0,114.00,0,2.0700,0.6320,0.0756,0.0115,1,ACTIVE,2,6,6
581,14791,20:21:00,0,123.00,0,1.2000,0.4010,0.0347,0.0117,1,ACTIVE,2,6,6
581,14792,20:21:30,0,79.00,0,0.6700,0.1580,0.0347,0.0117,1,ACTIVE,2,6,6
581,14793,20:22:00,0,45.00,0,0.6700,0.1580,0.0347,0.0117,1,ACTIVE,2,6,6
581,14794,20:22:30,0,21.00,0,0.7500,0.1960,0.0347,0.0117,1,ACTIVE,2,6,6
581,14795,20:23:00,0,38.00,0,0.8400,0.2380,0.0347,0.0117,1,ACTIVE,2,6,6
581,14796,20:23:30,0,0.00,0,0.8600,0.2440,0.0347,0.0117,1,ACTIVE,2,6,6
581,14797,20:24:00,0,207.00,0,1.3100,0.3920,0.0501,0.0046,1,ACTIVE,2,6,6
581,14798,20:24:30,0,21.00,0,1.2800,0.4370,0.0347,0.0117,1,ACTIVE,2,6,6
581,14799,20:25:00,0,142.00,0,1.0900,0.3520,0.0347,0.0117,1,ACTIVE,2,6,6
581,14800,20:25:30,0,47.00,0,0.5900,0.1220,0.0347,0.0117,1,ACTIVE,2,6,6
581,14801,20:26:00,0,0.00,0,0.4700,0.1140,0.0251,0.0000,1,ACTIVE,2,6,6
581,14802,20:26:30,0,5.00,0,0.4700,0.1140,0.0251,0.0000,0,ACTIVE,2,6,6
581,14803,20:27:00,0,6.00,0,0.5500,0.1070,0.0347,0.0117,0,ACTIVE,2,6,6
581,14804,20:27:30,0,0.00,0,0.5500,0.1070,0.0347,0.0117,0,ACTIVE,2,6,6
581,14805,20:28:00,0,0.00,0,0.4600,0.1070,0.0251,0.0000,0,ACTIVE,2,6,6
581,14806,20:28:30,0,0.00,0,0.5500,0.1070,0.0347,0.0117,0,ACTIVE,2,6,6
581,14807,20:29:00,0,4.00,0,0.4700,0.1140,0.0251,0.0000,1,ACTIVE,2,6,6
581,14808,20:29:30,0,142.00,0,0.6500,0.1510,0.0347,0.0117,1,ACTIVE,2,6,6
581,14809,20:30:00,0,70.00,0,0.5300,0.2330,0.0000,0.0117,1,ACTIVE,2,6,6
581,14810,20:30:30,0,175.00,0,1.2100,0.3450,0.0501,0.0046,1,ACTIVE,2,6,6
581,14811,20:31:00,0,297.00,0,0.8600,0.2440,0.0347,0.0117,1,ACTIVE,2,6,6
581,14812,20:31:30,0,214.00,0,1.1300,0.3680,0.0347,0.0117,1,ACTIVE,2,6,6
581,14813,20:32:00,0,221.00,0,0.8400,0.2380,0.0347,0.0117,1,ACTIVE,2,6,6
581,14814,20:32:30,0,142.00,0,1.4800,0.4670,0.0501,0.0046,1,ACTIVE,2,6,6
581,14815,20:33:00,0,157.00,0,2.1700,0.6740,0.0756,0.0115,1,ACTIVE,2,6,6
581,14816,20:33:30,0,6.00,0,6.4400,1.7500,0.2900,0.0347,1,ACTIVE,2,6,6
581,14817,20:34:00,0,19.00,0,24.9200,7.9700,0.8200,0.1190,1,ACTIVE,2,6,6
581,14818,20:34:30,0,68.00,0,18.5300,4.6400,0.9130,0.2660,1,ACTIVE,2,6,6
581,14819,20:35:00,0,66.00,0,1.0300,0.3230,0.0347,0.0117,1,ACTIVE,2,6,6
581,14820,20:35:30,0,1.00,0,1.0100,0.3160,0.0347,0.0117,1,ACTIVE,2,6,6
581,14821,20:36:00,0,56.00,0,2.4200,0.6890,0.1000,0.0162,1,ACTIVE,2,6,6
581,14822,20:36:30,0,96.00,0,0.7900,0.2600,0.0251,0.0000,1,ACTIVE,2,6,6
581,14823,20:37:00,0,181.00,0,4.1400,1.2600,0.1510,0.0162,1,ACTIVE,2,6,6
581,14824,20:37:30,0,0.00,0,6.7100,1.9900,0.2600,0.0279,1,ACTIVE,2,6,6
581,14825,20:38:00,0,103.00,0,4.3900,1.0900,0.2230,0.0279,1,ACTIVE,2,6,6
581,14826,20:38:30,0,86.00,0,0.7500,0.1960,0.0347,0.0117,1,ACTIVE,2,6,6
581,14827,20:39:00,0,261.00,0,1.1800,0.3920,0.0347,0.0117,1,ACTIVE,2,6,6
581,14828,20:39:30,0,207.00,0,1.1800,0.3920,0.0347,0.0117,1,ACTIVE,2,6,6
581,14829,20:40:00,0,193.00,0,0.8200,0.2720,0.0251,0.0000,1,ACTIVE,2,6,6
581,14830,20:40:30,0,438.00,0,0.3600,0.1650,0.0000,0.0000,1,ACTIVE,2,6,6
581,14831,20:41:00,0,28.00,0,0.6700,0.2050,0.0251,0.0000,1,ACTIVE,2,6,6
581,14832,20:41:30,0,59.00,0,0.7500,0.1960,0.0347,0.0117,1,ACTIVE,2,6,6
581,14833,20:42:00,0,0.00,0,0.7700,0.2050,0.0347,0.0117,1,ACTIVE,2,6,6
581,14834,20:42:30,0,19.00,0,0.6500,0.1960,0.0251,0.0000,1,ACTIVE,2,6,6
581,14835,20:43:00,0,0.00,0,0.5400,0.1450,0.0251,0.0000,1,ACTIVE,2,6,6
581,14836,20:43:30,0,128.00,0,1.0500,0.3300,0.0347,0.0117,1,ACTIVE,2,6,6
581,14837,20:44:00,0,75.00,0,0.6100,0.1760,0.0251,0.0000,1,ACTIVE,2,6,6
581,14838,20:44:30,0,157.00,0,1.1300,0.3760,0.0347,0.0000,1,ACTIVE,2,6,6
581,14839,20:45:00,0,306.00,0,0.8600,0.2440,0.0347,0.0117,1,ACTIVE,2,6,6
581,14840,20:45:30,0,169.00,0,1.9000,0.5550,0.0756,0.0115,1,ACTIVE,2,6,6
581,14841,20:46:00,0,28.00,0,0.3800,0.1720,0.0000,0.0000,1,ACTIVE,2,6,6
581,14842,20:46:30,0,79.00,0,0.4900,0.2140,0.0000,0.0117,1,ACTIVE,2,6,6
581,14843,20:47:00,0,16.00,0,0.7300,0.1880,0.0347,0.0117,1,ACTIVE,2,6,6
581,14844,20:47:30,0,4.00,0,3.4500,0.6600,0.2230,0.0279,0,ACTIVE,2,6,6
581,14845,20:48:00,0,0.00,0,3.0600,0.4870,0.2230,0.0279,0,ACTIVE,2,6,6
581,14846,20:48:30,0,0.00,0,1.6000,0.3230,0.1000,0.0115,0,ACTIVE,2,6,6
581,14847,20:49:00,0,0.00,0,0.9500,0.2280,0.0501,0.0046,1,ACTIVE,2,6,6
581,14848,20:49:30,0,96.00,0,0.6500,0.1960,0.0251,0.0000,1,ACTIVE,2,6,6
581,14849,20:50:00,0,107.00,0,0.4000,0.1800,0.0000,0.0000,1,ACTIVE,2,6,6
581,14850,20:50:30,0,175.00,0,0.3600,0.1650,0.0000,0.0000,1,ACTIVE,2,6,6
581,14851,20:51:00,0,68.00,0,0.6700,0.1580,0.0347,0.0117,1,ACTIVE,2,6,6
581,14852,20:51:30,0,0.00,0,0.6700,0.1580,0.0347,0.0117,1,ACTIVE,2,6,6
581,14853,20:52:00,0,21.00,0,0.6900,0.1690,0.0347,0.0117,1,ACTIVE,2,6,6
581,14854,20:52:30,0,13.00,0,0.6700,0.2050,0.0251,0.0000,1,ACTIVE,2,6,6
581,14855,20:53:00,0,5.00,0,0.7700,0.2050,0.0347,0.0117,1,ACTIVE,2,6,6
581,14856,20:53:30,0,47.00,0,0.4100,0.1800,0.0000,0.0117,1,ACTIVE,2,6,6
581,14857,20:54:00,0,297.00,0,1.1300,0.3680,0.0347,0.0117,1,ACTIVE,2,6,6
581,14858,20:54:30,0,306.00,0,1.0300,0.3230,0.0347,0.0117,1,ACTIVE,2,6,6
581,14859,20:55:00,0,49.00,0,2.0100,0.6050,0.0756,0.0115,1,ACTIVE,2,6,6
581,14860,20:55:30,0,157.00,0,0.3800,0.1720,0.0000,0.0000,1,ACTIVE,2,6,6
581,14861,20:56:00,0,411.00,0,0.3600,0.1650,0.0000,0.0000,1,ACTIVE,2,6,6
581,14862,20:56:30,0,93.00,0,0.3500,0.1580,0.0000,0.0000,1,ACTIVE,2,6,6
581,14863,20:57:00,0,96.00,0,0.3100,0.1420,0.0000,0.0000,1,ACTIVE,2,6,6
581,14864,20:57:30,0,278.00,0,0.2700,0.1220,0.0000,0.0000,1,ACTIVE,2,6,6
581,14865,20:58:00,0,278.00,0,0.3100,0.1420,0.0000,0.0000,1,ACTIVE,2,6,6
581,14866,20:58:30,0,244.00,0,0.7600,0.2440,0.0251,0.0000,1,ACTIVE,2,6,6
581,14867,20:59:00,0,157.00,0,1.0200,0.3230,0.0347,0.0000,1,ACTIVE,2,6,6
581,14868,20:59:30,0,228.00,0,1.7200,0.4870,0.0694,0.0292,1,ACTIVE,2,6,6
581,14869,21:00:00,0,193.00,0,1.6000,0.4190,0.0756,0.0115,1,ACTIVE,2,6,6
581,14870,21:00:30,0,73.00,0,1.0500,0.3300,0.0347,0.0117,1,ACTIVE,2,6,6
581,14871,21:01:00,0,297.00,0,1.0100,0.3160,0.0347,0.0117,1,ACTIVE,2,6,6
581,14872,21:01:30,0,297.00,0,1.3500,0.4100,0.0501,0.0046,1,ACTIVE,2,6,6
581,14873,21:02:00,0,114.00,0,0.3800,0.1720,0.0000,0.0000,1,ACTIVE,2,6,6
581,14874,21:02:30,0,0.00,0,0.3200,0.1450,0.0000,0.0000,1,ACTIVE,2,6,6
581,14875,21:03:00,0,0.00,0,0.3200,0.1450,0.0000,0.0000,1,ACTIVE,2,6,6
581,14876,21:03:30,0,103.00,0,0.3500,0.1580,0.0000,0.0000,1,ACTIVE,2,6,6
581,14877,21:04:00,0,0.00,0,0.3500,0.1580,0.0000,0.0000,0,ACTIVE,2,6,6
581,14878,21:04:30,0,0.00,0,0.3500,0.1580,0.0000,0.0000,0,ACTIVE,2,6,6
581,14879,21:05:00,0,0.00,0,0.3500,0.1580,0.0000,0.0000,1,ACTIVE,2,6,6
581,14880,21:05:30,0,0.00,0,0.3500,0.1580,0.0000,0.0000,1,ACTIVE,2,6,6
581,14881,21:06:00,0,228.00,0,0.4700,0.2140,0.0000,0.0000,1,ACTIVE,2,6,6
581,14882,21:06:30,0,52.00,0,1.1100,0.3600,0.0347,0.0117,1,ACTIVE,2,6,6
581,14883,21:07:00,0,0.00,0,0.9200,0.2720,0.0347,0.0117,1,ACTIVE,2,6,6
581,14884,21:07:30,0,82.00,0,1.3900,0.4870,0.0347,0.0117,1,ACTIVE,2,6,6
581,14885,21:08:00,0,137.00,0,1.4500,0.3520,0.0756,0.0115,1,ACTIVE,2,6,6
581,14886,21:08:30,0,328.00,0,0.5300,0.2380,0.0000,0.0000,1,ACTIVE,2,6,6
581,14887,21:09:00,0,0.00,0,0.3100,0.1420,0.0000,0.0000,1,ACTIVE,2,6,6
581,14888,21:09:30,0,0.00,0,0.3100,0.1420,0.0000,0.0000,1,ACTIVE,2,6,6
581,14889,21:10:00,0,0.00,0,0.3100,0.1420,0.0000,0.0000,1,ACTIVE,2,6,6
581,14890,21:10:30,0,21.00,0,0.2900,0.1300,0.0000,0.0000,1,ACTIVE,2,6,6
581,14891,21:11:00,0,181.00,0,0.7200,0.2280,0.0251,0.0000,1,ACTIVE,2,6,6
581,14892,21:11:30,0,157.00,0,0.3600,0.1650,0.0000,0.0000,1,ACTIVE,2,6,6
581,14893,21:12:00,0,86.00,0,0.3600,0.1650,0.0000,0.0000,1,ACTIVE,2,6,6
581,14894,21:12:30,0,40.00,0,0.3600,0.1650,0.0000,0.0000,1,ACTIVE,2,6,6
581,14895,21:13:00,0,82.00,0,0.3600,0.1650,0.0000,0.0000,1,ACTIVE,2,6,6
581,14896,21:13:30,0,32.00,0,3.7400,0.3450,0.3160,0.1920,1,ACTIVE,2,6,6
581,14897,21:14:00,0,68.00,0,6.8200,0.9750,0.5090,0.1920,1,ACTIVE,2,6,6
581,14898,21:14:30,0,8.00,0,5.1400,1.1600,0.2900,0.0347,1,ACTIVE,2,6,6
581,14899,21:15:00,0,0.00,0,5.1400,1.1600,0.2900,0.0412,0,ACTIVE,2,6,6
581,14900,21:15:30,0,0.00,0,5.4300,1.1800,0.3160,0.0412,0,ACTIVE,2,6,6
581,14901,21:16:00,0,0.00,0,5.5500,1.2400,0.3160,0.0412,0,ACTIVE,2,6,6
581,14902,21:16:30,0,0.00,0,5.1900,1.1800,0.2900,0.0347,0,ACTIVE,2,6,6
581,14903,21:17:00,0,0.00,0,5.1400,1.1600,0.2900,0.0347,0,ACTIVE,2,6,6
581,14904,21:17:30,0,0.00,0,5.1400,1.1600,0.2900,0.0412,0,ACTIVE,2,6,6
581,14905,21:18:00,0,0.00,0,5.4300,1.1800,0.3160,0.0412,0,ACTIVE,2,6,6
581,14906,21:18:30,0,0.00,0,5.4900,1.2100,0.3160,0.0412,0,ACTIVE,2,6,6
581,14907,21:19:00,0,0.00,0,4.6100,1.0400,0.2600,0.0347,0,ACTIVE,2,6,6
581,14908,21:19:30,0,0.00,0,4.6100,1.0400,0.2600,0.0347,0,ACTIVE,2,6,6
581,14909,21:20:00,0,0.00,0,4.6600,1.0600,0.2600,0.0347,0,ACTIVE,2,6,6
581,14910,21:20:30,0,2.00,0,4.6100,1.0400,0.2600,0.0279,0,ACTIVE,2,6,6
581,14911,21:21:00,0,19.00,0,4.2000,1.2900,0.1510,0.0230,1,ACTIVE,2,6,6
581,14912,21:21:30,0,79.00,0,15.1600,3.4200,0.8370,0.2380,1,ACTIVE,2,6,6
581,14913,21:22:00,0,28.00,0,6.1100,1.4100,0.3370,0.0412,1,ACTIVE,2,6,6
581,14914,21:22:30,0,0.00,0,8.4100,1.5700,0.5550,0.0773,0,ACTIVE,2,6,6
581,14915,21:23:00,0,32.00,0,6.9400,1.3800,0.4370,0.0571,1,ACTIVE,2,6,6
581,14916,21:23:30,0,2.00,0,40.9200,4.1600,3.5000,0.9960,0,ACTIVE,2,6,6
581,14917,21:24:00,0,27.00,0,22.8400,4.4400,1.4400,0.3920,1,ACTIVE,2,6,6
581,14918,21:24:30,0,0.00,0,4.6600,1.0600,0.2600,0.0347,0,ACTIVE,2,6,6
581,14919,21:25:00,0,0.00,0,4.6100,1.0400,0.2600,0.0347,0,ACTIVE,2,6,6
581,14920,21:25:30,0,12.00,0,23.1400,4.4400,1.4700,0.4100,0,ACTIVE,2,6,6
581,14921,21:26:00,0,33.00,0,28.4200,3.3500,2.3200,0.6600,1,ACTIVE,2,6,6
581,14922,21:26:30,0,34.00,0,17.0900,5.6300,0.5200,0.0773,1,ACTIVE,2,6,6
581,14923,21:27:00,0,0.00,0,4.3200,0.9540,0.2440,0.0694,0,ACTIVE,2,6,6
581,14924,21:27:30,0,0.00,0,3.6700,0.9540,0.1760,0.0230,0,ACTIVE,2,6,6
581,14925,21:28:00,0,19.00,0,4.3200,0.9540,0.2440,0.0694,1,ACTIVE,2,6,6
581,14926,21:28:30,0,19.00,0,3.5400,0.8940,0.1760,0.0230,1,ACTIVE,2,6,6
581,14927,21:29:00,0,42.00,0,2.7700,0.7510,0.1240,0.0162,1,ACTIVE,2,6,6
581,14928,21:29:30,0,0.00,0,1.5700,0.4100,0.0756,0.0046,0,ACTIVE,2,6,6
581,14929,21:30:00,0,0.00,0,1.2700,0.3760,0.0501,0.0046,0,ACTIVE,2,6,6
581,14930,21:30:30,0,0.00,0,1.2400,0.3600,0.0501,0.0046,0,ACTIVE,2,6,6
581,14931,21:31:00,0,13.00,0,1.2400,0.3600,0.0501,0.0046,0,ACTIVE,2,6,6
581,14932,21:31:30,0,38.00,0,1.4900,0.3840,0.0694,0.0292,1,ACTIVE,2,6,6
581,14933,21:32:00,0,0.00,0,1.6000,0.4190,0.0756,0.0115,0,ACTIVE,2,6,6
581,14934,21:32:30,0,0.00,0,1.6400,0.4370,0.0756,0.0115,0,ACTIVE,2,6,6
581,14935,21:33:00,0,56.00,0,8.7200,1.7100,0.5430,0.1650,1,ACTIVE,2,6,6
581,14936,21:33:30,0,13.00,0,6.9700,1.6000,0.3840,0.0535,1,ACTIVE,2,6,6
581,14937,21:34:00,0,0.00,0,11.5600,2.5800,0.6460,0.1800,0,ACTIVE,2,6,6
581,14938,21:34:30,0,21.00,0,5.9800,1.3500,0.3370,0.0460,1,ACTIVE,2,6,6
581,14939,21:35:00,0,0.00,0,0.2500,0.1120,0.0000,0.0000,0,ACTIVE,2,6,6
581,14940,21:35:30,0,0.00,0,0.2500,0.1120,0.0000,0.0000,0,ACTIVE,2,6,6
581,14941,21:36:00,0,0.00,0,0.2500,0.1120,0.0000,0.0000,0,ACTIVE,2,6,6
581,14942,21:36:30,0,0.00,0,4.6700,1.5000,0.1510,0.0230,0,ACTIVE,2,6,6
581,14943,21:37:00,0,0.00,0,12.2100,2.8800,0.6460,0.1800,0,ACTIVE,2,6,6
581,14944,21:37:30,0,0.00,0,12.2100,2.8800,0.6460,0.1800,0,ACTIVE,2,6,6
581,14945,21:38:00,0,0.00,0,12.2100,2.8800,0.6460,0.1800,0,ACTIVE,2,6,6
581,14946,21:38:30,0,0.00,0,10.8000,2.8800,0.4980,0.0724,0,ACTIVE,2,6,6
581,14947,21:39:00,0,0.00,0,10.8000,2.8800,0.4980,0.0724,0,ACTIVE,2,6,6
581,14948,21:39:30,0,0.00,0,10.8000,2.8800,0.4980,0.0724,0,ACTIVE,2,6,6
581,14949,21:40:00,0,0.00,0,11.0000,2.8800,0.5200,0.0773,0,ACTIVE,2,6,6
581,14950,21:40:30,0,40.00,0,12.6200,2.8200,0.7040,0.2090,1,ACTIVE,2,6,6
581,14951,21:41:00,0,1.00,0,10.6700,2.8200,0.4980,0.0724,0,ACTIVE,2,6,6
581,14952,21:41:30,0,0.00,0,12.6000,2.8200,0.7040,0.1920,0,ACTIVE,2,6,6
581,14953,21:42:00,0,0.00,0,12.6000,2.8200,0.7040,0.1920,0,ACTIVE,2,6,6
581,14954,21:42:30,0,0.00,0,10.6700,2.8200,0.4980,0.0724,0,ACTIVE,2,6,6
581,14955,21:43:00,0,0.00,0,11.0000,2.8800,0.5200,0.0724,0,ACTIVE,2,6,6
581,14956,21:43:30,0,42.00,0,5.7800,1.7100,0.2230,0.0347,1,ACTIVE,2,6,6
581,14957,21:44:00,0,137.00,0,1.1700,0.3300,0.0501,0.0046,1,REST-S,2,6,6
581,14958,21:44:30,0,0.00,0,0.2500,0.1120,0.0000,0.0000,0,REST-S,2,6,6
581,14959,21:45:00,0,0.00,0,0.2500,0.1120,0.0000,0.0000,0,REST-S,2,6,6
581,14960,21:45:30,0,0.00,0,0.2500,0.1120,0.0000,0.0000,0,REST-S,2,6,6
581,14961,21:46:00,0,0.00,0,0.2500,0.1120,0.0000,0.0000,0,REST-S,2,6,6
581,14962,21:46:30,0,0.00,0,0.2700,0.1220,0.0000,0.0000,0,REST-S,2,6,6
581,14963,21:47:00,0,0.00,0,0.2800,0.1220,0.0000,0.0117,0,REST-S,2,6,6
581,14964,21:47:30,0,0.00,0,0.2700,0.1220,0.0000,0.0000,0,REST-S,2,6,6
581,14965,21:48:00,0,0.00,0,0.2700,0.1220,0.0000,0.0000,0,REST-S,2,6,6
581,14966,21:48:30,0,0.00,0,0.4600,0.1070,0.0251,0.0000,0,REST-S,2,6,6
581,14967,21:49:00,0,0.00,0,0.4600,0.1070,0.0251,0.0000,0,REST-S,2,6,6
581,14968,21:49:30,0,0.00,0,0.2700,0.1220,0.0000,0.0000,0,REST-S,2,6,6
581,14969,21:50:00,0,0.00,0,0.4600,0.1070,0.0251,0.0000,0,REST-S,2,6,6
581,14970,21:50:30,0,0.00,0,0.4600,0.1070,0.0251,0.0000,0,REST-S,2,6,6
581,14971,21:51:00,0,0.00,0,0.5500,0.1070,0.0347,0.0117,0,REST-S,2,6,6
581,14972,21:51:30,0,0.00,0,0.5500,0.1070,0.0347,0.0117,0,REST-S,2,6,6
581,14973,21:52:00,0,0.00,0,0.5500,0.1070,0.0347,0.0117,0,REST-S,2,6,6
581,14974,21:52:30,0,0.00,0,0.5700,0.1140,0.0347,0.0117,0,REST-S,2,6,6
581,14975,21:53:00,0,0.00,0,0.5500,0.1070,0.0347,0.0117,0,REST-S,2,6,6
581,14976,21:53:30,0,0.00,0,0.5700,0.1140,0.0347,0.0117,0,REST-S,2,6,6
581,14977,21:54:00,0,0.00,0,0.5700,0.1140,0.0347,0.0117,0,REST-S,2,6,6
581,14978,21:54:30,0,0.00,0,0.5700,0.1140,0.0347,0.0117,0,REST-S,2,6,6
581,14979,21:55:00,0,0.00,0,0.5700,0.1140,0.0347,0.0117,0,REST-S,2,6,6
581,14980,21:55:30,0,0.00,0,0.5700,0.1140,0.0347,0.0117,0,REST-S,2,6,6
581,14981,21:56:00,0,0.00,0,0.5700,0.1140,0.0347,0.0117,0,REST-S,2,6,6
581,14982,21:56:30,0,1.00,0,0.5700,0.1140,0.0347,0.0117,0,REST-S,2,6,6
581,14983,21:57:00,0,0.00,0,0.5700,0.1140,0.0347,0.0117,0,REST-S,2,6,6
581,14984,21:57:30,0,0.00,0,0.5700,0.1140,0.0347,0.0117,0,REST-S,2,6,6
581,14985,21:58:00,0,0.00,0,0.5700,0.1140,0.0347,0.0117,0,REST-S,2,6,6
581,14986,21:58:30,0,0.00,0,0.5700,0.1140,0.0347,0.0117,0,REST-S,2,6,6
581,14987,21:59:00,0,0.00,0,0.5700,0.1140,0.0347,0.0117,0,REST-S,2,6,6
581,14988,21:59:30,0,0.00,0,0.5700,0.1140,0.0347,0.0117,0,REST-S,2,6,6
581,14989,22:00:00,0,0.00,0,0.5700,0.1140,0.0347,0.0117,0,REST-S,2,6,6
581,14990,22:00:30,0,0.00,0,0.5700,0.1140,0.0347,0.0117,0,REST-S,2,6,6
581,14991,22:01:00,0,0.00,0,0.5700,0.1140,0.0347,0.0117,0,REST-S,2,6,6
581,14992,22:01:30,0,0.00,0,0.5700,0.1140,0.0347,0.0117,0,REST-S,2,6,6
581,14993,22:02:00,0,0.00,0,0.5700,0.1140,0.0347,0.0117,0,REST-S,2,6,6
581,14994,22:02:30,0,0.00,0,0.5900,0.1220,0.0347,0.0117,0,REST-S,2,6,6
581,14995,22:03:00,0,0.00,0,0.6000,0.1300,0.0347,0.0117,0,REST-S,2,6,6
581,14996,22:03:30,0,0.00,0,0.6000,0.1300,0.0347,0.0117,0,REST-S,2,6,6
581,14997,22:04:00,0,0.00,0,0.6000,0.1300,0.0347,0.0117,0,REST-S,2,6,6
581,14998,22:04:30,0,0.00,0,0.6000,0.1300,0.0347,0.0117,0,REST-S,2,6,6
581,14999,22:05:00,0,0.00,0,0.6000,0.1300,0.0347,0.0117,0,REST-S,2,6,6
581,15000,22:05:30,0,0.00,0,0.6000,0.1300,0.0347,0.0117,0,REST-S,2,6,6
581,15001,22:06:00,0,0.00,0,0.6000,0.1300,0.0347,0.0117,0,REST-S,2,6,6
581,15002,22:06:30,0,0.00,0,0.6000,0.1300,0.0347,0.0117,0,REST-S,2,6,6
581,15003,22:07:00,0,0.00,0,0.6000,0.1300,0.0347,0.0117,0,REST-S,2,6,6
581,15004,22:07:30,0,0.00,0,0.6000,0.1300,0.0347,0.0117,0,REST-S,2,6,6
581,15005,22:08:00,0,0.00,0,0.6000,0.1300,0.0347,0.0117,0,REST-S,2,6,6
581,15006,22:08:30,0,0.00,0,0.6000,0.1300,0.0347,0.0117,0,REST-S,2,6,6
581,15007,22:09:00,0,0.00,0,0.6000,0.1300,0.0347,0.0117,0,REST-S,2,6,6
581,15008,22:09:30,0,0.00,0,0.6000,0.1300,0.0347,0.0117,0,REST-S,2,6,6
581,15009,22:10:00,0,0.00,0,0.6000,0.1300,0.0347,0.0117,0,REST-S,2,6,6
581,15010,22:10:30,0,0.00,0,0.6000,0.1300,0.0347,0.0117,0,REST-S,2,6,6
581,15011,22:11:00,0,0.00,0,0.6200,0.1360,0.0347,0.0117,0,REST-S,2,6,6
581,15012,22:11:30,0,0.00,0,0.6200,0.1360,0.0347,0.0117,0,REST-S,2,6,6
581,15013,22:12:00,0,0.00,0,0.6000,0.1300,0.0347,0.0117,0,REST-S,2,6,6
581,15014,22:12:30,0,0.00,0,0.6000,0.1300,0.0347,0.0117,0,REST-S,2,6,6
581,15015,22:13:00,0,0.00,0,0.6000,0.1300,0.0347,0.0117,0,REST-S,2,6,6
581,15016,22:13:30,0,0.00,0,0.6000,0.1300,0.0347,0.0117,0,REST-S,2,6,6
581,15017,22:14:00,0,0.00,0,0.6000,0.1300,0.0347,0.0117,0,REST-S,2,6,6
581,15018,22:14:30,0,0.00,0,0.6000,0.1300,0.0347,0.0117,0,REST-S,2,6,6
581,15019,22:15:00,0,0.00,0,0.6000,0.1300,0.0347,0.0117,0,REST-S,2,6,6
581,15020,22:15:30,0,0.00,0,0.6000,0.1300,0.0347,0.0117,0,REST-S,2,6,6
581,15021,22:16:00,0,0.00,0,0.6000,0.1300,0.0347,0.0117,0,REST-S,2,6,6
581,15022,22:16:30,0,0.00,0,0.6000,0.1300,0.0347,0.0117,0,REST-S,2,6,6
581,15023,22:17:00,0,15.00,0,0.6200,0.1360,0.0347,0.0117,0,REST-S,2,6,6
581,15024,22:17:30,0,0.00,0,0.6200,0.1360,0.0347,0.0117,0,REST-S,2,6,6
581,15025,22:18:00,0,0.00,0,0.6200,0.1360,0.0347,0.0117,0,REST-S,2,6,6
581,15026,22:18:30,0,0.00,0,0.6000,0.1300,0.0347,0.0117,0,REST-S,2,6,6
581,15027,22:19:00,0,0.00,0,0.6200,0.1360,0.0347,0.0117,0,REST-S,2,6,6
581,15028,22:19:30,0,0.00,0,0.6200,0.1360,0.0347,0.0117,0,REST-S,2,6,6
581,15029,22:20:00,0,0.00,0,0.6200,0.1360,0.0347,0.0117,0,REST-S,2,6,6
581,15030,22:20:30,0,0.00,0,0.6000,0.1300,0.0347,0.0117,0,REST-S,2,6,6
581,15031,22:21:00,0,0.00,0,0.6200,0.1360,0.0347,0.0117,0,REST-S,2,6,6
581,15032,22:21:30,0,0.00,0,0.6000,0.1300,0.0347,0.0117,0,REST-S,2,6,6
581,15033,22:22:00,0,0.00,0,0.6200,0.1360,0.0347,0.0117,0,REST-S,2,6,6
581,15034,22:22:30,0,0.00,0,0.6200,0.1360,0.0347,0.0117,0,REST-S,2,6,6
581,15035,22:23:00,0,0.00,0,0.6200,0.1360,0.0347,0.0117,0,REST-S,2,6,6
581,15036,22:23:30,0,0.00,0,0.6200,0.1360,0.0347,0.0117,0,REST-S,2,6,6
581,15037,22:24:00,0,0.00,0,0.6200,0.1360,0.0347,0.0117,0,REST-S,2,6,6
581,15038,22:24:30,0,0.00,0,0.6200,0.1360,0.0347,0.0117,0,REST-S,2,6,6
581,15039,22:25:00,0,0.00,0,0.6200,0.1360,0.0347,0.0117,0,REST-S,2,6,6
581,15040,22:25:30,0,0.00,0,0.6000,0.1300,0.0347,0.0117,0,REST-S,2,6,6
581,15041,22:26:00,0,0.00,0,0.6200,0.1360,0.0347,0.0117,1,REST,2,6,6
581,15042,22:26:30,0,0.00,0,0.6200,0.1360,0.0347,0.0117,1,REST,2,6,6
581,15043,22:27:00,0,252.00,0,1.4000,0.3370,0.0694,0.0412,1,ACTIVE,2,6,6
581,15044,22:27:30,0,61.00,0,1.5200,0.4870,0.0501,0.0046,1,ACTIVE,2,6,6
581,15045,22:28:00,0,21.00,0,0.9200,0.2720,0.0347,0.0117,1,ACTIVE,2,6,6
581,15046,22:28:30,0,0.00,0,0.6600,0.2720,0.0024,0.0354,0,ACTIVE,2,6,6
581,15047,22:29:00,0,34.00,0,0.8000,0.2190,0.0347,0.0117,1,ACTIVE,2,6,6
581,15048,22:29:30,0,0.00,0,0.7300,0.1880,0.0347,0.0117,0,ACTIVE,2,6,6
581,15049,22:30:00,0,0.00,0,0.7500,0.1960,0.0347,0.0117,0,ACTIVE,2,6,6
581,15050,22:30:30,0,8.00,0,0.7500,0.1960,0.0347,0.0117,0,ACTIVE,2,6,6
581,15051,22:31:00,0,0.00,0,0.7800,0.2090,0.0347,0.0117,0,ACTIVE,2,6,6
581,15052,22:31:30,0,1.00,0,0.7700,0.2050,0.0347,0.0117,0,ACTIVE,2,6,6
581,15053,22:32:00,0,0.00,0,0.7700,0.2050,0.0347,0.0117,0,ACTIVE,2,6,6
581,15054,22:32:30,0,0.00,0,0.7800,0.2090,0.0347,0.0117,0,ACTIVE,2,6,6
581,15055,22:33:00,0,0.00,0,0.8000,0.2190,0.0347,0.0117,0,ACTIVE,2,6,6
581,15056,22:33:30,0,0.00,0,0.8000,0.2190,0.0347,0.0117,0,ACTIVE,2,6,6
581,15057,22:34:00,0,0.00,0,0.8000,0.2190,0.0347,0.0117,0,ACTIVE,2,6,6
581,15058,22:34:30,0,0.00,0,0.8000,0.2190,0.0347,0.0117,0,ACTIVE,2,6,6
581,15059,22:35:00,0,0.00,0,0.8600,0.2440,0.0347,0.0117,0,ACTIVE,2,6,6
581,15060,22:35:30,0,0.00,0,0.8900,0.2600,0.0347,0.0117,0,ACTIVE,2,6,6
581,15061,22:36:00,0,0.00,0,0.8900,0.2600,0.0347,0.0117,0,ACTIVE,2,6,6
581,15062,22:36:30,0,0.00,0,0.8900,0.2600,0.0347,0.0117,0,ACTIVE,2,6,6
581,15063,22:37:00,0,0.00,0,0.8900,0.2600,0.0347,0.0117,0,ACTIVE,2,6,6
581,15064,22:37:30,0,0.00,0,0.8600,0.2440,0.0347,0.0117,0,ACTIVE,2,6,6
581,15065,22:38:00,0,0.00,0,0.8600,0.2440,0.0347,0.0117,0,ACTIVE,2,6,6
581,15066,22:38:30,0,0.00,0,0.8900,0.2600,0.0347,0.0117,0,ACTIVE,2,6,6
581,15067,22:39:00,0,0.00,0,0.8600,0.2440,0.0347,0.0117,0,ACTIVE,2,6,6
581,15068,22:39:30,0,0.00,0,0.7600,0.2440,0.0251,0.0000,0,ACTIVE,2,6,6
581,15069,22:40:00,0,0.00,0,0.8400,0.2380,0.0347,0.0117,0,ACTIVE,2,6,6
581,15070,22:40:30,0,0.00,0,0.8600,0.2440,0.0347,0.0117,0,ACTIVE,2,6,6
581,15071,22:41:00,0,0.00,0,0.8400,0.2380,0.0347,0.0117,0,ACTIVE,2,6,6
581,15072,22:41:30,0,26.00,0,0.7100,0.1800,0.0347,0.0117,1,ACTIVE,2,6,6
581,15073,22:42:00,0,0.00,0,0.7100,0.1800,0.0347,0.0117,0,ACTIVE,2,6,6
581,15074,22:42:30,0,0.00,0,0.7100,0.1800,0.0347,0.0117,0,ACTIVE,2,6,6
581,15075,22:43:00,0,0.00,0,0.7100,0.1800,0.0347,0.0117,0,ACTIVE,2,6,6
581,15076,22:43:30,0,0.00,0,0.6200,0.1800,0.0251,0.0000,0,ACTIVE,2,6,6
581,15077,22:44:00,0,1.00,0,0.6300,0.1880,0.0251,0.0000,0,ACTIVE,2,6,6
581,15078,22:44:30,0,0.00,0,0.7100,0.1800,0.0347,0.0117,0,ACTIVE,2,6,6
581,15079,22:45:00,0,0.00,0,0.7100,0.1800,0.0347,0.0117,0,ACTIVE,2,6,6
581,15080,22:45:30,0,0.00,0,0.6200,0.1800,0.0251,0.0000,0,ACTIVE,2,6,6
581,15081,22:46:00,0,0.00,0,0.7100,0.1800,0.0347,0.0117,0,ACTIVE,2,6,6
581,15082,22:46:30,0,25.00,0,0.8200,0.2280,0.0347,0.0117,1,ACTIVE,2,6,6
581,15083,22:47:00,0,0.00,0,0.8200,0.2280,0.0347,0.0117,0,ACTIVE,2,6,6
581,15084,22:47:30,0,7.00,0,0.8200,0.2280,0.0347,0.0117,0,ACTIVE,2,6,6
581,15085,22:48:00,0,0.00,0,0.8200,0.2280,0.0347,0.0117,0,ACTIVE,2,6,6
581,15086,22:48:30,0,0.00,0,0.8400,0.2380,0.0347,0.0117,0,ACTIVE,2,6,6
581,15087,22:49:00,0,16.00,0,0.6700,0.2050,0.0251,0.0000,0,ACTIVE,2,6,6
581,15088,22:49:30,0,0.00,0,0.7100,0.1800,0.0347,0.0117,0,ACTIVE,2,6,6
581,15089,22:50:00,0,0.00,0,0.7100,0.1800,0.0347,0.0117,0,ACTIVE,2,6,6
581,15090,22:50:30,0,0.00,0,0.6200,0.1800,0.0251,0.0000,0,ACTIVE,2,6,6
581,15091,22:51:00,0,2.00,0,0.7100,0.1760,0.0347,0.0117,0,ACTIVE,2,6,6
581,15092,22:51:30,0,0.00,0,0.5200,0.2330,0.0000,0.0000,0,ACTIVE,2,6,6
581,15093,22:52:00,0,0.00,0,0.6700,0.2050,0.0251,0.0000,0,ACTIVE,2,6,6
581,15094,22:52:30,0,0.00,0,0.6800,0.2090,0.0251,0.0000,0,ACTIVE,2,6,6
581,15095,22:53:00,0,15.00,0,0.3800,0.1720,0.0000,0.0000,0,ACTIVE,2,6,6
581,15096,22:53:30,0,0.00,0,0.3600,0.1650,0.0000,0.0000,0,ACTIVE,2,6,6
581,15097,22:54:00,0,0.00,0,0.3600,0.1650,0.0000,0.0000,0,ACTIVE,2,6,6
581,15098,22:54:30,0,0.00,0,0.5400,0.1450,0.0251,0.0000,0,ACTIVE,2,6,6
581,15099,22:55:00,0,0.00,0,0.3600,0.1650,0.0000,0.0000,0,ACTIVE,2,6,6
581,15100,22:55:30,0,0.00,0,0.3800,0.1650,0.0000,0.0117,0,ACTIVE,2,6,6
581,15101,22:56:00,0,0.00,0,0.3600,0.1650,0.0000,0.0000,0,ACTIVE,2,6,6
581,15102,22:56:30,0,0.00,0,0.3600,0.1650,0.0000,0.0000,0,ACTIVE,2,6,6
581,15103,22:57:00,0,0.00,0,0.3800,0.1650,0.0000,0.0117,0,ACTIVE,2,6,6
581,15104,22:57:30,0,0.00,0,0.3600,0.1650,0.0000,0.0000,0,ACTIVE,2,6,6
581,15105,22:58:00,0,23.00,0,0.8600,0.2440,0.0347,0.0117,1,ACTIVE,2,6,6
581,15106,22:58:30,0,35.00,0,0.5300,0.2380,0.0000,0.0000,1,ACTIVE,2,6,6
581,15107,22:59:00,0,0.00,0,0.7200,0.2280,0.0251,0.0000,0,ACTIVE,2,6,6
581,15108,22:59:30,0,0.00,0,0.7200,0.2280,0.0251,0.0000,0,ACTIVE,2,6,6
581,15109,23:00:00,0,0.00,0,0.8200,0.2280,0.0347,0.0117,0,ACTIVE,2,6,6
581,15110,23:00:30,0,0.00,0,0.8400,0.2380,0.0347,0.0117,0,ACTIVE,2,6,6
581,15111,23:01:00,0,19.00,0,0.5200,0.2330,0.0000,0.0000,1,ACTIVE,2,6,6
581,15112,23:01:30,0,47.00,0,3.9600,1.2900,0.1240,0.0115,1,ACTIVE,2,6,6
581,15113,23:02:00,0,29.00,0,3.9100,1.3500,0.1050,0.0117,1,ACTIVE,2,6,6
581,15114,23:02:30,0,200.00,0,0.3800,0.1650,0.0000,0.0117,1,ACTIVE,2,6,6
581,15115,23:03:00,0,56.00,0,0.7900,0.2600,0.0251,0.0000,1,ACTIVE,2,6,6
581,15116,23:03:30,0,147.00,0,0.3000,0.1300,0.0000,0.0117,1,ACTIVE,2,6,6
581,15117,23:04:00,0,288.00,0,0.2700,0.1220,0.0000,0.0000,1,ACTIVE,2,6,6
581,15118,23:04:30,0,566.00,0,0.2600,0.1120,0.0000,0.0117,1,ACTIVE,2,6,6
581,15119,23:05:00,0,338.00,0,1.4500,0.3520,0.0756,0.0115,1,ACTIVE,2,6,6
581,15120,23:05:30,0,624.00,0,1.9700,0.4870,0.1000,0.0162,1,ACTIVE,2,6,6
581,15121,23:06:00,0,5.00,0,0.2700,0.1220,0.0000,0.0000,1,ACTIVE,2,6,6
581,15122,23:06:30,0,0.00,0,0.2700,0.1220,0.0000,0.0000,1,ACTIVE,2,6,6
581,15123,23:07:00,0,13.00,0,0.2700,0.1220,0.0000,0.0000,1,ACTIVE,2,6,6
581,15124,23:07:30,0,0.00,0,0.2700,0.1220,0.0000,0.0000,0,ACTIVE,2,6,6
581,15125,23:08:00,0,0.00,0,0.2900,0.1300,0.0000,0.0000,0,ACTIVE,2,6,6
581,15126,23:08:30,0,0.00,0,0.2900,0.1300,0.0000,0.0000,0,ACTIVE,2,6,6
581,15127,23:09:00,0,0.00,0,0.2900,0.1300,0.0000,0.0000,0,ACTIVE,2,6,6
581,15128,23:09:30,0,0.00,0,0.2900,0.1300,0.0000,0.0000,1,ACTIVE,2,6,6
581,15129,23:10:00,0,45.00,0,0.2900,0.1300,0.0000,0.0000,1,ACTIVE,2,6,6
581,15130,23:10:30,0,244.00,1,0.7000,0.1140,0.0501,0.0046,1,REST,2,6,6
581,15131,23:11:00,0,0.00,0,0.3000,0.1300,0.0000,0.0117,1,REST-S,2,6,6
581,15132,23:11:30,0,0.00,0,0.2900,0.1300,0.0000,0.0000,1,REST-S,2,6,6
581,15133,23:12:00,0,0.00,0,0.2900,0.1300,0.0000,0.0000,0,REST-S,2,6,6
581,15134,23:12:30,0,0.00,0,0.3000,0.1300,0.0000,0.0117,0,REST-S,2,6,6
581,15135,23:13:00,0,5.00,0,0.2900,0.1300,0.0000,0.0000,0,REST-S,2,6,6
581,15136,23:13:30,0,0.00,0,0.2900,0.1300,0.0000,0.0000,0,REST-S,2,6,6
581,15137,23:14:00,0,0.00,0,0.2900,0.1300,0.0000,0.0000,0,REST-S,2,6,6
581,15138,23:14:30,0,0.00,0,0.3000,0.1300,0.0000,0.0117,0,REST-S,2,6,6
581,15139,23:15:00,0,0.00,0,0.3000,0.1300,0.0000,0.0117,0,REST-S,2,6,6
581,15140,23:15:30,0,0.00,0,0.2900,0.1300,0.0000,0.0000,0,REST-S,2,6,6
581,15141,23:16:00,0,0.00,0,0.4700,0.1140,0.0251,0.0000,0,REST-S,2,6,6
581,15142,23:16:30,0,0.00,0,0.3000,0.1300,0.0000,0.0117,0,REST-S,2,6,6
581,15143,23:17:00,0,0.00,0,0.3100,0.1420,0.0000,0.0000,0,REST-S,2,6,6
581,15144,23:17:30,0,0.00,0,0.3100,0.1420,0.0000,0.0000,0,REST-S,2,6,6
581,15145,23:18:00,0,0.00,0,0.3300,0.1420,0.0000,0.0117,0,REST-S,2,6,6
581,15146,23:18:30,0,0.00,0,0.3100,0.1420,0.0000,0.0000,0,REST-S,2,6,6
581,15147,23:19:00,0,0.00,0,0.4900,0.1220,0.0251,0.0000,0,REST-S,2,6,6
581,15148,23:19:30,0,0.00,0,0.2700,0.1220,0.0000,0.0000,0,REST-S,2,6,6
581,15149,23:20:00,0,0.00,0,0.2800,0.1220,0.0000,0.0117,0,REST-S,2,6,6
581,15150,23:20:30,0,0.00,0,0.2600,0.1120,0.0000,0.0117,0,REST-S,2,6,6
581,15151,23:21:00,0,0.00,0,0.2600,0.1120,0.0000,0.0117,0,REST-S,2,6,6
581,15152,23:21:30,0,0.00,0,0.2800,0.1220,0.0000,0.0117,0,REST-S,2,6,6
581,15153,23:22:00,0,0.00,0,0.2800,0.1220,0.0000,0.0117,0,REST-S,2,6,6
581,15154,23:22:30,0,0.00,0,0.2800,0.1220,0.0000,0.0117,0,REST-S,2,6,6
581,15155,23:23:00,0,0.00,0,0.2800,0.1220,0.0000,0.0117,0,REST-S,2,6,6
581,15156,23:23:30,0,0.00,0,0.2800,0.1220,0.0000,0.0117,0,REST-S,2,6,6
581,15157,23:24:00,0,0.00,0,0.5500,0.1070,0.0347,0.0117,0,REST-S,2,6,6
581,15158,23:24:30,0,0.00,0,0.2800,0.1220,0.0000,0.0117,0,REST-S,2,6,6
581,15159,23:25:00,0,0.00,0,0.2800,0.1220,0.0000,0.0117,0,REST-S,2,6,6
581,15160,23:25:30,0,1.00,0,0.5500,0.1070,0.0347,0.0117,0,REST-S,2,6,6
581,15161,23:26:00,0,0.00,0,0.2800,0.1220,0.0000,0.0117,0,REST-S,2,6,6
581,15162,23:26:30,0,0.00,0,0.5500,0.1070,0.0347,0.0117,0,REST-S,2,6,6
581,15163,23:27:00,0,0.00,0,0.2800,0.1220,0.0000,0.0117,0,REST-S,2,6,6
581,15164,23:27:30,0,0.00,0,0.3000,0.1300,0.0000,0.0117,0,REST-S,2,6,6
581,15165,23:28:00,0,0.00,0,0.5500,0.1070,0.0347,0.0117,0,REST-S,2,6,6
581,15166,23:28:30,0,0.00,0,0.5500,0.1070,0.0347,0.0117,0,REST-S,2,6,6
581,15167,23:29:00,0,0.00,0,0.5700,0.1140,0.0347,0.0117,0,REST-S,2,6,6
581,15168,23:29:30,0,0.00,0,0.5700,0.1140,0.0347,0.0117,0,REST-S,2,6,6
581,15169,23:30:00,0,0.00,0,0.5700,0.1140,0.0347,0.0117,0,REST-S,2,6,6
581,15170,23:30:30,0,0.00,0,0.5700,0.1140,0.0347,0.0117,0,REST-S,2,6,6
581,15171,23:31:00,0,0.00,0,0.5700,0.1140,0.0347,0.0117,0,REST-S,2,6,6
581,15172,23:31:30,0,0.00,0,0.5700,0.1140,0.0347,0.0117,0,REST-S,2,6,6
581,15173,23:32:00,0,0.00,0,0.5700,0.1140,0.0347,0.0117,0,REST-S,2,6,6
581,15174,23:32:30,0,0.00,0,0.5700,0.1140,0.0347,0.0117,0,REST-S,2,6,6
581,15175,23:33:00,0,0.00,0,0.5700,0.1140,0.0347,0.0117,0,REST-S,2,6,6
581,15176,23:33:30,0,0.00,0,0.5700,0.1140,0.0347,0.0117,0,REST-S,2,6,6
581,15177,23:34:00,0,0.00,0,0.5700,0.1140,0.0347,0.0117,0,REST-S,2,6,6
581,15178,23:34:30,0,0.00,0,0.5700,0.1140,0.0347,0.0117,0,REST-S,2,6,6
581,15179,23:35:00,0,49.00,0,0.5700,0.1140,0.0347,0.0117,1,REST-S,2,6,6
581,15180,23:35:30,0,0.00,0,0.5500,0.1070,0.0347,0.0117,0,REST-S,2,6,6
581,15181,23:36:00,0,0.00,0,0.5700,0.1140,0.0347,0.0117,0,REST-S,2,6,6
581,15182,23:36:30,0,0.00,0,0.5700,0.1140,0.0347,0.0117,0,REST-S,2,6,6
581,15183,23:37:00,0,0.00,0,0.5700,0.1140,0.0347,0.0117,0,REST-S,2,6,6
581,15184,23:37:30,0,0.00,0,0.5700,0.1140,0.0347,0.0117,0,REST-S,2,6,6
581,15185,23:38:00,0,0.00,0,0.5700,0.1140,0.0347,0.0117,0,REST-S,2,6,6
581,15186,23:38:30,0,0.00,0,0.5700,0.1140,0.0347,0.0117,1,REST-S,2,6,6
581,15187,23:39:00,0,89.00,0,0.5700,0.1140,0.0347,0.0117,1,REST-S,2,6,6
581,15188,23:39:30,0,73.00,0,0.5700,0.1140,0.0347,0.0117,1,REST-S,2,6,6
581,15189,23:40:00,0,297.00,0,0.5700,0.1140,0.0347,0.0117,1,REST-S,2,6,6
581,15190,23:40:30,0,0.00,0,0.5700,0.1140,0.0347,0.0117,1,REST-S,2,6,6
581,15191,23:41:00,0,0.00,0,0.5700,0.1140,0.0347,0.0117,1,REST-S,2,6,6
581,15192,23:41:30,0,0.00,0,0.5700,0.1140,0.0347,0.0117,0,REST-S,2,6,6
581,15193,23:42:00,0,0.00,0,0.5700,0.1140,0.0347,0.0117,0,REST-S,2,6,6
581,15194,23:42:30,0,0.00,0,0.5700,0.1140,0.0347,0.0117,0,REST-S,2,6,6
581,15195,23:43:00,0,0.00,0,0.5700,0.1140,0.0347,0.0117,0,REST-S,2,6,6
581,15196,23:43:30,0,0.00,0,0.5700,0.1140,0.0347,0.0117,0,REST-S,2,6,6
581,15197,23:44:00,0,0.00,0,0.5700,0.1140,0.0347,0.0117,0,REST-S,2,6,6
581,15198,23:44:30,0,0.00,0,0.5700,0.1140,0.0347,0.0117,0,REST-S,2,6,6
581,15199,23:45:00,0,0.00,0,0.5700,0.1140,0.0347,0.0117,0,REST-S,2,6,6
581,15200,23:45:30,0,2.00,0,0.5700,0.1140,0.0347,0.0117,0,REST-S,2,6,6
581,15201,23:46:00,0,0.00,0,0.5700,0.1140,0.0347,0.0117,0,REST-S,2,6,6
581,15202,23:46:30,0,0.00,0,0.5700,0.1140,0.0347,0.0117,0,REST-S,2,6,6
581,15203,23:47:00,0,0.00,0,0.6000,0.1300,0.0347,0.0117,0,REST-S,2,6,6
581,15204,23:47:30,0,0.00,0,0.6000,0.1300,0.0347,0.0117,0,REST-S,2,6,6
581,15205,23:48:00,0,0.00,0,0.6000,0.1300,0.0347,0.0117,0,REST-S,2,6,6
581,15206,23:48:30,0,0.00,0,0.6000,0.1300,0.0347,0.0117,0,REST-S,2,6,6
581,15207,23:49:00,0,0.00,0,0.6000,0.1300,0.0347,0.0117,0,REST-S,2,6,6
581,15208,23:49:30,0,0.00,0,0.6000,0.1300,0.0347,0.0117,0,REST-S,2,6,6
581,15209,23:50:00,0,0.00,0,0.6000,0.1300,0.0347,0.0117,0,REST-S,2,6,6
581,15210,23:50:30,0,0.00,0,0.6000,0.1300,0.0347,0.0117,0,REST-S,2,6,6
581,15211,23:51:00,0,2.00,0,0.6000,0.1300,0.0347,0.0117,0,REST-S,2,6,6
581,15212,23:51:30,0,0.00,0,0.6000,0.1300,0.0347,0.0117,0,REST-S,2,6,6
581,15213,23:52:00,0,0.00,0,0.6000,0.1300,0.0347,0.0117,0,REST-S,2,6,6
581,15214,23:52:30,0,0.00,0,0.6000,0.1300,0.0347,0.0117,0,REST-S,2,6,6
581,15215,23:53:00,0,0.00,0,0.6000,0.1300,0.0347,0.0117,0,REST-S,2,6,6
581,15216,23:53:30,0,0.00,0,0.6000,0.1300,0.0347,0.0117,0,REST-S,2,6,6
581,15217,23:54:00,0,0.00,0,0.6000,0.1300,0.0347,0.0117,0,REST-S,2,6,6
581,15218,23:54:30,0,0.00,0,0.6000,0.1300,0.0347,0.0117,0,REST-S,2,6,6
581,15219,23:55:00,0,0.00,0,0.5900,0.1220,0.0347,0.0117,0,REST-S,2,6,6
581,15220,23:55:30,0,0.00,0,0.6000,0.1300,0.0347,0.0117,0,REST-S,2,6,6
581,15221,23:56:00,0,0.00,0,0.6000,0.1300,0.0347,0.0117,0,REST-S,2,6,6
581,15222,23:56:30,0,0.00,0,0.6000,0.1300,0.0347,0.0117,0,REST-S,2,6,6
581,15223,23:57:00,0,0.00,0,0.6000,0.1300,0.0347,0.0117,0,REST-S,2,6,6
581,15224,23:57:30,0,0.00,0,0.6000,0.1300,0.0347,0.0117,0,REST-S,2,6,6
581,15225,23:58:00,0,0.00,0,0.6000,0.1300,0.0347,0.0117,0,REST-S,2,6,6
581,15226,23:58:30,0,0.00,0,0.6000,0.1300,0.0347,0.0117,0,REST-S,2,6,6
581,15227,23:59:00,0,0.00,0,0.6000,0.1300,0.0347,0.0117,0,REST-S,2,6,6
581,15228,23:59:30,0,0.00,0,0.6000,0.1300,0.0347,0.0117,0,REST-S,2,6,6
581,15229,0:00:00,0,0.00,0,0.6000,0.1300,0.0347,0.0117,0,REST-S,3,7,6
581,15230,0:00:30,0,0.00,0,0.6000,0.1300,0.0347,0.0117,0,REST-S,3,7,6
581,15231,0:01:00,0,0.00,0,0.6200,0.1360,0.0347,0.0117,0,REST-S,3,7,6
581,15232,0:01:30,0,0.00,0,0.6000,0.1300,0.0347,0.0117,0,REST-S,3,7,6
581,15233,0:02:00,0,0.00,0,0.6200,0.1360,0.0347,0.0117,0,REST-S,3,7,6
581,15234,0:02:30,0,0.00,0,0.6200,0.1360,0.0347,0.0117,0,REST-S,3,7,6
581,15235,0:03:00,0,0.00,0,0.6000,0.1300,0.0347,0.0117,0,REST-S,3,7,6
581,15236,0:03:30,0,0.00,0,0.6200,0.1360,0.0347,0.0117,0,REST-S,3,7,6
581,15237,0:04:00,0,0.00,0,0.6200,0.1360,0.0347,0.0117,0,REST-S,3,7,6
581,15238,0:04:30,0,0.00,0,0.6200,0.1360,0.0347,0.0117,0,REST-S,3,7,6
581,15239,0:05:00,0,0.00,0,0.6200,0.1360,0.0347,0.0117,0,REST-S,3,7,6
581,15240,0:05:30,0,0.00,0,0.6400,0.1450,0.0347,0.0117,0,REST-S,3,7,6
581,15241,0:06:00,0,0.00,0,0.6200,0.1360,0.0347,0.0117,0,REST-S,3,7,6
581,15242,0:06:30,0,0.00,0,0.6200,0.1360,0.0347,0.0117,0,REST-S,3,7,6
581,15243,0:07:00,0,0.00,0,0.6200,0.1360,0.0347,0.0117,0,REST-S,3,7,6
581,15244,0:07:30,0,0.00,0,0.6200,0.1360,0.0347,0.0117,0,REST-S,3,7,6
581,15245,0:08:00,0,0.00,0,0.6200,0.1360,0.0347,0.0117,0,REST-S,3,7,6
581,15246,0:08:30,0,0.00,0,0.6200,0.1360,0.0347,0.0117,0,REST-S,3,7,6
581,15247,0:09:00,0,0.00,0,0.6400,0.1450,0.0347,0.0117,0,REST-S,3,7,6
581,15248,0:09:30,0,0.00,0,0.6200,0.1360,0.0347,0.0117,0,REST-S,3,7,6
581,15249,0:10:00,0,0.00,0,0.6400,0.1450,0.0347,0.0117,0,REST-S,3,7,6
581,15250,0:10:30,0,0.00,0,0.6200,0.1360,0.0347,0.0117,0,REST-S,3,7,6
581,15251,0:11:00,0,0.00,0,0.6200,0.1360,0.0347,0.0117,0,REST-S,3,7,6
581,15252,0:11:30,0,0.00,0,0.6200,0.1360,0.0347,0.0117,0,REST-S,3,7,6
581,15253,0:12:00,0,0.00,0,0.6200,0.1360,0.0347,0.0117,0,REST-S,3,7,6
581,15254,0:12:30,0,0.00,0,0.6200,0.1360,0.0347,0.0117,0,REST-S,3,7,6
581,15255,0:13:00,0,0.00,0,0.6400,0.1450,0.0347,0.0117,0,REST-S,3,7,6
581,15256,0:13:30,0,0.00,0,0.6200,0.1360,0.0347,0.0117,0,REST-S,3,7,6
581,15257,0:14:00,0,0.00,0,0.6400,0.1450,0.0347,0.0117,0,REST-S,3,7,6
581,15258,0:14:30,0,0.00,0,0.6400,0.1450,0.0347,0.0117,0,REST-S,3,7,6
581,15259,0:15:00,0,0.00,0,0.6400,0.1450,0.0347,0.0117,0,REST-S,3,7,6
581,15260,0:15:30,0,0.00,0,0.6200,0.1360,0.0347,0.0117,0,REST-S,3,7,6
581,15261,0:16:00,0,0.00,0,0.6200,0.1360,0.0347,0.0117,0,REST-S,3,7,6
581,15262,0:16:30,0,0.00,0,0.6200,0.1360,0.0347,0.0117,0,REST-S,3,7,6
581,15263,0:17:00,0,0.00,0,0.6200,0.1360,0.0347,0.0117,0,REST-S,3,7,6
581,15264,0:17:30,0,0.00,0,0.6200,0.1360,0.0347,0.0117,0,REST-S,3,7,6
581,15265,0:18:00,0,0.00,0,0.6200,0.1360,0.0347,0.0117,0,REST-S,3,7,6
581,15266,0:18:30,0,0.00,0,0.6200,0.1360,0.0347,0.0117,0,REST-S,3,7,6
581,15267,0:19:00,0,0.00,0,0.6200,0.1360,0.0347,0.0117,0,REST-S,3,7,6
581,15268,0:19:30,0,0.00,0,0.6200,0.1360,0.0347,0.0117,0,REST-S,3,7,6
581,15269,0:20:00,0,0.00,0,0.6200,0.1360,0.0347,0.0117,0,REST-S,3,7,6
581,15270,0:20:30,0,0.00,0,0.6200,0.1360,0.0347,0.0117,0,REST-S,3,7,6
581,15271,0:21:00,0,0.00,0,0.6200,0.1360,0.0347,0.0117,0,REST-S,3,7,6
581,15272,0:21:30,0,0.00,0,0.6200,0.1360,0.0347,0.0117,0,REST-S,3,7,6
581,15273,0:22:00,0,0.00,0,0.6200,0.1360,0.0347,0.0117,0,REST-S,3,7,6
581,15274,0:22:30,0,0.00,0,0.6200,0.1360,0.0347,0.0117,0,REST-S,3,7,6
581,15275,0:23:00,0,0.00,0,0.6200,0.1360,0.0347,0.0117,0,REST-S,3,7,6
581,15276,0:23:30,0,0.00,0,0.6200,0.1360,0.0347,0.0117,0,REST-S,3,7,6
581,15277,0:24:00,0,0.00,0,0.6200,0.1360,0.0347,0.0117,0,REST-S,3,7,6
581,15278,0:24:30,0,0.00,0,0.6200,0.1360,0.0347,0.0117,0,REST-S,3,7,6
581,15279,0:25:00,0,0.00,0,0.6200,0.1360,0.0347,0.0117,0,REST-S,3,7,6
581,15280,0:25:30,0,0.00,0,0.6200,0.1360,0.0347,0.0117,0,REST-S,3,7,6
581,15281,0:26:00,0,0.00,0,0.6200,0.1360,0.0347,0.0117,0,REST-S,3,7,6
581,15282,0:26:30,0,0.00,0,0.6200,0.1360,0.0347,0.0117,0,REST-S,3,7,6
581,15283,0:27:00,0,0.00,0,0.6200,0.1360,0.0347,0.0117,0,REST-S,3,7,6
581,15284,0:27:30,0,0.00,0,0.6200,0.1360,0.0347,0.0117,0,REST-S,3,7,6
581,15285,0:28:00,0,0.00,0,0.6000,0.1300,0.0347,0.0117,0,REST-S,3,7,6
581,15286,0:28:30,0,0.00,0,0.5900,0.1220,0.0347,0.0117,0,REST-S,3,7,6
581,15287,0:29:00,0,0.00,0,0.5900,0.1220,0.0347,0.0117,0,REST-S,3,7,6
581,15288,0:29:30,0,0.00,0,0.5900,0.1220,0.0347,0.0117,0,REST-S,3,7,6
581,15289,0:30:00,0,0.00,0,0.5900,0.1220,0.0347,0.0117,0,REST-S,3,7,6
581,15290,0:30:30,0,0.00,0,0.5900,0.1220,0.0347,0.0117,0,REST-S,3,7,6
581,15291,0:31:00,0,0.00,0,0.5900,0.1220,0.0347,0.0117,0,REST-S,3,7,6
581,15292,0:31:30,0,1.00,0,0.5900,0.1220,0.0347,0.0117,0,REST-S,3,7,6
581,15293,0:32:00,0,0.00,0,0.5900,0.1220,0.0347,0.0117,0,REST-S,3,7,6
581,15294,0:32:30,0,0.00,0,0.5900,0.1220,0.0347,0.0117,0,REST-S,3,7,6
581,15295,0:33:00,0,59.00,0,0.5900,0.1220,0.0347,0.0117,1,REST-S,3,7,6
581,15296,0:33:30,0,0.00,0,0.5900,0.1220,0.0347,0.0117,0,REST-S,3,7,6
581,15297,0:34:00,0,0.00,0,0.5900,0.1220,0.0347,0.0117,0,REST-S,3,7,6
581,15298,0:34:30,0,0.00,0,0.5900,0.1220,0.0347,0.0117,0,REST-S,3,7,6
581,15299,0:35:00,0,0.00,0,0.5900,0.1220,0.0347,0.0117,0,REST-S,3,7,6
581,15300,0:35:30,0,15.00,0,0.5900,0.1220,0.0347,0.0117,0,REST-S,3,7,6
581,15301,0:36:00,0,6.00,0,0.5900,0.1220,0.0347,0.0117,0,REST-S,3,7,6
581,15302,0:36:30,0,0.00,0,0.5900,0.1220,0.0347,0.0117,0,REST-S,3,7,6
581,15303,0:37:00,0,0.00,0,0.5900,0.1220,0.0347,0.0117,0,REST-S,3,7,6
581,15304,0:37:30,0,0.00,0,0.5900,0.1220,0.0347,0.0117,0,REST-S,3,7,6
581,15305,0:38:00,0,0.00,0,0.5900,0.1220,0.0347,0.0117,0,REST-S,3,7,6
581,15306,0:38:30,0,0.00,0,0.5900,0.1220,0.0347,0.0117,0,REST-S,3,7,6
581,15307,0:39:00,0,0.00,0,0.5900,0.1220,0.0347,0.0117,0,REST-S,3,7,6
581,15308,0:39:30,0,0.00,0,0.5900,0.1220,0.0347,0.0117,0,REST-S,3,7,6
581,15309,0:40:00,0,0.00,0,0.5900,0.1220,0.0347,0.0117,0,REST-S,3,7,6
581,15310,0:40:30,0,0.00,0,0.5900,0.1220,0.0347,0.0117,0,REST-S,3,7,6
581,15311,0:41:00,0,0.00,0,0.5900,0.1220,0.0347,0.0117,0,REST-S,3,7,6
581,15312,0:41:30,0,0.00,0,0.5900,0.1220,0.0347,0.0117,0,REST-S,3,7,6
581,15313,0:42:00,0,0.00,0,0.6000,0.1300,0.0347,0.0117,0,REST-S,3,7,6
581,15314,0:42:30,0,0.00,0,0.5900,0.1220,0.0347,0.0117,0,REST-S,3,7,6
581,15315,0:43:00,0,0.00,0,0.5900,0.1220,0.0347,0.0117,0,REST-S,3,7,6
581,15316,0:43:30,0,0.00,0,0.6000,0.1300,0.0347,0.0117,0,REST-S,3,7,6
581,15317,0:44:00,0,1.00,0,0.5900,0.1220,0.0347,0.0117,1,REST-S,3,7,6
581,15318,0:44:30,0,96.00,0,0.5900,0.1220,0.0347,0.0117,1,REST-S,3,7,6
581,15319,0:45:00,0,306.00,0,0.5900,0.1220,0.0347,0.0117,1,REST-S,3,7,6
581,15320,0:45:30,0,0.00,0,0.5900,0.1220,0.0347,0.0117,1,REST-S,3,7,6
581,15321,0:46:00,0,0.00,0,0.5900,0.1220,0.0347,0.0117,1,REST-S,3,7,6
581,15322,0:46:30,0,0.00,0,0.5900,0.1220,0.0347,0.0117,0,REST-S,3,7,6
581,15323,0:47:00,0,0.00,0,0.5700,0.1140,0.0347,0.0117,0,REST-S,3,7,6
581,15324,0:47:30,0,0.00,0,0.5900,0.1220,0.0347,0.0117,0,REST-S,3,7,6
581,15325,0:48:00,0,0.00,0,0.5900,0.1220,0.0347,0.0117,0,REST-S,3,7,6
581,15326,0:48:30,0,0.00,0,0.5900,0.1220,0.0347,0.0117,0,REST-S,3,7,6
581,15327,0:49:00,0,0.00,0,0.5900,0.1220,0.0347,0.0117,0,REST-S,3,7,6
581,15328,0:49:30,0,0.00,0,0.5900,0.1220,0.0347,0.0117,0,REST-S,3,7,6
581,15329,0:50:00,0,0.00,0,0.5900,0.1220,0.0347,0.0117,0,REST-S,3,7,6
581,15330,0:50:30,0,0.00,0,0.5900,0.1220,0.0347,0.0117,0,REST-S,3,7,6
581,15331,0:51:00,0,0.00,0,0.5900,0.1220,0.0347,0.0117,0,REST-S,3,7,6
581,15332,0:51:30,0,0.00,0,0.5900,0.1220,0.0347,0.0117,0,REST-S,3,7,6
581,15333,0:52:00,0,0.00,0,0.5900,0.1220,0.0347,0.0117,0,REST-S,3,7,6
581,15334,0:52:30,0,0.00,0,0.5900,0.1220,0.0347,0.0117,0,REST-S,3,7,6
581,15335,0:53:00,0,0.00,0,0.5900,0.1220,0.0347,0.0117,0,REST-S,3,7,6
581,15336,0:53:30,0,0.00,0,0.5900,0.1220,0.0347,0.0117,0,REST-S,3,7,6
581,15337,0:54:00,0,0.00,0,0.5900,0.1220,0.0347,0.0117,0,REST-S,3,7,6
581,15338,0:54:30,0,0.00,0,0.5900,0.1220,0.0347,0.0117,0,REST-S,3,7,6
581,15339,0:55:00,0,0.00,0,0.5900,0.1220,0.0347,0.0117,0,REST-S,3,7,6
581,15340,0:55:30,0,0.00,0,0.5900,0.1220,0.0347,0.0117,0,REST-S,3,7,6
581,15341,0:56:00,0,0.00,0,0.5900,0.1220,0.0347,0.0117,0,REST-S,3,7,6
581,15342,0:56:30,0,0.00,0,0.6200,0.1360,0.0347,0.0117,0,REST-S,3,7,6
581,15343,0:57:00,0,0.00,0,0.6200,0.1360,0.0347,0.0117,0,REST-S,3,7,6
581,15344,0:57:30,0,79.00,0,0.6200,0.1360,0.0347,0.0117,1,REST-S,3,7,6
581,15345,0:58:00,0,0.00,0,0.6200,0.1360,0.0347,0.0117,0,REST-S,3,7,6
581,15346,0:58:30,0,0.00,0,0.6200,0.1360,0.0347,0.0117,0,REST-S,3,7,6
581,15347,0:59:00,0,0.00,0,0.6200,0.1360,0.0347,0.0117,0,REST-S,3,7,6
581,15348,0:59:30,0,0.00,0,0.6200,0.1360,0.0347,0.0117,0,REST-S,3,7,6
581,15349,1:00:00,0,0.00,0,0.6200,0.1360,0.0347,0.0117,0,REST-S,3,7,6
581,15350,1:00:30,0,8.00,0,0.6200,0.1360,0.0347,0.0117,0,REST-S,3,7,6
581,15351,1:01:00,0,0.00,0,0.6200,0.1360,0.0347,0.0117,0,REST-S,3,7,6
581,15352,1:01:30,0,0.00,0,0.6200,0.1360,0.0347,0.0117,0,REST-S,3,7,6
581,15353,1:02:00,0,0.00,0,0.6200,0.1360,0.0347,0.0117,0,REST-S,3,7,6
581,15354,1:02:30,0,6.00,0,0.6400,0.1450,0.0347,0.0117,0,REST-S,3,7,6
581,15355,1:03:00,0,0.00,0,0.6400,0.1450,0.0347,0.0117,0,REST-S,3,7,6
581,15356,1:03:30,0,63.00,0,0.6200,0.1360,0.0347,0.0117,1,REST-S,3,7,6
581,15357,1:04:00,0,0.00,0,0.6200,0.1360,0.0347,0.0117,0,REST-S,3,7,6
581,15358,1:04:30,0,0.00,0,0.6200,0.1360,0.0347,0.0117,0,REST-S,3,7,6
581,15359,1:05:00,0,61.00,0,0.6200,0.1360,0.0347,0.0117,1,REST-S,3,7,6
581,15360,1:05:30,0,0.00,0,0.6200,0.1360,0.0347,0.0117,0,REST-S,3,7,6
581,15361,1:06:00,0,5.00,0,0.6200,0.1360,0.0347,0.0117,0,REST-S,3,7,6
581,15362,1:06:30,0,0.00,0,0.6200,0.1360,0.0347,0.0117,0,REST-S,3,7,6
581,15363,1:07:00,0,0.00,0,0.6200,0.1360,0.0347,0.0117,0,REST-S,3,7,6
581,15364,1:07:30,0,0.00,0,0.6200,0.1360,0.0347,0.0117,0,REST-S,3,7,6
581,15365,1:08:00,0,0.00,0,0.6200,0.1360,0.0347,0.0117,0,REST-S,3,7,6
581,15366,1:08:30,0,0.00,0,0.6200,0.1360,0.0347,0.0117,0,REST-S,3,7,6
581,15367,1:09:00,0,0.00,0,0.6200,0.1360,0.0347,0.0117,0,REST-S,3,7,6
581,15368,1:09:30,0,0.00,0,0.6200,0.1360,0.0347,0.0117,0,REST-S,3,7,6
581,15369,1:10:00,0,0.00,0,0.6200,0.1360,0.0347,0.0117,0,REST-S,3,7,6
581,15370,1:10:30,0,0.00,0,0.5900,0.1220,0.0347,0.0117,0,REST-S,3,7,6
581,15371,1:11:00,0,1.00,0,0.5900,0.1220,0.0347,0.0117,0,REST-S,3,7,6
581,15372,1:11:30,0,22.00,0,0.3300,0.1420,0.0000,0.0117,1,REST-S,3,7,6
581,15373,1:12:00,0,0.00,0,0.5900,0.1220,0.0347,0.0117,0,REST-S,3,7,6
581,15374,1:12:30,0,25.00,0,0.5900,0.1220,0.0347,0.0117,1,REST-S,3,7,6
581,15375,1:13:00,0,0.00,0,0.5900,0.1220,0.0347,0.0117,0,REST-S,3,7,6
581,15376,1:13:30,0,0.00,0,0.5900,0.1220,0.0347,0.0117,0,REST-S,3,7,6
581,15377,1:14:00,0,0.00,0,0.5900,0.1220,0.0347,0.0117,0,REST-S,3,7,6
581,15378,1:14:30,0,0.00,0,0.5900,0.1220,0.0347,0.0117,0,REST-S,3,7,6
581,15379,1:15:00,0,0.00,0,0.5900,0.1220,0.0347,0.0117,0,REST-S,3,7,6
581,15380,1:15:30,0,0.00,0,0.5900,0.1220,0.0347,0.0117,0,REST-S,3,7,6
581,15381,1:16:00,0,0.00,0,0.5900,0.1220,0.0347,0.0117,0,REST-S,3,7,6
581,15382,1:16:30,0,0.00,0,0.5900,0.1220,0.0347,0.0117,0,REST-S,3,7,6
581,15383,1:17:00,0,0.00,0,0.5900,0.1220,0.0347,0.0117,0,REST-S,3,7,6
581,15384,1:17:30,0,0.00,0,0.5900,0.1220,0.0347,0.0117,0,REST-S,3,7,6
581,15385,1:18:00,0,0.00,0,0.5900,0.1220,0.0347,0.0117,0,REST-S,3,7,6
581,15386,1:18:30,0,0.00,0,0.6000,0.1300,0.0347,0.0117,0,REST-S,3,7,6
581,15387,1:19:00,0,0.00,0,0.6000,0.1300,0.0347,0.0117,0,REST-S,3,7,6
581,15388,1:19:30,0,0.00,0,0.6000,0.1300,0.0347,0.0117,0,REST-S,3,7,6
581,15389,1:20:00,0,0.00,0,0.6000,0.1300,0.0347,0.0117,0,REST-S,3,7,6
581,15390,1:20:30,0,0.00,0,0.6000,0.1300,0.0347,0.0117,0,REST-S,3,7,6
581,15391,1:21:00,0,0.00,0,0.6000,0.1300,0.0347,0.0117,0,REST-S,3,7,6
581,15392,1:21:30,0,0.00,0,0.6000,0.1300,0.0347,0.0117,0,REST-S,3,7,6
581,15393,1:22:00,0,0.00,0,0.6200,0.1360,0.0347,0.0117,0,REST-S,3,7,6
581,15394,1:22:30,0,0.00,0,0.6200,0.1360,0.0347,0.0117,0,REST-S,3,7,6
581,15395,1:23:00,0,0.00,0,0.6000,0.1300,0.0347,0.0117,0,REST-S,3,7,6
581,15396,1:23:30,0,0.00,0,0.6000,0.1300,0.0347,0.0117,0,REST-S,3,7,6
581,15397,1:24:00,0,0.00,0,0.6000,0.1300,0.0347,0.0117,0,REST-S,3,7,6
581,15398,1:24:30,0,0.00,0,0.6000,0.1300,0.0347,0.0117,0,REST-S,3,7,6
581,15399,1:25:00,0,0.00,0,0.6200,0.1360,0.0347,0.0117,0,REST-S,3,7,6
581,15400,1:25:30,0,0.00,0,0.6000,0.1300,0.0347,0.0117,0,REST-S,3,7,6
581,15401,1:26:00,0,15.00,0,0.6000,0.1300,0.0347,0.0117,1,REST-S,3,7,6
581,15402,1:26:30,0,52.00,0,0.6000,0.1300,0.0347,0.0117,1,REST-S,3,7,6
581,15403,1:27:00,0,0.00,0,0.6000,0.1300,0.0347,0.0117,0,REST-S,3,7,6
581,15404,1:27:30,0,0.00,0,0.6000,0.1300,0.0347,0.0117,0,REST-S,3,7,6
581,15405,1:28:00,0,0.00,0,0.6000,0.1300,0.0347,0.0117,0,REST-S,3,7,6
581,15406,1:28:30,0,0.00,0,0.6000,0.1300,0.0347,0.0117,0,REST-S,3,7,6
581,15407,1:29:00,0,0.00,0,0.6000,0.1300,0.0347,0.0117,0,REST-S,3,7,6
581,15408,1:29:30,0,0.00,0,0.6200,0.1360,0.0347,0.0117,0,REST-S,3,7,6
581,15409,1:30:00,0,0.00,0,0.6000,0.1300,0.0347,0.0117,0,REST-S,3,7,6
581,15410,1:30:30,0,0.00,0,0.6000,0.1300,0.0347,0.0117,0,REST-S,3,7,6
581,15411,1:31:00,0,0.00,0,0.5900,0.1220,0.0347,0.0117,0,REST-S,3,7,6
581,15412,1:31:30,0,0.00,0,0.5900,0.1220,0.0347,0.0117,0,REST-S,3,7,6
581,15413,1:32:00,0,0.00,0,0.5900,0.1220,0.0347,0.0117,0,REST-S,3,7,6
581,15414,1:32:30,0,0.00,0,0.5900,0.1220,0.0347,0.0117,0,REST-S,3,7,6
581,15415,1:33:00,0,0.00,0,0.5900,0.1220,0.0347,0.0117,0,REST-S,3,7,6
581,15416,1:33:30,0,0.00,0,0.5900,0.1220,0.0347,0.0117,0,REST-S,3,7,6
581,15417,1:34:00,0,0.00,0,0.5900,0.1220,0.0347,0.0117,0,REST-S,3,7,6
581,15418,1:34:30,0,0.00,0,0.5900,0.1220,0.0347,0.0117,0,REST-S,3,7,6
581,15419,1:35:00,0,0.00,0,0.5900,0.1220,0.0347,0.0117,0,REST-S,3,7,6
581,15420,1:35:30,0,0.00,0,0.5900,0.1220,0.0347,0.0117,0,REST-S,3,7,6
581,15421,1:36:00,0,19.00,0,0.5900,0.1220,0.0347,0.0117,0,REST-S,3,7,6
581,15422,1:36:30,0,8.00,0,0.5900,0.1220,0.0347,0.0117,0,REST-S,3,7,6
581,15423,1:37:00,0,0.00,0,0.5900,0.1220,0.0347,0.0117,0,REST-S,3,7,6
581,15424,1:37:30,0,0.00,0,0.6000,0.1300,0.0347,0.0117,0,REST-S,3,7,6
581,15425,1:38:00,0,1.00,0,0.6000,0.1300,0.0347,0.0117,0,REST-S,3,7,6
581,15426,1:38:30,0,0.00,0,0.6000,0.1300,0.0347,0.0117,0,REST-S,3,7,6
581,15427,1:39:00,0,0.00,0,0.6200,0.1360,0.0347,0.0117,0,REST-S,3,7,6
581,15428,1:39:30,0,68.00,0,0.6000,0.1300,0.0347,0.0117,1,REST-S,3,7,6
581,15429,1:40:00,0,0.00,0,0.5900,0.1220,0.0347,0.0117,0,REST-S,3,7,6
581,15430,1:40:30,0,0.00,0,0.5900,0.1220,0.0347,0.0117,0,REST-S,3,7,6
581,15431,1:41:00,0,0.00,0,0.5900,0.1220,0.0347,0.0117,0,REST-S,3,7,6
581,15432,1:41:30,0,0.00,0,0.6000,0.1300,0.0347,0.0117,0,REST-S,3,7,6
581,15433,1:42:00,0,0.00,0,0.5900,0.1220,0.0347,0.0117,0,REST-S,3,7,6
581,15434,1:42:30,0,0.00,0,0.5900,0.1220,0.0347,0.0117,0,REST-S,3,7,6
581,15435,1:43:00,0,0.00,0,0.6000,0.1300,0.0347,0.0117,0,REST-S,3,7,6
581,15436,1:43:30,0,0.00,0,0.5900,0.1220,0.0347,0.0117,0,REST-S,3,7,6
581,15437,1:44:00,0,0.00,0,0.5900,0.1220,0.0347,0.0117,0,REST-S,3,7,6
581,15438,1:44:30,0,0.00,0,0.5900,0.1220,0.0347,0.0117,0,REST-S,3,7,6
581,15439,1:45:00,0,0.00,0,0.6000,0.1300,0.0347,0.0117,0,REST-S,3,7,6
581,15440,1:45:30,0,0.00,0,0.5900,0.1220,0.0347,0.0117,0,REST-S,3,7,6
581,15441,1:46:00,0,0.00,0,0.5900,0.1220,0.0347,0.0117,0,REST-S,3,7,6
581,15442,1:46:30,0,0.00,0,0.5900,0.1220,0.0347,0.0117,0,REST-S,3,7,6
581,15443,1:47:00,0,0.00,0,0.5900,0.1220,0.0347,0.0117,0,REST-S,3,7,6
581,15444,1:47:30,0,0.00,0,0.6000,0.1300,0.0347,0.0117,0,REST-S,3,7,6
581,15445,1:48:00,0,0.00,0,0.6000,0.1300,0.0347,0.0117,0,REST-S,3,7,6
581,15446,1:48:30,0,0.00,0,0.5900,0.1220,0.0347,0.0117,0,REST-S,3,7,6
581,15447,1:49:00,0,0.00,0,0.5900,0.1220,0.0347,0.0117,0,REST-S,3,7,6
581,15448,1:49:30,0,0.00,0,0.6000,0.1300,0.0347,0.0117,0,REST-S,3,7,6
581,15449,1:50:00,0,0.00,0,0.6000,0.1300,0.0347,0.0117,0,REST-S,3,7,6
581,15450,1:50:30,0,0.00,0,0.5900,0.1220,0.0347,0.0117,0,REST-S,3,7,6
581,15451,1:51:00,0,0.00,0,0.5900,0.1220,0.0347,0.0117,0,REST-S,3,7,6
581,15452,1:51:30,0,68.00,0,0.6000,0.1300,0.0347,0.0117,1,REST-S,3,7,6
581,15453,1:52:00,0,0.00,0,0.6000,0.1300,0.0347,0.0117,0,REST-S,3,7,6
581,15454,1:52:30,0,0.00,0,0.6000,0.1300,0.0347,0.0117,0,REST-S,3,7,6
581,15455,1:53:00,0,0.00,0,0.5900,0.1220,0.0347,0.0117,0,REST-S,3,7,6
581,15456,1:53:30,0,0.00,0,0.5900,0.1220,0.0347,0.0117,0,REST-S,3,7,6
581,15457,1:54:00,0,45.00,0,0.5900,0.1220,0.0347,0.0117,1,REST-S,3,7,6
581,15458,1:54:30,0,0.00,0,0.5900,0.1220,0.0347,0.0117,0,REST-S,3,7,6
581,15459,1:55:00,0,0.00,0,0.5900,0.1220,0.0347,0.0117,0,REST-S,3,7,6
581,15460,1:55:30,0,0.00,0,0.5900,0.1220,0.0347,0.0117,0,REST-S,3,7,6
581,15461,1:56:00,0,0.00,0,0.5900,0.1220,0.0347,0.0117,0,REST-S,3,7,6
581,15462,1:56:30,0,0.00,0,0.5700,0.1140,0.0347,0.0117,0,REST-S,3,7,6
581,15463,1:57:00,0,0.00,0,0.5700,0.1140,0.0347,0.0117,0,REST-S,3,7,6
581,15464,1:57:30,0,0.00,0,0.5700,0.1140,0.0347,0.0117,0,REST-S,3,7,6
581,15465,1:58:00,0,0.00,0,0.5700,0.1140,0.0347,0.0117,0,REST-S,3,7,6
581,15466,1:58:30,0,0.00,0,0.5700,0.1140,0.0347,0.0117,0,REST-S,3,7,6
581,15467,1:59:00,0,0.00,0,0.5700,0.1140,0.0347,0.0117,0,REST-S,3,7,6
581,15468,1:59:30,0,0.00,0,0.3000,0.1300,0.0000,0.0117,0,REST-S,3,7,6
581,15469,2:00:00,0,0.00,0,0.5500,0.1070,0.0347,0.0117,0,REST-S,3,7,6
581,15470,2:00:30,0,0.00,0,0.5500,0.1070,0.0347,0.0117,0,REST-S,3,7,6
581,15471,2:01:00,0,0.00,0,0.5500,0.1070,0.0347,0.0117,0,REST-S,3,7,6
581,15472,2:01:30,0,34.00,0,0.5500,0.1070,0.0347,0.0117,1,REST-S,3,7,6
581,15473,2:02:00,0,0.00,0,0.5500,0.1070,0.0347,0.0117,0,REST-S,3,7,6
581,15474,2:02:30,0,0.00,0,0.2700,0.1220,0.0000,0.0000,0,REST-S,3,7,6
581,15475,2:03:00,0,0.00,0,0.2800,0.1220,0.0000,0.0117,0,REST-S,3,7,6
581,15476,2:03:30,0,0.00,0,0.4600,0.1070,0.0251,0.0000,0,REST-S,3,7,6
581,15477,2:04:00,0,0.00,0,0.2700,0.1220,0.0000,0.0000,0,REST-S,3,7,6
581,15478,2:04:30,0,0.00,0,0.2700,0.1220,0.0000,0.0000,0,REST-S,3,7,6
581,15479,2:05:00,0,0.00,0,0.2700,0.1220,0.0000,0.0000,0,REST-S,3,7,6
581,15480,2:05:30,0,38.00,0,0.2700,0.1220,0.0000,0.0000,1,REST-S,3,7,6
581,15481,2:06:00,0,0.00,0,0.2700,0.1220,0.0000,0.0000,0,REST-S,3,7,6
581,15482,2:06:30,0,0.00,0,0.2700,0.1220,0.0000,0.0000,0,REST-S,3,7,6
581,15483,2:07:00,0,0.00,0,0.2700,0.1220,0.0000,0.0000,0,REST-S,3,7,6
581,15484,2:07:30,0,0.00,0,0.2800,0.1220,0.0000,0.0117,0,REST-S,3,7,6
581,15485,2:08:00,0,0.00,0,0.2700,0.1220,0.0000,0.0000,0,REST-S,3,7,6
581,15486,2:08:30,0,0.00,0,0.2700,0.1220,0.0000,0.0000,0,REST-S,3,7,6
581,15487,2:09:00,0,0.00,0,0.2700,0.1220,0.0000,0.0000,0,REST-S,3,7,6
581,15488,2:09:30,0,0.00,0,0.2800,0.1220,0.0000,0.0117,0,REST-S,3,7,6
581,15489,2:10:00,0,0.00,0,0.2700,0.1220,0.0000,0.0000,0,REST-S,3,7,6
581,15490,2:10:30,0,0.00,0,0.4600,0.1070,0.0251,0.0000,0,REST-S,3,7,6
581,15491,2:11:00,0,0.00,0,0.5500,0.1070,0.0347,0.0117,0,REST-S,3,7,6
581,15492,2:11:30,0,0.00,0,0.2800,0.1220,0.0000,0.0117,0,REST-S,3,7,6
581,15493,2:12:00,0,0.00,0,0.2700,0.1220,0.0000,0.0000,1,REST-S,3,7,6
581,15494,2:12:30,0,0.00,0,0.4700,0.1140,0.0251,0.0000,1,REST-S,3,7,6
581,15495,2:13:00,0,261.00,0,0.5700,0.1140,0.0347,0.0117,1,REST-S,3,7,6
581,15496,2:13:30,0,82.00,0,0.5700,0.1140,0.0347,0.0117,1,REST-S,3,7,6
581,15497,2:14:00,0,119.00,0,0.2700,0.1220,0.0000,0.0000,1,REST-S,3,7,6
581,15498,2:14:30,0,0.00,0,0.2900,0.1300,0.0000,0.0000,1,REST-S,3,7,6
581,15499,2:15:00,0,157.00,0,0.2700,0.1220,0.0000,0.0000,1,REST-S,3,7,6
581,15500,2:15:30,0,338.00,0,0.2700,0.1220,0.0000,0.0000,1,REST-S,3,7,6
581,15501,2:16:00,0,0.00,0,0.2700,0.1220,0.0000,0.0000,1,REST-S,3,7,6
581,15502,2:16:30,0,0.00,0,0.2700,0.1220,0.0000,0.0000,1,REST-S,3,7,6
581,15503,2:17:00,0,0.00,0,0.2800,0.1220,0.0000,0.0117,1,REST-S,3,7,6
581,15504,2:17:30,0,0.00,0,0.2700,0.1220,0.0000,0.0000,0,REST-S,3,7,6
581,15505,2:18:00,0,100.00,0,0.5500,0.1070,0.0347,0.0117,1,REST-S,3,7,6
581,15506,2:18:30,0,0.00,0,0.4700,0.1140,0.0251,0.0000,1,REST-S,3,7,6
581,15507,2:19:00,0,110.00,0,0.3000,0.1300,0.0000,0.0117,1,REST-S,3,7,6
581,15508,2:19:30,0,0.00,0,0.3000,0.1300,0.0000,0.0117,0,REST-S,3,7,6
581,15509,2:20:00,0,0.00,0,0.2700,0.1220,0.0000,0.0000,0,REST-S,3,7,6
581,15510,2:20:30,0,0.00,0,0.2700,0.1220,0.0000,0.0000,0,REST-S,3,7,6
581,15511,2:21:00,0,0.00,0,0.2700,0.1220,0.0000,0.0000,0,REST-S,3,7,6
581,15512,2:21:30,0,0.00,0,0.2700,0.1220,0.0000,0.0000,0,REST-S,3,7,6
581,15513,2:22:00,0,0.00,0,0.2700,0.1220,0.0000,0.0000,0,REST-S,3,7,6
581,15514,2:22:30,0,0.00,0,0.2700,0.1220,0.0000,0.0000,0,REST-S,3,7,6
581,15515,2:23:00,0,0.00,0,0.2700,0.1220,0.0000,0.0000,0,REST-S,3,7,6
581,15516,2:23:30,0,0.00,0,0.2800,0.1220,0.0000,0.0117,0,REST-S,3,7,6
581,15517,2:24:00,0,0.00,0,0.2700,0.1220,0.0000,0.0000,0,REST-S,3,7,6
581,15518,2:24:30,0,0.00,0,0.2700,0.1220,0.0000,0.0000,0,REST-S,3,7,6
581,15519,2:25:00,0,0.00,0,0.2700,0.1220,0.0000,0.0000,0,REST-S,3,7,6
581,15520,2:25:30,0,0.00,0,0.2700,0.1220,0.0000,0.0000,0,REST-S,3,7,6
581,15521,2:26:00,0,0.00,0,0.2700,0.1220,0.0000,0.0000,0,REST-S,3,7,6
581,15522,2:26:30,0,0.00,0,0.2700,0.1220,0.0000,0.0000,0,REST-S,3,7,6
581,15523,2:27:00,0,0.00,0,0.2500,0.1120,0.0000,0.0000,0,REST-S,3,7,6
581,15524,2:27:30,0,0.00,0,0.2500,0.1120,0.0000,0.0000,0,REST-S,3,7,6
581,15525,2:28:00,0,0.00,0,0.2700,0.1220,0.0000,0.0000,0,REST-S,3,7,6
581,15526,2:28:30,0,0.00,0,0.2700,0.1220,0.0000,0.0000,0,REST-S,3,7,6
581,15527,2:29:00,0,0.00,0,0.2700,0.1220,0.0000,0.0000,0,REST-S,3,7,6
581,15528,2:29:30,0,0.00,0,0.2700,0.1220,0.0000,0.0000,0,REST-S,3,7,6
581,15529,2:30:00,0,0.00,0,0.2700,0.1220,0.0000,0.0000,0,REST-S,3,7,6
581,15530,2:30:30,0,0.00,0,0.2700,0.1220,0.0000,0.0000,0,REST-S,3,7,6
581,15531,2:31:00,0,0.00,0,0.2700,0.1220,0.0000,0.0000,0,REST-S,3,7,6
581,15532,2:31:30,0,0.00,0,0.2500,0.1120,0.0000,0.0000,0,REST-S,3,7,6
581,15533,2:32:00,0,0.00,0,0.2500,0.1120,0.0000,0.0000,0,REST-S,3,7,6
581,15534,2:32:30,0,0.00,0,0.2700,0.1220,0.0000,0.0000,0,REST-S,3,7,6
581,15535,2:33:00,0,0.00,0,0.2700,0.1220,0.0000,0.0000,0,REST-S,3,7,6
581,15536,2:33:30,0,0.00,0,0.2700,0.1220,0.0000,0.0000,0,REST-S,3,7,6
581,15537,2:34:00,0,0.00,0,0.2700,0.1220,0.0000,0.0000,0,REST-S,3,7,6
581,15538,2:34:30,0,0.00,0,0.2700,0.1220,0.0000,0.0000,0,REST-S,3,7,6
581,15539,2:35:00,0,0.00,0,0.2700,0.1220,0.0000,0.0000,0,REST-S,3,7,6
581,15540,2:35:30,0,0.00,0,0.2700,0.1220,0.0000,0.0000,0,REST-S,3,7,6
581,15541,2:36:00,0,0.00,0,0.2500,0.1120,0.0000,0.0000,0,REST-S,3,7,6
581,15542,2:36:30,0,0.00,0,0.2700,0.1220,0.0000,0.0000,0,REST-S,3,7,6
581,15543,2:37:00,0,0.00,0,0.2700,0.1220,0.0000,0.0000,0,REST-S,3,7,6
581,15544,2:37:30,0,0.00,0,0.2500,0.1120,0.0000,0.0000,0,REST-S,3,7,6
581,15545,2:38:00,0,0.00,0,0.2700,0.1220,0.0000,0.0000,0,REST-S,3,7,6
581,15546,2:38:30,0,0.00,0,0.2700,0.1220,0.0000,0.0000,0,REST-S,3,7,6
581,15547,2:39:00,0,0.00,0,0.2500,0.1120,0.0000,0.0000,0,REST-S,3,7,6
581,15548,2:39:30,0,1.00,0,0.2700,0.1220,0.0000,0.0000,0,REST-S,3,7,6
581,15549,2:40:00,0,0.00,0,0.2700,0.1220,0.0000,0.0000,0,REST-S,3,7,6
581,15550,2:40:30,0,0.00,0,0.2700,0.1220,0.0000,0.0000,0,REST-S,3,7,6
581,15551,2:41:00,0,0.00,0,0.2500,0.1120,0.0000,0.0000,0,REST-S,3,7,6
581,15552,2:41:30,0,0.00,0,0.2700,0.1220,0.0000,0.0000,0,REST-S,3,7,6
581,15553,2:42:00,0,0.00,0,0.2700,0.1220,0.0000,0.0000,0,REST-S,3,7,6
581,15554,2:42:30,0,0.00,0,0.2700,0.1220,0.0000,0.0000,0,REST-S,3,7,6
581,15555,2:43:00,0,0.00,0,0.2700,0.1220,0.0000,0.0000,0,REST-S,3,7,6
581,15556,2:43:30,0,0.00,0,0.2700,0.1220,0.0000,0.0000,0,REST-S,3,7,6
581,15557,2:44:00,0,0.00,0,0.2500,0.1120,0.0000,0.0000,0,REST-S,3,7,6
581,15558,2:44:30,0,0.00,0,0.2700,0.1220,0.0000,0.0000,0,REST-S,3,7,6
581,15559,2:45:00,0,0.00,0,0.2500,0.1120,0.0000,0.0000,0,REST-S,3,7,6
581,15560,2:45:30,0,0.00,0,0.2700,0.1220,0.0000,0.0000,0,REST-S,3,7,6
581,15561,2:46:00,0,0.00,0,0.2500,0.1120,0.0000,0.0000,0,REST-S,3,7,6
581,15562,2:46:30,0,0.00,0,0.2500,0.1120,0.0000,0.0000,0,REST-S,3,7,6
581,15563,2:47:00,0,0.00,0,0.2500,0.1120,0.0000,0.0000,0,REST-S,3,7,6
581,15564,2:47:30,0,0.00,0,0.2500,0.1120,0.0000,0.0000,0,REST-S,3,7,6
581,15565,2:48:00,0,0.00,0,0.2700,0.1220,0.0000,0.0000,0,REST-S,3,7,6
581,15566,2:48:30,0,0.00,0,0.2500,0.1120,0.0000,0.0000,0,REST-S,3,7,6
581,15567,2:49:00,0,0.00,0,0.2500,0.1120,0.0000,0.0000,0,REST-S,3,7,6
581,15568,2:49:30,0,0.00,0,0.2500,0.1120,0.0000,0.0000,0,REST-S,3,7,6
581,15569,2:50:00,0,0.00,0,0.2700,0.1220,0.0000,0.0000,0,REST-S,3,7,6
581,15570,2:50:30,0,0.00,0,0.2700,0.1220,0.0000,0.0000,0,REST-S,3,7,6
581,15571,2:51:00,0,0.00,0,0.2700,0.1220,0.0000,0.0000,0,REST-S,3,7,6
581,15572,2:51:30,0,0.00,0,0.2700,0.1220,0.0000,0.0000,0,REST-S,3,7,6
581,15573,2:52:00,0,0.00,0,0.2700,0.1220,0.0000,0.0000,0,REST-S,3,7,6
581,15574,2:52:30,0,0.00,0,0.2700,0.1220,0.0000,0.0000,0,REST-S,3,7,6
581,15575,2:53:00,0,0.00,0,0.2700,0.1220,0.0000,0.0000,0,REST-S,3,7,6
581,15576,2:53:30,0,0.00,0,0.2500,0.1120,0.0000,0.0000,0,REST-S,3,7,6
581,15577,2:54:00,0,0.00,0,0.2700,0.1220,0.0000,0.0000,0,REST-S,3,7,6
581,15578,2:54:30,0,0.00,0,0.2500,0.1120,0.0000,0.0000,0,REST-S,3,7,6
581,15579,2:55:00,0,0.00,0,0.2500,0.1120,0.0000,0.0000,0,REST-S,3,7,6
581,15580,2:55:30,0,0.00,0,0.2500,0.1120,0.0000,0.0000,0,REST-S,3,7,6
581,15581,2:56:00,0,0.00,0,0.2700,0.1220,0.0000,0.0000,0,REST-S,3,7,6
581,15582,2:56:30,0,0.00,0,0.2500,0.1120,0.0000,0.0000,0,REST-S,3,7,6
581,15583,2:57:00,0,0.00,0,0.2700,0.1220,0.0000,0.0000,0,REST-S,3,7,6
581,15584,2:57:30,0,0.00,0,0.2500,0.1120,0.0000,0.0000,0,REST-S,3,7,6
581,15585,2:58:00,0,0.00,0,0.2700,0.1220,0.0000,0.0000,0,REST-S,3,7,6
581,15586,2:58:30,0,0.00,0,0.2500,0.1120,0.0000,0.0000,0,REST-S,3,7,6
581,15587,2:59:00,0,0.00,0,0.2500,0.1120,0.0000,0.0000,0,REST-S,3,7,6
581,15588,2:59:30,0,0.00,0,0.2500,0.1120,0.0000,0.0000,0,REST-S,3,7,6
581,15589,3:00:00,0,0.00,0,0.2500,0.1120,0.0000,0.0000,0,REST-S,3,7,6
581,15590,3:00:30,0,0.00,0,0.2500,0.1120,0.0000,0.0000,0,REST-S,3,7,6
581,15591,3:01:00,0,0.00,0,0.2700,0.1220,0.0000,0.0000,0,REST-S,3,7,6
581,15592,3:01:30,0,0.00,0,0.2700,0.1220,0.0000,0.0000,0,REST-S,3,7,6
581,15593,3:02:00,0,0.00,0,0.2700,0.1220,0.0000,0.0000,0,REST-S,3,7,6
581,15594,3:02:30,0,0.00,0,0.2700,0.1220,0.0000,0.0000,0,REST-S,3,7,6
581,15595,3:03:00,0,0.00,0,0.2500,0.1120,0.0000,0.0000,0,REST-S,3,7,6
581,15596,3:03:30,0,0.00,0,0.2500,0.1120,0.0000,0.0000,0,REST-S,3,7,6
581,15597,3:04:00,0,0.00,0,0.2500,0.1120,0.0000,0.0000,0,REST-S,3,7,6
581,15598,3:04:30,0,0.00,0,0.2500,0.1120,0.0000,0.0000,0,REST-S,3,7,6
581,15599,3:05:00,0,1.00,0,0.2500,0.1120,0.0000,0.0000,0,REST-S,3,7,6
581,15600,3:05:30,0,0.00,0,0.2500,0.1120,0.0000,0.0000,0,REST-S,3,7,6
581,15601,3:06:00,0,0.00,0,0.2500,0.1120,0.0000,0.0000,0,REST-S,3,7,6
581,15602,3:06:30,0,0.00,0,0.2500,0.1120,0.0000,0.0000,0,REST-S,3,7,6
581,15603,3:07:00,0,0.00,0,0.2500,0.1120,0.0000,0.0000,0,REST-S,3,7,6
581,15604,3:07:30,0,0.00,0,0.2500,0.1120,0.0000,0.0000,0,REST-S,3,7,6
581,15605,3:08:00,0,0.00,0,0.2500,0.1120,0.0000,0.0000,0,REST-S,3,7,6
581,15606,3:08:30,0,0.00,0,0.2500,0.1120,0.0000,0.0000,0,REST-S,3,7,6
581,15607,3:09:00,0,0.00,0,0.2500,0.1120,0.0000,0.0000,0,REST-S,3,7,6
581,15608,3:09:30,0,0.00,0,0.2500,0.1120,0.0000,0.0000,0,REST-S,3,7,6
581,15609,3:10:00,0,0.00,0,0.2500,0.1120,0.0000,0.0000,0,REST-S,3,7,6
581,15610,3:10:30,0,0.00,0,0.2500,0.1120,0.0000,0.0000,0,REST-S,3,7,6
581,15611,3:11:00,0,0.00,0,0.2500,0.1120,0.0000,0.0000,0,REST-S,3,7,6
581,15612,3:11:30,0,0.00,0,0.2500,0.1120,0.0000,0.0000,0,REST-S,3,7,6
581,15613,3:12:00,0,0.00,0,0.2500,0.1120,0.0000,0.0000,0,REST-S,3,7,6
581,15614,3:12:30,0,0.00,0,0.2500,0.1120,0.0000,0.0000,0,REST-S,3,7,6
581,15615,3:13:00,0,0.00,0,0.2500,0.1120,0.0000,0.0000,0,REST-S,3,7,6
581,15616,3:13:30,0,0.00,0,0.2500,0.1120,0.0000,0.0000,0,REST-S,3,7,6
581,15617,3:14:00,0,0.00,0,0.2500,0.1120,0.0000,0.0000,0,REST-S,3,7,6
581,15618,3:14:30,0,0.00,0,0.2500,0.1120,0.0000,0.0000,0,REST-S,3,7,6
581,15619,3:15:00,0,0.00,0,0.2500,0.1120,0.0000,0.0000,0,REST-S,3,7,6
581,15620,3:15:30,0,0.00,0,0.2500,0.1120,0.0000,0.0000,0,REST-S,3,7,6
581,15621,3:16:00,0,0.00,0,0.2500,0.1120,0.0000,0.0000,0,REST-S,3,7,6
581,15622,3:16:30,0,0.00,0,0.2500,0.1120,0.0000,0.0000,0,REST-S,3,7,6
581,15623,3:17:00,0,0.00,0,0.2500,0.1120,0.0000,0.0000,0,REST-S,3,7,6
581,15624,3:17:30,0,0.00,0,0.2500,0.1120,0.0000,0.0000,0,REST-S,3,7,6
581,15625,3:18:00,0,0.00,0,0.2500,0.1120,0.0000,0.0000,0,REST-S,3,7,6
581,15626,3:18:30,0,0.00,0,0.2500,0.1120,0.0000,0.0000,0,REST-S,3,7,6
581,15627,3:19:00,0,0.00,0,0.2500,0.1120,0.0000,0.0000,0,REST-S,3,7,6
581,15628,3:19:30,0,0.00,0,0.2500,0.1120,0.0000,0.0000,0,REST-S,3,7,6
581,15629,3:20:00,0,0.00,0,0.2500,0.1120,0.0000,0.0000,0,REST-S,3,7,6
581,15630,3:20:30,0,0.00,0,0.2500,0.1120,0.0000,0.0000,0,REST-S,3,7,6
581,15631,3:21:00,0,0.00,0,0.2500,0.1120,0.0000,0.0000,0,REST-S,3,7,6
581,15632,3:21:30,0,0.00,0,0.2500,0.1120,0.0000,0.0000,0,REST-S,3,7,6
581,15633,3:22:00,0,0.00,0,0.2500,0.1120,0.0000,0.0000,0,REST-S,3,7,6
581,15634,3:22:30,0,0.00,0,0.2500,0.1120,0.0000,0.0000,0,REST-S,3,7,6
581,15635,3:23:00,0,0.00,0,0.2500,0.1120,0.0000,0.0000,0,REST-S,3,7,6
581,15636,3:23:30,0,0.00,0,0.2500,0.1120,0.0000,0.0000,0,REST-S,3,7,6
581,15637,3:24:00,0,0.00,0,0.2500,0.1120,0.0000,0.0000,0,REST-S,3,7,6
581,15638,3:24:30,0,0.00,0,0.2500,0.1120,0.0000,0.0000,0,REST-S,3,7,6
581,15639,3:25:00,0,0.00,0,0.2700,0.1220,0.0000,0.0000,0,REST-S,3,7,6
581,15640,3:25:30,0,0.00,0,0.2700,0.1220,0.0000,0.0000,0,REST-S,3,7,6
581,15641,3:26:00,0,0.00,0,0.2700,0.1220,0.0000,0.0000,0,REST-S,3,7,6
581,15642,3:26:30,0,0.00,0,0.2700,0.1220,0.0000,0.0000,0,REST-S,3,7,6
581,15643,3:27:00,0,0.00,0,0.2700,0.1220,0.0000,0.0000,0,REST-S,3,7,6
581,15644,3:27:30,0,0.00,0,0.2700,0.1220,0.0000,0.0000,0,REST-S,3,7,6
581,15645,3:28:00,0,0.00,0,0.2700,0.1220,0.0000,0.0000,0,REST-S,3,7,6
581,15646,3:28:30,0,0.00,0,0.2700,0.1220,0.0000,0.0000,0,REST-S,3,7,6
581,15647,3:29:00,0,0.00,0,0.2700,0.1220,0.0000,0.0000,0,REST-S,3,7,6
581,15648,3:29:30,0,0.00,0,0.2700,0.1220,0.0000,0.0000,0,REST-S,3,7,6
581,15649,3:30:00,0,0.00,0,0.2700,0.1220,0.0000,0.0000,0,REST-S,3,7,6
581,15650,3:30:30,0,0.00,0,0.2700,0.1220,0.0000,0.0000,0,REST-S,3,7,6
581,15651,3:31:00,0,0.00,0,0.2500,0.1120,0.0000,0.0000,0,REST-S,3,7,6
581,15652,3:31:30,0,0.00,0,0.2500,0.1120,0.0000,0.0000,0,REST-S,3,7,6
581,15653,3:32:00,0,0.00,0,0.2500,0.1120,0.0000,0.0000,0,REST-S,3,7,6
581,15654,3:32:30,0,0.00,0,0.2500,0.1120,0.0000,0.0000,0,REST-S,3,7,6
581,15655,3:33:00,0,0.00,0,0.2500,0.1120,0.0000,0.0000,0,REST-S,3,7,6
581,15656,3:33:30,0,0.00,0,0.2500,0.1120,0.0000,0.0000,0,REST-S,3,7,6
581,15657,3:34:00,0,0.00,0,0.2500,0.1120,0.0000,0.0000,0,REST-S,3,7,6
581,15658,3:34:30,0,0.00,0,0.2500,0.1120,0.0000,0.0000,0,REST-S,3,7,6
581,15659,3:35:00,0,0.00,0,0.2500,0.1120,0.0000,0.0000,0,REST-S,3,7,6
581,15660,3:35:30,0,0.00,0,0.2500,0.1120,0.0000,0.0000,0,REST-S,3,7,6
581,15661,3:36:00,0,0.00,0,0.2500,0.1120,0.0000,0.0000,0,REST-S,3,7,6
581,15662,3:36:30,0,0.00,0,0.2500,0.1120,0.0000,0.0000,0,REST-S,3,7,6
581,15663,3:37:00,0,0.00,0,0.2500,0.1120,0.0000,0.0000,0,REST-S,3,7,6
581,15664,3:37:30,0,0.00,0,0.2500,0.1120,0.0000,0.0000,0,REST-S,3,7,6
581,15665,3:38:00,0,0.00,0,0.2500,0.1120,0.0000,0.0000,0,REST-S,3,7,6
581,15666,3:38:30,0,0.00,0,0.2500,0.1120,0.0000,0.0000,1,REST-S,3,7,6
581,15667,3:39:00,0,0.00,0,0.2500,0.1120,0.0000,0.0000,1,REST-S,3,7,6
581,15668,3:39:30,0,252.00,0,0.2500,0.1120,0.0000,0.0000,1,REST-S,3,7,6
581,15669,3:40:00,0,151.00,0,0.2500,0.1120,0.0000,0.0000,1,REST-S,3,7,6
581,15670,3:40:30,0,0.00,0,0.2700,0.1220,0.0000,0.0000,1,REST-S,3,7,6
581,15671,3:41:00,0,0.00,0,0.2700,0.1220,0.0000,0.0000,1,REST-S,3,7,6
581,15672,3:41:30,0,0.00,0,0.2700,0.1220,0.0000,0.0000,0,REST-S,3,7,6
581,15673,3:42:00,0,0.00,0,0.2800,0.1220,0.0000,0.0117,0,REST-S,3,7,6
581,15674,3:42:30,0,0.00,0,0.4600,0.1070,0.0251,0.0000,0,REST-S,3,7,6
581,15675,3:43:00,0,103.00,0,0.3000,0.1300,0.0000,0.0117,1,REST-S,3,7,6
581,15676,3:43:30,0,0.00,0,0.5700,0.1140,0.0347,0.0117,0,REST-S,3,7,6
581,15677,3:44:00,0,0.00,0,0.5700,0.1140,0.0347,0.0117,0,REST-S,3,7,6
581,15678,3:44:30,0,0.00,0,0.5700,0.1140,0.0347,0.0117,0,REST-S,3,7,6
581,15679,3:45:00,0,0.00,0,0.5700,0.1140,0.0347,0.0117,0,REST-S,3,7,6
581,15680,3:45:30,0,0.00,0,0.5700,0.1140,0.0347,0.0117,0,REST-S,3,7,6
581,15681,3:46:00,0,0.00,0,0.5700,0.1140,0.0347,0.0117,0,REST-S,3,7,6
581,15682,3:46:30,0,0.00,0,0.5700,0.1140,0.0347,0.0117,0,REST-S,3,7,6
581,15683,3:47:00,0,0.00,0,0.5900,0.1220,0.0347,0.0117,0,REST-S,3,7,6
581,15684,3:47:30,0,0.00,0,0.5900,0.1220,0.0347,0.0117,0,REST-S,3,7,6
581,15685,3:48:00,0,0.00,0,0.5900,0.1220,0.0347,0.0117,0,REST-S,3,7,6
581,15686,3:48:30,0,0.00,0,0.5900,0.1220,0.0347,0.0117,0,REST-S,3,7,6
581,15687,3:49:00,0,0.00,0,0.5900,0.1220,0.0347,0.0117,0,REST-S,3,7,6
581,15688,3:49:30,0,123.00,0,0.5900,0.1220,0.0347,0.0117,1,REST-S,3,7,6
581,15689,3:50:00,0,0.00,0,0.5900,0.1220,0.0347,0.0117,0,REST-S,3,7,6
581,15690,3:50:30,0,0.00,0,0.5900,0.1220,0.0347,0.0117,1,REST-S,3,7,6
581,15691,3:51:00,0,0.00,0,0.5900,0.1220,0.0347,0.0117,0,REST-S,3,7,6
581,15692,3:51:30,0,114.00,0,0.5700,0.1140,0.0347,0.0117,1,REST-S,3,7,6
581,15693,3:52:00,0,52.00,0,0.5700,0.1140,0.0347,0.0117,1,REST-S,3,7,6
581,15694,3:52:30,0,0.00,0,0.5700,0.1140,0.0347,0.0117,0,REST-S,3,7,6
581,15695,3:53:00,0,0.00,0,0.5700,0.1140,0.0347,0.0117,0,REST-S,3,7,6
581,15696,3:53:30,0,0.00,0,0.5700,0.1140,0.0347,0.0117,0,REST-S,3,7,6
581,15697,3:54:00,0,0.00,0,0.5900,0.1220,0.0347,0.0117,0,REST-S,3,7,6
581,15698,3:54:30,0,0.00,0,0.5900,0.1220,0.0347,0.0117,0,REST-S,3,7,6
581,15699,3:55:00,0,0.00,0,0.5900,0.1220,0.0347,0.0117,0,REST-S,3,7,6
581,15700,3:55:30,0,0.00,0,0.5900,0.1220,0.0347,0.0117,0,REST-S,3,7,6
581,15701,3:56:00,0,0.00,0,0.5900,0.1220,0.0347,0.0117,0,REST-S,3,7,6
581,15702,3:56:30,0,0.00,0,0.5900,0.1220,0.0347,0.0117,0,REST-S,3,7,6
581,15703,3:57:00,0,0.00,0,0.5900,0.1220,0.0347,0.0117,0,REST-S,3,7,6
581,15704,3:57:30,0,0.00,0,0.5900,0.1220,0.0347,0.0117,0,REST-S,3,7,6
581,15705,3:58:00,0,0.00,0,0.5900,0.1220,0.0347,0.0117,0,REST-S,3,7,6
581,15706,3:58:30,0,0.00,0,0.5900,0.1220,0.0347,0.0117,0,REST-S,3,7,6
581,15707,3:59:00,0,0.00,0,0.5900,0.1220,0.0347,0.0117,0,REST-S,3,7,6
581,15708,3:59:30,0,0.00,0,0.5900,0.1220,0.0347,0.0117,0,REST-S,3,7,6
581,15709,4:00:00,0,0.00,0,0.5900,0.1220,0.0347,0.0117,0,REST-S,3,7,6
581,15710,4:00:30,0,0.00,0,0.5900,0.1220,0.0347,0.0117,0,REST-S,3,7,6
581,15711,4:01:00,0,0.00,0,0.5900,0.1220,0.0347,0.0117,0,REST-S,3,7,6
581,15712,4:01:30,0,21.00,0,0.5900,0.1220,0.0347,0.0117,1,REST-S,3,7,6
581,15713,4:02:00,0,0.00,0,0.5900,0.1220,0.0347,0.0117,0,REST-S,3,7,6
581,15714,4:02:30,0,0.00,0,0.5900,0.1220,0.0347,0.0117,0,REST-S,3,7,6
581,15715,4:03:00,0,0.00,0,0.5900,0.1220,0.0347,0.0117,1,REST-S,3,7,6
581,15716,4:03:30,0,22.00,0,0.5900,0.1220,0.0347,0.0117,1,REST-S,3,7,6
581,15717,4:04:00,0,214.00,0,0.5900,0.1220,0.0347,0.0117,1,REST-S,3,7,6
581,15718,4:04:30,0,0.00,0,0.5900,0.1220,0.0347,0.0117,1,REST-S,3,7,6
581,15719,4:05:00,0,0.00,0,0.5900,0.1220,0.0347,0.0117,1,REST-S,3,7,6
581,15720,4:05:30,0,0.00,0,0.5700,0.1140,0.0347,0.0117,0,REST-S,3,7,6
581,15721,4:06:00,0,29.00,0,0.5700,0.1140,0.0347,0.0117,1,REST-S,3,7,6
581,15722,4:06:30,0,0.00,0,0.5700,0.1140,0.0347,0.0117,0,REST-S,3,7,6
581,15723,4:07:00,0,114.00,0,0.5700,0.1140,0.0347,0.0117,1,REST-S,3,7,6
581,15724,4:07:30,0,0.00,0,0.5900,0.1220,0.0347,0.0117,0,REST-S,3,7,6
581,15725,4:08:00,0,0.00,0,0.5900,0.1220,0.0347,0.0117,0,REST-S,3,7,6
581,15726,4:08:30,0,32.00,0,0.5900,0.1220,0.0347,0.0117,1,REST-S,3,7,6
581,15727,4:09:00,0,0.00,0,0.5900,0.1220,0.0347,0.0117,0,REST-S,3,7,6
581,15728,4:09:30,0,0.00,0,0.5700,0.1140,0.0347,0.0117,0,REST-S,3,7,6
581,15729,4:10:00,0,0.00,0,0.5900,0.1220,0.0347,0.0117,0,REST-S,3,7,6
581,15730,4:10:30,0,0.00,0,0.5700,0.1140,0.0347,0.0117,0,REST-S,3,7,6
581,15731,4:11:00,0,0.00,0,0.5900,0.1220,0.0347,0.0117,0,REST-S,3,7,6
581,15732,4:11:30,0,0.00,0,0.5900,0.1220,0.0347,0.0117,0,REST-S,3,7,6
581,15733,4:12:00,0,0.00,0,0.5900,0.1220,0.0347,0.0117,0,REST-S,3,7,6
581,15734,4:12:30,0,0.00,0,0.5900,0.1220,0.0347,0.0117,0,REST-S,3,7,6
581,15735,4:13:00,0,0.00,0,0.5900,0.1220,0.0347,0.0117,0,REST-S,3,7,6
581,15736,4:13:30,0,0.00,0,0.5900,0.1220,0.0347,0.0117,0,REST-S,3,7,6
581,15737,4:14:00,0,0.00,0,0.5900,0.1220,0.0347,0.0117,0,REST-S,3,7,6
581,15738,4:14:30,0,0.00,0,0.5900,0.1220,0.0347,0.0117,0,REST-S,3,7,6
581,15739,4:15:00,0,0.00,0,0.5700,0.1140,0.0347,0.0117,0,REST-S,3,7,6
581,15740,4:15:30,0,0.00,0,0.5700,0.1140,0.0347,0.0117,0,REST-S,3,7,6
581,15741,4:16:00,0,13.00,0,0.5700,0.1140,0.0347,0.0117,0,REST-S,3,7,6
581,15742,4:16:30,0,0.00,0,0.5700,0.1140,0.0347,0.0117,0,REST-S,3,7,6
581,15743,4:17:00,0,0.00,0,0.5700,0.1140,0.0347,0.0117,0,REST-S,3,7,6
581,15744,4:17:30,0,0.00,0,0.5700,0.1140,0.0347,0.0117,0,REST-S,3,7,6
581,15745,4:18:00,0,0.00,0,0.5700,0.1140,0.0347,0.0117,0,REST-S,3,7,6
581,15746,4:18:30,0,0.00,0,0.5700,0.1140,0.0347,0.0117,0,REST-S,3,7,6
581,15747,4:19:00,0,0.00,0,0.5700,0.1140,0.0347,0.0117,0,REST-S,3,7,6
581,15748,4:19:30,0,0.00,0,0.5700,0.1140,0.0347,0.0117,0,REST-S,3,7,6
581,15749,4:20:00,0,0.00,0,0.5700,0.1140,0.0347,0.0117,0,REST-S,3,7,6
581,15750,4:20:30,0,0.00,0,0.5900,0.1220,0.0347,0.0117,0,REST-S,3,7,6
581,15751,4:21:00,0,0.00,0,0.5900,0.1220,0.0347,0.0117,0,REST-S,3,7,6
581,15752,4:21:30,0,0.00,0,0.5900,0.1220,0.0347,0.0117,0,REST-S,3,7,6
581,15753,4:22:00,0,0.00,0,0.5700,0.1140,0.0347,0.0117,0,REST-S,3,7,6
581,15754,4:22:30,0,0.00,0,0.5900,0.1220,0.0347,0.0117,0,REST-S,3,7,6
581,15755,4:23:00,0,0.00,0,0.5700,0.1140,0.0347,0.0117,0,REST-S,3,7,6
581,15756,4:23:30,0,0.00,0,0.5700,0.1140,0.0347,0.0117,0,REST-S,3,7,6
581,15757,4:24:00,0,0.00,0,0.5700,0.1140,0.0347,0.0117,0,REST-S,3,7,6
581,15758,4:24:30,0,0.00,0,0.5700,0.1140,0.0347,0.0117,0,REST-S,3,7,6
581,15759,4:25:00,0,0.00,0,0.5900,0.1220,0.0347,0.0117,0,REST-S,3,7,6
581,15760,4:25:30,0,0.00,0,0.5900,0.1220,0.0347,0.0117,0,REST-S,3,7,6
581,15761,4:26:00,0,0.00,0,0.5900,0.1220,0.0347,0.0117,0,REST-S,3,7,6
581,15762,4:26:30,0,0.00,0,0.5900,0.1220,0.0347,0.0117,0,REST-S,3,7,6
581,15763,4:27:00,0,0.00,0,0.5900,0.1220,0.0347,0.0117,0,REST-S,3,7,6
581,15764,4:27:30,0,0.00,0,0.5900,0.1220,0.0347,0.0117,0,REST-S,3,7,6
581,15765,4:28:00,0,0.00,0,0.5900,0.1220,0.0347,0.0117,0,REST-S,3,7,6
581,15766,4:28:30,0,0.00,0,0.5900,0.1220,0.0347,0.0117,0,REST-S,3,7,6
581,15767,4:29:00,0,0.00,0,0.5900,0.1220,0.0347,0.0117,0,REST-S,3,7,6
581,15768,4:29:30,0,0.00,0,0.5900,0.1220,0.0347,0.0117,0,REST-S,3,7,6
581,15769,4:30:00,0,0.00,0,0.6000,0.1300,0.0347,0.0117,0,REST-S,3,7,6
581,15770,4:30:30,0,0.00,0,0.5700,0.1140,0.0347,0.0117,0,REST-S,3,7,6
581,15771,4:31:00,0,0.00,0,0.5700,0.1140,0.0347,0.0117,0,REST-S,3,7,6
581,15772,4:31:30,0,0.00,0,0.5900,0.1220,0.0347,0.0117,0,REST-S,3,7,6
581,15773,4:32:00,0,0.00,0,0.5700,0.1140,0.0347,0.0117,0,REST-S,3,7,6
581,15774,4:32:30,0,0.00,0,0.5700,0.1140,0.0347,0.0117,0,REST-S,3,7,6
581,15775,4:33:00,0,0.00,0,0.5700,0.1140,0.0347,0.0117,0,REST-S,3,7,6
581,15776,4:33:30,0,0.00,0,0.5700,0.1140,0.0347,0.0117,0,REST-S,3,7,6
581,15777,4:34:00,0,0.00,0,0.5700,0.1140,0.0347,0.0117,0,REST-S,3,7,6
581,15778,4:34:30,0,0.00,0,0.5700,0.1140,0.0347,0.0117,0,REST-S,3,7,6
581,15779,4:35:00,0,0.00,0,0.5700,0.1140,0.0347,0.0117,0,REST-S,3,7,6
581,15780,4:35:30,0,0.00,0,0.5700,0.1140,0.0347,0.0117,0,REST-S,3,7,6
581,15781,4:36:00,0,0.00,0,0.5700,0.1140,0.0347,0.0117,0,REST-S,3,7,6
581,15782,4:36:30,0,0.00,0,0.5900,0.1220,0.0347,0.0117,0,REST-S,3,7,6
581,15783,4:37:00,0,0.00,0,0.5900,0.1220,0.0347,0.0117,0,REST-S,3,7,6
581,15784,4:37:30,0,0.00,0,0.5900,0.1220,0.0347,0.0117,0,REST-S,3,7,6
581,15785,4:38:00,0,0.00,0,0.5900,0.1220,0.0347,0.0117,0,REST-S,3,7,6
581,15786,4:38:30,0,0.00,0,0.6000,0.1300,0.0347,0.0117,0,REST-S,3,7,6
581,15787,4:39:00,0,0.00,0,0.6200,0.1360,0.0347,0.0117,0,REST-S,3,7,6
581,15788,4:39:30,0,0.00,0,0.6200,0.1360,0.0347,0.0117,0,REST-S,3,7,6
581,15789,4:40:00,0,0.00,0,0.6200,0.1360,0.0347,0.0117,0,REST-S,3,7,6
581,15790,4:40:30,0,0.00,0,0.6200,0.1360,0.0347,0.0117,0,REST-S,3,7,6
581,15791,4:41:00,0,0.00,0,0.6200,0.1360,0.0347,0.0117,0,REST-S,3,7,6
581,15792,4:41:30,0,0.00,0,0.6200,0.1360,0.0347,0.0117,0,REST-S,3,7,6
581,15793,4:42:00,0,0.00,0,0.6200,0.1360,0.0347,0.0117,0,REST-S,3,7,6
581,15794,4:42:30,0,0.00,0,0.6200,0.1360,0.0347,0.0117,0,REST-S,3,7,6
581,15795,4:43:00,0,0.00,0,0.6200,0.1360,0.0347,0.0117,0,REST-S,3,7,6
581,15796,4:43:30,0,0.00,0,0.6200,0.1360,0.0347,0.0117,0,REST-S,3,7,6
581,15797,4:44:00,0,0.00,0,0.6200,0.1360,0.0347,0.0117,0,REST-S,3,7,6
581,15798,4:44:30,0,0.00,0,0.6200,0.1360,0.0347,0.0117,0,REST-S,3,7,6
581,15799,4:45:00,0,0.00,0,0.6200,0.1360,0.0347,0.0117,0,REST-S,3,7,6
581,15800,4:45:30,0,0.00,0,0.6200,0.1360,0.0347,0.0117,0,REST-S,3,7,6
581,15801,4:46:00,0,0.00,0,0.6000,0.1300,0.0347,0.0117,0,REST-S,3,7,6
581,15802,4:46:30,0,0.00,0,0.6200,0.1360,0.0347,0.0117,0,REST-S,3,7,6
581,15803,4:47:00,0,0.00,0,0.6200,0.1360,0.0347,0.0117,0,REST-S,3,7,6
581,15804,4:47:30,0,0.00,0,0.6200,0.1360,0.0347,0.0117,0,REST-S,3,7,6
581,15805,4:48:00,0,0.00,0,0.6200,0.1360,0.0347,0.0117,0,REST-S,3,7,6
581,15806,4:48:30,0,0.00,0,0.6200,0.1360,0.0347,0.0117,0,REST-S,3,7,6
581,15807,4:49:00,0,0.00,0,0.6200,0.1360,0.0347,0.0117,0,REST-S,3,7,6
581,15808,4:49:30,0,0.00,0,0.6200,0.1360,0.0347,0.0117,0,REST-S,3,7,6
581,15809,4:50:00,0,0.00,0,0.6200,0.1360,0.0347,0.0117,0,REST-S,3,7,6
581,15810,4:50:30,0,0.00,0,0.6200,0.1360,0.0347,0.0117,0,REST-S,3,7,6
581,15811,4:51:00,0,0.00,0,0.6200,0.1360,0.0347,0.0117,0,REST-S,3,7,6
581,15812,4:51:30,0,0.00,0,0.6200,0.1360,0.0347,0.0117,0,REST-S,3,7,6
581,15813,4:52:00,0,4.00,0,0.5900,0.1220,0.0347,0.0117,0,REST-S,3,7,6
581,15814,4:52:30,0,0.00,0,0.5900,0.1220,0.0347,0.0117,0,REST-S,3,7,6
581,15815,4:53:00,0,0.00,0,0.5900,0.1220,0.0347,0.0117,0,REST-S,3,7,6
581,15816,4:53:30,0,0.00,0,0.5900,0.1220,0.0347,0.0117,0,REST-S,3,7,6
581,15817,4:54:00,0,0.00,0,0.5900,0.1220,0.0347,0.0117,0,REST-S,3,7,6
581,15818,4:54:30,0,0.00,0,0.5900,0.1220,0.0347,0.0117,0,REST-S,3,7,6
581,15819,4:55:00,0,0.00,0,0.5900,0.1220,0.0347,0.0117,0,REST-S,3,7,6
581,15820,4:55:30,0,0.00,0,0.6000,0.1300,0.0347,0.0117,0,REST-S,3,7,6
581,15821,4:56:00,0,0.00,0,0.6200,0.1360,0.0347,0.0117,0,REST-S,3,7,6
581,15822,4:56:30,0,0.00,0,0.6200,0.1360,0.0347,0.0117,0,REST-S,3,7,6
581,15823,4:57:00,0,0.00,0,0.5900,0.1220,0.0347,0.0117,0,REST-S,3,7,6
581,15824,4:57:30,0,0.00,0,0.5900,0.1220,0.0347,0.0117,0,REST-S,3,7,6
581,15825,4:58:00,0,0.00,0,0.5900,0.1220,0.0347,0.0117,0,REST-S,3,7,6
581,15826,4:58:30,0,0.00,0,0.5900,0.1220,0.0347,0.0117,0,REST-S,3,7,6
581,15827,4:59:00,0,0.00,0,0.5900,0.1220,0.0347,0.0117,0,REST-S,3,7,6
581,15828,4:59:30,0,0.00,0,0.5900,0.1220,0.0347,0.0117,0,REST-S,3,7,6
581,15829,5:00:00,0,0.00,0,0.5900,0.1220,0.0347,0.0117,0,REST-S,3,7,6
581,15830,5:00:30,0,0.00,0,0.5900,0.1220,0.0347,0.0117,0,REST-S,3,7,6
581,15831,5:01:00,0,0.00,0,0.5900,0.1220,0.0347,0.0117,0,REST-S,3,7,6
581,15832,5:01:30,0,0.00,0,0.5900,0.1220,0.0347,0.0117,0,REST-S,3,7,6
581,15833,5:02:00,0,0.00,0,0.5900,0.1220,0.0347,0.0117,0,REST-S,3,7,6
581,15834,5:02:30,0,133.00,0,0.6000,0.1300,0.0347,0.0117,1,REST-S,3,7,6
581,15835,5:03:00,0,0.00,0,0.6000,0.1300,0.0347,0.0117,0,REST-S,3,7,6
581,15836,5:03:30,0,0.00,0,0.6200,0.1360,0.0347,0.0117,0,REST-S,3,7,6
581,15837,5:04:00,0,0.00,0,0.6200,0.1360,0.0347,0.0117,0,REST-S,3,7,6
581,15838,5:04:30,0,0.00,0,0.5900,0.1220,0.0347,0.0117,0,REST-S,3,7,6
581,15839,5:05:00,0,0.00,0,0.5700,0.1140,0.0347,0.0117,0,REST-S,3,7,6
581,15840,5:05:30,0,0.00,0,0.6000,0.1300,0.0347,0.0117,0,REST-S,3,7,6
581,15841,5:06:00,0,0.00,0,0.6200,0.1360,0.0347,0.0117,0,REST-S,3,7,6
581,15842,5:06:30,0,0.00,0,0.6000,0.1300,0.0347,0.0117,0,REST-S,3,7,6
581,15843,5:07:00,0,0.00,0,0.6000,0.1300,0.0347,0.0117,0,REST-S,3,7,6
581,15844,5:07:30,0,0.00,0,0.6000,0.1300,0.0347,0.0117,0,REST-S,3,7,6
581,15845,5:08:00,0,0.00,0,0.6000,0.1300,0.0347,0.0117,0,REST-S,3,7,6
581,15846,5:08:30,0,0.00,0,0.6200,0.1360,0.0347,0.0117,0,REST-S,3,7,6
581,15847,5:09:00,0,0.00,0,0.6000,0.1300,0.0347,0.0117,0,REST-S,3,7,6
581,15848,5:09:30,0,0.00,0,0.6000,0.1300,0.0347,0.0117,0,REST-S,3,7,6
581,15849,5:10:00,0,0.00,0,0.6000,0.1300,0.0347,0.0117,0,REST-S,3,7,6
581,15850,5:10:30,0,0.00,0,0.6200,0.1360,0.0347,0.0117,0,REST-S,3,7,6
581,15851,5:11:00,0,0.00,0,0.6200,0.1360,0.0347,0.0117,0,REST-S,3,7,6
581,15852,5:11:30,0,0.00,0,0.6200,0.1360,0.0347,0.0117,0,REST-S,3,7,6
581,15853,5:12:00,0,0.00,0,0.6200,0.1360,0.0347,0.0117,0,REST-S,3,7,6
581,15854,5:12:30,0,0.00,0,0.6200,0.1360,0.0347,0.0117,0,REST-S,3,7,6
581,15855,5:13:00,0,0.00,0,0.6200,0.1360,0.0347,0.0117,0,REST-S,3,7,6
581,15856,5:13:30,0,0.00,0,0.6000,0.1300,0.0347,0.0117,0,REST-S,3,7,6
581,15857,5:14:00,0,0.00,0,0.5700,0.1140,0.0347,0.0117,0,REST-S,3,7,6
581,15858,5:14:30,0,0.00,0,0.5700,0.1140,0.0347,0.0117,0,REST-S,3,7,6
581,15859,5:15:00,0,0.00,0,0.5700,0.1140,0.0347,0.0117,0,REST-S,3,7,6
581,15860,5:15:30,0,0.00,0,0.5700,0.1140,0.0347,0.0117,0,REST-S,3,7,6
581,15861,5:16:00,0,0.00,0,0.5700,0.1140,0.0347,0.0117,0,REST-S,3,7,6
581,15862,5:16:30,0,200.00,0,0.5700,0.1140,0.0347,0.0117,1,REST-S,3,7,6
581,15863,5:17:00,0,0.00,0,0.5700,0.1140,0.0347,0.0117,0,REST-S,3,7,6
581,15864,5:17:30,0,0.00,0,0.5700,0.1140,0.0347,0.0117,0,REST-S,3,7,6
581,15865,5:18:00,0,0.00,0,0.5700,0.1140,0.0347,0.0117,0,REST-S,3,7,6
581,15866,5:18:30,0,0.00,0,0.5700,0.1140,0.0347,0.0117,0,REST-S,3,7,6
581,15867,5:19:00,0,0.00,0,0.5700,0.1140,0.0347,0.0117,0,REST-S,3,7,6
581,15868,5:19:30,0,0.00,0,0.5700,0.1140,0.0347,0.0117,0,REST-S,3,7,6
581,15869,5:20:00,0,0.00,0,0.5700,0.1140,0.0347,0.0117,0,REST-S,3,7,6
581,15870,5:20:30,0,0.00,0,0.5700,0.1140,0.0347,0.0117,0,REST-S,3,7,6
581,15871,5:21:00,0,0.00,0,0.5700,0.1140,0.0347,0.0117,0,REST-S,3,7,6
581,15872,5:21:30,0,0.00,0,0.5700,0.1140,0.0347,0.0117,0,REST-S,3,7,6
581,15873,5:22:00,0,0.00,0,0.5700,0.1140,0.0347,0.0117,0,REST-S,3,7,6
581,15874,5:22:30,0,0.00,0,0.5700,0.1140,0.0347,0.0117,0,REST-S,3,7,6
581,15875,5:23:00,0,0.00,0,0.5700,0.1140,0.0347,0.0117,0,REST-S,3,7,6
581,15876,5:23:30,0,0.00,0,0.5700,0.1140,0.0347,0.0117,0,REST-S,3,7,6
581,15877,5:24:00,0,0.00,0,0.5700,0.1140,0.0347,0.0117,0,REST-S,3,7,6
581,15878,5:24:30,0,2.00,0,0.5700,0.1140,0.0347,0.0117,0,REST-S,3,7,6
581,15879,5:25:00,0,0.00,0,0.5700,0.1140,0.0347,0.0117,0,REST-S,3,7,6
581,15880,5:25:30,0,1.00,0,0.5700,0.1140,0.0347,0.0117,0,REST-S,3,7,6
581,15881,5:26:00,0,0.00,0,0.4700,0.1140,0.0251,0.0000,0,REST-S,3,7,6
581,15882,5:26:30,0,0.00,0,0.5700,0.1140,0.0347,0.0117,0,REST-S,3,7,6
581,15883,5:27:00,0,0.00,0,0.5700,0.1140,0.0347,0.0117,0,REST-S,3,7,6
581,15884,5:27:30,0,89.00,0,0.5700,0.1140,0.0347,0.0117,1,REST-S,3,7,6
581,15885,5:28:00,0,56.00,0,0.4700,0.1140,0.0251,0.0000,1,REST-S,3,7,6
581,15886,5:28:30,0,0.00,0,0.5700,0.1140,0.0347,0.0117,0,REST-S,3,7,6
581,15887,5:29:00,0,0.00,0,0.5700,0.1140,0.0347,0.0117,0,REST-S,3,7,6
581,15888,5:29:30,0,16.00,0,0.5700,0.1140,0.0347,0.0117,0,REST-S,3,7,6
581,15889,5:30:00,0,0.00,0,0.5700,0.1140,0.0347,0.0117,0,REST-S,3,7,6
581,15890,5:30:30,0,0.00,0,0.5700,0.1140,0.0347,0.0117,0,REST-S,3,7,6
581,15891,5:31:00,0,0.00,0,0.5700,0.1140,0.0347,0.0117,0,REST-S,3,7,6
581,15892,5:31:30,0,0.00,0,0.5700,0.1140,0.0347,0.0117,0,REST-S,3,7,6
581,15893,5:32:00,0,16.00,0,0.5700,0.1140,0.0347,0.0117,1,REST-S,3,7,6
581,15894,5:32:30,0,89.00,0,0.5700,0.1140,0.0347,0.0117,1,REST-S,3,7,6
581,15895,5:33:00,0,0.00,0,0.5700,0.1140,0.0347,0.0117,0,REST-S,3,7,6
581,15896,5:33:30,0,0.00,0,0.5700,0.1140,0.0347,0.0117,0,REST-S,3,7,6
581,15897,5:34:00,0,0.00,0,0.5700,0.1140,0.0347,0.0117,0,REST-S,3,7,6
581,15898,5:34:30,0,0.00,0,0.5700,0.1140,0.0347,0.0117,0,REST-S,3,7,6
581,15899,5:35:00,0,0.00,0,0.5700,0.1140,0.0347,0.0117,0,REST-S,3,7,6
581,15900,5:35:30,0,0.00,0,0.5700,0.1140,0.0347,0.0117,0,REST-S,3,7,6
581,15901,5:36:00,0,0.00,0,0.5700,0.1140,0.0347,0.0117,0,REST-S,3,7,6
581,15902,5:36:30,0,0.00,0,0.5700,0.1140,0.0347,0.0117,0,REST-S,3,7,6
581,15903,5:37:00,0,0.00,0,0.5700,0.1140,0.0347,0.0117,0,REST-S,3,7,6
581,15904,5:37:30,0,0.00,0,0.5700,0.1140,0.0347,0.0117,0,REST-S,3,7,6
581,15905,5:38:00,0,0.00,0,0.5700,0.1140,0.0347,0.0117,0,REST-S,3,7,6
581,15906,5:38:30,0,1.00,0,0.5700,0.1140,0.0347,0.0117,0,REST-S,3,7,6
581,15907,5:39:00,0,0.00,0,0.5700,0.1140,0.0347,0.0117,0,REST-S,3,7,6
581,15908,5:39:30,0,0.00,0,0.5700,0.1140,0.0347,0.0117,0,REST-S,3,7,6
581,15909,5:40:00,0,0.00,0,0.5700,0.1140,0.0347,0.0117,0,REST-S,3,7,6
581,15910,5:40:30,0,0.00,0,0.5700,0.1140,0.0347,0.0117,0,REST-S,3,7,6
581,15911,5:41:00,0,0.00,0,0.5700,0.1140,0.0347,0.0117,0,REST-S,3,7,6
581,15912,5:41:30,0,0.00,0,0.5700,0.1140,0.0347,0.0117,0,REST-S,3,7,6
581,15913,5:42:00,0,0.00,0,0.5700,0.1140,0.0347,0.0117,0,REST-S,3,7,6
581,15914,5:42:30,0,0.00,0,0.5700,0.1140,0.0347,0.0117,0,REST-S,3,7,6
581,15915,5:43:00,0,0.00,0,0.5700,0.1140,0.0347,0.0117,0,REST-S,3,7,6
581,15916,5:43:30,0,0.00,0,0.5700,0.1140,0.0347,0.0117,0,REST-S,3,7,6
581,15917,5:44:00,0,0.00,0,0.5700,0.1140,0.0347,0.0117,0,REST-S,3,7,6
581,15918,5:44:30,0,137.00,0,0.5700,0.1140,0.0347,0.0117,1,REST-S,3,7,6
581,15919,5:45:00,0,0.00,0,0.5700,0.1140,0.0347,0.0117,0,REST-S,3,7,6
581,15920,5:45:30,0,0.00,0,0.5700,0.1140,0.0347,0.0117,0,REST-S,3,7,6
581,15921,5:46:00,0,0.00,0,0.5700,0.1140,0.0347,0.0117,0,REST-S,3,7,6
581,15922,5:46:30,0,0.00,0,0.5700,0.1140,0.0347,0.0117,0,REST-S,3,7,6
581,15923,5:47:00,0,0.00,0,0.5700,0.1140,0.0347,0.0117,0,REST-S,3,7,6
581,15924,5:47:30,0,0.00,0,0.5700,0.1140,0.0347,0.0117,0,REST-S,3,7,6
581,15925,5:48:00,0,61.00,0,0.5700,0.1140,0.0347,0.0117,1,REST-S,3,7,6
581,15926,5:48:30,0,0.00,0,0.5700,0.1140,0.0347,0.0117,0,REST-S,3,7,6
581,15927,5:49:00,0,0.00,0,0.5700,0.1140,0.0347,0.0117,0,REST-S,3,7,6
581,15928,5:49:30,0,0.00,0,0.3000,0.1300,0.0000,0.0117,0,REST-S,3,7,6
581,15929,5:50:00,0,0.00,0,0.5700,0.1140,0.0347,0.0117,0,REST-S,3,7,6
581,15930,5:50:30,0,0.00,0,0.5700,0.1140,0.0347,0.0117,0,REST-S,3,7,6
581,15931,5:51:00,0,0.00,0,0.5700,0.1140,0.0347,0.0117,0,REST-S,3,7,6
581,15932,5:51:30,0,73.00,0,0.5700,0.1140,0.0347,0.0117,1,REST-S,3,7,6
581,15933,5:52:00,0,22.00,0,0.5700,0.1140,0.0347,0.0117,1,REST-S,3,7,6
581,15934,5:52:30,0,0.00,0,0.5700,0.1140,0.0347,0.0117,0,REST-S,3,7,6
581,15935,5:53:00,0,0.00,0,0.5700,0.1140,0.0347,0.0117,0,REST-S,3,7,6
581,15936,5:53:30,0,0.00,0,0.5700,0.1140,0.0347,0.0117,0,REST-S,3,7,6
581,15937,5:54:00,0,0.00,0,0.5700,0.1140,0.0347,0.0117,0,REST-S,3,7,6
581,15938,5:54:30,0,0.00,0,0.5700,0.1140,0.0347,0.0117,0,REST-S,3,7,6
581,15939,5:55:00,0,0.00,0,0.5700,0.1140,0.0347,0.0117,0,REST-S,3,7,6
581,15940,5:55:30,0,0.00,0,0.5700,0.1140,0.0347,0.0117,0,REST-S,3,7,6
581,15941,5:56:00,0,0.00,0,0.5700,0.1140,0.0347,0.0117,0,REST-S,3,7,6
581,15942,5:56:30,0,0.00,0,0.5700,0.1140,0.0347,0.0117,0,REST-S,3,7,6
581,15943,5:57:00,0,0.00,0,0.5700,0.1140,0.0347,0.0117,0,REST-S,3,7,6
581,15944,5:57:30,0,0.00,0,0.5700,0.1140,0.0347,0.0117,0,REST-S,3,7,6
581,15945,5:58:00,0,0.00,0,0.5700,0.1140,0.0347,0.0117,0,REST-S,3,7,6
581,15946,5:58:30,0,0.00,0,0.5700,0.1140,0.0347,0.0117,0,REST-S,3,7,6
581,15947,5:59:00,0,0.00,0,0.5700,0.1140,0.0347,0.0117,0,REST-S,3,7,6
581,15948,5:59:30,0,0.00,0,0.5700,0.1140,0.0347,0.0117,0,REST-S,3,7,6
581,15949,6:00:00,0,0.00,0,0.5700,0.1140,0.0347,0.0117,0,REST-S,3,7,6
581,15950,6:00:30,0,0.00,0,0.5700,0.1140,0.0347,0.0117,0,REST-S,3,7,6
581,15951,6:01:00,0,0.00,0,0.5700,0.1140,0.0347,0.0117,0,REST-S,3,7,6
581,15952,6:01:30,0,0.00,0,0.5700,0.1140,0.0347,0.0117,0,REST-S,3,7,6
581,15953,6:02:00,0,0.00,0,0.5700,0.1140,0.0347,0.0117,0,REST-S,3,7,6
581,15954,6:02:30,0,0.00,0,0.5700,0.1140,0.0347,0.0117,0,REST-S,3,7,6
581,15955,6:03:00,0,82.00,0,0.3000,0.1300,0.0000,0.0117,1,REST-S,3,7,6
581,15956,6:03:30,0,0.00,0,0.5700,0.1140,0.0347,0.0117,0,REST-S,3,7,6
581,15957,6:04:00,0,0.00,0,0.5700,0.1140,0.0347,0.0117,0,REST-S,3,7,6
581,15958,6:04:30,0,0.00,0,0.5700,0.1140,0.0347,0.0117,0,REST-S,3,7,6
581,15959,6:05:00,0,8.00,0,0.5700,0.1140,0.0347,0.0117,0,REST-S,3,7,6
581,15960,6:05:30,0,0.00,0,0.5700,0.1140,0.0347,0.0117,0,REST-S,3,7,6
581,15961,6:06:00,0,0.00,0,0.5700,0.1140,0.0347,0.0117,0,REST-S,3,7,6
581,15962,6:06:30,0,0.00,0,0.5700,0.1140,0.0347,0.0117,0,REST-S,3,7,6
581,15963,6:07:00,0,0.00,0,0.5700,0.1140,0.0347,0.0117,0,REST-S,3,7,6
581,15964,6:07:30,0,0.00,0,0.5700,0.1140,0.0347,0.0117,0,REST-S,3,7,6
581,15965,6:08:00,0,0.00,0,0.5700,0.1140,0.0347,0.0117,0,REST-S,3,7,6
581,15966,6:08:30,0,0.00,0,0.5700,0.1140,0.0347,0.0117,0,REST-S,3,7,6
581,15967,6:09:00,0,0.00,0,0.5700,0.1140,0.0347,0.0117,0,REST-S,3,7,6
581,15968,6:09:30,0,0.00,0,0.5900,0.1220,0.0347,0.0117,0,REST-S,3,7,6
581,15969,6:10:00,0,0.00,0,0.5900,0.1220,0.0347,0.0117,0,REST-S,3,7,6
581,15970,6:10:30,0,0.00,0,0.5900,0.1220,0.0347,0.0117,0,REST-S,3,7,6
581,15971,6:11:00,0,0.00,0,0.5700,0.1140,0.0347,0.0117,0,REST-S,3,7,6
581,15972,6:11:30,0,0.00,0,0.5900,0.1220,0.0347,0.0117,0,REST-S,3,7,6
581,15973,6:12:00,0,0.00,0,0.5900,0.1220,0.0347,0.0117,0,REST-S,3,7,6
581,15974,6:12:30,0,0.00,0,0.5900,0.1220,0.0347,0.0117,0,REST-S,3,7,6
581,15975,6:13:00,0,0.00,0,0.5900,0.1220,0.0347,0.0117,0,REST-S,3,7,6
581,15976,6:13:30,0,0.00,0,0.5700,0.1140,0.0347,0.0117,0,REST-S,3,7,6
581,15977,6:14:00,0,0.00,0,0.5900,0.1220,0.0347,0.0117,0,REST-S,3,7,6
581,15978,6:14:30,0,0.00,0,0.5900,0.1220,0.0347,0.0117,0,REST-S,3,7,6
581,15979,6:15:00,0,0.00,0,0.5900,0.1220,0.0347,0.0117,0,REST-S,3,7,6
581,15980,6:15:30,0,0.00,0,0.5900,0.1220,0.0347,0.0117,0,REST-S,3,7,6
581,15981,6:16:00,0,0.00,0,0.5900,0.1220,0.0347,0.0117,0,REST-S,3,7,6
581,15982,6:16:30,0,0.00,0,0.6000,0.1300,0.0347,0.0117,0,REST-S,3,7,6
581,15983,6:17:00,0,28.00,0,0.6200,0.1360,0.0347,0.0117,1,REST-S,3,7,6
581,15984,6:17:30,0,0.00,0,0.6000,0.1300,0.0347,0.0117,0,REST-S,3,7,6
581,15985,6:18:00,0,0.00,0,0.6200,0.1360,0.0347,0.0117,0,REST-S,3,7,6
581,15986,6:18:30,0,0.00,0,0.6000,0.1300,0.0347,0.0117,0,REST-S,3,7,6
581,15987,6:19:00,0,0.00,0,0.5900,0.1220,0.0347,0.0117,0,REST-S,3,7,6
581,15988,6:19:30,0,0.00,0,0.5700,0.1140,0.0347,0.0117,0,REST-S,3,7,6
581,15989,6:20:00,0,0.00,0,0.5900,0.1220,0.0347,0.0117,0,REST-S,3,7,6
581,15990,6:20:30,0,0.00,0,0.5900,0.1220,0.0347,0.0117,0,REST-S,3,7,6
581,15991,6:21:00,0,0.00,0,0.5900,0.1220,0.0347,0.0117,0,REST-S,3,7,6
581,15992,6:21:30,0,0.00,0,0.5900,0.1220,0.0347,0.0117,0,REST-S,3,7,6
581,15993,6:22:00,0,0.00,0,0.5700,0.1140,0.0347,0.0117,0,REST-S,3,7,6
581,15994,6:22:30,0,0.00,0,0.5900,0.1220,0.0347,0.0117,0,REST-S,3,7,6
581,15995,6:23:00,0,0.00,0,0.5900,0.1220,0.0347,0.0117,0,REST-S,3,7,6
581,15996,6:23:30,0,0.00,0,0.5900,0.1220,0.0347,0.0117,0,REST-S,3,7,6
581,15997,6:24:00,0,0.00,0,0.5900,0.1220,0.0347,0.0117,0,REST-S,3,7,6
581,15998,6:24:30,0,0.00,0,0.6200,0.1360,0.0347,0.0117,0,REST-S,3,7,6
581,15999,6:25:00,0,0.00,0,0.6200,0.1360,0.0347,0.0117,0,REST-S,3,7,6
581,16000,6:25:30,0,0.00,0,0.6200,0.1360,0.0347,0.0117,0,REST-S,3,7,6
581,16001,6:26:00,0,0.00,0,0.6200,0.1360,0.0347,0.0117,0,REST-S,3,7,6
581,16002,6:26:30,0,0.00,0,0.6200,0.1360,0.0347,0.0117,0,REST-S,3,7,6
581,16003,6:27:00,0,0.00,0,0.6200,0.1360,0.0347,0.0117,0,REST-S,3,7,6
581,16004,6:27:30,0,0.00,0,0.6200,0.1360,0.0347,0.0117,0,REST-S,3,7,6
581,16005,6:28:00,0,0.00,0,0.6200,0.1360,0.0347,0.0117,0,REST-S,3,7,6
581,16006,6:28:30,0,0.00,0,0.6200,0.1360,0.0347,0.0117,0,REST-S,3,7,6
581,16007,6:29:00,0,0.00,0,0.6200,0.1360,0.0347,0.0117,0,REST-S,3,7,6
581,16008,6:29:30,0,0.00,0,0.6000,0.1300,0.0347,0.0117,0,REST-S,3,7,6
581,16009,6:30:00,0,0.00,0,0.6200,0.1360,0.0347,0.0117,0,REST-S,3,7,6
581,16010,6:30:30,0,0.00,0,0.6200,0.1360,0.0347,0.0117,0,REST-S,3,7,6
581,16011,6:31:00,0,0.00,0,0.6000,0.1300,0.0347,0.0117,0,REST-S,3,7,6
581,16012,6:31:30,0,0.00,0,0.6200,0.1360,0.0347,0.0117,0,REST-S,3,7,6
581,16013,6:32:00,0,0.00,0,0.6000,0.1300,0.0347,0.0117,0,REST-S,3,7,6
581,16014,6:32:30,0,0.00,0,0.6200,0.1360,0.0347,0.0117,0,REST-S,3,7,6
581,16015,6:33:00,0,0.00,0,0.6200,0.1360,0.0347,0.0117,0,REST-S,3,7,6
581,16016,6:33:30,0,0.00,0,0.6200,0.1360,0.0347,0.0117,0,REST-S,3,7,6
581,16017,6:34:00,0,0.00,0,0.6200,0.1360,0.0347,0.0117,0,REST-S,3,7,6
581,16018,6:34:30,0,0.00,0,0.6200,0.1360,0.0347,0.0117,0,REST-S,3,7,6
581,16019,6:35:00,0,0.00,0,0.6200,0.1360,0.0347,0.0117,0,REST-S,3,7,6
581,16020,6:35:30,0,0.00,0,0.6200,0.1360,0.0347,0.0117,0,REST-S,3,7,6
581,16021,6:36:00,0,0.00,0,0.6200,0.1360,0.0347,0.0117,0,REST-S,3,7,6
581,16022,6:36:30,0,0.00,0,0.6200,0.1360,0.0347,0.0117,0,REST-S,3,7,6
581,16023,6:37:00,0,0.00,0,0.6200,0.1360,0.0347,0.0117,0,REST-S,3,7,6
581,16024,6:37:30,0,0.00,0,0.6200,0.1360,0.0347,0.0117,0,REST-S,3,7,6
581,16025,6:38:00,0,0.00,0,0.6200,0.1360,0.0347,0.0117,0,REST-S,3,7,6
581,16026,6:38:30,0,0.00,0,0.6200,0.1360,0.0347,0.0117,0,REST-S,3,7,6
581,16027,6:39:00,0,0.00,0,0.6200,0.1360,0.0347,0.0117,0,REST-S,3,7,6
581,16028,6:39:30,0,0.00,0,0.5900,0.1220,0.0347,0.0117,0,REST-S,3,7,6
581,16029,6:40:00,0,0.00,0,0.5900,0.1220,0.0347,0.0117,0,REST-S,3,7,6
581,16030,6:40:30,0,0.00,0,0.5700,0.1140,0.0347,0.0117,0,REST-S,3,7,6
581,16031,6:41:00,0,0.00,0,0.5900,0.1220,0.0347,0.0117,0,REST-S,3,7,6
581,16032,6:41:30,0,0.00,0,0.5900,0.1220,0.0347,0.0117,0,REST-S,3,7,6
581,16033,6:42:00,0,0.00,0,0.6200,0.1360,0.0347,0.0117,0,REST-S,3,7,6
581,16034,6:42:30,0,0.00,0,0.6200,0.1360,0.0347,0.0117,0,REST-S,3,7,6
581,16035,6:43:00,0,0.00,0,0.6200,0.1360,0.0347,0.0117,0,REST-S,3,7,6
581,16036,6:43:30,0,0.00,0,0.6200,0.1360,0.0347,0.0117,0,REST-S,3,7,6
581,16037,6:44:00,0,0.00,0,0.6200,0.1360,0.0347,0.0117,0,REST-S,3,7,6
581,16038,6:44:30,0,0.00,0,0.6200,0.1360,0.0347,0.0117,0,REST-S,3,7,6
581,16039,6:45:00,0,0.00,0,0.6200,0.1360,0.0347,0.0117,0,REST-S,3,7,6
581,16040,6:45:30,0,0.00,0,0.6200,0.1360,0.0347,0.0117,0,REST-S,3,7,6
581,16041,6:46:00,0,123.00,0,0.6200,0.1360,0.0347,0.0117,1,REST-S,3,7,6
581,16042,6:46:30,0,0.00,0,0.6200,0.1360,0.0347,0.0117,0,REST-S,3,7,6
581,16043,6:47:00,0,0.00,0,0.6000,0.1300,0.0347,0.0117,0,REST-S,3,7,6
581,16044,6:47:30,0,0.00,0,0.6200,0.1360,0.0347,0.0117,0,REST-S,3,7,6
581,16045,6:48:00,0,0.00,0,0.6200,0.1360,0.0347,0.0117,0,REST-S,3,7,6
581,16046,6:48:30,0,0.00,0,0.6000,0.1300,0.0347,0.0117,0,REST-S,3,7,6
581,16047,6:49:00,0,0.00,0,0.6200,0.1360,0.0347,0.0117,0,REST-S,3,7,6
581,16048,6:49:30,0,0.00,0,0.6200,0.1360,0.0347,0.0117,0,REST-S,3,7,6
581,16049,6:50:00,0,0.00,0,0.6000,0.1300,0.0347,0.0117,0,REST-S,3,7,6
581,16050,6:50:30,0,0.00,0,0.6000,0.1300,0.0347,0.0117,0,REST-S,3,7,6
581,16051,6:51:00,0,0.00,0,0.6000,0.1300,0.0347,0.0117,0,REST-S,3,7,6
581,16052,6:51:30,0,0.00,0,0.6200,0.1360,0.0347,0.0117,0,REST-S,3,7,6
581,16053,6:52:00,0,0.00,0,0.6000,0.1300,0.0347,0.0117,0,REST-S,3,7,6
581,16054,6:52:30,0,0.00,0,0.6000,0.1300,0.0347,0.0117,0,REST-S,3,7,6
581,16055,6:53:00,0,0.00,0,0.6000,0.1300,0.0347,0.0117,0,REST-S,3,7,6
581,16056,6:53:30,0,0.00,0,0.6000,0.1300,0.0347,0.0117,0,REST-S,3,7,6
581,16057,6:54:00,0,0.00,0,0.6000,0.1300,0.0347,0.0117,0,REST-S,3,7,6
581,16058,6:54:30,0,0.00,0,0.6000,0.1300,0.0347,0.0117,0,REST-S,3,7,6
581,16059,6:55:00,0,0.00,0,0.6200,0.1360,0.0347,0.0117,0,REST-S,3,7,6
581,16060,6:55:30,0,0.00,0,0.6000,0.1300,0.0347,0.0117,0,REST-S,3,7,6
581,16061,6:56:00,0,0.00,0,0.6000,0.1300,0.0347,0.0117,0,REST-S,3,7,6
581,16062,6:56:30,0,0.00,0,0.6200,0.1360,0.0347,0.0117,0,REST-S,3,7,6
581,16063,6:57:00,0,0.00,0,0.6200,0.1360,0.0347,0.0117,0,REST-S,3,7,6
581,16064,6:57:30,0,0.00,0,0.6200,0.1360,0.0347,0.0117,0,REST-S,3,7,6
581,16065,6:58:00,0,0.00,0,0.6200,0.1360,0.0347,0.0117,0,REST-S,3,7,6
581,16066,6:58:30,0,52.00,0,0.6400,0.1450,0.0347,0.0117,1,REST-S,3,7,6
581,16067,6:59:00,0,26.00,0,0.6400,0.1450,0.0347,0.0117,1,REST-S,3,7,6
581,16068,6:59:30,0,0.00,0,0.6400,0.1450,0.0347,0.0117,0,REST-S,3,7,6
581,16069,7:00:00,0,0.00,0,0.6400,0.1450,0.0347,0.0117,0,REST-S,3,7,6
581,16070,7:00:30,0,0.00,0,0.6200,0.1360,0.0347,0.0117,0,REST-S,3,7,6
581,16071,7:01:00,0,110.00,0,0.6200,0.1360,0.0347,0.0117,1,REST-S,3,7,6
581,16072,7:01:30,0,0.00,0,0.6400,0.1450,0.0347,0.0117,0,REST-S,3,7,6
581,16073,7:02:00,0,0.00,0,0.6200,0.1360,0.0347,0.0117,0,REST-S,3,7,6
581,16074,7:02:30,0,0.00,0,0.6200,0.1360,0.0347,0.0117,0,REST-S,3,7,6
581,16075,7:03:00,0,0.00,0,0.6200,0.1360,0.0347,0.0117,0,REST-S,3,7,6
581,16076,7:03:30,0,0.00,0,0.6200,0.1360,0.0347,0.0117,0,REST-S,3,7,6
581,16077,7:04:00,0,0.00,0,0.3600,0.1580,0.0000,0.0117,0,REST-S,3,7,6
581,16078,7:04:30,0,0.00,0,0.6200,0.1360,0.0347,0.0117,0,REST-S,3,7,6
581,16079,7:05:00,0,0.00,0,0.6200,0.1360,0.0347,0.0117,0,REST-S,3,7,6
581,16080,7:05:30,0,0.00,0,0.6200,0.1360,0.0347,0.0117,0,REST-S,3,7,6
581,16081,7:06:00,0,151.00,0,0.6200,0.1360,0.0347,0.0117,1,REST-S,3,7,6
581,16082,7:06:30,0,0.00,0,0.5900,0.1220,0.0347,0.0117,0,REST-S,3,7,6
581,16083,7:07:00,0,0.00,0,0.5900,0.1220,0.0347,0.0117,0,REST-S,3,7,6
581,16084,7:07:30,0,0.00,0,0.5900,0.1220,0.0347,0.0117,0,REST-S,3,7,6
581,16085,7:08:00,0,0.00,0,0.3300,0.1420,0.0000,0.0117,0,REST-S,3,7,6
581,16086,7:08:30,0,0.00,0,0.3000,0.1300,0.0000,0.0117,0,REST-S,3,7,6
581,16087,7:09:00,0,0.00,0,0.3300,0.1420,0.0000,0.0117,0,REST-S,3,7,6
581,16088,7:09:30,0,93.00,0,0.3000,0.1300,0.0000,0.0117,1,REST-S,3,7,6
581,16089,7:10:00,0,21.00,0,0.5900,0.1220,0.0347,0.0117,1,REST-S,3,7,6
581,16090,7:10:30,0,0.00,0,0.5900,0.1220,0.0347,0.0117,0,REST-S,3,7,6
581,16091,7:11:00,0,0.00,0,0.5900,0.1220,0.0347,0.0117,0,REST-S,3,7,6
581,16092,7:11:30,0,0.00,0,0.5900,0.1220,0.0347,0.0117,0,REST-S,3,7,6
581,16093,7:12:00,0,0.00,0,0.5900,0.1220,0.0347,0.0117,0,REST-S,3,7,6
581,16094,7:12:30,0,0.00,0,0.5900,0.1220,0.0347,0.0117,0,REST-S,3,7,6
581,16095,7:13:00,0,0.00,0,0.5900,0.1220,0.0347,0.0117,0,REST-S,3,7,6
581,16096,7:13:30,0,0.00,0,0.5900,0.1220,0.0347,0.0117,0,REST-S,3,7,6
581,16097,7:14:00,0,0.00,0,0.5900,0.1220,0.0347,0.0117,0,REST-S,3,7,6
581,16098,7:14:30,0,0.00,0,0.6000,0.1300,0.0347,0.0117,0,REST-S,3,7,6
581,16099,7:15:00,0,0.00,0,0.6200,0.1360,0.0347,0.0117,0,REST-S,3,7,6
581,16100,7:15:30,0,0.00,0,0.6200,0.1360,0.0347,0.0117,0,REST-S,3,7,6
581,16101,7:16:00,0,0.00,0,0.6400,0.1450,0.0347,0.0117,0,REST-S,3,7,6
581,16102,7:16:30,0,0.00,0,0.6400,0.1450,0.0347,0.0117,1,REST-S,3,7,6
581,16103,7:17:00,0,26.00,0,0.6400,0.1450,0.0347,0.0117,1,REST-S,3,7,6
581,16104,7:17:30,0,175.00,0,0.6400,0.1450,0.0347,0.0117,1,REST-S,3,7,6
581,16105,7:18:00,0,0.00,0,0.6400,0.1450,0.0347,0.0117,1,REST-S,3,7,6
581,16106,7:18:30,0,0.00,0,0.6000,0.1300,0.0347,0.0117,0,REST-S,3,7,6
581,16107,7:19:00,0,0.00,0,0.5900,0.1220,0.0347,0.0117,0,REST-S,3,7,6
581,16108,7:19:30,0,0.00,0,0.5900,0.1220,0.0347,0.0117,0,REST-S,3,7,6
581,16109,7:20:00,0,0.00,0,0.5900,0.1220,0.0347,0.0117,0,REST-S,3,7,6
581,16110,7:20:30,0,0.00,0,0.5900,0.1220,0.0347,0.0117,0,REST-S,3,7,6
581,16111,7:21:00,0,0.00,0,0.5900,0.1220,0.0347,0.0117,0,REST-S,3,7,6
581,16112,7:21:30,0,0.00,0,0.5900,0.1220,0.0347,0.0117,0,REST-S,3,7,6
581,16113,7:22:00,0,0.00,0,0.5900,0.1220,0.0347,0.0117,0,REST-S,3,7,6
581,16114,7:22:30,0,0.00,0,0.5900,0.1220,0.0347,0.0117,0,REST-S,3,7,6
581,16115,7:23:00,0,0.00,0,0.5900,0.1220,0.0347,0.0117,0,REST-S,3,7,6
581,16116,7:23:30,0,0.00,0,0.5900,0.1220,0.0347,0.0117,0,REST-S,3,7,6
581,16117,7:24:00,0,0.00,0,0.5900,0.1220,0.0347,0.0117,0,REST-S,3,7,6
581,16118,7:24:30,0,0.00,0,0.5900,0.1220,0.0347,0.0117,0,REST-S,3,7,6
581,16119,7:25:00,0,0.00,0,0.5900,0.1220,0.0347,0.0117,0,REST-S,3,7,6
581,16120,7:25:30,0,0.00,0,0.5900,0.1220,0.0347,0.0117,0,REST-S,3,7,6
581,16121,7:26:00,0,0.00,0,0.5900,0.1220,0.0347,0.0117,0,REST-S,3,7,6
581,16122,7:26:30,0,0.00,0,0.5900,0.1220,0.0347,0.0117,0,REST-S,3,7,6
581,16123,7:27:00,0,0.00,0,0.5900,0.1220,0.0347,0.0117,0,REST-S,3,7,6
581,16124,7:27:30,0,0.00,0,0.5900,0.1220,0.0347,0.0117,0,REST-S,3,7,6
581,16125,7:28:00,0,0.00,0,0.5900,0.1220,0.0347,0.0117,0,REST-S,3,7,6
581,16126,7:28:30,0,0.00,0,0.5900,0.1220,0.0347,0.0117,0,REST-S,3,7,6
581,16127,7:29:00,0,0.00,0,0.5900,0.1220,0.0347,0.0117,0,REST-S,3,7,6
581,16128,7:29:30,0,0.00,0,0.5900,0.1220,0.0347,0.0117,0,REST-S,3,7,6
581,16129,7:30:00,0,0.00,0,0.6000,0.1300,0.0347,0.0117,0,REST-S,3,7,6
581,16130,7:30:30,0,0.00,0,0.5900,0.1220,0.0347,0.0117,0,REST-S,3,7,6
581,16131,7:31:00,0,0.00,0,0.5900,0.1220,0.0347,0.0117,0,REST-S,3,7,6
581,16132,7:31:30,0,0.00,0,0.5900,0.1220,0.0347,0.0117,0,REST-S,3,7,6
581,16133,7:32:00,0,0.00,0,0.6000,0.1300,0.0347,0.0117,0,REST-S,3,7,6
581,16134,7:32:30,0,0.00,0,0.6000,0.1300,0.0347,0.0117,0,REST-S,3,7,6
581,16135,7:33:00,0,0.00,0,0.6000,0.1300,0.0347,0.0117,0,REST-S,3,7,6
581,16136,7:33:30,0,0.00,0,0.6000,0.1300,0.0347,0.0117,0,REST-S,3,7,6
581,16137,7:34:00,0,0.00,0,0.6000,0.1300,0.0347,0.0117,0,REST-S,3,7,6
581,16138,7:34:30,0,0.00,0,0.6000,0.1300,0.0347,0.0117,0,REST-S,3,7,6
581,16139,7:35:00,0,0.00,0,0.6000,0.1300,0.0347,0.0117,0,REST-S,3,7,6
581,16140,7:35:30,0,0.00,0,0.5900,0.1220,0.0347,0.0117,0,REST-S,3,7,6
581,16141,7:36:00,0,0.00,0,0.6000,0.1300,0.0347,0.0117,0,REST-S,3,7,6
581,16142,7:36:30,0,0.00,0,0.6000,0.1300,0.0347,0.0117,0,REST-S,3,7,6
581,16143,7:37:00,0,0.00,0,0.5900,0.1220,0.0347,0.0117,0,REST-S,3,7,6
581,16144,7:37:30,0,18.00,0,0.5900,0.1220,0.0347,0.0117,0,REST-S,3,7,6
581,16145,7:38:00,0,0.00,0,0.5900,0.1220,0.0347,0.0117,0,REST-S,3,7,6
581,16146,7:38:30,0,0.00,0,0.5900,0.1220,0.0347,0.0117,0,REST-S,3,7,6
581,16147,7:39:00,0,0.00,0,0.5900,0.1220,0.0347,0.0117,0,REST-S,3,7,6
581,16148,7:39:30,0,0.00,0,0.5900,0.1220,0.0347,0.0117,0,REST-S,3,7,6
581,16149,7:40:00,0,0.00,0,0.5900,0.1220,0.0347,0.0117,0,REST-S,3,7,6
581,16150,7:40:30,0,0.00,0,0.6000,0.1300,0.0347,0.0117,0,REST-S,3,7,6
581,16151,7:41:00,0,0.00,0,0.6400,0.1450,0.0347,0.0117,0,REST-S,3,7,6
581,16152,7:41:30,0,0.00,0,0.6200,0.1360,0.0347,0.0117,0,REST-S,3,7,6
581,16153,7:42:00,0,0.00,0,0.6400,0.1450,0.0347,0.0117,0,REST-S,3,7,6
581,16154,7:42:30,0,0.00,0,0.6400,0.1450,0.0347,0.0117,0,REST-S,3,7,6
581,16155,7:43:00,0,0.00,0,0.6200,0.1360,0.0347,0.0117,0,REST-S,3,7,6
581,16156,7:43:30,0,12.00,0,0.6000,0.1300,0.0347,0.0117,0,REST-S,3,7,6
581,16157,7:44:00,0,56.00,0,0.5900,0.1220,0.0347,0.0117,1,REST-S,3,7,6
581,16158,7:44:30,0,0.00,0,0.5900,0.1220,0.0347,0.0117,0,REST-S,3,7,6
581,16159,7:45:00,0,0.00,0,0.5900,0.1220,0.0347,0.0117,0,REST-S,3,7,6
581,16160,7:45:30,0,0.00,0,0.5900,0.1220,0.0347,0.0117,0,REST-S,3,7,6
581,16161,7:46:00,0,52.00,0,0.6000,0.1300,0.0347,0.0117,1,REST-S,3,7,6
581,16162,7:46:30,0,0.00,0,0.6000,0.1300,0.0347,0.0117,0,REST-S,3,7,6
581,16163,7:47:00,0,21.00,0,0.6000,0.1300,0.0347,0.0117,1,REST-S,3,7,6
581,16164,7:47:30,0,0.00,0,0.6000,0.1300,0.0347,0.0117,0,REST-S,3,7,6
581,16165,7:48:00,0,0.00,0,0.6000,0.1300,0.0347,0.0117,0,REST-S,3,7,6
581,16166,7:48:30,0,0.00,0,0.6000,0.1300,0.0347,0.0117,0,REST-S,3,7,6
581,16167,7:49:00,0,28.00,0,0.3300,0.1420,0.0000,0.0117,1,REST-S,3,7,6
581,16168,7:49:30,0,0.00,0,0.3100,0.1420,0.0000,0.0000,0,REST-S,3,7,6
581,16169,7:50:00,0,34.00,0,0.5900,0.1220,0.0347,0.0117,1,REST-S,3,7,6
581,16170,7:50:30,0,0.00,0,0.6000,0.1300,0.0347,0.0117,0,REST-S,3,7,6
581,16171,7:51:00,0,0.00,0,0.6000,0.1300,0.0347,0.0117,0,REST-S,3,7,6
581,16172,7:51:30,0,0.00,0,0.5900,0.1220,0.0347,0.0117,0,REST-S,3,7,6
581,16173,7:52:00,0,4.00,0,0.6000,0.1300,0.0347,0.0117,0,REST-S,3,7,6
581,16174,7:52:30,0,49.00,0,0.5900,0.1220,0.0347,0.0117,1,REST-S,3,7,6
581,16175,7:53:00,0,1.00,0,0.4900,0.1220,0.0251,0.0000,0,REST-S,3,7,6
581,16176,7:53:30,0,42.00,0,0.3000,0.1300,0.0000,0.0117,1,REST-S,3,7,6
581,16177,7:54:00,0,0.00,0,0.5700,0.1140,0.0347,0.0117,0,REST-S,3,7,6
581,16178,7:54:30,0,0.00,0,0.3100,0.1420,0.0000,0.0000,1,REST,3,7,6
581,16179,7:55:00,0,0.00,0,0.5900,0.1220,0.0347,0.0117,1,REST,3,7,6
581,16180,7:55:30,0,200.00,1,0.7300,0.1300,0.0501,0.0046,1,ACTIVE,3,7,6
581,16181,7:56:00,0,385.00,0,0.6000,0.1300,0.0347,0.0117,1,ACTIVE,3,7,6
581,16182,7:56:30,0,119.00,0,0.5900,0.1220,0.0347,0.0117,1,ACTIVE,3,7,6
581,16183,7:57:00,0,42.00,0,0.7900,0.1580,0.0501,0.0046,1,ACTIVE,3,7,6
581,16184,7:57:30,0,193.00,0,0.5700,0.1140,0.0347,0.0117,1,ACTIVE,3,7,6
581,16185,7:58:00,0,214.00,0,0.2900,0.1300,0.0000,0.0000,1,ACTIVE,3,7,6
581,16186,7:58:30,0,27.00,0,0.5700,0.1140,0.0347,0.0117,1,ACTIVE,3,7,6
581,16187,7:59:00,0,514.00,0,0.6000,0.1300,0.0347,0.0117,1,ACTIVE,3,7,6
581,16188,7:59:30,0,214.00,0,5.0300,0.2900,0.4770,0.1920,1,ACTIVE,3,7,6
581,16189,8:00:00,0,128.00,0,5.2500,0.3760,0.4980,0.0535,1,ACTIVE,3,7,6
581,16190,8:00:30,0,0.00,0,0.6000,0.1300,0.0347,0.0117,1,ACTIVE,3,7,6
581,16191,8:01:00,0,214.00,0,0.5900,0.1220,0.0347,0.0117,1,ACTIVE,3,7,6
581,16192,8:01:30,0,36.00,0,0.3300,0.1420,0.0000,0.0117,1,ACTIVE,3,7,6
581,16193,8:02:00,0,4.00,0,0.3100,0.1420,0.0000,0.0000,1,ACTIVE,3,7,6
581,16194,8:02:30,0,0.00,0,0.4900,0.1220,0.0251,0.0000,0,ACTIVE,3,7,6
581,16195,8:03:00,0,0.00,0,0.3100,0.1420,0.0000,0.0000,0,ACTIVE,3,7,6
581,16196,8:03:30,0,0.00,0,0.4900,0.1220,0.0251,0.0000,0,ACTIVE,3,7,6
581,16197,8:04:00,0,0.00,0,0.6000,0.1300,0.0347,0.0117,0,ACTIVE,3,7,6
581,16198,8:04:30,0,0.00,0,0.5900,0.1220,0.0347,0.0117,0,ACTIVE,3,7,6
581,16199,8:05:00,0,22.00,0,138.6300,5.3900,14.0000,3.8100,1,ACTIVE,3,7,6
581,16200,8:05:30,0,52.00,0,176.5300,10.1000,17.4000,1.8300,1,ACTIVE,3,7,6
581,16201,8:06:00,0,103.00,0,0.2900,0.1300,0.0000,0.0000,1,ACTIVE,3,7,6
581,16202,8:06:30,0,103.00,0,258.6400,9.2700,25.7000,12.3000,1,ACTIVE,3,7,6
581,16203,8:07:00,0,75.00,0,259.6800,9.4700,25.7000,12.8000,1,ACTIVE,3,7,6
581,16204,8:07:30,0,114.00,0,0.9900,0.1580,0.0694,0.0292,1,ACTIVE,3,7,6
581,16205,8:08:00,0,175.00,0,13.2000,1.0400,1.1800,0.4870,1,ACTIVE,3,7,6
581,16206,8:08:30,0,181.00,0,1.3700,0.2190,0.1000,0.0115,1,ACTIVE,3,7,6
581,16207,8:09:00,0,228.00,0,0.8300,0.1760,0.0501,0.0046,1,ACTIVE,3,7,6
581,16208,8:09:30,0,244.00,0,1.7500,0.1880,0.1510,0.0115,1,ACTIVE,3,7,6
581,16209,8:10:00,0,89.00,0,5.0000,0.2900,0.4770,0.1650,1,ACTIVE,3,7,6
581,16210,8:10:30,0,89.00,0,12.3000,3.8100,0.4370,0.0347,1,ACTIVE,3,7,6
581,16211,8:11:00,0,15.00,0,104.9500,4.9500,10.6000,1.4100,1,ACTIVE,3,7,6
581,16212,8:11:30,0,0.00,0,12.9800,1.7500,0.9960,0.3600,0,ACTIVE,3,7,6
581,16213,8:12:00,0,9.00,0,36.3100,3.0100,3.3500,0.3030,0,ACTIVE,3,7,6
581,16214,8:12:30,0,11.00,0,96.5600,7.9700,8.8800,1.0900,0,ACTIVE,3,7,6
581,16215,8:13:00,0,25.00,0,1.3300,0.1690,0.1050,0.0412,1,ACTIVE,3,7,6
581,16216,8:13:30,0,0.00,0,51.8800,3.2800,5.0600,0.3300,0,ACTIVE,3,7,6
581,16217,8:14:00,0,0.00,0,63.0600,5.0600,5.8800,0.3300,0,ACTIVE,3,7,6
581,16218,8:14:30,0,32.00,0,123.4200,7.8000,12.0000,0.8020,1,ACTIVE,3,7,6
581,16219,8:15:00,0,49.00,0,106.9600,6.2800,10.6000,0.5550,1,ACTIVE,3,7,6
581,16220,8:15:30,0,0.00,0,49.4000,2.6400,4.9500,0.2190,0,ACTIVE,3,7,6
581,16221,8:16:00,0,0.00,0,47.9600,2.4200,4.8400,0.1920,0,ACTIVE,3,7,6
581,16222,8:16:30,0,0.00,0,99.0500,6.2800,9.6800,0.3450,0,ACTIVE,3,7,6
581,16223,8:17:00,0,16.00,0,665.8400,24.6000,66.6000,26.2000,1,ACTIVE,3,7,6
581,16224,8:17:30,0,66.00,0,643.5800,25.1000,63.7000,27.4000,1,ACTIVE,3,7,6
581,16225,8:18:00,0,13.00,0,11.6700,1.1100,1.0400,0.1020,1,ACTIVE,3,7,6
581,16226,8:18:30,0,0.00,0,6.1200,0.8940,0.4670,0.0571,0,ACTIVE,3,7,6
581,16227,8:19:00,0,45.00,0,4.7300,0.7850,0.3370,0.0412,1,ACTIVE,3,7,6
581,16228,8:19:30,0,5.00,0,89.0600,5.6300,8.6900,0.4670,0,ACTIVE,3,7,6
581,16229,8:20:00,0,0.00,0,106.6200,6.1400,10.6000,0.5200,0,ACTIVE,3,7,6
581,16230,8:20:30,0,0.00,0,106.9300,6.2800,10.6000,0.5310,0,ACTIVE,3,7,6
581,16231,8:21:00,0,6.00,0,73.3000,5.8800,6.8500,0.3090,1,ACTIVE,3,7,6
581,16232,8:21:30,0,114.00,0,1.6000,0.1450,0.1390,0.0583,1,ACTIVE,3,7,6
581,16233,8:22:00,0,221.00,0,0.9200,0.1220,0.0694,0.0412,1,ACTIVE,3,7,6
581,16234,8:22:30,0,5.00,0,0.5700,0.1140,0.0347,0.0117,1,ACTIVE,3,7,6
581,16235,8:23:00,0,19.00,0,0.5700,0.1140,0.0347,0.0117,1,ACTIVE,3,7,6
581,16236,8:23:30,0,1.00,0,0.6000,0.1300,0.0347,0.0117,0,ACTIVE,3,7,6
581,16237,8:24:00,0,0.00,0,0.7300,0.1300,0.0501,0.0046,0,ACTIVE,3,7,6
581,16238,8:24:30,0,1.00,0,0.9700,0.1510,0.0694,0.0292,0,ACTIVE,3,7,6
581,16239,8:25:00,0,16.00,0,0.5500,0.1070,0.0347,0.0117,0,ACTIVE,3,7,6
581,16240,8:25:30,0,0.00,0,0.2400,0.1070,0.0000,0.0000,0,ACTIVE,3,7,6
581,16241,8:26:00,0,0.00,0,0.2400,0.1070,0.0000,0.0000,0,ACTIVE,3,7,6
581,16242,8:26:30,0,7.00,0,368.7300,12.8000,36.3000,20.7000,0,ACTIVE,3,7,6
581,16243,8:27:00,0,0.00,0,751.3800,25.7000,74.2000,41.3000,0,ACTIVE,3,7,6
581,16244,8:27:30,0,0.00,0,751.3800,25.7000,74.2000,41.3000,0,ACTIVE,3,7,6
581,16245,8:28:00,0,0.00,0,751.3800,25.7000,74.2000,41.3000,0,ACTIVE,3,7,6
581,16246,8:28:30,0,0.00,0,753.6000,26.2000,74.2000,42.2000,1,ACTIVE,3,7,6
581,16247,8:29:00,0,38.00,0,350.3100,11.0000,34.8000,19.8000,1,ACTIVE,3,7,6
581,16248,8:29:30,0,200.00,0,88.0700,3.2800,8.6900,4.3400,1,ACTIVE,3,7,6
581,16249,8:30:00,0,137.00,0,0.2400,0.1070,0.0000,0.0000,1,ACTIVE,3,7,6
581,16250,8:30:30,0,142.00,0,0.3100,0.1420,0.0000,0.0000,1,ACTIVE,3,7,6
581,16251,8:31:00,0,110.00,0,0.9900,0.1580,0.0694,0.0292,1,ACTIVE,3,7,6
581,16252,8:31:30,0,5.00,0,0.8300,0.1760,0.0501,0.0046,1,ACTIVE,3,7,6
581,16253,8:32:00,0,14.00,0,1.0700,0.1960,0.0694,0.0292,1,ACTIVE,3,7,6
581,16254,8:32:30,0,214.00,0,1.1200,0.2190,0.0694,0.0292,1,ACTIVE,3,7,6
581,16255,8:33:00,0,200.00,0,1.1400,0.2280,0.0694,0.0292,1,ACTIVE,3,7,6
581,16256,8:33:30,0,187.00,0,0.7500,0.1960,0.0347,0.0117,1,ACTIVE,3,7,6
581,16257,8:34:00,0,829.00,0,20.7000,0.9540,2.0400,0.7040,1,ACTIVE,3,7,6
581,16258,8:34:30,0,114.00,0,4.0300,0.3030,0.3680,0.1330,1,ACTIVE,3,7,6
581,16259,8:35:00,0,96.00,0,0.9900,0.1510,0.0694,0.0412,1,ACTIVE,3,7,6
581,16260,8:35:30,0,86.00,0,28.8500,1.3800,2.8200,1.0400,1,ACTIVE,3,7,6
581,16261,8:36:00,0,56.00,0,3.6200,0.3760,0.3160,0.0162,1,ACTIVE,3,7,6
581,16262,8:36:30,0,29.00,0,0.3200,0.1450,0.0000,0.0000,1,ACTIVE,3,7,6
581,16263,8:37:00,0,151.00,0,0.3100,0.1420,0.0000,0.0000,1,ACTIVE,3,7,6
581,16264,8:37:30,0,157.00,0,2.6300,0.2900,0.2230,0.0279,1,ACTIVE,3,7,6
581,16265,8:38:00,0,221.00,0,1.4200,0.2380,0.1000,0.0115,1,ACTIVE,3,7,6
581,16266,8:38:30,0,350.00,0,18.1000,1.9900,1.5400,0.2280,1,ACTIVE,3,7,6
581,16267,8:39:00,0,424.00,0,11.2300,2.3700,0.6740,0.0825,1,ACTIVE,3,7,6
581,16268,8:39:30,0,411.00,0,12.1700,2.2200,0.8020,0.2230,1,ACTIVE,3,7,6
581,16269,8:40:00,0,317.00,0,3.7600,0.8940,0.2000,0.0230,1,ACTIVE,3,7,6
581,16270,8:40:30,0,438.00,0,4.2200,0.7680,0.2770,0.0880,1,ACTIVE,3,7,6
581,16271,8:41:00,0,514.00,0,20.7200,2.6400,1.6700,0.1960,1,ACTIVE,3,7,6
581,16272,8:41:30,0,228.00,0,40.1500,4.4400,3.3500,0.9130,1,ACTIVE,3,7,6
581,16273,8:42:00,0,13.00,0,50.8600,2.5800,4.9500,1.6700,1,ACTIVE,3,7,6
581,16274,8:42:30,0,19.00,0,40.0200,2.3700,3.8100,1.2600,1,ACTIVE,3,7,6
581,16275,8:43:00,0,13.00,0,27.5700,2.1300,2.5300,0.6740,1,ACTIVE,3,7,6
581,16276,8:43:30,0,236.00,0,30.0200,2.2200,2.7600,0.8940,1,ACTIVE,3,7,6
581,16277,8:44:00,0,278.00,0,5.3000,0.7510,0.4010,0.1170,1,ACTIVE,3,7,6
581,16278,8:44:30,0,328.00,0,61.7400,2.8800,6.2800,0.3600,1,ACTIVE,3,7,6
581,16279,8:45:00,0,193.00,0,12.7000,1.1800,1.1300,0.1330,1,ACTIVE,3,7,6
581,16280,8:45:30,0,107.00,0,485.0200,23.0000,49.1000,3.3500,1,ACTIVE,3,7,6
581,16281,8:46:00,0,0.00,0,620.7300,31.2000,62.4000,5.0600,1,ACTIVE,3,7,6
581,16282,8:46:30,0,66.00,0,320.5000,11.8000,33.3000,2.7600,1,ACTIVE,3,7,6
581,16283,8:47:00,0,338.00,0,26.4800,1.2600,2.5800,0.9750,1,ACTIVE,3,7,6
581,16284,8:47:30,0,236.00,0,39.8300,1.7500,3.9000,1.6700,1,ACTIVE,3,7,6
581,16285,8:48:00,0,175.00,0,156.4800,3.9000,16.6000,1.9500,1,ACTIVE,3,7,6
581,16286,8:48:30,0,75.00,0,11.6000,1.2400,0.9960,0.1330,1,ACTIVE,3,7,6
581,16287,8:49:00,0,100.00,0,91.3800,2.3200,9.2700,4.6400,1,ACTIVE,3,7,6
581,16288,8:49:30,0,288.00,0,15.9600,0.8560,1.5400,0.5670,1,ACTIVE,3,7,6
581,16289,8:50:00,0,306.00,0,57.5200,3.5700,5.3900,2.1700,1,ACTIVE,3,7,6
581,16290,8:50:30,0,297.00,0,8.4200,0.6180,0.7680,0.2960,1,ACTIVE,3,7,6
581,16291,8:51:00,0,193.00,0,0.2900,0.1300,0.0000,0.0000,1,ACTIVE,3,7,6
581,16292,8:51:30,0,288.00,0,10.9900,0.3760,1.0900,0.5920,1,ACTIVE,3,7,6
581,16293,8:52:00,0,269.00,0,3.4500,0.2440,0.3160,0.1330,1,ACTIVE,3,7,6
581,16294,8:52:30,0,252.00,0,4.6000,1.0600,0.2440,0.1050,1,ACTIVE,3,7,6
581,16295,8:53:00,0,261.00,0,1.4000,0.1880,0.1050,0.0583,1,ACTIVE,3,7,6
581,16296,8:53:30,0,103.00,0,1.6000,0.2900,0.1050,0.0412,1,ACTIVE,3,7,6
581,16297,8:54:00,0,200.00,0,0.2700,0.1220,0.0000,0.0000,1,ACTIVE,3,7,6
581,16298,8:54:30,0,269.00,0,0.2700,0.1220,0.0000,0.0000,1,ACTIVE,3,7,6
581,16299,8:55:00,0,200.00,0,0.2700,0.1220,0.0000,0.0000,1,ACTIVE,3,7,6
581,16300,8:55:30,0,163.00,0,0.2700,0.1220,0.0000,0.0000,1,ACTIVE,3,7,6
581,16301,8:56:00,0,483.00,0,0.2700,0.1220,0.0000,0.0000,1,ACTIVE,3,7,6
581,16302,8:56:30,0,306.00,0,20.7300,1.3500,1.9500,0.6180,1,ACTIVE,3,7,6
581,16303,8:57:00,0,123.00,0,0.0000,0.0000,0.0000,0.0000,1,ACTIVE,3,7,6
581,16304,8:57:30,0,350.00,0,1.8000,0.2050,0.1510,0.0162,1,ACTIVE,3,7,6
581,16305,8:58:00,0,328.00,0,14.3100,1.6000,1.1600,0.5670,1,ACTIVE,3,7,6
581,16306,8:58:30,0,207.00,0,8.1600,0.5200,0.7680,0.2660,1,ACTIVE,3,7,6
581,16307,8:59:00,0,252.00,0,392.1600,13.4000,39.6000,14.6000,1,ACTIVE,3,7,6
581,16308,8:59:30,0,163.00,0,1974.730,68.0000,197.0000,94.1000,1,ACTIVE,3,7,6
581,16309,9:00:00,0,107.00,0,30.3700,3.0700,1.0600,13.1000,1,ACTIVE,3,7,6
581,16310,9:00:30,0,151.00,0,108.2100,2.7600,10.8000,7.0000,1,ACTIVE,3,7,6
581,16311,9:01:00,0,47.00,0,23.9900,0.5200,2.4200,1.5000,1,ACTIVE,3,7,6
581,16312,9:01:30,0,86.00,0,148.6200,10.1000,14.3000,0.9540,1,ACTIVE,3,7,6
581,16313,9:02:00,0,86.00,0,0.2900,0.1300,0.0000,0.0000,1,ACTIVE,3,7,6
581,16314,9:02:30,0,89.00,0,0.5900,0.1220,0.0347,0.0117,1,ACTIVE,3,7,6
581,16315,9:03:00,0,82.00,0,0.2900,0.1300,0.0000,0.0000,1,ACTIVE,3,7,6
581,16316,9:03:30,0,207.00,0,1.6900,0.1800,0.1390,0.0694,1,ACTIVE,3,7,6
581,16317,9:04:00,0,68.00,0,0.5700,0.1140,0.0347,0.0117,1,ACTIVE,3,7,6
581,16318,9:04:30,0,49.00,0,0.3000,0.1300,0.0000,0.0117,1,ACTIVE,3,7,6
581,16319,9:05:00,0,93.00,0,0.7900,0.1580,0.0501,0.0046,1,ACTIVE,3,7,6
581,16320,9:05:30,0,103.00,0,0.3300,0.1420,0.0000,0.0117,1,ACTIVE,3,7,6
581,16321,9:06:00,0,151.00,0,2.0400,0.1800,0.1760,0.0880,1,ACTIVE,3,7,6
581,16322,9:06:30,0,119.00,0,0.7100,0.1760,0.0347,0.0117,1,ACTIVE,3,7,6
581,16323,9:07:00,0,107.00,0,0.6700,0.1580,0.0347,0.0117,1,ACTIVE,3,7,6
581,16324,9:07:30,0,79.00,0,0.7100,0.1760,0.0347,0.0117,1,ACTIVE,3,7,6
581,16325,9:08:00,0,54.00,0,1.3300,0.1960,0.1000,0.0162,1,ACTIVE,3,7,6
581,16326,9:08:30,0,19.00,0,0.6000,0.1300,0.0347,0.0117,1,ACTIVE,3,7,6
581,16327,9:09:00,0,59.00,0,0.9300,0.1300,0.0694,0.0292,1,ACTIVE,3,7,6
581,16328,9:09:30,0,61.00,0,0.9400,0.1360,0.0694,0.0292,1,ACTIVE,3,7,6
581,16329,9:10:00,0,47.00,0,0.9600,0.1450,0.0694,0.0292,1,ACTIVE,3,7,6
581,16330,9:10:30,0,0.00,0,0.9400,0.1360,0.0694,0.0292,0,ACTIVE,3,7,6
581,16331,9:11:00,0,22.00,0,0.9700,0.1510,0.0694,0.0292,1,ACTIVE,3,7,6
581,16332,9:11:30,0,6.00,0,1.3300,0.1690,0.1050,0.0412,1,ACTIVE,3,7,6
581,16333,9:12:00,0,0.00,0,1.3300,0.1690,0.1050,0.0412,1,ACTIVE,3,7,6
581,16334,9:12:30,0,147.00,0,1.0100,0.1690,0.0694,0.0292,1,ACTIVE,3,7,6
581,16335,9:13:00,0,200.00,0,4.3500,0.3230,0.4010,0.1170,1,ACTIVE,3,7,6
581,16336,9:13:30,0,228.00,0,0.5500,0.1510,0.0251,0.0000,1,ACTIVE,3,7,6
581,16337,9:14:00,0,193.00,0,1.2500,0.2600,0.0756,0.0115,1,ACTIVE,3,7,6
581,16338,9:14:30,0,317.00,0,0.9900,0.1580,0.0694,0.0292,1,ACTIVE,3,7,6
581,16339,9:15:00,0,297.00,0,0.3500,0.1580,0.0000,0.0000,1,ACTIVE,3,7,6
581,16340,9:15:30,0,288.00,0,0.2900,0.1300,0.0000,0.0000,1,ACTIVE,3,7,6
581,16341,9:16:00,0,288.00,0,0.2900,0.1300,0.0000,0.0000,1,ACTIVE,3,7,6
581,16342,9:16:30,0,306.00,0,0.2900,0.1300,0.0000,0.0000,1,ACTIVE,3,7,6
581,16343,9:17:00,0,278.00,0,0.2900,0.1300,0.0000,0.0000,1,ACTIVE,3,7,6
581,16344,9:17:30,0,236.00,0,0.2900,0.1300,0.0000,0.0000,1,ACTIVE,3,7,6
581,16345,9:18:00,0,317.00,0,1.1800,0.2280,0.0756,0.0115,1,ACTIVE,3,7,6
581,16346,9:18:30,0,424.00,0,15.2300,2.1300,1.1800,0.1450,1,ACTIVE,3,7,6
581,16347,9:19:00,0,514.00,0,15.5200,1.7100,1.3200,0.1610,1,ACTIVE,3,7,6
581,16348,9:19:30,0,483.00,0,36.2400,4.6400,2.9400,0.2140,1,ACTIVE,3,7,6
581,16349,9:20:00,0,483.00,0,215.6300,6.4200,22.1000,7.6300,1,ACTIVE,3,7,6
581,16350,9:20:30,0,252.00,0,43.1200,5.1700,3.5700,0.3600,1,ACTIVE,3,7,6
581,16351,9:21:00,0,128.00,0,74.6300,5.7600,7.0000,0.5790,1,ACTIVE,3,7,6
581,16352,9:21:30,0,114.00,0,76.0300,7.0000,6.8500,0.5550,1,ACTIVE,3,7,6
581,16353,9:22:00,0,169.00,0,10.4600,1.4400,0.8020,0.2380,1,ACTIVE,3,7,6
581,16354,9:22:30,0,200.00,0,0.7900,0.2600,0.0251,0.0000,1,ACTIVE,3,7,6
581,16355,9:23:00,0,193.00,0,0.6200,0.1800,0.0251,0.0000,1,ACTIVE,3,7,6
581,16356,9:23:30,0,244.00,0,0.6800,0.2090,0.0251,0.0000,1,ACTIVE,3,7,6
581,16357,9:24:00,0,82.00,0,0.8600,0.2440,0.0347,0.0117,1,ACTIVE,3,7,6
581,16358,9:24:30,0,33.00,0,0.4400,0.2000,0.0000,0.0000,1,ACTIVE,3,7,6
581,16359,9:25:00,0,193.00,0,0.5900,0.1690,0.0251,0.0000,1,ACTIVE,3,7,6
581,16360,9:25:30,0,13.00,0,0.4700,0.2140,0.0000,0.0000,1,ACTIVE,3,7,6
581,16361,9:26:00,0,114.00,0,0.3800,0.1720,0.0000,0.0000,1,ACTIVE,3,7,6
581,16362,9:26:30,0,25.00,0,0.6300,0.1880,0.0251,0.0000,1,ACTIVE,3,7,6
581,16363,9:27:00,0,45.00,0,0.8200,0.2280,0.0347,0.0117,1,ACTIVE,3,7,6
581,16364,9:27:30,0,28.00,0,0.7300,0.1880,0.0347,0.0117,1,ACTIVE,3,7,6
581,16365,9:28:00,0,317.00,0,1.5200,0.3840,0.0756,0.0046,1,ACTIVE,3,7,6
581,16366,9:28:30,0,93.00,0,4.5100,1.4400,0.1510,0.0046,1,ACTIVE,3,7,6
581,16367,9:29:00,0,181.00,0,1.2700,0.3760,0.0501,0.0046,1,ACTIVE,3,7,6
581,16368,9:29:30,0,28.00,0,1.1900,0.3370,0.0501,0.0046,1,ACTIVE,3,7,6
581,16369,9:30:00,0,6.00,0,1.1100,0.3030,0.0501,0.0046,1,ACTIVE,3,7,6
581,16370,9:30:30,0,0.00,0,1.3800,0.3370,0.0694,0.0292,1,ACTIVE,3,7,6
581,16371,9:31:00,0,114.00,0,1.4200,0.3370,0.0756,0.0115,1,ACTIVE,3,7,6
581,16372,9:31:30,0,110.00,0,1.3400,0.3160,0.0694,0.0292,1,ACTIVE,3,7,6
581,16373,9:32:00,0,1.00,0,1.1600,0.3230,0.0501,0.0046,1,ACTIVE,3,7,6
581,16374,9:32:30,0,47.00,0,1.5800,0.4100,0.0756,0.0115,1,ACTIVE,3,7,6
581,16375,9:33:00,0,157.00,0,3.9000,0.4570,0.3160,0.1170,1,ACTIVE,3,7,6
581,16376,9:33:30,0,34.00,0,1.9400,0.4770,0.1000,0.0046,1,ACTIVE,3,7,6
581,16377,9:34:00,0,23.00,0,9.9300,2.7600,0.4370,0.0115,1,ACTIVE,3,7,6
581,16378,9:34:30,0,4.00,0,22.1000,5.2800,1.1800,0.0571,1,ACTIVE,3,7,6
581,16379,9:35:00,0,100.00,0,16.7100,3.6500,0.9750,0.0939,1,ACTIVE,3,7,6
581,16380,9:35:30,0,14.00,0,2.3300,0.5550,0.1240,0.0162,1,ACTIVE,3,7,6
581,16381,9:36:00,0,0.00,0,2.1900,0.4870,0.1240,0.0162,0,ACTIVE,3,7,6
581,16382,9:36:30,0,0.00,0,2.1900,0.4870,0.1240,0.0162,0,ACTIVE,3,7,6
581,16383,9:37:00,0,0.00,0,2.1900,0.4870,0.1240,0.0162,0,ACTIVE,3,7,6
581,16384,9:37:30,0,70.00,0,1.9500,0.4770,0.1000,0.0162,1,ACTIVE,3,7,6
581,16385,9:38:00,0,96.00,0,1.6800,0.4570,0.0756,0.0115,1,ACTIVE,3,7,6
581,16386,9:38:30,0,4.00,0,1.6300,0.4370,0.0756,0.0046,1,ACTIVE,3,7,6
581,16387,9:39:00,0,0.00,0,2.3100,0.6460,0.1000,0.0046,0,ACTIVE,3,7,6
581,16388,9:39:30,0,0.00,0,1.5000,0.4770,0.0501,0.0046,0,ACTIVE,3,7,6
581,16389,9:40:00,0,0.00,0,0.8900,0.2600,0.0347,0.0117,1,ACTIVE,3,7,6
581,16390,9:40:30,0,45.00,0,5.3400,1.3800,0.2600,0.0162,1,ACTIVE,3,7,6
581,16391,9:41:00,0,151.00,0,5.5200,1.6000,0.2230,0.0162,1,ACTIVE,3,7,6
581,16392,9:41:30,0,9.00,0,1.0400,0.2720,0.0501,0.0046,1,ACTIVE,3,7,6
581,16393,9:42:00,0,73.00,0,1.0400,0.2720,0.0501,0.0046,1,ACTIVE,3,7,6
581,16394,9:42:30,0,45.00,0,0.8200,0.2280,0.0347,0.0117,1,ACTIVE,3,7,6
581,16395,9:43:00,0,103.00,0,1.7600,0.3920,0.1000,0.0162,1,ACTIVE,3,7,6
581,16396,9:43:30,0,82.00,0,1.5200,0.2840,0.1000,0.0115,1,ACTIVE,3,7,6
581,16397,9:44:00,0,63.00,0,1.0400,0.2720,0.0501,0.0046,1,ACTIVE,3,7,6
581,16398,9:44:30,0,2.00,0,1.0700,0.2840,0.0501,0.0046,1,ACTIVE,3,7,6
581,16399,9:45:00,0,47.00,0,1.0200,0.2600,0.0501,0.0046,1,ACTIVE,3,7,6
581,16400,9:45:30,0,119.00,0,5.4100,0.4770,0.4770,0.1650,1,ACTIVE,3,7,6
581,16401,9:46:00,0,89.00,0,1.5200,0.3840,0.0756,0.0046,1,ACTIVE,3,7,6
581,16402,9:46:30,0,1.00,0,1.5000,0.3760,0.0756,0.0046,1,ACTIVE,3,7,6
581,16403,9:47:00,0,27.00,0,2.3600,0.5670,0.1240,0.0115,1,ACTIVE,3,7,6
581,16404,9:47:30,0,1.00,0,2.4700,0.6180,0.1240,0.0115,1,ACTIVE,3,7,6
581,16405,9:48:00,0,137.00,0,1.1100,0.3030,0.0501,0.0046,1,ACTIVE,3,7,6
581,16406,9:48:30,0,0.00,0,1.4000,0.3300,0.0756,0.0115,1,ACTIVE,3,7,6
581,16407,9:49:00,0,25.00,0,1.1100,0.3030,0.0501,0.0046,1,ACTIVE,3,7,6
581,16408,9:49:30,0,42.00,0,1.0700,0.2840,0.0501,0.0046,1,ACTIVE,3,7,6
581,16409,9:50:00,0,23.00,0,1.4200,0.3520,0.0694,0.0292,1,ACTIVE,3,7,6
581,16410,9:50:30,0,45.00,0,0.8200,0.2280,0.0347,0.0117,1,ACTIVE,3,7,6
581,16411,9:51:00,0,47.00,0,0.9700,0.2380,0.0501,0.0046,1,ACTIVE,3,7,6
581,16412,9:51:30,0,110.00,0,0.8800,0.3300,0.0070,0.0861,1,ACTIVE,3,7,6
581,16413,9:52:00,0,25.00,0,1.0400,0.2720,0.0501,0.0046,1,ACTIVE,3,7,6
581,16414,9:52:30,0,38.00,0,1.1100,0.3030,0.0501,0.0046,1,ACTIVE,3,7,6
581,16415,9:53:00,0,1.00,0,1.6300,0.4370,0.0756,0.0046,0,ACTIVE,3,7,6
581,16416,9:53:30,0,6.00,0,1.2200,0.3520,0.0501,0.0046,1,ACTIVE,3,7,6
581,16417,9:54:00,0,52.00,0,2.4000,0.5920,0.1240,0.0046,1,ACTIVE,3,7,6
581,16418,9:54:30,0,25.00,0,4.7700,0.9960,0.2900,0.0279,1,ACTIVE,3,7,6
581,16419,9:55:00,0,5.00,0,1.4700,0.3760,0.0694,0.0292,1,ACTIVE,3,7,6
581,16420,9:55:30,0,79.00,0,1.1400,0.3160,0.0501,0.0046,1,ACTIVE,3,7,6
581,16421,9:56:00,0,96.00,0,0.8600,0.2440,0.0347,0.0117,1,ACTIVE,3,7,6
581,16422,9:56:30,0,93.00,0,1.0600,0.2770,0.0501,0.0046,1,ACTIVE,3,7,6
581,16423,9:57:00,0,36.00,0,1.1700,0.3300,0.0501,0.0046,1,ACTIVE,3,7,6
581,16424,9:57:30,0,1.00,0,1.4300,0.3450,0.0756,0.0046,1,ACTIVE,3,7,6
581,16425,9:58:00,0,63.00,0,1.2700,0.2840,0.0694,0.0292,1,ACTIVE,3,7,6
581,16426,9:58:30,0,4.00,0,1.0700,0.2840,0.0501,0.0046,1,ACTIVE,3,7,6
581,16427,9:59:00,0,45.00,0,0.7800,0.2090,0.0347,0.0117,1,ACTIVE,3,7,6
581,16428,9:59:30,0,151.00,0,18.4100,5.7600,0.6460,0.0292,1,ACTIVE,3,7,6
581,16429,10:00:00,0,19.00,0,23.5700,8.1400,0.6180,0.1450,1,ACTIVE,3,7,6
581,16430,10:00:30,0,96.00,0,1.9000,0.4570,0.1000,0.0115,1,ACTIVE,3,7,6
581,16431,10:01:00,0,18.00,0,0.8400,0.2380,0.0347,0.0117,1,ACTIVE,3,7,6
581,16432,10:01:30,0,82.00,0,0.7100,0.1760,0.0347,0.0117,1,ACTIVE,3,7,6
581,16433,10:02:00,0,68.00,0,1.2800,0.2900,0.0694,0.0292,1,ACTIVE,3,7,6
581,16434,10:02:30,0,6.00,0,1.2400,0.3600,0.0501,0.0046,1,ACTIVE,3,7,6
581,16435,10:03:00,0,6.00,0,1.7000,0.4670,0.0756,0.0046,1,ACTIVE,3,7,6
581,16436,10:03:30,0,142.00,0,0.8200,0.2280,0.0347,0.0117,1,ACTIVE,3,7,6
581,16437,10:04:00,0,7.00,0,0.7100,0.1800,0.0347,0.0117,1,ACTIVE,3,7,6
581,16438,10:04:30,0,0.00,0,0.7100,0.1760,0.0347,0.0117,0,ACTIVE,3,7,6
581,16439,10:05:00,0,0.00,0,0.7100,0.1800,0.0347,0.0117,0,ACTIVE,3,7,6
581,16440,10:05:30,0,1.00,0,0.6100,0.1760,0.0251,0.0000,0,ACTIVE,3,7,6
581,16441,10:06:00,0,0.00,0,0.7100,0.1760,0.0347,0.0117,1,ACTIVE,3,7,6
581,16442,10:06:30,0,107.00,0,1.0200,0.2600,0.0501,0.0046,1,ACTIVE,3,7,6
581,16443,10:07:00,0,56.00,0,1.8600,0.4370,0.1000,0.0115,1,ACTIVE,3,7,6
581,16444,10:07:30,0,157.00,0,1.9200,0.4670,0.1000,0.0115,1,ACTIVE,3,7,6
581,16445,10:08:00,0,252.00,0,1.7200,0.4770,0.0756,0.0046,1,ACTIVE,3,7,6
581,16446,10:08:30,0,133.00,0,1.1900,0.3370,0.0501,0.0046,1,ACTIVE,3,7,6
581,16447,10:09:00,0,35.00,0,1.1300,0.3090,0.0501,0.0046,1,ACTIVE,3,7,6
581,16448,10:09:30,0,45.00,0,1.1300,0.3090,0.0501,0.0046,1,ACTIVE,3,7,6
581,16449,10:10:00,0,0.00,0,1.3300,0.4010,0.0501,0.0046,1,ACTIVE,3,7,6
581,16450,10:10:30,0,49.00,0,5.4500,1.7500,0.1760,0.0412,1,ACTIVE,3,7,6
581,16451,10:11:00,0,70.00,0,1.4000,0.3300,0.0756,0.0115,1,ACTIVE,3,7,6
581,16452,10:11:30,0,38.00,0,1.3100,0.3030,0.0694,0.0292,1,ACTIVE,3,7,6
581,16453,10:12:00,0,52.00,0,27.4600,0.9750,2.8800,0.0880,1,ACTIVE,3,7,6
581,16454,10:12:30,0,12.00,0,26.3300,1.6400,2.4700,0.9540,1,ACTIVE,3,7,6
581,16455,10:13:00,0,82.00,0,10.7600,0.5790,1.0400,0.3450,1,ACTIVE,3,7,6
581,16456,10:13:30,0,22.00,0,48.1400,4.7400,4.1600,1.1300,1,ACTIVE,3,7,6
581,16457,10:14:00,0,1.00,0,21.2600,3.4200,1.5400,0.2190,1,ACTIVE,3,7,6
581,16458,10:14:30,0,9.00,0,2.2200,0.2770,0.1760,0.0583,1,ACTIVE,3,7,6
581,16459,10:15:00,0,288.00,0,1.0200,0.2600,0.0501,0.0046,1,ACTIVE,3,7,6
581,16460,10:15:30,0,0.00,0,2.4300,0.6050,0.1240,0.0046,1,ACTIVE,3,7,6
581,16461,10:16:00,0,103.00,0,1.2400,0.3600,0.0501,0.0046,1,ACTIVE,3,7,6
581,16462,10:16:30,0,103.00,0,1.8800,0.4470,0.1000,0.0115,1,ACTIVE,3,7,6
581,16463,10:17:00,0,42.00,0,2.1600,0.4770,0.1240,0.0115,1,ACTIVE,3,7,6
581,16464,10:17:30,0,181.00,0,2.1100,0.4570,0.1240,0.0115,1,ACTIVE,3,7,6
581,16465,10:18:00,0,82.00,0,1.5800,0.4100,0.0756,0.0115,1,ACTIVE,3,7,6
581,16466,10:18:30,0,96.00,0,6.3000,1.9500,0.2230,0.0279,1,ACTIVE,3,7,6
581,16467,10:19:00,0,82.00,0,16.4300,2.0800,1.2900,0.4770,1,ACTIVE,3,7,6
581,16468,10:19:30,0,8.00,0,46.2300,3.0100,4.4400,0.6460,1,ACTIVE,3,7,6
581,16469,10:20:00,0,0.00,0,1.4500,0.3520,0.0756,0.0115,1,ACTIVE,3,7,6
581,16470,10:20:30,0,27.00,0,0.7700,0.2050,0.0347,0.0117,1,ACTIVE,3,7,6
581,16471,10:21:00,0,66.00,0,1.0700,0.2840,0.0501,0.0046,1,ACTIVE,3,7,6
581,16472,10:21:30,0,52.00,0,1.4100,0.4370,0.0501,0.0046,1,ACTIVE,3,7,6
581,16473,10:22:00,0,142.00,0,1.1100,0.3030,0.0501,0.0046,1,ACTIVE,3,7,6
581,16474,10:22:30,0,0.00,0,0.7500,0.1960,0.0347,0.0117,1,ACTIVE,3,7,6
581,16475,10:23:00,0,187.00,0,1.0800,0.2900,0.0501,0.0046,1,ACTIVE,3,7,6
581,16476,10:23:30,0,100.00,0,1.0200,0.2600,0.0501,0.0046,1,ACTIVE,3,7,6
581,16477,10:24:00,0,54.00,0,1.1600,0.3230,0.0501,0.0046,1,ACTIVE,3,7,6
581,16478,10:24:30,0,19.00,0,1.3100,0.3030,0.0694,0.0292,1,ACTIVE,3,7,6
581,16479,10:25:00,0,31.00,0,1.0700,0.2840,0.0501,0.0046,1,ACTIVE,3,7,6
581,16480,10:25:30,0,169.00,0,0.8900,0.2600,0.0347,0.0117,1,ACTIVE,3,7,6
581,16481,10:26:00,0,47.00,0,0.8200,0.2280,0.0347,0.0117,1,ACTIVE,3,7,6
581,16482,10:26:30,0,52.00,0,1.0800,0.2900,0.0501,0.0046,1,ACTIVE,3,7,6
581,16483,10:27:00,0,79.00,0,1.2700,0.2840,0.0694,0.0292,1,ACTIVE,3,7,6
581,16484,10:27:30,0,52.00,0,0.9700,0.2380,0.0501,0.0046,1,ACTIVE,3,7,6
581,16485,10:28:00,0,93.00,0,0.9800,0.2440,0.0501,0.0046,1,ACTIVE,3,7,6
581,16486,10:28:30,0,110.00,0,4.7700,1.3500,0.2000,0.0279,1,ACTIVE,3,7,6
581,16487,10:29:00,0,22.00,0,3.4600,0.8560,0.1760,0.0230,1,ACTIVE,3,7,6
581,16488,10:29:30,0,207.00,0,6.4800,2.0800,0.2090,0.0412,1,ACTIVE,3,7,6
581,16489,10:30:00,0,0.00,0,2.9300,0.7200,0.1510,0.0162,1,ACTIVE,3,7,6
581,16490,10:30:30,0,114.00,0,2.2800,0.5310,0.1240,0.0115,1,ACTIVE,3,7,6
581,16491,10:31:00,0,79.00,0,1.1400,0.3160,0.0501,0.0046,1,ACTIVE,3,7,6
581,16492,10:31:30,0,79.00,0,6.4100,0.3600,0.6180,0.1800,1,ACTIVE,3,7,6
581,16493,10:32:00,0,56.00,0,1.2900,0.3840,0.0501,0.0046,1,ACTIVE,3,7,6
581,16494,10:32:30,0,0.00,0,0.2900,0.1300,0.0000,0.0000,0,ACTIVE,3,7,6
581,16495,10:33:00,0,0.00,0,0.2900,0.1300,0.0000,0.0000,0,ACTIVE,3,7,6
581,16496,10:33:30,0,0.00,0,0.2700,0.1220,0.0000,0.0000,0,ACTIVE,3,7,6
581,16497,10:34:00,0,0.00,0,0.2900,0.1300,0.0000,0.0000,0,ACTIVE,3,7,6
581,16498,10:34:30,0,0.00,0,0.2700,0.1220,0.0000,0.0000,0,ACTIVE,3,7,6
581,16499,10:35:00,0,0.00,0,0.2700,0.1220,0.0000,0.0000,0,ACTIVE,3,7,6
581,16500,10:35:30,0,0.00,0,0.2900,0.1300,0.0000,0.0000,0,ACTIVE,3,7,6
581,16501,10:36:00,0,0.00,0,0.2700,0.1220,0.0000,0.0000,0,ACTIVE,3,7,6
581,16502,10:36:30,0,0.00,0,0.2900,0.1300,0.0000,0.0000,0,ACTIVE,3,7,6
581,16503,10:37:00,0,0.00,0,0.3000,0.1300,0.0000,0.0117,1,ACTIVE,3,7,6
581,16504,10:37:30,0,42.00,0,0.2900,0.1300,0.0000,0.0000,1,ACTIVE,3,7,6
581,16505,10:38:00,0,200.00,0,0.4000,0.1800,0.0000,0.0000,1,ACTIVE,3,7,6
581,16506,10:38:30,0,86.00,0,1.5200,0.3840,0.0756,0.0115,1,ACTIVE,3,7,6
581,16507,10:39:00,0,15.00,0,1.4000,0.3300,0.0756,0.0115,1,ACTIVE,3,7,6
581,16508,10:39:30,0,244.00,0,0.7700,0.2050,0.0347,0.0117,1,ACTIVE,3,7,6
581,16509,10:40:00,0,119.00,0,0.5200,0.1360,0.0251,0.0000,1,ACTIVE,3,7,6
581,16510,10:40:30,0,0.00,0,0.6000,0.1300,0.0347,0.0117,1,ACTIVE,3,7,6
581,16511,10:41:00,0,4.00,0,0.6200,0.1360,0.0347,0.0117,1,ACTIVE,3,7,6
581,16512,10:41:30,0,350.00,0,3.7800,1.2100,0.1240,0.0162,1,ACTIVE,3,7,6
581,16513,10:42:00,0,128.00,0,2.2800,0.5310,0.1240,0.0115,1,ACTIVE,3,7,6
581,16514,10:42:30,0,288.00,0,1.4700,0.3600,0.0756,0.0115,1,ACTIVE,3,7,6
581,16515,10:43:00,0,373.00,0,2.5000,0.5200,0.1510,0.0230,1,ACTIVE,3,7,6
581,16516,10:43:30,0,362.00,0,2.9400,0.6050,0.1760,0.0583,1,ACTIVE,3,7,6
581,16517,10:44:00,0,142.00,0,46.6900,2.2700,4.7400,0.1650,1,ACTIVE,3,7,6
581,16518,10:44:30,0,119.00,0,72.1300,6.4200,6.5600,0.4870,1,ACTIVE,3,7,6
581,16519,10:45:00,0,187.00,0,77.8500,4.8400,7.6300,0.2960,1,ACTIVE,3,7,6
581,16520,10:45:30,0,411.00,0,36.8000,3.7300,3.2100,0.4190,1,ACTIVE,3,7,6
581,16521,10:46:00,0,0.00,0,37.0900,3.5700,3.2800,0.4370,1,ACTIVE,3,7,6
581,16522,10:46:30,0,123.00,0,34.7600,3.3500,3.0700,0.4190,1,ACTIVE,3,7,6
581,16523,10:47:00,0,297.00,0,30.2200,2.5800,2.7600,0.3370,1,ACTIVE,3,7,6
581,16524,10:47:30,0,142.00,0,1.8400,0.3300,0.1240,0.0162,1,ACTIVE,3,7,6
581,16525,10:48:00,0,6.00,0,1.6800,0.2600,0.1240,0.0162,1,ACTIVE,3,7,6
581,16526,10:48:30,0,7.00,0,1.7100,0.2720,0.1240,0.0162,1,ACTIVE,3,7,6
581,16527,10:49:00,0,6.00,0,3.8800,0.4870,0.3160,0.0347,1,ACTIVE,3,7,6
581,16528,10:49:30,0,11.00,0,20.9300,1.9900,1.8700,0.1610,1,ACTIVE,3,7,6
581,16529,10:50:00,0,0.00,0,24.2800,3.0100,1.9900,0.1720,1,ACTIVE,3,7,6
581,16530,10:50:30,0,163.00,0,29.9000,3.3500,2.5300,0.3300,1,ACTIVE,3,7,6
581,16531,10:51:00,0,187.00,0,30.3000,3.3500,2.5800,0.2490,1,ACTIVE,3,7,6
581,16532,10:51:30,0,483.00,0,0.0000,0.0000,0.0000,0.0000,1,ACTIVE,3,7,6
581,16533,10:52:00,0,531.00,0,90.4500,4.4400,8.8800,2.6400,1,ACTIVE,3,7,6
581,16534,10:52:30,0,338.00,0,14.4200,2.1700,0.4280,5.3900,1,ACTIVE,3,7,6
581,16535,10:53:00,0,483.00,0,3.6500,0.4870,0.2900,0.0347,1,ACTIVE,3,7,6
581,16536,10:53:30,0,175.00,0,2.3600,0.3600,0.1760,0.0230,1,ACTIVE,3,7,6
581,16537,10:54:00,0,566.00,0,3.3000,0.4470,0.2600,0.0347,1,ACTIVE,3,7,6
581,16538,10:54:30,0,548.00,0,3.8400,0.4670,0.3160,0.0412,1,ACTIVE,3,7,6
581,16539,10:55:00,0,214.00,0,4.4000,0.5430,0.3600,0.0460,1,ACTIVE,3,7,6
581,16540,10:55:30,0,566.00,0,10.2200,1.4700,0.7850,0.0880,1,ACTIVE,3,7,6
581,16541,10:56:00,0,911.00,0,38.2100,3.1400,3.4200,1.1800,1,ACTIVE,3,7,6
581,16542,10:56:30,0,498.00,0,88.3500,5.7600,8.3200,2.5300,1,ACTIVE,3,7,6
581,16543,10:57:00,0,686.00,0,15.9500,1.6700,1.3800,0.1610,1,ACTIVE,3,7,6
581,16544,10:57:30,0,566.00,0,129.0400,5.3900,12.8000,4.3400,1,ACTIVE,3,7,6
581,16545,10:58:00,0,604.00,0,31.7900,3.5700,2.7000,0.2440,1,ACTIVE,3,7,6
581,16546,10:58:30,0,498.00,0,67.4800,4.8400,6.4200,0.5430,1,ACTIVE,3,7,6
581,16547,10:59:00,0,338.00,0,24.5600,2.3700,2.1700,0.2720,1,ACTIVE,3,7,6
581,16548,10:59:30,0,483.00,0,69.8900,4.2500,6.8500,0.4870,1,ACTIVE,3,7,6
581,16549,11:00:00,0,566.00,0,46.3200,3.9000,4.2500,0.4280,1,ACTIVE,3,7,6
581,16550,11:00:30,0,350.00,0,0.2900,0.1300,0.0000,0.0000,1,ACTIVE,3,7,6
581,16551,11:01:00,0,169.00,0,0.3300,0.1420,0.0000,0.0117,1,ACTIVE,3,7,6
581,16552,11:01:30,0,187.00,0,0.2900,0.1300,0.0000,0.0000,1,ACTIVE,3,7,6
581,16553,11:02:00,0,200.00,0,0.2900,0.1300,0.0000,0.0000,1,ACTIVE,3,7,6
581,16554,11:02:30,0,252.00,0,0.2900,0.1300,0.0000,0.0000,1,ACTIVE,3,7,6
581,16555,11:03:00,0,207.00,0,0.3300,0.1420,0.0000,0.0117,1,ACTIVE,3,7,6
581,16556,11:03:30,0,193.00,0,0.5900,0.1220,0.0347,0.0117,1,ACTIVE,3,7,6
581,16557,11:04:00,0,151.00,0,0.6200,0.1360,0.0347,0.0117,1,ACTIVE,3,7,6
581,16558,11:04:30,0,269.00,0,0.6500,0.1510,0.0347,0.0117,1,ACTIVE,3,7,6
581,16559,11:05:00,0,385.00,0,0.3300,0.1450,0.0000,0.0117,1,ACTIVE,3,7,6
581,16560,11:05:30,0,214.00,0,0.3500,0.1580,0.0000,0.0000,1,ACTIVE,3,7,6
581,16561,11:06:00,0,514.00,0,0.3500,0.1580,0.0000,0.0000,1,ACTIVE,3,7,6
581,16562,11:06:30,0,187.00,0,0.3200,0.1450,0.0000,0.0000,1,ACTIVE,3,7,6
581,16563,11:07:00,0,175.00,0,0.3200,0.1450,0.0000,0.0000,1,ACTIVE,3,7,6
581,16564,11:07:30,0,269.00,0,0.3900,0.1720,0.0000,0.0117,1,ACTIVE,3,7,6
581,16565,11:08:00,0,86.00,0,0.3500,0.1580,0.0000,0.0000,1,ACTIVE,3,7,6
581,16566,11:08:30,0,63.00,0,0.3500,0.1580,0.0000,0.0000,1,ACTIVE,3,7,6
581,16567,11:09:00,0,103.00,0,0.3600,0.1650,0.0000,0.0000,1,ACTIVE,3,7,6
581,16568,11:09:30,0,200.00,0,4.2000,0.3600,0.3680,0.1650,1,ACTIVE,3,7,6
581,16569,11:10:00,0,187.00,0,0.3600,0.1650,0.0000,0.0000,1,ACTIVE,3,7,6
581,16570,11:10:30,0,147.00,0,0.3500,0.1580,0.0000,0.0000,1,ACTIVE,3,7,6
581,16571,11:11:00,0,187.00,0,0.3600,0.1580,0.0000,0.0117,1,ACTIVE,3,7,6
581,16572,11:11:30,0,181.00,0,0.3500,0.1580,0.0000,0.0000,1,ACTIVE,3,7,6
581,16573,11:12:00,0,128.00,0,0.3500,0.1580,0.0000,0.0000,1,ACTIVE,3,7,6
581,16574,11:12:30,0,214.00,0,0.7500,0.1960,0.0347,0.0117,1,ACTIVE,3,7,6
581,16575,11:13:00,0,214.00,0,0.3800,0.1650,0.0000,0.0117,1,ACTIVE,3,7,6
581,16576,11:13:30,0,200.00,0,0.6400,0.1450,0.0347,0.0117,1,ACTIVE,3,7,6
581,16577,11:14:00,0,297.00,0,5.6600,0.2900,0.5430,0.2380,1,ACTIVE,3,7,6
581,16578,11:14:30,0,438.00,0,0.6400,0.1450,0.0347,0.0117,1,ACTIVE,3,7,6
581,16579,11:15:00,0,187.00,0,0.3500,0.1580,0.0000,0.0000,1,ACTIVE,3,7,6
581,16580,11:15:30,0,207.00,0,0.3500,0.1580,0.0000,0.0000,1,ACTIVE,3,7,6
581,16581,11:16:00,0,193.00,0,0.3500,0.1580,0.0000,0.0000,1,ACTIVE,3,7,6
581,16582,11:16:30,0,128.00,0,0.3500,0.1580,0.0000,0.0000,1,ACTIVE,3,7,6
581,16583,11:17:00,0,86.00,0,0.3500,0.1580,0.0000,0.0000,1,ACTIVE,3,7,6
581,16584,11:17:30,0,0.00,0,0.3500,0.1580,0.0000,0.0000,1,ACTIVE,3,7,6
581,16585,11:18:00,0,54.00,0,0.3500,0.1580,0.0000,0.0000,1,ACTIVE,3,7,6
581,16586,11:18:30,0,2.00,0,0.3500,0.1580,0.0000,0.0000,1,ACTIVE,3,7,6
581,16587,11:19:00,0,54.00,0,0.3500,0.1580,0.0000,0.0000,1,ACTIVE,3,7,6
581,16588,11:19:30,0,54.00,0,0.3500,0.1580,0.0000,0.0000,1,ACTIVE,3,7,6
581,16589,11:20:00,0,36.00,0,0.3500,0.1580,0.0000,0.0000,1,ACTIVE,3,7,6
581,16590,11:20:30,0,4.00,0,0.3600,0.1580,0.0000,0.0117,1,ACTIVE,3,7,6
581,16591,11:21:00,0,86.00,0,0.3500,0.1580,0.0000,0.0000,1,ACTIVE,3,7,6
581,16592,11:21:30,0,82.00,0,0.3500,0.1580,0.0000,0.0000,1,ACTIVE,3,7,6
581,16593,11:22:00,0,68.00,0,0.3500,0.1580,0.0000,0.0000,1,ACTIVE,3,7,6
581,16594,11:22:30,0,0.00,0,0.2900,0.1300,0.0000,0.0000,1,ACTIVE,3,7,6
581,16595,11:23:00,0,0.00,0,0.2700,0.1220,0.0000,0.0000,0,ACTIVE,3,7,6
581,16596,11:23:30,0,34.00,0,0.6400,0.1450,0.0347,0.0117,1,ACTIVE,3,7,6
581,16597,11:24:00,0,36.00,0,0.7100,0.1760,0.0347,0.0117,1,ACTIVE,3,7,6
581,16598,11:24:30,0,4.00,0,1.1000,0.2090,0.0694,0.0292,0,ACTIVE,3,7,6
581,16599,11:25:00,0,34.00,0,0.3500,0.1580,0.0000,0.0000,1,ACTIVE,3,7,6
581,16600,11:25:30,0,42.00,0,0.3500,0.1580,0.0000,0.0000,1,ACTIVE,3,7,6
581,16601,11:26:00,0,23.00,0,0.3500,0.1580,0.0000,0.0000,1,ACTIVE,3,7,6
581,16602,11:26:30,0,6.00,0,0.3500,0.1580,0.0000,0.0000,1,ACTIVE,3,7,6
581,16603,11:27:00,0,35.00,0,0.3800,0.1650,0.0000,0.0117,1,ACTIVE,3,7,6
581,16604,11:27:30,0,32.00,0,0.3800,0.1720,0.0000,0.0000,1,ACTIVE,3,7,6
581,16605,11:28:00,0,13.00,0,0.6400,0.1450,0.0347,0.0117,1,ACTIVE,3,7,6
581,16606,11:28:30,0,1.00,0,0.6400,0.1450,0.0347,0.0117,0,ACTIVE,3,7,6
581,16607,11:29:00,0,19.00,0,0.3600,0.1650,0.0000,0.0000,1,ACTIVE,3,7,6
581,16608,11:29:30,0,52.00,0,0.3500,0.1580,0.0000,0.0000,1,ACTIVE,3,7,6
581,16609,11:30:00,0,25.00,0,0.3600,0.1650,0.0000,0.0000,1,ACTIVE,3,7,6
581,16610,11:30:30,0,11.00,0,0.3200,0.1450,0.0000,0.0000,1,ACTIVE,3,7,6
581,16611,11:31:00,0,23.00,0,0.4400,0.1920,0.0000,0.0117,1,ACTIVE,3,7,6
581,16612,11:31:30,0,29.00,0,0.3600,0.1650,0.0000,0.0000,1,ACTIVE,3,7,6
581,16613,11:32:00,0,26.00,0,0.3500,0.1580,0.0000,0.0000,1,ACTIVE,3,7,6
581,16614,11:32:30,0,66.00,0,0.3500,0.1580,0.0000,0.0000,1,ACTIVE,3,7,6
581,16615,11:33:00,0,32.00,0,0.7100,0.1760,0.0347,0.0117,1,ACTIVE,3,7,6
581,16616,11:33:30,0,0.00,0,0.7100,0.1760,0.0347,0.0117,0,ACTIVE,3,7,6
581,16617,11:34:00,0,45.00,0,6.3400,1.3200,0.3840,0.0535,1,ACTIVE,3,7,6
581,16618,11:34:30,0,0.00,0,0.7100,0.1760,0.0347,0.0117,0,ACTIVE,3,7,6
581,16619,11:35:00,0,38.00,0,0.6700,0.1580,0.0347,0.0117,1,ACTIVE,3,7,6
581,16620,11:35:30,0,1.00,0,0.3600,0.1650,0.0000,0.0000,0,ACTIVE,3,7,6
581,16621,11:36:00,0,40.00,0,0.3800,0.1650,0.0000,0.0117,1,ACTIVE,3,7,6
581,16622,11:36:30,0,54.00,0,0.6500,0.1510,0.0347,0.0117,1,ACTIVE,3,7,6
581,16623,11:37:00,0,31.00,0,0.7300,0.1880,0.0347,0.0117,1,ACTIVE,3,7,6
581,16624,11:37:30,0,47.00,0,0.7100,0.1760,0.0347,0.0117,1,ACTIVE,3,7,6
581,16625,11:38:00,0,28.00,0,0.7100,0.1800,0.0347,0.0117,1,ACTIVE,3,7,6
581,16626,11:38:30,0,13.00,0,0.6900,0.1690,0.0347,0.0117,1,ACTIVE,3,7,6
581,16627,11:39:00,0,22.00,0,0.6400,0.1450,0.0347,0.0117,1,ACTIVE,3,7,6
581,16628,11:39:30,0,2.00,0,0.3200,0.1450,0.0000,0.0000,0,ACTIVE,3,7,6
581,16629,11:40:00,0,38.00,0,0.3200,0.1450,0.0000,0.0000,1,ACTIVE,3,7,6
581,16630,11:40:30,0,23.00,0,0.3200,0.1450,0.0000,0.0000,1,ACTIVE,3,7,6
581,16631,11:41:00,0,2.00,0,0.3300,0.1450,0.0000,0.0117,0,ACTIVE,3,7,6
581,16632,11:41:30,0,0.00,0,0.3200,0.1450,0.0000,0.0000,0,ACTIVE,3,7,6
581,16633,11:42:00,0,0.00,0,0.3200,0.1450,0.0000,0.0000,0,ACTIVE,3,7,6
581,16634,11:42:30,0,8.00,0,0.5100,0.1300,0.0251,0.0000,1,ACTIVE,3,7,6
581,16635,11:43:00,0,75.00,0,0.3300,0.1450,0.0000,0.0117,1,ACTIVE,3,7,6
581,16636,11:43:30,0,52.00,0,0.3100,0.1420,0.0000,0.0000,1,ACTIVE,3,7,6
581,16637,11:44:00,0,45.00,0,0.4700,0.1140,0.0251,0.0000,1,ACTIVE,3,7,6
581,16638,11:44:30,0,0.00,0,0.2900,0.1300,0.0000,0.0000,1,ACTIVE,3,7,6
581,16639,11:45:00,0,66.00,0,0.2900,0.1300,0.0000,0.0000,1,ACTIVE,3,7,6
581,16640,11:45:30,0,23.00,0,1.0100,0.1690,0.0694,0.0292,1,ACTIVE,3,7,6
581,16641,11:46:00,0,0.00,0,5.9300,0.6740,0.4980,0.0724,1,ACTIVE,3,7,6
581,16642,11:46:30,0,19.00,0,6.2300,0.7200,0.5200,0.0773,1,ACTIVE,3,7,6
581,16643,11:47:00,0,269.00,0,3.7800,0.5430,0.2900,0.0347,1,ACTIVE,3,7,6
581,16644,11:47:30,0,103.00,0,43.6000,2.6400,4.2500,0.4870,1,ACTIVE,3,7,6
581,16645,11:48:00,0,52.00,0,16.6700,1.6000,1.4700,0.2190,1,ACTIVE,3,7,6
581,16646,11:48:30,0,157.00,0,2.9100,0.3160,0.2440,0.0694,1,ACTIVE,3,7,6
581,16647,11:49:00,0,252.00,0,4.4000,0.3300,0.4010,0.1450,1,ACTIVE,3,7,6
581,16648,11:49:30,0,244.00,0,1.0000,0.1450,0.0756,0.0115,1,ACTIVE,3,7,6
581,16649,11:50:00,0,0.00,0,0.2900,0.1300,0.0000,0.0000,1,ACTIVE,3,7,6
581,16650,11:50:30,0,0.00,0,0.5700,0.1140,0.0347,0.0117,1,ACTIVE,3,7,6
581,16651,11:51:00,0,151.00,0,0.6000,0.1300,0.0347,0.0117,1,ACTIVE,3,7,6
581,16652,11:51:30,0,128.00,0,9.9000,2.4700,0.4980,0.0650,1,ACTIVE,3,7,6
581,16653,11:52:00,0,181.00,0,2.0000,0.1800,0.1760,0.0583,1,ACTIVE,3,7,6
581,16654,11:52:30,0,317.00,0,19.4800,0.7850,1.9100,0.9540,1,ACTIVE,3,7,6
581,16655,11:53:00,0,398.00,0,121.4600,5.1700,11.8000,6.4200,1,ACTIVE,3,7,6
581,16656,11:53:30,0,373.00,0,26.7800,5.1700,0.6740,8.6900,1,ACTIVE,3,7,6
581,16657,11:54:00,0,411.00,0,83.3700,6.8500,7.3100,3.9000,1,ACTIVE,3,7,6
581,16658,11:54:30,0,398.00,0,1042.100,40.4000,105.0000,31.2000,1,ACTIVE,3,7,6
581,16659,11:55:00,0,467.00,0,194.1800,12.3000,17.8000,10.6000,1,ACTIVE,3,7,6
581,16660,11:55:30,0,169.00,0,291.9300,35.5000,24.0000,2.5800,1,ACTIVE,3,7,6
581,16661,11:56:00,0,100.00,0,2.3800,0.3450,0.1760,0.0694,1,ACTIVE,3,7,6
581,16662,11:56:30,0,32.00,0,5.4400,0.6460,0.4370,0.1650,1,ACTIVE,3,7,6
581,16663,11:57:00,0,34.00,0,498.1700,20.7000,49.1000,20.2000,1,ACTIVE,3,7,6
581,16664,11:57:30,0,7.00,0,1085.430,44.1000,107.0000,45.1000,1,ACTIVE,3,7,6
581,16665,11:58:00,0,252.00,0,205.8700,17.0000,18.5000,5.3900,1,ACTIVE,3,7,6
581,16666,11:58:30,0,2.00,0,270.7600,15.3000,25.7000,11.3000,1,ACTIVE,3,7,6
581,16667,11:59:00,0,59.00,0,191.7900,11.0000,18.1000,7.8000,1,ACTIVE,3,7,6
581,16668,11:59:30,0,28.00,0,203.1800,11.3000,19.4000,7.9700,1,ACTIVE,3,7,6
581,16669,12:00:00,0,119.00,0,1.4000,0.2280,0.1000,0.0162,1,ACTIVE,3,7,7
581,16670,12:00:30,0,27.00,0,1.4100,0.2050,0.1050,0.0412,1,ACTIVE,3,7,7
581,16671,12:01:00,0,114.00,0,1.6800,0.1800,0.1390,0.0583,1,ACTIVE,3,7,7
581,16672,12:01:30,0,31.00,0,0.2700,0.1220,0.0000,0.0000,1,ACTIVE,3,7,7
581,16673,12:02:00,0,4.00,0,0.2900,0.1300,0.0000,0.0000,1,ACTIVE,3,7,7
581,16674,12:02:30,0,0.00,0,1.0700,0.1800,0.0756,0.0115,0,ACTIVE,3,7,7
581,16675,12:03:00,0,0.00,0,1.4000,0.2280,0.1000,0.0162,0,ACTIVE,3,7,7
581,16676,12:03:30,0,0.00,0,1.6800,0.2600,0.1240,0.0162,0,ACTIVE,3,7,7
581,16677,12:04:00,0,0.00,0,3.0500,0.3370,0.2600,0.0279,1,ACTIVE,3,7,7
581,16678,12:04:30,0,47.00,0,610.4400,21.1000,61.0000,26.8000,1,ACTIVE,3,7,7
581,16679,12:05:00,0,147.00,0,110.8600,1.5000,11.5000,6.1400,1,ACTIVE,3,7,7
581,16680,12:05:30,0,0.00,0,3.7400,0.3520,0.3160,0.1800,1,ACTIVE,3,7,7
581,16681,12:06:00,0,45.00,0,3.6600,0.3160,0.3160,0.1800,1,ACTIVE,3,7,7
581,16682,12:06:30,0,123.00,0,0.5900,0.1220,0.0347,0.0117,1,ACTIVE,3,7,7
581,16683,12:07:00,0,338.00,0,0.3300,0.1450,0.0000,0.0117,1,ACTIVE,3,7,7
581,16684,12:07:30,0,133.00,0,0.3100,0.1070,0.0024,0.0501,1,ACTIVE,3,7,7
581,16685,12:08:00,0,68.00,0,0.2700,0.1220,0.0000,0.0000,1,ACTIVE,3,7,7
581,16686,12:08:30,0,93.00,0,0.3000,0.1300,0.0000,0.0117,1,ACTIVE,3,7,7
581,16687,12:09:00,0,133.00,0,0.3300,0.1220,0.0024,0.0354,1,ACTIVE,3,7,7
581,16688,12:09:30,0,70.00,0,0.7800,0.1510,0.0501,0.0046,1,ACTIVE,3,7,7
581,16689,12:10:00,0,32.00,0,0.6400,0.1450,0.0347,0.0117,1,ACTIVE,3,7,7
581,16690,12:10:30,0,214.00,0,0.6200,0.1360,0.0347,0.0117,1,ACTIVE,3,7,7
581,16691,12:11:00,0,438.00,0,11.0000,1.6000,0.8020,0.3920,1,ACTIVE,3,7,7
581,16692,12:11:30,0,362.00,0,0.9700,0.1510,0.0694,0.0292,1,ACTIVE,3,7,7
581,16693,12:12:00,0,288.00,0,0.3800,0.1720,0.0000,0.0000,1,ACTIVE,3,7,7
581,16694,12:12:30,0,452.00,0,0.2700,0.1220,0.0000,0.0000,1,ACTIVE,3,7,7
581,16695,12:13:00,0,103.00,0,1.4200,0.2380,0.1000,0.0162,1,ACTIVE,3,7,7
581,16696,12:13:30,0,5.00,0,40.1200,7.3100,2.7000,0.3160,1,ACTIVE,3,7,7
581,16697,12:14:00,0,54.00,0,14.2500,3.7300,0.6740,0.0880,1,ACTIVE,3,7,7
581,16698,12:14:30,0,52.00,0,3.7100,0.3600,0.3160,0.1330,1,ACTIVE,3,7,7
581,16699,12:15:00,0,438.00,0,0.6400,0.1450,0.0347,0.0117,1,ACTIVE,3,7,7
581,16700,12:15:30,0,278.00,0,6180.080,385.0000,581.0000,224.0000,1,ACTIVE,3,7,7
581,16701,12:16:00,0,398.00,0,5502.820,488.0000,478.0000,219.0000,1,ACTIVE,3,7,7
581,16702,12:16:30,0,181.00,0,1.1900,0.2380,0.0756,0.0046,1,ACTIVE,3,7,7
581,16703,12:17:00,0,31.00,0,0.2500,0.1120,0.0000,0.0000,1,ACTIVE,3,7,7
581,16704,12:17:30,0,19.00,0,0.2500,0.1120,0.0000,0.0000,1,ACTIVE,3,7,7
581,16705,12:18:00,0,157.00,0,1.2800,0.1450,0.1050,0.0412,1,ACTIVE,3,7,7
581,16706,12:18:30,0,110.00,0,0.2900,0.1300,0.0000,0.0000,1,ACTIVE,3,7,7
581,16707,12:19:00,0,75.00,0,0.3100,0.1420,0.0000,0.0000,1,ACTIVE,3,7,7
581,16708,12:19:30,0,75.00,0,0.3100,0.1420,0.0000,0.0000,1,ACTIVE,3,7,7
581,16709,12:20:00,0,0.00,0,0.2500,0.1120,0.0000,0.0000,1,ACTIVE,3,7,7
581,16710,12:20:30,0,8.00,0,0.2500,0.1120,0.0000,0.0000,1,ACTIVE,3,7,7
581,16711,12:21:00,0,79.00,0,0.2700,0.1220,0.0000,0.0000,1,ACTIVE,3,7,7
581,16712,12:21:30,0,73.00,0,0.2900,0.1300,0.0000,0.0000,1,ACTIVE,3,7,7
581,16713,12:22:00,0,181.00,0,1.3100,0.1580,0.1050,0.0412,1,ACTIVE,3,7,7
581,16714,12:22:30,0,157.00,0,0.4600,0.1070,0.0251,0.0000,1,ACTIVE,3,7,7
581,16715,12:23:00,0,306.00,0,0.6500,0.1510,0.0347,0.0117,1,ACTIVE,3,7,7
581,16716,12:23:30,0,252.00,0,1.5600,0.2720,0.1050,0.0412,1,ACTIVE,3,7,7
581,16717,12:24:00,0,142.00,0,0.6900,0.1690,0.0347,0.0117,1,ACTIVE,3,7,7
581,16718,12:24:30,0,63.00,0,1.2500,0.2600,0.0756,0.0115,1,ACTIVE,3,7,7
581,16719,12:25:00,0,133.00,0,0.7900,0.1580,0.0501,0.0046,1,ACTIVE,3,7,7
581,16720,12:25:30,0,70.00,0,0.6200,0.1360,0.0347,0.0117,1,ACTIVE,3,7,7
581,16721,12:26:00,0,42.00,0,0.6200,0.1360,0.0347,0.0117,1,ACTIVE,3,7,7
581,16722,12:26:30,0,86.00,0,0.9600,0.1450,0.0694,0.0292,1,ACTIVE,3,7,7
581,16723,12:27:00,0,54.00,0,2.8000,0.3920,0.2090,0.0880,1,ACTIVE,3,7,7
581,16724,12:27:30,0,128.00,0,1.5400,0.2600,0.1050,0.0412,1,ACTIVE,3,7,7
581,16725,12:28:00,0,86.00,0,6.3000,0.7510,0.5090,0.1650,1,ACTIVE,3,7,7
581,16726,12:28:30,0,12.00,0,0.2900,0.1300,0.0000,0.0000,1,ACTIVE,3,7,7
581,16727,12:29:00,0,63.00,0,0.3900,0.1510,0.0024,0.0354,1,ACTIVE,3,7,7
581,16728,12:29:30,0,59.00,0,0.2900,0.1300,0.0000,0.0000,1,ACTIVE,3,7,7
581,16729,12:30:00,0,23.00,0,0.5500,0.1070,0.0347,0.0117,1,ACTIVE,3,7,7
581,16730,12:30:30,0,1.00,0,0.2800,0.1220,0.0000,0.0117,0,ACTIVE,3,7,7
581,16731,12:31:00,0,0.00,0,0.2900,0.1300,0.0000,0.0000,0,ACTIVE,3,7,7
581,16732,12:31:30,0,6.00,0,0.2900,0.1300,0.0000,0.0000,0,ACTIVE,3,7,7
581,16733,12:32:00,0,2.00,0,0.2900,0.1300,0.0000,0.0000,0,ACTIVE,3,7,7
581,16734,12:32:30,0,11.00,0,0.5200,0.2330,0.0000,0.0000,0,ACTIVE,3,7,7
581,16735,12:33:00,0,2.00,0,0.2900,0.1300,0.0000,0.0000,0,ACTIVE,3,7,7
581,16736,12:33:30,0,0.00,0,0.3000,0.1300,0.0000,0.0117,1,ACTIVE,3,7,7
581,16737,12:34:00,0,56.00,0,0.2900,0.1300,0.0000,0.0000,1,ACTIVE,3,7,7
581,16738,12:34:30,0,228.00,0,0.7900,0.1580,0.0501,0.0046,1,ACTIVE,3,7,7
581,16739,12:35:00,0,61.00,0,0.3200,0.1450,0.0000,0.0000,1,ACTIVE,3,7,7
581,16740,12:35:30,0,47.00,0,0.3300,0.1450,0.0000,0.0117,1,ACTIVE,3,7,7
581,16741,12:36:00,0,70.00,0,0.8300,0.1760,0.0501,0.0046,1,ACTIVE,3,7,7
581,16742,12:36:30,0,12.00,0,0.6000,0.1300,0.0347,0.0117,1,ACTIVE,3,7,7
581,16743,12:37:00,0,0.00,0,0.5700,0.1140,0.0347,0.0117,1,ACTIVE,3,7,7
581,16744,12:37:30,0,82.00,0,0.5900,0.1220,0.0347,0.0117,1,ACTIVE,3,7,7
581,16745,12:38:00,0,25.00,0,0.6000,0.1300,0.0347,0.0117,1,ACTIVE,3,7,7
581,16746,12:38:30,0,0.00,0,0.6200,0.1360,0.0347,0.0117,1,ACTIVE,3,7,7
581,16747,12:39:00,0,1.00,0,0.6200,0.1360,0.0347,0.0117,1,ACTIVE,3,7,7
581,16748,12:39:30,0,137.00,0,116.2600,9.8900,10.3000,3.5700,1,ACTIVE,3,7,7
581,16749,12:40:00,0,157.00,0,93.7500,7.9700,8.3200,3.0100,1,ACTIVE,3,7,7
581,16750,12:40:30,0,128.00,0,1.4000,0.1960,0.1050,0.0412,1,ACTIVE,3,7,7
581,16751,12:41:00,0,0.00,0,0.5700,0.1140,0.0347,0.0117,1,ACTIVE,3,7,7
581,16752,12:41:30,0,0.00,0,0.3000,0.1300,0.0000,0.0117,1,ACTIVE,3,7,7
581,16753,12:42:00,0,0.00,0,0.5700,0.1140,0.0347,0.0117,1,ACTIVE,3,7,7
581,16754,12:42:30,0,25.00,0,0.5500,0.1070,0.0347,0.0117,1,ACTIVE,3,7,7
581,16755,12:43:00,0,123.00,0,0.6000,0.1300,0.0347,0.0117,1,ACTIVE,3,7,7
581,16756,12:43:30,0,93.00,0,4.6300,0.4470,0.4010,0.1170,1,ACTIVE,3,7,7
581,16757,12:44:00,0,89.00,0,9.2600,1.8700,0.5790,0.0535,1,ACTIVE,3,7,7
581,16758,12:44:30,0,0.00,0,25.3800,4.3400,1.7900,0.1140,1,ACTIVE,3,7,7
581,16759,12:45:00,0,38.00,0,95.4200,9.2700,8.5000,0.4190,1,ACTIVE,3,7,7
581,16760,12:45:30,0,12.00,0,420.0500,37.1000,37.9000,5.6300,1,ACTIVE,3,7,7
581,16761,12:46:00,0,0.00,0,581.5700,38.7000,54.8000,14.9000,1,ACTIVE,3,7,7
581,16762,12:46:30,0,119.00,0,289.2300,13.7000,28.6000,7.8000,1,ACTIVE,3,7,7
581,16763,12:47:00,0,93.00,0,1.7800,0.2280,0.1390,0.0583,1,ACTIVE,3,7,7
581,16764,12:47:30,0,21.00,0,0.6400,0.1450,0.0347,0.0117,1,ACTIVE,3,7,7
581,16765,12:48:00,0,0.00,0,0.6200,0.1360,0.0347,0.0117,1,ACTIVE,3,7,7
581,16766,12:48:30,0,34.00,0,0.6200,0.1360,0.0347,0.0117,1,ACTIVE,3,7,7
581,16767,12:49:00,0,200.00,0,0.6400,0.1450,0.0347,0.0117,1,ACTIVE,3,7,7
581,16768,12:49:30,0,18.00,0,1.4300,0.2440,0.1000,0.0162,1,ACTIVE,3,7,7
581,16769,12:50:00,0,228.00,0,0.5400,0.1510,0.0070,0.1300,1,ACTIVE,3,7,7
581,16770,12:50:30,0,0.00,0,0.4700,0.1140,0.0251,0.0000,1,ACTIVE,3,7,7
581,16771,12:51:00,0,175.00,0,0.7300,0.1880,0.0347,0.0117,1,ACTIVE,3,7,7
581,16772,12:51:30,0,373.00,0,5.5600,0.3090,0.5550,0.0162,1,ACTIVE,3,7,7
581,16773,12:52:00,0,79.00,0,0.5900,0.1220,0.0347,0.0117,1,ACTIVE,3,7,7
581,16774,12:52:30,0,79.00,0,0.5900,0.1220,0.0347,0.0117,1,ACTIVE,3,7,7
581,16775,12:53:00,0,70.00,0,0.3300,0.1220,0.0024,0.0354,1,ACTIVE,3,7,7
581,16776,12:53:30,0,110.00,0,0.5900,0.1220,0.0347,0.0117,1,ACTIVE,3,7,7
581,16777,12:54:00,0,110.00,0,0.4700,0.1140,0.0251,0.0000,1,ACTIVE,3,7,7
581,16778,12:54:30,0,175.00,0,1.0500,0.1880,0.0694,0.0292,1,ACTIVE,3,7,7
581,16779,12:55:00,0,42.00,0,0.5900,0.1220,0.0347,0.0117,1,ACTIVE,3,7,7
581,16780,12:55:30,0,169.00,0,0.5900,0.1220,0.0347,0.0117,1,ACTIVE,3,7,7
581,16781,12:56:00,0,193.00,0,8.2200,0.4980,0.7680,0.3600,1,ACTIVE,3,7,7
581,16782,12:56:30,0,147.00,0,1.0100,0.1510,0.0756,0.0115,1,ACTIVE,3,7,7
581,16783,12:57:00,0,163.00,0,0.6200,0.1360,0.0347,0.0117,1,ACTIVE,3,7,7
581,16784,12:57:30,0,163.00,0,0.5500,0.1070,0.0347,0.0117,1,ACTIVE,3,7,7
581,16785,12:58:00,0,193.00,0,38.5000,2.8800,3.6500,0.1330,1,ACTIVE,3,7,7
581,16786,12:58:30,0,269.00,0,0.6000,0.1300,0.0347,0.0117,1,ACTIVE,3,7,7
581,16787,12:59:00,0,297.00,0,317.3600,38.7000,26.2000,1.9100,1,ACTIVE,3,7,7
581,16788,12:59:30,0,297.00,0,11412.23,488.0000,1110.000,544.0000,1,ACTIVE,3,7,7
581,16789,13:00:00,0,288.00,0,2.5300,0.4370,0.1760,0.0230,1,ACTIVE,3,7,7
581,16790,13:00:30,0,27.00,0,4.6200,0.9330,0.2900,0.0162,1,ACTIVE,3,7,7
581,16791,13:01:00,0,133.00,0,10.1100,2.0400,0.6180,0.1800,1,ACTIVE,3,7,7
581,16792,13:01:30,0,328.00,0,219.3300,6.4200,22.1000,11.0000,1,ACTIVE,3,7,7
581,16793,13:02:00,0,181.00,0,116.6400,7.9700,10.8000,4.1600,1,ACTIVE,3,7,7
581,16794,13:02:30,0,214.00,0,228.0700,8.6900,22.5000,10.6000,1,ACTIVE,3,7,7
581,16795,13:03:00,0,252.00,0,38.0000,2.8200,3.5000,1.0400,1,ACTIVE,3,7,7
581,16796,13:03:30,0,236.00,0,131.9800,3.6500,13.4000,6.0100,1,ACTIVE,3,7,7
581,16797,13:04:00,0,89.00,0,107.8000,3.2800,11.0000,3.6500,1,ACTIVE,3,7,7
581,16798,13:04:30,0,187.00,0,924.9500,26.8000,94.1000,37.9000,1,ACTIVE,3,7,7
581,16799,13:05:00,0,89.00,0,185.0600,8.1400,18.1000,7.4700,1,ACTIVE,3,7,7
581,16800,13:05:30,0,137.00,0,63.0600,2.6400,6.1400,3.1400,1,ACTIVE,3,7,7
581,16801,13:06:00,0,103.00,0,186.4900,12.3000,17.4000,6.5600,1,ACTIVE,3,7,7
581,16802,13:06:30,0,20.00,0,1124.820,44.1000,110.0000,62.4000,1,ACTIVE,3,7,7
581,16803,13:07:00,0,22.00,0,1039.700,40.4000,103.0000,47.1000,1,ACTIVE,3,7,7
581,16804,13:07:30,0,56.00,0,1115.270,28.6000,114.0000,46.1000,1,ACTIVE,3,7,7
581,16805,13:08:00,0,45.00,0,1357.920,54.8000,133.0000,65.1000,1,ACTIVE,3,7,7
581,16806,13:08:30,0,20.00,0,918.7800,36.3000,90.1000,45.1000,1,ACTIVE,3,7,7
581,16807,13:09:00,0,16.00,0,736.2400,22.1000,74.2000,34.8000,1,ACTIVE,3,7,7
581,16808,13:09:30,0,19.00,0,715.1400,28.6000,71.0000,27.4000,1,ACTIVE,3,7,7
581,16809,13:10:00,0,13.00,0,647.5900,34.0000,61.0000,34.8000,1,ACTIVE,3,7,7
581,16810,13:10:30,0,28.00,0,928.2700,37.1000,92.1000,36.3000,1,ACTIVE,3,7,7
581,16811,13:11:00,0,45.00,0,415.9700,28.0000,38.7000,13.7000,1,ACTIVE,3,7,7
581,16812,13:11:30,0,38.00,0,546.5700,22.1000,54.8000,16.6000,1,ACTIVE,3,7,7
581,16813,13:12:00,0,142.00,0,284.8400,14.3000,28.0000,7.4700,1,ACTIVE,3,7,7
581,16814,13:12:30,0,147.00,0,787.5300,31.9000,77.5000,35.5000,1,ACTIVE,3,7,7
581,16815,13:13:00,0,13.00,0,1284.560,54.8000,125.0000,65.1000,1,ACTIVE,3,7,7
581,16816,13:13:30,0,29.00,0,1291.980,56.0000,125.0000,69.5000,1,ACTIVE,3,7,7
581,16817,13:14:00,0,0.00,0,1366.030,54.8000,133.0000,72.6000,0,ACTIVE,3,7,7
581,16818,13:14:30,0,16.00,0,917.8800,31.2000,92.1000,38.7000,1,ACTIVE,3,7,7
581,16819,13:15:00,0,42.00,0,1220.880,42.2000,122.0000,53.6000,1,ACTIVE,3,7,7
581,16820,13:15:30,0,61.00,0,1192.770,40.4000,119.0000,52.4000,1,ACTIVE,3,7,7
581,16821,13:16:00,0,28.00,0,604.5000,23.0000,59.7000,28.0000,1,ACTIVE,3,7,7
581,16822,13:16:30,0,7.00,0,948.0600,31.2000,94.1000,50.2000,0,ACTIVE,3,7,7
581,16823,13:17:00,0,0.00,0,890.9500,29.9000,88.2000,48.1000,0,ACTIVE,3,7,7
581,16824,13:17:30,0,9.00,0,932.8200,31.2000,92.1000,52.4000,0,ACTIVE,3,7,7
581,16825,13:18:00,0,0.00,0,935.0200,33.3000,92.1000,50.2000,0,ACTIVE,3,7,7
581,16826,13:18:30,0,0.00,0,935.0200,33.3000,92.1000,50.2000,0,ACTIVE,3,7,7
581,16827,13:19:00,0,1.00,0,818.3300,28.0000,80.9000,44.1000,0,ACTIVE,3,7,7
581,16828,13:19:30,0,0.00,0,571.1600,22.5000,56.0000,28.6000,0,ACTIVE,3,7,7
581,16829,13:20:00,0,0.00,0,548.6500,22.1000,53.6000,28.0000,0,ACTIVE,3,7,7
581,16830,13:20:30,0,0.00,0,559.9900,22.5000,54.8000,28.0000,0,ACTIVE,3,7,7
581,16831,13:21:00,0,0.00,0,559.9900,22.5000,54.8000,28.0000,0,ACTIVE,3,7,7
581,16832,13:21:30,0,56.00,0,627.8300,33.3000,59.7000,28.6000,1,ACTIVE,3,7,7
581,16833,13:22:00,0,38.00,0,1204.690,44.1000,119.0000,56.0000,1,ACTIVE,3,7,7
581,16834,13:22:30,0,0.00,0,1267.530,47.1000,125.0000,65.1000,0,ACTIVE,3,7,7
581,16835,13:23:00,0,1.00,0,1287.540,52.4000,125.0000,72.6000,0,ACTIVE,3,7,7
581,16836,13:23:30,0,4.00,0,1308.120,52.4000,127.0000,69.5000,0,ACTIVE,3,7,7
581,16837,13:24:00,0,33.00,0,1336.850,49.1000,133.0000,57.2000,1,ACTIVE,3,7,7
581,16838,13:24:30,0,11.00,0,1237.580,44.1000,122.0000,65.1000,1,ACTIVE,3,7,7
581,16839,13:25:00,0,26.00,0,1305.630,51.3000,127.0000,69.5000,1,ACTIVE,3,7,7
581,16840,13:25:30,0,151.00,0,647.6600,28.0000,62.4000,36.3000,1,ACTIVE,3,7,7
581,16841,13:26:00,0,317.00,0,3.4100,0.2840,0.3160,0.0162,1,ACTIVE,3,7,7
581,16842,13:26:30,0,244.00,0,1.7800,0.2280,0.1390,0.0583,1,ACTIVE,3,7,7
581,16843,13:27:00,0,424.00,0,7.2600,0.9540,0.5790,0.0724,1,ACTIVE,3,7,7
581,16844,13:27:30,0,214.00,0,3.2000,0.2840,0.2770,0.1330,1,ACTIVE,3,7,7
581,16845,13:28:00,0,244.00,0,160.8100,8.6900,15.3000,7.3100,1,ACTIVE,3,7,7
581,16846,13:28:30,0,114.00,0,319.6400,16.6000,30.5000,14.3000,1,ACTIVE,3,7,7
581,16847,13:29:00,0,49.00,0,367.0500,14.9000,35.5000,21.1000,1,ACTIVE,3,7,7
581,16848,13:29:30,0,79.00,0,1221.670,34.8000,122.0000,69.5000,1,ACTIVE,3,7,7
581,16849,13:30:00,0,0.00,0,1281.140,38.7000,127.0000,72.6000,1,ACTIVE,3,7,7
581,16850,13:30:30,0,4.00,0,1281.140,38.7000,127.0000,72.6000,0,ACTIVE,3,7,7
581,16851,13:31:00,0,19.00,0,1253.590,37.1000,125.0000,72.6000,1,ACTIVE,3,7,7
581,16852,13:31:30,0,0.00,0,1250.240,37.1000,125.0000,69.5000,0,ACTIVE,3,7,7
581,16853,13:32:00,0,86.00,0,1194.000,34.8000,119.0000,65.1000,1,ACTIVE,3,7,7
581,16854,13:32:30,0,22.00,0,51.7600,2.7000,4.9500,2.2700,1,ACTIVE,3,7,7
581,16855,13:33:00,0,0.00,0,50.5300,2.5800,4.8400,2.2200,1,ACTIVE,3,7,7
581,16856,13:33:30,0,96.00,0,377.2900,5.8800,38.7000,23.0000,1,ACTIVE,3,7,7
581,16857,13:34:00,0,93.00,0,701.4500,20.7000,69.5000,43.2000,1,ACTIVE,3,7,7
581,16858,13:34:30,0,0.00,0,915.7800,24.6000,92.1000,50.2000,0,ACTIVE,3,7,7
581,16859,13:35:00,0,0.00,0,881.5800,24.6000,88.2000,50.2000,0,ACTIVE,3,7,7
581,16860,13:35:30,0,0.00,0,898.5000,24.6000,90.1000,50.2000,0,ACTIVE,3,7,7
581,16861,13:36:00,0,0.00,0,915.7800,24.6000,92.1000,50.2000,0,ACTIVE,3,7,7
581,16862,13:36:30,0,7.00,0,848.8200,24.6000,84.5000,50.2000,1,ACTIVE,3,7,7
581,16863,13:37:00,0,114.00,0,785.1700,25.1000,77.5000,47.1000,1,ACTIVE,3,7,7
581,16864,13:37:30,0,61.00,0,906.9300,24.0000,92.1000,43.2000,1,ACTIVE,3,7,7
581,16865,13:38:00,0,23.00,0,1146.380,33.3000,114.0000,65.1000,1,ACTIVE,3,7,7
581,16866,13:38:30,0,0.00,0,1253.590,37.1000,125.0000,72.6000,1,ACTIVE,3,7,7
581,16867,13:39:00,0,8.00,0,1245.080,34.8000,125.0000,69.5000,1,ACTIVE,3,7,7
581,16868,13:39:30,0,278.00,0,15.8700,1.5000,1.3800,0.4370,1,ACTIVE,3,7,7
581,16869,13:40:00,0,244.00,0,6.8300,0.7040,0.5790,0.1800,1,ACTIVE,3,7,7
581,16870,13:40:30,0,350.00,0,21.6000,2.0800,1.8700,0.6050,1,ACTIVE,3,7,7
581,16871,13:41:00,0,8.00,0,28.0600,1.9900,2.5800,0.9540,1,ACTIVE,3,7,7
581,16872,13:41:30,0,0.00,0,24.5900,1.9100,2.2200,0.8560,1,ACTIVE,3,7,7
581,16873,13:42:00,0,0.00,0,24.6100,1.9100,2.2200,0.8750,0,ACTIVE,3,7,7
581,16874,13:42:30,0,7.00,0,43.0800,3.3500,3.9000,1.4100,0,ACTIVE,3,7,7
581,16875,13:43:00,0,1.00,0,45.6400,3.4200,4.1600,1.5000,0,ACTIVE,3,7,7
581,16876,13:43:30,0,0.00,0,45.6000,3.4200,4.1600,1.4700,0,ACTIVE,3,7,7
581,16877,13:44:00,0,2.00,0,41.8500,3.1400,3.8100,1.3800,0,ACTIVE,3,7,7
581,16878,13:44:30,0,1.00,0,34.8500,2.4700,3.2100,1.1800,0,ACTIVE,3,7,7
581,16879,13:45:00,0,0.00,0,38.2400,2.8200,3.5000,1.2600,0,ACTIVE,3,7,7
581,16880,13:45:30,0,0.00,0,38.2700,2.8200,3.5000,1.2900,0,ACTIVE,3,7,7
581,16881,13:46:00,0,0.00,0,39.1100,2.8800,3.5700,1.3200,0,ACTIVE,3,7,7
581,16882,13:46:30,0,0.00,0,40.8100,3.0100,3.7300,1.3500,0,ACTIVE,3,7,7
581,16883,13:47:00,0,0.00,0,41.8800,3.1400,3.8100,1.4100,0,ACTIVE,3,7,7
581,16884,13:47:30,0,4.00,0,41.8800,3.1400,3.8100,1.4100,0,ACTIVE,3,7,7
581,16885,13:48:00,0,6.00,0,31.2800,2.2200,2.8800,1.0600,0,ACTIVE,3,7,7
581,16886,13:48:30,0,0.00,0,31.2500,2.2200,2.8800,1.0400,0,ACTIVE,3,7,7
581,16887,13:49:00,0,0.00,0,31.6000,2.3700,2.8800,1.0600,0,ACTIVE,3,7,7
581,16888,13:49:30,0,9.00,0,45.9700,3.5700,4.1600,1.5000,0,ACTIVE,3,7,7
581,16889,13:50:00,0,0.00,0,81.5500,6.7000,7.3100,2.5300,0,ACTIVE,3,7,7
581,16890,13:50:30,0,0.00,0,81.5500,6.7000,7.3100,2.5300,0,ACTIVE,3,7,7
581,16891,13:51:00,0,38.00,0,81.5500,6.7000,7.3100,2.5300,1,ACTIVE,3,7,7
581,16892,13:51:30,0,96.00,0,85.5500,3.8100,8.3200,3.9000,1,ACTIVE,3,7,7
581,16893,13:52:00,0,0.00,0,65.1400,5.6300,5.7600,2.0800,0,ACTIVE,3,7,7
581,16894,13:52:30,0,0.00,0,65.1400,5.6300,5.7600,2.0800,0,ACTIVE,3,7,7
581,16895,13:53:00,0,0.00,0,66.2400,5.6300,5.8800,2.0800,0,ACTIVE,3,7,7
581,16896,13:53:30,0,0.00,0,66.5200,5.7600,5.8800,2.0800,0,ACTIVE,3,7,7
581,16897,13:54:00,0,16.00,0,74.7800,6.1400,6.7000,2.3200,0,ACTIVE,3,7,7
581,16898,13:54:30,0,0.00,0,76.7800,6.4200,6.8500,2.4200,0,ACTIVE,3,7,7
581,16899,13:55:00,0,0.00,0,76.7800,6.4200,6.8500,2.4200,0,ACTIVE,3,7,7
581,16900,13:55:30,0,0.00,0,76.7800,6.4200,6.8500,2.4200,0,ACTIVE,3,7,7
581,16901,13:56:00,0,31.00,0,63.3900,5.3900,5.6300,1.9500,1,ACTIVE,3,7,7
581,16902,13:56:30,0,0.00,0,40.5200,3.9000,3.5000,1.1600,0,ACTIVE,3,7,7
581,16903,13:57:00,0,0.00,0,40.5400,3.9000,3.5000,1.1800,0,ACTIVE,3,7,7
581,16904,13:57:30,0,33.00,0,50.0900,4.3400,4.4400,1.4700,1,ACTIVE,3,7,7
581,16905,13:58:00,0,0.00,0,14.7800,1.7900,1.1800,0.4190,0,ACTIVE,3,7,7
581,16906,13:58:30,0,0.00,0,15.0100,1.7900,1.2100,0.4190,0,ACTIVE,3,7,7
581,16907,13:59:00,0,0.00,0,14.7700,1.7900,1.1800,0.4100,0,ACTIVE,3,7,7
581,16908,13:59:30,0,26.00,0,18.6500,2.3700,1.4700,0.4870,1,ACTIVE,3,7,7
581,16909,14:00:00,0,0.00,0,19.2000,2.4700,1.5000,0.5200,0,ACTIVE,3,7,7
581,16910,14:00:30,0,23.00,0,18.3600,2.3700,1.4400,0.4770,1,ACTIVE,3,7,7
581,16911,14:01:00,0,40.00,0,6.8300,1.7900,0.3160,0.1050,1,ACTIVE,3,7,7
581,16912,14:01:30,0,0.00,0,0.6700,0.1580,0.0347,0.0117,0,ACTIVE,3,7,7
581,16913,14:02:00,0,0.00,0,0.6700,0.1580,0.0347,0.0117,0,ACTIVE,3,7,7
581,16914,14:02:30,0,0.00,0,0.6500,0.1510,0.0347,0.0117,0,ACTIVE,3,7,7
581,16915,14:03:00,0,0.00,0,0.6500,0.1510,0.0347,0.0117,0,ACTIVE,3,7,7
581,16916,14:03:30,0,0.00,0,0.6500,0.1510,0.0347,0.0117,0,ACTIVE,3,7,7
581,16917,14:04:00,0,1.00,0,0.6400,0.1450,0.0347,0.0117,0,ACTIVE,3,7,7
581,16918,14:04:30,0,47.00,0,0.6400,0.1450,0.0347,0.0117,1,ACTIVE,3,7,7
581,16919,14:05:00,0,0.00,0,1.9800,0.5430,0.0339,0.4470,0,ACTIVE,3,7,7
581,16920,14:05:30,0,0.00,0,2.3700,0.6050,0.0431,0.6050,0,ACTIVE,3,7,7
581,16921,14:06:00,0,0.00,0,2.7400,0.6740,0.0490,0.7510,0,ACTIVE,3,7,7
581,16922,14:06:30,0,0.00,0,2.2000,0.6050,0.0386,0.4770,1,ACTIVE,3,7,7
581,16923,14:07:00,0,35.00,0,12.0400,1.9100,0.8370,0.4470,1,ACTIVE,3,7,7
581,16924,14:07:30,0,467.00,0,15.3800,1.7500,1.2600,0.4100,1,ACTIVE,3,7,7
581,16925,14:08:00,0,86.00,0,6.5600,1.8300,0.2770,0.0880,1,REST-S,3,7,7
581,16926,14:08:30,0,0.00,0,0.2600,0.1120,0.0000,0.0117,1,REST-S,3,7,7
581,16927,14:09:00,0,0.00,0,0.2500,0.1120,0.0000,0.0000,0,REST-S,3,7,7
581,16928,14:09:30,0,0.00,0,0.2500,0.1120,0.0000,0.0000,0,REST-S,3,7,7
581,16929,14:10:00,0,0.00,0,0.2500,0.1120,0.0000,0.0000,0,REST-S,3,7,7
581,16930,14:10:30,0,0.00,0,0.2700,0.1220,0.0000,0.0000,0,REST-S,3,7,7
581,16931,14:11:00,0,0.00,0,0.2700,0.1220,0.0000,0.0000,0,REST-S,3,7,7
581,16932,14:11:30,0,0.00,0,0.4600,0.1070,0.0251,0.0000,0,REST-S,3,7,7
581,16933,14:12:00,0,0.00,0,0.2700,0.1220,0.0000,0.0000,0,REST-S,3,7,7
581,16934,14:12:30,0,0.00,0,0.2700,0.1220,0.0000,0.0000,0,REST-S,3,7,7
581,16935,14:13:00,0,0.00,0,0.5500,0.1070,0.0347,0.0117,0,REST-S,3,7,7
581,16936,14:13:30,0,0.00,0,0.5500,0.1070,0.0347,0.0117,0,REST-S,3,7,7
581,16937,14:14:00,0,0.00,0,0.3000,0.1300,0.0000,0.0117,0,REST-S,3,7,7
581,16938,14:14:30,0,0.00,0,0.5700,0.1140,0.0347,0.0117,0,REST-S,3,7,7
581,16939,14:15:00,0,0.00,0,0.5500,0.1070,0.0347,0.0117,0,REST-S,3,7,7
581,16940,14:15:30,0,0.00,0,0.5700,0.1140,0.0347,0.0117,0,REST-S,3,7,7
581,16941,14:16:00,0,0.00,0,0.5700,0.1140,0.0347,0.0117,0,REST-S,3,7,7
581,16942,14:16:30,0,0.00,0,0.5700,0.1140,0.0347,0.0117,0,REST-S,3,7,7
581,16943,14:17:00,0,0.00,0,0.5700,0.1140,0.0347,0.0117,0,REST-S,3,7,7
581,16944,14:17:30,0,0.00,0,0.5700,0.1140,0.0347,0.0117,0,REST-S,3,7,7
581,16945,14:18:00,0,0.00,0,0.5700,0.1140,0.0347,0.0117,0,REST-S,3,7,7
581,16946,14:18:30,0,0.00,0,0.5700,0.1140,0.0347,0.0117,0,REST-S,3,7,7
581,16947,14:19:00,0,0.00,0,0.5700,0.1140,0.0347,0.0117,0,REST-S,3,7,7
581,16948,14:19:30,0,0.00,0,0.5700,0.1140,0.0347,0.0117,0,REST-S,3,7,7
581,16949,14:20:00,0,0.00,0,0.5700,0.1140,0.0347,0.0117,0,REST-S,3,7,7
581,16950,14:20:30,0,0.00,0,0.5700,0.1140,0.0347,0.0117,0,REST-S,3,7,7
581,16951,14:21:00,0,0.00,0,0.5700,0.1140,0.0347,0.0117,0,REST-S,3,7,7
581,16952,14:21:30,0,0.00,0,0.5700,0.1140,0.0347,0.0117,0,REST-S,3,7,7
581,16953,14:22:00,0,0.00,0,0.5700,0.1140,0.0347,0.0117,0,REST-S,3,7,7
581,16954,14:22:30,0,0.00,0,0.5700,0.1140,0.0347,0.0117,0,REST-S,3,7,7
581,16955,14:23:00,0,0.00,0,0.5900,0.1220,0.0347,0.0117,0,REST-S,3,7,7
581,16956,14:23:30,0,0.00,0,0.5900,0.1220,0.0347,0.0117,0,REST-S,3,7,7
581,16957,14:24:00,0,0.00,0,0.5700,0.1140,0.0347,0.0117,0,REST-S,3,7,7
581,16958,14:24:30,0,0.00,0,0.5900,0.1220,0.0347,0.0117,0,REST-S,3,7,7
581,16959,14:25:00,0,0.00,0,0.5900,0.1220,0.0347,0.0117,0,REST-S,3,7,7
581,16960,14:25:30,0,0.00,0,0.5900,0.1220,0.0347,0.0117,0,REST-S,3,7,7
581,16961,14:26:00,0,0.00,0,0.5900,0.1220,0.0347,0.0117,0,REST-S,3,7,7
581,16962,14:26:30,0,0.00,0,0.5900,0.1220,0.0347,0.0117,0,REST-S,3,7,7
581,16963,14:27:00,0,0.00,0,0.5900,0.1220,0.0347,0.0117,0,REST-S,3,7,7
581,16964,14:27:30,0,0.00,0,0.5900,0.1220,0.0347,0.0117,0,REST-S,3,7,7
581,16965,14:28:00,0,0.00,0,0.5900,0.1220,0.0347,0.0117,0,REST-S,3,7,7
581,16966,14:28:30,0,0.00,0,0.5900,0.1220,0.0347,0.0117,0,REST-S,3,7,7
581,16967,14:29:00,0,0.00,0,0.5900,0.1220,0.0347,0.0117,0,REST-S,3,7,7
581,16968,14:29:30,0,0.00,0,0.6000,0.1300,0.0347,0.0117,0,REST-S,3,7,7
581,16969,14:30:00,0,0.00,0,0.6200,0.1360,0.0347,0.0117,0,REST-S,3,7,7
581,16970,14:30:30,0,0.00,0,0.6000,0.1300,0.0347,0.0117,0,REST-S,3,7,7
581,16971,14:31:00,0,0.00,0,0.6000,0.1300,0.0347,0.0117,0,REST-S,3,7,7
581,16972,14:31:30,0,0.00,0,0.5900,0.1220,0.0347,0.0117,0,REST-S,3,7,7
581,16973,14:32:00,0,0.00,0,0.5900,0.1220,0.0347,0.0117,0,REST-S,3,7,7
581,16974,14:32:30,0,0.00,0,0.5900,0.1220,0.0347,0.0117,0,REST-S,3,7,7
581,16975,14:33:00,0,0.00,0,0.5900,0.1220,0.0347,0.0117,0,REST-S,3,7,7
581,16976,14:33:30,0,0.00,0,0.5900,0.1220,0.0347,0.0117,0,REST-S,3,7,7
581,16977,14:34:00,0,0.00,0,0.5900,0.1220,0.0347,0.0117,0,REST-S,3,7,7
581,16978,14:34:30,0,0.00,0,0.5900,0.1220,0.0347,0.0117,0,REST-S,3,7,7
581,16979,14:35:00,0,0.00,0,0.5900,0.1220,0.0347,0.0117,0,REST-S,3,7,7
581,16980,14:35:30,0,0.00,0,0.5900,0.1220,0.0347,0.0117,0,REST-S,3,7,7
581,16981,14:36:00,0,0.00,0,0.5900,0.1220,0.0347,0.0117,0,REST-S,3,7,7
581,16982,14:36:30,0,0.00,0,0.5900,0.1220,0.0347,0.0117,0,REST-S,3,7,7
581,16983,14:37:00,0,0.00,0,0.5900,0.1220,0.0347,0.0117,0,REST-S,3,7,7
581,16984,14:37:30,0,0.00,0,0.5900,0.1220,0.0347,0.0117,0,REST-S,3,7,7
581,16985,14:38:00,0,0.00,0,0.5900,0.1220,0.0347,0.0117,0,REST-S,3,7,7
581,16986,14:38:30,0,0.00,0,0.5900,0.1220,0.0347,0.0117,0,REST-S,3,7,7
581,16987,14:39:00,0,0.00,0,0.5900,0.1220,0.0347,0.0117,0,REST-S,3,7,7
581,16988,14:39:30,0,0.00,0,0.5900,0.1220,0.0347,0.0117,0,REST-S,3,7,7
581,16989,14:40:00,0,0.00,0,0.5900,0.1220,0.0347,0.0117,0,REST-S,3,7,7
581,16990,14:40:30,0,0.00,0,0.5900,0.1220,0.0347,0.0117,0,REST-S,3,7,7
581,16991,14:41:00,0,0.00,0,0.5900,0.1220,0.0347,0.0117,0,REST-S,3,7,7
581,16992,14:41:30,0,0.00,0,0.5900,0.1220,0.0347,0.0117,0,REST-S,3,7,7
581,16993,14:42:00,0,0.00,0,0.5900,0.1220,0.0347,0.0117,0,REST-S,3,7,7
581,16994,14:42:30,0,0.00,0,0.5900,0.1220,0.0347,0.0117,0,REST-S,3,7,7
581,16995,14:43:00,0,0.00,0,0.5900,0.1220,0.0347,0.0117,0,REST-S,3,7,7
581,16996,14:43:30,0,0.00,0,0.6000,0.1300,0.0347,0.0117,0,REST-S,3,7,7
581,16997,14:44:00,0,0.00,0,0.6200,0.1360,0.0347,0.0117,0,REST-S,3,7,7
581,16998,14:44:30,0,0.00,0,0.6200,0.1360,0.0347,0.0117,0,REST-S,3,7,7
581,16999,14:45:00,0,0.00,0,0.6200,0.1360,0.0347,0.0117,0,REST-S,3,7,7
581,17000,14:45:30,0,0.00,0,0.6000,0.1300,0.0347,0.0117,0,REST-S,3,7,7
581,17001,14:46:00,0,0.00,0,0.6000,0.1300,0.0347,0.0117,0,REST-S,3,7,7
581,17002,14:46:30,0,0.00,0,0.5900,0.1220,0.0347,0.0117,0,REST-S,3,7,7
581,17003,14:47:00,0,0.00,0,0.6000,0.1300,0.0347,0.0117,0,REST-S,3,7,7
581,17004,14:47:30,0,0.00,0,0.6400,0.1450,0.0347,0.0117,0,REST-S,3,7,7
581,17005,14:48:00,0,0.00,0,0.6200,0.1360,0.0347,0.0117,0,REST-S,3,7,7
581,17006,14:48:30,0,0.00,0,0.6200,0.1360,0.0347,0.0117,0,REST-S,3,7,7
581,17007,14:49:00,0,0.00,0,0.5900,0.1220,0.0347,0.0117,0,REST-S,3,7,7
581,17008,14:49:30,0,0.00,0,0.6000,0.1300,0.0347,0.0117,0,REST-S,3,7,7
581,17009,14:50:00,0,0.00,0,0.6000,0.1300,0.0347,0.0117,0,REST-S,3,7,7
581,17010,14:50:30,0,0.00,0,0.5900,0.1220,0.0347,0.0117,0,REST-S,3,7,7
581,17011,14:51:00,0,0.00,0,0.5900,0.1220,0.0347,0.0117,0,REST-S,3,7,7
581,17012,14:51:30,0,0.00,0,0.5900,0.1220,0.0347,0.0117,0,REST-S,3,7,7
581,17013,14:52:00,0,0.00,0,0.5900,0.1220,0.0347,0.0117,0,REST-S,3,7,7
581,17014,14:52:30,0,0.00,0,0.6000,0.1300,0.0347,0.0117,0,REST-S,3,7,7
581,17015,14:53:00,0,0.00,0,0.5900,0.1220,0.0347,0.0117,0,REST-S,3,7,7
581,17016,14:53:30,0,0.00,0,0.5900,0.1220,0.0347,0.0117,0,REST-S,3,7,7
581,17017,14:54:00,0,0.00,0,0.5900,0.1220,0.0347,0.0117,0,REST-S,3,7,7
581,17018,14:54:30,0,0.00,0,0.5900,0.1220,0.0347,0.0117,0,REST-S,3,7,7
581,17019,14:55:00,0,0.00,0,0.5900,0.1220,0.0347,0.0117,0,REST-S,3,7,7
581,17020,14:55:30,0,0.00,0,0.5900,0.1220,0.0347,0.0117,0,REST-S,3,7,7
581,17021,14:56:00,0,0.00,0,0.6000,0.1300,0.0347,0.0117,0,REST-S,3,7,7
581,17022,14:56:30,0,0.00,0,0.5900,0.1220,0.0347,0.0117,0,REST-S,3,7,7
581,17023,14:57:00,0,0.00,0,0.6000,0.1300,0.0347,0.0117,0,REST-S,3,7,7
581,17024,14:57:30,0,0.00,0,0.5900,0.1220,0.0347,0.0117,0,REST-S,3,7,7
581,17025,14:58:00,0,0.00,0,0.5900,0.1220,0.0347,0.0117,0,REST-S,3,7,7
581,17026,14:58:30,0,0.00,0,0.5900,0.1220,0.0347,0.0117,0,REST-S,3,7,7
581,17027,14:59:00,0,0.00,0,0.6000,0.1300,0.0347,0.0117,0,REST-S,3,7,7
581,17028,14:59:30,0,0.00,0,0.5900,0.1220,0.0347,0.0117,0,REST-S,3,7,7
581,17029,15:00:00,0,0.00,0,0.5900,0.1220,0.0347,0.0117,0,REST-S,3,7,7
581,17030,15:00:30,0,0.00,0,0.6000,0.1300,0.0347,0.0117,0,REST-S,3,7,7
581,17031,15:01:00,0,0.00,0,0.5900,0.1220,0.0347,0.0117,0,REST-S,3,7,7
581,17032,15:01:30,0,0.00,0,0.5900,0.1220,0.0347,0.0117,0,REST-S,3,7,7
581,17033,15:02:00,0,0.00,0,0.5900,0.1220,0.0347,0.0117,0,REST-S,3,7,7
581,17034,15:02:30,0,0.00,0,0.5900,0.1220,0.0347,0.0117,0,REST-S,3,7,7
581,17035,15:03:00,0,0.00,0,0.5900,0.1220,0.0347,0.0117,0,REST-S,3,7,7
581,17036,15:03:30,0,0.00,0,0.5900,0.1220,0.0347,0.0117,0,REST-S,3,7,7
581,17037,15:04:00,0,0.00,0,0.5900,0.1220,0.0347,0.0117,0,REST-S,3,7,7
581,17038,15:04:30,0,0.00,0,0.5900,0.1220,0.0347,0.0117,0,REST-S,3,7,7
581,17039,15:05:00,0,0.00,0,0.5900,0.1220,0.0347,0.0117,0,REST-S,3,7,7
581,17040,15:05:30,0,0.00,0,0.5900,0.1220,0.0347,0.0117,0,REST-S,3,7,7
581,17041,15:06:00,0,13.00,0,3.1400,0.5200,0.2230,0.0347,0,REST-S,3,7,7
581,17042,15:06:30,0,0.00,0,10.8000,1.2900,0.8750,0.2600,0,REST-S,3,7,7
581,17043,15:07:00,0,0.00,0,10.4100,1.2600,0.8370,0.2600,0,REST-S,3,7,7
581,17044,15:07:30,0,0.00,0,10.0200,1.2400,0.8020,0.2380,0,REST-S,3,7,7
581,17045,15:08:00,0,0.00,0,9.9600,1.2100,0.8020,0.2380,0,REST-S,3,7,7
581,17046,15:08:30,0,0.00,0,9.9600,1.2100,0.8020,0.2380,0,REST-S,3,7,7
581,17047,15:09:00,0,0.00,0,10.0200,1.2400,0.8020,0.2380,0,REST-S,3,7,7
581,17048,15:09:30,0,0.00,0,10.3900,1.2600,0.8370,0.2380,0,REST-S,3,7,7
581,17049,15:10:00,0,0.00,0,10.4500,1.2900,0.8370,0.2380,0,REST-S,3,7,7
581,17050,15:10:30,0,0.00,0,10.4500,1.2900,0.8370,0.2380,0,REST-S,3,7,7
581,17051,15:11:00,0,0.00,0,10.5100,1.3200,0.8370,0.2380,0,REST-S,3,7,7
581,17052,15:11:30,0,0.00,0,10.9900,1.3800,0.8750,0.2600,0,REST-S,3,7,7
581,17053,15:12:00,0,0.00,0,10.9900,1.3800,0.8750,0.2600,0,REST-S,3,7,7
581,17054,15:12:30,0,0.00,0,10.9900,1.3800,0.8750,0.2600,0,REST-S,3,7,7
581,17055,15:13:00,0,0.00,0,10.9200,1.3500,0.8750,0.2600,0,REST-S,3,7,7
581,17056,15:13:30,0,0.00,0,10.6000,1.3500,0.8370,0.2600,0,REST-S,3,7,7
581,17057,15:14:00,0,0.00,0,10.4500,1.2900,0.8370,0.2380,0,REST-S,3,7,7
581,17058,15:14:30,0,0.00,0,10.0200,1.2400,0.8020,0.2380,0,REST-S,3,7,7
581,17059,15:15:00,0,0.00,0,9.5300,1.1600,0.7680,0.2230,0,REST-S,3,7,7
581,17060,15:15:30,0,0.00,0,9.1200,1.1100,0.7350,0.2090,0,REST-S,3,7,7
581,17061,15:16:00,0,0.00,0,8.6900,1.0400,0.7040,0.2090,0,REST-S,3,7,7
581,17062,15:16:30,0,0.00,0,8.0200,0.9750,0.6460,0.1920,0,REST-S,3,7,7
581,17063,15:17:00,0,0.00,0,7.7300,0.9540,0.6180,0.1920,0,REST-S,3,7,7
581,17064,15:17:30,0,0.00,0,7.5900,0.8940,0.6180,0.1800,0,REST-S,3,7,7
581,17065,15:18:00,0,0.00,0,7.5400,0.8750,0.6180,0.1800,0,REST-S,3,7,7
581,17066,15:18:30,0,0.00,0,7.1600,0.8560,0.5790,0.1800,0,REST-S,3,7,7
581,17067,15:19:00,0,0.00,0,7.1600,0.8560,0.5790,0.1800,0,REST-S,3,7,7
581,17068,15:19:30,0,0.00,0,7.1600,0.8560,0.5790,0.1800,0,REST-S,3,7,7
581,17069,15:20:00,0,0.00,0,7.2500,0.8940,0.5790,0.1800,0,REST-S,3,7,7
581,17070,15:20:30,0,0.00,0,7.6700,0.9330,0.6180,0.1800,0,REST-S,3,7,7
581,17071,15:21:00,0,0.00,0,7.7800,0.9750,0.6180,0.1920,0,REST-S,3,7,7
581,17072,15:21:30,0,0.00,0,8.1600,1.0400,0.6460,0.1920,0,REST-S,3,7,7
581,17073,15:22:00,0,0.00,0,8.1600,1.0400,0.6460,0.1920,0,REST-S,3,7,7
581,17074,15:22:30,0,0.00,0,8.0700,0.9960,0.6460,0.1920,0,REST-S,3,7,7
581,17075,15:23:00,0,0.00,0,7.7800,0.9750,0.6180,0.1920,0,REST-S,3,7,7
581,17076,15:23:30,0,0.00,0,7.2500,0.8940,0.5790,0.1800,0,REST-S,3,7,7
581,17077,15:24:00,0,0.00,0,7.2500,0.8940,0.5790,0.1800,0,REST-S,3,7,7
581,17078,15:24:30,0,0.00,0,7.5900,0.8940,0.6180,0.1800,0,REST-S,3,7,7
581,17079,15:25:00,0,0.00,0,7.6700,0.9330,0.6180,0.1800,0,REST-S,3,7,7
581,17080,15:25:30,0,0.00,0,7.7800,0.9750,0.6180,0.1920,0,REST-S,3,7,7
581,17081,15:26:00,0,0.00,0,8.0200,0.9750,0.6460,0.1920,0,REST-S,3,7,7
581,17082,15:26:30,0,0.00,0,8.0200,0.9750,0.6460,0.1920,0,REST-S,3,7,7
581,17083,15:27:00,0,0.00,0,7.3300,0.9330,0.5790,0.1800,0,REST-S,3,7,7
581,17084,15:27:30,0,0.00,0,7.2000,0.8750,0.5790,0.1800,0,REST-S,3,7,7
581,17085,15:28:00,0,0.00,0,6.7500,0.8200,0.5430,0.1650,0,REST-S,3,7,7
581,17086,15:28:30,0,0.00,0,6.3300,0.7680,0.5090,0.1650,0,REST-S,3,7,7
581,17087,15:29:00,0,0.00,0,6.2400,0.7350,0.5090,0.1450,0,REST-S,3,7,7
581,17088,15:29:30,0,0.00,0,6.2100,0.7200,0.5090,0.1450,0,REST-S,3,7,7
581,17089,15:30:00,0,0.00,0,5.8900,0.7040,0.4770,0.1450,0,REST-S,3,7,7
581,17090,15:30:30,0,0.00,0,5.8900,0.7040,0.4770,0.1450,0,REST-S,3,7,7
581,17091,15:31:00,0,0.00,0,5.8900,0.7040,0.4770,0.1450,0,REST-S,3,7,7
581,17092,15:31:30,0,0.00,0,5.8900,0.7040,0.4770,0.1450,0,REST-S,3,7,7
581,17093,15:32:00,0,0.00,0,5.8900,0.7040,0.4770,0.1450,0,REST-S,3,7,7
581,17094,15:32:30,0,0.00,0,5.9200,0.7200,0.4770,0.1450,0,REST-S,3,7,7
581,17095,15:33:00,0,0.00,0,6.0000,0.7510,0.4770,0.1450,0,REST-S,3,7,7
581,17096,15:33:30,0,0.00,0,6.3100,0.7680,0.5090,0.1450,0,REST-S,3,7,7
581,17097,15:34:00,0,0.00,0,6.3500,0.7850,0.5090,0.1450,0,REST-S,3,7,7
581,17098,15:34:30,0,0.00,0,6.3100,0.7680,0.5090,0.1450,0,REST-S,3,7,7
581,17099,15:35:00,0,0.00,0,6.0300,0.7680,0.4770,0.1450,0,REST-S,3,7,7
581,17100,15:35:30,0,0.00,0,6.0300,0.7680,0.4770,0.1450,0,REST-S,3,7,7
581,17101,15:36:00,0,0.00,0,6.0300,0.7680,0.4770,0.1450,0,REST-S,3,7,7
581,17102,15:36:30,0,0.00,0,6.0000,0.7510,0.4770,0.1450,0,REST-S,3,7,7
581,17103,15:37:00,0,0.00,0,5.9600,0.7350,0.4770,0.1450,0,REST-S,3,7,7
581,17104,15:37:30,0,0.00,0,5.8800,0.7040,0.4770,0.1330,0,REST-S,3,7,7
581,17105,15:38:00,0,1.00,0,5.8900,0.7040,0.4770,0.1450,0,REST-S,3,7,7
581,17106,15:38:30,0,0.00,0,6.2400,0.7350,0.5090,0.1450,0,REST-S,3,7,7
581,17107,15:39:00,0,0.00,0,5.9200,0.7200,0.4770,0.1450,0,REST-S,3,7,7
581,17108,15:39:30,0,0.00,0,5.9200,0.7200,0.4770,0.1450,0,REST-S,3,7,7
581,17109,15:40:00,0,0.00,0,5.8900,0.7040,0.4770,0.1450,0,REST-S,3,7,7
581,17110,15:40:30,0,0.00,0,5.8900,0.7040,0.4770,0.1450,0,REST-S,3,7,7
581,17111,15:41:00,0,0.00,0,5.8600,0.6890,0.4770,0.1450,0,REST-S,3,7,7
581,17112,15:41:30,0,128.00,0,6.2100,0.7040,0.5090,0.1800,1,ACTIVE,3,7,7
581,17113,15:42:00,0,45.00,0,8.0100,0.9540,0.6460,0.2230,1,ACTIVE,3,7,7
581,17114,15:42:30,0,15.00,0,6.8800,0.8750,0.5430,0.1800,1,ACTIVE,3,7,7
581,17115,15:43:00,0,0.00,0,7.8000,0.9750,0.6180,0.2090,0,ACTIVE,3,7,7
581,17116,15:43:30,0,0.00,0,7.8000,0.9750,0.6180,0.2090,0,ACTIVE,3,7,7
581,17117,15:44:00,0,0.00,0,7.7500,0.9540,0.6180,0.2090,0,ACTIVE,3,7,7
581,17118,15:44:30,0,0.00,0,7.4100,0.9540,0.5790,0.2090,0,ACTIVE,3,7,7
581,17119,15:45:00,0,0.00,0,7.3700,0.9330,0.5790,0.2090,0,ACTIVE,3,7,7
581,17120,15:45:30,0,0.00,0,7.3000,0.9130,0.5790,0.1920,0,ACTIVE,3,7,7
581,17121,15:46:00,0,0.00,0,7.2600,0.8940,0.5790,0.1920,0,ACTIVE,3,7,7
581,17122,15:46:30,0,0.00,0,6.9000,0.8750,0.5430,0.1920,0,ACTIVE,3,7,7
581,17123,15:47:00,0,0.00,0,6.9000,0.8750,0.5430,0.1920,0,ACTIVE,3,7,7
581,17124,15:47:30,0,0.00,0,6.9000,0.8750,0.5430,0.1920,0,ACTIVE,3,7,7
581,17125,15:48:00,0,33.00,0,5.7200,0.7850,0.4370,0.1450,1,ACTIVE,3,7,7
581,17126,15:48:30,0,28.00,0,0.8000,0.2190,0.0347,0.0117,1,ACTIVE,3,7,7
581,17127,15:49:00,0,49.00,0,0.7700,0.2050,0.0347,0.0117,1,ACTIVE,3,7,7
581,17128,15:49:30,0,66.00,0,7.2000,0.5670,0.6460,0.2660,1,ACTIVE,3,7,7
581,17129,15:50:00,0,0.00,0,13.6200,0.9130,1.2600,0.4870,0,ACTIVE,3,7,7
581,17130,15:50:30,0,0.00,0,11.7300,0.8020,1.0900,0.4100,0,ACTIVE,3,7,7
581,17131,15:51:00,0,20.00,0,2.5600,0.2840,0.2090,0.0880,1,ACTIVE,3,7,7
581,17132,15:51:30,0,0.00,0,0.6500,0.1510,0.0347,0.0117,1,ACTIVE,3,7,7
581,17133,15:52:00,0,86.00,0,0.5700,0.1580,0.0251,0.0000,1,ACTIVE,3,7,7
581,17134,15:52:30,0,89.00,0,0.4000,0.1800,0.0000,0.0000,1,ACTIVE,3,7,7
581,17135,15:53:00,0,0.00,0,0.6700,0.1580,0.0347,0.0117,1,ACTIVE,3,7,7
581,17136,15:53:30,0,128.00,0,5.5000,1.1800,0.3160,0.1050,1,ACTIVE,3,7,7
581,17137,15:54:00,0,119.00,0,18.8800,2.4700,1.4700,0.4870,1,ACTIVE,3,7,7
581,17138,15:54:30,0,207.00,0,10.6300,2.2700,0.6180,0.1800,1,ACTIVE,3,7,7
581,17139,15:55:00,0,0.00,0,2.4900,0.4010,0.1760,0.0583,1,ACTIVE,3,7,7
581,17140,15:55:30,0,193.00,0,1.4900,0.2720,0.1000,0.0115,1,ACTIVE,3,7,7
581,17141,15:56:00,0,0.00,0,0.8200,0.1690,0.0501,0.0046,1,ACTIVE,3,7,7
581,17142,15:56:30,0,12.00,0,54.9300,2.1700,5.3900,2.6400,1,ACTIVE,3,7,7
581,17143,15:57:00,0,0.00,0,121.3900,4.4400,12.0000,5.7600,0,ACTIVE,3,7,7
581,17144,15:57:30,0,0.00,0,127.1400,4.7400,12.6000,6.1400,0,ACTIVE,3,7,7
581,17145,15:58:00,0,0.00,0,121.1300,4.4400,12.0000,5.5100,0,ACTIVE,3,7,7
581,17146,15:58:30,0,8.00,0,111.4200,5.0600,10.8000,5.2800,1,ACTIVE,3,7,7
581,17147,15:59:00,0,75.00,0,234.1500,11.8000,22.5000,9.8900,1,ACTIVE,3,7,7
581,17148,15:59:30,0,244.00,0,2.4600,0.2380,0.2090,0.0880,1,ACTIVE,3,7,7
581,17149,16:00:00,0,86.00,0,13.5700,0.8370,1.2900,0.3760,1,ACTIVE,3,7,7
581,17150,16:00:30,0,14.00,0,11.8800,0.5790,1.1600,0.4100,1,ACTIVE,3,7,7
581,17151,16:01:00,0,137.00,0,46.6500,1.7100,4.6400,2.0800,1,ACTIVE,3,7,7
581,17152,16:01:30,0,297.00,0,12.0500,0.6460,1.1600,0.4370,1,ACTIVE,3,7,7
581,17153,16:02:00,0,261.00,0,7.4900,0.6460,0.6460,0.3760,1,ACTIVE,3,7,7
581,17154,16:02:30,0,288.00,0,132.6700,5.1700,13.4000,3.5700,1,ACTIVE,3,7,7
581,17155,16:03:00,0,0.00,0,3.3000,0.3300,0.2900,0.0347,1,ACTIVE,3,7,7
581,17156,16:03:30,0,110.00,0,4.7700,0.4770,0.4190,0.0412,1,ACTIVE,3,7,7
581,17157,16:04:00,0,2.00,0,10.9700,1.1300,0.9540,0.1020,1,ACTIVE,3,7,7
581,17158,16:04:30,0,107.00,0,6.4500,0.6890,0.5550,0.0650,1,ACTIVE,3,7,7
581,17159,16:05:00,0,26.00,0,3.5700,0.3450,0.3160,0.0412,1,ACTIVE,3,7,7
581,17160,16:05:30,0,0.00,0,2.7700,0.2440,0.2440,0.0880,0,ACTIVE,3,7,7
581,17161,16:06:00,0,0.00,0,2.0400,0.1960,0.1760,0.0583,0,ACTIVE,3,7,7
581,17162,16:06:30,0,1.00,0,1.3300,0.1690,0.1050,0.0412,0,ACTIVE,3,7,7
581,17163,16:07:00,0,0.00,0,1.6800,0.1800,0.1390,0.0583,0,ACTIVE,3,7,7
581,17164,16:07:30,0,0.00,0,1.6900,0.1880,0.1390,0.0583,0,ACTIVE,3,7,7
581,17165,16:08:00,0,96.00,0,154.5900,5.6300,15.3000,7.8000,1,ACTIVE,3,7,7
581,17166,16:08:30,0,0.00,0,4.1300,0.3600,0.3680,0.1050,0,ACTIVE,3,7,7
581,17167,16:09:00,0,0.00,0,2.7700,0.3520,0.2230,0.0347,0,ACTIVE,3,7,7
581,17168,16:09:30,0,0.00,0,3.2600,0.3300,0.2770,0.0880,0,ACTIVE,3,7,7
581,17169,16:10:00,0,0.00,0,3.3600,0.3520,0.2900,0.0412,1,ACTIVE,3,7,7
581,17170,16:10:30,0,114.00,0,14.2100,1.3800,1.2600,0.0880,1,ACTIVE,3,7,7
581,17171,16:11:00,0,128.00,0,8.4000,0.4470,0.8020,0.3600,1,ACTIVE,3,7,7
581,17172,16:11:30,0,56.00,0,14.0100,1.0600,1.3200,0.0939,1,ACTIVE,3,7,7
581,17173,16:12:00,0,0.00,0,15.6000,1.1800,1.4700,0.0880,1,ACTIVE,3,7,7
581,17174,16:12:30,0,0.00,0,22.6800,1.7900,2.1300,0.1020,0,ACTIVE,3,7,7
581,17175,16:13:00,0,0.00,0,24.6300,1.9100,2.3200,0.1070,0,ACTIVE,3,7,7
581,17176,16:13:30,0,0.00,0,23.0900,1.7900,2.1700,0.1070,0,ACTIVE,3,7,7
581,17177,16:14:00,0,0.00,0,25.5300,1.9100,2.4200,0.1070,0,ACTIVE,3,7,7
581,17178,16:14:30,0,0.00,0,23.2500,1.6700,2.2200,0.1020,0,ACTIVE,3,7,7
581,17179,16:15:00,0,4.00,0,19.6600,1.2900,1.9100,0.0939,0,ACTIVE,3,7,7
581,17180,16:15:30,0,0.00,0,6.2000,0.5790,0.5550,0.0571,0,ACTIVE,3,7,7
581,17181,16:16:00,0,45.00,0,7.3300,0.6740,0.6600,0.0535,1,ACTIVE,3,7,7
581,17182,16:16:30,0,0.00,0,37.9200,2.4700,3.6500,0.4190,0,ACTIVE,3,7,7
581,17183,16:17:00,0,7.00,0,37.2100,2.4700,3.5700,0.4010,1,ACTIVE,3,7,7
581,17184,16:17:30,0,73.00,0,97.6300,3.3500,9.8900,3.2800,1,ACTIVE,3,7,7
581,17185,16:18:00,0,79.00,0,5.1700,0.3840,0.4770,0.1330,1,ACTIVE,3,7,7
581,17186,16:18:30,0,93.00,0,67.0600,3.3500,6.7000,0.8940,1,ACTIVE,3,7,7
581,17187,16:19:00,0,16.00,0,110.3900,5.5100,11.0000,1.5000,1,ACTIVE,3,7,7
581,17188,16:19:30,0,0.00,0,109.5600,5.2800,11.0000,1.2100,0,ACTIVE,3,7,7
581,17189,16:20:00,0,0.00,0,109.8100,5.2800,11.0000,1.4400,0,ACTIVE,3,7,7
581,17190,16:20:30,0,16.00,0,154.7600,5.5100,15.6000,5.5100,0,ACTIVE,3,7,7
581,17191,16:21:00,0,0.00,0,92.4300,4.4400,9.2700,1.2900,0,ACTIVE,3,7,7
581,17192,16:21:30,0,14.00,0,141.2200,4.9500,14.3000,4.6400,0,ACTIVE,3,7,7
581,17193,16:22:00,0,9.00,0,151.5800,5.2800,15.3000,5.7600,0,ACTIVE,3,7,7
581,17194,16:22:30,0,11.00,0,101.2000,3.0100,10.3000,3.7300,0,ACTIVE,3,7,7
581,17195,16:23:00,0,6.00,0,94.5100,2.8800,9.6800,3.0700,0,ACTIVE,3,7,7
581,17196,16:23:30,0,0.00,0,130.1400,4.6400,13.1000,4.6400,0,ACTIVE,3,7,7
581,17197,16:24:00,0,1.00,0,118.6000,4.2500,12.0000,3.5700,0,ACTIVE,3,7,7
581,17198,16:24:30,0,15.00,0,118.5700,4.1600,12.0000,3.7300,0,ACTIVE,3,7,7
581,17199,16:25:00,0,1.00,0,119.5600,4.1600,12.0000,4.6400,0,ACTIVE,3,7,7
581,17200,16:25:30,0,0.00,0,112.5400,3.9800,11.3000,4.6400,0,ACTIVE,3,7,7
581,17201,16:26:00,0,9.00,0,112.0300,3.9000,11.3000,4.3400,0,ACTIVE,3,7,7
581,17202,16:26:30,0,14.00,0,70.8500,2.5800,7.1500,2.3200,0,ACTIVE,3,7,7
581,17203,16:27:00,0,0.00,0,20.7300,1.2100,2.0400,0.2050,0,ACTIVE,3,7,7
581,17204,16:27:30,0,6.00,0,19.9500,1.2100,1.9500,0.1840,0,ACTIVE,3,7,7
581,17205,16:28:00,0,5.00,0,18.3000,1.1100,1.7900,0.1800,0,ACTIVE,3,7,7
581,17206,16:28:30,0,22.00,0,38.8300,2.2200,3.8100,0.4670,1,ACTIVE,3,7,7
581,17207,16:29:00,0,0.00,0,28.1700,1.6700,2.7600,0.2960,0,ACTIVE,3,7,7
581,17208,16:29:30,0,73.00,0,37.8600,1.1600,3.9000,1.0600,1,ACTIVE,3,7,7
581,17209,16:30:00,0,70.00,0,6.9500,0.4010,0.6460,0.3760,1,ACTIVE,3,7,7
581,17210,16:30:30,0,0.00,0,0.2700,0.1220,0.0000,0.0000,0,ACTIVE,3,7,7
581,17211,16:31:00,0,0.00,0,0.2700,0.1220,0.0000,0.0000,0,ACTIVE,3,7,7
581,17212,16:31:30,0,0.00,0,0.2900,0.1300,0.0000,0.0000,0,ACTIVE,3,7,7
581,17213,16:32:00,0,0.00,0,0.2900,0.1300,0.0000,0.0000,0,ACTIVE,3,7,7
581,17214,16:32:30,0,21.00,0,12.1000,3.1400,0.5790,0.0773,1,ACTIVE,3,7,7
581,17215,16:33:00,0,0.00,0,0.6500,0.1960,0.0251,0.0000,0,ACTIVE,3,7,7
581,17216,16:33:30,0,33.00,0,0.4000,0.1800,0.0000,0.0000,1,ACTIVE,3,7,7
581,17217,16:34:00,0,0.00,0,56.1600,10.8000,3.6500,0.2960,0,ACTIVE,3,7,7
581,17218,16:34:30,0,0.00,0,125.2300,24.6000,7.9700,1.0400,0,ACTIVE,3,7,7
581,17219,16:35:00,0,0.00,0,133.6400,26.2000,8.5000,1.1100,0,ACTIVE,3,7,7
581,17220,16:35:30,0,0.00,0,135.7400,25.7000,8.8800,1.1600,0,ACTIVE,3,7,7
581,17221,16:36:00,0,9.00,0,142.9300,25.7000,9.6800,1.2900,0,ACTIVE,3,7,7
581,17222,16:36:30,0,1.00,0,64.5400,10.6000,4.6400,0.5550,0,ACTIVE,3,7,7
581,17223,16:37:00,0,0.00,0,63.4200,9.2700,4.7400,1.3200,0,ACTIVE,3,7,7
581,17224,16:37:30,0,7.00,0,62.9500,9.4700,4.6400,1.2900,0,ACTIVE,3,7,7
581,17225,16:38:00,0,7.00,0,61.4500,11.0000,4.1600,0.5920,0,ACTIVE,3,7,7
581,17226,16:38:30,0,5.00,0,67.3600,11.8000,4.6400,0.6890,0,ACTIVE,3,7,7
581,17227,16:39:00,0,0.00,0,58.9000,9.8900,4.0700,1.2600,0,ACTIVE,3,7,7
581,17228,16:39:30,0,0.00,0,74.9300,11.8000,5.3900,1.5400,0,ACTIVE,3,7,7
581,17229,16:40:00,0,0.00,0,90.2400,13.4000,6.7000,1.7900,0,ACTIVE,3,7,7
581,17230,16:40:30,0,5.00,0,72.3000,11.5000,5.1700,1.4700,0,ACTIVE,3,7,7
581,17231,16:41:00,0,0.00,0,56.3700,9.4700,3.9000,1.1800,0,ACTIVE,3,7,7
581,17232,16:41:30,0,0.00,0,55.1700,9.2700,3.8100,1.1600,0,ACTIVE,3,7,7
581,17233,16:42:00,0,0.00,0,55.1700,9.2700,3.8100,1.1600,0,ACTIVE,3,7,7
581,17234,16:42:30,0,0.00,0,52.8500,8.8800,3.6500,1.1300,0,ACTIVE,3,7,7
581,17235,16:43:00,0,5.00,0,120.2200,18.5000,8.6900,2.8800,0,ACTIVE,3,7,7
581,17236,16:43:30,0,0.00,0,142.5800,22.1000,10.3000,3.0700,0,ACTIVE,3,7,7
581,17237,16:44:00,0,0.00,0,142.5100,22.1000,10.3000,3.0100,0,ACTIVE,3,7,7
581,17238,16:44:30,0,1.00,0,110.3500,17.8000,7.8000,2.5800,0,ACTIVE,3,7,7
581,17239,16:45:00,0,27.00,0,69.1800,10.6000,5.0600,1.4400,1,ACTIVE,3,7,7
581,17240,16:45:30,0,0.00,0,83.4600,13.1000,6.0100,1.6700,0,ACTIVE,3,7,7
581,17241,16:46:00,0,6.00,0,74.4900,12.0000,5.2800,1.5400,0,ACTIVE,3,7,7
581,17242,16:46:30,0,14.00,0,69.6900,10.8000,5.0600,1.4400,0,ACTIVE,3,7,7
581,17243,16:47:00,0,0.00,0,64.4500,10.6000,4.5400,1.2600,0,ACTIVE,3,7,7
581,17244,16:47:30,0,0.00,0,64.8500,10.3000,4.6400,1.2900,0,ACTIVE,3,7,7
581,17245,16:48:00,0,31.00,0,68.7100,10.8000,4.9500,1.4100,1,ACTIVE,3,7,7
581,17246,16:48:30,0,9.00,0,43.1000,5.7600,3.3500,0.9540,1,ACTIVE,3,7,7
581,17247,16:49:00,0,29.00,0,31.5400,2.9400,2.7600,0.8200,1,ACTIVE,3,7,7
581,17248,16:49:30,0,66.00,0,6.4100,0.4770,0.5790,0.2600,1,ACTIVE,3,7,7
581,17249,16:50:00,0,18.00,0,2.0500,0.3230,0.1510,0.0115,1,ACTIVE,3,7,7
581,17250,16:50:30,0,49.00,0,4.6800,0.4570,0.4010,0.1450,1,ACTIVE,3,7,7
581,17251,16:51:00,0,68.00,0,7.0600,0.6050,0.6180,0.2840,1,ACTIVE,3,7,7
581,17252,16:51:30,0,31.00,0,6.7400,0.7680,0.5430,0.2600,1,ACTIVE,3,7,7
581,17253,16:52:00,0,68.00,0,8.3200,1.4700,0.5430,0.2840,1,ACTIVE,3,7,7
581,17254,16:52:30,0,107.00,0,5.6500,0.7350,0.4370,0.1800,1,ACTIVE,3,7,7
581,17255,16:53:00,0,54.00,0,5.8800,0.6740,0.4770,0.1920,1,ACTIVE,3,7,7
581,17256,16:53:30,0,0.00,0,6.5400,0.8560,0.5090,0.1800,1,ACTIVE,3,7,7
581,17257,16:54:00,0,27.00,0,5.5700,0.7040,0.4370,0.1650,1,ACTIVE,3,7,7
581,17258,16:54:30,0,0.00,0,5.6500,0.7350,0.4370,0.1800,0,ACTIVE,3,7,7
581,17259,16:55:00,0,0.00,0,5.6000,0.7200,0.4370,0.1650,0,ACTIVE,3,7,7
581,17260,16:55:30,0,9.00,0,5.3300,0.7510,0.4010,0.1450,0,ACTIVE,3,7,7
581,17261,16:56:00,0,1.00,0,5.3500,0.7680,0.4010,0.1330,0,ACTIVE,3,7,7
581,17262,16:56:30,0,7.00,0,4.9000,0.7040,0.3680,0.1170,0,ACTIVE,3,7,7
581,17263,16:57:00,0,0.00,0,4.1800,0.5790,0.3160,0.1170,0,ACTIVE,3,7,7
581,17264,16:57:30,0,0.00,0,3.8400,0.5790,0.2770,0.1170,0,ACTIVE,3,7,7
581,17265,16:58:00,0,0.00,0,4.2300,0.6050,0.3160,0.1170,0,ACTIVE,3,7,7
581,17266,16:58:30,0,0.00,0,3.3800,0.5200,0.2440,0.0880,0,ACTIVE,3,7,7
581,17267,16:59:00,0,7.00,0,3.8800,0.6050,0.2770,0.1050,0,ACTIVE,3,7,7
581,17268,16:59:30,0,0.00,0,3.8800,0.6050,0.2770,0.1050,0,ACTIVE,3,7,7
581,17269,17:00:00,0,0.00,0,3.4800,0.5670,0.2440,0.0880,0,ACTIVE,3,7,7
581,17270,17:00:30,0,15.00,0,3.1600,0.5670,0.2090,0.0694,0,ACTIVE,3,7,7
581,17271,17:01:00,0,0.00,0,2.5800,0.5550,0.1510,0.0230,0,ACTIVE,3,7,7
581,17272,17:01:30,0,0.00,0,2.8100,0.5430,0.1760,0.0583,0,ACTIVE,3,7,7
581,17273,17:02:00,0,0.00,0,2.7500,0.5200,0.1760,0.0583,0,ACTIVE,3,7,7
581,17274,17:02:30,0,0.00,0,2.7500,0.5200,0.1760,0.0583,0,ACTIVE,3,7,7
581,17275,17:03:00,0,0.00,0,2.7500,0.5200,0.1760,0.0583,0,ACTIVE,3,7,7
581,17276,17:03:30,0,2.00,0,2.2800,0.5310,0.1240,0.0162,0,ACTIVE,3,7,7
581,17277,17:04:00,0,0.00,0,2.2800,0.5310,0.1240,0.0162,0,ACTIVE,3,7,7
581,17278,17:04:30,0,0.00,0,2.0400,0.5200,0.1000,0.0162,0,ACTIVE,3,7,7
581,17279,17:05:00,0,5.00,0,2.3300,0.5550,0.1240,0.0162,0,ACTIVE,3,7,7
581,17280,17:05:30,0,2.00,0,2.5400,0.6460,0.1240,0.0162,0,ACTIVE,3,7,7
581,17281,17:06:00,0,0.00,0,2.6900,0.6050,0.1510,0.0230,0,ACTIVE,3,7,7
581,17282,17:06:30,0,0.00,0,3.2500,0.6050,0.2090,0.0694,0,ACTIVE,3,7,7
581,17283,17:07:00,0,21.00,0,1.9200,0.4670,0.1000,0.0115,1,ACTIVE,3,7,7
581,17284,17:07:30,0,34.00,0,1.6800,0.4570,0.0756,0.0115,1,ACTIVE,3,7,7
581,17285,17:08:00,0,0.00,0,1.6600,0.4470,0.0756,0.0115,0,ACTIVE,3,7,7
581,17286,17:08:30,0,0.00,0,1.6400,0.4370,0.0756,0.0115,0,ACTIVE,3,7,7
581,17287,17:09:00,0,0.00,0,1.6000,0.4190,0.0756,0.0115,0,ACTIVE,3,7,7
581,17288,17:09:30,0,16.00,0,2.6200,0.5790,0.1510,0.0162,0,ACTIVE,3,7,7
581,17289,17:10:00,0,0.00,0,4.6600,0.8370,0.3160,0.0412,0,ACTIVE,3,7,7
581,17290,17:10:30,0,18.00,0,72.4100,13.4000,4.8400,0.3600,1,ACTIVE,3,7,7
581,17291,17:11:00,0,0.00,0,120.6300,20.2000,8.3200,2.8200,0,ACTIVE,3,7,7
581,17292,17:11:30,0,25.00,0,40.9400,5.6300,3.1400,0.9130,1,ACTIVE,3,7,7
581,17293,17:12:00,0,16.00,0,0.5500,0.1510,0.0251,0.0000,1,ACTIVE,3,7,7
581,17294,17:12:30,0,0.00,0,51.6700,8.6900,3.5700,1.0600,0,ACTIVE,3,7,7
581,17295,17:13:00,0,1.00,0,50.5600,8.5000,3.5000,1.0400,0,ACTIVE,3,7,7
581,17296,17:13:30,0,36.00,0,53.5200,8.5000,3.8100,1.2100,1,ACTIVE,3,7,7
581,17297,17:14:00,0,75.00,0,54.0700,7.0000,4.2500,1.2600,1,ACTIVE,3,7,7
581,17298,17:14:30,0,5.00,0,52.5200,9.0700,3.5700,1.0600,0,ACTIVE,3,7,7
581,17299,17:15:00,0,0.00,0,51.4400,8.8800,3.5000,1.0900,0,ACTIVE,3,7,7
581,17300,17:15:30,0,14.00,0,38.5600,4.5400,3.1400,0.9540,0,ACTIVE,3,7,7
581,17301,17:16:00,0,0.00,0,1.1000,0.3600,0.0347,0.0000,0,ACTIVE,3,7,7
581,17302,17:16:30,0,1.00,0,20.1900,4.0700,1.2600,0.1140,0,ACTIVE,3,7,7
581,17303,17:17:00,0,7.00,0,48.7700,8.3200,3.3500,0.9540,0,ACTIVE,3,7,7
581,17304,17:17:30,0,0.00,0,9.8300,3.0100,0.3600,0.0347,0,ACTIVE,3,7,7
581,17305,17:18:00,0,5.00,0,15.9000,5.3900,0.4370,0.1330,0,ACTIVE,3,7,7
581,17306,17:18:30,0,0.00,0,52.9800,9.2700,3.5700,1.0900,0,ACTIVE,3,7,7
581,17307,17:19:00,0,0.00,0,52.9800,9.2700,3.5700,1.0900,0,ACTIVE,3,7,7
581,17308,17:19:30,0,0.00,0,51.8500,9.0700,3.5000,1.0600,0,ACTIVE,3,7,7
581,17309,17:20:00,0,0.00,0,51.3900,8.8800,3.5000,1.0400,0,ACTIVE,3,7,7
581,17310,17:20:30,0,34.00,0,51.4200,8.8800,3.5000,1.0600,1,ACTIVE,3,7,7
581,17311,17:21:00,0,1.00,0,46.9000,7.4700,3.3500,0.9750,0,ACTIVE,3,7,7
581,17312,17:21:30,0,8.00,0,48.4700,8.1400,3.3500,1.0400,0,ACTIVE,3,7,7
581,17313,17:22:00,0,0.00,0,51.3900,8.8800,3.5000,1.0400,0,ACTIVE,3,7,7
581,17314,17:22:30,0,0.00,0,51.3900,8.8800,3.5000,1.0400,0,ACTIVE,3,7,7
581,17315,17:23:00,0,0.00,0,50.3200,8.6900,3.4200,1.0400,0,ACTIVE,3,7,7
581,17316,17:23:30,0,0.00,0,49.6800,8.6900,3.3500,1.0400,0,ACTIVE,3,7,7
581,17317,17:24:00,0,0.00,0,49.6800,8.6900,3.3500,1.0400,0,ACTIVE,3,7,7
581,17318,17:24:30,0,0.00,0,51.3900,8.8800,3.5000,1.0400,0,ACTIVE,3,7,7
581,17319,17:25:00,0,0.00,0,51.3900,8.8800,3.5000,1.0400,1,ACTIVE,3,7,7
581,17320,17:25:30,0,14.00,0,51.3900,8.8800,3.5000,1.0400,1,ACTIVE,3,7,7
581,17321,17:26:00,0,59.00,0,34.8200,4.6400,2.7000,0.8750,1,ACTIVE,3,7,7
581,17322,17:26:30,0,373.00,0,2.0700,0.4370,0.1240,0.0115,1,ACTIVE,3,7,7
581,17323,17:27:00,0,306.00,0,2.1400,0.5670,0.1000,0.0115,1,ACTIVE,3,7,7
581,17324,17:27:30,0,362.00,0,2.6600,0.4980,0.1760,0.0162,1,ACTIVE,3,7,7
581,17325,17:28:00,0,70.00,0,7.8100,1.2100,0.5790,0.0571,1,ACTIVE,3,7,7
581,17326,17:28:30,0,438.00,0,0.9500,0.2280,0.0501,0.0046,1,ACTIVE,3,7,7
581,17327,17:29:00,0,566.00,0,1.1200,0.2190,0.0694,0.0292,1,ACTIVE,3,7,7
581,17328,17:29:30,0,350.00,0,1.1400,0.3160,0.0501,0.0046,1,ACTIVE,3,7,7
581,17329,17:30:00,0,452.00,0,0.3100,0.1420,0.0000,0.0000,1,ACTIVE,3,7,7
581,17330,17:30:30,0,350.00,0,0.2900,0.1300,0.0000,0.0000,1,ACTIVE,3,7,7
581,17331,17:31:00,0,338.00,0,0.2900,0.1300,0.0000,0.0000,1,ACTIVE,3,7,7
581,17332,17:31:30,0,362.00,0,0.2900,0.1300,0.0000,0.0000,1,ACTIVE,3,7,7
581,17333,17:32:00,0,59.00,0,0.3100,0.1420,0.0000,0.0000,1,ACTIVE,3,7,7
581,17334,17:32:30,0,103.00,0,0.2900,0.1300,0.0000,0.0000,1,ACTIVE,3,7,7
581,17335,17:33:00,0,107.00,0,0.2700,0.1220,0.0000,0.0000,1,ACTIVE,3,7,7
581,17336,17:33:30,0,22.00,0,0.2900,0.1300,0.0000,0.0000,1,ACTIVE,3,7,7
581,17337,17:34:00,0,21.00,0,0.2500,0.1120,0.0000,0.0000,1,ACTIVE,3,7,7
581,17338,17:34:30,0,38.00,0,0.2700,0.1220,0.0000,0.0000,1,ACTIVE,3,7,7
581,17339,17:35:00,0,29.00,0,0.2700,0.1220,0.0000,0.0000,1,ACTIVE,3,7,7
581,17340,17:35:30,0,119.00,0,0.2700,0.1220,0.0000,0.0000,1,ACTIVE,3,7,7
581,17341,17:36:00,0,187.00,0,0.7300,0.1880,0.0347,0.0117,1,ACTIVE,3,7,7
581,17342,17:36:30,0,644.00,0,0.2900,0.1300,0.0000,0.0000,1,ACTIVE,3,7,7
581,17343,17:37:00,0,350.00,0,0.3100,0.1420,0.0000,0.0000,1,ACTIVE,3,7,7
581,17344,17:37:30,0,467.00,0,0.6000,0.1300,0.0347,0.0117,1,ACTIVE,3,7,7
581,17345,17:38:00,0,548.00,0,7.6600,0.2280,0.7680,0.3920,1,ACTIVE,3,7,7
581,17346,17:38:30,0,328.00,0,0.5700,0.1580,0.0251,0.0000,1,ACTIVE,3,7,7
581,17347,17:39:00,0,261.00,0,169.5200,6.4200,17.0000,5.8800,1,ACTIVE,3,7,7
581,17348,17:39:30,0,107.00,0,239.7100,6.7000,24.6000,8.8800,1,ACTIVE,3,7,7
581,17349,17:40:00,0,12.00,0,1.2900,0.1800,0.1000,0.0162,1,ACTIVE,3,7,7
581,17350,17:40:30,0,28.00,0,0.9900,0.1580,0.0694,0.0292,1,ACTIVE,3,7,7
581,17351,17:41:00,0,56.00,0,1.3100,0.1880,0.1000,0.0162,1,ACTIVE,3,7,7
581,17352,17:41:30,0,9.00,0,1.0200,0.1580,0.0756,0.0115,1,ACTIVE,3,7,7
581,17353,17:42:00,0,89.00,0,0.6200,0.1360,0.0347,0.0117,1,ACTIVE,3,7,7
581,17354,17:42:30,0,221.00,0,191.0300,10.1000,18.5000,5.7600,1,ACTIVE,3,7,7
581,17355,17:43:00,0,27.00,0,14.7900,0.6460,1.4700,0.4370,1,ACTIVE,3,7,7
581,17356,17:43:30,0,103.00,0,187.4800,7.9700,18.5000,6.8500,1,ACTIVE,3,7,7
581,17357,17:44:00,0,147.00,0,446.6400,19.8000,44.1000,15.3000,1,ACTIVE,3,7,7
581,17358,17:44:30,0,45.00,0,282.2400,17.4000,27.4000,3.6500,1,ACTIVE,3,7,7
581,17359,17:45:00,0,25.00,0,322.5700,22.1000,29.9000,11.3000,1,ACTIVE,3,7,7
581,17360,17:45:30,0,33.00,0,545.0900,24.0000,53.6000,20.7000,1,ACTIVE,3,7,7
581,17361,17:46:00,0,142.00,0,75.9200,6.1400,7.0000,0.9750,1,ACTIVE,3,7,7
581,17362,17:46:30,0,0.00,0,103.1700,7.6300,9.6800,1.3800,1,ACTIVE,3,7,7
581,17363,17:47:00,0,5.00,0,198.1900,10.3000,19.4000,5.2800,1,ACTIVE,3,7,7
581,17364,17:47:30,0,11.00,0,142.2700,10.3000,13.4000,1.9100,1,ACTIVE,3,7,7
581,17365,17:48:00,0,119.00,0,128.6200,9.6800,12.0000,1.7500,1,ACTIVE,3,7,7
581,17366,17:48:30,0,5.00,0,171.4100,9.4700,16.6000,4.3400,1,ACTIVE,3,7,7
581,17367,17:49:00,0,157.00,0,317.4500,12.0000,31.9000,10.8000,1,ACTIVE,3,7,7
581,17368,17:49:30,0,137.00,0,85.7600,3.0700,8.6900,2.6400,1,ACTIVE,3,7,7
581,17369,17:50:00,0,52.00,0,0.2900,0.1300,0.0000,0.0000,1,ACTIVE,3,7,7
581,17370,17:50:30,0,147.00,0,182.2900,9.2700,17.8000,5.7600,1,ACTIVE,3,7,7
581,17371,17:51:00,0,42.00,0,102.3300,6.0100,9.6800,3.9000,1,ACTIVE,3,7,7
581,17372,17:51:30,0,13.00,0,123.9600,7.6300,12.0000,1.6400,1,ACTIVE,3,7,7
581,17373,17:52:00,0,1.00,0,115.0700,7.6300,11.0000,1.5000,1,ACTIVE,3,7,7
581,17374,17:52:30,0,157.00,0,21.6000,3.8100,0.5550,7.6300,1,ACTIVE,3,7,7
581,17375,17:53:00,0,19.00,0,213.8100,7.4700,21.6000,7.6300,1,ACTIVE,3,7,7
581,17376,17:53:30,0,34.00,0,223.4700,7.9700,22.5000,7.8000,1,ACTIVE,3,7,7
581,17377,17:54:00,0,137.00,0,134.4100,5.2800,13.4000,4.9500,1,ACTIVE,3,7,7
581,17378,17:54:30,0,52.00,0,160.6400,6.7000,15.9000,5.7600,1,ACTIVE,3,7,7
581,17379,17:55:00,0,1.00,0,436.1800,17.8000,43.2000,17.4000,1,ACTIVE,3,7,7
581,17380,17:55:30,0,27.00,0,437.4500,18.1000,43.2000,17.8000,1,ACTIVE,3,7,7
581,17381,17:56:00,0,0.00,0,428.4900,17.8000,42.2000,17.8000,0,ACTIVE,3,7,7
581,17382,17:56:30,0,0.00,0,428.4900,17.8000,42.2000,17.8000,0,ACTIVE,3,7,7
581,17383,17:57:00,0,59.00,0,308.1900,12.8000,30.5000,11.5000,1,ACTIVE,3,7,7
581,17384,17:57:30,0,79.00,0,287.8300,12.0000,28.6000,9.8900,1,ACTIVE,3,7,7
581,17385,17:58:00,0,29.00,0,332.7400,13.1000,33.3000,11.3000,1,ACTIVE,3,7,7
581,17386,17:58:30,0,27.00,0,285.9200,11.3000,28.6000,9.6800,1,ACTIVE,3,7,7
581,17387,17:59:00,0,19.00,0,357.7300,14.9000,35.5000,12.6000,1,ACTIVE,3,7,7
581,17388,17:59:30,0,20.00,0,221.6000,8.5000,22.1000,8.8800,1,ACTIVE,3,7,7
581,17389,18:00:00,0,0.00,0,0.2500,0.1120,0.0000,0.0000,1,ACTIVE,3,7,7
581,17390,18:00:30,0,123.00,0,0.9100,0.1220,0.0694,0.0292,1,ACTIVE,3,7,7
581,17391,18:01:00,0,9.00,0,0.9800,0.1360,0.0756,0.0115,1,ACTIVE,3,7,7
581,17392,18:01:30,0,20.00,0,0.9600,0.1300,0.0756,0.0115,1,ACTIVE,3,7,7
581,17393,18:02:00,0,79.00,0,6.2800,0.2720,0.6180,0.2380,1,ACTIVE,3,7,7
581,17394,18:02:30,0,5.00,0,12.5600,0.4370,1.2600,0.4770,1,ACTIVE,3,7,7
581,17395,18:03:00,0,5.00,0,14.9100,0.4980,1.5000,0.5920,1,ACTIVE,3,7,7
581,17396,18:03:30,0,107.00,0,195.5300,2.8200,20.7000,7.6300,1,ACTIVE,3,7,7
581,17397,18:04:00,0,31.00,0,124.6400,4.9500,12.6000,3.4200,1,ACTIVE,3,7,7
581,17398,18:04:30,0,0.00,0,207.0500,9.0700,20.7000,5.5100,0,ACTIVE,3,7,7
581,17399,18:05:00,0,0.00,0,140.8000,8.5000,13.7000,1.9100,0,ACTIVE,3,7,7
581,17400,18:05:30,0,8.00,0,143.5700,6.4200,14.3000,3.8100,1,ACTIVE,3,7,7
581,17401,18:06:00,0,1.00,0,103.9500,6.4200,10.1000,1.1100,0,ACTIVE,3,7,7
581,17402,18:06:30,0,100.00,0,226.0700,9.6800,22.5000,6.7000,1,ACTIVE,3,7,7
581,17403,18:07:00,0,33.00,0,146.5800,5.7600,14.6000,5.3900,1,ACTIVE,3,7,7
581,17404,18:07:30,0,56.00,0,11.0400,0.5200,1.0900,0.3450,1,ACTIVE,3,7,7
581,17405,18:08:00,0,70.00,0,11.9100,0.5200,1.1800,0.3600,1,ACTIVE,3,7,7
581,17406,18:08:30,0,73.00,0,37.9600,1.3800,3.8100,1.3800,1,ACTIVE,3,7,7
581,17407,18:09:00,0,2.00,0,47.1300,2.1300,4.6400,1.6700,1,ACTIVE,3,7,7
581,17408,18:09:30,0,59.00,0,21.9400,2.3700,1.8300,0.6460,1,ACTIVE,3,7,7
581,17409,18:10:00,0,169.00,0,79.1100,3.6500,7.8000,2.5300,1,ACTIVE,3,7,7
581,17410,18:10:30,0,49.00,0,54.8300,3.7300,5.2800,0.3160,1,ACTIVE,3,7,7
581,17411,18:11:00,0,21.00,0,35.5600,2.7000,3.3500,0.2330,1,ACTIVE,3,7,7
581,17412,18:11:30,0,26.00,0,35.5700,2.7000,3.3500,0.2440,1,ACTIVE,3,7,7
581,17413,18:12:00,0,4.00,0,52.0600,3.8100,4.9500,0.2770,1,ACTIVE,3,7,7
581,17414,18:12:30,0,68.00,0,269.4000,4.6400,28.6000,7.9700,1,ACTIVE,3,7,7
581,17415,18:13:00,0,142.00,0,352.6000,14.6000,34.8000,14.6000,1,ACTIVE,3,7,7
581,17416,18:13:30,0,0.00,0,29.1000,1.0400,2.9400,0.9540,1,ACTIVE,3,7,7
581,17417,18:14:00,0,0.00,0,29.1000,1.0400,2.9400,0.9540,1,ACTIVE,3,7,7
581,17418,18:14:30,0,25.00,0,29.1700,1.0600,2.9400,0.9750,1,ACTIVE,3,7,7
581,17419,18:15:00,0,54.00,0,173.3700,4.8400,17.8000,6.5600,1,ACTIVE,3,7,7
581,17420,18:15:30,0,42.00,0,395.2200,14.3000,39.6000,15.6000,1,ACTIVE,3,7,7
581,17421,18:16:00,0,187.00,0,525.3900,21.1000,52.4000,17.8000,1,ACTIVE,3,7,7
581,17422,18:16:30,0,47.00,0,298.9200,12.0000,29.9000,9.8900,1,ACTIVE,3,7,7
581,17423,18:17:00,0,21.00,0,492.4100,20.7000,49.1000,14.9000,1,ACTIVE,3,7,7
581,17424,18:17:30,0,15.00,0,523.6900,21.6000,52.4000,15.3000,1,ACTIVE,3,7,7
581,17425,18:18:00,0,14.00,0,549.1300,23.0000,54.8000,17.0000,1,ACTIVE,3,7,7
581,17426,18:18:30,0,0.00,0,526.2400,22.1000,52.4000,16.6000,0,ACTIVE,3,7,7
581,17427,18:19:00,0,5.00,0,573.0300,24.0000,57.2000,17.4000,0,ACTIVE,3,7,7
581,17428,18:19:30,0,18.00,0,599.2700,25.1000,59.7000,18.9000,0,ACTIVE,3,7,7
581,17429,18:20:00,0,0.00,0,623.4600,24.0000,62.4000,22.1000,0,ACTIVE,3,7,7
581,17430,18:20:30,0,0.00,0,623.4600,24.0000,62.4000,22.1000,0,ACTIVE,3,7,7
581,17431,18:21:00,0,11.00,0,596.2300,23.5000,59.7000,19.4000,0,ACTIVE,3,7,7
581,17432,18:21:30,0,1.00,0,535.5300,22.1000,53.6000,15.9000,0,ACTIVE,3,7,7
581,17433,18:22:00,0,8.00,0,572.9400,23.0000,57.2000,19.4000,0,ACTIVE,3,7,7
581,17434,18:22:30,0,5.00,0,584.7200,22.5000,58.4000,21.1000,0,ACTIVE,3,7,7
581,17435,18:23:00,0,0.00,0,623.3500,25.1000,62.4000,19.8000,0,ACTIVE,3,7,7
581,17436,18:23:30,0,35.00,0,610.4500,24.6000,61.0000,19.8000,1,ACTIVE,3,7,7
581,17437,18:24:00,0,4.00,0,261.3300,10.6000,26.2000,7.6300,1,ACTIVE,3,7,7
581,17438,18:24:30,0,38.00,0,444.0800,18.9000,44.1000,14.6000,1,ACTIVE,3,7,7
581,17439,18:25:00,0,142.00,0,286.8800,11.3000,28.6000,10.6000,1,ACTIVE,3,7,7
581,17440,18:25:30,0,288.00,0,216.7000,8.6900,21.6000,7.8000,1,ACTIVE,3,7,7
581,17441,18:26:00,0,297.00,0,143.5600,5.6300,14.3000,5.3900,1,ACTIVE,3,7,7
581,17442,18:26:30,0,29.00,0,0.4700,0.1140,0.0251,0.0000,1,ACTIVE,3,7,7
581,17443,18:27:00,0,26.00,0,0.7400,0.1360,0.0501,0.0046,1,ACTIVE,3,7,7
581,17444,18:27:30,0,169.00,0,199.7800,6.4200,20.2000,7.8000,1,ACTIVE,3,7,7
581,17445,18:28:00,0,35.00,0,170.4800,7.4700,17.0000,4.6400,1,ACTIVE,3,7,7
581,17446,18:28:30,0,0.00,0,153.3100,6.8500,15.3000,4.1600,1,ACTIVE,3,7,7
581,17447,18:29:00,0,0.00,0,149.5200,6.5600,14.9000,3.9000,1,ACTIVE,3,7,7
581,17448,18:29:30,0,0.00,0,108.2600,6.4200,10.6000,1.4700,0,ACTIVE,3,7,7
581,17449,18:30:00,0,151.00,0,106.2200,4.7400,10.6000,3.0100,1,ACTIVE,3,7,7
581,17450,18:30:30,0,1.00,0,0.2700,0.1220,0.0000,0.0000,0,ACTIVE,3,7,7
581,17451,18:31:00,0,0.00,0,0.2900,0.1300,0.0000,0.0000,0,ACTIVE,3,7,7
581,17452,18:31:30,0,0.00,0,0.2700,0.1220,0.0000,0.0000,0,ACTIVE,3,7,7
581,17453,18:32:00,0,5.00,0,1.0500,0.1690,0.0756,0.0115,0,ACTIVE,3,7,7
581,17454,18:32:30,0,1.00,0,0.2900,0.1300,0.0000,0.0000,0,ACTIVE,3,7,7
581,17455,18:33:00,0,0.00,0,0.2900,0.1300,0.0000,0.0000,1,ACTIVE,3,7,7
581,17456,18:33:30,0,0.00,0,0.2900,0.1300,0.0000,0.0000,1,ACTIVE,3,7,7
581,17457,18:34:00,0,252.00,0,3.9600,0.8940,0.2230,0.0279,1,ACTIVE,3,7,7
581,17458,18:34:30,0,163.00,0,1.0500,0.1880,0.0694,0.0292,1,ACTIVE,3,7,7
581,17459,18:35:00,0,42.00,0,164.2100,5.0600,16.6000,6.7000,1,ACTIVE,3,7,7
581,17460,18:35:30,0,0.00,0,312.1300,8.8800,31.9000,12.3000,1,ACTIVE,3,7,7
581,17461,18:36:00,0,0.00,0,338.2900,8.8800,34.8000,13.1000,0,ACTIVE,3,7,7
581,17462,18:36:30,0,6.00,0,346.5900,9.4700,35.5000,13.4000,0,ACTIVE,3,7,7
581,17463,18:37:00,0,12.00,0,328.1100,10.1000,33.3000,13.1000,1,ACTIVE,3,7,7
581,17464,18:37:30,0,61.00,0,198.7100,6.0100,20.2000,7.6300,1,ACTIVE,3,7,7
581,17465,18:38:00,0,2.00,0,6.5300,0.7200,0.5550,0.0773,0,ACTIVE,3,7,7
581,17466,18:38:30,0,25.00,0,4.9800,0.5670,0.4190,0.0571,1,ACTIVE,3,7,7
581,17467,18:39:00,0,1.00,0,6.0500,0.7350,0.4980,0.0571,0,ACTIVE,3,7,7
581,17468,18:39:30,0,0.00,0,4.0100,0.5430,0.3160,0.0347,0,ACTIVE,3,7,7
581,17469,18:40:00,0,0.00,0,3.9500,0.5200,0.3160,0.0347,1,ACTIVE,3,7,7
581,17470,18:40:30,0,0.00,0,2.9100,0.4190,0.2230,0.0279,1,ACTIVE,3,7,7
581,17471,18:41:00,0,163.00,0,102.4500,4.6400,10.1000,3.3500,1,ACTIVE,3,7,7
581,17472,18:41:30,0,200.00,0,183.5300,7.9700,18.1000,6.4200,1,ACTIVE,3,7,7
581,17473,18:42:00,0,45.00,0,207.4000,8.5000,20.7000,7.0000,1,ACTIVE,3,7,7
581,17474,18:42:30,0,29.00,0,301.8200,12.3000,29.9000,12.0000,1,ACTIVE,3,7,7
581,17475,18:43:00,0,54.00,0,288.7500,11.8000,28.6000,11.3000,1,ACTIVE,3,7,7
581,17476,18:43:30,0,52.00,0,193.8200,7.8000,19.4000,6.4200,1,ACTIVE,3,7,7
581,17477,18:44:00,0,63.00,0,186.3400,7.8000,18.5000,6.1400,1,ACTIVE,3,7,7
581,17478,18:44:30,0,73.00,0,211.9400,8.6900,21.1000,7.1500,1,ACTIVE,3,7,7
581,17479,18:45:00,0,123.00,0,271.5000,11.8000,26.8000,9.8900,1,ACTIVE,3,7,7
581,17480,18:45:30,0,29.00,0,222.4400,8.8800,22.1000,8.8800,1,ACTIVE,3,7,7
581,17481,18:46:00,0,86.00,0,225.4900,8.8800,22.5000,7.8000,1,ACTIVE,3,7,7
581,17482,18:46:30,0,13.00,0,4.8200,0.6320,0.3840,0.0535,1,ACTIVE,3,7,7
581,17483,18:47:00,0,22.00,0,5.8500,0.6460,0.4980,0.0571,1,ACTIVE,3,7,7
581,17484,18:47:30,0,25.00,0,283.6900,9.4700,28.6000,11.3000,1,ACTIVE,3,7,7
581,17485,18:48:00,0,47.00,0,513.9900,20.2000,51.3000,18.1000,1,ACTIVE,3,7,7
581,17486,18:48:30,0,107.00,0,372.0000,14.3000,37.1000,14.3000,1,ACTIVE,3,7,7
581,17487,18:49:00,0,75.00,0,317.5700,10.8000,31.9000,13.4000,1,ACTIVE,3,7,7
581,17488,18:49:30,0,1.00,0,462.4200,18.1000,46.1000,17.4000,1,ACTIVE,3,7,7
581,17489,18:50:00,0,36.00,0,441.1900,16.6000,44.1000,16.6000,1,ACTIVE,3,7,7
581,17490,18:50:30,0,6.00,0,432.9100,16.6000,43.2000,16.6000,1,ACTIVE,3,7,7
581,17491,18:51:00,0,38.00,0,406.0700,15.3000,40.4000,16.6000,1,ACTIVE,3,7,7
581,17492,18:51:30,0,26.00,0,468.2100,19.4000,46.1000,20.2000,1,ACTIVE,3,7,7
581,17493,18:52:00,0,38.00,0,474.7400,18.9000,47.1000,18.9000,1,ACTIVE,3,7,7
581,17494,18:52:30,0,0.00,0,492.5500,18.5000,49.1000,19.4000,1,ACTIVE,3,7,7
581,17495,18:53:00,0,25.00,0,465.4600,18.5000,46.1000,19.4000,1,ACTIVE,3,7,7
581,17496,18:53:30,0,86.00,0,397.3400,15.3000,39.6000,15.6000,1,ACTIVE,3,7,7
581,17497,18:54:00,0,0.00,0,430.5900,15.6000,43.2000,16.6000,1,ACTIVE,3,7,7
581,17498,18:54:30,0,82.00,0,453.3300,17.8000,45.1000,17.8000,1,ACTIVE,3,7,7
581,17499,18:55:00,0,2.00,0,458.6300,19.4000,45.1000,19.4000,0,ACTIVE,3,7,7
581,17500,18:55:30,0,2.00,0,454.1900,18.1000,45.1000,17.8000,0,ACTIVE,3,7,7
581,17501,18:56:00,0,0.00,0,415.7800,15.6000,41.3000,17.8000,0,ACTIVE,3,7,7
581,17502,18:56:30,0,0.00,0,415.7800,15.6000,41.3000,17.8000,0,ACTIVE,3,7,7
581,17503,18:57:00,0,13.00,0,425.2000,16.6000,42.2000,17.0000,1,ACTIVE,3,7,7
581,17504,18:57:30,0,28.00,0,397.3400,15.3000,39.6000,15.6000,1,ACTIVE,3,7,7
581,17505,18:58:00,0,66.00,0,44.6200,4.6400,3.9000,0.2140,1,ACTIVE,3,7,7
581,17506,18:58:30,0,18.00,0,18.1800,1.4700,1.6700,0.2380,1,ACTIVE,3,7,7
581,17507,18:59:00,0,0.00,0,18.9000,1.5000,1.7500,0.2380,0,ACTIVE,3,7,7
581,17508,18:59:30,0,4.00,0,19.8000,1.7500,1.7900,0.2600,1,ACTIVE,3,7,7
581,17509,19:00:00,0,20.00,0,20.3200,1.9900,1.7900,0.2440,1,ACTIVE,3,7,7
581,17510,19:00:30,0,89.00,0,202.4700,7.6300,20.2000,7.8000,1,ACTIVE,3,7,7
581,17511,19:01:00,0,49.00,0,359.9300,11.5000,36.3000,15.3000,1,ACTIVE,3,7,7
581,17512,19:01:30,0,59.00,0,405.3500,14.9000,40.4000,16.6000,1,ACTIVE,3,7,7
581,17513,19:02:00,0,0.00,0,467.2800,19.4000,46.1000,19.4000,0,ACTIVE,3,7,7
581,17514,19:02:30,0,6.00,0,314.4200,9.0700,31.9000,14.0000,0,ACTIVE,3,7,7
581,17515,19:03:00,0,7.00,0,347.2300,9.4700,35.5000,14.0000,0,ACTIVE,3,7,7
581,17516,19:03:30,0,0.00,0,484.6800,19.4000,48.1000,18.9000,0,ACTIVE,3,7,7
581,17517,19:04:00,0,21.00,0,465.9100,18.9000,46.1000,18.9000,1,ACTIVE,3,7,7
581,17518,19:04:30,0,7.00,0,476.5900,19.8000,47.1000,18.9000,1,ACTIVE,3,7,7
581,17519,19:05:00,0,114.00,0,438.9400,15.3000,44.1000,17.4000,1,ACTIVE,3,7,7
581,17520,19:05:30,0,228.00,0,344.9700,18.1000,33.3000,12.3000,1,ACTIVE,3,7,7
581,17521,19:06:00,0,181.00,0,366.8000,19.8000,35.5000,11.0000,1,ACTIVE,3,7,7
581,17522,19:06:30,0,0.00,0,144.8300,11.0000,13.7000,0.4870,1,ACTIVE,3,7,7
581,17523,19:07:00,0,47.00,0,635.0700,24.6000,63.7000,20.7000,1,ACTIVE,3,7,7
581,17524,19:07:30,0,21.00,0,635.3100,25.1000,63.7000,19.8000,1,ACTIVE,3,7,7
581,17525,19:08:00,0,66.00,0,563.3200,23.5000,56.0000,19.4000,1,ACTIVE,3,7,7
581,17526,19:08:30,0,0.00,0,438.5300,15.3000,44.1000,17.0000,0,ACTIVE,3,7,7
581,17527,19:09:00,0,0.00,0,445.4800,14.9000,45.1000,16.3000,0,ACTIVE,3,7,7
581,17528,19:09:30,0,0.00,0,454.8500,15.3000,46.1000,16.3000,0,ACTIVE,3,7,7
581,17529,19:10:00,0,0.00,0,457.5300,15.9000,46.1000,17.4000,0,ACTIVE,3,7,7
581,17530,19:10:30,0,29.00,0,414.0000,16.6000,41.3000,14.0000,1,ACTIVE,3,7,7
581,17531,19:11:00,0,0.00,0,316.5000,14.3000,31.2000,10.8000,0,ACTIVE,3,7,7
581,17532,19:11:30,0,0.00,0,315.3200,14.0000,31.2000,10.3000,0,ACTIVE,3,7,7
581,17533,19:12:00,0,0.00,0,309.4700,14.0000,30.5000,10.3000,0,ACTIVE,3,7,7
581,17534,19:12:30,0,0.00,0,314.4200,13.7000,31.2000,10.1000,0,ACTIVE,3,7,7
581,17535,19:13:00,0,23.00,0,342.4300,11.0000,34.8000,12.6000,1,ACTIVE,3,7,7
581,17536,19:13:30,0,1.00,0,371.5400,10.6000,37.9000,14.9000,0,ACTIVE,3,7,7
581,17537,19:14:00,0,18.00,0,378.3100,10.3000,38.7000,14.9000,1,ACTIVE,3,7,7
581,17538,19:14:30,0,11.00,0,395.3900,11.3000,40.4000,14.9000,1,ACTIVE,3,7,7
581,17539,19:15:00,0,100.00,0,250.8100,9.6800,25.1000,8.6900,1,ACTIVE,3,7,7
581,17540,19:15:30,0,47.00,0,303.0200,10.1000,30.5000,12.3000,1,ACTIVE,3,7,7
581,17541,19:16:00,0,31.00,0,347.6800,10.1000,35.5000,13.1000,1,ACTIVE,3,7,7
581,17542,19:16:30,0,9.00,0,361.3400,9.4700,37.1000,14.3000,1,ACTIVE,3,7,7
581,17543,19:17:00,0,13.00,0,330.6300,8.5000,34.0000,12.8000,1,ACTIVE,3,7,7
581,17544,19:17:30,0,25.00,0,299.4600,8.8800,30.5000,11.5000,1,ACTIVE,3,7,7
581,17545,19:18:00,0,19.00,0,394.5400,14.0000,39.6000,15.6000,1,ACTIVE,3,7,7
581,17546,19:18:30,0,7.00,0,393.5200,13.7000,39.6000,15.3000,1,ACTIVE,3,7,7
581,17547,19:19:00,0,42.00,0,397.7600,14.9000,39.6000,16.6000,1,ACTIVE,3,7,7
581,17548,19:19:30,0,35.00,0,452.9200,17.8000,45.1000,17.4000,1,ACTIVE,3,7,7
581,17549,19:20:00,0,32.00,0,355.9600,14.0000,35.5000,12.8000,1,ACTIVE,3,7,7
581,17550,19:20:30,0,18.00,0,454.3600,18.9000,45.1000,16.3000,1,ACTIVE,3,7,7
581,17551,19:21:00,0,26.00,0,433.7100,17.0000,43.2000,16.6000,1,ACTIVE,3,7,7
581,17552,19:21:30,0,0.00,0,418.9600,14.0000,42.2000,16.6000,0,ACTIVE,3,7,7
581,17553,19:22:00,0,9.00,0,409.3300,13.4000,41.3000,16.3000,1,ACTIVE,3,7,7
581,17554,19:22:30,0,0.00,0,392.8700,13.4000,39.6000,15.3000,1,ACTIVE,3,7,7
581,17555,19:23:00,0,103.00,0,216.8600,8.3200,21.6000,8.6900,1,ACTIVE,3,7,7
581,17556,19:23:30,0,93.00,0,228.6100,12.8000,22.5000,2.6400,1,ACTIVE,3,7,7
581,17557,19:24:00,0,12.00,0,324.3300,14.0000,31.9000,13.1000,1,ACTIVE,3,7,7
581,17558,19:24:30,0,0.00,0,346.9200,15.6000,34.0000,13.4000,0,ACTIVE,3,7,7
581,17559,19:25:00,0,0.00,0,346.1800,15.3000,34.0000,13.4000,0,ACTIVE,3,7,7
581,17560,19:25:30,0,0.00,0,353.7700,15.6000,34.8000,13.7000,0,ACTIVE,3,7,7
581,17561,19:26:00,0,0.00,0,347.5700,15.6000,34.0000,14.0000,0,ACTIVE,3,7,7
581,17562,19:26:30,0,42.00,0,261.6800,16.6000,24.6000,8.8800,1,ACTIVE,3,7,7
581,17563,19:27:00,0,110.00,0,370.9200,14.9000,37.1000,12.0000,1,ACTIVE,3,7,7
581,17564,19:27:30,0,59.00,0,422.5200,16.3000,42.2000,15.3000,1,ACTIVE,3,7,7
581,17565,19:28:00,0,27.00,0,55.7900,3.1400,5.3900,1.4700,1,ACTIVE,3,7,7
581,17566,19:28:30,0,42.00,0,71.3600,5.2800,6.7000,0.9330,1,ACTIVE,3,7,7
581,17567,19:29:00,0,103.00,0,274.0000,19.8000,25.1000,9.4700,1,ACTIVE,3,7,7
581,17568,19:29:30,0,52.00,0,112.8000,2.2200,11.8000,4.4400,1,ACTIVE,3,7,7
581,17569,19:30:00,0,79.00,0,32.1500,1.3200,3.2100,1.0400,1,ACTIVE,3,7,7
581,17570,19:30:30,0,1.00,0,39.0000,1.9100,3.8100,1.2600,1,ACTIVE,3,7,7
581,17571,19:31:00,0,23.00,0,39.2200,1.9900,3.8100,1.2900,1,ACTIVE,3,7,7
581,17572,19:31:30,0,11.00,0,28.8600,1.2100,2.8800,0.8940,0,ACTIVE,3,7,7
581,17573,19:32:00,0,0.00,0,30.3900,1.3800,3.0100,0.9330,0,ACTIVE,3,7,7
581,17574,19:32:30,0,0.00,0,27.2700,1.2400,2.7000,0.8370,0,ACTIVE,3,7,7
581,17575,19:33:00,0,12.00,0,29.0200,1.2900,2.8800,0.8750,1,ACTIVE,3,7,7
581,17576,19:33:30,0,6.00,0,48.4900,2.4700,4.7400,1.4100,1,ACTIVE,3,7,7
581,17577,19:34:00,0,4.00,0,50.6400,2.5800,4.9500,1.4700,1,ACTIVE,3,7,7
581,17578,19:34:30,0,56.00,0,47.3400,2.3700,4.6400,1.3800,1,ACTIVE,3,7,7
581,17579,19:35:00,0,269.00,0,171.2400,3.3500,17.8000,7.6300,1,ACTIVE,3,7,7
581,17580,19:35:30,0,228.00,0,423.3000,16.6000,42.2000,15.3000,1,ACTIVE,3,7,7
581,17581,19:36:00,0,0.00,0,278.5100,18.9000,26.8000,1.7500,1,ACTIVE,3,7,7
581,17582,19:36:30,0,0.00,0,288.9800,18.9000,28.0000,1.8300,1,ACTIVE,3,7,7
581,17583,19:37:00,0,0.00,0,288.0000,18.5000,28.0000,1.7500,1,ACTIVE,3,7,7
581,17584,19:37:30,0,61.00,0,315.6400,20.2000,30.5000,3.3500,1,ACTIVE,3,7,7
581,17585,19:38:00,0,15.00,0,483.9600,22.1000,48.1000,12.8000,1,ACTIVE,3,7,7
581,17586,19:38:30,0,86.00,0,465.3200,20.7000,46.1000,14.9000,1,ACTIVE,3,7,7
581,17587,19:39:00,0,236.00,0,457.7700,20.7000,45.1000,15.9000,1,ACTIVE,3,7,7
581,17588,19:39:30,0,75.00,0,466.3200,21.6000,46.1000,14.0000,1,ACTIVE,3,7,7
581,17589,19:40:00,0,15.00,0,465.6800,21.6000,46.1000,13.4000,1,ACTIVE,3,7,7
581,17590,19:40:30,0,19.00,0,456.4100,21.6000,45.1000,12.8000,1,ACTIVE,3,7,7
581,17591,19:41:00,0,119.00,0,596.4400,22.5000,59.7000,21.6000,1,ACTIVE,3,7,7
581,17592,19:41:30,0,73.00,0,101.6100,7.0000,9.6800,1.2400,1,ACTIVE,3,7,7
581,17593,19:42:00,0,147.00,0,181.6900,7.0000,18.1000,6.7000,1,ACTIVE,3,7,7
581,17594,19:42:30,0,22.00,0,48.5800,5.2800,4.1600,0.4370,1,ACTIVE,3,7,7
581,17595,19:43:00,0,47.00,0,462.6200,18.9000,46.1000,15.9000,1,ACTIVE,3,7,7
581,17596,19:43:30,0,61.00,0,357.8900,14.0000,35.5000,14.6000,1,ACTIVE,3,7,7
581,17597,19:44:00,0,0.00,0,379.6800,11.3000,38.7000,14.3000,0,ACTIVE,3,7,7
581,17598,19:44:30,0,0.00,0,372.0500,10.8000,37.9000,14.9000,0,ACTIVE,3,7,7
581,17599,19:45:00,0,28.00,0,398.6000,12.6000,40.4000,15.3000,1,ACTIVE,3,7,7
581,17600,19:45:30,0,0.00,0,486.0700,19.8000,48.1000,19.4000,0,ACTIVE,3,7,7
581,17601,19:46:00,0,33.00,0,363.4400,10.1000,37.1000,14.9000,1,ACTIVE,3,7,7
581,17602,19:46:30,0,0.00,0,398.0800,15.6000,39.6000,15.6000,0,ACTIVE,3,7,7
581,17603,19:47:00,0,36.00,0,199.2300,7.8000,19.8000,7.9700,1,ACTIVE,3,7,7
581,17604,19:47:30,0,86.00,0,317.0800,13.7000,31.2000,12.6000,1,ACTIVE,3,7,7
581,17605,19:48:00,0,9.00,0,77.5300,5.7600,7.3100,0.7510,1,ACTIVE,3,7,7
581,17606,19:48:30,0,0.00,0,77.8300,5.8800,7.3100,0.7680,0,ACTIVE,3,7,7
581,17607,19:49:00,0,0.00,0,80.9700,6.0100,7.6300,0.7850,0,ACTIVE,3,7,7
581,17608,19:49:30,0,9.00,0,81.2800,6.1400,7.6300,0.8020,0,ACTIVE,3,7,7
581,17609,19:50:00,0,0.00,0,27.4700,2.4700,2.4700,0.3090,0,ACTIVE,3,7,7
581,17610,19:50:30,0,8.00,0,93.8700,3.4200,9.6800,1.3800,0,ACTIVE,3,7,7
581,17611,19:51:00,0,0.00,0,157.2300,11.0000,14.9000,1.9100,0,ACTIVE,3,7,7
581,17612,19:51:30,0,32.00,0,465.6400,19.8000,46.1000,17.0000,1,ACTIVE,3,7,7
581,17613,19:52:00,0,23.00,0,667.0400,25.7000,66.6000,25.1000,1,ACTIVE,3,7,7
581,17614,19:52:30,0,119.00,0,607.8700,22.1000,61.0000,22.5000,1,ACTIVE,3,7,7
581,17615,19:53:00,0,21.00,0,506.7600,22.1000,50.2000,16.6000,1,ACTIVE,3,7,7
581,17616,19:53:30,0,66.00,0,525.2700,18.9000,52.4000,22.1000,1,ACTIVE,3,7,7
581,17617,19:54:00,0,4.00,0,196.4200,13.4000,18.9000,0.7680,1,ACTIVE,3,7,7
581,17618,19:54:30,0,40.00,0,356.6000,14.9000,35.5000,11.5000,1,ACTIVE,3,7,7
581,17619,19:55:00,0,0.00,0,528.2300,16.6000,53.6000,20.2000,1,ACTIVE,3,7,7
581,17620,19:55:30,0,0.00,0,506.7700,15.9000,51.3000,20.2000,1,ACTIVE,3,7,7
581,17621,19:56:00,0,119.00,0,448.9700,15.6000,45.1000,18.1000,1,ACTIVE,3,7,7
581,17622,19:56:30,0,236.00,0,465.5300,19.4000,46.1000,17.8000,1,ACTIVE,3,7,7
581,17623,19:57:00,0,32.00,0,232.4200,12.3000,23.0000,3.2800,1,ACTIVE,3,7,7
581,17624,19:57:30,0,31.00,0,274.2100,5.7600,28.6000,10.1000,1,ACTIVE,3,7,7
581,17625,19:58:00,0,36.00,0,209.9700,7.3100,21.1000,8.1400,1,ACTIVE,3,7,7
581,17626,19:58:30,0,5.00,0,480.7400,17.4000,48.1000,19.4000,1,ACTIVE,3,7,7
581,17627,19:59:00,0,38.00,0,558.8900,20.7000,56.0000,21.1000,1,ACTIVE,3,7,7
581,17628,19:59:30,0,147.00,0,311.0900,9.8900,31.9000,9.2700,1,ACTIVE,3,7,7
581,17629,20:00:00,0,18.00,0,91.8000,4.1600,9.0700,2.8800,1,ACTIVE,3,7,7
581,17630,20:00:30,0,47.00,0,165.7200,6.0100,16.6000,6.1400,1,ACTIVE,3,7,7
581,17631,20:01:00,0,4.00,0,72.1100,3.9000,7.0000,2.0400,1,ACTIVE,3,7,7
581,17632,20:01:30,0,89.00,0,392.3500,12.8000,39.6000,15.9000,1,ACTIVE,3,7,7
581,17633,20:02:00,0,93.00,0,124.7600,4.2500,12.6000,4.9500,1,ACTIVE,3,7,7
581,17634,20:02:30,0,20.00,0,0.5700,0.1580,0.0251,0.0000,1,ACTIVE,3,7,7
581,17635,20:03:00,0,42.00,0,0.6900,0.1690,0.0347,0.0117,1,ACTIVE,3,7,7
581,17636,20:03:30,0,0.00,0,399.1500,24.6000,38.7000,5.1700,0,ACTIVE,3,7,7
581,17637,20:04:00,0,18.00,0,366.1400,22.5000,35.5000,4.8400,1,ACTIVE,3,7,7
581,17638,20:04:30,0,1.00,0,594.9600,26.2000,58.4000,23.0000,0,ACTIVE,3,7,7
581,17639,20:05:00,0,61.00,0,367.7200,17.0000,36.3000,11.3000,1,ACTIVE,3,7,7
581,17640,20:05:30,0,0.00,0,369.6300,18.5000,36.3000,9.8900,0,ACTIVE,3,7,7
581,17641,20:06:00,0,0.00,0,369.6300,18.5000,36.3000,9.8900,0,ACTIVE,3,7,7
581,17642,20:06:30,0,15.00,0,341.3300,10.8000,34.8000,12.0000,0,ACTIVE,3,7,7
581,17643,20:07:00,0,0.00,0,335.9000,7.8000,34.8000,13.1000,0,ACTIVE,3,7,7
581,17644,20:07:30,0,1.00,0,336.2800,7.9700,34.8000,13.1000,0,ACTIVE,3,7,7
581,17645,20:08:00,0,0.00,0,322.0200,7.6300,33.3000,12.6000,1,ACTIVE,3,7,7
581,17646,20:08:30,0,14.00,0,355.4500,10.1000,36.3000,14.0000,1,ACTIVE,3,7,7
581,17647,20:09:00,0,169.00,0,277.8300,8.8800,28.0000,12.0000,1,ACTIVE,3,7,7
581,17648,20:09:30,0,252.00,0,93.2700,4.9500,9.2700,1.0400,1,ACTIVE,3,7,7
581,17649,20:10:00,0,328.00,0,4.7300,0.9960,0.2770,0.0880,1,ACTIVE,3,7,7
581,17650,20:10:30,0,175.00,0,0.2900,0.1300,0.0000,0.0000,1,ACTIVE,3,7,7
581,17651,20:11:00,0,86.00,0,0.2900,0.1300,0.0000,0.0000,1,ACTIVE,3,7,7
581,17652,20:11:30,0,252.00,0,0.2900,0.1300,0.0000,0.0000,1,ACTIVE,3,7,7
581,17653,20:12:00,0,261.00,0,0.5900,0.1220,0.0347,0.0117,1,ACTIVE,3,7,7
581,17654,20:12:30,0,18.00,0,0.2900,0.1300,0.0000,0.0000,1,ACTIVE,3,7,7
581,17655,20:13:00,0,54.00,0,0.5700,0.1140,0.0347,0.0117,1,ACTIVE,3,7,7
581,17656,20:13:30,0,288.00,0,0.8900,0.1140,0.0694,0.0292,1,ACTIVE,3,7,7
581,17657,20:14:00,0,73.00,0,0.2900,0.1300,0.0000,0.0000,1,ACTIVE,3,7,7
581,17658,20:14:30,0,424.00,0,0.2900,0.1300,0.0000,0.0000,1,ACTIVE,3,7,7
581,17659,20:15:00,0,297.00,0,0.2900,0.1300,0.0000,0.0000,1,ACTIVE,3,7,7
581,17660,20:15:30,0,252.00,0,0.2900,0.1300,0.0000,0.0000,1,ACTIVE,3,7,7
581,17661,20:16:00,0,114.00,0,0.3200,0.1450,0.0000,0.0000,1,ACTIVE,3,7,7
581,17662,20:16:30,0,36.00,0,0.2900,0.1300,0.0000,0.0000,1,ACTIVE,3,7,7
581,17663,20:17:00,0,29.00,0,0.2900,0.1300,0.0000,0.0000,1,ACTIVE,3,7,7
581,17664,20:17:30,0,9.00,0,0.2700,0.1220,0.0000,0.0000,1,ACTIVE,3,7,7
581,17665,20:18:00,0,8.00,0,0.2900,0.1300,0.0000,0.0000,1,ACTIVE,3,7,7
581,17666,20:18:30,0,93.00,0,0.5700,0.1580,0.0251,0.0000,1,ACTIVE,3,7,7
581,17667,20:19:00,0,114.00,0,0.2700,0.1220,0.0000,0.0000,1,ACTIVE,3,7,7
581,17668,20:19:30,0,181.00,0,0.2700,0.1220,0.0000,0.0000,1,ACTIVE,3,7,7
581,17669,20:20:00,0,163.00,0,0.2700,0.1220,0.0000,0.0000,1,ACTIVE,3,7,7
581,17670,20:20:30,0,261.00,0,0.2700,0.1220,0.0000,0.0000,1,ACTIVE,3,7,7
581,17671,20:21:00,0,193.00,0,0.2700,0.1220,0.0000,0.0000,1,ACTIVE,3,7,7
581,17672,20:21:30,0,328.00,0,0.5700,0.2600,0.0000,0.0000,1,ACTIVE,3,7,7
581,17673,20:22:00,0,93.00,0,4.0600,0.6740,0.2900,0.0279,1,ACTIVE,3,7,7
581,17674,20:22:30,0,306.00,0,3.3200,0.6050,0.2230,0.0230,1,ACTIVE,3,7,7
581,17675,20:23:00,0,207.00,0,0.7800,0.2090,0.0347,0.0117,1,ACTIVE,3,7,7
581,17676,20:23:30,0,467.00,0,6.4300,1.7500,0.2900,0.0279,1,ACTIVE,3,7,7
581,17677,20:24:00,0,278.00,0,5.9200,1.7900,0.2230,0.0115,1,ACTIVE,3,7,7
581,17678,20:24:30,0,175.00,0,0.3200,0.1450,0.0000,0.0000,1,ACTIVE,3,7,7
581,17679,20:25:00,0,261.00,0,15.8500,4.8400,0.5790,0.0650,1,ACTIVE,3,7,7
581,17680,20:25:30,0,252.00,0,1.1700,0.3920,0.0347,0.0000,1,ACTIVE,3,7,7
581,17681,20:26:00,0,214.00,0,1.9700,0.4870,0.1000,0.0115,1,ACTIVE,3,7,7
581,17682,20:26:30,0,221.00,0,3.0400,0.7680,0.1510,0.0162,1,ACTIVE,3,7,7
581,17683,20:27:00,0,151.00,0,20.2500,3.0100,1.5000,0.4100,1,ACTIVE,3,7,7
581,17684,20:27:30,0,200.00,0,13.0800,3.2800,0.6600,0.0535,1,ACTIVE,3,7,7
581,17685,20:28:00,0,107.00,0,2.8100,0.7680,0.1240,0.0162,1,ACTIVE,3,7,7
581,17686,20:28:30,0,114.00,0,3.8000,1.1100,0.1510,0.0230,1,ACTIVE,3,7,7
581,17687,20:29:00,0,252.00,0,0.7900,0.2600,0.0251,0.0000,1,ACTIVE,3,7,7
581,17688,20:29:30,0,66.00,0,0.5200,0.2330,0.0000,0.0000,1,ACTIVE,3,7,7
581,17689,20:30:00,0,214.00,0,0.5700,0.2600,0.0000,0.0000,1,ACTIVE,3,7,7
581,17690,20:30:30,0,26.00,0,0.4500,0.2050,0.0000,0.0000,1,ACTIVE,3,7,7
581,17691,20:31:00,0,261.00,0,10.1900,3.0700,0.3840,0.0347,1,ACTIVE,3,7,7
581,17692,20:31:30,0,221.00,0,14.9900,4.2500,0.6320,0.0571,1,ACTIVE,3,7,7
581,17693,20:32:00,0,269.00,0,12.6000,1.5700,0.9960,0.3760,1,ACTIVE,3,7,7
581,17694,20:32:30,0,114.00,0,2.0200,0.6320,0.0694,0.0117,1,ACTIVE,3,7,7
581,17695,20:33:00,0,252.00,0,4.1000,1.2900,0.1390,0.0292,1,ACTIVE,3,7,7
581,17696,20:33:30,0,269.00,0,14.0600,5.5100,0.2090,0.0412,1,ACTIVE,3,7,7
581,17697,20:34:00,0,151.00,0,6.9100,1.6700,0.3600,0.0535,1,ACTIVE,3,7,7
581,17698,20:34:30,0,52.00,0,1.2100,0.3450,0.0501,0.0046,1,ACTIVE,3,7,7
581,17699,20:35:00,0,181.00,0,1.4300,0.4470,0.0501,0.0046,1,ACTIVE,3,7,7
581,17700,20:35:30,0,157.00,0,1.0900,0.3520,0.0347,0.0117,1,ACTIVE,3,7,7
581,17701,20:36:00,0,32.00,0,0.2700,0.1220,0.0000,0.0000,1,ACTIVE,3,7,7
581,17702,20:36:30,0,86.00,0,0.4500,0.2050,0.0000,0.0000,1,ACTIVE,3,7,7
581,17703,20:37:00,0,187.00,0,2.1200,0.5550,0.1000,0.0115,1,ACTIVE,3,7,7
581,17704,20:37:30,0,23.00,0,4.0600,0.8370,0.2440,0.0694,1,ACTIVE,3,7,7
581,17705,20:38:00,0,29.00,0,11.6300,1.8300,0.8370,0.2380,1,ACTIVE,3,7,7
581,17706,20:38:30,0,89.00,0,2.7600,0.6460,0.1510,0.0115,1,ACTIVE,3,7,7
581,17707,20:39:00,0,42.00,0,4.5700,1.6400,0.1050,0.0292,1,ACTIVE,3,7,7
581,17708,20:39:30,0,25.00,0,1.7100,0.4670,0.0756,0.0115,1,ACTIVE,3,7,7
581,17709,20:40:00,0,26.00,0,3.8300,0.7350,0.2440,0.0694,1,ACTIVE,3,7,7
581,17710,20:40:30,0,119.00,0,7.1300,1.7900,0.3600,0.0279,1,ACTIVE,3,7,7
581,17711,20:41:00,0,9.00,0,1.0000,0.3160,0.0347,0.0000,1,ACTIVE,3,7,7
581,17712,20:41:30,0,8.00,0,2.8500,1.0400,0.0117,0.4100,1,ACTIVE,3,7,7
581,17713,20:42:00,0,49.00,0,0.3800,0.1720,0.0000,0.0000,1,ACTIVE,3,7,7
581,17714,20:42:30,0,0.00,0,0.2700,0.1220,0.0000,0.0000,0,ACTIVE,3,7,7
581,17715,20:43:00,0,0.00,0,0.2700,0.1220,0.0000,0.0000,1,ACTIVE,3,7,7
581,17716,20:43:30,0,25.00,0,0.3200,0.1450,0.0000,0.0000,1,ACTIVE,3,7,7
581,17717,20:44:00,0,79.00,0,0.8600,0.2440,0.0347,0.0117,1,ACTIVE,3,7,7
581,17718,20:44:30,0,114.00,0,1.3700,0.4190,0.0501,0.0046,1,ACTIVE,3,7,7
581,17719,20:45:00,0,163.00,0,1.6500,0.3450,0.1000,0.0115,1,ACTIVE,3,7,7
581,17720,20:45:30,0,34.00,0,0.4700,0.2140,0.0000,0.0000,1,ACTIVE,3,7,7
581,17721,20:46:00,0,0.00,0,0.5400,0.2440,0.0000,0.0000,1,ACTIVE,3,7,7
581,17722,20:46:30,0,0.00,0,0.4400,0.2000,0.0000,0.0000,0,ACTIVE,3,7,7
581,17723,20:47:00,0,0.00,0,0.4500,0.2050,0.0000,0.0000,0,ACTIVE,3,7,7
581,17724,20:47:30,0,0.00,0,0.4900,0.2230,0.0000,0.0000,0,ACTIVE,3,7,7
581,17725,20:48:00,0,0.00,0,0.4900,0.2230,0.0000,0.0000,0,ACTIVE,3,7,7
581,17726,20:48:30,0,0.00,0,0.5300,0.2380,0.0000,0.0000,0,ACTIVE,3,7,7
581,17727,20:49:00,0,0.00,0,0.5200,0.2330,0.0000,0.0000,0,ACTIVE,3,7,7
581,17728,20:49:30,0,0.00,0,0.5300,0.2380,0.0000,0.0000,0,ACTIVE,3,7,7
581,17729,20:50:00,0,0.00,0,0.5200,0.2330,0.0000,0.0000,0,ACTIVE,3,7,7
581,17730,20:50:30,0,0.00,0,0.4500,0.2050,0.0000,0.0000,0,ACTIVE,3,7,7
581,17731,20:51:00,0,0.00,0,0.4500,0.2050,0.0000,0.0000,0,ACTIVE,3,7,7
581,17732,20:51:30,0,0.00,0,0.4700,0.2140,0.0000,0.0000,0,ACTIVE,3,7,7
581,17733,20:52:00,0,0.00,0,0.4700,0.2140,0.0000,0.0000,0,ACTIVE,3,7,7
581,17734,20:52:30,0,0.00,0,0.4900,0.2140,0.0000,0.0117,0,ACTIVE,3,7,7
581,17735,20:53:00,0,4.00,0,0.4700,0.2140,0.0000,0.0000,0,ACTIVE,3,7,7
581,17736,20:53:30,0,119.00,0,2.2000,0.5920,0.1000,0.0115,1,ACTIVE,3,7,7
581,17737,20:54:00,0,0.00,0,5.2700,1.1100,0.3160,0.0460,0,ACTIVE,3,7,7
581,17738,20:54:30,0,9.00,0,6.8300,1.1100,0.4770,0.1800,1,ACTIVE,3,7,7
581,17739,20:55:00,0,0.00,0,3.3600,0.6460,0.2090,0.0880,0,ACTIVE,3,7,7
581,17740,20:55:30,0,6.00,0,2.6600,0.4980,0.1760,0.0162,0,ACTIVE,3,7,7
581,17741,20:56:00,0,0.00,0,1.2400,0.2600,0.0756,0.0000,0,ACTIVE,3,7,7
581,17742,20:56:30,0,0.00,0,0.7500,0.2380,0.0251,0.0000,0,ACTIVE,3,7,7
581,17743,20:57:00,0,0.00,0,0.8200,0.2280,0.0347,0.0117,0,ACTIVE,3,7,7
581,17744,20:57:30,0,2.00,0,0.8400,0.2380,0.0347,0.0117,0,ACTIVE,3,7,7
581,17745,20:58:00,0,0.00,0,1.0800,0.3450,0.0347,0.0117,0,ACTIVE,3,7,7
581,17746,20:58:30,0,0.00,0,1.0700,0.3450,0.0347,0.0000,0,ACTIVE,3,7,7
581,17747,20:59:00,0,7.00,0,1.4600,0.3600,0.0756,0.0046,0,ACTIVE,3,7,7
581,17748,20:59:30,0,0.00,0,1.8600,0.4370,0.1000,0.0115,0,ACTIVE,3,7,7
581,17749,21:00:00,0,0.00,0,1.7900,0.4100,0.1000,0.0046,0,ACTIVE,3,7,7
581,17750,21:00:30,0,0.00,0,1.1300,0.3680,0.0347,0.0117,0,ACTIVE,3,7,7
581,17751,21:01:00,0,29.00,0,1.0500,0.3840,0.0070,0.1300,1,ACTIVE,3,7,7
581,17752,21:01:30,0,1.00,0,2.0100,0.6890,0.0162,0.3160,0,ACTIVE,3,7,7
581,17753,21:02:00,0,0.00,0,1.7600,0.6050,0.0140,0.2720,0,ACTIVE,3,7,7
581,17754,21:02:30,0,1.00,0,2.8100,0.5200,0.1760,0.1050,0,ACTIVE,3,7,7
581,17755,21:03:00,0,0.00,0,2.8500,0.4010,0.2230,0.0046,0,ACTIVE,3,7,7
581,17756,21:03:30,0,0.00,0,3.7400,0.4370,0.3160,0.0046,0,ACTIVE,3,7,7
581,17757,21:04:00,0,0.00,0,4.9900,0.5200,0.4370,0.0115,0,ACTIVE,3,7,7
581,17758,21:04:30,0,0.00,0,6.2400,0.5200,0.5790,0.0115,0,ACTIVE,3,7,7
581,17759,21:05:00,0,0.00,0,4.3100,0.6460,0.3160,0.1050,0,ACTIVE,3,7,7
581,17760,21:05:30,0,0.00,0,3.4700,0.6740,0.2230,0.0230,0,ACTIVE,3,7,7
581,17761,21:06:00,0,0.00,0,3.6300,0.6050,0.2600,0.0115,0,ACTIVE,3,7,7
581,17762,21:06:30,0,2.00,0,2.7100,0.5200,0.1760,0.0162,0,ACTIVE,3,7,7
581,17763,21:07:00,0,0.00,0,1.1100,0.3030,0.0501,0.0046,0,ACTIVE,3,7,7
581,17764,21:07:30,0,0.00,0,1.7800,0.3090,0.1240,0.0046,0,ACTIVE,3,7,7
581,17765,21:08:00,0,7.00,0,2.6700,0.4980,0.1760,0.0230,0,ACTIVE,3,7,7
581,17766,21:08:30,0,14.00,0,4.6600,0.5790,0.3840,0.0162,0,ACTIVE,3,7,7
581,17767,21:09:00,0,0.00,0,6.9700,0.6460,0.6320,0.0115,0,ACTIVE,3,7,7
581,17768,21:09:30,0,1.00,0,6.2700,0.8370,0.4980,0.0535,0,ACTIVE,3,7,7
581,17769,21:10:00,0,16.00,0,4.4600,1.5000,0.0512,0.6320,0,ACTIVE,3,7,7
581,17770,21:10:30,0,0.00,0,6.2100,1.1100,0.4010,0.2230,0,ACTIVE,3,7,7
581,17771,21:11:00,0,1.00,0,2.7900,0.5310,0.1760,0.0694,0,ACTIVE,3,7,7
581,17772,21:11:30,0,5.00,0,5.5200,0.5200,0.4980,0.0046,0,ACTIVE,3,7,7
581,17773,21:12:00,0,28.00,0,7.5300,0.8750,0.6320,0.0571,1,ACTIVE,3,7,7
581,17774,21:12:30,0,0.00,0,3.5900,1.2100,0.0339,0.5670,0,ACTIVE,3,7,7
581,17775,21:13:00,0,0.00,0,3.8800,1.3200,0.0362,0.5920,0,ACTIVE,3,7,7
581,17776,21:13:30,0,20.00,0,8.0200,1.0200,0.6180,0.3300,1,ACTIVE,3,7,7
581,17777,21:14:00,0,0.00,0,8.2400,0.8560,0.7200,0.0412,1,ACTIVE,3,7,7
581,17778,21:14:30,0,103.00,0,2.8400,0.5790,0.1760,0.0162,1,ACTIVE,3,7,7
581,17779,21:15:00,0,221.00,0,5.0300,1.3800,0.2230,0.0279,1,ACTIVE,3,7,7
581,17780,21:15:30,0,228.00,0,9.9800,2.4200,0.5200,0.0650,1,ACTIVE,3,7,7
581,17781,21:16:00,0,236.00,0,2.4500,0.7040,0.1000,0.0115,1,ACTIVE,3,7,7
581,17782,21:16:30,0,12.00,0,11.5000,1.4100,0.9130,0.3600,1,ACTIVE,3,7,7
581,17783,21:17:00,0,70.00,0,11.9100,1.9100,0.8370,0.3300,1,ACTIVE,3,7,7
581,17784,21:17:30,0,26.00,0,8.8300,1.9100,0.5200,0.0571,1,ACTIVE,3,7,7
581,17785,21:18:00,0,9.00,0,5.8200,1.8300,0.2000,0.0230,1,ACTIVE,3,7,7
581,17786,21:18:30,0,0.00,0,9.3600,2.8800,0.3370,0.0412,0,ACTIVE,3,7,7
581,17787,21:19:00,0,2.00,0,33.6000,5.2800,2.4200,0.6740,1,ACTIVE,3,7,7
581,17788,21:19:30,0,70.00,0,7.5100,1.6400,0.4370,0.0571,1,ACTIVE,3,7,7
581,17789,21:20:00,0,133.00,0,15.7800,2.1700,1.2100,0.3450,1,ACTIVE,3,7,7
581,17790,21:20:30,0,82.00,0,3.5400,0.8940,0.1760,0.0230,1,ACTIVE,3,7,7
581,17791,21:21:00,0,142.00,0,5.5300,1.6000,0.2230,0.0279,1,ACTIVE,3,7,7
581,17792,21:21:30,0,221.00,0,1.3500,0.3230,0.0694,0.0292,1,ACTIVE,3,7,7
581,17793,21:22:00,0,157.00,0,3.6800,0.5200,0.2770,0.0880,1,ACTIVE,3,7,7
581,17794,21:22:30,0,163.00,0,0.4200,0.1920,0.0000,0.0000,1,ACTIVE,3,7,7
581,17795,21:23:00,0,207.00,0,5.6700,1.4100,0.2770,0.1170,1,ACTIVE,3,7,7
581,17796,21:23:30,0,244.00,0,15.9100,2.3200,1.1800,0.3760,1,ACTIVE,3,7,7
581,17797,21:24:00,0,133.00,0,6.2900,1.1600,0.4190,0.0535,1,ACTIVE,3,7,7
581,17798,21:24:30,0,110.00,0,3.8200,0.7200,0.2440,0.0880,1,ACTIVE,3,7,7
581,17799,21:25:00,0,288.00,0,1.1100,0.3600,0.0347,0.0117,1,ACTIVE,3,7,7
581,17800,21:25:30,0,317.00,0,0.4700,0.2140,0.0000,0.0000,1,ACTIVE,3,7,7
581,17801,21:26:00,0,52.00,0,0.3600,0.1650,0.0000,0.0000,1,ACTIVE,3,7,7
581,17802,21:26:30,0,52.00,0,0.5400,0.2440,0.0000,0.0000,1,ACTIVE,3,7,7
581,17803,21:27:00,0,261.00,0,0.4900,0.2230,0.0000,0.0000,1,ACTIVE,3,7,7
581,17804,21:27:30,0,123.00,0,0.3500,0.1580,0.0000,0.0000,1,ACTIVE,3,7,7
581,17805,21:28:00,0,25.00,0,0.3200,0.1450,0.0000,0.0000,1,ACTIVE,3,7,7
581,17806,21:28:30,0,0.00,0,0.3500,0.1580,0.0000,0.0000,1,ACTIVE,3,7,7
581,17807,21:29:00,0,0.00,0,0.3500,0.1580,0.0000,0.0000,1,ACTIVE,3,7,7
581,17808,21:29:30,0,86.00,0,0.3500,0.1580,0.0000,0.0000,1,ACTIVE,3,7,7
581,17809,21:30:00,0,89.00,0,0.3100,0.1420,0.0000,0.0000,1,ACTIVE,3,7,7
581,17810,21:30:30,0,0.00,0,0.2900,0.1300,0.0000,0.0000,1,ACTIVE,3,7,7
581,17811,21:31:00,0,288.00,0,0.2900,0.1300,0.0000,0.0000,1,ACTIVE,3,7,7
581,17812,21:31:30,0,89.00,0,0.2900,0.1300,0.0000,0.0000,1,ACTIVE,3,7,7
581,17813,21:32:00,0,4.00,0,0.2700,0.1220,0.0000,0.0000,1,ACTIVE,3,7,7
581,17814,21:32:30,0,0.00,0,0.2900,0.1300,0.0000,0.0000,0,ACTIVE,3,7,7
581,17815,21:33:00,0,4.00,0,0.3000,0.1300,0.0000,0.0117,0,ACTIVE,3,7,7
581,17816,21:33:30,0,1.00,0,0.2700,0.1220,0.0000,0.0000,0,ACTIVE,3,7,7
581,17817,21:34:00,0,0.00,0,0.2900,0.1300,0.0000,0.0000,0,ACTIVE,3,7,7
581,17818,21:34:30,0,4.00,0,0.2700,0.1220,0.0000,0.0000,0,ACTIVE,3,7,7
581,17819,21:35:00,0,1.00,0,0.2500,0.1120,0.0000,0.0000,0,ACTIVE,3,7,7
581,17820,21:35:30,0,0.00,0,0.2500,0.1120,0.0000,0.0000,0,ACTIVE,3,7,7
581,17821,21:36:00,0,6.00,0,0.2500,0.1120,0.0000,0.0000,0,ACTIVE,3,7,7
581,17822,21:36:30,0,7.00,0,0.2500,0.1120,0.0000,0.0000,0,ACTIVE,3,7,7
581,17823,21:37:00,0,11.00,0,0.2500,0.1120,0.0000,0.0000,0,ACTIVE,3,7,7
581,17824,21:37:30,0,56.00,0,0.2500,0.1120,0.0000,0.0000,1,ACTIVE,3,7,7
581,17825,21:38:00,0,7.00,0,0.2500,0.1120,0.0000,0.0000,0,ACTIVE,3,7,7
581,17826,21:38:30,0,0.00,0,0.2500,0.1120,0.0000,0.0000,0,ACTIVE,3,7,7
581,17827,21:39:00,0,0.00,0,0.2500,0.1120,0.0000,0.0000,0,ACTIVE,3,7,7
581,17828,21:39:30,0,0.00,0,0.2500,0.1120,0.0000,0.0000,0,ACTIVE,3,7,7
581,17829,21:40:00,0,0.00,0,0.2500,0.1120,0.0000,0.0000,0,ACTIVE,3,7,7
581,17830,21:40:30,0,1.00,0,0.2500,0.1120,0.0000,0.0000,0,ACTIVE,3,7,7
581,17831,21:41:00,0,0.00,0,0.2500,0.1120,0.0000,0.0000,0,ACTIVE,3,7,7
581,17832,21:41:30,0,5.00,0,0.2500,0.1120,0.0000,0.0000,0,ACTIVE,3,7,7
581,17833,21:42:00,0,0.00,0,0.2500,0.1120,0.0000,0.0000,0,ACTIVE,3,7,7
581,17834,21:42:30,0,0.00,0,0.2700,0.1220,0.0000,0.0000,0,ACTIVE,3,7,7
581,17835,21:43:00,0,0.00,0,0.2700,0.1220,0.0000,0.0000,0,ACTIVE,3,7,7
581,17836,21:43:30,0,0.00,0,0.2700,0.1220,0.0000,0.0000,0,ACTIVE,3,7,7
581,17837,21:44:00,0,0.00,0,0.2700,0.1220,0.0000,0.0000,0,ACTIVE,3,7,7
581,17838,21:44:30,0,0.00,0,0.2700,0.1220,0.0000,0.0000,0,ACTIVE,3,7,7
581,17839,21:45:00,0,0.00,0,0.2700,0.1220,0.0000,0.0000,0,ACTIVE,3,7,7
581,17840,21:45:30,0,0.00,0,0.2700,0.1220,0.0000,0.0000,0,ACTIVE,3,7,7
581,17841,21:46:00,0,0.00,0,0.2500,0.1120,0.0000,0.0000,0,ACTIVE,3,7,7
581,17842,21:46:30,0,0.00,0,0.2700,0.1220,0.0000,0.0000,0,ACTIVE,3,7,7
581,17843,21:47:00,0,0.00,0,0.2700,0.1220,0.0000,0.0000,0,ACTIVE,3,7,7
581,17844,21:47:30,0,0.00,0,0.2500,0.1120,0.0000,0.0000,0,ACTIVE,3,7,7
581,17845,21:48:00,0,0.00,0,0.2500,0.1120,0.0000,0.0000,0,ACTIVE,3,7,7
581,17846,21:48:30,0,93.00,0,0.2700,0.1220,0.0000,0.0000,1,ACTIVE,3,7,7
581,17847,21:49:00,0,15.00,0,0.2500,0.1120,0.0000,0.0000,1,ACTIVE,3,7,7
581,17848,21:49:30,0,13.00,0,0.2500,0.1120,0.0000,0.0000,1,ACTIVE,3,7,7
581,17849,21:50:00,0,1.00,0,0.2500,0.1120,0.0000,0.0000,0,ACTIVE,3,7,7
581,17850,21:50:30,0,0.00,0,0.2500,0.1120,0.0000,0.0000,0,ACTIVE,3,7,7
581,17851,21:51:00,0,0.00,0,0.2700,0.1220,0.0000,0.0000,0,ACTIVE,3,7,7
581,17852,21:51:30,0,1.00,0,0.2700,0.1220,0.0000,0.0000,0,ACTIVE,3,7,7
581,17853,21:52:00,0,0.00,0,0.2700,0.1220,0.0000,0.0000,0,ACTIVE,3,7,7
581,17854,21:52:30,0,0.00,0,0.2700,0.1220,0.0000,0.0000,0,ACTIVE,3,7,7
581,17855,21:53:00,0,0.00,0,0.2700,0.1220,0.0000,0.0000,0,ACTIVE,3,7,7
581,17856,21:53:30,0,0.00,0,0.2700,0.1220,0.0000,0.0000,0,ACTIVE,3,7,7
581,17857,21:54:00,0,0.00,0,0.2700,0.1220,0.0000,0.0000,0,ACTIVE,3,7,7
581,17858,21:54:30,0,1.00,0,0.2700,0.1220,0.0000,0.0000,0,ACTIVE,3,7,7
581,17859,21:55:00,0,0.00,0,0.2500,0.1120,0.0000,0.0000,0,ACTIVE,3,7,7
581,17860,21:55:30,0,0.00,0,0.2500,0.1120,0.0000,0.0000,0,ACTIVE,3,7,7
581,17861,21:56:00,0,0.00,0,0.2500,0.1120,0.0000,0.0000,0,ACTIVE,3,7,7
581,17862,21:56:30,0,0.00,0,0.2500,0.1120,0.0000,0.0000,0,ACTIVE,3,7,7
581,17863,21:57:00,0,0.00,0,0.2700,0.1220,0.0000,0.0000,1,ACTIVE,3,7,7
581,17864,21:57:30,0,0.00,0,0.2500,0.1120,0.0000,0.0000,1,ACTIVE,3,7,7
581,17865,21:58:00,0,193.00,0,0.3200,0.1450,0.0000,0.0000,1,ACTIVE,3,7,7
581,17866,21:58:30,0,49.00,0,0.3600,0.1580,0.0000,0.0117,1,ACTIVE,3,7,7
581,17867,21:59:00,0,29.00,0,0.3500,0.1580,0.0000,0.0000,1,ACTIVE,3,7,7
581,17868,21:59:30,0,7.00,0,0.3500,0.1580,0.0000,0.0000,1,ACTIVE,3,7,7
581,17869,22:00:00,0,0.00,0,0.3600,0.1650,0.0000,0.0000,0,ACTIVE,3,7,7
581,17870,22:00:30,0,0.00,0,0.3800,0.1720,0.0000,0.0000,0,ACTIVE,3,7,7
581,17871,22:01:00,0,59.00,0,0.4000,0.1800,0.0000,0.0000,1,ACTIVE,3,7,7
581,17872,22:01:30,0,56.00,0,0.2700,0.1220,0.0000,0.0000,1,REST,3,7,7
581,17873,22:02:00,0,4.00,0,0.2700,0.1220,0.0000,0.0000,0,REST-S,3,7,7
581,17874,22:02:30,0,0.00,0,0.2500,0.1120,0.0000,0.0000,0,REST-S,3,7,7
581,17875,22:03:00,0,0.00,0,0.2700,0.1220,0.0000,0.0000,0,REST-S,3,7,7
581,17876,22:03:30,0,0.00,0,0.2700,0.1220,0.0000,0.0000,0,REST-S,3,7,7
581,17877,22:04:00,0,0.00,0,0.2500,0.1120,0.0000,0.0000,0,REST-S,3,7,7
581,17878,22:04:30,0,0.00,0,0.2500,0.1120,0.0000,0.0000,0,REST-S,3,7,7
581,17879,22:05:00,0,0.00,0,0.2500,0.1120,0.0000,0.0000,0,REST-S,3,7,7
581,17880,22:05:30,0,0.00,0,0.2500,0.1120,0.0000,0.0000,0,REST-S,3,7,7
581,17881,22:06:00,0,0.00,0,0.2500,0.1120,0.0000,0.0000,0,REST-S,3,7,7
581,17882,22:06:30,0,0.00,0,0.2500,0.1120,0.0000,0.0000,0,REST-S,3,7,7
581,17883,22:07:00,0,0.00,0,0.2500,0.1120,0.0000,0.0000,0,REST-S,3,7,7
581,17884,22:07:30,0,0.00,0,0.2500,0.1120,0.0000,0.0000,0,REST-S,3,7,7
581,17885,22:08:00,0,0.00,0,0.2500,0.1120,0.0000,0.0000,0,REST-S,3,7,7
581,17886,22:08:30,0,0.00,0,0.2500,0.1120,0.0000,0.0000,0,REST-S,3,7,7
581,17887,22:09:00,0,0.00,0,0.2500,0.1120,0.0000,0.0000,0,REST-S,3,7,7
581,17888,22:09:30,0,0.00,0,0.2500,0.1120,0.0000,0.0000,0,REST-S,3,7,7
581,17889,22:10:00,0,0.00,0,0.2500,0.1120,0.0000,0.0000,0,REST-S,3,7,7
581,17890,22:10:30,0,0.00,0,0.2500,0.1120,0.0000,0.0000,0,REST-S,3,7,7
581,17891,22:11:00,0,0.00,0,0.2700,0.1220,0.0000,0.0000,0,REST-S,3,7,7
581,17892,22:11:30,0,0.00,0,0.2800,0.1220,0.0000,0.0117,0,REST-S,3,7,7
581,17893,22:12:00,0,0.00,0,0.2700,0.1220,0.0000,0.0000,0,REST-S,3,7,7
581,17894,22:12:30,0,0.00,0,0.2900,0.1300,0.0000,0.0000,0,REST-S,3,7,7
581,17895,22:13:00,0,0.00,0,0.3000,0.1300,0.0000,0.0117,0,REST-S,3,7,7
581,17896,22:13:30,0,0.00,0,0.2800,0.1220,0.0000,0.0117,0,REST-S,3,7,7
581,17897,22:14:00,0,0.00,0,0.2700,0.1220,0.0000,0.0000,0,REST-S,3,7,7
581,17898,22:14:30,0,0.00,0,0.2700,0.1220,0.0000,0.0000,0,REST-S,3,7,7
581,17899,22:15:00,0,0.00,0,0.2700,0.1220,0.0000,0.0000,0,REST-S,3,7,7
581,17900,22:15:30,0,1.00,0,0.2700,0.1220,0.0000,0.0000,0,REST-S,3,7,7
581,17901,22:16:00,0,0.00,0,0.2700,0.1220,0.0000,0.0000,0,REST-S,3,7,7
581,17902,22:16:30,0,0.00,0,0.2700,0.1220,0.0000,0.0000,0,REST-S,3,7,7
581,17903,22:17:00,0,0.00,0,0.2700,0.1220,0.0000,0.0000,0,REST-S,3,7,7
581,17904,22:17:30,0,8.00,0,0.2700,0.1220,0.0000,0.0000,0,REST-S,3,7,7
581,17905,22:18:00,0,0.00,0,0.2700,0.1220,0.0000,0.0000,0,REST-S,3,7,7
581,17906,22:18:30,0,0.00,0,0.2700,0.1220,0.0000,0.0000,0,REST-S,3,7,7
581,17907,22:19:00,0,0.00,0,0.2900,0.1300,0.0000,0.0000,0,REST-S,3,7,7
581,17908,22:19:30,0,0.00,0,0.2900,0.1300,0.0000,0.0000,0,REST-S,3,7,7
581,17909,22:20:00,0,0.00,0,0.3100,0.1420,0.0000,0.0000,0,REST-S,3,7,7
581,17910,22:20:30,0,0.00,0,0.2900,0.1300,0.0000,0.0000,0,REST-S,3,7,7
581,17911,22:21:00,0,0.00,0,0.3100,0.1420,0.0000,0.0000,0,REST-S,3,7,7
581,17912,22:21:30,0,0.00,0,0.3100,0.1420,0.0000,0.0000,0,REST-S,3,7,7
581,17913,22:22:00,0,0.00,0,0.2900,0.1300,0.0000,0.0000,0,REST-S,3,7,7
581,17914,22:22:30,0,0.00,0,0.2900,0.1300,0.0000,0.0000,0,REST-S,3,7,7
581,17915,22:23:00,0,0.00,0,0.3100,0.1420,0.0000,0.0000,0,REST-S,3,7,7
581,17916,22:23:30,0,0.00,0,0.3100,0.1420,0.0000,0.0000,1,REST-S,3,7,7
581,17917,22:24:00,0,0.00,0,0.3100,0.1420,0.0000,0.0000,1,REST-S,3,7,7
581,17918,22:24:30,0,288.00,0,0.3200,0.1450,0.0000,0.0000,1,REST-S,3,7,7
581,17919,22:25:00,0,261.00,0,0.4200,0.1920,0.0000,0.0000,1,REST-S,3,7,7
581,17920,22:25:30,0,278.00,0,1.6400,0.5430,0.0501,0.0046,1,REST-S,3,7,7
581,17921,22:26:00,0,385.00,0,0.4400,0.2000,0.0000,0.0000,1,REST-S,3,7,7
581,17922,22:26:30,0,54.00,0,0.9800,0.2440,0.0501,0.0046,1,REST-S,3,7,7
581,17923,22:27:00,0,54.00,0,1.4100,0.3370,0.0756,0.0046,1,REST-S,3,7,7
581,17924,22:27:30,0,252.00,0,0.3600,0.1650,0.0000,0.0000,1,REST-S,3,7,7
581,17925,22:28:00,0,385.00,0,0.3100,0.1420,0.0000,0.0000,1,REST-S,3,7,7
581,17926,22:28:30,0,269.00,0,0.3500,0.1580,0.0000,0.0000,1,REST-S,3,7,7
581,17927,22:29:00,0,13.00,0,0.2900,0.1300,0.0000,0.0000,1,REST-S,3,7,7
581,17928,22:29:30,0,5.00,0,0.2900,0.1300,0.0000,0.0000,1,REST-S,3,7,7
581,17929,22:30:00,0,0.00,0,0.2900,0.1300,0.0000,0.0000,0,REST-S,3,7,7
581,17930,22:30:30,0,1.00,0,0.2900,0.1300,0.0000,0.0000,0,REST-S,3,7,7
581,17931,22:31:00,0,0.00,0,0.2900,0.1300,0.0000,0.0000,0,REST-S,3,7,7
581,17932,22:31:30,0,0.00,0,0.2900,0.1300,0.0000,0.0000,0,REST-S,3,7,7
581,17933,22:32:00,0,0.00,0,0.2900,0.1300,0.0000,0.0000,0,REST-S,3,7,7
581,17934,22:32:30,0,0.00,0,0.2900,0.1300,0.0000,0.0000,0,REST-S,3,7,7
581,17935,22:33:00,0,0.00,0,0.2900,0.1300,0.0000,0.0000,0,REST-S,3,7,7
581,17936,22:33:30,0,0.00,0,0.3100,0.1420,0.0000,0.0000,0,REST-S,3,7,7
581,17937,22:34:00,0,20.00,0,0.3600,0.1650,0.0000,0.0000,1,REST-S,3,7,7
581,17938,22:34:30,0,16.00,0,0.8900,0.2600,0.0347,0.0117,0,REST-S,3,7,7
581,17939,22:35:00,0,0.00,0,0.9200,0.2720,0.0347,0.0117,0,REST-S,3,7,7
581,17940,22:35:30,0,0.00,0,0.9200,0.2720,0.0347,0.0117,0,REST-S,3,7,7
581,17941,22:36:00,0,0.00,0,0.9200,0.2720,0.0347,0.0117,0,REST-S,3,7,7
581,17942,22:36:30,0,0.00,0,0.9200,0.2720,0.0347,0.0117,0,REST-S,3,7,7
581,17943,22:37:00,0,0.00,0,0.8900,0.2600,0.0347,0.0117,0,REST-S,3,7,7
581,17944,22:37:30,0,0.00,0,0.6600,0.2720,0.0024,0.0354,0,REST-S,3,7,7
581,17945,22:38:00,0,0.00,0,1.2400,0.2720,0.0694,0.0292,0,REST-S,3,7,7
581,17946,22:38:30,0,0.00,0,0.9200,0.2720,0.0347,0.0117,0,REST-S,3,7,7
581,17947,22:39:00,0,0.00,0,0.9200,0.2720,0.0347,0.0117,0,REST-S,3,7,7
581,17948,22:39:30,0,0.00,0,1.0200,0.2600,0.0501,0.0046,0,REST-S,3,7,7
581,17949,22:40:00,0,0.00,0,1.0200,0.2600,0.0501,0.0046,0,REST-S,3,7,7
581,17950,22:40:30,0,0.00,0,0.8900,0.2600,0.0347,0.0117,0,REST-S,3,7,7
581,17951,22:41:00,0,0.00,0,1.2400,0.2720,0.0694,0.0292,0,REST-S,3,7,7
581,17952,22:41:30,0,0.00,0,1.2100,0.2600,0.0694,0.0292,0,REST-S,3,7,7
581,17953,22:42:00,0,1.00,0,0.8900,0.2600,0.0347,0.0117,0,REST-S,3,7,7
581,17954,22:42:30,0,0.00,0,1.0400,0.2720,0.0501,0.0046,0,REST-S,3,7,7
581,17955,22:43:00,0,0.00,0,1.0400,0.2720,0.0501,0.0046,0,REST-S,3,7,7
581,17956,22:43:30,0,0.00,0,1.2400,0.2720,0.0694,0.0292,0,REST-S,3,7,7
581,17957,22:44:00,0,0.00,0,0.9200,0.2720,0.0347,0.0117,0,REST-S,3,7,7
581,17958,22:44:30,0,0.00,0,1.2100,0.2600,0.0694,0.0292,0,REST-S,3,7,7
581,17959,22:45:00,0,5.00,0,0.8900,0.2600,0.0347,0.0117,0,REST-S,3,7,7
581,17960,22:45:30,0,0.00,0,0.8400,0.2380,0.0347,0.0117,0,REST-S,3,7,7
581,17961,22:46:00,0,0.00,0,0.8600,0.2440,0.0347,0.0117,0,REST-S,3,7,7
581,17962,22:46:30,0,0.00,0,0.8600,0.2440,0.0347,0.0117,0,REST-S,3,7,7
581,17963,22:47:00,0,0.00,0,0.8600,0.2440,0.0347,0.0117,0,REST-S,3,7,7
581,17964,22:47:30,0,0.00,0,0.8600,0.2440,0.0347,0.0117,0,REST-S,3,7,7
581,17965,22:48:00,0,0.00,0,0.8600,0.2440,0.0347,0.0117,0,REST-S,3,7,7
581,17966,22:48:30,0,6.00,0,0.8200,0.2280,0.0347,0.0117,0,REST-S,3,7,7
581,17967,22:49:00,0,0.00,0,0.8000,0.2190,0.0347,0.0117,0,REST-S,3,7,7
581,17968,22:49:30,0,0.00,0,0.7000,0.2190,0.0251,0.0000,0,REST-S,3,7,7
581,17969,22:50:00,0,0.00,0,0.8200,0.2280,0.0347,0.0117,0,REST-S,3,7,7
581,17970,22:50:30,0,0.00,0,0.8200,0.2280,0.0347,0.0117,0,REST-S,3,7,7
581,17971,22:51:00,0,0.00,0,0.8200,0.2280,0.0347,0.0117,0,REST-S,3,7,7
581,17972,22:51:30,0,0.00,0,0.8200,0.2280,0.0347,0.0117,0,REST-S,3,7,7
581,17973,22:52:00,0,0.00,0,0.8200,0.2280,0.0347,0.0117,0,REST-S,3,7,7
581,17974,22:52:30,0,0.00,0,0.8200,0.2280,0.0347,0.0117,0,REST-S,3,7,7
581,17975,22:53:00,0,0.00,0,0.8200,0.2280,0.0347,0.0117,0,REST-S,3,7,7
581,17976,22:53:30,0,0.00,0,0.8200,0.2280,0.0347,0.0117,0,REST-S,3,7,7
581,17977,22:54:00,0,0.00,0,0.8200,0.2280,0.0347,0.0117,0,REST-S,3,7,7
581,17978,22:54:30,0,0.00,0,0.8200,0.2280,0.0347,0.0117,0,REST-S,3,7,7
581,17979,22:55:00,0,0.00,0,0.8400,0.2380,0.0347,0.0117,0,REST-S,3,7,7
581,17980,22:55:30,0,4.00,0,1.0200,0.2600,0.0501,0.0046,0,REST-S,3,7,7
581,17981,22:56:00,0,0.00,0,1.0200,0.2600,0.0501,0.0046,0,REST-S,3,7,7
581,17982,22:56:30,0,0.00,0,0.8900,0.2600,0.0347,0.0117,0,REST-S,3,7,7
581,17983,22:57:00,0,0.00,0,0.8900,0.2600,0.0347,0.0117,0,REST-S,3,7,7
581,17984,22:57:30,0,0.00,0,0.8600,0.2440,0.0347,0.0117,0,REST-S,3,7,7
581,17985,22:58:00,0,0.00,0,0.9800,0.2440,0.0501,0.0046,0,REST-S,3,7,7
581,17986,22:58:30,0,0.00,0,0.8400,0.2380,0.0347,0.0117,0,REST-S,3,7,7
581,17987,22:59:00,0,0.00,0,0.8900,0.2600,0.0347,0.0117,0,REST-S,3,7,7
581,17988,22:59:30,0,0.00,0,0.8600,0.2440,0.0347,0.0117,0,REST-S,3,7,7
581,17989,23:00:00,0,0.00,0,0.8600,0.2440,0.0347,0.0117,0,REST-S,3,7,7
581,17990,23:00:30,0,0.00,0,0.8600,0.2440,0.0347,0.0117,0,REST-S,3,7,7
581,17991,23:01:00,0,0.00,0,0.8600,0.2440,0.0347,0.0117,1,REST,3,7,7
581,17992,23:01:30,0,73.00,0,0.8000,0.2190,0.0347,0.0117,1,ACTIVE,3,7,7
581,17993,23:02:00,0,221.00,0,0.4700,0.2140,0.0000,0.0000,1,ACTIVE,3,7,7
581,17994,23:02:30,0,236.00,0,2.3900,0.5790,0.1240,0.0162,1,ACTIVE,3,7,7
581,17995,23:03:00,0,228.00,0,1.4900,0.3840,0.0694,0.0292,1,ACTIVE,3,7,7
581,17996,23:03:30,0,200.00,0,1.8800,0.2720,0.1390,0.0583,1,ACTIVE,3,7,7
581,17997,23:04:00,0,49.00,0,2.3500,0.3300,0.1760,0.0694,1,ACTIVE,3,7,7
581,17998,23:04:30,0,75.00,0,1.8800,0.2720,0.1390,0.0583,1,ACTIVE,3,7,7
581,17999,23:05:00,0,123.00,0,1.6500,0.3090,0.1050,0.0412,1,ACTIVE,3,7,7
581,18000,23:05:30,0,100.00,0,1.8900,0.2770,0.1390,0.0583,1,ACTIVE,3,7,7
581,18001,23:06:00,0,61.00,0,2.3300,0.3230,0.1760,0.0694,1,ACTIVE,3,7,7
581,18002,23:06:30,0,96.00,0,1.8200,0.2440,0.1390,0.0583,1,ACTIVE,3,7,7
581,18003,23:07:00,0,66.00,0,1.5000,0.2440,0.1050,0.0412,1,ACTIVE,3,7,7
581,18004,23:07:30,0,89.00,0,2.3300,0.3230,0.1760,0.0694,1,ACTIVE,3,7,7
581,18005,23:08:00,0,13.00,0,2.5700,0.2900,0.2090,0.0880,1,ACTIVE,3,7,7
581,18006,23:08:30,0,26.00,0,1.9500,0.3030,0.1390,0.0583,1,ACTIVE,3,7,7
581,18007,23:09:00,0,9.00,0,2.3500,0.3370,0.1760,0.0583,0,ACTIVE,3,7,7
581,18008,23:09:30,0,1.00,0,1.2900,0.2770,0.0756,0.0115,0,ACTIVE,3,7,7
581,18009,23:10:00,0,18.00,0,1.4700,0.3600,0.0756,0.0115,1,ACTIVE,3,7,7
581,18010,23:10:30,0,13.00,0,1.7400,0.3840,0.1000,0.0162,0,ACTIVE,3,7,7
581,18011,23:11:00,0,0.00,0,1.5100,0.3760,0.0756,0.0115,0,ACTIVE,3,7,7
581,18012,23:11:30,0,9.00,0,1.7300,0.3760,0.1000,0.0162,0,ACTIVE,3,7,7
581,18013,23:12:00,0,1.00,0,1.4400,0.3450,0.0756,0.0115,0,ACTIVE,3,7,7
581,18014,23:12:30,0,9.00,0,1.2100,0.3450,0.0501,0.0046,0,ACTIVE,3,7,7
581,18015,23:13:00,0,9.00,0,1.2400,0.3600,0.0501,0.0046,0,ACTIVE,3,7,7
581,18016,23:13:30,0,5.00,0,1.1700,0.3840,0.0347,0.0117,0,ACTIVE,3,7,7
581,18017,23:14:00,0,27.00,0,1.2100,0.3450,0.0501,0.0046,1,ACTIVE,3,7,7
581,18018,23:14:30,0,8.00,0,1.2100,0.3450,0.0501,0.0046,0,ACTIVE,3,7,7
581,18019,23:15:00,0,0.00,0,1.2100,0.3450,0.0501,0.0046,0,ACTIVE,3,7,7
581,18020,23:15:30,0,27.00,0,0.9200,0.2720,0.0347,0.0117,1,ACTIVE,3,7,7
581,18021,23:16:00,0,29.00,0,1.2100,0.3450,0.0501,0.0046,1,ACTIVE,3,7,7
581,18022,23:16:30,0,12.00,0,1.2400,0.3600,0.0501,0.0046,0,ACTIVE,3,7,7
581,18023,23:17:00,0,0.00,0,1.2400,0.3600,0.0501,0.0046,0,ACTIVE,3,7,7
581,18024,23:17:30,0,0.00,0,1.2700,0.3760,0.0501,0.0046,0,ACTIVE,3,7,7
581,18025,23:18:00,0,0.00,0,1.5100,0.3760,0.0756,0.0115,0,ACTIVE,3,7,7
581,18026,23:18:30,0,0.00,0,1.5100,0.3760,0.0756,0.0115,0,ACTIVE,3,7,7
581,18027,23:19:00,0,0.00,0,1.5200,0.3840,0.0756,0.0115,0,ACTIVE,3,7,7
581,18028,23:19:30,0,0.00,0,1.5200,0.3840,0.0756,0.0115,0,ACTIVE,3,7,7
581,18029,23:20:00,0,4.00,0,1.5200,0.3840,0.0756,0.0115,0,ACTIVE,3,7,7
581,18030,23:20:30,0,0.00,0,1.2700,0.3760,0.0501,0.0046,0,ACTIVE,3,7,7
581,18031,23:21:00,0,0.00,0,1.4700,0.3760,0.0694,0.0292,0,ACTIVE,3,7,7
581,18032,23:21:30,0,0.00,0,1.4700,0.3760,0.0694,0.0292,0,ACTIVE,3,7,7
581,18033,23:22:00,0,0.00,0,1.5100,0.3760,0.0756,0.0115,0,ACTIVE,3,7,7
581,18034,23:22:30,0,0.00,0,1.5200,0.3840,0.0756,0.0115,0,ACTIVE,3,7,7
581,18035,23:23:00,0,0.00,0,1.5200,0.3840,0.0756,0.0115,0,ACTIVE,3,7,7
581,18036,23:23:30,0,0.00,0,1.4700,0.3760,0.0694,0.0292,0,ACTIVE,3,7,7
581,18037,23:24:00,0,0.00,0,1.2400,0.3600,0.0501,0.0046,0,ACTIVE,3,7,7
581,18038,23:24:30,0,0.00,0,1.5100,0.3760,0.0756,0.0115,0,ACTIVE,3,7,7
581,18039,23:25:00,0,18.00,0,1.4000,0.3450,0.0694,0.0292,1,ACTIVE,3,7,7
581,18040,23:25:30,0,0.00,0,1.6300,0.3030,0.1050,0.0412,0,ACTIVE,3,7,7
581,18041,23:26:00,0,0.00,0,1.6600,0.3160,0.1050,0.0412,1,ACTIVE,3,7,7
581,18042,23:26:30,0,123.00,0,2.1800,0.4870,0.1240,0.0115,1,ACTIVE,3,7,7
581,18043,23:27:00,0,137.00,0,1.2400,0.3600,0.0501,0.0046,1,ACTIVE,3,7,7
581,18044,23:27:30,0,103.00,0,2.0300,0.5200,0.1000,0.0046,1,ACTIVE,3,7,7
581,18045,23:28:00,0,137.00,0,0.4700,0.2140,0.0000,0.0000,1,ACTIVE,3,7,7
581,18046,23:28:30,0,68.00,0,0.2700,0.1220,0.0000,0.0000,1,ACTIVE,3,7,7
581,18047,23:29:00,0,187.00,0,0.2900,0.1300,0.0000,0.0000,1,ACTIVE,3,7,7
581,18048,23:29:30,0,142.00,0,0.4000,0.1800,0.0000,0.0000,1,ACTIVE,3,7,7
581,18049,23:30:00,0,531.00,0,7.2000,1.7100,0.3840,0.0460,1,ACTIVE,3,7,7
581,18050,23:30:30,0,362.00,0,6.1000,1.4100,0.3370,0.0347,1,ACTIVE,3,7,7
581,18051,23:31:00,0,169.00,0,0.3600,0.1650,0.0000,0.0000,1,ACTIVE,3,7,7
581,18052,23:31:30,0,686.00,0,3.7400,0.6460,0.2600,0.0347,1,REST,3,7,7
581,18053,23:32:00,0,13.00,0,0.2400,0.1070,0.0000,0.0000,1,REST-S,3,7,7
581,18054,23:32:30,0,0.00,0,0.2400,0.1070,0.0000,0.0000,1,REST-S,3,7,7
581,18055,23:33:00,0,0.00,0,0.2400,0.1070,0.0000,0.0000,0,REST-S,3,7,7
581,18056,23:33:30,0,0.00,0,0.2200,0.0981,0.0000,0.0000,0,REST-S,3,7,7
581,18057,23:34:00,0,0.00,0,0.2400,0.1070,0.0000,0.0000,0,REST-S,3,7,7
581,18058,23:34:30,0,0.00,0,0.2400,0.1070,0.0000,0.0000,0,REST-S,3,7,7
581,18059,23:35:00,0,0.00,0,0.2400,0.1070,0.0000,0.0000,0,REST-S,3,7,7
581,18060,23:35:30,0,0.00,0,0.2400,0.1070,0.0000,0.0000,0,REST-S,3,7,7
581,18061,23:36:00,0,0.00,0,0.2400,0.1070,0.0000,0.0000,0,REST-S,3,7,7
581,18062,23:36:30,0,0.00,0,0.2400,0.1070,0.0000,0.0000,0,REST-S,3,7,7
581,18063,23:37:00,0,0.00,0,0.2400,0.1070,0.0000,0.0000,0,REST-S,3,7,7
581,18064,23:37:30,0,0.00,0,0.2400,0.1070,0.0000,0.0000,0,REST-S,3,7,7
581,18065,23:38:00,0,0.00,0,0.2200,0.0981,0.0000,0.0000,0,REST-S,3,7,7
581,18066,23:38:30,0,0.00,0,0.2400,0.1070,0.0000,0.0000,0,REST-S,3,7,7
581,18067,23:39:00,0,0.00,0,0.2500,0.1120,0.0000,0.0000,0,REST-S,3,7,7
581,18068,23:39:30,0,0.00,0,0.2400,0.1070,0.0000,0.0000,0,REST-S,3,7,7
581,18069,23:40:00,0,0.00,0,0.2400,0.1070,0.0000,0.0000,0,REST-S,3,7,7
581,18070,23:40:30,0,0.00,0,0.2500,0.1120,0.0000,0.0000,0,REST-S,3,7,7
581,18071,23:41:00,0,0.00,0,0.2400,0.1070,0.0000,0.0000,0,REST-S,3,7,7
581,18072,23:41:30,0,0.00,0,0.2400,0.1070,0.0000,0.0000,0,REST-S,3,7,7
581,18073,23:42:00,0,0.00,0,0.2400,0.1070,0.0000,0.0000,0,REST-S,3,7,7
581,18074,23:42:30,0,0.00,0,0.2500,0.1120,0.0000,0.0000,0,REST-S,3,7,7
581,18075,23:43:00,0,0.00,0,0.2500,0.1120,0.0000,0.0000,0,REST-S,3,7,7
581,18076,23:43:30,0,0.00,0,0.2400,0.1070,0.0000,0.0000,0,REST-S,3,7,7
581,18077,23:44:00,0,0.00,0,0.2500,0.1120,0.0000,0.0000,0,REST-S,3,7,7
581,18078,23:44:30,0,0.00,0,0.2500,0.1120,0.0000,0.0000,0,REST-S,3,7,7
581,18079,23:45:00,0,0.00,0,0.2500,0.1120,0.0000,0.0000,0,REST-S,3,7,7
581,18080,23:45:30,0,0.00,0,0.2500,0.1120,0.0000,0.0000,0,REST-S,3,7,7
581,18081,23:46:00,0,0.00,0,0.2500,0.1120,0.0000,0.0000,0,REST-S,3,7,7
581,18082,23:46:30,0,0.00,0,0.2500,0.1120,0.0000,0.0000,0,REST-S,3,7,7
581,18083,23:47:00,0,0.00,0,0.2500,0.1120,0.0000,0.0000,0,REST-S,3,7,7
581,18084,23:47:30,0,0.00,0,0.2500,0.1120,0.0000,0.0000,0,REST-S,3,7,7
581,18085,23:48:00,0,0.00,0,0.2500,0.1120,0.0000,0.0000,0,REST-S,3,7,7
581,18086,23:48:30,0,0.00,0,0.2500,0.1120,0.0000,0.0000,1,REST-S,3,7,7
581,18087,23:49:00,0,75.00,1,0.2500,0.1120,0.0000,0.0000,1,REST-S,3,7,7
581,18088,23:49:30,0,128.00,0,0.2500,0.1120,0.0000,0.0000,1,REST-S,3,7,7
581,18089,23:50:00,0,0.00,0,0.2500,0.1120,0.0000,0.0000,1,REST-S,3,7,7
581,18090,23:50:30,0,0.00,0,0.2500,0.1120,0.0000,0.0000,0,REST-S,3,7,7
581,18091,23:51:00,0,0.00,0,0.2500,0.1120,0.0000,0.0000,0,REST-S,3,7,7
581,18092,23:51:30,0,0.00,0,0.2500,0.1120,0.0000,0.0000,0,REST-S,3,7,7
581,18093,23:52:00,0,0.00,0,0.2500,0.1120,0.0000,0.0000,0,REST-S,3,7,7
581,18094,23:52:30,0,0.00,0,0.2500,0.1120,0.0000,0.0000,0,REST-S,3,7,7
581,18095,23:53:00,0,0.00,0,0.2500,0.1120,0.0000,0.0000,0,REST-S,3,7,7
581,18096,23:53:30,0,0.00,0,0.2500,0.1120,0.0000,0.0000,0,REST-S,3,7,7
581,18097,23:54:00,0,0.00,0,0.2500,0.1120,0.0000,0.0000,0,REST-S,3,7,7
581,18098,23:54:30,0,0.00,0,0.2500,0.1120,0.0000,0.0000,0,REST-S,3,7,7
581,18099,23:55:00,0,0.00,0,0.2500,0.1120,0.0000,0.0000,0,REST-S,3,7,7
581,18100,23:55:30,0,0.00,0,0.2500,0.1120,0.0000,0.0000,0,REST-S,3,7,7
581,18101,23:56:00,0,0.00,0,0.2500,0.1120,0.0000,0.0000,0,REST-S,3,7,7
581,18102,23:56:30,0,0.00,0,0.2500,0.1120,0.0000,0.0000,0,REST-S,3,7,7
581,18103,23:57:00,0,0.00,0,0.2500,0.1120,0.0000,0.0000,0,REST-S,3,7,7
581,18104,23:57:30,0,0.00,0,0.2500,0.1120,0.0000,0.0000,0,REST-S,3,7,7
581,18105,23:58:00,0,0.00,0,0.2500,0.1120,0.0000,0.0000,0,REST-S,3,7,7
581,18106,23:58:30,0,0.00,0,0.2500,0.1120,0.0000,0.0000,0,REST-S,3,7,7
581,18107,23:59:00,0,0.00,0,0.2500,0.1120,0.0000,0.0000,0,REST-S,3,7,7
581,18108,23:59:30,0,0.00,0,0.2500,0.1120,0.0000,0.0000,0,REST-S,3,7,7
581,18109,0:00:00,0,0.00,0,0.2500,0.1120,0.0000,0.0000,0,REST-S,4,8,7
581,18110,0:00:30,0,0.00,0,0.2500,0.1120,0.0000,0.0000,0,REST-S,4,8,7
581,18111,0:01:00,0,0.00,0,0.2500,0.1120,0.0000,0.0000,0,REST-S,4,8,7
581,18112,0:01:30,0,0.00,0,0.2500,0.1120,0.0000,0.0000,0,REST-S,4,8,7
581,18113,0:02:00,0,0.00,0,0.2500,0.1120,0.0000,0.0000,0,REST-S,4,8,7
581,18114,0:02:30,0,0.00,0,0.2500,0.1120,0.0000,0.0000,0,REST-S,4,8,7
581,18115,0:03:00,0,0.00,0,0.2500,0.1120,0.0000,0.0000,0,REST-S,4,8,7
581,18116,0:03:30,0,0.00,0,0.2500,0.1120,0.0000,0.0000,0,REST-S,4,8,7
581,18117,0:04:00,0,0.00,0,0.2500,0.1120,0.0000,0.0000,0,REST-S,4,8,7
581,18118,0:04:30,0,0.00,0,0.2500,0.1120,0.0000,0.0000,0,REST-S,4,8,7
581,18119,0:05:00,0,0.00,0,0.2500,0.1120,0.0000,0.0000,0,REST-S,4,8,7
581,18120,0:05:30,0,0.00,0,0.2600,0.1120,0.0000,0.0117,0,REST-S,4,8,7
581,18121,0:06:00,0,0.00,0,0.2500,0.1120,0.0000,0.0000,0,REST-S,4,8,7
581,18122,0:06:30,0,0.00,0,0.2500,0.1120,0.0000,0.0000,0,REST-S,4,8,7
581,18123,0:07:00,0,0.00,0,0.2500,0.1120,0.0000,0.0000,0,REST-S,4,8,7
581,18124,0:07:30,0,0.00,0,0.2700,0.1220,0.0000,0.0000,1,REST-S,4,8,7
581,18125,0:08:00,0,0.00,0,0.2500,0.1120,0.0000,0.0000,1,REST-S,4,8,7
581,18126,0:08:30,0,221.00,0,0.2500,0.1120,0.0000,0.0000,1,REST-S,4,8,7
581,18127,0:09:00,0,0.00,0,0.2500,0.1120,0.0000,0.0000,1,REST-S,4,8,7
581,18128,0:09:30,0,0.00,0,0.2500,0.1120,0.0000,0.0000,1,REST-S,4,8,7
581,18129,0:10:00,0,0.00,0,0.2500,0.1120,0.0000,0.0000,0,REST-S,4,8,7
581,18130,0:10:30,0,0.00,0,0.2500,0.1120,0.0000,0.0000,0,REST-S,4,8,7
581,18131,0:11:00,0,0.00,0,0.2500,0.1120,0.0000,0.0000,0,REST-S,4,8,7
581,18132,0:11:30,0,0.00,0,0.2500,0.1120,0.0000,0.0000,0,REST-S,4,8,7
581,18133,0:12:00,0,0.00,0,0.2500,0.1120,0.0000,0.0000,0,REST-S,4,8,7
581,18134,0:12:30,0,0.00,0,0.2700,0.1220,0.0000,0.0000,0,REST-S,4,8,7
581,18135,0:13:00,0,0.00,0,0.2500,0.1120,0.0000,0.0000,0,REST-S,4,8,7
581,18136,0:13:30,0,0.00,0,0.2700,0.1220,0.0000,0.0000,0,REST-S,4,8,7
581,18137,0:14:00,0,0.00,0,0.2500,0.1120,0.0000,0.0000,0,REST-S,4,8,7
581,18138,0:14:30,0,0.00,0,0.2500,0.1120,0.0000,0.0000,0,REST-S,4,8,7
581,18139,0:15:00,0,0.00,0,0.2700,0.1220,0.0000,0.0000,0,REST-S,4,8,7
581,18140,0:15:30,0,0.00,0,0.2700,0.1220,0.0000,0.0000,0,REST-S,4,8,7
581,18141,0:16:00,0,0.00,0,0.2700,0.1220,0.0000,0.0000,0,REST-S,4,8,7
581,18142,0:16:30,0,0.00,0,0.2700,0.1220,0.0000,0.0000,0,REST-S,4,8,7
581,18143,0:17:00,0,0.00,0,0.2700,0.1220,0.0000,0.0000,0,REST-S,4,8,7
581,18144,0:17:30,0,0.00,0,0.2700,0.1220,0.0000,0.0000,0,REST-S,4,8,7
581,18145,0:18:00,0,0.00,0,0.2700,0.1220,0.0000,0.0000,0,REST-S,4,8,7
581,18146,0:18:30,0,0.00,0,0.2700,0.1220,0.0000,0.0000,0,REST-S,4,8,7
581,18147,0:19:00,0,0.00,0,0.2700,0.1220,0.0000,0.0000,0,REST-S,4,8,7
581,18148,0:19:30,0,0.00,0,0.2700,0.1220,0.0000,0.0000,0,REST-S,4,8,7
581,18149,0:20:00,0,0.00,0,0.2700,0.1220,0.0000,0.0000,0,REST-S,4,8,7
581,18150,0:20:30,0,0.00,0,0.2700,0.1220,0.0000,0.0000,0,REST-S,4,8,7
581,18151,0:21:00,0,0.00,0,0.2700,0.1220,0.0000,0.0000,0,REST-S,4,8,7
581,18152,0:21:30,0,0.00,0,0.2700,0.1220,0.0000,0.0000,0,REST-S,4,8,7
581,18153,0:22:00,0,0.00,0,0.2800,0.1220,0.0000,0.0117,0,REST-S,4,8,7
581,18154,0:22:30,0,0.00,0,0.2800,0.1220,0.0000,0.0117,0,REST-S,4,8,7
581,18155,0:23:00,0,0.00,0,0.2700,0.1220,0.0000,0.0000,0,REST-S,4,8,7
581,18156,0:23:30,0,0.00,0,0.2700,0.1220,0.0000,0.0000,0,REST-S,4,8,7
581,18157,0:24:00,0,0.00,0,0.2700,0.1220,0.0000,0.0000,0,REST-S,4,8,7
581,18158,0:24:30,0,0.00,0,0.2700,0.1220,0.0000,0.0000,0,REST-S,4,8,7
581,18159,0:25:00,0,0.00,0,0.2700,0.1220,0.0000,0.0000,0,REST-S,4,8,7
581,18160,0:25:30,0,0.00,0,0.2700,0.1220,0.0000,0.0000,0,REST-S,4,8,7
581,18161,0:26:00,0,0.00,0,0.2700,0.1220,0.0000,0.0000,0,REST-S,4,8,7
581,18162,0:26:30,0,0.00,0,0.2700,0.1220,0.0000,0.0000,0,REST-S,4,8,7
581,18163,0:27:00,0,0.00,0,0.4600,0.1070,0.0251,0.0000,0,REST-S,4,8,7
581,18164,0:27:30,0,0.00,0,0.2700,0.1220,0.0000,0.0000,0,REST-S,4,8,7
581,18165,0:28:00,0,0.00,0,0.2700,0.1220,0.0000,0.0000,1,REST-S,4,8,7
581,18166,0:28:30,0,8.00,0,0.2800,0.1220,0.0000,0.0117,1,REST-S,4,8,7
581,18167,0:29:00,0,438.00,0,0.2700,0.1220,0.0000,0.0000,1,REST-S,4,8,7
581,18168,0:29:30,0,0.00,0,0.4600,0.1070,0.0251,0.0000,1,REST-S,4,8,7
581,18169,0:30:00,0,0.00,0,0.2700,0.1220,0.0000,0.0000,1,REST-S,4,8,7
581,18170,0:30:30,0,0.00,0,0.2900,0.1300,0.0000,0.0000,0,REST-S,4,8,7
581,18171,0:31:00,0,0.00,0,0.3000,0.1300,0.0000,0.0117,0,REST-S,4,8,7
581,18172,0:31:30,0,0.00,0,0.4700,0.1140,0.0251,0.0000,0,REST-S,4,8,7
581,18173,0:32:00,0,0.00,0,0.2900,0.1300,0.0000,0.0000,0,REST-S,4,8,7
581,18174,0:32:30,0,0.00,0,0.2900,0.1300,0.0000,0.0000,0,REST-S,4,8,7
581,18175,0:33:00,0,0.00,0,0.2900,0.1300,0.0000,0.0000,0,REST-S,4,8,7
581,18176,0:33:30,0,0.00,0,0.2900,0.1300,0.0000,0.0000,0,REST-S,4,8,7
581,18177,0:34:00,0,0.00,0,0.3000,0.1300,0.0000,0.0117,0,REST-S,4,8,7
581,18178,0:34:30,0,0.00,0,0.2900,0.1300,0.0000,0.0000,0,REST-S,4,8,7
581,18179,0:35:00,0,0.00,0,0.2900,0.1300,0.0000,0.0000,0,REST-S,4,8,7
581,18180,0:35:30,0,0.00,0,0.3000,0.1300,0.0000,0.0117,0,REST-S,4,8,7
581,18181,0:36:00,0,0.00,0,0.4700,0.1140,0.0251,0.0000,0,REST-S,4,8,7
581,18182,0:36:30,0,66.00,0,0.2900,0.1300,0.0000,0.0000,1,REST-S,4,8,7
581,18183,0:37:00,0,0.00,0,0.3000,0.1300,0.0000,0.0117,0,REST-S,4,8,7
581,18184,0:37:30,0,0.00,0,0.5700,0.1140,0.0347,0.0117,0,REST-S,4,8,7
581,18185,0:38:00,0,19.00,0,0.5700,0.1140,0.0347,0.0117,1,REST-S,4,8,7
581,18186,0:38:30,0,0.00,0,0.4700,0.1140,0.0251,0.0000,0,REST-S,4,8,7
581,18187,0:39:00,0,0.00,0,0.5700,0.1140,0.0347,0.0117,0,REST-S,4,8,7
581,18188,0:39:30,0,0.00,0,0.5700,0.1140,0.0347,0.0117,0,REST-S,4,8,7
581,18189,0:40:00,0,0.00,0,0.5700,0.1140,0.0347,0.0117,0,REST-S,4,8,7
581,18190,0:40:30,0,0.00,0,0.5700,0.1140,0.0347,0.0117,0,REST-S,4,8,7
581,18191,0:41:00,0,0.00,0,0.5700,0.1140,0.0347,0.0117,0,REST-S,4,8,7
581,18192,0:41:30,0,0.00,0,0.5700,0.1140,0.0347,0.0117,0,REST-S,4,8,7
581,18193,0:42:00,0,0.00,0,0.5700,0.1140,0.0347,0.0117,0,REST-S,4,8,7
581,18194,0:42:30,0,0.00,0,0.5700,0.1140,0.0347,0.0117,0,REST-S,4,8,7
581,18195,0:43:00,0,0.00,0,0.5700,0.1140,0.0347,0.0117,0,REST-S,4,8,7
581,18196,0:43:30,0,0.00,0,0.5700,0.1140,0.0347,0.0117,0,REST-S,4,8,7
581,18197,0:44:00,0,1.00,0,0.5700,0.1140,0.0347,0.0117,0,REST-S,4,8,7
581,18198,0:44:30,0,8.00,0,0.5700,0.1140,0.0347,0.0117,0,REST-S,4,8,7
581,18199,0:45:00,0,0.00,0,0.5700,0.1140,0.0347,0.0117,0,REST-S,4,8,7
581,18200,0:45:30,0,0.00,0,0.5700,0.1140,0.0347,0.0117,0,REST-S,4,8,7
581,18201,0:46:00,0,0.00,0,0.5700,0.1140,0.0347,0.0117,0,REST-S,4,8,7
581,18202,0:46:30,0,0.00,0,0.5900,0.1220,0.0347,0.0117,0,REST-S,4,8,7
581,18203,0:47:00,0,0.00,0,0.5900,0.1220,0.0347,0.0117,0,REST-S,4,8,7
581,18204,0:47:30,0,0.00,0,0.5900,0.1220,0.0347,0.0117,0,REST-S,4,8,7
581,18205,0:48:00,0,0.00,0,0.5700,0.1140,0.0347,0.0117,0,REST-S,4,8,7
581,18206,0:48:30,0,2.00,0,0.5900,0.1220,0.0347,0.0117,0,REST-S,4,8,7
581,18207,0:49:00,0,4.00,0,0.5900,0.1220,0.0347,0.0117,0,REST-S,4,8,7
581,18208,0:49:30,0,0.00,0,0.5900,0.1220,0.0347,0.0117,0,REST-S,4,8,7
581,18209,0:50:00,0,0.00,0,0.5900,0.1220,0.0347,0.0117,0,REST-S,4,8,7
581,18210,0:50:30,0,0.00,0,0.5700,0.1140,0.0347,0.0117,0,REST-S,4,8,7
581,18211,0:51:00,0,0.00,0,0.5900,0.1220,0.0347,0.0117,0,REST-S,4,8,7
581,18212,0:51:30,0,0.00,0,0.6000,0.1300,0.0347,0.0117,0,REST-S,4,8,7
581,18213,0:52:00,0,0.00,0,0.6200,0.1360,0.0347,0.0117,0,REST-S,4,8,7
581,18214,0:52:30,0,0.00,0,0.5900,0.1220,0.0347,0.0117,0,REST-S,4,8,7
581,18215,0:53:00,0,0.00,0,0.5900,0.1220,0.0347,0.0117,0,REST-S,4,8,7
581,18216,0:53:30,0,0.00,0,0.5900,0.1220,0.0347,0.0117,0,REST-S,4,8,7
581,18217,0:54:00,0,0.00,0,0.5900,0.1220,0.0347,0.0117,0,REST-S,4,8,7
581,18218,0:54:30,0,0.00,0,0.5900,0.1220,0.0347,0.0117,0,REST-S,4,8,7
581,18219,0:55:00,0,0.00,0,0.5900,0.1220,0.0347,0.0117,0,REST-S,4,8,7
581,18220,0:55:30,0,0.00,0,0.5900,0.1220,0.0347,0.0117,0,REST-S,4,8,7
581,18221,0:56:00,0,0.00,0,0.5900,0.1220,0.0347,0.0117,0,REST-S,4,8,7
581,18222,0:56:30,0,0.00,0,0.5900,0.1220,0.0347,0.0117,0,REST-S,4,8,7
581,18223,0:57:00,0,0.00,0,0.5900,0.1220,0.0347,0.0117,0,REST-S,4,8,7
581,18224,0:57:30,0,0.00,0,0.5900,0.1220,0.0347,0.0117,0,REST-S,4,8,7
581,18225,0:58:00,0,0.00,0,0.5900,0.1220,0.0347,0.0117,0,REST-S,4,8,7
581,18226,0:58:30,0,0.00,0,0.5900,0.1220,0.0347,0.0117,0,REST-S,4,8,7
581,18227,0:59:00,0,0.00,0,0.5900,0.1220,0.0347,0.0117,0,REST-S,4,8,7
581,18228,0:59:30,0,0.00,0,0.5900,0.1220,0.0347,0.0117,0,REST-S,4,8,7
581,18229,1:00:00,0,0.00,0,0.5900,0.1220,0.0347,0.0117,0,REST-S,4,8,7
581,18230,1:00:30,0,0.00,0,0.6000,0.1300,0.0347,0.0117,0,REST-S,4,8,7
581,18231,1:01:00,0,0.00,0,0.6000,0.1300,0.0347,0.0117,0,REST-S,4,8,7
581,18232,1:01:30,0,0.00,0,0.6000,0.1300,0.0347,0.0117,0,REST-S,4,8,7
581,18233,1:02:00,0,0.00,0,0.6000,0.1300,0.0347,0.0117,0,REST-S,4,8,7
581,18234,1:02:30,0,0.00,0,0.6000,0.1300,0.0347,0.0117,0,REST-S,4,8,7
581,18235,1:03:00,0,0.00,0,0.6000,0.1300,0.0347,0.0117,0,REST-S,4,8,7
581,18236,1:03:30,0,0.00,0,0.5900,0.1220,0.0347,0.0117,0,REST-S,4,8,7
581,18237,1:04:00,0,0.00,0,0.5900,0.1220,0.0347,0.0117,0,REST-S,4,8,7
581,18238,1:04:30,0,0.00,0,0.5900,0.1220,0.0347,0.0117,0,REST-S,4,8,7
581,18239,1:05:00,0,0.00,0,0.5900,0.1220,0.0347,0.0117,0,REST-S,4,8,7
581,18240,1:05:30,0,0.00,0,0.5900,0.1220,0.0347,0.0117,0,REST-S,4,8,7
581,18241,1:06:00,0,0.00,0,0.5900,0.1220,0.0347,0.0117,0,REST-S,4,8,7
581,18242,1:06:30,0,0.00,0,0.5900,0.1220,0.0347,0.0117,0,REST-S,4,8,7
581,18243,1:07:00,0,0.00,0,0.5900,0.1220,0.0347,0.0117,0,REST-S,4,8,7
581,18244,1:07:30,0,0.00,0,0.6000,0.1300,0.0347,0.0117,0,REST-S,4,8,7
581,18245,1:08:00,0,0.00,0,0.5900,0.1220,0.0347,0.0117,0,REST-S,4,8,7
581,18246,1:08:30,0,0.00,0,0.6000,0.1300,0.0347,0.0117,0,REST-S,4,8,7
581,18247,1:09:00,0,36.00,0,0.6000,0.1300,0.0347,0.0117,1,REST-S,4,8,7
581,18248,1:09:30,0,68.00,0,0.6000,0.1300,0.0347,0.0117,1,REST-S,4,8,7
581,18249,1:10:00,0,0.00,0,0.5900,0.1220,0.0347,0.0117,0,REST-S,4,8,7
581,18250,1:10:30,0,0.00,0,0.5900,0.1220,0.0347,0.0117,0,REST-S,4,8,7
581,18251,1:11:00,0,0.00,0,0.5900,0.1220,0.0347,0.0117,0,REST-S,4,8,7
581,18252,1:11:30,0,21.00,0,0.5900,0.1220,0.0347,0.0117,1,REST-S,4,8,7
581,18253,1:12:00,0,0.00,0,0.5900,0.1220,0.0347,0.0117,0,REST-S,4,8,7
581,18254,1:12:30,0,0.00,0,0.5900,0.1220,0.0347,0.0117,0,REST-S,4,8,7
581,18255,1:13:00,0,0.00,0,0.5900,0.1220,0.0347,0.0117,0,REST-S,4,8,7
581,18256,1:13:30,0,0.00,0,0.5900,0.1220,0.0347,0.0117,0,REST-S,4,8,7
581,18257,1:14:00,0,0.00,0,0.5900,0.1220,0.0347,0.0117,0,REST-S,4,8,7
581,18258,1:14:30,0,0.00,0,0.5900,0.1220,0.0347,0.0117,0,REST-S,4,8,7
581,18259,1:15:00,0,0.00,0,0.6000,0.1300,0.0347,0.0117,0,REST-S,4,8,7
581,18260,1:15:30,0,0.00,0,0.6200,0.1360,0.0347,0.0117,0,REST-S,4,8,7
581,18261,1:16:00,0,0.00,0,0.6200,0.1360,0.0347,0.0117,0,REST-S,4,8,7
581,18262,1:16:30,0,0.00,0,0.6000,0.1300,0.0347,0.0117,0,REST-S,4,8,7
581,18263,1:17:00,0,0.00,0,0.5900,0.1220,0.0347,0.0117,0,REST-S,4,8,7
581,18264,1:17:30,0,0.00,0,0.5900,0.1220,0.0347,0.0117,0,REST-S,4,8,7
581,18265,1:18:00,0,0.00,0,0.5900,0.1220,0.0347,0.0117,0,REST-S,4,8,7
581,18266,1:18:30,0,0.00,0,0.5900,0.1220,0.0347,0.0117,0,REST-S,4,8,7
581,18267,1:19:00,0,0.00,0,0.5900,0.1220,0.0347,0.0117,0,REST-S,4,8,7
581,18268,1:19:30,0,0.00,0,0.5900,0.1220,0.0347,0.0117,0,REST-S,4,8,7
581,18269,1:20:00,0,0.00,0,0.5900,0.1220,0.0347,0.0117,0,REST-S,4,8,7
581,18270,1:20:30,0,0.00,0,0.5900,0.1220,0.0347,0.0117,0,REST-S,4,8,7
581,18271,1:21:00,0,0.00,0,0.5900,0.1220,0.0347,0.0117,0,REST-S,4,8,7
581,18272,1:21:30,0,0.00,0,0.5900,0.1220,0.0347,0.0117,0,REST-S,4,8,7
581,18273,1:22:00,0,70.00,0,0.5700,0.1140,0.0347,0.0117,1,REST-S,4,8,7
581,18274,1:22:30,0,47.00,0,0.5900,0.1220,0.0347,0.0117,1,REST-S,4,8,7
581,18275,1:23:00,0,0.00,0,0.5900,0.1220,0.0347,0.0117,0,REST-S,4,8,7
581,18276,1:23:30,0,0.00,0,0.5900,0.1220,0.0347,0.0117,0,REST-S,4,8,7
581,18277,1:24:00,0,0.00,0,0.5900,0.1220,0.0347,0.0117,0,REST-S,4,8,7
581,18278,1:24:30,0,0.00,0,0.5900,0.1220,0.0347,0.0117,0,REST-S,4,8,7
581,18279,1:25:00,0,0.00,0,0.5900,0.1220,0.0347,0.0117,0,REST-S,4,8,7
581,18280,1:25:30,0,0.00,0,0.5900,0.1220,0.0347,0.0117,0,REST-S,4,8,7
581,18281,1:26:00,0,0.00,0,0.5900,0.1220,0.0347,0.0117,0,REST-S,4,8,7
581,18282,1:26:30,0,0.00,0,0.5900,0.1220,0.0347,0.0117,0,REST-S,4,8,7
581,18283,1:27:00,0,0.00,0,0.5900,0.1220,0.0347,0.0117,0,REST-S,4,8,7
581,18284,1:27:30,0,0.00,0,0.5900,0.1220,0.0347,0.0117,0,REST-S,4,8,7
581,18285,1:28:00,0,0.00,0,0.5900,0.1220,0.0347,0.0117,0,REST-S,4,8,7
581,18286,1:28:30,0,22.00,0,0.5900,0.1220,0.0347,0.0117,1,REST-S,4,8,7
581,18287,1:29:00,0,0.00,0,0.5900,0.1220,0.0347,0.0117,0,REST-S,4,8,7
581,18288,1:29:30,0,0.00,0,0.5900,0.1220,0.0347,0.0117,0,REST-S,4,8,7
581,18289,1:30:00,0,0.00,0,0.6400,0.1450,0.0347,0.0117,0,REST-S,4,8,7
581,18290,1:30:30,0,0.00,0,0.6200,0.1360,0.0347,0.0117,0,REST-S,4,8,7
581,18291,1:31:00,0,0.00,0,0.6200,0.1360,0.0347,0.0117,0,REST-S,4,8,7
581,18292,1:31:30,0,0.00,0,0.5900,0.1220,0.0347,0.0117,0,REST-S,4,8,7
581,18293,1:32:00,0,0.00,0,0.5900,0.1220,0.0347,0.0117,0,REST-S,4,8,7
581,18294,1:32:30,0,0.00,0,0.5900,0.1220,0.0347,0.0117,0,REST-S,4,8,7
581,18295,1:33:00,0,0.00,0,0.5900,0.1220,0.0347,0.0117,0,REST-S,4,8,7
581,18296,1:33:30,0,0.00,0,0.5900,0.1220,0.0347,0.0117,0,REST-S,4,8,7
581,18297,1:34:00,0,0.00,0,0.5900,0.1220,0.0347,0.0117,0,REST-S,4,8,7
581,18298,1:34:30,0,0.00,0,0.5900,0.1220,0.0347,0.0117,0,REST-S,4,8,7
581,18299,1:35:00,0,0.00,0,0.5900,0.1220,0.0347,0.0117,0,REST-S,4,8,7
581,18300,1:35:30,0,0.00,0,0.5700,0.1140,0.0347,0.0117,0,REST-S,4,8,7
581,18301,1:36:00,0,0.00,0,0.5500,0.1070,0.0347,0.0117,0,REST-S,4,8,7
581,18302,1:36:30,0,0.00,0,0.5700,0.1140,0.0347,0.0117,0,REST-S,4,8,7
581,18303,1:37:00,0,0.00,0,0.5700,0.1140,0.0347,0.0117,0,REST-S,4,8,7
581,18304,1:37:30,0,0.00,0,0.5900,0.1220,0.0347,0.0117,0,REST-S,4,8,7
581,18305,1:38:00,0,0.00,0,0.5900,0.1220,0.0347,0.0117,0,REST-S,4,8,7
581,18306,1:38:30,0,0.00,0,0.5900,0.1220,0.0347,0.0117,0,REST-S,4,8,7
581,18307,1:39:00,0,0.00,0,0.5900,0.1220,0.0347,0.0117,0,REST-S,4,8,7
581,18308,1:39:30,0,0.00,0,0.5900,0.1220,0.0347,0.0117,0,REST-S,4,8,7
581,18309,1:40:00,0,0.00,0,0.5900,0.1220,0.0347,0.0117,0,REST-S,4,8,7
581,18310,1:40:30,0,0.00,0,0.5900,0.1220,0.0347,0.0117,0,REST-S,4,8,7
581,18311,1:41:00,0,0.00,0,0.5900,0.1220,0.0347,0.0117,0,REST-S,4,8,7
581,18312,1:41:30,0,0.00,0,0.5900,0.1220,0.0347,0.0117,0,REST-S,4,8,7
581,18313,1:42:00,0,0.00,0,0.5900,0.1220,0.0347,0.0117,0,REST-S,4,8,7
581,18314,1:42:30,0,0.00,0,0.5900,0.1220,0.0347,0.0117,0,REST-S,4,8,7
581,18315,1:43:00,0,0.00,0,0.5900,0.1220,0.0347,0.0117,0,REST-S,4,8,7
581,18316,1:43:30,0,0.00,0,0.5900,0.1220,0.0347,0.0117,0,REST-S,4,8,7
581,18317,1:44:00,0,0.00,0,0.5900,0.1220,0.0347,0.0117,0,REST-S,4,8,7
581,18318,1:44:30,0,0.00,0,0.5900,0.1220,0.0347,0.0117,0,REST-S,4,8,7
581,18319,1:45:00,0,0.00,0,0.5900,0.1220,0.0347,0.0117,0,REST-S,4,8,7
581,18320,1:45:30,0,0.00,0,0.5900,0.1220,0.0347,0.0117,0,REST-S,4,8,7
581,18321,1:46:00,0,0.00,0,0.5900,0.1220,0.0347,0.0117,0,REST-S,4,8,7
581,18322,1:46:30,0,0.00,0,0.5900,0.1220,0.0347,0.0117,0,REST-S,4,8,7
581,18323,1:47:00,0,0.00,0,0.5900,0.1220,0.0347,0.0117,0,REST-S,4,8,7
581,18324,1:47:30,0,0.00,0,0.5900,0.1220,0.0347,0.0117,0,REST-S,4,8,7
581,18325,1:48:00,0,0.00,0,0.6000,0.1300,0.0347,0.0117,0,REST-S,4,8,7
581,18326,1:48:30,0,7.00,0,0.6200,0.1360,0.0347,0.0117,0,REST-S,4,8,7
581,18327,1:49:00,0,20.00,0,0.6200,0.1360,0.0347,0.0117,1,REST-S,4,8,7
581,18328,1:49:30,0,0.00,0,0.6200,0.1360,0.0347,0.0117,0,REST-S,4,8,7
581,18329,1:50:00,0,0.00,0,0.6200,0.1360,0.0347,0.0117,0,REST-S,4,8,7
581,18330,1:50:30,0,26.00,0,0.6400,0.1450,0.0347,0.0117,1,REST-S,4,8,7
581,18331,1:51:00,0,0.00,0,0.6200,0.1360,0.0347,0.0117,0,REST-S,4,8,7
581,18332,1:51:30,0,0.00,0,0.6000,0.1300,0.0347,0.0117,0,REST-S,4,8,7
581,18333,1:52:00,0,0.00,0,0.6000,0.1300,0.0347,0.0117,0,REST-S,4,8,7
581,18334,1:52:30,0,0.00,0,0.5900,0.1220,0.0347,0.0117,0,REST-S,4,8,7
581,18335,1:53:00,0,0.00,0,0.5900,0.1220,0.0347,0.0117,0,REST-S,4,8,7
581,18336,1:53:30,0,0.00,0,0.5900,0.1220,0.0347,0.0117,0,REST-S,4,8,7
581,18337,1:54:00,0,0.00,0,0.5900,0.1220,0.0347,0.0117,0,REST-S,4,8,7
581,18338,1:54:30,0,0.00,0,0.5900,0.1220,0.0347,0.0117,0,REST-S,4,8,7
581,18339,1:55:00,0,0.00,0,0.6000,0.1300,0.0347,0.0117,0,REST-S,4,8,7
581,18340,1:55:30,0,0.00,0,0.6200,0.1360,0.0347,0.0117,0,REST-S,4,8,7
581,18341,1:56:00,0,0.00,0,0.6400,0.1450,0.0347,0.0117,0,REST-S,4,8,7
581,18342,1:56:30,0,0.00,0,0.6200,0.1360,0.0347,0.0117,0,REST-S,4,8,7
581,18343,1:57:00,0,0.00,0,0.6200,0.1360,0.0347,0.0117,0,REST-S,4,8,7
581,18344,1:57:30,0,0.00,0,0.6200,0.1360,0.0347,0.0117,0,REST-S,4,8,7
581,18345,1:58:00,0,0.00,0,0.6400,0.1450,0.0347,0.0117,0,REST-S,4,8,7
581,18346,1:58:30,0,0.00,0,0.6200,0.1360,0.0347,0.0117,0,REST-S,4,8,7
581,18347,1:59:00,0,0.00,0,0.6200,0.1360,0.0347,0.0117,0,REST-S,4,8,7
581,18348,1:59:30,0,0.00,0,0.6400,0.1450,0.0347,0.0117,0,REST-S,4,8,7
581,18349,2:00:00,0,175.00,0,0.6400,0.1450,0.0347,0.0117,1,REST-S,4,8,7
581,18350,2:00:30,0,0.00,0,0.6200,0.1360,0.0347,0.0117,0,REST-S,4,8,7
581,18351,2:01:00,0,0.00,0,0.6200,0.1360,0.0347,0.0117,0,REST-S,4,8,7
581,18352,2:01:30,0,0.00,0,0.6200,0.1360,0.0347,0.0117,0,REST-S,4,8,7
581,18353,2:02:00,0,0.00,0,0.6200,0.1360,0.0347,0.0117,0,REST-S,4,8,7
581,18354,2:02:30,0,0.00,0,0.6200,0.1360,0.0347,0.0117,0,REST-S,4,8,7
581,18355,2:03:00,0,0.00,0,0.6200,0.1360,0.0347,0.0117,0,REST-S,4,8,7
581,18356,2:03:30,0,0.00,0,0.6200,0.1360,0.0347,0.0117,0,REST-S,4,8,7
581,18357,2:04:00,0,0.00,0,0.6200,0.1360,0.0347,0.0117,0,REST-S,4,8,7
581,18358,2:04:30,0,0.00,0,0.6200,0.1360,0.0347,0.0117,0,REST-S,4,8,7
581,18359,2:05:00,0,151.00,0,0.6200,0.1360,0.0347,0.0117,1,REST-S,4,8,7
581,18360,2:05:30,0,0.00,0,0.6200,0.1360,0.0347,0.0117,0,REST-S,4,8,7
581,18361,2:06:00,0,0.00,0,0.6200,0.1360,0.0347,0.0117,0,REST-S,4,8,7
581,18362,2:06:30,0,0.00,0,0.6200,0.1360,0.0347,0.0117,0,REST-S,4,8,7
581,18363,2:07:00,0,0.00,0,0.6200,0.1360,0.0347,0.0117,0,REST-S,4,8,7
581,18364,2:07:30,0,0.00,0,0.6200,0.1360,0.0347,0.0117,0,REST-S,4,8,7
581,18365,2:08:00,0,0.00,0,0.6200,0.1360,0.0347,0.0117,0,REST-S,4,8,7
581,18366,2:08:30,0,0.00,0,0.6200,0.1360,0.0347,0.0117,0,REST-S,4,8,7
581,18367,2:09:00,0,0.00,0,0.6200,0.1360,0.0347,0.0117,0,REST-S,4,8,7
581,18368,2:09:30,0,0.00,0,0.6200,0.1360,0.0347,0.0117,0,REST-S,4,8,7
581,18369,2:10:00,0,0.00,0,0.6200,0.1360,0.0347,0.0117,0,REST-S,4,8,7
581,18370,2:10:30,0,0.00,0,0.6200,0.1360,0.0347,0.0117,0,REST-S,4,8,7
581,18371,2:11:00,0,0.00,0,0.6200,0.1360,0.0347,0.0117,0,REST-S,4,8,7
581,18372,2:11:30,0,0.00,0,0.6200,0.1360,0.0347,0.0117,1,REST-S,4,8,7
581,18373,2:12:00,0,35.00,0,0.6200,0.1360,0.0347,0.0117,1,REST-S,4,8,7
581,18374,2:12:30,0,214.00,0,0.6200,0.1360,0.0347,0.0117,1,REST-S,4,8,7
581,18375,2:13:00,0,0.00,0,0.6200,0.1360,0.0347,0.0117,1,REST-S,4,8,7
581,18376,2:13:30,0,0.00,0,0.6200,0.1360,0.0347,0.0117,1,REST-S,4,8,7
581,18377,2:14:00,0,0.00,0,0.6200,0.1360,0.0347,0.0117,0,REST-S,4,8,7
581,18378,2:14:30,0,0.00,0,0.6200,0.1360,0.0347,0.0117,0,REST-S,4,8,7
581,18379,2:15:00,0,0.00,0,0.6200,0.1360,0.0347,0.0117,0,REST-S,4,8,7
581,18380,2:15:30,0,0.00,0,0.6200,0.1360,0.0347,0.0117,0,REST-S,4,8,7
581,18381,2:16:00,0,0.00,0,0.6200,0.1360,0.0347,0.0117,0,REST-S,4,8,7
581,18382,2:16:30,0,0.00,0,0.6200,0.1360,0.0347,0.0117,0,REST-S,4,8,7
581,18383,2:17:00,0,0.00,0,0.6200,0.1360,0.0347,0.0117,0,REST-S,4,8,7
581,18384,2:17:30,0,59.00,0,0.6200,0.1360,0.0347,0.0117,1,REST-S,4,8,7
581,18385,2:18:00,0,0.00,0,0.5900,0.1220,0.0347,0.0117,0,REST-S,4,8,7
581,18386,2:18:30,0,0.00,0,0.5900,0.1220,0.0347,0.0117,0,REST-S,4,8,7
581,18387,2:19:00,0,0.00,0,0.6000,0.1300,0.0347,0.0117,0,REST-S,4,8,7
581,18388,2:19:30,0,0.00,0,0.6200,0.1360,0.0347,0.0117,0,REST-S,4,8,7
581,18389,2:20:00,0,0.00,0,0.6200,0.1360,0.0347,0.0117,0,REST-S,4,8,7
581,18390,2:20:30,0,0.00,0,0.6200,0.1360,0.0347,0.0117,0,REST-S,4,8,7
581,18391,2:21:00,0,0.00,0,0.6200,0.1360,0.0347,0.0117,0,REST-S,4,8,7
581,18392,2:21:30,0,0.00,0,0.6200,0.1360,0.0347,0.0117,0,REST-S,4,8,7
581,18393,2:22:00,0,13.00,0,0.6200,0.1360,0.0347,0.0117,0,REST-S,4,8,7
581,18394,2:22:30,0,13.00,0,0.6400,0.1450,0.0347,0.0117,0,REST-S,4,8,7
581,18395,2:23:00,0,0.00,0,0.6200,0.1360,0.0347,0.0117,0,REST-S,4,8,7
581,18396,2:23:30,0,0.00,0,0.6200,0.1360,0.0347,0.0117,0,REST-S,4,8,7
581,18397,2:24:00,0,0.00,0,0.6200,0.1360,0.0347,0.0117,0,REST-S,4,8,7
581,18398,2:24:30,0,0.00,0,0.6000,0.1300,0.0347,0.0117,0,REST-S,4,8,7
581,18399,2:25:00,0,0.00,0,0.6000,0.1300,0.0347,0.0117,0,REST-S,4,8,7
581,18400,2:25:30,0,0.00,0,0.6000,0.1300,0.0347,0.0117,0,REST-S,4,8,7
581,18401,2:26:00,0,0.00,0,0.6000,0.1300,0.0347,0.0117,0,REST-S,4,8,7
581,18402,2:26:30,0,25.00,0,0.6000,0.1300,0.0347,0.0117,1,REST-S,4,8,7
581,18403,2:27:00,0,11.00,0,0.6000,0.1300,0.0347,0.0117,0,REST-S,4,8,7
581,18404,2:27:30,0,0.00,0,0.6000,0.1300,0.0347,0.0117,0,REST-S,4,8,7
581,18405,2:28:00,0,0.00,0,0.6000,0.1300,0.0347,0.0117,0,REST-S,4,8,7
581,18406,2:28:30,0,0.00,0,0.5900,0.1220,0.0347,0.0117,0,REST-S,4,8,7
581,18407,2:29:00,0,0.00,0,0.5700,0.1140,0.0347,0.0117,0,REST-S,4,8,7
581,18408,2:29:30,0,0.00,0,0.5700,0.1140,0.0347,0.0117,0,REST-S,4,8,7
581,18409,2:30:00,0,0.00,0,0.5700,0.1140,0.0347,0.0117,0,REST-S,4,8,7
581,18410,2:30:30,0,0.00,0,0.5700,0.1140,0.0347,0.0117,0,REST-S,4,8,7
581,18411,2:31:00,0,0.00,0,0.5700,0.1140,0.0347,0.0117,0,REST-S,4,8,7
581,18412,2:31:30,0,0.00,0,0.5700,0.1140,0.0347,0.0117,0,REST-S,4,8,7
581,18413,2:32:00,0,0.00,0,0.5700,0.1140,0.0347,0.0117,0,REST-S,4,8,7
581,18414,2:32:30,0,0.00,0,0.5700,0.1140,0.0347,0.0117,0,REST-S,4,8,7
581,18415,2:33:00,0,0.00,0,0.5700,0.1140,0.0347,0.0117,1,REST-S,4,8,7
581,18416,2:33:30,0,18.00,0,0.5700,0.1140,0.0347,0.0117,1,REST-S,4,8,7
581,18417,2:34:00,0,278.00,0,0.4700,0.1140,0.0251,0.0000,1,REST-S,4,8,7
581,18418,2:34:30,0,0.00,0,0.5700,0.1140,0.0347,0.0117,1,REST-S,4,8,7
581,18419,2:35:00,0,0.00,0,0.5700,0.1140,0.0347,0.0117,1,REST-S,4,8,7
581,18420,2:35:30,0,0.00,0,0.5500,0.1070,0.0347,0.0117,0,REST-S,4,8,7
581,18421,2:36:00,0,0.00,0,0.5700,0.1140,0.0347,0.0117,0,REST-S,4,8,7
581,18422,2:36:30,0,0.00,0,0.5700,0.1140,0.0347,0.0117,0,REST-S,4,8,7
581,18423,2:37:00,0,0.00,0,0.5700,0.1140,0.0347,0.0117,0,REST-S,4,8,7
581,18424,2:37:30,0,0.00,0,0.5700,0.1140,0.0347,0.0117,0,REST-S,4,8,7
581,18425,2:38:00,0,0.00,0,0.5700,0.1140,0.0347,0.0117,0,REST-S,4,8,7
581,18426,2:38:30,0,0.00,0,0.5700,0.1140,0.0347,0.0117,0,REST-S,4,8,7
581,18427,2:39:00,0,0.00,0,0.5700,0.1140,0.0347,0.0117,0,REST-S,4,8,7
581,18428,2:39:30,0,0.00,0,0.5700,0.1140,0.0347,0.0117,0,REST-S,4,8,7
581,18429,2:40:00,0,0.00,0,0.5700,0.1140,0.0347,0.0117,0,REST-S,4,8,7
581,18430,2:40:30,0,0.00,0,0.5900,0.1220,0.0347,0.0117,0,REST-S,4,8,7
581,18431,2:41:00,0,0.00,0,0.5700,0.1140,0.0347,0.0117,0,REST-S,4,8,7
581,18432,2:41:30,0,0.00,0,0.5700,0.1140,0.0347,0.0117,0,REST-S,4,8,7
581,18433,2:42:00,0,0.00,0,0.5700,0.1140,0.0347,0.0117,0,REST-S,4,8,7
581,18434,2:42:30,0,0.00,0,0.5700,0.1140,0.0347,0.0117,0,REST-S,4,8,7
581,18435,2:43:00,0,0.00,0,0.5900,0.1220,0.0347,0.0117,0,REST-S,4,8,7
581,18436,2:43:30,0,0.00,0,0.5700,0.1140,0.0347,0.0117,0,REST-S,4,8,7
581,18437,2:44:00,0,0.00,0,0.5900,0.1220,0.0347,0.0117,0,REST-S,4,8,7
581,18438,2:44:30,0,0.00,0,0.5700,0.1140,0.0347,0.0117,0,REST-S,4,8,7
581,18439,2:45:00,0,0.00,0,0.5900,0.1220,0.0347,0.0117,0,REST-S,4,8,7
581,18440,2:45:30,0,0.00,0,0.5900,0.1220,0.0347,0.0117,0,REST-S,4,8,7
581,18441,2:46:00,0,0.00,0,0.5900,0.1220,0.0347,0.0117,0,REST-S,4,8,7
581,18442,2:46:30,0,0.00,0,0.5900,0.1220,0.0347,0.0117,0,REST-S,4,8,7
581,18443,2:47:00,0,0.00,0,0.5700,0.1140,0.0347,0.0117,0,REST-S,4,8,7
581,18444,2:47:30,0,0.00,0,0.5900,0.1220,0.0347,0.0117,0,REST-S,4,8,7
581,18445,2:48:00,0,0.00,0,0.5900,0.1220,0.0347,0.0117,0,REST-S,4,8,7
581,18446,2:48:30,0,0.00,0,0.5900,0.1220,0.0347,0.0117,0,REST-S,4,8,7
581,18447,2:49:00,0,0.00,0,0.5900,0.1220,0.0347,0.0117,0,REST-S,4,8,7
581,18448,2:49:30,0,0.00,0,0.5900,0.1220,0.0347,0.0117,0,REST-S,4,8,7
581,18449,2:50:00,0,0.00,0,0.5900,0.1220,0.0347,0.0117,0,REST-S,4,8,7
581,18450,2:50:30,0,0.00,0,0.5900,0.1220,0.0347,0.0117,0,REST-S,4,8,7
581,18451,2:51:00,0,0.00,0,0.5900,0.1220,0.0347,0.0117,0,REST-S,4,8,7
581,18452,2:51:30,0,0.00,0,0.5900,0.1220,0.0347,0.0117,0,REST-S,4,8,7
581,18453,2:52:00,0,0.00,0,0.5900,0.1220,0.0347,0.0117,0,REST-S,4,8,7
581,18454,2:52:30,0,0.00,0,0.5700,0.1140,0.0347,0.0117,0,REST-S,4,8,7
581,18455,2:53:00,0,0.00,0,0.5900,0.1220,0.0347,0.0117,0,REST-S,4,8,7
581,18456,2:53:30,0,0.00,0,0.5900,0.1220,0.0347,0.0117,0,REST-S,4,8,7
581,18457,2:54:00,0,0.00,0,0.5900,0.1220,0.0347,0.0117,0,REST-S,4,8,7
581,18458,2:54:30,0,0.00,0,0.5900,0.1220,0.0347,0.0117,0,REST-S,4,8,7
581,18459,2:55:00,0,0.00,0,0.5900,0.1220,0.0347,0.0117,0,REST-S,4,8,7
581,18460,2:55:30,0,0.00,0,0.5900,0.1220,0.0347,0.0117,0,REST-S,4,8,7
581,18461,2:56:00,0,0.00,0,0.5900,0.1220,0.0347,0.0117,0,REST-S,4,8,7
581,18462,2:56:30,0,0.00,0,0.5900,0.1220,0.0347,0.0117,0,REST-S,4,8,7
581,18463,2:57:00,0,0.00,0,0.5900,0.1220,0.0347,0.0117,0,REST-S,4,8,7
581,18464,2:57:30,0,0.00,0,0.5900,0.1220,0.0347,0.0117,0,REST-S,4,8,7
581,18465,2:58:00,0,0.00,0,0.5900,0.1220,0.0347,0.0117,0,REST-S,4,8,7
581,18466,2:58:30,0,0.00,0,0.5900,0.1220,0.0347,0.0117,0,REST-S,4,8,7
581,18467,2:59:00,0,0.00,0,0.5900,0.1220,0.0347,0.0117,0,REST-S,4,8,7
581,18468,2:59:30,0,6.00,0,0.5900,0.1220,0.0347,0.0117,0,REST-S,4,8,7
581,18469,3:00:00,0,0.00,0,0.5900,0.1220,0.0347,0.0117,0,REST-S,4,8,7
581,18470,3:00:30,0,0.00,0,0.5900,0.1220,0.0347,0.0117,0,REST-S,4,8,7
581,18471,3:01:00,0,0.00,0,0.6000,0.1300,0.0347,0.0117,0,REST-S,4,8,7
581,18472,3:01:30,0,0.00,0,0.6000,0.1300,0.0347,0.0117,0,REST-S,4,8,7
581,18473,3:02:00,0,0.00,0,0.6000,0.1300,0.0347,0.0117,0,REST-S,4,8,7
581,18474,3:02:30,0,0.00,0,0.6000,0.1300,0.0347,0.0117,0,REST-S,4,8,7
581,18475,3:03:00,0,0.00,0,0.6000,0.1300,0.0347,0.0117,0,REST-S,4,8,7
581,18476,3:03:30,0,0.00,0,0.6000,0.1300,0.0347,0.0117,0,REST-S,4,8,7
581,18477,3:04:00,0,0.00,0,0.6000,0.1300,0.0347,0.0117,0,REST-S,4,8,7
581,18478,3:04:30,0,0.00,0,0.6000,0.1300,0.0347,0.0117,0,REST-S,4,8,7
581,18479,3:05:00,0,0.00,0,0.6000,0.1300,0.0347,0.0117,0,REST-S,4,8,7
581,18480,3:05:30,0,0.00,0,0.6000,0.1300,0.0347,0.0117,0,REST-S,4,8,7
581,18481,3:06:00,0,0.00,0,0.6000,0.1300,0.0347,0.0117,0,REST-S,4,8,7
581,18482,3:06:30,0,0.00,0,0.6000,0.1300,0.0347,0.0117,0,REST-S,4,8,7
581,18483,3:07:00,0,0.00,0,0.6000,0.1300,0.0347,0.0117,0,REST-S,4,8,7
581,18484,3:07:30,0,0.00,0,0.5900,0.1220,0.0347,0.0117,0,REST-S,4,8,7
581,18485,3:08:00,0,0.00,0,0.5900,0.1220,0.0347,0.0117,0,REST-S,4,8,7
581,18486,3:08:30,0,0.00,0,0.6000,0.1300,0.0347,0.0117,0,REST-S,4,8,7
581,18487,3:09:00,0,0.00,0,0.6000,0.1300,0.0347,0.0117,0,REST-S,4,8,7
581,18488,3:09:30,0,0.00,0,0.6000,0.1300,0.0347,0.0117,0,REST-S,4,8,7
581,18489,3:10:00,0,0.00,0,0.6000,0.1300,0.0347,0.0117,0,REST-S,4,8,7
581,18490,3:10:30,0,0.00,0,0.6000,0.1300,0.0347,0.0117,0,REST-S,4,8,7
581,18491,3:11:00,0,0.00,0,0.6000,0.1300,0.0347,0.0117,0,REST-S,4,8,7
581,18492,3:11:30,0,0.00,0,0.6000,0.1300,0.0347,0.0117,0,REST-S,4,8,7
581,18493,3:12:00,0,0.00,0,0.6000,0.1300,0.0347,0.0117,0,REST-S,4,8,7
581,18494,3:12:30,0,0.00,0,0.6000,0.1300,0.0347,0.0117,0,REST-S,4,8,7
581,18495,3:13:00,0,0.00,0,0.6000,0.1300,0.0347,0.0117,0,REST-S,4,8,7
581,18496,3:13:30,0,0.00,0,0.6000,0.1300,0.0347,0.0117,0,REST-S,4,8,7
581,18497,3:14:00,0,0.00,0,0.6000,0.1300,0.0347,0.0117,0,REST-S,4,8,7
581,18498,3:14:30,0,0.00,0,0.6000,0.1300,0.0347,0.0117,0,REST-S,4,8,7
581,18499,3:15:00,0,0.00,0,0.6400,0.1450,0.0347,0.0117,0,REST-S,4,8,7
581,18500,3:15:30,0,0.00,0,0.6400,0.1450,0.0347,0.0117,0,REST-S,4,8,7
581,18501,3:16:00,0,0.00,0,0.6400,0.1450,0.0347,0.0117,0,REST-S,4,8,7
581,18502,3:16:30,0,0.00,0,0.6400,0.1450,0.0347,0.0117,0,REST-S,4,8,7
581,18503,3:17:00,0,0.00,0,0.6400,0.1450,0.0347,0.0117,0,REST-S,4,8,7
581,18504,3:17:30,0,0.00,0,0.6400,0.1450,0.0347,0.0117,0,REST-S,4,8,7
581,18505,3:18:00,0,0.00,0,0.6500,0.1510,0.0347,0.0117,0,REST-S,4,8,7
581,18506,3:18:30,0,0.00,0,0.6500,0.1510,0.0347,0.0117,0,REST-S,4,8,7
581,18507,3:19:00,0,0.00,0,0.6400,0.1450,0.0347,0.0117,0,REST-S,4,8,7
581,18508,3:19:30,0,28.00,0,0.6400,0.1450,0.0347,0.0117,1,REST-S,4,8,7
581,18509,3:20:00,0,0.00,0,0.6400,0.1450,0.0347,0.0117,0,REST-S,4,8,7
581,18510,3:20:30,0,0.00,0,0.6400,0.1450,0.0347,0.0117,0,REST-S,4,8,7
581,18511,3:21:00,0,0.00,0,0.6400,0.1450,0.0347,0.0117,0,REST-S,4,8,7
581,18512,3:21:30,0,0.00,0,0.6200,0.1360,0.0347,0.0117,0,REST-S,4,8,7
581,18513,3:22:00,0,0.00,0,0.6200,0.1360,0.0347,0.0117,0,REST-S,4,8,7
581,18514,3:22:30,0,0.00,0,0.6200,0.1360,0.0347,0.0117,0,REST-S,4,8,7
581,18515,3:23:00,0,0.00,0,0.6400,0.1450,0.0347,0.0117,0,REST-S,4,8,7
581,18516,3:23:30,0,0.00,0,0.6400,0.1450,0.0347,0.0117,0,REST-S,4,8,7
581,18517,3:24:00,0,0.00,0,0.6200,0.1360,0.0347,0.0117,0,REST-S,4,8,7
581,18518,3:24:30,0,0.00,0,0.6400,0.1450,0.0347,0.0117,0,REST-S,4,8,7
581,18519,3:25:00,0,0.00,0,0.6400,0.1450,0.0347,0.0117,0,REST-S,4,8,7
581,18520,3:25:30,0,0.00,0,0.6200,0.1360,0.0347,0.0117,0,REST-S,4,8,7
581,18521,3:26:00,0,0.00,0,0.6400,0.1450,0.0347,0.0117,0,REST-S,4,8,7
581,18522,3:26:30,0,0.00,0,0.6400,0.1450,0.0347,0.0117,0,REST-S,4,8,7
581,18523,3:27:00,0,0.00,0,0.6200,0.1360,0.0347,0.0117,0,REST-S,4,8,7
581,18524,3:27:30,0,0.00,0,0.6200,0.1360,0.0347,0.0117,0,REST-S,4,8,7
581,18525,3:28:00,0,0.00,0,0.6200,0.1360,0.0347,0.0117,0,REST-S,4,8,7
581,18526,3:28:30,0,0.00,0,0.6200,0.1360,0.0347,0.0117,0,REST-S,4,8,7
581,18527,3:29:00,0,0.00,0,0.6200,0.1360,0.0347,0.0117,0,REST-S,4,8,7
581,18528,3:29:30,0,0.00,0,0.6200,0.1360,0.0347,0.0117,0,REST-S,4,8,7
581,18529,3:30:00,0,0.00,0,0.6200,0.1360,0.0347,0.0117,0,REST-S,4,8,7
581,18530,3:30:30,0,0.00,0,0.6200,0.1360,0.0347,0.0117,0,REST-S,4,8,7
581,18531,3:31:00,0,0.00,0,0.6200,0.1360,0.0347,0.0117,0,REST-S,4,8,7
581,18532,3:31:30,0,0.00,0,0.6200,0.1360,0.0347,0.0117,0,REST-S,4,8,7
581,18533,3:32:00,0,0.00,0,0.6400,0.1450,0.0347,0.0117,0,REST-S,4,8,7
581,18534,3:32:30,0,0.00,0,0.6400,0.1450,0.0347,0.0117,0,REST-S,4,8,7
581,18535,3:33:00,0,0.00,0,0.6200,0.1360,0.0347,0.0117,0,REST-S,4,8,7
581,18536,3:33:30,0,0.00,0,0.6200,0.1360,0.0347,0.0117,0,REST-S,4,8,7
581,18537,3:34:00,0,0.00,0,0.6200,0.1360,0.0347,0.0117,0,REST-S,4,8,7
581,18538,3:34:30,0,0.00,0,0.6400,0.1450,0.0347,0.0117,0,REST-S,4,8,7
581,18539,3:35:00,0,0.00,0,0.6400,0.1450,0.0347,0.0117,0,REST-S,4,8,7
581,18540,3:35:30,0,0.00,0,0.6400,0.1450,0.0347,0.0117,0,REST-S,4,8,7
581,18541,3:36:00,0,0.00,0,0.6400,0.1450,0.0347,0.0117,0,REST-S,4,8,7
581,18542,3:36:30,0,0.00,0,0.6400,0.1450,0.0347,0.0117,0,REST-S,4,8,7
581,18543,3:37:00,0,0.00,0,0.6400,0.1450,0.0347,0.0117,0,REST-S,4,8,7
581,18544,3:37:30,0,0.00,0,0.6200,0.1360,0.0347,0.0117,0,REST-S,4,8,7
581,18545,3:38:00,0,0.00,0,0.6000,0.1300,0.0347,0.0117,0,REST-S,4,8,7
581,18546,3:38:30,0,0.00,0,0.6200,0.1360,0.0347,0.0117,0,REST-S,4,8,7
581,18547,3:39:00,0,0.00,0,0.6200,0.1360,0.0347,0.0117,0,REST-S,4,8,7
581,18548,3:39:30,0,0.00,0,0.6200,0.1360,0.0347,0.0117,0,REST-S,4,8,7
581,18549,3:40:00,0,0.00,0,0.6200,0.1360,0.0347,0.0117,0,REST-S,4,8,7
581,18550,3:40:30,0,0.00,0,0.6200,0.1360,0.0347,0.0117,0,REST-S,4,8,7
581,18551,3:41:00,0,20.00,0,0.6200,0.1360,0.0347,0.0117,1,REST-S,4,8,7
581,18552,3:41:30,0,114.00,0,0.6200,0.1360,0.0347,0.0117,1,REST-S,4,8,7
581,18553,3:42:00,0,79.00,0,0.6200,0.1360,0.0347,0.0117,1,REST-S,4,8,7
581,18554,3:42:30,0,0.00,0,0.6000,0.1300,0.0347,0.0117,1,REST-S,4,8,7
581,18555,3:43:00,0,0.00,0,0.5900,0.1220,0.0347,0.0117,0,REST-S,4,8,7
581,18556,3:43:30,0,0.00,0,0.5900,0.1220,0.0347,0.0117,0,REST-S,4,8,7
581,18557,3:44:00,0,0.00,0,0.5900,0.1220,0.0347,0.0117,0,REST-S,4,8,7
581,18558,3:44:30,0,68.00,0,0.5900,0.1220,0.0347,0.0117,1,REST-S,4,8,7
581,18559,3:45:00,0,0.00,0,0.5900,0.1220,0.0347,0.0117,0,REST-S,4,8,7
581,18560,3:45:30,0,0.00,0,0.5900,0.1220,0.0347,0.0117,0,REST-S,4,8,7
581,18561,3:46:00,0,0.00,0,0.5900,0.1220,0.0347,0.0117,0,REST-S,4,8,7
581,18562,3:46:30,0,0.00,0,0.5900,0.1220,0.0347,0.0117,0,REST-S,4,8,7
581,18563,3:47:00,0,0.00,0,0.5900,0.1220,0.0347,0.0117,0,REST-S,4,8,7
581,18564,3:47:30,0,0.00,0,0.5900,0.1220,0.0347,0.0117,0,REST-S,4,8,7
581,18565,3:48:00,0,0.00,0,0.5900,0.1220,0.0347,0.0117,0,REST-S,4,8,7
581,18566,3:48:30,0,0.00,0,0.6200,0.1360,0.0347,0.0117,0,REST-S,4,8,7
581,18567,3:49:00,0,0.00,0,0.6200,0.1360,0.0347,0.0117,0,REST-S,4,8,7
581,18568,3:49:30,0,0.00,0,0.6200,0.1360,0.0347,0.0117,0,REST-S,4,8,7
581,18569,3:50:00,0,0.00,0,0.6200,0.1360,0.0347,0.0117,0,REST-S,4,8,7
581,18570,3:50:30,0,0.00,0,0.6200,0.1360,0.0347,0.0117,0,REST-S,4,8,7
581,18571,3:51:00,0,0.00,0,0.6200,0.1360,0.0347,0.0117,0,REST-S,4,8,7
581,18572,3:51:30,0,0.00,0,0.6200,0.1360,0.0347,0.0117,0,REST-S,4,8,7
581,18573,3:52:00,0,0.00,0,0.6200,0.1360,0.0347,0.0117,0,REST-S,4,8,7
581,18574,3:52:30,0,0.00,0,0.6200,0.1360,0.0347,0.0117,0,REST-S,4,8,7
581,18575,3:53:00,0,0.00,0,0.6200,0.1360,0.0347,0.0117,0,REST-S,4,8,7
581,18576,3:53:30,0,0.00,0,0.6200,0.1360,0.0347,0.0117,0,REST-S,4,8,7
581,18577,3:54:00,0,0.00,0,0.6200,0.1360,0.0347,0.0117,0,REST-S,4,8,7
581,18578,3:54:30,0,0.00,0,0.6200,0.1360,0.0347,0.0117,0,REST-S,4,8,7
581,18579,3:55:00,0,0.00,0,0.6200,0.1360,0.0347,0.0117,0,REST-S,4,8,7
581,18580,3:55:30,0,0.00,0,0.5900,0.1220,0.0347,0.0117,0,REST-S,4,8,7
581,18581,3:56:00,0,0.00,0,0.5900,0.1220,0.0347,0.0117,0,REST-S,4,8,7
581,18582,3:56:30,0,0.00,0,0.6000,0.1300,0.0347,0.0117,0,REST-S,4,8,7
581,18583,3:57:00,0,0.00,0,0.6000,0.1300,0.0347,0.0117,0,REST-S,4,8,7
581,18584,3:57:30,0,0.00,0,0.6200,0.1360,0.0347,0.0117,0,REST-S,4,8,7
581,18585,3:58:00,0,0.00,0,0.6200,0.1360,0.0347,0.0117,0,REST-S,4,8,7
581,18586,3:58:30,0,0.00,0,0.6200,0.1360,0.0347,0.0117,0,REST-S,4,8,7
581,18587,3:59:00,0,0.00,0,0.5900,0.1220,0.0347,0.0117,0,REST-S,4,8,7
581,18588,3:59:30,0,0.00,0,0.5900,0.1220,0.0347,0.0117,0,REST-S,4,8,7
581,18589,4:00:00,0,0.00,0,0.5900,0.1220,0.0347,0.0117,0,REST-S,4,8,7
581,18590,4:00:30,0,0.00,0,0.5900,0.1220,0.0347,0.0117,0,REST-S,4,8,7
581,18591,4:01:00,0,0.00,0,0.5900,0.1220,0.0347,0.0117,0,REST-S,4,8,7
581,18592,4:01:30,0,0.00,0,0.5900,0.1220,0.0347,0.0117,0,REST-S,4,8,7
581,18593,4:02:00,0,0.00,0,0.5900,0.1220,0.0347,0.0117,0,REST-S,4,8,7
581,18594,4:02:30,0,0.00,0,0.5900,0.1220,0.0347,0.0117,0,REST-S,4,8,7
581,18595,4:03:00,0,0.00,0,0.5900,0.1220,0.0347,0.0117,0,REST-S,4,8,7
581,18596,4:03:30,0,0.00,0,0.5900,0.1220,0.0347,0.0117,0,REST-S,4,8,7
581,18597,4:04:00,0,0.00,0,0.5900,0.1220,0.0347,0.0117,0,REST-S,4,8,7
581,18598,4:04:30,0,0.00,0,0.5900,0.1220,0.0347,0.0117,0,REST-S,4,8,7
581,18599,4:05:00,0,0.00,0,0.5900,0.1220,0.0347,0.0117,0,REST-S,4,8,7
581,18600,4:05:30,0,0.00,0,0.5900,0.1220,0.0347,0.0117,0,REST-S,4,8,7
581,18601,4:06:00,0,0.00,0,0.5900,0.1220,0.0347,0.0117,0,REST-S,4,8,7
581,18602,4:06:30,0,0.00,0,0.5900,0.1220,0.0347,0.0117,0,REST-S,4,8,7
581,18603,4:07:00,0,0.00,0,0.5900,0.1220,0.0347,0.0117,0,REST-S,4,8,7
581,18604,4:07:30,0,0.00,0,0.5900,0.1220,0.0347,0.0117,0,REST-S,4,8,7
581,18605,4:08:00,0,0.00,0,0.5900,0.1220,0.0347,0.0117,0,REST-S,4,8,7
581,18606,4:08:30,0,0.00,0,0.5900,0.1220,0.0347,0.0117,0,REST-S,4,8,7
581,18607,4:09:00,0,0.00,0,0.5900,0.1220,0.0347,0.0117,0,REST-S,4,8,7
581,18608,4:09:30,0,0.00,0,0.5900,0.1220,0.0347,0.0117,0,REST-S,4,8,7
581,18609,4:10:00,0,0.00,0,0.5900,0.1220,0.0347,0.0117,0,REST-S,4,8,7
581,18610,4:10:30,0,0.00,0,0.5900,0.1220,0.0347,0.0117,0,REST-S,4,8,7
581,18611,4:11:00,0,0.00,0,0.5900,0.1220,0.0347,0.0117,0,REST-S,4,8,7
581,18612,4:11:30,0,0.00,0,0.5900,0.1220,0.0347,0.0117,0,REST-S,4,8,7
581,18613,4:12:00,0,0.00,0,0.5900,0.1220,0.0347,0.0117,0,REST-S,4,8,7
581,18614,4:12:30,0,0.00,0,0.5900,0.1220,0.0347,0.0117,0,REST-S,4,8,7
581,18615,4:13:00,0,0.00,0,0.5900,0.1220,0.0347,0.0117,0,REST-S,4,8,7
581,18616,4:13:30,0,0.00,0,0.5900,0.1220,0.0347,0.0117,0,REST-S,4,8,7
581,18617,4:14:00,0,0.00,0,0.5900,0.1220,0.0347,0.0117,0,REST-S,4,8,7
581,18618,4:14:30,0,0.00,0,0.5900,0.1220,0.0347,0.0117,0,REST-S,4,8,7
581,18619,4:15:00,0,0.00,0,0.5700,0.1140,0.0347,0.0117,0,REST-S,4,8,7
581,18620,4:15:30,0,0.00,0,0.5900,0.1220,0.0347,0.0117,0,REST-S,4,8,7
581,18621,4:16:00,0,0.00,0,0.5900,0.1220,0.0347,0.0117,0,REST-S,4,8,7
581,18622,4:16:30,0,0.00,0,0.5900,0.1220,0.0347,0.0117,0,REST-S,4,8,7
581,18623,4:17:00,0,0.00,0,0.5900,0.1220,0.0347,0.0117,0,REST-S,4,8,7
581,18624,4:17:30,0,0.00,0,0.5900,0.1220,0.0347,0.0117,0,REST-S,4,8,7
581,18625,4:18:00,0,0.00,0,0.5900,0.1220,0.0347,0.0117,0,REST-S,4,8,7
581,18626,4:18:30,0,0.00,0,0.5900,0.1220,0.0347,0.0117,0,REST-S,4,8,7
581,18627,4:19:00,0,0.00,0,0.5900,0.1220,0.0347,0.0117,0,REST-S,4,8,7
581,18628,4:19:30,0,0.00,0,0.5900,0.1220,0.0347,0.0117,0,REST-S,4,8,7
581,18629,4:20:00,0,0.00,0,0.5900,0.1220,0.0347,0.0117,0,REST-S,4,8,7
581,18630,4:20:30,0,0.00,0,0.5900,0.1220,0.0347,0.0117,0,REST-S,4,8,7
581,18631,4:21:00,0,0.00,0,0.5900,0.1220,0.0347,0.0117,0,REST-S,4,8,7
581,18632,4:21:30,0,0.00,0,0.5900,0.1220,0.0347,0.0117,0,REST-S,4,8,7
581,18633,4:22:00,0,0.00,0,0.5900,0.1220,0.0347,0.0117,0,REST-S,4,8,7
581,18634,4:22:30,0,0.00,0,0.5900,0.1220,0.0347,0.0117,0,REST-S,4,8,7
581,18635,4:23:00,0,0.00,0,0.5900,0.1220,0.0347,0.0117,0,REST-S,4,8,7
581,18636,4:23:30,0,0.00,0,0.5900,0.1220,0.0347,0.0117,0,REST-S,4,8,7
581,18637,4:24:00,0,0.00,0,0.5900,0.1220,0.0347,0.0117,0,REST-S,4,8,7
581,18638,4:24:30,0,0.00,0,0.5900,0.1220,0.0347,0.0117,0,REST-S,4,8,7
581,18639,4:25:00,0,0.00,0,0.5900,0.1220,0.0347,0.0117,0,REST-S,4,8,7
581,18640,4:25:30,0,0.00,0,0.5900,0.1220,0.0347,0.0117,0,REST-S,4,8,7
581,18641,4:26:00,0,0.00,0,0.5900,0.1220,0.0347,0.0117,0,REST-S,4,8,7
581,18642,4:26:30,0,0.00,0,0.5900,0.1220,0.0347,0.0117,0,REST-S,4,8,7
581,18643,4:27:00,0,0.00,0,0.5900,0.1220,0.0347,0.0117,0,REST-S,4,8,7
581,18644,4:27:30,0,0.00,0,0.5900,0.1220,0.0347,0.0117,0,REST-S,4,8,7
581,18645,4:28:00,0,0.00,0,0.5900,0.1220,0.0347,0.0117,0,REST-S,4,8,7
581,18646,4:28:30,0,7.00,0,0.5900,0.1220,0.0347,0.0117,0,REST-S,4,8,7
581,18647,4:29:00,0,2.00,0,0.5900,0.1220,0.0347,0.0117,0,REST-S,4,8,7
581,18648,4:29:30,0,0.00,0,0.5900,0.1220,0.0347,0.0117,0,REST-S,4,8,7
581,18649,4:30:00,0,0.00,0,0.5900,0.1220,0.0347,0.0117,0,REST-S,4,8,7
581,18650,4:30:30,0,0.00,0,0.5900,0.1220,0.0347,0.0117,0,REST-S,4,8,7
581,18651,4:31:00,0,0.00,0,0.5900,0.1220,0.0347,0.0117,0,REST-S,4,8,7
581,18652,4:31:30,0,0.00,0,0.5900,0.1220,0.0347,0.0117,0,REST-S,4,8,7
581,18653,4:32:00,0,0.00,0,0.5900,0.1220,0.0347,0.0117,0,REST-S,4,8,7
581,18654,4:32:30,0,0.00,0,0.5900,0.1220,0.0347,0.0117,0,REST-S,4,8,7
581,18655,4:33:00,0,0.00,0,0.6200,0.1360,0.0347,0.0117,0,REST-S,4,8,7
581,18656,4:33:30,0,0.00,0,0.6200,0.1360,0.0347,0.0117,0,REST-S,4,8,7
581,18657,4:34:00,0,0.00,0,0.6200,0.1360,0.0347,0.0117,0,REST-S,4,8,7
581,18658,4:34:30,0,0.00,0,0.6200,0.1360,0.0347,0.0117,0,REST-S,4,8,7
581,18659,4:35:00,0,1.00,0,0.6200,0.1360,0.0347,0.0117,0,REST-S,4,8,7
581,18660,4:35:30,0,93.00,0,0.6000,0.1300,0.0347,0.0117,1,REST-S,4,8,7
581,18661,4:36:00,0,0.00,0,0.5900,0.1220,0.0347,0.0117,0,REST-S,4,8,7
581,18662,4:36:30,0,0.00,0,0.5900,0.1220,0.0347,0.0117,0,REST-S,4,8,7
581,18663,4:37:00,0,29.00,0,0.5900,0.1220,0.0347,0.0117,1,REST-S,4,8,7
581,18664,4:37:30,0,25.00,0,0.5700,0.1140,0.0347,0.0117,1,REST-S,4,8,7
581,18665,4:38:00,0,0.00,0,0.5900,0.1220,0.0347,0.0117,0,REST-S,4,8,7
581,18666,4:38:30,0,0.00,0,0.6200,0.1360,0.0347,0.0117,0,REST-S,4,8,7
581,18667,4:39:00,0,0.00,0,0.6200,0.1360,0.0347,0.0117,0,REST-S,4,8,7
581,18668,4:39:30,0,1.00,0,0.6000,0.1300,0.0347,0.0117,0,REST-S,4,8,7
581,18669,4:40:00,0,0.00,0,0.6200,0.1360,0.0347,0.0117,0,REST-S,4,8,7
581,18670,4:40:30,0,0.00,0,0.6000,0.1300,0.0347,0.0117,0,REST-S,4,8,7
581,18671,4:41:00,0,0.00,0,0.6000,0.1300,0.0347,0.0117,0,REST-S,4,8,7
581,18672,4:41:30,0,0.00,0,0.6200,0.1360,0.0347,0.0117,0,REST-S,4,8,7
581,18673,4:42:00,0,79.00,0,0.6200,0.1360,0.0347,0.0117,1,REST-S,4,8,7
581,18674,4:42:30,0,0.00,0,0.6200,0.1360,0.0347,0.0117,0,REST-S,4,8,7
581,18675,4:43:00,0,0.00,0,0.6000,0.1300,0.0347,0.0117,0,REST-S,4,8,7
581,18676,4:43:30,0,0.00,0,0.6000,0.1300,0.0347,0.0117,0,REST-S,4,8,7
581,18677,4:44:00,0,0.00,0,0.6000,0.1300,0.0347,0.0117,0,REST-S,4,8,7
581,18678,4:44:30,0,0.00,0,0.6200,0.1360,0.0347,0.0117,0,REST-S,4,8,7
581,18679,4:45:00,0,0.00,0,0.6200,0.1360,0.0347,0.0117,0,REST-S,4,8,7
581,18680,4:45:30,0,0.00,0,0.6200,0.1360,0.0347,0.0117,0,REST-S,4,8,7
581,18681,4:46:00,0,0.00,0,0.6200,0.1360,0.0347,0.0117,0,REST-S,4,8,7
581,18682,4:46:30,0,0.00,0,0.6000,0.1300,0.0347,0.0117,0,REST-S,4,8,7
581,18683,4:47:00,0,0.00,0,0.6200,0.1360,0.0347,0.0117,0,REST-S,4,8,7
581,18684,4:47:30,0,0.00,0,0.6000,0.1300,0.0347,0.0117,0,REST-S,4,8,7
581,18685,4:48:00,0,0.00,0,0.6200,0.1360,0.0347,0.0117,0,REST-S,4,8,7
581,18686,4:48:30,0,0.00,0,0.6000,0.1300,0.0347,0.0117,0,REST-S,4,8,7
581,18687,4:49:00,0,0.00,0,0.6200,0.1360,0.0347,0.0117,0,REST-S,4,8,7
581,18688,4:49:30,0,0.00,0,0.6000,0.1300,0.0347,0.0117,0,REST-S,4,8,7
581,18689,4:50:00,0,0.00,0,0.6200,0.1360,0.0347,0.0117,0,REST-S,4,8,7
581,18690,4:50:30,0,0.00,0,0.6000,0.1300,0.0347,0.0117,0,REST-S,4,8,7
581,18691,4:51:00,0,0.00,0,0.6200,0.1360,0.0347,0.0117,1,REST-S,4,8,7
581,18692,4:51:30,0,0.00,0,0.6000,0.1300,0.0347,0.0117,1,REST-S,4,8,7
581,18693,4:52:00,0,181.00,0,0.6200,0.1360,0.0347,0.0117,1,REST-S,4,8,7
581,18694,4:52:30,0,100.00,0,0.6200,0.1360,0.0347,0.0117,1,REST-S,4,8,7
581,18695,4:53:00,0,0.00,0,0.6000,0.1300,0.0347,0.0117,1,REST-S,4,8,7
581,18696,4:53:30,0,0.00,0,0.6000,0.1300,0.0347,0.0117,0,REST-S,4,8,7
581,18697,4:54:00,0,0.00,0,0.6000,0.1300,0.0347,0.0117,0,REST-S,4,8,7
581,18698,4:54:30,0,0.00,0,0.3300,0.1450,0.0000,0.0117,0,REST-S,4,8,7
581,18699,4:55:00,0,0.00,0,0.6000,0.1300,0.0347,0.0117,0,REST-S,4,8,7
581,18700,4:55:30,0,0.00,0,0.6200,0.1360,0.0347,0.0117,0,REST-S,4,8,7
581,18701,4:56:00,0,0.00,0,0.6200,0.1360,0.0347,0.0117,0,REST-S,4,8,7
581,18702,4:56:30,0,0.00,0,0.6200,0.1360,0.0347,0.0117,0,REST-S,4,8,7
581,18703,4:57:00,0,0.00,0,0.6000,0.1300,0.0347,0.0117,0,REST-S,4,8,7
581,18704,4:57:30,0,0.00,0,0.5900,0.1220,0.0347,0.0117,0,REST-S,4,8,7
581,18705,4:58:00,0,0.00,0,0.5700,0.1140,0.0347,0.0117,0,REST-S,4,8,7
581,18706,4:58:30,0,0.00,0,0.5700,0.1140,0.0347,0.0117,0,REST-S,4,8,7
581,18707,4:59:00,0,0.00,0,0.5700,0.1140,0.0347,0.0117,0,REST-S,4,8,7
581,18708,4:59:30,0,0.00,0,0.5900,0.1220,0.0347,0.0117,0,REST-S,4,8,7
581,18709,5:00:00,0,0.00,0,0.5900,0.1220,0.0347,0.0117,0,REST-S,4,8,7
581,18710,5:00:30,0,0.00,0,0.5900,0.1220,0.0347,0.0117,0,REST-S,4,8,7
581,18711,5:01:00,0,0.00,0,0.5700,0.1140,0.0347,0.0117,0,REST-S,4,8,7
581,18712,5:01:30,0,0.00,0,0.5900,0.1220,0.0347,0.0117,0,REST-S,4,8,7
581,18713,5:02:00,0,0.00,0,0.5900,0.1220,0.0347,0.0117,0,REST-S,4,8,7
581,18714,5:02:30,0,0.00,0,0.5900,0.1220,0.0347,0.0117,0,REST-S,4,8,7
581,18715,5:03:00,0,0.00,0,0.5700,0.1140,0.0347,0.0117,0,REST-S,4,8,7
581,18716,5:03:30,0,0.00,0,0.5900,0.1220,0.0347,0.0117,0,REST-S,4,8,7
581,18717,5:04:00,0,0.00,0,0.5900,0.1220,0.0347,0.0117,0,REST-S,4,8,7
581,18718,5:04:30,0,0.00,0,0.5900,0.1220,0.0347,0.0117,0,REST-S,4,8,7
581,18719,5:05:00,0,0.00,0,0.5900,0.1220,0.0347,0.0117,0,REST-S,4,8,7
581,18720,5:05:30,0,0.00,0,0.5900,0.1220,0.0347,0.0117,0,REST-S,4,8,7
581,18721,5:06:00,0,0.00,0,0.5900,0.1220,0.0347,0.0117,0,REST-S,4,8,7
581,18722,5:06:30,0,0.00,0,0.5900,0.1220,0.0347,0.0117,0,REST-S,4,8,7
581,18723,5:07:00,0,0.00,0,0.5900,0.1220,0.0347,0.0117,0,REST-S,4,8,7
581,18724,5:07:30,0,0.00,0,0.5900,0.1220,0.0347,0.0117,0,REST-S,4,8,7
581,18725,5:08:00,0,0.00,0,0.5900,0.1220,0.0347,0.0117,0,REST-S,4,8,7
581,18726,5:08:30,0,0.00,0,0.5900,0.1220,0.0347,0.0117,0,REST-S,4,8,7
581,18727,5:09:00,0,0.00,0,0.5900,0.1220,0.0347,0.0117,0,REST-S,4,8,7
581,18728,5:09:30,0,0.00,0,0.5900,0.1220,0.0347,0.0117,0,REST-S,4,8,7
581,18729,5:10:00,0,0.00,0,0.5700,0.1140,0.0347,0.0117,0,REST-S,4,8,7
581,18730,5:10:30,0,0.00,0,0.5900,0.1220,0.0347,0.0117,0,REST-S,4,8,7
581,18731,5:11:00,0,4.00,0,0.5900,0.1220,0.0347,0.0117,0,REST-S,4,8,7
581,18732,5:11:30,0,0.00,0,0.5900,0.1220,0.0347,0.0117,0,REST-S,4,8,7
581,18733,5:12:00,0,0.00,0,0.5900,0.1220,0.0347,0.0117,0,REST-S,4,8,7
581,18734,5:12:30,0,7.00,0,0.5900,0.1220,0.0347,0.0117,0,REST-S,4,8,7
581,18735,5:13:00,0,0.00,0,0.5900,0.1220,0.0347,0.0117,0,REST-S,4,8,7
581,18736,5:13:30,0,0.00,0,0.5900,0.1220,0.0347,0.0117,0,REST-S,4,8,7
581,18737,5:14:00,0,0.00,0,0.5900,0.1220,0.0347,0.0117,0,REST-S,4,8,7
581,18738,5:14:30,0,0.00,0,0.5900,0.1220,0.0347,0.0117,0,REST-S,4,8,7
581,18739,5:15:00,0,0.00,0,0.6000,0.1300,0.0347,0.0117,0,REST-S,4,8,7
581,18740,5:15:30,0,0.00,0,0.6200,0.1360,0.0347,0.0117,0,REST-S,4,8,7
581,18741,5:16:00,0,0.00,0,0.6200,0.1360,0.0347,0.0117,0,REST-S,4,8,7
581,18742,5:16:30,0,0.00,0,0.6000,0.1300,0.0347,0.0117,0,REST-S,4,8,7
581,18743,5:17:00,0,0.00,0,0.6200,0.1360,0.0347,0.0117,0,REST-S,4,8,7
581,18744,5:17:30,0,0.00,0,0.6200,0.1360,0.0347,0.0117,0,REST-S,4,8,7
581,18745,5:18:00,0,0.00,0,0.6200,0.1360,0.0347,0.0117,0,REST-S,4,8,7
581,18746,5:18:30,0,0.00,0,0.6200,0.1360,0.0347,0.0117,0,REST-S,4,8,7
581,18747,5:19:00,0,0.00,0,0.6200,0.1360,0.0347,0.0117,0,REST-S,4,8,7
581,18748,5:19:30,0,0.00,0,0.6000,0.1300,0.0347,0.0117,0,REST-S,4,8,7
581,18749,5:20:00,0,0.00,0,0.6200,0.1360,0.0347,0.0117,0,REST-S,4,8,7
581,18750,5:20:30,0,0.00,0,0.6000,0.1300,0.0347,0.0117,0,REST-S,4,8,7
581,18751,5:21:00,0,0.00,0,0.6200,0.1360,0.0347,0.0117,0,REST-S,4,8,7
581,18752,5:21:30,0,0.00,0,0.6200,0.1360,0.0347,0.0117,0,REST-S,4,8,7
581,18753,5:22:00,0,0.00,0,0.6200,0.1360,0.0347,0.0117,0,REST-S,4,8,7
581,18754,5:22:30,0,0.00,0,0.6000,0.1300,0.0347,0.0117,0,REST-S,4,8,7
581,18755,5:23:00,0,0.00,0,0.6200,0.1360,0.0347,0.0117,0,REST-S,4,8,7
581,18756,5:23:30,0,0.00,0,0.6200,0.1360,0.0347,0.0117,0,REST-S,4,8,7
581,18757,5:24:00,0,0.00,0,0.6400,0.1450,0.0347,0.0117,0,REST-S,4,8,7
581,18758,5:24:30,0,0.00,0,0.6400,0.1450,0.0347,0.0117,0,REST-S,4,8,7
581,18759,5:25:00,0,0.00,0,0.6000,0.1300,0.0347,0.0117,0,REST-S,4,8,7
581,18760,5:25:30,0,0.00,0,0.6000,0.1300,0.0347,0.0117,0,REST-S,4,8,7
581,18761,5:26:00,0,0.00,0,0.6000,0.1300,0.0347,0.0117,0,REST-S,4,8,7
581,18762,5:26:30,0,0.00,0,0.5900,0.1220,0.0347,0.0117,0,REST-S,4,8,7
581,18763,5:27:00,0,0.00,0,0.5900,0.1220,0.0347,0.0117,0,REST-S,4,8,7
581,18764,5:27:30,0,0.00,0,0.5900,0.1220,0.0347,0.0117,0,REST-S,4,8,7
581,18765,5:28:00,0,0.00,0,0.5700,0.1140,0.0347,0.0117,0,REST-S,4,8,7
581,18766,5:28:30,0,0.00,0,0.5900,0.1220,0.0347,0.0117,0,REST-S,4,8,7
581,18767,5:29:00,0,0.00,0,0.5700,0.1140,0.0347,0.0117,0,REST-S,4,8,7
581,18768,5:29:30,0,0.00,0,0.5900,0.1220,0.0347,0.0117,0,REST-S,4,8,7
581,18769,5:30:00,0,0.00,0,0.5900,0.1220,0.0347,0.0117,0,REST-S,4,8,7
581,18770,5:30:30,0,0.00,0,0.5900,0.1220,0.0347,0.0117,0,REST-S,4,8,7
581,18771,5:31:00,0,0.00,0,0.5900,0.1220,0.0347,0.0117,0,REST-S,4,8,7
581,18772,5:31:30,0,0.00,0,0.5900,0.1220,0.0347,0.0117,0,REST-S,4,8,7
581,18773,5:32:00,0,0.00,0,0.6000,0.1300,0.0347,0.0117,0,REST-S,4,8,7
581,18774,5:32:30,0,0.00,0,0.5900,0.1220,0.0347,0.0117,0,REST-S,4,8,7
581,18775,5:33:00,0,0.00,0,0.6000,0.1300,0.0347,0.0117,0,REST-S,4,8,7
581,18776,5:33:30,0,0.00,0,0.5900,0.1220,0.0347,0.0117,0,REST-S,4,8,7
581,18777,5:34:00,0,0.00,0,0.5900,0.1220,0.0347,0.0117,0,REST-S,4,8,7
581,18778,5:34:30,0,0.00,0,0.5900,0.1220,0.0347,0.0117,0,REST-S,4,8,7
581,18779,5:35:00,0,0.00,0,0.5900,0.1220,0.0347,0.0117,0,REST-S,4,8,7
581,18780,5:35:30,0,0.00,0,0.5900,0.1220,0.0347,0.0117,0,REST-S,4,8,7
581,18781,5:36:00,0,0.00,0,0.5900,0.1220,0.0347,0.0117,0,REST-S,4,8,7
581,18782,5:36:30,0,0.00,0,0.5900,0.1220,0.0347,0.0117,0,REST-S,4,8,7
581,18783,5:37:00,0,0.00,0,0.5900,0.1220,0.0347,0.0117,0,REST-S,4,8,7
581,18784,5:37:30,0,0.00,0,0.5900,0.1220,0.0347,0.0117,0,REST-S,4,8,7
581,18785,5:38:00,0,0.00,0,0.5900,0.1220,0.0347,0.0117,0,REST-S,4,8,7
581,18786,5:38:30,0,0.00,0,0.5900,0.1220,0.0347,0.0117,0,REST-S,4,8,7
581,18787,5:39:00,0,0.00,0,0.6000,0.1300,0.0347,0.0117,0,REST-S,4,8,7
581,18788,5:39:30,0,0.00,0,0.5900,0.1220,0.0347,0.0117,0,REST-S,4,8,7
581,18789,5:40:00,0,0.00,0,0.5900,0.1220,0.0347,0.0117,0,REST-S,4,8,7
581,18790,5:40:30,0,0.00,0,0.6000,0.1300,0.0347,0.0117,0,REST-S,4,8,7
581,18791,5:41:00,0,0.00,0,0.6000,0.1300,0.0347,0.0117,0,REST-S,4,8,7
581,18792,5:41:30,0,0.00,0,0.5900,0.1220,0.0347,0.0117,0,REST-S,4,8,7
581,18793,5:42:00,0,0.00,0,0.5900,0.1220,0.0347,0.0117,0,REST-S,4,8,7
581,18794,5:42:30,0,0.00,0,0.5700,0.1140,0.0347,0.0117,0,REST-S,4,8,7
581,18795,5:43:00,0,0.00,0,0.5700,0.1140,0.0347,0.0117,0,REST-S,4,8,7
581,18796,5:43:30,0,0.00,0,0.5700,0.1140,0.0347,0.0117,0,REST-S,4,8,7
581,18797,5:44:00,0,0.00,0,0.5700,0.1140,0.0347,0.0117,0,REST-S,4,8,7
581,18798,5:44:30,0,4.00,0,0.5700,0.1140,0.0347,0.0117,0,REST-S,4,8,7
581,18799,5:45:00,0,0.00,0,0.5700,0.1140,0.0347,0.0117,0,REST-S,4,8,7
581,18800,5:45:30,0,0.00,0,0.5700,0.1140,0.0347,0.0117,0,REST-S,4,8,7
581,18801,5:46:00,0,0.00,0,0.5700,0.1140,0.0347,0.0117,0,REST-S,4,8,7
581,18802,5:46:30,0,0.00,0,0.5700,0.1140,0.0347,0.0117,0,REST-S,4,8,7
581,18803,5:47:00,0,0.00,0,0.5700,0.1140,0.0347,0.0117,0,REST-S,4,8,7
581,18804,5:47:30,0,0.00,0,0.5700,0.1140,0.0347,0.0117,0,REST-S,4,8,7
581,18805,5:48:00,0,0.00,0,0.5700,0.1140,0.0347,0.0117,0,REST-S,4,8,7
581,18806,5:48:30,0,0.00,0,0.5700,0.1140,0.0347,0.0117,0,REST-S,4,8,7
581,18807,5:49:00,0,0.00,0,0.5700,0.1140,0.0347,0.0117,0,REST-S,4,8,7
581,18808,5:49:30,0,0.00,0,0.5700,0.1140,0.0347,0.0117,0,REST-S,4,8,7
581,18809,5:50:00,0,0.00,0,0.5700,0.1140,0.0347,0.0117,0,REST-S,4,8,7
581,18810,5:50:30,0,0.00,0,0.5700,0.1140,0.0347,0.0117,0,REST-S,4,8,7
581,18811,5:51:00,0,0.00,0,0.6000,0.1300,0.0347,0.0117,0,REST-S,4,8,7
581,18812,5:51:30,0,0.00,0,0.6200,0.1360,0.0347,0.0117,0,REST-S,4,8,7
581,18813,5:52:00,0,0.00,0,0.6200,0.1360,0.0347,0.0117,0,REST-S,4,8,7
581,18814,5:52:30,0,0.00,0,0.6000,0.1300,0.0347,0.0117,0,REST-S,4,8,7
581,18815,5:53:00,0,0.00,0,0.6000,0.1300,0.0347,0.0117,0,REST-S,4,8,7
581,18816,5:53:30,0,0.00,0,0.6000,0.1300,0.0347,0.0117,0,REST-S,4,8,7
581,18817,5:54:00,0,0.00,0,0.5900,0.1220,0.0347,0.0117,0,REST-S,4,8,7
581,18818,5:54:30,0,0.00,0,0.5700,0.1140,0.0347,0.0117,0,REST-S,4,8,7
581,18819,5:55:00,0,18.00,0,0.5700,0.1140,0.0347,0.0117,0,REST-S,4,8,7
581,18820,5:55:30,0,0.00,0,0.5700,0.1140,0.0347,0.0117,0,REST-S,4,8,7
581,18821,5:56:00,0,0.00,0,0.5700,0.1140,0.0347,0.0117,0,REST-S,4,8,7
581,18822,5:56:30,0,1.00,0,0.5700,0.1140,0.0347,0.0117,0,REST-S,4,8,7
581,18823,5:57:00,0,0.00,0,0.5700,0.1140,0.0347,0.0117,0,REST-S,4,8,7
581,18824,5:57:30,0,0.00,0,0.5700,0.1140,0.0347,0.0117,0,REST-S,4,8,7
581,18825,5:58:00,0,0.00,0,0.5700,0.1140,0.0347,0.0117,0,REST-S,4,8,7
581,18826,5:58:30,0,0.00,0,0.5700,0.1140,0.0347,0.0117,0,REST-S,4,8,7
581,18827,5:59:00,0,0.00,0,0.5700,0.1140,0.0347,0.0117,0,REST-S,4,8,7
581,18828,5:59:30,0,0.00,0,0.5700,0.1140,0.0347,0.0117,0,REST-S,4,8,7
581,18829,6:00:00,0,0.00,0,0.5500,0.1070,0.0347,0.0117,0,REST-S,4,8,7
581,18830,6:00:30,0,0.00,0,0.5500,0.1070,0.0347,0.0117,0,REST-S,4,8,7
581,18831,6:01:00,0,0.00,0,0.5700,0.1140,0.0347,0.0117,0,REST-S,4,8,7
581,18832,6:01:30,0,0.00,0,0.5700,0.1140,0.0347,0.0117,0,REST-S,4,8,7
581,18833,6:02:00,0,0.00,0,0.5700,0.1140,0.0347,0.0117,1,REST-S,4,8,7
581,18834,6:02:30,0,42.00,0,0.5700,0.1140,0.0347,0.0117,1,REST-S,4,8,7
581,18835,6:03:00,0,288.00,0,0.5700,0.1140,0.0347,0.0117,1,REST-S,4,8,7
581,18836,6:03:30,0,0.00,0,0.5700,0.1140,0.0347,0.0117,1,REST-S,4,8,7
581,18837,6:04:00,0,0.00,0,0.5900,0.1220,0.0347,0.0117,1,REST-S,4,8,7
581,18838,6:04:30,0,0.00,0,0.5900,0.1220,0.0347,0.0117,0,REST-S,4,8,7
581,18839,6:05:00,0,0.00,0,0.5900,0.1220,0.0347,0.0117,0,REST-S,4,8,7
581,18840,6:05:30,0,0.00,0,0.5900,0.1220,0.0347,0.0117,0,REST-S,4,8,7
581,18841,6:06:00,0,0.00,0,0.5900,0.1220,0.0347,0.0117,0,REST-S,4,8,7
581,18842,6:06:30,0,0.00,0,0.5900,0.1220,0.0347,0.0117,0,REST-S,4,8,7
581,18843,6:07:00,0,0.00,0,0.5900,0.1220,0.0347,0.0117,0,REST-S,4,8,7
581,18844,6:07:30,0,0.00,0,0.5900,0.1220,0.0347,0.0117,0,REST-S,4,8,7
581,18845,6:08:00,0,0.00,0,0.5900,0.1220,0.0347,0.0117,0,REST-S,4,8,7
581,18846,6:08:30,0,0.00,0,0.5900,0.1220,0.0347,0.0117,0,REST-S,4,8,7
581,18847,6:09:00,0,0.00,0,0.5900,0.1220,0.0347,0.0117,0,REST-S,4,8,7
581,18848,6:09:30,0,0.00,0,0.6000,0.1300,0.0347,0.0117,0,REST-S,4,8,7
581,18849,6:10:00,0,0.00,0,0.5900,0.1220,0.0347,0.0117,0,REST-S,4,8,7
581,18850,6:10:30,0,0.00,0,0.5900,0.1220,0.0347,0.0117,0,REST-S,4,8,7
581,18851,6:11:00,0,0.00,0,0.5900,0.1220,0.0347,0.0117,0,REST-S,4,8,7
581,18852,6:11:30,0,0.00,0,0.5900,0.1220,0.0347,0.0117,0,REST-S,4,8,7
581,18853,6:12:00,0,0.00,0,0.5900,0.1220,0.0347,0.0117,0,REST-S,4,8,7
581,18854,6:12:30,0,63.00,0,0.3300,0.1450,0.0000,0.0117,1,REST-S,4,8,7
581,18855,6:13:00,0,0.00,0,0.5900,0.1220,0.0347,0.0117,0,REST-S,4,8,7
581,18856,6:13:30,0,0.00,0,0.5900,0.1220,0.0347,0.0117,0,REST-S,4,8,7
581,18857,6:14:00,0,0.00,0,0.6000,0.1300,0.0347,0.0117,0,REST-S,4,8,7
581,18858,6:14:30,0,0.00,0,0.5900,0.1220,0.0347,0.0117,0,REST-S,4,8,7
581,18859,6:15:00,0,0.00,0,0.5900,0.1220,0.0347,0.0117,0,REST-S,4,8,7
581,18860,6:15:30,0,0.00,0,0.5900,0.1220,0.0347,0.0117,0,REST-S,4,8,7
581,18861,6:16:00,0,0.00,0,0.5900,0.1220,0.0347,0.0117,0,REST-S,4,8,7
581,18862,6:16:30,0,0.00,0,0.5900,0.1220,0.0347,0.0117,0,REST-S,4,8,7
581,18863,6:17:00,0,0.00,0,0.5900,0.1220,0.0347,0.0117,0,REST-S,4,8,7
581,18864,6:17:30,0,15.00,0,0.6000,0.1300,0.0347,0.0117,1,REST-S,4,8,7
581,18865,6:18:00,0,157.00,0,0.6200,0.1360,0.0347,0.0117,1,REST-S,4,8,7
581,18866,6:18:30,0,0.00,0,0.6200,0.1360,0.0347,0.0117,0,REST-S,4,8,7
581,18867,6:19:00,0,0.00,0,0.6200,0.1360,0.0347,0.0117,0,REST-S,4,8,7
581,18868,6:19:30,0,0.00,0,0.6200,0.1360,0.0347,0.0117,0,REST-S,4,8,7
581,18869,6:20:00,0,0.00,0,0.6200,0.1360,0.0347,0.0117,0,REST-S,4,8,7
581,18870,6:20:30,0,0.00,0,0.6200,0.1360,0.0347,0.0117,0,REST-S,4,8,7
581,18871,6:21:00,0,0.00,0,0.6000,0.1300,0.0347,0.0117,0,REST-S,4,8,7
581,18872,6:21:30,0,26.00,0,0.5900,0.1220,0.0347,0.0117,1,REST-S,4,8,7
581,18873,6:22:00,0,63.00,0,0.5900,0.1220,0.0347,0.0117,1,REST-S,4,8,7
581,18874,6:22:30,0,0.00,0,0.5900,0.1220,0.0347,0.0117,0,REST-S,4,8,7
581,18875,6:23:00,0,0.00,0,0.5900,0.1220,0.0347,0.0117,0,REST-S,4,8,7
581,18876,6:23:30,0,0.00,0,0.5900,0.1220,0.0347,0.0117,0,REST-S,4,8,7
581,18877,6:24:00,0,0.00,0,0.5900,0.1220,0.0347,0.0117,0,REST-S,4,8,7
581,18878,6:24:30,0,0.00,0,0.5900,0.1220,0.0347,0.0117,0,REST-S,4,8,7
581,18879,6:25:00,0,0.00,0,0.5900,0.1220,0.0347,0.0117,0,REST-S,4,8,7
581,18880,6:25:30,0,0.00,0,0.5900,0.1220,0.0347,0.0117,0,REST-S,4,8,7
581,18881,6:26:00,0,0.00,0,0.5900,0.1220,0.0347,0.0117,0,REST-S,4,8,7
581,18882,6:26:30,0,0.00,0,0.5900,0.1220,0.0347,0.0117,0,REST-S,4,8,7
581,18883,6:27:00,0,0.00,0,0.5900,0.1220,0.0347,0.0117,0,REST-S,4,8,7
581,18884,6:27:30,0,0.00,0,0.5900,0.1220,0.0347,0.0117,0,REST-S,4,8,7
581,18885,6:28:00,0,0.00,0,0.5900,0.1220,0.0347,0.0117,0,REST-S,4,8,7
581,18886,6:28:30,0,0.00,0,0.5900,0.1220,0.0347,0.0117,0,REST-S,4,8,7
581,18887,6:29:00,0,0.00,0,0.5900,0.1220,0.0347,0.0117,0,REST-S,4,8,7
581,18888,6:29:30,0,0.00,0,0.5900,0.1220,0.0347,0.0117,0,REST-S,4,8,7
581,18889,6:30:00,0,0.00,0,0.5900,0.1220,0.0347,0.0117,0,REST-S,4,8,7
581,18890,6:30:30,0,0.00,0,0.5900,0.1220,0.0347,0.0117,0,REST-S,4,8,7
581,18891,6:31:00,0,0.00,0,0.5900,0.1220,0.0347,0.0117,0,REST-S,4,8,7
581,18892,6:31:30,0,0.00,0,0.5900,0.1220,0.0347,0.0117,0,REST-S,4,8,7
581,18893,6:32:00,0,0.00,0,0.5900,0.1220,0.0347,0.0117,0,REST-S,4,8,7
581,18894,6:32:30,0,38.00,0,0.5900,0.1220,0.0347,0.0117,1,REST-S,4,8,7
581,18895,6:33:00,0,70.00,0,0.5900,0.1220,0.0347,0.0117,1,REST-S,4,8,7
581,18896,6:33:30,0,0.00,0,0.5700,0.1140,0.0347,0.0117,0,REST-S,4,8,7
581,18897,6:34:00,0,0.00,0,0.5700,0.1140,0.0347,0.0117,0,REST-S,4,8,7
581,18898,6:34:30,0,0.00,0,0.5700,0.1140,0.0347,0.0117,0,REST-S,4,8,7
581,18899,6:35:00,0,0.00,0,0.5900,0.1220,0.0347,0.0117,0,REST-S,4,8,7
581,18900,6:35:30,0,20.00,0,0.5900,0.1220,0.0347,0.0117,1,REST-S,4,8,7
581,18901,6:36:00,0,54.00,0,0.5900,0.1220,0.0347,0.0117,1,REST-S,4,8,7
581,18902,6:36:30,0,0.00,0,0.5900,0.1220,0.0347,0.0117,0,REST-S,4,8,7
581,18903,6:37:00,0,0.00,0,0.5900,0.1220,0.0347,0.0117,0,REST-S,4,8,7
581,18904,6:37:30,0,0.00,0,0.5900,0.1220,0.0347,0.0117,0,REST-S,4,8,7
581,18905,6:38:00,0,0.00,0,0.5900,0.1220,0.0347,0.0117,0,REST-S,4,8,7
581,18906,6:38:30,0,0.00,0,0.5900,0.1220,0.0347,0.0117,0,REST-S,4,8,7
581,18907,6:39:00,0,0.00,0,0.5900,0.1220,0.0347,0.0117,0,REST-S,4,8,7
581,18908,6:39:30,0,0.00,0,0.5900,0.1220,0.0347,0.0117,0,REST-S,4,8,7
581,18909,6:40:00,0,0.00,0,0.5900,0.1220,0.0347,0.0117,0,REST-S,4,8,7
581,18910,6:40:30,0,0.00,0,0.5900,0.1220,0.0347,0.0117,0,REST-S,4,8,7
581,18911,6:41:00,0,0.00,0,0.6200,0.1360,0.0347,0.0117,0,REST-S,4,8,7
581,18912,6:41:30,0,0.00,0,0.6000,0.1300,0.0347,0.0117,0,REST-S,4,8,7
581,18913,6:42:00,0,0.00,0,0.6000,0.1300,0.0347,0.0117,0,REST-S,4,8,7
581,18914,6:42:30,0,110.00,0,0.6200,0.1360,0.0347,0.0117,1,REST-S,4,8,7
581,18915,6:43:00,0,0.00,0,0.6000,0.1300,0.0347,0.0117,0,REST-S,4,8,7
581,18916,6:43:30,0,0.00,0,0.6000,0.1300,0.0347,0.0117,0,REST-S,4,8,7
581,18917,6:44:00,0,0.00,0,0.6000,0.1300,0.0347,0.0117,0,REST-S,4,8,7
581,18918,6:44:30,0,0.00,0,0.6000,0.1300,0.0347,0.0117,0,REST-S,4,8,7
581,18919,6:45:00,0,0.00,0,0.6000,0.1300,0.0347,0.0117,0,REST-S,4,8,7
581,18920,6:45:30,0,0.00,0,0.6000,0.1300,0.0347,0.0117,0,REST-S,4,8,7
581,18921,6:46:00,0,0.00,0,0.6000,0.1300,0.0347,0.0117,0,REST-S,4,8,7
581,18922,6:46:30,0,0.00,0,0.6000,0.1300,0.0347,0.0117,0,REST-S,4,8,7
581,18923,6:47:00,0,0.00,0,0.6200,0.1360,0.0347,0.0117,0,REST-S,4,8,7
581,18924,6:47:30,0,1.00,0,0.6200,0.1360,0.0347,0.0117,0,REST-S,4,8,7
581,18925,6:48:00,0,0.00,0,0.6000,0.1300,0.0347,0.0117,0,REST-S,4,8,7
581,18926,6:48:30,0,0.00,0,0.6200,0.1360,0.0347,0.0117,0,REST-S,4,8,7
581,18927,6:49:00,0,0.00,0,0.6000,0.1300,0.0347,0.0117,0,REST-S,4,8,7
581,18928,6:49:30,0,0.00,0,0.6200,0.1360,0.0347,0.0117,0,REST-S,4,8,7
581,18929,6:50:00,0,0.00,0,0.6200,0.1360,0.0347,0.0117,0,REST-S,4,8,7
581,18930,6:50:30,0,0.00,0,0.6200,0.1360,0.0347,0.0117,0,REST-S,4,8,7
581,18931,6:51:00,0,0.00,0,0.6000,0.1300,0.0347,0.0117,0,REST-S,4,8,7
581,18932,6:51:30,0,0.00,0,0.5900,0.1220,0.0347,0.0117,0,REST-S,4,8,7
581,18933,6:52:00,0,0.00,0,0.5900,0.1220,0.0347,0.0117,0,REST-S,4,8,7
581,18934,6:52:30,0,0.00,0,0.5900,0.1220,0.0347,0.0117,0,REST-S,4,8,7
581,18935,6:53:00,0,0.00,0,0.5900,0.1220,0.0347,0.0117,0,REST-S,4,8,7
581,18936,6:53:30,0,0.00,0,0.6200,0.1360,0.0347,0.0117,0,REST-S,4,8,7
581,18937,6:54:00,0,0.00,0,0.6200,0.1360,0.0347,0.0117,0,REST-S,4,8,7
581,18938,6:54:30,0,0.00,0,0.6200,0.1360,0.0347,0.0117,0,REST-S,4,8,7
581,18939,6:55:00,0,0.00,0,0.6200,0.1360,0.0347,0.0117,0,REST-S,4,8,7
581,18940,6:55:30,0,0.00,0,0.6200,0.1360,0.0347,0.0117,0,REST-S,4,8,7
581,18941,6:56:00,0,0.00,0,0.6200,0.1360,0.0347,0.0117,0,REST-S,4,8,7
581,18942,6:56:30,0,0.00,0,0.6400,0.1450,0.0347,0.0117,0,REST-S,4,8,7
581,18943,6:57:00,0,0.00,0,0.6200,0.1360,0.0347,0.0117,0,REST-S,4,8,7
581,18944,6:57:30,0,0.00,0,0.6200,0.1360,0.0347,0.0117,0,REST-S,4,8,7
581,18945,6:58:00,0,0.00,0,0.6200,0.1360,0.0347,0.0117,0,REST-S,4,8,7
581,18946,6:58:30,0,0.00,0,0.6000,0.1300,0.0347,0.0117,0,REST-S,4,8,7
581,18947,6:59:00,0,0.00,0,0.5900,0.1220,0.0347,0.0117,0,REST-S,4,8,7
581,18948,6:59:30,0,0.00,0,0.5900,0.1220,0.0347,0.0117,0,REST-S,4,8,7
581,18949,7:00:00,0,0.00,0,0.5900,0.1220,0.0347,0.0117,0,REST-S,4,8,7
581,18950,7:00:30,0,0.00,0,0.5900,0.1220,0.0347,0.0117,0,REST-S,4,8,7
581,18951,7:01:00,0,0.00,0,0.5900,0.1220,0.0347,0.0117,0,REST-S,4,8,7
581,18952,7:01:30,0,0.00,0,0.5900,0.1220,0.0347,0.0117,0,REST-S,4,8,7
581,18953,7:02:00,0,0.00,0,0.5900,0.1220,0.0347,0.0117,0,REST-S,4,8,7
581,18954,7:02:30,0,0.00,0,0.5900,0.1220,0.0347,0.0117,0,REST-S,4,8,7
581,18955,7:03:00,0,0.00,0,0.5900,0.1220,0.0347,0.0117,0,REST-S,4,8,7
581,18956,7:03:30,0,0.00,0,0.6000,0.1300,0.0347,0.0117,0,REST-S,4,8,7
581,18957,7:04:00,0,0.00,0,0.5900,0.1220,0.0347,0.0117,0,REST-S,4,8,7
581,18958,7:04:30,0,0.00,0,0.5900,0.1220,0.0347,0.0117,0,REST-S,4,8,7
581,18959,7:05:00,0,0.00,0,0.5900,0.1220,0.0347,0.0117,0,REST-S,4,8,7
581,18960,7:05:30,0,0.00,0,0.5900,0.1220,0.0347,0.0117,0,REST-S,4,8,7
581,18961,7:06:00,0,0.00,0,0.5900,0.1220,0.0347,0.0117,0,REST-S,4,8,7
581,18962,7:06:30,0,0.00,0,0.5900,0.1220,0.0347,0.0117,0,REST-S,4,8,7
581,18963,7:07:00,0,0.00,0,0.5900,0.1220,0.0347,0.0117,0,REST-S,4,8,7
581,18964,7:07:30,0,0.00,0,0.5900,0.1220,0.0347,0.0117,0,REST-S,4,8,7
581,18965,7:08:00,0,0.00,0,0.5900,0.1220,0.0347,0.0117,0,REST-S,4,8,7
581,18966,7:08:30,0,0.00,0,0.5900,0.1220,0.0347,0.0117,0,REST-S,4,8,7
581,18967,7:09:00,0,0.00,0,0.5900,0.1220,0.0347,0.0117,0,REST-S,4,8,7
581,18968,7:09:30,0,0.00,0,0.6000,0.1300,0.0347,0.0117,0,REST-S,4,8,7
581,18969,7:10:00,0,0.00,0,0.5900,0.1220,0.0347,0.0117,0,REST-S,4,8,7
581,18970,7:10:30,0,0.00,0,0.5900,0.1220,0.0347,0.0117,0,REST-S,4,8,7
581,18971,7:11:00,0,0.00,0,0.5900,0.1220,0.0347,0.0117,0,REST-S,4,8,7
581,18972,7:11:30,0,0.00,0,0.5900,0.1220,0.0347,0.0117,0,REST-S,4,8,7
581,18973,7:12:00,0,0.00,0,0.6000,0.1300,0.0347,0.0117,0,REST-S,4,8,7
581,18974,7:12:30,0,0.00,0,0.5900,0.1220,0.0347,0.0117,0,REST-S,4,8,7
581,18975,7:13:00,0,0.00,0,0.5900,0.1220,0.0347,0.0117,0,REST-S,4,8,7
581,18976,7:13:30,0,0.00,0,0.5900,0.1220,0.0347,0.0117,0,REST-S,4,8,7
581,18977,7:14:00,0,0.00,0,0.5900,0.1220,0.0347,0.0117,0,REST-S,4,8,7
581,18978,7:14:30,0,0.00,0,0.5900,0.1220,0.0347,0.0117,0,REST-S,4,8,7
581,18979,7:15:00,0,0.00,0,0.5900,0.1220,0.0347,0.0117,0,REST-S,4,8,7
581,18980,7:15:30,0,0.00,0,0.5900,0.1220,0.0347,0.0117,0,REST-S,4,8,7
581,18981,7:16:00,0,0.00,0,0.5900,0.1220,0.0347,0.0117,0,REST-S,4,8,7
581,18982,7:16:30,0,0.00,0,0.6000,0.1300,0.0347,0.0117,0,REST-S,4,8,7
581,18983,7:17:00,0,0.00,0,0.5900,0.1220,0.0347,0.0117,0,REST-S,4,8,7
581,18984,7:17:30,0,0.00,0,0.5900,0.1220,0.0347,0.0117,0,REST-S,4,8,7
581,18985,7:18:00,0,0.00,0,0.5900,0.1220,0.0347,0.0117,0,REST-S,4,8,7
581,18986,7:18:30,0,0.00,0,0.5900,0.1220,0.0347,0.0117,0,REST-S,4,8,7
581,18987,7:19:00,0,93.00,0,0.5900,0.1220,0.0347,0.0117,1,REST-S,4,8,7
581,18988,7:19:30,0,0.00,0,0.5900,0.1220,0.0347,0.0117,0,REST-S,4,8,7
581,18989,7:20:00,0,0.00,0,0.5900,0.1220,0.0347,0.0117,0,REST-S,4,8,7
581,18990,7:20:30,0,0.00,0,0.5900,0.1220,0.0347,0.0117,0,REST-S,4,8,7
581,18991,7:21:00,0,0.00,0,0.5900,0.1220,0.0347,0.0117,0,REST-S,4,8,7
581,18992,7:21:30,0,0.00,0,0.5900,0.1220,0.0347,0.0117,0,REST-S,4,8,7
581,18993,7:22:00,0,0.00,0,0.5700,0.1140,0.0347,0.0117,0,REST-S,4,8,7
581,18994,7:22:30,0,0.00,0,0.5900,0.1220,0.0347,0.0117,0,REST-S,4,8,7
581,18995,7:23:00,0,0.00,0,0.5900,0.1220,0.0347,0.0117,0,REST-S,4,8,7
581,18996,7:23:30,0,0.00,0,0.5900,0.1220,0.0347,0.0117,0,REST-S,4,8,7
581,18997,7:24:00,0,0.00,0,0.5900,0.1220,0.0347,0.0117,0,REST-S,4,8,7
581,18998,7:24:30,0,0.00,0,0.5900,0.1220,0.0347,0.0117,0,REST-S,4,8,7
581,18999,7:25:00,0,0.00,0,0.5900,0.1220,0.0347,0.0117,0,REST-S,4,8,7
581,19000,7:25:30,0,0.00,0,0.5900,0.1220,0.0347,0.0117,0,REST-S,4,8,7
581,19001,7:26:00,0,1.00,0,0.5700,0.1140,0.0347,0.0117,0,REST-S,4,8,7
581,19002,7:26:30,0,0.00,0,0.5700,0.1140,0.0347,0.0117,0,REST-S,4,8,7
581,19003,7:27:00,0,0.00,0,0.5700,0.1140,0.0347,0.0117,0,REST-S,4,8,7
581,19004,7:27:30,0,0.00,0,0.5700,0.1140,0.0347,0.0117,0,REST-S,4,8,7
581,19005,7:28:00,0,0.00,0,0.5700,0.1140,0.0347,0.0117,0,REST-S,4,8,7
581,19006,7:28:30,0,0.00,0,0.6000,0.1300,0.0347,0.0117,0,REST-S,4,8,7
581,19007,7:29:00,0,0.00,0,0.5100,0.1300,0.0251,0.0000,0,REST-S,4,8,7
581,19008,7:29:30,0,0.00,0,0.6000,0.1300,0.0347,0.0117,0,REST-S,4,8,7
581,19009,7:30:00,0,0.00,0,0.6200,0.1360,0.0347,0.0117,0,REST-S,4,8,7
581,19010,7:30:30,0,0.00,0,0.6000,0.1300,0.0347,0.0117,0,REST-S,4,8,7
581,19011,7:31:00,0,0.00,0,0.6200,0.1360,0.0347,0.0117,0,REST-S,4,8,7
581,19012,7:31:30,0,0.00,0,0.6000,0.1300,0.0347,0.0117,0,REST-S,4,8,7
581,19013,7:32:00,0,0.00,0,0.6000,0.1300,0.0347,0.0117,0,REST-S,4,8,7
581,19014,7:32:30,0,0.00,0,0.6000,0.1300,0.0347,0.0117,0,REST-S,4,8,7
581,19015,7:33:00,0,0.00,0,0.6000,0.1300,0.0347,0.0117,0,REST-S,4,8,7
581,19016,7:33:30,0,0.00,0,0.6000,0.1300,0.0347,0.0117,0,REST-S,4,8,7
581,19017,7:34:00,0,0.00,0,0.6000,0.1300,0.0347,0.0117,0,REST-S,4,8,7
581,19018,7:34:30,0,16.00,0,0.6000,0.1300,0.0347,0.0117,0,REST-S,4,8,7
581,19019,7:35:00,0,0.00,0,0.5100,0.1300,0.0251,0.0000,0,REST-S,4,8,7
581,19020,7:35:30,0,0.00,0,0.5100,0.1300,0.0251,0.0000,0,REST-S,4,8,7
581,19021,7:36:00,0,0.00,0,0.5900,0.1220,0.0347,0.0117,0,REST-S,4,8,7
581,19022,7:36:30,0,0.00,0,0.5900,0.1220,0.0347,0.0117,0,REST-S,4,8,7
581,19023,7:37:00,0,0.00,0,0.5100,0.1300,0.0251,0.0000,0,REST-S,4,8,7
581,19024,7:37:30,0,0.00,0,0.6000,0.1300,0.0347,0.0117,0,REST-S,4,8,7
581,19025,7:38:00,0,0.00,0,0.6000,0.1300,0.0347,0.0117,0,REST-S,4,8,7
581,19026,7:38:30,0,0.00,0,0.5200,0.1360,0.0251,0.0000,0,REST-S,4,8,7
581,19027,7:39:00,0,0.00,0,0.5700,0.1140,0.0347,0.0117,0,REST-S,4,8,7
581,19028,7:39:30,0,0.00,0,0.4700,0.1140,0.0251,0.0000,0,REST-S,4,8,7
581,19029,7:40:00,0,6.00,0,0.3000,0.1300,0.0000,0.0117,0,REST-S,4,8,7
581,19030,7:40:30,0,0.00,0,0.4700,0.1140,0.0251,0.0000,0,REST-S,4,8,7
581,19031,7:41:00,0,0.00,0,0.5700,0.1140,0.0347,0.0117,0,REST-S,4,8,7
581,19032,7:41:30,0,0.00,0,0.5700,0.1140,0.0347,0.0117,0,REST-S,4,8,7
581,19033,7:42:00,0,0.00,0,0.5900,0.1220,0.0347,0.0117,0,REST-S,4,8,7
581,19034,7:42:30,0,0.00,0,0.5700,0.1140,0.0347,0.0117,0,REST-S,4,8,7
581,19035,7:43:00,0,0.00,0,0.4700,0.1140,0.0251,0.0000,0,REST-S,4,8,7
581,19036,7:43:30,0,100.00,0,0.5900,0.1220,0.0347,0.0117,1,REST-S,4,8,7
581,19037,7:44:00,0,0.00,0,0.5700,0.1140,0.0347,0.0117,0,REST-S,4,8,7
581,19038,7:44:30,0,0.00,0,0.5900,0.1220,0.0347,0.0117,0,REST-S,4,8,7
581,19039,7:45:00,0,0.00,0,0.5700,0.1140,0.0347,0.0117,0,REST-S,4,8,7
581,19040,7:45:30,0,0.00,0,0.5700,0.1140,0.0347,0.0117,0,REST-S,4,8,7
581,19041,7:46:00,0,0.00,0,0.5700,0.1140,0.0347,0.0117,0,REST-S,4,8,7
581,19042,7:46:30,0,0.00,0,0.5700,0.1140,0.0347,0.0117,0,REST-S,4,8,7
581,19043,7:47:00,0,0.00,0,0.5700,0.1140,0.0347,0.0117,0,REST-S,4,8,7
581,19044,7:47:30,0,0.00,0,0.5500,0.1070,0.0347,0.0117,0,REST-S,4,8,7
581,19045,7:48:00,0,0.00,0,0.5500,0.1070,0.0347,0.0117,0,REST-S,4,8,7
581,19046,7:48:30,0,0.00,0,0.5500,0.1070,0.0347,0.0117,0,REST-S,4,8,7
581,19047,7:49:00,0,0.00,0,0.5700,0.1140,0.0347,0.0117,0,REST-S,4,8,7
581,19048,7:49:30,0,0.00,0,0.5700,0.1140,0.0347,0.0117,0,REST-S,4,8,7
581,19049,7:50:00,0,0.00,0,0.5700,0.1140,0.0347,0.0117,0,REST-S,4,8,7
581,19050,7:50:30,0,0.00,0,0.5700,0.1140,0.0347,0.0117,0,REST-S,4,8,7
581,19051,7:51:00,0,0.00,0,0.5700,0.1140,0.0347,0.0117,0,REST-S,4,8,7
581,19052,7:51:30,0,0.00,0,0.5700,0.1140,0.0347,0.0117,0,REST-S,4,8,7
581,19053,7:52:00,0,52.00,0,0.5700,0.1140,0.0347,0.0117,1,REST-S,4,8,7
581,19054,7:52:30,0,2.00,0,0.5700,0.1140,0.0347,0.0117,0,REST-S,4,8,7
581,19055,7:53:00,0,0.00,0,0.5700,0.1140,0.0347,0.0117,0,REST-S,4,8,7
581,19056,7:53:30,0,0.00,0,0.5700,0.1140,0.0347,0.0117,0,REST-S,4,8,7
581,19057,7:54:00,0,0.00,0,0.5700,0.1140,0.0347,0.0117,0,REST-S,4,8,7
581,19058,7:54:30,0,0.00,0,0.5700,0.1140,0.0347,0.0117,0,REST-S,4,8,7
581,19059,7:55:00,0,0.00,0,0.5700,0.1140,0.0347,0.0117,0,REST-S,4,8,7
581,19060,7:55:30,0,0.00,0,0.5700,0.1140,0.0347,0.0117,0,REST-S,4,8,7
581,19061,7:56:00,0,0.00,0,0.5900,0.1220,0.0347,0.0117,0,REST-S,4,8,7
581,19062,7:56:30,0,0.00,0,0.5900,0.1220,0.0347,0.0117,0,REST-S,4,8,7
581,19063,7:57:00,0,0.00,0,0.5900,0.1220,0.0347,0.0117,0,REST-S,4,8,7
581,19064,7:57:30,0,0.00,0,0.5900,0.1220,0.0347,0.0117,0,REST-S,4,8,7
581,19065,7:58:00,0,40.00,0,0.5900,0.1220,0.0347,0.0117,1,REST-S,4,8,7
581,19066,7:58:30,0,36.00,0,0.5700,0.1140,0.0347,0.0117,1,REST-S,4,8,7
581,19067,7:59:00,0,0.00,0,0.5700,0.1140,0.0347,0.0117,0,REST-S,4,8,7
581,19068,7:59:30,0,0.00,0,0.5700,0.1140,0.0347,0.0117,0,REST-S,4,8,7
581,19069,8:00:00,0,0.00,0,0.5700,0.1140,0.0347,0.0117,0,REST-S,4,8,7
581,19070,8:00:30,0,0.00,0,0.5900,0.1220,0.0347,0.0117,0,REST-S,4,8,7
581,19071,8:01:00,0,0.00,0,0.5700,0.1140,0.0347,0.0117,0,REST-S,4,8,7
581,19072,8:01:30,0,0.00,0,0.5900,0.1220,0.0347,0.0117,1,REST,4,8,7
581,19073,8:02:00,0,107.00,1,0.7300,0.1300,0.0501,0.0046,1,ACTIVE,4,8,7
581,19074,8:02:30,0,193.00,0,4.8200,0.3840,0.4370,0.1330,1,ACTIVE,4,8,7
581,19075,8:03:00,0,0.00,0,8.9300,0.6050,0.8370,0.2380,1,ACTIVE,4,8,7
581,19076,8:03:30,0,133.00,0,5.8700,0.5550,0.5200,0.0773,1,ACTIVE,4,8,7
581,19077,8:04:00,0,514.00,0,5.0300,1.3800,0.2230,0.0230,1,ACTIVE,4,8,7
581,19078,8:04:30,0,498.00,0,17.4400,2.3700,1.3500,0.3600,1,ACTIVE,4,8,7
581,19079,8:05:00,0,548.00,0,13.3800,3.7300,0.5790,0.0535,1,ACTIVE,4,8,7
581,19080,8:05:30,0,317.00,0,0.6900,0.1690,0.0347,0.0117,1,ACTIVE,4,8,7
581,19081,8:06:00,0,236.00,0,0.7300,0.1880,0.0347,0.0117,1,ACTIVE,4,8,7
581,19082,8:06:30,0,82.00,0,0.9900,0.1580,0.0694,0.0292,1,ACTIVE,4,8,7
581,19083,8:07:00,0,604.00,0,1.0900,0.1880,0.0756,0.0115,1,ACTIVE,4,8,7
581,19084,8:07:30,0,128.00,0,1.0100,0.1690,0.0694,0.0292,1,ACTIVE,4,8,7
581,19085,8:08:00,0,214.00,0,0.7800,0.1510,0.0501,0.0046,1,ACTIVE,4,8,7
581,19086,8:08:30,0,252.00,0,0.5200,0.1360,0.0251,0.0000,1,ACTIVE,4,8,7
581,19087,8:09:00,0,228.00,0,0.5200,0.1360,0.0251,0.0000,1,ACTIVE,4,8,7
581,19088,8:09:30,0,261.00,0,4.3200,0.2840,0.4010,0.1650,1,ACTIVE,4,8,7
581,19089,8:10:00,0,93.00,0,1.2400,0.2720,0.0694,0.0292,1,ACTIVE,4,8,7
581,19090,8:10:30,0,187.00,0,5.2900,0.4370,0.4770,0.1330,1,ACTIVE,4,8,7
581,19091,8:11:00,0,269.00,0,3.1100,0.3600,0.2600,0.0347,1,ACTIVE,4,8,7
581,19092,8:11:30,0,163.00,0,0.3100,0.1420,0.0000,0.0000,1,ACTIVE,4,8,7
581,19093,8:12:00,0,244.00,0,0.7100,0.1800,0.0347,0.0117,1,ACTIVE,4,8,7
581,19094,8:12:30,0,123.00,0,0.5500,0.1510,0.0251,0.0000,1,ACTIVE,4,8,7
581,19095,8:13:00,0,0.00,0,0.6400,0.1450,0.0347,0.0117,1,ACTIVE,4,8,7
581,19096,8:13:30,0,0.00,0,0.6400,0.1450,0.0347,0.0117,1,ACTIVE,4,8,7
581,19097,8:14:00,0,0.00,0,0.6400,0.1450,0.0347,0.0117,0,ACTIVE,4,8,7
581,19098,8:14:30,0,8.00,0,0.5400,0.1450,0.0251,0.0000,0,ACTIVE,4,8,7
581,19099,8:15:00,0,0.00,0,0.5200,0.1360,0.0251,0.0000,0,ACTIVE,4,8,7
581,19100,8:15:30,0,0.00,0,0.3500,0.1580,0.0000,0.0000,0,ACTIVE,4,8,7
581,19101,8:16:00,0,0.00,0,0.3500,0.1580,0.0000,0.0000,0,ACTIVE,4,8,7
581,19102,8:16:30,0,0.00,0,0.5200,0.1360,0.0251,0.0000,0,ACTIVE,4,8,7
581,19103,8:17:00,0,100.00,0,0.3300,0.1450,0.0000,0.0117,1,ACTIVE,4,8,7
581,19104,8:17:30,0,79.00,0,0.6400,0.1450,0.0347,0.0117,1,ACTIVE,4,8,7
581,19105,8:18:00,0,20.00,0,0.7800,0.2090,0.0347,0.0117,1,ACTIVE,4,8,7
581,19106,8:18:30,0,0.00,0,4.8300,0.8750,0.3160,0.1170,0,ACTIVE,4,8,7
581,19107,8:19:00,0,0.00,0,5.5500,0.8560,0.4010,0.1330,1,ACTIVE,4,8,7
581,19108,8:19:30,0,0.00,0,5.1800,0.8200,0.3680,0.1330,1,ACTIVE,4,8,7
581,19109,8:20:00,0,214.00,0,9.9400,1.4400,0.7350,0.2960,1,ACTIVE,4,8,7
581,19110,8:20:30,0,42.00,0,87.9100,4.1600,8.5000,3.9000,1,ACTIVE,4,8,7
581,19111,8:21:00,0,119.00,0,105.0000,3.0100,10.6000,5.3900,1,ACTIVE,4,8,7
581,19112,8:21:30,0,207.00,0,3.0600,0.3840,0.2440,0.0694,1,ACTIVE,4,8,7
581,19113,8:22:00,0,157.00,0,1.6900,0.3300,0.1050,0.0412,1,ACTIVE,4,8,7
581,19114,8:22:30,0,0.00,0,1.8000,0.4100,0.1000,0.0162,1,ACTIVE,4,8,7
581,19115,8:23:00,0,4.00,0,1.7800,0.4010,0.1000,0.0162,1,ACTIVE,4,8,7
581,19116,8:23:30,0,0.00,0,1.8100,0.3840,0.1050,0.0412,0,ACTIVE,4,8,7
581,19117,8:24:00,0,20.00,0,1.7900,0.3760,0.1050,0.0412,1,ACTIVE,4,8,7
581,19118,8:24:30,0,8.00,0,1.7400,0.3520,0.1050,0.0412,0,ACTIVE,4,8,7
581,19119,8:25:00,0,27.00,0,1.2700,0.2840,0.0694,0.0292,1,ACTIVE,4,8,7
581,19120,8:25:30,0,25.00,0,14.1100,2.4700,0.9540,0.2660,1,ACTIVE,4,8,7
581,19121,8:26:00,0,16.00,0,1.3200,0.2900,0.0756,0.0115,1,ACTIVE,4,8,7
581,19122,8:26:30,0,0.00,0,1.2900,0.2770,0.0756,0.0115,0,ACTIVE,4,8,7
581,19123,8:27:00,0,0.00,0,1.2100,0.2600,0.0694,0.0292,0,ACTIVE,4,8,7
581,19124,8:27:30,0,0.00,0,1.1400,0.2280,0.0694,0.0292,0,ACTIVE,4,8,7
581,19125,8:28:00,0,0.00,0,1.1700,0.2380,0.0694,0.0292,0,ACTIVE,4,8,7
581,19126,8:28:30,0,25.00,0,0.8000,0.2190,0.0347,0.0117,1,ACTIVE,4,8,7
581,19127,8:29:00,0,0.00,0,0.2700,0.1220,0.0000,0.0000,0,ACTIVE,4,8,7
581,19128,8:29:30,0,1.00,0,2.6100,0.3160,0.2090,0.0694,1,ACTIVE,4,8,7
581,19129,8:30:00,0,128.00,0,2.2700,0.3030,0.1760,0.0583,1,ACTIVE,4,8,7
581,19130,8:30:30,0,142.00,0,0.6500,0.1510,0.0347,0.0117,1,ACTIVE,4,8,7
581,19131,8:31:00,0,4.00,0,1.0400,0.1800,0.0694,0.0292,1,ACTIVE,4,8,7
581,19132,8:31:30,0,86.00,0,1.0300,0.1760,0.0694,0.0292,1,ACTIVE,4,8,7
581,19133,8:32:00,0,142.00,0,1.1800,0.2440,0.0694,0.0292,1,ACTIVE,4,8,7
581,19134,8:32:30,0,79.00,0,1.9500,0.3030,0.1390,0.0583,1,ACTIVE,4,8,7
581,19135,8:33:00,0,66.00,0,1.2100,0.2440,0.0756,0.0115,1,ACTIVE,4,8,7
581,19136,8:33:30,0,103.00,0,2.0100,0.3300,0.1390,0.0583,1,ACTIVE,4,8,7
581,19137,8:34:00,0,306.00,0,2.4000,0.3600,0.1760,0.0583,1,ACTIVE,4,8,7
581,19138,8:34:30,0,708.00,0,1.5000,0.3840,0.0292,0.3600,1,ACTIVE,4,8,7
581,19139,8:35:00,0,236.00,0,252.8600,10.8000,25.1000,8.3200,1,ACTIVE,4,8,7
581,19140,8:35:30,0,0.00,0,495.2700,21.1000,49.1000,16.6000,1,ACTIVE,4,8,7
581,19141,8:36:00,0,9.00,0,11.1300,2.0800,0.7350,0.0825,1,ACTIVE,4,8,7
581,19142,8:36:30,0,0.00,0,16.1600,3.1400,1.0400,0.1020,1,ACTIVE,4,8,7
581,19143,8:37:00,0,20.00,0,8.5600,1.7900,0.5200,0.0535,1,ACTIVE,4,8,7
581,19144,8:37:30,0,0.00,0,2.0600,0.3230,0.1510,0.0162,0,ACTIVE,4,8,7
581,19145,8:38:00,0,25.00,0,2.3600,0.3600,0.1760,0.0230,1,ACTIVE,4,8,7
581,19146,8:38:30,0,9.00,0,101.7000,15.6000,7.6300,0.3760,0,ACTIVE,4,8,7
581,19147,8:39:00,0,0.00,0,44.8000,11.0000,2.3200,0.1140,0,ACTIVE,4,8,7
581,19148,8:39:30,0,1.00,0,54.2300,11.8000,3.2100,0.1190,0,ACTIVE,4,8,7
581,19149,8:40:00,0,0.00,0,91.1300,12.8000,7.1500,0.1360,0,ACTIVE,4,8,7
581,19150,8:40:30,0,11.00,0,73.4800,14.0000,4.8400,0.1360,0,ACTIVE,4,8,7
581,19151,8:41:00,0,13.00,0,27.2200,8.1400,1.0400,0.1020,1,ACTIVE,4,8,7
581,19152,8:41:30,0,59.00,0,15.6000,2.3200,1.1800,0.0939,1,ACTIVE,4,8,7
581,19153,8:42:00,0,0.00,0,13.8900,2.1300,1.0400,0.0724,0,ACTIVE,4,8,7
581,19154,8:42:30,0,9.00,0,12.2700,2.1300,0.8560,0.0724,0,ACTIVE,4,8,7
581,19155,8:43:00,0,0.00,0,9.3100,1.7900,0.6050,0.0535,0,ACTIVE,4,8,7
581,19156,8:43:30,0,0.00,0,6.0400,1.2900,0.3600,0.0347,0,ACTIVE,4,8,7
581,19157,8:44:00,0,0.00,0,4.8800,0.8560,0.3370,0.0279,0,ACTIVE,4,8,7
581,19158,8:44:30,0,0.00,0,4.1900,0.7350,0.2900,0.0230,1,ACTIVE,4,8,7
581,19159,8:45:00,0,52.00,0,8.9400,2.1700,0.4670,0.0460,1,ACTIVE,4,8,7
581,19160,8:45:30,0,200.00,0,3.2800,0.6740,0.2000,0.0279,1,ACTIVE,4,8,7
581,19161,8:46:00,0,0.00,0,6.9500,1.0400,0.5090,0.1800,1,ACTIVE,4,8,7
581,19162,8:46:30,0,23.00,0,6.4600,0.9540,0.4770,0.1650,1,ACTIVE,4,8,7
581,19163,8:47:00,0,0.00,0,4.5200,0.7350,0.3160,0.1170,0,ACTIVE,4,8,7
581,19164,8:47:30,0,18.00,0,3.7200,0.6740,0.2440,0.0880,1,ACTIVE,4,8,7
581,19165,8:48:00,0,18.00,0,4.3600,0.8200,0.2770,0.1050,1,ACTIVE,4,8,7
581,19166,8:48:30,0,175.00,0,3.6000,0.6180,0.2440,0.0880,1,ACTIVE,4,8,7
581,19167,8:49:00,0,45.00,0,3.9800,0.7850,0.2440,0.1050,1,ACTIVE,4,8,7
581,19168,8:49:30,0,128.00,0,6.2100,0.8560,0.4770,0.1330,1,ACTIVE,4,8,7
581,19169,8:50:00,0,137.00,0,33.8800,3.9800,2.7600,0.8560,1,ACTIVE,4,8,7
581,19170,8:50:30,0,47.00,0,17.2200,3.1400,1.1600,0.1190,1,ACTIVE,4,8,7
581,19171,8:51:00,0,38.00,0,5.9200,0.7200,0.4770,0.1450,1,ACTIVE,4,8,7
581,19172,8:51:30,0,4.00,0,5.2500,0.7200,0.4010,0.1330,1,ACTIVE,4,8,7
581,19173,8:52:00,0,52.00,0,10.5500,0.8560,0.9540,0.2840,1,ACTIVE,4,8,7
581,19174,8:52:30,0,16.00,0,4.7700,0.6460,0.3680,0.1170,1,ACTIVE,4,8,7
581,19175,8:53:00,0,56.00,0,6.7600,0.9540,0.5090,0.1800,1,ACTIVE,4,8,7
581,19176,8:53:30,0,42.00,0,2.7500,0.5200,0.1760,0.0583,1,ACTIVE,4,8,7
581,19177,8:54:00,0,8.00,0,9.2000,1.2600,0.7040,0.2230,1,ACTIVE,4,8,7
581,19178,8:54:30,0,34.00,0,5.8000,0.8200,0.4370,0.1450,1,ACTIVE,4,8,7
581,19179,8:55:00,0,34.00,0,11.9400,1.2900,0.9960,0.3300,1,ACTIVE,4,8,7
581,19180,8:55:30,0,11.00,0,6.2100,0.8370,0.4770,0.1650,1,ACTIVE,4,8,7
581,19181,8:56:00,0,63.00,0,6.1100,0.8020,0.4770,0.1450,1,ACTIVE,4,8,7
581,19182,8:56:30,0,73.00,0,600.0000,21.6000,58.4000,37.1000,1,ACTIVE,4,8,7
581,19183,8:57:00,0,56.00,0,595.7300,40.4000,57.2000,4.9500,1,ACTIVE,4,8,7
581,19184,8:57:30,0,52.00,0,114.1000,17.0000,8.3200,3.3500,1,ACTIVE,4,8,7
581,19185,8:58:00,0,29.00,0,109.3500,16.3000,8.3200,0.4470,1,ACTIVE,4,8,7
581,19186,8:58:30,0,68.00,0,5.0400,0.7680,0.3680,0.1170,1,ACTIVE,4,8,7
581,19187,8:59:00,0,89.00,0,1.6900,0.3600,0.1000,0.0162,1,ACTIVE,4,8,7
581,19188,8:59:30,0,54.00,0,5.0800,0.7850,0.3680,0.1170,1,ACTIVE,4,8,7
581,19189,9:00:00,0,123.00,0,7.5200,0.8560,0.6180,0.1920,1,ACTIVE,4,8,7
581,19190,9:00:30,0,16.00,0,8.4500,0.8750,0.7350,0.0724,1,ACTIVE,4,8,7
581,19191,9:01:00,0,123.00,0,102.2900,12.8000,8.3200,0.9750,1,ACTIVE,4,8,7
581,19192,9:01:30,0,89.00,0,203.4400,15.6000,18.9000,2.7600,1,ACTIVE,4,8,7
581,19193,9:02:00,0,75.00,0,1.3400,0.3160,0.0694,0.0292,1,ACTIVE,4,8,7
581,19194,9:02:30,0,86.00,0,5.1800,0.8200,0.3680,0.1330,1,ACTIVE,4,8,7
581,19195,9:03:00,0,36.00,0,8.1500,1.1300,0.6180,0.2090,1,ACTIVE,4,8,7
581,19196,9:03:30,0,61.00,0,224.8400,19.8000,19.8000,7.1500,1,ACTIVE,4,8,7
581,19197,9:04:00,0,68.00,0,237.9900,21.1000,21.6000,2.1300,1,ACTIVE,4,8,7
581,19198,9:04:30,0,2.00,0,34.0600,6.7000,2.1700,0.2090,1,ACTIVE,4,8,7
581,19199,9:05:00,0,70.00,0,154.9600,20.7000,12.0000,3.6500,1,ACTIVE,4,8,7
581,19200,9:05:30,0,16.00,0,9.5900,1.1800,0.7680,0.2230,1,ACTIVE,4,8,7
581,19201,9:06:00,0,49.00,0,61.0100,5.6300,5.5100,0.2490,1,ACTIVE,4,8,7
581,19202,9:06:30,0,8.00,0,16.1400,1.1600,1.5400,0.1140,1,ACTIVE,4,8,7
581,19203,9:07:00,0,63.00,0,49.7400,2.3700,5.0600,0.2050,1,ACTIVE,4,8,7
581,19204,9:07:30,0,33.00,0,15.6600,1.5400,1.3500,0.4190,1,ACTIVE,4,8,7
581,19205,9:08:00,0,33.00,0,14.3700,1.6400,1.2100,0.1330,1,ACTIVE,4,8,7
581,19206,9:08:30,0,16.00,0,9.0300,1.1800,0.7040,0.2230,1,ACTIVE,4,8,7
581,19207,9:09:00,0,33.00,0,8.9300,1.1300,0.7040,0.2380,1,ACTIVE,4,8,7
581,19208,9:09:30,0,42.00,0,8.9300,1.3800,0.6460,0.2090,1,ACTIVE,4,8,7
581,19209,9:10:00,0,35.00,0,9.5700,1.1600,0.7680,0.2600,1,ACTIVE,4,8,7
581,19210,9:10:30,0,28.00,0,76.6200,9.6800,6.2800,0.2140,1,ACTIVE,4,8,7
581,19211,9:11:00,0,23.00,0,70.1000,6.1400,6.4200,0.3030,1,ACTIVE,4,8,7
581,19212,9:11:30,0,21.00,0,10.9200,1.5000,0.8370,0.2380,1,ACTIVE,4,8,7
581,19213,9:12:00,0,40.00,0,32.2200,1.7500,3.2100,0.2330,1,ACTIVE,4,8,7
581,19214,9:12:30,0,35.00,0,23.2400,1.2600,2.3200,0.1330,1,ACTIVE,4,8,7
581,19215,9:13:00,0,29.00,0,343.5300,112.0000,10.6000,3.3500,1,ACTIVE,4,8,7
581,19216,9:13:30,0,32.00,0,142.4000,20.2000,10.8000,2.9400,1,ACTIVE,4,8,7
581,19217,9:14:00,0,35.00,0,65.1700,4.3400,6.2800,0.5310,1,ACTIVE,4,8,7
581,19218,9:14:30,0,0.00,0,23.7300,4.1600,1.6400,0.1650,0,ACTIVE,4,8,7
581,19219,9:15:00,0,45.00,0,18.7100,3.8100,1.1600,0.1190,1,ACTIVE,4,8,7
581,19220,9:15:30,0,4.00,0,9.4800,1.1300,0.7680,0.2230,0,ACTIVE,4,8,7
581,19221,9:16:00,0,29.00,0,108.5400,8.3200,9.8900,3.2100,1,ACTIVE,4,8,7
581,19222,9:16:30,0,42.00,0,112.7100,8.5000,10.3000,3.1400,1,ACTIVE,4,8,7
581,19223,9:17:00,0,45.00,0,68.7500,4.4400,6.7000,0.2380,1,ACTIVE,4,8,7
581,19224,9:17:30,0,6.00,0,170.4700,14.6000,15.3000,4.1600,1,ACTIVE,4,8,7
581,19225,9:18:00,0,89.00,0,138.4100,12.0000,12.6000,1.7100,1,ACTIVE,4,8,7
581,19226,9:18:30,0,157.00,0,933.5700,40.4000,90.1000,50.2000,1,ACTIVE,4,8,7
581,19227,9:19:00,0,42.00,0,881.0900,37.1000,86.3000,39.6000,1,ACTIVE,4,8,7
581,19228,9:19:30,0,100.00,0,1102.340,40.4000,110.0000,49.1000,1,ACTIVE,4,8,7
581,19229,9:20:00,0,45.00,0,896.7200,37.1000,88.2000,38.7000,1,ACTIVE,4,8,7
581,19230,9:20:30,0,12.00,0,1550.560,66.6000,152.0000,69.5000,1,ACTIVE,4,8,7
581,19231,9:21:00,0,29.00,0,1336.850,49.1000,133.0000,57.2000,1,ACTIVE,4,8,7
581,19232,9:21:30,0,8.00,0,1636.180,71.0000,162.0000,57.2000,0,ACTIVE,4,8,7
581,19233,9:22:00,0,33.00,0,1722.620,74.2000,169.0000,72.6000,1,ACTIVE,4,8,7
581,19234,9:22:30,0,1.00,0,1547.850,69.5000,152.0000,61.0000,0,ACTIVE,4,8,7
581,19235,9:23:00,0,8.00,0,1455.270,59.7000,142.0000,72.6000,0,ACTIVE,4,8,7
581,19236,9:23:30,0,33.00,0,1538.190,65.1000,152.0000,61.0000,1,ACTIVE,4,8,7
581,19237,9:24:00,0,22.00,0,1443.620,56.0000,142.0000,69.5000,1,ACTIVE,4,8,7
581,19238,9:24:30,0,35.00,0,1304.930,61.0000,127.0000,49.1000,1,ACTIVE,4,8,7
581,19239,9:25:00,0,6.00,0,1543.130,58.4000,152.0000,79.2000,1,ACTIVE,4,8,7
581,19240,9:25:30,0,63.00,0,1935.020,92.1000,188.0000,75.8000,1,ACTIVE,4,8,7
581,19241,9:26:00,0,29.00,0,1398.720,54.8000,136.0000,79.2000,1,ACTIVE,4,8,7
581,19242,9:26:30,0,214.00,0,1691.230,51.3000,169.0000,90.1000,1,ACTIVE,4,8,7
581,19243,9:27:00,0,12.00,0,301.0500,18.9000,29.2000,2.9400,1,ACTIVE,4,8,7
581,19244,9:27:30,0,42.00,0,1447.810,54.8000,142.0000,75.8000,1,ACTIVE,4,8,7
581,19245,9:28:00,0,29.00,0,1548.850,61.0000,152.0000,79.2000,1,ACTIVE,4,8,7
581,19246,9:28:30,0,28.00,0,1403.550,56.0000,139.0000,57.2000,1,ACTIVE,4,8,7
581,19247,9:29:00,0,29.00,0,1361.590,58.4000,133.0000,61.0000,1,ACTIVE,4,8,7
581,19248,9:29:30,0,56.00,0,1043.120,29.9000,105.0000,53.6000,1,ACTIVE,4,8,7
581,19249,9:30:00,0,82.00,0,1351.930,56.0000,133.0000,57.2000,1,ACTIVE,4,8,7
581,19250,9:30:30,0,11.00,0,1127.840,33.3000,114.0000,48.1000,1,ACTIVE,4,8,7
581,19251,9:31:00,0,142.00,0,1223.350,51.3000,119.0000,58.4000,1,ACTIVE,4,8,7
581,19252,9:31:30,0,119.00,0,1634.350,61.0000,162.0000,75.8000,1,ACTIVE,4,8,7
581,19253,9:32:00,0,7.00,0,1435.830,52.4000,142.0000,69.5000,1,ACTIVE,4,8,7
581,19254,9:32:30,0,163.00,0,1541.470,56.0000,152.0000,82.7000,1,ACTIVE,4,8,7
581,19255,9:33:00,0,110.00,0,0.3100,0.1420,0.0000,0.0000,1,ACTIVE,4,8,7
581,19256,9:33:30,0,107.00,0,0.4000,0.1800,0.0000,0.0000,1,ACTIVE,4,8,7
581,19257,9:34:00,0,163.00,0,156.1100,18.1000,13.1000,1.0600,1,ACTIVE,4,8,7
581,19258,9:34:30,0,175.00,0,536.9600,18.5000,54.8000,14.9000,1,ACTIVE,4,8,7
581,19259,9:35:00,0,207.00,0,879.8300,34.8000,86.3000,43.2000,1,ACTIVE,4,8,7
581,19260,9:35:30,0,89.00,0,821.3200,42.2000,79.2000,31.9000,1,ACTIVE,4,8,7
581,19261,9:36:00,0,207.00,0,1149.170,34.0000,117.0000,46.1000,1,ACTIVE,4,8,7
581,19262,9:36:30,0,175.00,0,637.7300,37.1000,62.4000,8.6900,1,ACTIVE,4,8,7
581,19263,9:37:00,0,269.00,0,818.2100,44.1000,80.9000,11.3000,1,ACTIVE,4,8,7
581,19264,9:37:30,0,96.00,0,1214.890,42.2000,122.0000,48.1000,1,ACTIVE,4,8,7
581,19265,9:38:00,0,163.00,0,500.2000,37.1000,47.1000,5.5100,1,ACTIVE,4,8,7
581,19266,9:38:30,0,128.00,0,354.2800,26.2000,33.3000,4.4400,1,ACTIVE,4,8,7
581,19267,9:39:00,0,207.00,0,613.5900,37.1000,59.7000,7.8000,1,ACTIVE,4,8,7
581,19268,9:39:30,0,142.00,0,17.9600,1.9500,1.5400,0.1800,1,ACTIVE,4,8,7
581,19269,9:40:00,0,147.00,0,6.6700,0.9130,0.5090,0.1800,1,ACTIVE,4,8,7
581,19270,9:40:30,0,86.00,0,77.4900,11.0000,6.0100,0.4280,1,ACTIVE,4,8,7
581,19271,9:41:00,0,73.00,0,118.1400,13.1000,10.1000,0.5550,1,ACTIVE,4,8,7
581,19272,9:41:30,0,163.00,0,214.2900,19.8000,19.4000,0.8750,1,ACTIVE,4,8,7
581,19273,9:42:00,0,163.00,0,84.4100,10.1000,7.0000,0.7200,1,ACTIVE,4,8,7
581,19274,9:42:30,0,157.00,0,193.2000,20.7000,16.6000,1.6400,1,ACTIVE,4,8,7
581,19275,9:43:00,0,200.00,0,255.3100,27.4000,22.1000,1.5000,1,ACTIVE,4,8,7
581,19276,9:43:30,0,236.00,0,48.6100,9.6800,3.0700,0.2770,1,ACTIVE,4,8,7
581,19277,9:44:00,0,193.00,0,1279.030,51.3000,127.0000,45.1000,1,ACTIVE,4,8,7
581,19278,9:44:30,0,107.00,0,22.2900,3.5000,1.6400,0.1840,1,ACTIVE,4,8,7
581,19279,9:45:00,0,23.00,0,7.2200,0.8750,0.5790,0.1920,1,ACTIVE,4,8,7
581,19280,9:45:30,0,61.00,0,7.9800,0.9130,0.6460,0.2840,1,ACTIVE,4,8,7
581,19281,9:46:00,0,93.00,0,13.2500,3.2800,0.6740,0.0939,1,ACTIVE,4,8,7
581,19282,9:46:30,0,75.00,0,50.3100,5.3900,4.3400,0.3090,1,ACTIVE,4,8,7
581,19283,9:47:00,0,49.00,0,10.8400,0.9960,0.9540,0.2660,1,ACTIVE,4,8,7
581,19284,9:47:30,0,0.00,0,8.3900,0.8940,0.7040,0.2230,1,ACTIVE,4,8,7
581,19285,9:48:00,0,66.00,0,9.4200,0.9540,0.8020,0.2660,1,ACTIVE,4,8,7
581,19286,9:48:30,0,96.00,0,9.3800,0.9540,0.8020,0.2230,1,ACTIVE,4,8,7
581,19287,9:49:00,0,36.00,0,12.3700,2.2200,0.8370,0.1190,1,ACTIVE,4,8,7
581,19288,9:49:30,0,107.00,0,9.4600,0.9750,0.8020,0.2600,1,ACTIVE,4,8,7
581,19289,9:50:00,0,54.00,0,8.7100,1.0400,0.7040,0.2230,1,ACTIVE,4,8,7
581,19290,9:50:30,0,8.00,0,9.1600,1.2400,0.7040,0.2380,1,ACTIVE,4,8,7
581,19291,9:51:00,0,114.00,0,9.5700,1.1600,0.7680,0.2600,1,ACTIVE,4,8,7
581,19292,9:51:30,0,107.00,0,14.4000,1.2100,1.2900,0.3760,1,ACTIVE,4,8,7
581,19293,9:52:00,0,221.00,0,11.1600,1.3800,0.9130,0.1020,1,ACTIVE,4,8,7
581,19294,9:52:30,0,373.00,0,73.4900,4.2500,7.0000,2.5800,1,ACTIVE,4,8,7
581,19295,9:53:00,0,297.00,0,33.0200,2.3200,3.0700,0.9130,1,ACTIVE,4,8,7
581,19296,9:53:30,0,754.00,0,1435.510,88.2000,136.0000,45.1000,1,ACTIVE,4,8,7
581,19297,9:54:00,0,236.00,0,986.0000,56.0000,94.1000,34.8000,1,ACTIVE,4,8,7
581,19298,9:54:30,0,252.00,0,880.8600,34.8000,86.3000,44.1000,1,ACTIVE,4,8,7
581,19299,9:55:00,0,49.00,0,0.9800,0.2440,0.0501,0.0046,1,ACTIVE,4,8,7
581,19300,9:55:30,0,207.00,0,1.4700,0.3600,0.0756,0.0115,1,ACTIVE,4,8,7
581,19301,9:56:00,0,193.00,0,326.8100,17.0000,31.9000,9.2700,1,ACTIVE,4,8,7
581,19302,9:56:30,0,411.00,0,3.9200,0.6050,0.2900,0.0412,1,ACTIVE,4,8,7
581,19303,9:57:00,0,288.00,0,135.7100,10.8000,12.3000,3.9000,1,ACTIVE,4,8,7
581,19304,9:57:30,0,278.00,0,1608.560,59.7000,158.0000,82.7000,1,ACTIVE,4,8,7
581,19305,9:58:00,0,236.00,0,1729.250,66.6000,169.0000,94.1000,1,ACTIVE,4,8,7
581,19306,9:58:30,0,306.00,0,4478.220,155.0000,448.0000,197.0000,1,ACTIVE,4,8,7
581,19307,9:59:00,0,128.00,0,4373.570,125.0000,438.0000,239.0000,1,ACTIVE,4,8,7
581,19308,9:59:30,0,119.00,0,9030.940,297.0000,896.0000,488.0000,1,ACTIVE,4,8,7
581,19309,10:00:00,0,114.00,0,3346.290,103.0000,331.0000,205.0000,1,ACTIVE,4,8,7
581,19310,10:00:30,0,9.00,0,5533.080,184.0000,544.0000,331.0000,1,ACTIVE,4,8,7
581,19311,10:01:00,0,42.00,0,4538.850,145.0000,448.0000,272.0000,1,ACTIVE,4,8,7
581,19312,10:01:30,0,22.00,0,4611.500,142.0000,458.0000,266.0000,1,ACTIVE,4,8,7
581,19313,10:02:00,0,22.00,0,5058.790,165.0000,499.0000,297.0000,1,ACTIVE,4,8,7
581,19314,10:02:30,0,26.00,0,6120.440,192.0000,606.0000,353.0000,1,ACTIVE,4,8,7
581,19315,10:03:00,0,100.00,0,7134.840,234.0000,706.0000,402.0000,1,ACTIVE,4,8,7
581,19316,10:03:30,0,79.00,0,1331.350,41.3000,133.0000,68.0000,1,ACTIVE,4,8,7
581,19317,10:04:00,0,25.00,0,2546.070,77.5000,255.0000,130.0000,1,ACTIVE,4,8,7
581,19318,10:04:30,0,86.00,0,2534.960,71.0000,255.0000,133.0000,1,ACTIVE,4,8,7
581,19319,10:05:00,0,0.00,0,491.7900,20.2000,49.1000,15.3000,1,ACTIVE,4,8,7
581,19320,10:05:30,0,0.00,0,424.9800,19.4000,42.2000,11.3000,1,ACTIVE,4,8,7
581,19321,10:06:00,0,79.00,0,2661.220,96.2000,266.0000,107.0000,1,ACTIVE,4,8,7
581,19322,10:06:30,0,100.00,0,2128.740,65.1000,214.0000,98.3000,1,ACTIVE,4,8,7
581,19323,10:07:00,0,236.00,0,1608.380,44.1000,162.0000,86.3000,1,ACTIVE,4,8,7
581,19324,10:07:30,0,306.00,0,1790.420,77.5000,176.0000,68.0000,1,ACTIVE,4,8,7
581,19325,10:08:00,0,193.00,0,1219.930,49.1000,119.0000,59.7000,1,ACTIVE,4,8,7
581,19326,10:08:30,0,110.00,0,1081.270,38.7000,110.0000,33.3000,1,ACTIVE,4,8,7
581,19327,10:09:00,0,142.00,0,252.3300,19.4000,23.5000,3.1400,1,ACTIVE,4,8,7
581,19328,10:09:30,0,56.00,0,305.5800,31.2000,10.1000,136.0000,1,ACTIVE,4,8,7
581,19329,10:10:00,0,79.00,0,414.2400,34.8000,14.6000,192.0000,1,ACTIVE,4,8,7
581,19330,10:10:30,0,61.00,0,812.9800,18.5000,82.7000,44.1000,1,ACTIVE,4,8,7
581,19331,10:11:00,0,11.00,0,563.0200,14.0000,57.2000,28.6000,1,ACTIVE,4,8,7
581,19332,10:11:30,0,79.00,0,53209.26,4750.000,4850.000,210.0000,1,ACTIVE,4,8,7
581,19333,10:12:00,0,49.00,0,21643.49,1830.000,2000.000,107.0000,1,ACTIVE,4,8,7
581,19334,10:12:30,0,261.00,0,4055.250,297.0000,368.0000,158.0000,1,ACTIVE,4,8,7
581,19335,10:13:00,0,338.00,0,5.8100,0.3840,0.5430,0.1920,1,ACTIVE,4,8,7
581,19336,10:13:30,0,317.00,0,20.1300,1.2900,1.9100,0.5200,1,ACTIVE,4,8,7
581,19337,10:14:00,0,187.00,0,3.2600,0.4570,0.2440,0.1050,1,ACTIVE,4,8,7
581,19338,10:14:30,0,424.00,0,23.2700,2.6400,1.9100,0.6740,1,ACTIVE,4,8,7
581,19339,10:15:00,0,288.00,0,3.0000,0.9540,0.1000,0.0162,1,ACTIVE,4,8,7
581,19340,10:15:30,0,306.00,0,0.2900,0.1300,0.0000,0.0000,1,ACTIVE,4,8,7
581,19341,10:16:00,0,221.00,0,0.2700,0.1220,0.0000,0.0000,1,ACTIVE,4,8,7
581,19342,10:16:30,0,147.00,0,0.9400,0.1360,0.0694,0.0292,1,ACTIVE,4,8,7
581,19343,10:17:00,0,169.00,0,0.2700,0.1220,0.0000,0.0000,1,ACTIVE,4,8,7
581,19344,10:17:30,0,373.00,0,73.1100,3.3500,7.0000,4.0700,1,ACTIVE,4,8,7
581,19345,10:18:00,0,483.00,0,30.3900,1.9500,2.8800,0.8020,1,ACTIVE,4,8,7
581,19346,10:18:30,0,328.00,0,58.4300,4.4400,5.5100,0.3090,1,ACTIVE,4,8,7
581,19347,10:19:00,0,424.00,0,11.0800,1.0900,0.9750,0.1330,1,ACTIVE,4,8,7
581,19348,10:19:30,0,411.00,0,47.1700,3.9000,4.2500,1.2100,1,ACTIVE,4,8,7
581,19349,10:20:00,0,175.00,0,78.2300,3.2800,7.8000,2.4700,1,ACTIVE,4,8,7
581,19350,10:20:30,0,151.00,0,66.3200,5.8800,6.0100,0.6050,1,ACTIVE,4,8,7
581,19351,10:21:00,0,169.00,0,48.6000,3.8100,4.5400,0.4010,1,ACTIVE,4,8,7
581,19352,10:21:30,0,269.00,0,3.7400,1.0900,0.1510,0.0162,1,ACTIVE,4,8,7
581,19353,10:22:00,0,398.00,0,0.7000,0.2190,0.0251,0.0000,1,ACTIVE,4,8,7
581,19354,10:22:30,0,181.00,0,0.7000,0.2190,0.0251,0.0000,1,ACTIVE,4,8,7
581,19355,10:23:00,0,86.00,0,0.6800,0.2090,0.0251,0.0000,1,ACTIVE,4,8,7
581,19356,10:23:30,0,61.00,0,0.7000,0.2190,0.0251,0.0000,1,ACTIVE,4,8,7
581,19357,10:24:00,0,16.00,0,0.6300,0.1880,0.0251,0.0000,1,ACTIVE,4,8,7
581,19358,10:24:30,0,86.00,0,0.7000,0.2190,0.0251,0.0000,1,ACTIVE,4,8,7
581,19359,10:25:00,0,19.00,0,0.7000,0.2190,0.0251,0.0000,1,ACTIVE,4,8,7
581,19360,10:25:30,0,56.00,0,0.6200,0.1800,0.0251,0.0000,1,ACTIVE,4,8,7
581,19361,10:26:00,0,187.00,0,0.4200,0.1920,0.0000,0.0000,1,ACTIVE,4,8,7
581,19362,10:26:30,0,128.00,0,1.5900,0.4190,0.0756,0.0046,1,ACTIVE,4,8,7
581,19363,10:27:00,0,151.00,0,0.6500,0.1960,0.0251,0.0000,1,ACTIVE,4,8,7
581,19364,10:27:30,0,5.00,0,1.1300,0.3090,0.0501,0.0046,1,ACTIVE,4,8,7
581,19365,10:28:00,0,13.00,0,1.1100,0.3030,0.0501,0.0046,1,ACTIVE,4,8,7
581,19366,10:28:30,0,114.00,0,1.0600,0.2770,0.0501,0.0046,1,ACTIVE,4,8,7
581,19367,10:29:00,0,803.00,0,0.8900,0.2600,0.0347,0.0117,1,ACTIVE,4,8,7
581,19368,10:29:30,0,350.00,0,1.5700,0.4100,0.0756,0.0046,1,ACTIVE,4,8,7
581,19369,10:30:00,0,9.00,0,2.0900,0.5430,0.1000,0.0115,1,ACTIVE,4,8,7
581,19370,10:30:30,0,75.00,0,0.6300,0.1880,0.0251,0.0000,1,ACTIVE,4,8,7
581,19371,10:31:00,0,0.00,0,0.6700,0.2050,0.0251,0.0000,1,ACTIVE,4,8,7
581,19372,10:31:30,0,47.00,0,0.8000,0.2190,0.0347,0.0117,1,ACTIVE,4,8,7
581,19373,10:32:00,0,0.00,0,0.8000,0.2190,0.0347,0.0117,0,ACTIVE,4,8,7
581,19374,10:32:30,0,1.00,0,0.8200,0.2280,0.0347,0.0117,0,ACTIVE,4,8,7
581,19375,10:33:00,0,0.00,0,0.8400,0.2380,0.0347,0.0117,0,ACTIVE,4,8,7
581,19376,10:33:30,0,15.00,0,1.0400,0.2720,0.0501,0.0046,1,ACTIVE,4,8,7
581,19377,10:34:00,0,13.00,0,2.0600,0.5310,0.1000,0.0115,1,ACTIVE,4,8,7
581,19378,10:34:30,0,114.00,0,2.2000,0.4980,0.1240,0.0115,1,ACTIVE,4,8,7
581,19379,10:35:00,0,0.00,0,3.7000,0.6740,0.2440,0.0694,0,ACTIVE,4,8,7
581,19380,10:35:30,0,0.00,0,3.6700,0.6600,0.2440,0.0694,0,ACTIVE,4,8,7
581,19381,10:36:00,0,0.00,0,3.6700,0.6600,0.2440,0.0694,0,ACTIVE,4,8,7
581,19382,10:36:30,0,0.00,0,3.6400,0.6460,0.2440,0.0694,0,ACTIVE,4,8,7
581,19383,10:37:00,0,6.00,0,3.7000,0.6740,0.2440,0.0694,0,ACTIVE,4,8,7
581,19384,10:37:30,0,0.00,0,2.6000,0.5670,0.1510,0.0230,0,ACTIVE,4,8,7
581,19385,10:38:00,0,0.00,0,2.5500,0.5430,0.1510,0.0230,1,ACTIVE,4,8,7
581,19386,10:38:30,0,128.00,0,1.5200,0.3840,0.0756,0.0115,1,ACTIVE,4,8,7
581,19387,10:39:00,0,236.00,0,1.9400,0.4770,0.1000,0.0115,1,ACTIVE,4,8,7
581,19388,10:39:30,0,0.00,0,2.3000,0.5430,0.1240,0.0115,1,ACTIVE,4,8,7
581,19389,10:40:00,0,0.00,0,2.3600,0.5670,0.1240,0.0115,1,ACTIVE,4,8,7
581,19390,10:40:30,0,0.00,0,2.7300,0.6320,0.1510,0.0115,0,ACTIVE,4,8,7
581,19391,10:41:00,0,0.00,0,2.3800,0.5790,0.1240,0.0115,0,ACTIVE,4,8,7
581,19392,10:41:30,0,1.00,0,2.7100,0.6180,0.1510,0.0162,0,ACTIVE,4,8,7
581,19393,10:42:00,0,79.00,0,3.8100,0.8200,0.2230,0.0347,1,ACTIVE,4,8,7
581,19394,10:42:30,0,32.00,0,3.0600,0.6740,0.1760,0.0230,1,ACTIVE,4,8,7
581,19395,10:43:00,0,1.00,0,2.2500,0.5200,0.1240,0.0115,1,ACTIVE,4,8,7
581,19396,10:43:30,0,93.00,0,1.1300,0.3090,0.0501,0.0046,1,ACTIVE,4,8,7
581,19397,10:44:00,0,73.00,0,1.5700,0.4100,0.0756,0.0046,1,ACTIVE,4,8,7
581,19398,10:44:30,0,86.00,0,1.1300,0.3090,0.0501,0.0046,1,ACTIVE,4,8,7
581,19399,10:45:00,0,52.00,0,1.9400,0.4770,0.1000,0.0115,1,ACTIVE,4,8,7
581,19400,10:45:30,0,0.00,0,1.9400,0.4770,0.1000,0.0115,1,ACTIVE,4,8,7
581,19401,10:46:00,0,19.00,0,2.3300,0.5550,0.1240,0.0115,1,ACTIVE,4,8,7
581,19402,10:46:30,0,33.00,0,1.7000,0.4670,0.0756,0.0046,1,ACTIVE,4,8,7
581,19403,10:47:00,0,54.00,0,0.6800,0.2090,0.0251,0.0000,1,ACTIVE,4,8,7
581,19404,10:47:30,0,79.00,0,0.8600,0.2440,0.0347,0.0117,1,ACTIVE,4,8,7
581,19405,10:48:00,0,100.00,0,0.8200,0.2280,0.0347,0.0117,1,ACTIVE,4,8,7
581,19406,10:48:30,0,12.00,0,0.8600,0.2440,0.0347,0.0117,1,ACTIVE,4,8,7
581,19407,10:49:00,0,21.00,0,0.7700,0.2050,0.0347,0.0117,1,ACTIVE,4,8,7
581,19408,10:49:30,0,82.00,0,0.8600,0.2440,0.0347,0.0117,1,ACTIVE,4,8,7
581,19409,10:50:00,0,93.00,0,1.1400,0.3160,0.0501,0.0046,1,ACTIVE,4,8,7
581,19410,10:50:30,0,9.00,0,0.7700,0.2050,0.0347,0.0117,1,ACTIVE,4,8,7
581,19411,10:51:00,0,20.00,0,0.8200,0.2280,0.0347,0.0117,1,ACTIVE,4,8,7
581,19412,10:51:30,0,12.00,0,3.1100,0.7040,0.1760,0.0115,1,ACTIVE,4,8,7
581,19413,10:52:00,0,9.00,0,1.5300,0.3920,0.0756,0.0046,1,ACTIVE,4,8,7
581,19414,10:52:30,0,54.00,0,1.0800,0.2900,0.0501,0.0046,1,ACTIVE,4,8,7
581,19415,10:53:00,0,31.00,0,1.9000,0.4570,0.1000,0.0115,1,ACTIVE,4,8,7
581,19416,10:53:30,0,82.00,0,0.6900,0.1690,0.0347,0.0117,1,ACTIVE,4,8,7
581,19417,10:54:00,0,45.00,0,1.0400,0.2720,0.0501,0.0046,1,ACTIVE,4,8,7
581,19418,10:54:30,0,29.00,0,1.5000,0.3760,0.0756,0.0046,1,ACTIVE,4,8,7
581,19419,10:55:00,0,19.00,0,1.8900,0.4570,0.1000,0.0046,1,ACTIVE,4,8,7
581,19420,10:55:30,0,0.00,0,2.7700,0.6460,0.1510,0.0162,0,ACTIVE,4,8,7
581,19421,10:56:00,0,42.00,0,2.2800,0.5310,0.1240,0.0115,1,ACTIVE,4,8,7
581,19422,10:56:30,0,0.00,0,1.9700,0.4870,0.1000,0.0115,0,ACTIVE,4,8,7
581,19423,10:57:00,0,18.00,0,3.8500,0.8370,0.2230,0.0347,1,ACTIVE,4,8,7
581,19424,10:57:30,0,0.00,0,5.1500,0.8200,0.3680,0.1050,1,ACTIVE,4,8,7
581,19425,10:58:00,0,38.00,0,2.6600,0.5920,0.1510,0.0230,1,ACTIVE,4,8,7
581,19426,10:58:30,0,193.00,0,2.1800,0.4870,0.1240,0.0115,1,ACTIVE,4,8,7
581,19427,10:59:00,0,75.00,0,1.4100,0.3370,0.0756,0.0046,1,ACTIVE,4,8,7
581,19428,10:59:30,0,86.00,0,1.5200,0.3840,0.0756,0.0115,1,ACTIVE,4,8,7
581,19429,11:00:00,0,79.00,0,0.9200,0.2720,0.0347,0.0117,1,ACTIVE,4,8,7
581,19430,11:00:30,0,114.00,0,0.7800,0.2090,0.0347,0.0117,1,ACTIVE,4,8,7
581,19431,11:01:00,0,42.00,0,1.5400,0.3920,0.0756,0.0115,1,ACTIVE,4,8,7
581,19432,11:01:30,0,52.00,0,1.8800,0.4470,0.1000,0.0115,1,ACTIVE,4,8,7
581,19433,11:02:00,0,36.00,0,0.7300,0.1880,0.0347,0.0117,1,ACTIVE,4,8,7
581,19434,11:02:30,0,16.00,0,0.2800,0.1220,0.0000,0.0117,1,ACTIVE,4,8,7
581,19435,11:03:00,0,59.00,0,1.0400,0.1800,0.0694,0.0292,1,ACTIVE,4,8,7
581,19436,11:03:30,0,59.00,0,1.8600,0.4370,0.1000,0.0162,1,ACTIVE,4,8,7
581,19437,11:04:00,0,49.00,0,1.9700,0.4870,0.1000,0.0115,1,ACTIVE,4,8,7
581,19438,11:04:30,0,15.00,0,1.8500,0.4370,0.1000,0.0046,1,ACTIVE,4,8,7
581,19439,11:05:00,0,86.00,0,1.0700,0.2840,0.0501,0.0046,1,ACTIVE,4,8,7
581,19440,11:05:30,0,73.00,0,1.9400,0.4770,0.1000,0.0115,1,ACTIVE,4,8,7
581,19441,11:06:00,0,0.00,0,2.3000,0.5430,0.1240,0.0115,1,ACTIVE,4,8,7
581,19442,11:06:30,0,96.00,0,1.4400,0.3450,0.0756,0.0115,1,ACTIVE,4,8,7
581,19443,11:07:00,0,35.00,0,0.7100,0.1760,0.0347,0.0117,1,ACTIVE,4,8,7
581,19444,11:07:30,0,4.00,0,0.7100,0.1800,0.0347,0.0117,1,ACTIVE,4,8,7
581,19445,11:08:00,0,0.00,0,0.9300,0.2190,0.0501,0.0046,0,ACTIVE,4,8,7
581,19446,11:08:30,0,4.00,0,0.8600,0.1880,0.0501,0.0046,1,ACTIVE,4,8,7
581,19447,11:09:00,0,1.00,0,0.8400,0.1800,0.0501,0.0046,0,ACTIVE,4,8,7
581,19448,11:09:30,0,103.00,0,0.6900,0.1690,0.0347,0.0117,1,ACTIVE,4,8,7
581,19449,11:10:00,0,6.00,0,0.6400,0.1450,0.0347,0.0117,1,ACTIVE,4,8,7
581,19450,11:10:30,0,147.00,0,1.0400,0.2720,0.0501,0.0046,1,ACTIVE,4,8,7
581,19451,11:11:00,0,181.00,0,3.7600,0.8020,0.2230,0.0279,1,ACTIVE,4,8,7
581,19452,11:11:30,0,54.00,0,5.2700,0.8750,0.3680,0.1050,1,ACTIVE,4,8,7
581,19453,11:12:00,0,147.00,0,2.7800,0.5310,0.1760,0.0583,1,ACTIVE,4,8,7
581,19454,11:12:30,0,0.00,0,2.0300,0.5200,0.1000,0.0046,1,ACTIVE,4,8,7
581,19455,11:13:00,0,82.00,0,1.6800,0.4570,0.0756,0.0046,1,ACTIVE,4,8,7
581,19456,11:13:30,0,0.00,0,2.0300,0.5200,0.1000,0.0046,1,ACTIVE,4,8,7
581,19457,11:14:00,0,79.00,0,1.1700,0.3300,0.0501,0.0046,1,ACTIVE,4,8,7
581,19458,11:14:30,0,1.00,0,1.9000,0.4570,0.1000,0.0115,1,ACTIVE,4,8,7
581,19459,11:15:00,0,38.00,0,2.6800,0.6050,0.1510,0.0115,1,ACTIVE,4,8,7
581,19460,11:15:30,0,61.00,0,1.4600,0.3600,0.0756,0.0046,1,ACTIVE,4,8,7
581,19461,11:16:00,0,70.00,0,1.1700,0.3300,0.0501,0.0046,1,ACTIVE,4,8,7
581,19462,11:16:30,0,96.00,0,1.3800,0.3370,0.0694,0.0292,1,ACTIVE,4,8,7
581,19463,11:17:00,0,4.00,0,1.8600,0.4370,0.1000,0.0115,1,ACTIVE,4,8,7
581,19464,11:17:30,0,1.00,0,2.2600,0.5200,0.1240,0.0162,1,ACTIVE,4,8,7
581,19465,11:18:00,0,4.00,0,1.6000,0.4190,0.0756,0.0115,1,ACTIVE,4,8,7
581,19466,11:18:30,0,157.00,0,1.9400,0.4770,0.1000,0.0046,1,ACTIVE,4,8,7
581,19467,11:19:00,0,6.00,0,2.6800,0.6050,0.1510,0.0115,1,ACTIVE,4,8,7
581,19468,11:19:30,0,187.00,0,1.8900,0.4570,0.1000,0.0046,1,ACTIVE,4,8,7
581,19469,11:20:00,0,123.00,0,2.2600,0.5200,0.1240,0.0162,1,ACTIVE,4,8,7
581,19470,11:20:30,0,0.00,0,2.5000,0.5200,0.1510,0.0230,1,ACTIVE,4,8,7
581,19471,11:21:00,0,0.00,0,2.5400,0.5430,0.1510,0.0162,1,ACTIVE,4,8,7
581,19472,11:21:30,0,269.00,0,1.8600,0.4370,0.1000,0.0115,1,ACTIVE,4,8,7
581,19473,11:22:00,0,21.00,0,1.3700,0.3160,0.0756,0.0115,1,ACTIVE,4,8,7
581,19474,11:22:30,0,73.00,0,1.0800,0.2900,0.0501,0.0046,1,ACTIVE,4,8,7
581,19475,11:23:00,0,12.00,0,1.8600,0.4370,0.1000,0.0115,1,ACTIVE,4,8,7
581,19476,11:23:30,0,13.00,0,1.5400,0.3920,0.0756,0.0115,1,ACTIVE,4,8,7
581,19477,11:24:00,0,123.00,0,1.5300,0.3920,0.0756,0.0046,1,ACTIVE,4,8,7
581,19478,11:24:30,0,4.00,0,2.3000,0.5430,0.1240,0.0115,1,ACTIVE,4,8,7
581,19479,11:25:00,0,114.00,0,2.7700,0.6460,0.1510,0.0162,1,ACTIVE,4,8,7
581,19480,11:25:30,0,32.00,0,1.3900,0.3230,0.0756,0.0115,1,ACTIVE,4,8,7
581,19481,11:26:00,0,70.00,0,1.1100,0.3030,0.0501,0.0046,1,ACTIVE,4,8,7
581,19482,11:26:30,0,27.00,0,1.9900,0.4980,0.1000,0.0115,1,ACTIVE,4,8,7
581,19483,11:27:00,0,45.00,0,2.3600,0.5670,0.1240,0.0162,1,ACTIVE,4,8,7
581,19484,11:27:30,0,8.00,0,1.9400,0.4770,0.1000,0.0115,1,ACTIVE,4,8,7
581,19485,11:28:00,0,63.00,0,1.9700,0.4870,0.1000,0.0115,1,ACTIVE,4,8,7
581,19486,11:28:30,0,21.00,0,1.1400,0.3160,0.0501,0.0046,1,ACTIVE,4,8,7
581,19487,11:29:00,0,15.00,0,1.0200,0.2600,0.0501,0.0046,1,ACTIVE,4,8,7
581,19488,11:29:30,0,49.00,0,1.3400,0.3030,0.0756,0.0115,1,ACTIVE,4,8,7
581,19489,11:30:00,0,61.00,0,0.7800,0.2090,0.0347,0.0117,1,ACTIVE,4,8,7
581,19490,11:30:30,0,100.00,0,1.8600,0.4370,0.1000,0.0162,1,ACTIVE,4,8,7
581,19491,11:31:00,0,1.00,0,1.5400,0.2900,0.1000,0.0162,1,ACTIVE,4,8,7
581,19492,11:31:30,0,328.00,0,1.7400,0.3840,0.1000,0.0162,1,ACTIVE,4,8,7
581,19493,11:32:00,0,54.00,0,0.8000,0.2190,0.0347,0.0117,1,ACTIVE,4,8,7
581,19494,11:32:30,0,86.00,0,1.8300,0.3920,0.1050,0.0412,1,ACTIVE,4,8,7
581,19495,11:33:00,0,75.00,0,0.3600,0.1650,0.0000,0.0000,1,ACTIVE,4,8,7
581,19496,11:33:30,0,0.00,0,0.6200,0.1360,0.0347,0.0117,1,ACTIVE,4,8,7
581,19497,11:34:00,0,0.00,0,0.5200,0.1360,0.0251,0.0000,0,ACTIVE,4,8,7
581,19498,11:34:30,0,0.00,0,0.6200,0.1360,0.0347,0.0117,0,ACTIVE,4,8,7
581,19499,11:35:00,0,0.00,0,0.6200,0.1360,0.0347,0.0117,0,ACTIVE,4,8,7
581,19500,11:35:30,0,0.00,0,0.6200,0.1360,0.0347,0.0117,0,ACTIVE,4,8,7
581,19501,11:36:00,0,0.00,0,0.3600,0.1580,0.0000,0.0117,0,ACTIVE,4,8,7
581,19502,11:36:30,0,15.00,0,0.3600,0.1580,0.0000,0.0117,0,ACTIVE,4,8,7
581,19503,11:37:00,0,25.00,0,0.5700,0.1580,0.0251,0.0000,1,ACTIVE,4,8,7
581,19504,11:37:30,0,0.00,0,0.6500,0.1510,0.0347,0.0117,0,ACTIVE,4,8,7
581,19505,11:38:00,0,0.00,0,0.6400,0.1450,0.0347,0.0117,0,ACTIVE,4,8,7
581,19506,11:38:30,0,0.00,0,0.6400,0.1450,0.0347,0.0117,0,ACTIVE,4,8,7
581,19507,11:39:00,0,11.00,0,0.7300,0.1880,0.0347,0.0117,1,ACTIVE,4,8,7
581,19508,11:39:30,0,63.00,0,1.5400,0.3920,0.0756,0.0115,1,ACTIVE,4,8,7
581,19509,11:40:00,0,114.00,0,3.6400,0.6460,0.2440,0.0694,1,ACTIVE,4,8,7
581,19510,11:40:30,0,66.00,0,3.7700,0.7040,0.2440,0.0694,1,ACTIVE,4,8,7
581,19511,11:41:00,0,93.00,0,0.6900,0.1690,0.0347,0.0117,1,ACTIVE,4,8,7
581,19512,11:41:30,0,0.00,0,0.6200,0.1360,0.0347,0.0117,1,ACTIVE,4,8,7
581,19513,11:42:00,0,23.00,0,0.3300,0.1420,0.0000,0.0117,1,ACTIVE,4,8,7
581,19514,11:42:30,0,438.00,0,0.8900,0.2600,0.0347,0.0117,1,ACTIVE,4,8,7
581,19515,11:43:00,0,221.00,0,0.7800,0.2090,0.0347,0.0117,1,ACTIVE,4,8,7
581,19516,11:43:30,0,438.00,0,1.8700,0.4470,0.1000,0.0046,1,ACTIVE,4,8,7
581,19517,11:44:00,0,424.00,0,1.1700,0.3300,0.0501,0.0046,1,ACTIVE,4,8,7
581,19518,11:44:30,0,483.00,0,2.0700,0.4370,0.1240,0.0162,1,ACTIVE,4,8,7
581,19519,11:45:00,0,175.00,0,0.7700,0.2050,0.0347,0.0117,1,ACTIVE,4,8,7
581,19520,11:45:30,0,151.00,0,36.7900,3.7300,3.2100,0.4100,1,ACTIVE,4,8,7
581,19521,11:46:00,0,35.00,0,96.1300,7.8000,8.8800,1.0400,1,ACTIVE,4,8,7
581,19522,11:46:30,0,193.00,0,75.6300,6.8500,6.8500,0.4870,1,ACTIVE,4,8,7
581,19523,11:47:00,0,175.00,0,18.2300,2.0800,1.5400,0.1610,1,ACTIVE,4,8,7
581,19524,11:47:30,0,452.00,0,20.7400,5.3900,0.9960,0.0825,1,ACTIVE,4,8,7
581,19525,11:48:00,0,137.00,0,25.9200,2.4200,2.3200,0.2440,1,ACTIVE,4,8,7
581,19526,11:48:30,0,1.00,0,8.2100,0.7510,0.7350,0.1020,1,ACTIVE,4,8,7
581,19527,11:49:00,0,0.00,0,6.6600,0.6740,0.5790,0.0825,1,ACTIVE,4,8,7
581,19528,11:49:30,0,0.00,0,6.4000,0.6600,0.5550,0.0773,0,ACTIVE,4,8,7
581,19529,11:50:00,0,4.00,0,7.4300,0.7040,0.6600,0.0880,0,ACTIVE,4,8,7
581,19530,11:50:30,0,70.00,0,5.8100,0.5430,0.5090,0.1450,1,ACTIVE,4,8,7
581,19531,11:51:00,0,0.00,0,4.1700,0.5310,0.3370,0.0412,0,ACTIVE,4,8,7
581,19532,11:51:30,0,9.00,0,5.9900,0.6180,0.5200,0.0650,0,ACTIVE,4,8,7
581,19533,11:52:00,0,1.00,0,4.4300,0.5550,0.3600,0.0460,0,ACTIVE,4,8,7
581,19534,11:52:30,0,0.00,0,4.4500,0.5670,0.3600,0.0460,0,ACTIVE,4,8,7
581,19535,11:53:00,0,45.00,0,4.1500,0.5200,0.3370,0.0460,1,ACTIVE,4,8,7
581,19536,11:53:30,0,73.00,0,7.5500,0.5200,0.7040,0.2090,1,ACTIVE,4,8,7
581,19537,11:54:00,0,61.00,0,6.5600,0.6320,0.5790,0.0773,1,ACTIVE,4,8,7
581,19538,11:54:30,0,0.00,0,10.1500,0.9130,0.9130,0.1240,0,ACTIVE,4,8,7
581,19539,11:55:00,0,11.00,0,8.8400,0.8370,0.7850,0.1020,1,ACTIVE,4,8,7
581,19540,11:55:30,0,1.00,0,6.9800,0.7200,0.6050,0.0825,0,ACTIVE,4,8,7
581,19541,11:56:00,0,11.00,0,5.7700,0.6050,0.4980,0.0650,1,ACTIVE,4,8,7
581,19542,11:56:30,0,100.00,0,6.0600,0.6460,0.5200,0.0724,1,ACTIVE,4,8,7
581,19543,11:57:00,0,1.00,0,4.7000,0.5790,0.3840,0.0535,0,ACTIVE,4,8,7
581,19544,11:57:30,0,63.00,0,6.6200,0.6600,0.5790,0.0825,1,ACTIVE,4,8,7
581,19545,11:58:00,0,0.00,0,6.7200,0.7040,0.5790,0.0773,1,ACTIVE,4,8,7
581,19546,11:58:30,0,15.00,0,5.2600,0.6180,0.4370,0.0571,1,ACTIVE,4,8,7
581,19547,11:59:00,0,0.00,0,4.6500,0.5550,0.3840,0.0535,1,ACTIVE,4,8,7
581,19548,11:59:30,0,73.00,0,4.4500,0.5670,0.3600,0.0460,1,ACTIVE,4,8,7
581,19549,12:00:00,0,424.00,0,57.7500,4.9500,5.2800,0.5310,1,ACTIVE,4,8,8
581,19550,12:00:30,0,398.00,0,15.0400,1.1600,1.3800,0.3760,1,ACTIVE,4,8,8
581,19551,12:01:00,0,438.00,0,2.1900,0.3840,0.1510,0.0162,1,ACTIVE,4,8,8
581,19552,12:01:30,0,754.00,0,3.8200,0.4570,0.3160,0.0412,1,ACTIVE,4,8,8
581,19553,12:02:00,0,483.00,0,3.8100,0.4570,0.3160,0.0347,1,ACTIVE,4,8,8
581,19554,12:02:30,0,644.00,0,93.9700,3.4200,9.4700,3.1400,1,ACTIVE,4,8,8
581,19555,12:03:00,0,883.00,0,58.0600,4.2500,5.5100,0.3450,1,ACTIVE,4,8,8
581,19556,12:03:30,0,467.00,0,10.2600,1.3500,0.8200,0.0939,1,ACTIVE,4,8,8
581,19557,12:04:00,0,424.00,0,78.6500,5.5100,7.3100,2.2700,1,ACTIVE,4,8,8
581,19558,12:04:30,0,467.00,0,39.4100,3.7300,3.5000,0.4770,1,ACTIVE,4,8,8
581,19559,12:05:00,0,548.00,0,40.2000,2.5800,3.9000,0.3230,1,ACTIVE,4,8,8
581,19560,12:05:30,0,644.00,0,55.2100,4.7400,5.0600,0.4190,1,ACTIVE,4,8,8
581,19561,12:06:00,0,686.00,0,81.4900,5.0600,7.9700,0.4870,1,ACTIVE,4,8,8
581,19562,12:06:30,0,452.00,0,37.5600,4.3400,3.1400,0.4280,1,ACTIVE,4,8,8
581,19563,12:07:00,0,644.00,0,49.4700,2.1300,5.0600,0.4570,1,ACTIVE,4,8,8
581,19564,12:07:30,0,483.00,0,0.8200,0.1690,0.0501,0.0046,1,ACTIVE,4,8,8
581,19565,12:08:00,0,317.00,0,226.0300,4.6400,23.5000,8.8800,1,ACTIVE,4,8,8
581,19566,12:08:30,0,306.00,0,10.3600,1.3200,0.8370,0.1020,1,ACTIVE,4,8,8
581,19567,12:09:00,0,66.00,0,0.8600,0.1880,0.0501,0.0046,1,ACTIVE,4,8,8
581,19568,12:09:30,0,665.00,0,367.4000,25.7000,34.0000,11.8000,1,ACTIVE,4,8,8
581,19569,12:10:00,0,548.00,0,2.6600,0.1960,0.2440,0.0880,1,ACTIVE,4,8,8
581,19570,12:10:30,0,181.00,0,0.5900,0.1220,0.0347,0.0117,1,ACTIVE,4,8,8
581,19571,12:11:00,0,261.00,0,0.5900,0.1220,0.0347,0.0117,1,ACTIVE,4,8,8
581,19572,12:11:30,0,244.00,0,0.6400,0.1450,0.0347,0.0117,1,ACTIVE,4,8,8
581,19573,12:12:00,0,100.00,0,1.8800,0.4470,0.1000,0.0162,1,ACTIVE,4,8,8
581,19574,12:12:30,0,33.00,0,1.4000,0.3300,0.0756,0.0115,1,ACTIVE,4,8,8
581,19575,12:13:00,0,5.00,0,0.6000,0.1300,0.0347,0.0117,1,ACTIVE,4,8,8
581,19576,12:13:30,0,100.00,0,0.6200,0.1360,0.0347,0.0117,1,ACTIVE,4,8,8
581,19577,12:14:00,0,147.00,0,0.6900,0.1690,0.0347,0.0117,1,ACTIVE,4,8,8
581,19578,12:14:30,0,0.00,0,0.6200,0.1360,0.0347,0.0117,1,ACTIVE,4,8,8
581,19579,12:15:00,0,0.00,0,0.6400,0.1450,0.0347,0.0117,1,ACTIVE,4,8,8
581,19580,12:15:30,0,200.00,0,0.6500,0.1510,0.0347,0.0117,1,ACTIVE,4,8,8
581,19581,12:16:00,0,0.00,0,0.5500,0.1070,0.0347,0.0117,1,ACTIVE,4,8,8
581,19582,12:16:30,0,6.00,0,0.2700,0.1220,0.0000,0.0000,1,ACTIVE,4,8,8
581,19583,12:17:00,0,4.00,0,0.5500,0.1070,0.0347,0.0117,1,ACTIVE,4,8,8
581,19584,12:17:30,0,123.00,0,0.5500,0.1070,0.0347,0.0117,1,ACTIVE,4,8,8
581,19585,12:18:00,0,34.00,0,0.5500,0.1070,0.0347,0.0117,1,ACTIVE,4,8,8
581,19586,12:18:30,0,14.00,0,0.4700,0.1140,0.0251,0.0000,1,ACTIVE,4,8,8
581,19587,12:19:00,0,29.00,0,0.6200,0.1360,0.0347,0.0117,1,ACTIVE,4,8,8
581,19588,12:19:30,0,49.00,0,0.5700,0.1140,0.0347,0.0117,1,ACTIVE,4,8,8
581,19589,12:20:00,0,221.00,0,0.4700,0.1140,0.0251,0.0000,1,ACTIVE,4,8,8
581,19590,12:20:30,0,244.00,0,0.5700,0.1140,0.0347,0.0117,1,ACTIVE,4,8,8
581,19591,12:21:00,0,193.00,0,0.5700,0.1140,0.0347,0.0117,1,ACTIVE,4,8,8
581,19592,12:21:30,0,288.00,0,1.0200,0.2600,0.0501,0.0046,1,ACTIVE,4,8,8
581,19593,12:22:00,0,252.00,0,0.9500,0.1360,0.0694,0.0412,1,ACTIVE,4,8,8
581,19594,12:22:30,0,306.00,0,0.4700,0.1140,0.0251,0.0000,1,ACTIVE,4,8,8
581,19595,12:23:00,0,362.00,0,7.5300,1.1600,0.5430,0.1920,1,ACTIVE,4,8,8
581,19596,12:23:30,0,328.00,0,0.7300,0.1880,0.0347,0.0117,1,ACTIVE,4,8,8
581,19597,12:24:00,0,200.00,0,1.7800,0.3030,0.1240,0.0162,1,ACTIVE,4,8,8
581,19598,12:24:30,0,110.00,0,0.6200,0.1360,0.0347,0.0117,1,ACTIVE,4,8,8
581,19599,12:25:00,0,350.00,0,1.6600,0.1690,0.1390,0.0694,1,ACTIVE,4,8,8
581,19600,12:25:30,0,362.00,0,3.4200,0.2380,0.3160,0.1170,1,ACTIVE,4,8,8
581,19601,12:26:00,0,96.00,0,3.1200,0.2600,0.2770,0.1050,1,ACTIVE,4,8,8
581,19602,12:26:30,0,86.00,0,2.1200,0.2280,0.1760,0.0694,1,ACTIVE,4,8,8
581,19603,12:27:00,0,79.00,0,2.1900,0.2600,0.1760,0.0694,1,ACTIVE,4,8,8
581,19604,12:27:30,0,151.00,0,4.4900,0.3760,0.4010,0.1330,1,ACTIVE,4,8,8
581,19605,12:28:00,0,45.00,0,9.2200,0.7350,0.8370,0.2380,1,ACTIVE,4,8,8
581,19606,12:28:30,0,86.00,0,12.4800,0.7680,1.1800,0.3760,1,ACTIVE,4,8,8
581,19607,12:29:00,0,147.00,0,1.6800,0.2600,0.1240,0.0162,1,ACTIVE,4,8,8
581,19608,12:29:30,0,133.00,0,4.1800,0.3840,0.3680,0.1050,1,ACTIVE,4,8,8
581,19609,12:30:00,0,147.00,0,2.9600,0.3300,0.2440,0.0880,1,ACTIVE,4,8,8
581,19610,12:30:30,0,163.00,0,4.9100,0.4190,0.4370,0.1450,1,ACTIVE,4,8,8
581,19611,12:31:00,0,13.00,0,2.1300,0.2380,0.1760,0.0583,1,ACTIVE,4,8,8
581,19612,12:31:30,0,47.00,0,3.6100,0.3300,0.3160,0.1050,1,ACTIVE,4,8,8
581,19613,12:32:00,0,137.00,0,2.8000,0.2600,0.2440,0.0880,1,ACTIVE,4,8,8
581,19614,12:32:30,0,89.00,0,5.0400,0.4670,0.4370,0.1650,1,ACTIVE,4,8,8
581,19615,12:33:00,0,119.00,0,3.6100,0.3230,0.3160,0.1170,1,ACTIVE,4,8,8
581,19616,12:33:30,0,79.00,0,11.8600,2.2200,0.7680,0.2090,1,ACTIVE,4,8,8
581,19617,12:34:00,0,89.00,0,10.2700,0.7200,0.9540,0.2960,1,ACTIVE,4,8,8
581,19618,12:34:30,0,147.00,0,15.2900,1.0400,1.4100,0.6050,1,ACTIVE,4,8,8
581,19619,12:35:00,0,137.00,0,1.0600,0.1760,0.0756,0.0115,1,ACTIVE,4,8,8
581,19620,12:35:30,0,33.00,0,0.6400,0.1450,0.0347,0.0117,1,ACTIVE,4,8,8
581,19621,12:36:00,0,19.00,0,0.6000,0.1300,0.0347,0.0117,1,ACTIVE,4,8,8
581,19622,12:36:30,0,114.00,0,0.9600,0.1450,0.0694,0.0292,1,ACTIVE,4,8,8
581,19623,12:37:00,0,11.00,0,0.9700,0.1450,0.0694,0.0412,1,ACTIVE,4,8,8
581,19624,12:37:30,0,133.00,0,4.7000,0.3230,0.4370,0.1450,1,ACTIVE,4,8,8
581,19625,12:38:00,0,100.00,0,7.6300,0.3920,0.7350,0.2960,1,ACTIVE,4,8,8
581,19626,12:38:30,0,75.00,0,4.0200,0.2900,0.3680,0.1450,1,ACTIVE,4,8,8
581,19627,12:39:00,0,181.00,0,4.1300,0.3300,0.3680,0.1650,1,ACTIVE,4,8,8
581,19628,12:39:30,0,228.00,0,0.5700,0.1140,0.0347,0.0117,1,ACTIVE,4,8,8
581,19629,12:40:00,0,147.00,0,0.5700,0.1140,0.0347,0.0117,1,ACTIVE,4,8,8
581,19630,12:40:30,0,244.00,0,0.5700,0.1140,0.0347,0.0117,1,ACTIVE,4,8,8
581,19631,12:41:00,0,207.00,0,1.2500,0.2770,0.0694,0.0292,1,ACTIVE,4,8,8
581,19632,12:41:30,0,306.00,0,2.5400,0.4190,0.1760,0.0694,1,ACTIVE,4,8,8
581,19633,12:42:00,0,187.00,0,2.0100,0.6050,0.0756,0.0115,1,ACTIVE,4,8,8
581,19634,12:42:30,0,187.00,0,2.2500,0.4370,0.1390,0.0583,1,ACTIVE,4,8,8
581,19635,12:43:00,0,228.00,0,491.9400,21.6000,48.1000,21.1000,1,ACTIVE,4,8,8
581,19636,12:43:30,0,1.00,0,1367.310,61.0000,133.0000,61.0000,1,ACTIVE,4,8,8
581,19637,12:44:00,0,128.00,0,1213.220,51.3000,119.0000,49.1000,1,ACTIVE,4,8,8
581,19638,12:44:30,0,47.00,0,1034.910,47.1000,103.0000,29.2000,1,ACTIVE,4,8,8
581,19639,12:45:00,0,40.00,0,874.5900,40.4000,86.3000,26.8000,1,ACTIVE,4,8,8
581,19640,12:45:30,0,70.00,0,971.8000,44.1000,96.2000,29.2000,1,ACTIVE,4,8,8
581,19641,12:46:00,0,36.00,0,913.3100,42.2000,90.1000,28.0000,1,ACTIVE,4,8,8
581,19642,12:46:30,0,38.00,0,912.0200,42.2000,90.1000,26.8000,1,ACTIVE,4,8,8
581,19643,12:47:00,0,52.00,0,682.1500,33.3000,66.6000,23.5000,1,ACTIVE,4,8,8
581,19644,12:47:30,0,29.00,0,702.7100,30.5000,68.0000,36.3000,1,ACTIVE,4,8,8
581,19645,12:48:00,0,103.00,0,347.6000,16.6000,33.3000,17.8000,1,ACTIVE,4,8,8
581,19646,12:48:30,0,114.00,0,2.2300,0.6050,0.1000,0.0162,1,ACTIVE,4,8,8
581,19647,12:49:00,0,278.00,0,1.9000,0.4570,0.1000,0.0162,1,ACTIVE,4,8,8
581,19648,12:49:30,0,4.00,0,2.9300,0.5920,0.1760,0.0694,1,ACTIVE,4,8,8
581,19649,12:50:00,0,18.00,0,2.3100,0.4670,0.1390,0.0583,1,ACTIVE,4,8,8
581,19650,12:50:30,0,0.00,0,1.3500,0.3230,0.0694,0.0292,0,ACTIVE,4,8,8
581,19651,12:51:00,0,0.00,0,1.2500,0.2770,0.0694,0.0292,0,ACTIVE,4,8,8
581,19652,12:51:30,0,0.00,0,1.6800,0.3230,0.1050,0.0412,0,ACTIVE,4,8,8
581,19653,12:52:00,0,0.00,0,1.8500,0.4010,0.1050,0.0412,0,ACTIVE,4,8,8
581,19654,12:52:30,0,47.00,0,3.3900,0.6600,0.2090,0.0880,1,ACTIVE,4,8,8
581,19655,12:53:00,0,42.00,0,6.0700,1.0900,0.4010,0.1450,1,ACTIVE,4,8,8
581,19656,12:53:30,0,66.00,0,5.9700,1.0400,0.4010,0.1450,1,ACTIVE,4,8,8
581,19657,12:54:00,0,4.00,0,1.7100,0.3370,0.1050,0.0412,1,ACTIVE,4,8,8
581,19658,12:54:30,0,0.00,0,1.7400,0.3520,0.1050,0.0412,1,ACTIVE,4,8,8
581,19659,12:55:00,0,0.00,0,1.5900,0.2840,0.1050,0.0412,1,ACTIVE,4,8,8
581,19660,12:55:30,0,4.00,0,1.2400,0.2720,0.0694,0.0292,1,ACTIVE,4,8,8
581,19661,12:56:00,0,317.00,0,3.1400,0.5550,0.2090,0.0694,1,ACTIVE,4,8,8
581,19662,12:56:30,0,261.00,0,3.1600,0.4190,0.2440,0.0880,1,ACTIVE,4,8,8
581,19663,12:57:00,0,317.00,0,1.3700,0.3300,0.0694,0.0292,1,ACTIVE,4,8,8
581,19664,12:57:30,0,79.00,0,4.4400,0.8560,0.2770,0.1050,1,ACTIVE,4,8,8
581,19665,12:58:00,0,2.00,0,2.3300,0.4770,0.1390,0.0583,1,ACTIVE,4,8,8
581,19666,12:58:30,0,0.00,0,2.3300,0.4770,0.1390,0.0583,1,ACTIVE,4,8,8
581,19667,12:59:00,0,70.00,0,2.7600,0.3840,0.2090,0.0694,1,ACTIVE,4,8,8
581,19668,12:59:30,0,29.00,0,0.8200,0.2280,0.0347,0.0117,1,ACTIVE,4,8,8
581,19669,13:00:00,0,61.00,0,0.8000,0.2190,0.0347,0.0117,1,ACTIVE,4,8,8
581,19670,13:00:30,0,123.00,0,2.4400,0.3760,0.1760,0.0583,1,ACTIVE,4,8,8
581,19671,13:01:00,0,4.00,0,1.3900,0.3230,0.0756,0.0115,1,ACTIVE,4,8,8
581,19672,13:01:30,0,18.00,0,2.5300,0.4190,0.1760,0.0583,1,ACTIVE,4,8,8
581,19673,13:02:00,0,8.00,0,3.3600,0.5200,0.2440,0.0694,1,ACTIVE,4,8,8
581,19674,13:02:30,0,96.00,0,5.1800,0.8200,0.3680,0.1330,1,ACTIVE,4,8,8
581,19675,13:03:00,0,9.00,0,10.0000,1.3500,0.7680,0.2660,1,ACTIVE,4,8,8
581,19676,13:03:30,0,7.00,0,9.0200,1.1600,0.7040,0.2660,1,ACTIVE,4,8,8
581,19677,13:04:00,0,79.00,0,8.0000,0.9750,0.6180,0.3920,1,ACTIVE,4,8,8
581,19678,13:04:30,0,221.00,0,108.7100,6.2800,10.3000,3.9800,1,ACTIVE,4,8,8
581,19679,13:05:00,0,137.00,0,762.6200,31.2000,74.2000,40.4000,1,ACTIVE,4,8,8
581,19680,13:05:30,0,200.00,0,1373.190,54.8000,133.0000,79.2000,1,ACTIVE,4,8,8
581,19681,13:06:00,0,110.00,0,777.5800,26.8000,79.2000,23.0000,1,ACTIVE,4,8,8
581,19682,13:06:30,0,33.00,0,1027.390,34.8000,105.0000,29.2000,1,ACTIVE,4,8,8
581,19683,13:07:00,0,1.00,0,190.5800,10.6000,18.1000,7.6300,1,ACTIVE,4,8,8
581,19684,13:07:30,0,61.00,0,250.4800,12.8000,24.0000,10.6000,1,ACTIVE,4,8,8
581,19685,13:08:00,0,29.00,0,917.0300,34.0000,90.1000,48.1000,1,ACTIVE,4,8,8
581,19686,13:08:30,0,103.00,0,1353.610,49.1000,133.0000,72.6000,1,ACTIVE,4,8,8
581,19687,13:09:00,0,0.00,0,1265.300,46.1000,125.0000,65.1000,1,ACTIVE,4,8,8
581,19688,13:09:30,0,7.00,0,1237.580,44.1000,122.0000,65.1000,1,ACTIVE,4,8,8
581,19689,13:10:00,0,86.00,0,654.4700,29.9000,62.4000,38.7000,1,ACTIVE,4,8,8
581,19690,13:10:30,0,0.00,0,261.6500,14.0000,25.1000,9.8900,0,ACTIVE,4,8,8
581,19691,13:11:00,0,22.00,0,943.0300,28.0000,96.2000,35.5000,1,ACTIVE,4,8,8
581,19692,13:11:30,0,0.00,0,1214.520,46.1000,119.0000,61.0000,0,ACTIVE,4,8,8
581,19693,13:12:00,0,27.00,0,1157.760,40.4000,114.0000,61.0000,1,ACTIVE,4,8,8
581,19694,13:12:30,0,56.00,0,1345.960,44.1000,133.0000,75.8000,1,ACTIVE,4,8,8
581,19695,13:13:00,0,20.00,0,20.7500,1.6400,1.8700,0.7200,1,ACTIVE,4,8,8
581,19696,13:13:30,0,1.00,0,8.9100,1.6000,0.5790,0.2660,1,ACTIVE,4,8,8
581,19697,13:14:00,0,68.00,0,5.4600,0.8020,0.4010,0.1650,1,ACTIVE,4,8,8
581,19698,13:14:30,0,123.00,0,36.2400,7.1500,0.6320,13.7000,1,ACTIVE,4,8,8
581,19699,13:15:00,0,107.00,0,6.8100,0.3300,0.6460,0.3920,1,ACTIVE,4,8,8
581,19700,13:15:30,0,70.00,0,2.5000,0.2600,0.2090,0.0880,1,ACTIVE,4,8,8
581,19701,13:16:00,0,137.00,0,6.1600,0.5310,0.5430,0.2090,1,ACTIVE,4,8,8
581,19702,13:16:30,0,18.00,0,1.1100,0.1960,0.0756,0.0115,1,ACTIVE,4,8,8
581,19703,13:17:00,0,79.00,0,1.8500,0.2600,0.1390,0.0583,1,ACTIVE,4,8,8
581,19704,13:17:30,0,261.00,0,0.9500,0.2280,0.0501,0.0046,1,ACTIVE,4,8,8
581,19705,13:18:00,0,103.00,0,3.3600,0.6460,0.2090,0.0880,1,ACTIVE,4,8,8
581,19706,13:18:30,0,103.00,0,7.6000,0.5200,0.7040,0.2600,1,ACTIVE,4,8,8
581,19707,13:19:00,0,96.00,0,2.8300,0.4190,0.2090,0.0694,1,ACTIVE,4,8,8
581,19708,13:19:30,0,0.00,0,3.7500,0.3920,0.3160,0.1050,1,ACTIVE,4,8,8
581,19709,13:20:00,0,0.00,0,4.6700,0.4570,0.4010,0.1330,0,ACTIVE,4,8,8
581,19710,13:20:30,0,1.00,0,2.9000,0.4100,0.2230,0.0347,1,ACTIVE,4,8,8
581,19711,13:21:00,0,0.00,0,2.6400,0.3840,0.2000,0.0279,1,ACTIVE,4,8,8
581,19712,13:21:30,0,151.00,0,3.9600,0.4870,0.3160,0.1050,1,ACTIVE,4,8,8
581,19713,13:22:00,0,49.00,0,4.0200,0.6740,0.2770,0.0880,1,ACTIVE,4,8,8
581,19714,13:22:30,0,6.00,0,883.2500,27.4000,88.2000,46.1000,1,ACTIVE,4,8,8
581,19715,13:23:00,0,147.00,0,1123.940,42.2000,112.0000,46.1000,1,ACTIVE,4,8,8
581,19716,13:23:30,0,114.00,0,117.0900,12.8000,10.1000,0.1550,1,ACTIVE,4,8,8
581,19717,13:24:00,0,93.00,0,211.1200,20.2000,18.9000,0.4190,1,ACTIVE,4,8,8
581,19718,13:24:30,0,350.00,0,1237.580,44.1000,122.0000,65.1000,1,ACTIVE,4,8,8
581,19719,13:25:00,0,261.00,0,1269.100,44.1000,125.0000,72.6000,1,ACTIVE,4,8,8
581,19720,13:25:30,0,107.00,0,709.2700,31.9000,68.0000,39.6000,1,ACTIVE,4,8,8
581,19721,13:26:00,0,181.00,0,748.5800,23.0000,74.2000,44.1000,1,ACTIVE,4,8,8
581,19722,13:26:30,0,38.00,0,1229.490,40.4000,122.0000,65.1000,1,ACTIVE,4,8,8
581,19723,13:27:00,0,54.00,0,867.0000,24.0000,88.2000,37.9000,1,ACTIVE,4,8,8
581,19724,13:27:30,0,0.00,0,220.9900,9.2700,21.6000,10.6000,1,ACTIVE,4,8,8
581,19725,13:28:00,0,6.00,0,317.2800,12.3000,31.2000,15.6000,1,ACTIVE,4,8,8
581,19726,13:28:30,0,26.00,0,847.7900,25.7000,84.5000,47.1000,1,ACTIVE,4,8,8
581,19727,13:29:00,0,18.00,0,966.1200,31.2000,96.2000,50.2000,1,ACTIVE,4,8,8
581,19728,13:29:30,0,181.00,0,889.8300,29.9000,88.2000,47.1000,1,ACTIVE,4,8,8
581,19729,13:30:00,0,54.00,0,1175.900,38.7000,117.0000,61.0000,1,ACTIVE,4,8,8
581,19730,13:30:30,0,66.00,0,1176.740,37.1000,117.0000,65.1000,1,ACTIVE,4,8,8
581,19731,13:31:00,0,70.00,0,839.8600,23.5000,84.5000,44.1000,1,ACTIVE,4,8,8
581,19732,13:31:30,0,123.00,0,588.1600,21.6000,57.2000,36.3000,1,ACTIVE,4,8,8
581,19733,13:32:00,0,59.00,0,19.4900,1.2600,1.8300,0.6460,1,ACTIVE,4,8,8
581,19734,13:32:30,0,1.00,0,514.3500,14.6000,51.3000,29.9000,1,ACTIVE,4,8,8
581,19735,13:33:00,0,59.00,0,313.8100,6.5600,31.9000,18.5000,1,ACTIVE,4,8,8
581,19736,13:33:30,0,33.00,0,40.2900,2.8800,3.7300,1.1300,1,ACTIVE,4,8,8
581,19737,13:34:00,0,52.00,0,30.5500,2.2200,2.8200,0.8940,1,ACTIVE,4,8,8
581,19738,13:34:30,0,45.00,0,31.5800,1.9100,3.0100,0.9540,1,ACTIVE,4,8,8
581,19739,13:35:00,0,103.00,0,119.4400,4.6400,11.8000,5.6300,1,ACTIVE,4,8,8
581,19740,13:35:30,0,32.00,0,292.5400,11.5000,28.6000,15.3000,1,ACTIVE,4,8,8
581,19741,13:36:00,0,56.00,0,51.3500,5.3900,1.6400,23.0000,1,ACTIVE,4,8,8
581,19742,13:36:30,0,100.00,0,49.4000,3.2100,4.6400,1.5700,1,ACTIVE,4,8,8
581,19743,13:37:00,0,36.00,0,52.5600,3.3500,4.9500,1.6700,1,ACTIVE,4,8,8
581,19744,13:37:30,0,151.00,0,354.0700,26.2000,31.9000,15.6000,1,ACTIVE,4,8,8
581,19745,13:38:00,0,33.00,0,965.8500,40.4000,96.2000,31.2000,1,ACTIVE,4,8,8
581,19746,13:38:30,0,11.00,0,886.6200,38.7000,86.3000,41.3000,1,ACTIVE,4,8,8
581,19747,13:39:00,0,5.00,0,984.9200,42.2000,96.2000,45.1000,1,ACTIVE,4,8,8
581,19748,13:39:30,0,73.00,0,958.0700,38.7000,94.1000,44.1000,1,ACTIVE,4,8,8
581,19749,13:40:00,0,28.00,0,1166.560,38.7000,117.0000,52.4000,1,ACTIVE,4,8,8
581,19750,13:40:30,0,2.00,0,1222.780,44.1000,119.0000,72.6000,0,ACTIVE,4,8,8
581,19751,13:41:00,0,0.00,0,1175.900,38.7000,117.0000,61.0000,0,ACTIVE,4,8,8
581,19752,13:41:30,0,0.00,0,1202.790,38.7000,119.0000,65.1000,0,ACTIVE,4,8,8
581,19753,13:42:00,0,0.00,0,1175.900,38.7000,117.0000,61.0000,0,ACTIVE,4,8,8
581,19754,13:42:30,0,0.00,0,1180.370,38.7000,117.0000,65.1000,0,ACTIVE,4,8,8
581,19755,13:43:00,0,0.00,0,1198.320,38.7000,119.0000,61.0000,0,ACTIVE,4,8,8
581,19756,13:43:30,0,19.00,0,1206.580,40.4000,119.0000,65.1000,0,ACTIVE,4,8,8
581,19757,13:44:00,0,0.00,0,1272.140,49.1000,125.0000,65.1000,0,ACTIVE,4,8,8
581,19758,13:44:30,0,0.00,0,1272.140,49.1000,125.0000,65.1000,0,ACTIVE,4,8,8
581,19759,13:45:00,0,0.00,0,1267.680,49.1000,125.0000,61.0000,0,ACTIVE,4,8,8
581,19760,13:45:30,0,4.00,0,1267.680,49.1000,125.0000,61.0000,0,ACTIVE,4,8,8
581,19761,13:46:00,0,0.00,0,1244.270,49.1000,122.0000,61.0000,0,ACTIVE,4,8,8
581,19762,13:46:30,0,0.00,0,1239.660,47.1000,122.0000,61.0000,0,ACTIVE,4,8,8
581,19763,13:47:00,0,0.00,0,1244.270,49.1000,122.0000,61.0000,0,ACTIVE,4,8,8
581,19764,13:47:30,0,16.00,0,1244.270,49.1000,122.0000,61.0000,0,ACTIVE,4,8,8
581,19765,13:48:00,0,0.00,0,1157.530,42.2000,114.0000,57.2000,0,ACTIVE,4,8,8
581,19766,13:48:30,0,21.00,0,1179.470,42.2000,117.0000,57.2000,1,ACTIVE,4,8,8
581,19767,13:49:00,0,47.00,0,16.4700,0.9130,1.5700,0.6460,1,ACTIVE,4,8,8
581,19768,13:49:30,0,0.00,0,140.8000,6.4200,13.7000,6.1400,0,ACTIVE,4,8,8
581,19769,13:50:00,0,0.00,0,153.2100,6.8500,14.9000,6.7000,0,ACTIVE,4,8,8
581,19770,13:50:30,0,0.00,0,153.2100,6.8500,14.9000,6.7000,0,ACTIVE,4,8,8
581,19771,13:51:00,0,0.00,0,135.7100,6.4200,13.1000,6.1400,0,ACTIVE,4,8,8
581,19772,13:51:30,0,0.00,0,135.5700,6.4200,13.1000,6.0100,0,ACTIVE,4,8,8
581,19773,13:52:00,0,11.00,0,147.3400,6.7000,14.3000,6.7000,1,ACTIVE,4,8,8
581,19774,13:52:30,0,93.00,0,603.7600,21.1000,59.7000,31.2000,1,ACTIVE,4,8,8
581,19775,13:53:00,0,207.00,0,25.2500,2.4700,2.2200,0.3160,1,ACTIVE,4,8,8
581,19776,13:53:30,0,133.00,0,52.5900,3.5000,4.9500,1.4100,1,ACTIVE,4,8,8
581,19777,13:54:00,0,0.00,0,87.1500,7.4700,7.8000,2.1700,1,ACTIVE,4,8,8
581,19778,13:54:30,0,0.00,0,71.6300,6.1400,6.4200,1.7100,1,ACTIVE,4,8,8
581,19779,13:55:00,0,47.00,0,22.6700,3.5000,1.6700,0.2490,1,ACTIVE,4,8,8
581,19780,13:55:30,0,96.00,0,1.7400,0.2900,0.1240,0.0115,1,ACTIVE,4,8,8
581,19781,13:56:00,0,317.00,0,8.1200,1.2400,0.6050,0.0773,1,ACTIVE,4,8,8
581,19782,13:56:30,0,362.00,0,5.0900,0.3030,0.4770,0.2230,1,ACTIVE,4,8,8
581,19783,13:57:00,0,411.00,0,85.6100,3.9000,8.5000,2.3200,1,ACTIVE,4,8,8
581,19784,13:57:30,0,261.00,0,0.2400,0.1070,0.0000,0.0000,1,ACTIVE,4,8,8
581,19785,13:58:00,0,169.00,0,0.9300,0.1300,0.0694,0.0292,1,ACTIVE,4,8,8
581,19786,13:58:30,0,193.00,0,8.2700,1.5400,0.5550,0.0162,1,ACTIVE,4,8,8
581,19787,13:59:00,0,181.00,0,12463.28,521.0000,1210.000,633.0000,1,ACTIVE,4,8,8
581,19788,13:59:30,0,452.00,0,0.2900,0.1300,0.0000,0.0000,1,ACTIVE,4,8,8
581,19789,14:00:00,0,187.00,0,0.2400,0.1070,0.0000,0.0000,1,ACTIVE,4,8,8
581,19790,14:00:30,0,244.00,0,0.8200,0.2280,0.0347,0.0117,1,ACTIVE,4,8,8
581,19791,14:01:00,0,228.00,0,0.3300,0.1420,0.0000,0.0117,1,ACTIVE,4,8,8
581,19792,14:01:30,0,269.00,0,0.3300,0.1450,0.0000,0.0117,1,ACTIVE,4,8,8
581,19793,14:02:00,0,214.00,0,0.2700,0.1220,0.0000,0.0000,1,ACTIVE,4,8,8
581,19794,14:02:30,0,269.00,0,0.2700,0.1220,0.0000,0.0000,1,ACTIVE,4,8,8
581,19795,14:03:00,0,306.00,0,0.3600,0.1580,0.0000,0.0117,1,ACTIVE,4,8,8
581,19796,14:03:30,0,328.00,0,2.1600,0.2770,0.1760,0.0046,1,ACTIVE,4,8,8
581,19797,14:04:00,0,362.00,0,1.0100,0.3160,0.0347,0.0117,1,ACTIVE,4,8,8
581,19798,14:04:30,0,411.00,0,0.4200,0.1920,0.0000,0.0000,1,ACTIVE,4,8,8
581,19799,14:05:00,0,362.00,0,0.4900,0.2140,0.0000,0.0117,1,ACTIVE,4,8,8
581,19800,14:05:30,0,398.00,0,0.5100,0.2230,0.0000,0.0117,1,ACTIVE,4,8,8
581,19801,14:06:00,0,385.00,0,0.3800,0.1720,0.0000,0.0000,1,ACTIVE,4,8,8
581,19802,14:06:30,0,338.00,0,0.3600,0.1580,0.0000,0.0117,1,ACTIVE,4,8,8
581,19803,14:07:00,0,306.00,0,0.4100,0.1800,0.0000,0.0117,1,ACTIVE,4,8,8
581,19804,14:07:30,0,221.00,0,0.3300,0.1420,0.0000,0.0117,1,ACTIVE,4,8,8
581,19805,14:08:00,0,187.00,0,0.3300,0.1420,0.0000,0.0117,1,ACTIVE,4,8,8
581,19806,14:08:30,0,193.00,0,0.3300,0.1420,0.0000,0.0117,1,ACTIVE,4,8,8
581,19807,14:09:00,0,252.00,0,0.3000,0.1300,0.0000,0.0117,1,ACTIVE,4,8,8
581,19808,14:09:30,0,269.00,0,0.3300,0.1420,0.0000,0.0117,1,ACTIVE,4,8,8
581,19809,14:10:00,0,187.00,0,0.2900,0.1300,0.0000,0.0000,1,ACTIVE,4,8,8
581,19810,14:10:30,0,317.00,0,0.3000,0.1300,0.0000,0.0117,1,ACTIVE,4,8,8
581,19811,14:11:00,0,278.00,0,0.3300,0.1420,0.0000,0.0117,1,ACTIVE,4,8,8
581,19812,14:11:30,0,278.00,0,0.3300,0.1450,0.0000,0.0117,1,ACTIVE,4,8,8
581,19813,14:12:00,0,328.00,0,0.3300,0.1420,0.0000,0.0117,1,ACTIVE,4,8,8
581,19814,14:12:30,0,244.00,0,0.3300,0.1420,0.0000,0.0117,1,ACTIVE,4,8,8
581,19815,14:13:00,0,221.00,0,0.3000,0.1300,0.0000,0.0117,1,ACTIVE,4,8,8
581,19816,14:13:30,0,244.00,0,0.3000,0.1300,0.0000,0.0117,1,ACTIVE,4,8,8
581,19817,14:14:00,0,288.00,0,0.3300,0.1420,0.0000,0.0117,1,ACTIVE,4,8,8
581,19818,14:14:30,0,317.00,0,0.3300,0.1420,0.0000,0.0117,1,ACTIVE,4,8,8
581,19819,14:15:00,0,278.00,0,0.3300,0.1420,0.0000,0.0117,1,ACTIVE,4,8,8
581,19820,14:15:30,0,306.00,0,0.5700,0.1140,0.0347,0.0117,1,ACTIVE,4,8,8
581,19821,14:16:00,0,288.00,0,0.3300,0.1420,0.0000,0.0117,1,ACTIVE,4,8,8
581,19822,14:16:30,0,306.00,0,0.2800,0.1220,0.0000,0.0117,1,ACTIVE,4,8,8
581,19823,14:17:00,0,261.00,0,0.3000,0.1300,0.0000,0.0117,1,ACTIVE,4,8,8
581,19824,14:17:30,0,236.00,0,0.2800,0.1220,0.0000,0.0117,1,ACTIVE,4,8,8
581,19825,14:18:00,0,236.00,0,0.2700,0.1220,0.0000,0.0000,1,ACTIVE,4,8,8
581,19826,14:18:30,0,236.00,0,0.3100,0.1420,0.0000,0.0000,1,ACTIVE,4,8,8
581,19827,14:19:00,0,317.00,0,0.2700,0.1220,0.0000,0.0000,1,ACTIVE,4,8,8
581,19828,14:19:30,0,200.00,0,0.2400,0.1070,0.0000,0.0000,1,ACTIVE,4,8,8
581,19829,14:20:00,0,236.00,0,0.2400,0.1070,0.0000,0.0000,1,ACTIVE,4,8,8
581,19830,14:20:30,0,269.00,0,0.2700,0.1220,0.0000,0.0000,1,ACTIVE,4,8,8
581,19831,14:21:00,0,288.00,0,0.2900,0.1300,0.0000,0.0000,1,ACTIVE,4,8,8
581,19832,14:21:30,0,328.00,0,0.2400,0.1070,0.0000,0.0000,1,ACTIVE,4,8,8
581,19833,14:22:00,0,288.00,0,0.2700,0.1220,0.0000,0.0000,1,ACTIVE,4,8,8
581,19834,14:22:30,0,317.00,0,0.2500,0.1120,0.0000,0.0000,1,ACTIVE,4,8,8
581,19835,14:23:00,0,261.00,0,0.2700,0.1220,0.0000,0.0000,1,ACTIVE,4,8,8
581,19836,14:23:30,0,261.00,0,0.2700,0.1220,0.0000,0.0000,1,ACTIVE,4,8,8
581,19837,14:24:00,0,187.00,0,0.2700,0.1220,0.0000,0.0000,1,ACTIVE,4,8,8
581,19838,14:24:30,0,187.00,0,0.2900,0.1300,0.0000,0.0000,1,ACTIVE,4,8,8
581,19839,14:25:00,0,221.00,0,0.3100,0.1420,0.0000,0.0000,1,ACTIVE,4,8,8
581,19840,14:25:30,0,193.00,0,0.2900,0.1300,0.0000,0.0000,1,ACTIVE,4,8,8
581,19841,14:26:00,0,228.00,0,0.2900,0.1300,0.0000,0.0000,1,ACTIVE,4,8,8
581,19842,14:26:30,0,214.00,0,0.2400,0.1070,0.0000,0.0000,1,ACTIVE,4,8,8
581,19843,14:27:00,0,228.00,0,0.2400,0.1070,0.0000,0.0000,1,ACTIVE,4,8,8
581,19844,14:27:30,0,278.00,0,0.2900,0.1300,0.0000,0.0000,1,ACTIVE,4,8,8
581,19845,14:28:00,0,278.00,0,0.2700,0.1220,0.0000,0.0000,1,ACTIVE,4,8,8
581,19846,14:28:30,0,228.00,0,0.2900,0.1300,0.0000,0.0000,1,ACTIVE,4,8,8
581,19847,14:29:00,0,228.00,0,0.2700,0.1220,0.0000,0.0000,1,ACTIVE,4,8,8
581,19848,14:29:30,0,252.00,0,0.2900,0.1300,0.0000,0.0000,1,ACTIVE,4,8,8
581,19849,14:30:00,0,338.00,0,0.3100,0.1420,0.0000,0.0000,1,ACTIVE,4,8,8
581,19850,14:30:30,0,350.00,0,0.2700,0.1220,0.0000,0.0000,1,ACTIVE,4,8,8
581,19851,14:31:00,0,236.00,0,0.2700,0.1220,0.0000,0.0000,1,ACTIVE,4,8,8
581,19852,14:31:30,0,142.00,0,0.2200,0.0981,0.0000,0.0000,1,ACTIVE,4,8,8
581,19853,14:32:00,0,306.00,0,0.2200,0.0981,0.0000,0.0000,1,ACTIVE,4,8,8
581,19854,14:32:30,0,398.00,0,28.6100,1.5700,2.7600,0.9130,1,ACTIVE,4,8,8
581,19855,14:33:00,0,163.00,0,6.9300,0.7510,0.5790,0.1800,1,ACTIVE,4,8,8
581,19856,14:33:30,0,214.00,0,20.7300,1.9900,1.7900,0.6180,1,ACTIVE,4,8,8
581,19857,14:34:00,0,8.00,0,3.7500,0.6890,0.2440,0.0880,1,ACTIVE,4,8,8
581,19858,14:34:30,0,42.00,0,3.9100,0.7510,0.2440,0.1050,1,ACTIVE,4,8,8
581,19859,14:35:00,0,82.00,0,12.3600,0.3840,1.2600,0.4100,1,ACTIVE,4,8,8
581,19860,14:35:30,0,137.00,0,0.4400,0.2000,0.0000,0.0000,1,ACTIVE,4,8,8
581,19861,14:36:00,0,70.00,0,235.0300,17.4000,21.6000,7.0000,1,ACTIVE,4,8,8
581,19862,14:36:30,0,9.00,0,22.4600,3.4200,1.6700,0.2050,1,ACTIVE,4,8,8
581,19863,14:37:00,0,200.00,0,13.9900,2.3200,0.9960,0.1360,1,ACTIVE,4,8,8
581,19864,14:37:30,0,338.00,0,21.8100,3.4200,1.6000,0.1840,1,ACTIVE,4,8,8
581,19865,14:38:00,0,137.00,0,18.8400,3.5700,1.2400,0.0939,1,ACTIVE,4,8,8
581,19866,14:38:30,0,1.00,0,20.7200,3.5700,1.4400,0.1920,1,ACTIVE,4,8,8
581,19867,14:39:00,0,261.00,0,21.2000,3.0100,1.6000,0.4670,1,ACTIVE,4,8,8
581,19868,14:39:30,0,2.00,0,74.8700,9.8900,6.0100,0.3160,1,ACTIVE,4,8,8
581,19869,14:40:00,0,0.00,0,56.3500,8.1400,4.3400,0.2770,1,ACTIVE,4,8,8
581,19870,14:40:30,0,1.00,0,41.3400,6.1400,3.1400,0.2440,1,ACTIVE,4,8,8
581,19871,14:41:00,0,0.00,0,35.8000,5.3900,2.7000,0.2280,1,ACTIVE,4,8,8
581,19872,14:41:30,0,411.00,0,85.1000,8.5000,7.3100,2.1300,1,ACTIVE,4,8,8
581,19873,14:42:00,0,22.00,0,64.3800,3.4200,6.2800,1.6700,1,ACTIVE,4,8,8
581,19874,14:42:30,0,6.00,0,0.2700,0.1220,0.0000,0.0000,1,ACTIVE,4,8,8
581,19875,14:43:00,0,0.00,0,0.2700,0.1220,0.0000,0.0000,0,ACTIVE,4,8,8
581,19876,14:43:30,0,0.00,0,0.2700,0.1220,0.0000,0.0000,0,ACTIVE,4,8,8
581,19877,14:44:00,0,47.00,0,1.6800,0.1800,0.1390,0.0583,1,ACTIVE,4,8,8
581,19878,14:44:30,0,5.00,0,0.2900,0.1300,0.0000,0.0000,0,ACTIVE,4,8,8
581,19879,14:45:00,0,0.00,0,0.2900,0.1300,0.0000,0.0000,0,ACTIVE,4,8,8
581,19880,14:45:30,0,13.00,0,0.2900,0.1300,0.0000,0.0000,1,ACTIVE,4,8,8
581,19881,14:46:00,0,70.00,0,43.8300,5.1700,3.6500,0.3840,1,ACTIVE,4,8,8
581,19882,14:46:30,0,0.00,0,32.7200,4.2500,2.6400,0.1920,0,ACTIVE,4,8,8
581,19883,14:47:00,0,0.00,0,33.1400,4.4400,2.6400,0.1920,0,ACTIVE,4,8,8
581,19884,14:47:30,0,0.00,0,33.1400,4.4400,2.6400,0.1920,0,ACTIVE,4,8,8
581,19885,14:48:00,0,0.00,0,32.4300,4.3400,2.5800,0.1840,0,ACTIVE,4,8,8
581,19886,14:48:30,0,0.00,0,31.5300,4.1600,2.5300,0.1840,0,ACTIVE,4,8,8
581,19887,14:49:00,0,0.00,0,30.0100,3.9000,2.4200,0.1800,0,ACTIVE,4,8,8
581,19888,14:49:30,0,26.00,0,18.7000,2.8200,1.4100,0.1240,1,ACTIVE,4,8,8
581,19889,14:50:00,0,0.00,0,15.9800,2.5800,1.1600,0.1140,0,ACTIVE,4,8,8
581,19890,14:50:30,0,0.00,0,16.2100,2.5800,1.1800,0.1190,0,ACTIVE,4,8,8
581,19891,14:51:00,0,0.00,0,16.6900,2.7000,1.2100,0.1190,0,ACTIVE,4,8,8
581,19892,14:51:30,0,0.00,0,17.1900,2.8200,1.2400,0.1190,0,ACTIVE,4,8,8
581,19893,14:52:00,0,0.00,0,17.3200,2.8800,1.2400,0.1190,0,ACTIVE,4,8,8
581,19894,14:52:30,0,0.00,0,16.2400,2.7000,1.1600,0.1190,0,ACTIVE,4,8,8
581,19895,14:53:00,0,0.00,0,16.9600,2.8200,1.2100,0.1190,0,ACTIVE,4,8,8
581,19896,14:53:30,0,35.00,0,25.1500,3.5700,1.9500,0.1610,1,ACTIVE,4,8,8
581,19897,14:54:00,0,1.00,0,46.4300,5.7600,3.8100,0.2720,0,ACTIVE,4,8,8
581,19898,14:54:30,0,0.00,0,46.4300,5.7600,3.8100,0.2660,0,ACTIVE,4,8,8
581,19899,14:55:00,0,0.00,0,46.4300,5.7600,3.8100,0.2660,0,ACTIVE,4,8,8
581,19900,14:55:30,0,0.00,0,47.4400,5.8800,3.9000,0.2660,0,ACTIVE,4,8,8
581,19901,14:56:00,0,0.00,0,48.0200,6.1400,3.9000,0.2720,0,ACTIVE,4,8,8
581,19902,14:56:30,0,0.00,0,50.1400,6.4200,4.0700,0.2770,0,ACTIVE,4,8,8
581,19903,14:57:00,0,0.00,0,50.9200,6.4200,4.1600,0.2770,0,ACTIVE,4,8,8
581,19904,14:57:30,0,0.00,0,51.2300,6.5600,4.1600,0.2770,0,ACTIVE,4,8,8
581,19905,14:58:00,0,0.00,0,51.2200,6.5600,4.1600,0.2720,0,ACTIVE,4,8,8
581,19906,14:58:30,0,0.00,0,50.1300,6.4200,4.0700,0.2720,0,ACTIVE,4,8,8
581,19907,14:59:00,0,0.00,0,48.3100,6.2800,3.9000,0.2660,0,ACTIVE,4,8,8
581,19908,14:59:30,0,0.00,0,48.0100,6.1400,3.9000,0.2600,0,ACTIVE,4,8,8
581,19909,15:00:00,0,0.00,0,46.9800,6.0100,3.8100,0.2600,0,ACTIVE,4,8,8
581,19910,15:00:30,0,0.00,0,45.9700,5.8800,3.7300,0.2490,0,ACTIVE,4,8,8
581,19911,15:01:00,0,0.00,0,45.9700,5.8800,3.7300,0.2490,0,ACTIVE,4,8,8
581,19912,15:01:30,0,12.00,0,45.9800,5.8800,3.7300,0.2600,0,ACTIVE,4,8,8
581,19913,15:02:00,0,4.00,0,25.6500,3.8100,1.9500,0.1360,0,ACTIVE,4,8,8
581,19914,15:02:30,0,0.00,0,26.4200,3.8100,2.0400,0.1450,0,ACTIVE,4,8,8
581,19915,15:03:00,0,0.00,0,26.4200,3.8100,2.0400,0.1450,0,ACTIVE,4,8,8
581,19916,15:03:30,0,0.00,0,26.2400,3.7300,2.0400,0.1450,0,ACTIVE,4,8,8
581,19917,15:04:00,0,0.00,0,25.4700,3.7300,1.9500,0.1360,0,ACTIVE,4,8,8
581,19918,15:04:30,0,0.00,0,25.4700,3.7300,1.9500,0.1360,0,ACTIVE,4,8,8
581,19919,15:05:00,0,0.00,0,26.8100,3.8100,2.0800,0.1450,0,ACTIVE,4,8,8
581,19920,15:05:30,0,0.00,0,27.9900,3.9800,2.1700,0.1450,0,ACTIVE,4,8,8
581,19921,15:06:00,0,0.00,0,29.4200,4.2500,2.2700,0.1480,0,ACTIVE,4,8,8
581,19922,15:06:30,0,0.00,0,30.0600,4.3400,2.3200,0.1480,0,ACTIVE,4,8,8
581,19923,15:07:00,0,0.00,0,30.7200,4.4400,2.3700,0.1480,0,ACTIVE,4,8,8
581,19924,15:07:30,0,1.00,0,29.6300,4.3400,2.2700,0.1450,0,ACTIVE,4,8,8
581,19925,15:08:00,0,0.00,0,29.6300,4.3400,2.2700,0.1450,0,ACTIVE,4,8,8
581,19926,15:08:30,0,0.00,0,30.2700,4.4400,2.3200,0.1480,0,ACTIVE,4,8,8
581,19927,15:09:00,0,0.00,0,30.2700,4.4400,2.3200,0.1450,0,ACTIVE,4,8,8
581,19928,15:09:30,0,0.00,0,31.1500,4.6400,2.3700,0.1480,0,ACTIVE,4,8,8
581,19929,15:10:00,0,0.00,0,32.0600,4.8400,2.4200,0.1480,0,ACTIVE,4,8,8
581,19930,15:10:30,0,0.00,0,33.2300,4.9500,2.5300,0.1480,0,ACTIVE,4,8,8
581,19931,15:11:00,0,0.00,0,26.0500,4.1600,1.9100,0.1360,0,ACTIVE,4,8,8
581,19932,15:11:30,0,0.00,0,20.3100,3.4200,1.4400,0.1240,0,ACTIVE,4,8,8
581,19933,15:12:00,0,0.00,0,20.5800,3.4200,1.4700,0.1240,0,ACTIVE,4,8,8
581,19934,15:12:30,0,35.00,0,55.1800,4.1600,5.0600,1.5700,1,ACTIVE,4,8,8
581,19935,15:13:00,0,0.00,0,76.8200,4.6400,7.3100,2.3700,0,ACTIVE,4,8,8
581,19936,15:13:30,0,32.00,0,63.0300,3.7300,6.0100,1.9500,1,ACTIVE,4,8,8
581,19937,15:14:00,0,38.00,0,41.1000,5.1700,3.3500,0.3160,1,ACTIVE,4,8,8
581,19938,15:14:30,0,0.00,0,15.3600,2.5800,1.0900,0.1240,0,ACTIVE,4,8,8
581,19939,15:15:00,0,0.00,0,12.0000,2.1300,0.8200,0.1140,0,ACTIVE,4,8,8
581,19940,15:15:30,0,0.00,0,11.2400,1.9900,0.7680,0.1070,0,ACTIVE,4,8,8
581,19941,15:16:00,0,45.00,0,15.7600,2.5800,1.1300,0.1070,1,ACTIVE,4,8,8
581,19942,15:16:30,0,0.00,0,37.1100,5.0600,2.9400,0.1550,0,ACTIVE,4,8,8
581,19943,15:17:00,0,0.00,0,35.3000,4.7400,2.8200,0.1480,0,ACTIVE,4,8,8
581,19944,15:17:30,0,63.00,0,57.3000,5.1700,5.0600,1.4700,1,ACTIVE,4,8,8
581,19945,15:18:00,0,1.00,0,58.1700,5.0600,5.1700,1.6000,0,ACTIVE,4,8,8
581,19946,15:18:30,0,14.00,0,55.3700,4.7400,4.9500,1.4400,1,ACTIVE,4,8,8
581,19947,15:19:00,0,0.00,0,52.3200,4.6400,4.6400,1.3500,0,ACTIVE,4,8,8
581,19948,15:19:30,0,18.00,0,49.9500,4.3400,4.4400,1.3500,1,ACTIVE,4,8,8
581,19949,15:20:00,0,16.00,0,35.4200,4.1600,2.9400,0.4280,0,ACTIVE,4,8,8
581,19950,15:20:30,0,1.00,0,36.1800,4.2500,3.0100,0.4190,0,ACTIVE,4,8,8
581,19951,15:21:00,0,0.00,0,39.6700,4.7400,3.2800,0.4470,0,ACTIVE,4,8,8
581,19952,15:21:30,0,0.00,0,39.2600,4.8400,3.2100,0.4280,0,ACTIVE,4,8,8
581,19953,15:22:00,0,0.00,0,39.2500,4.8400,3.2100,0.4190,0,ACTIVE,4,8,8
581,19954,15:22:30,0,0.00,0,41.0100,5.0600,3.3500,0.4570,0,ACTIVE,4,8,8
581,19955,15:23:00,0,0.00,0,41.0300,5.0600,3.3500,0.4770,0,ACTIVE,4,8,8
581,19956,15:23:30,0,29.00,0,39.5000,4.9500,3.2100,0.4280,1,ACTIVE,4,8,8
581,19957,15:24:00,0,0.00,0,36.3800,4.6400,2.9400,0.3370,0,ACTIVE,4,8,8
581,19958,15:24:30,0,0.00,0,35.1700,4.3400,2.8800,0.3300,0,ACTIVE,4,8,8
581,19959,15:25:00,0,0.00,0,35.1700,4.3400,2.8800,0.3300,0,ACTIVE,4,8,8
581,19960,15:25:30,0,0.00,0,35.3700,4.4400,2.8800,0.3160,0,ACTIVE,4,8,8
581,19961,15:26:00,0,0.00,0,35.8100,4.6400,2.8800,0.3230,0,ACTIVE,4,8,8
581,19962,15:26:30,0,0.00,0,36.8200,4.8400,2.9400,0.3300,0,ACTIVE,4,8,8
581,19963,15:27:00,0,0.00,0,36.0400,4.7400,2.8800,0.3300,0,ACTIVE,4,8,8
581,19964,15:27:30,0,0.00,0,35.3800,4.4400,2.8800,0.3300,0,ACTIVE,4,8,8
581,19965,15:28:00,0,0.00,0,33.8900,4.2500,2.7600,0.3230,0,ACTIVE,4,8,8
581,19966,15:28:30,0,0.00,0,32.6000,3.9000,2.7000,0.3300,0,ACTIVE,4,8,8
581,19967,15:29:00,0,0.00,0,31.9200,3.8100,2.6400,0.3370,0,ACTIVE,4,8,8
581,19968,15:29:30,0,0.00,0,30.3900,3.5700,2.5300,0.3230,0,ACTIVE,4,8,8
581,19969,15:30:00,0,0.00,0,29.5700,3.4200,2.4700,0.3160,0,ACTIVE,4,8,8
581,19970,15:30:30,0,0.00,0,28.9400,3.3500,2.4200,0.3090,0,ACTIVE,4,8,8
581,19971,15:31:00,0,0.00,0,28.4800,3.3500,2.3700,0.3030,0,ACTIVE,4,8,8
581,19972,15:31:30,0,0.00,0,27.7100,3.2100,2.3200,0.2900,0,ACTIVE,4,8,8
581,19973,15:32:00,0,27.00,0,32.3300,2.8200,2.8800,0.8200,1,ACTIVE,4,8,8
581,19974,15:32:30,0,0.00,0,37.4900,3.2100,3.3500,0.9750,0,ACTIVE,4,8,8
581,19975,15:33:00,0,38.00,0,30.7000,2.0800,2.8800,0.8200,1,ACTIVE,4,8,8
581,19976,15:33:30,0,0.00,0,22.7700,2.8200,1.8700,0.1800,0,ACTIVE,4,8,8
581,19977,15:34:00,0,7.00,0,23.1500,2.8200,1.9100,0.1960,0,ACTIVE,4,8,8
581,19978,15:34:30,0,0.00,0,22.1500,2.7000,1.8300,0.1720,0,ACTIVE,4,8,8
581,19979,15:35:00,0,0.00,0,21.8000,2.7000,1.7900,0.1720,0,ACTIVE,4,8,8
581,19980,15:35:30,0,0.00,0,21.5500,2.5800,1.7900,0.1720,0,ACTIVE,4,8,8
581,19981,15:36:00,0,26.00,0,14.7600,1.8300,1.2100,0.1140,1,ACTIVE,4,8,8
581,19982,15:36:30,0,0.00,0,10.3700,1.2600,0.8560,0.0773,0,ACTIVE,4,8,8
581,19983,15:37:00,0,0.00,0,10.3700,1.2600,0.8560,0.0724,0,ACTIVE,4,8,8
581,19984,15:37:30,0,0.00,0,9.9300,1.2100,0.8200,0.0724,0,ACTIVE,4,8,8
581,19985,15:38:00,0,0.00,0,10.0900,1.2100,0.8370,0.0724,0,ACTIVE,4,8,8
581,19986,15:38:30,0,0.00,0,11.3500,1.3200,0.9540,0.0773,0,ACTIVE,4,8,8
581,19987,15:39:00,0,0.00,0,7.3800,0.9130,0.6050,0.0571,0,ACTIVE,4,8,8
581,19988,15:39:30,0,6.00,0,9.4100,1.1100,0.7850,0.0773,0,ACTIVE,4,8,8
581,19989,15:40:00,0,0.00,0,15.3100,1.6400,1.3200,0.1190,0,ACTIVE,4,8,8
581,19990,15:40:30,0,0.00,0,15.0600,1.6400,1.2900,0.1140,0,ACTIVE,4,8,8
581,19991,15:41:00,0,0.00,0,15.0600,1.6400,1.2900,0.1140,0,ACTIVE,4,8,8
581,19992,15:41:30,0,0.00,0,15.1400,1.6700,1.2900,0.1140,0,ACTIVE,4,8,8
581,19993,15:42:00,0,0.00,0,15.6500,1.6700,1.3500,0.1240,0,ACTIVE,4,8,8
581,19994,15:42:30,0,0.00,0,14.7400,1.6000,1.2600,0.1140,0,ACTIVE,4,8,8
581,19995,15:43:00,0,4.00,0,14.1100,1.5400,1.2100,0.1070,0,ACTIVE,4,8,8
581,19996,15:43:30,0,0.00,0,13.8100,1.5000,1.1800,0.1070,0,ACTIVE,4,8,8
581,19997,15:44:00,0,0.00,0,13.8100,1.5000,1.1800,0.1020,0,ACTIVE,4,8,8
581,19998,15:44:30,0,0.00,0,13.8100,1.5000,1.1800,0.1020,0,ACTIVE,4,8,8
581,19999,15:45:00,0,0.00,0,13.7400,1.4700,1.1800,0.1020,0,ACTIVE,4,8,8
581,20000,15:45:30,0,1.00,0,11.4800,1.2900,0.9750,0.0825,0,ACTIVE,4,8,8
581,20001,15:46:00,0,0.00,0,10.1800,1.1800,0.8560,0.0650,0,ACTIVE,4,8,8
581,20002,15:46:30,0,0.00,0,10.2400,1.2100,0.8560,0.0650,0,ACTIVE,4,8,8
581,20003,15:47:00,0,0.00,0,10.7000,1.2600,0.8940,0.0724,0,ACTIVE,4,8,8
581,20004,15:47:30,0,0.00,0,11.6000,1.3500,0.9750,0.0724,0,ACTIVE,4,8,8
581,20005,15:48:00,0,0.00,0,11.6600,1.3800,0.9750,0.0724,0,ACTIVE,4,8,8
581,20006,15:48:30,0,0.00,0,11.6600,1.3800,0.9750,0.0724,0,ACTIVE,4,8,8
581,20007,15:49:00,0,0.00,0,10.9300,1.2900,0.9130,0.0724,0,ACTIVE,4,8,8
581,20008,15:49:30,0,13.00,0,11.6200,1.3500,0.9750,0.0939,0,ACTIVE,4,8,8
581,20009,15:50:00,0,0.00,0,16.3500,1.7100,1.4100,0.2090,0,ACTIVE,4,8,8
581,20010,15:50:30,0,0.00,0,16.3300,1.7100,1.4100,0.1960,0,ACTIVE,4,8,8
581,20011,15:51:00,0,0.00,0,15.7000,1.6700,1.3500,0.1720,0,ACTIVE,4,8,8
581,20012,15:51:30,0,6.00,0,12.3200,1.4100,1.0400,0.0880,0,ACTIVE,4,8,8
581,20013,15:52:00,0,0.00,0,11.3400,1.3200,0.9540,0.0650,0,ACTIVE,4,8,8
581,20014,15:52:30,0,18.00,0,10.6500,1.2400,0.8940,0.0825,0,ACTIVE,4,8,8
581,20015,15:53:00,0,0.00,0,12.3700,1.4100,1.0400,0.1330,0,ACTIVE,4,8,8
581,20016,15:53:30,0,0.00,0,12.7700,1.4100,1.0900,0.1330,0,ACTIVE,4,8,8
581,20017,15:54:00,0,4.00,0,12.4100,1.4400,1.0400,0.1140,0,ACTIVE,4,8,8
581,20018,15:54:30,0,11.00,0,9.9800,1.2400,0.8200,0.0650,0,ACTIVE,4,8,8
581,20019,15:55:00,0,0.00,0,10.0300,1.2600,0.8200,0.0571,0,ACTIVE,4,8,8
581,20020,15:55:30,0,2.00,0,9.6700,1.2400,0.7850,0.0535,0,ACTIVE,4,8,8
581,20021,15:56:00,0,0.00,0,8.9100,1.1600,0.7200,0.0460,0,ACTIVE,4,8,8
581,20022,15:56:30,0,0.00,0,10.3100,1.3200,0.8370,0.0571,0,ACTIVE,4,8,8
581,20023,15:57:00,0,0.00,0,11.5500,1.4100,0.9540,0.0773,0,ACTIVE,4,8,8
581,20024,15:57:30,0,0.00,0,10.8200,1.3200,0.8940,0.0650,0,ACTIVE,4,8,8
581,20025,15:58:00,0,54.00,0,8.3700,1.0900,0.6740,0.0535,1,ACTIVE,4,8,8
581,20026,15:58:30,0,0.00,0,9.9700,1.2400,0.8200,0.0571,1,ACTIVE,4,8,8
581,20027,15:59:00,0,142.00,0,6.2600,0.7350,0.5200,0.0773,1,ACTIVE,4,8,8
581,20028,15:59:30,0,18.00,0,7.3700,0.6460,0.6460,0.2600,1,ACTIVE,4,8,8
581,20029,16:00:00,0,54.00,0,6.6400,0.6180,0.5790,0.1800,1,ACTIVE,4,8,8
581,20030,16:00:30,0,4.00,0,0.2900,0.1300,0.0000,0.0000,0,ACTIVE,4,8,8
581,20031,16:01:00,0,56.00,0,7.9500,0.6740,0.7040,0.2660,1,ACTIVE,4,8,8
581,20032,16:01:30,0,0.00,0,8.3400,0.7200,0.7350,0.2840,0,ACTIVE,4,8,8
581,20033,16:02:00,0,14.00,0,6.6600,0.6050,0.5790,0.2230,1,ACTIVE,4,8,8
581,20034,16:02:30,0,0.00,0,3.3400,0.3600,0.2770,0.1050,0,ACTIVE,4,8,8
581,20035,16:03:00,0,1.00,0,3.2600,0.3230,0.2770,0.1050,0,ACTIVE,4,8,8
581,20036,16:03:30,0,11.00,0,4.5800,0.4100,0.4010,0.1450,0,ACTIVE,4,8,8
581,20037,16:04:00,0,34.00,0,7.0600,0.6320,0.6180,0.2230,1,ACTIVE,4,8,8
581,20038,16:04:30,0,0.00,0,7.0400,0.6180,0.6180,0.2380,0,ACTIVE,4,8,8
581,20039,16:05:00,0,0.00,0,7.0300,0.6180,0.6180,0.2230,0,ACTIVE,4,8,8
581,20040,16:05:30,0,0.00,0,7.0400,0.6180,0.6180,0.2380,0,ACTIVE,4,8,8
581,20041,16:06:00,0,54.00,0,6.5500,0.5550,0.5790,0.2230,1,ACTIVE,4,8,8
581,20042,16:06:30,0,29.00,0,6.5700,0.5670,0.5790,0.2230,1,ACTIVE,4,8,8
581,20043,16:07:00,0,12.00,0,4.0800,0.3090,0.3680,0.1650,1,ACTIVE,4,8,8
581,20044,16:07:30,0,22.00,0,4.5200,0.3840,0.4010,0.1450,1,ACTIVE,4,8,8
581,20045,16:08:00,0,19.00,0,5.5100,0.5200,0.4770,0.1650,1,ACTIVE,4,8,8
581,20046,16:08:30,0,34.00,0,5.4300,0.4870,0.4770,0.1650,1,ACTIVE,4,8,8
581,20047,16:09:00,0,18.00,0,5.7300,0.4870,0.5090,0.1800,1,ACTIVE,4,8,8
581,20048,16:09:30,0,15.00,0,4.6200,0.4370,0.4010,0.1330,1,ACTIVE,4,8,8
581,20049,16:10:00,0,193.00,0,3.0300,0.3600,0.2440,0.0880,1,ACTIVE,4,8,8
581,20050,16:10:30,0,261.00,0,248.1200,9.8900,24.6000,10.1000,1,ACTIVE,4,8,8
581,20051,16:11:00,0,32.00,0,3.5100,0.2770,0.3160,0.1170,1,ACTIVE,4,8,8
581,20052,16:11:30,0,163.00,0,8.6300,1.9500,0.4770,0.1330,1,ACTIVE,4,8,8
581,20053,16:12:00,0,114.00,0,12.4200,2.0400,0.8750,0.2380,1,ACTIVE,4,8,8
581,20054,16:12:30,0,93.00,0,9.9200,1.6000,0.7040,0.1920,1,ACTIVE,4,8,8
581,20055,16:13:00,0,338.00,0,21.5100,2.2200,1.8300,0.5550,1,ACTIVE,4,8,8
581,20056,16:13:30,1,,,,,,,1,EXCLUDED,4,8,8
581,20057,16:14:00,1,,,,,,,1,EXCLUDED,4,8,8
581,20058,16:14:30,1,,,,,,,1,EXCLUDED,4,8,8
581,20059,16:15:00,1,,,,,,,1,EXCLUDED,4,8,8
581,20060,16:15:30,1,,,,,,,,EXCLUDED,4,8,8
581,20061,16:16:00,1,,,,,,,,EXCLUDED,4,8,8
581,20062,16:16:30,1,,,,,,,,EXCLUDED,4,8,8
581,20063,16:17:00,1,,,,,,,,EXCLUDED,4,8,8
581,20064,16:17:30,1,,,,,,,,EXCLUDED,4,8,8
581,20065,16:18:00,1,,,,,,,,EXCLUDED,4,8,8
581,20066,16:18:30,1,,,,,,,,EXCLUDED,4,8,8
581,20067,16:19:00,1,,,,,,,,EXCLUDED,4,8,8
581,20068,16:19:30,1,,,,,,,,EXCLUDED,4,8,8
581,20069,16:20:00,1,,,,,,,,EXCLUDED,4,8,8
581,20070,16:20:30,1,,,,,,,,EXCLUDED,4,8,8
581,20071,16:21:00,1,,,,,,,,EXCLUDED,4,8,8
581,20072,16:21:30,1,,,,,,,,EXCLUDED,4,8,8
581,20073,16:22:00,1,,,,,,,,EXCLUDED,4,8,8
581,20074,16:22:30,1,,,,,,,,EXCLUDED,4,8,8
581,20075,16:23:00,1,,,,,,,,EXCLUDED,4,8,8
581,20076,16:23:30,1,,,,,,,,EXCLUDED,4,8,8
581,20077,16:24:00,1,,,,,,,,EXCLUDED,4,8,8
581,20078,16:24:30,1,,,,,,,,EXCLUDED,4,8,8
581,20079,16:25:00,1,,,,,,,,EXCLUDED,4,8,8
581,20080,16:25:30,1,,,,,,,,EXCLUDED,4,8,8
581,20081,16:26:00,1,,,,,,,,EXCLUDED,4,8,8
581,20082,16:26:30,1,,,,,,,,EXCLUDED,4,8,8
581,20083,16:27:00,1,,,,,,,,EXCLUDED,4,8,8
581,20084,16:27:30,1,,,,,,,,EXCLUDED,4,8,8
581,20085,16:28:00,1,,,,,,,,EXCLUDED,4,8,8
581,20086,16:28:30,1,,,,,,,,EXCLUDED,4,8,8
581,20087,16:29:00,1,,,,,,,,EXCLUDED,4,8,8
581,20088,16:29:30,1,,,,,,,,EXCLUDED,4,8,8
581,20089,16:30:00,1,,,,,,,,EXCLUDED,4,8,8
581,20090,16:30:30,1,,,,,,,,EXCLUDED,4,8,8
581,20091,16:31:00,1,,,,,,,,EXCLUDED,4,8,8
581,20092,16:31:30,1,,,,,,,,EXCLUDED,4,8,8
581,20093,16:32:00,1,,,,,,,,EXCLUDED,4,8,8
581,20094,16:32:30,1,,,,,,,,EXCLUDED,4,8,8
581,20095,16:33:00,1,,,,,,,,EXCLUDED,4,8,8
581,20096,16:33:30,1,,,,,,,,EXCLUDED,4,8,8
581,20097,16:34:00,1,,,,,,,,EXCLUDED,4,8,8
581,20098,16:34:30,1,,,,,,,,EXCLUDED,4,8,8
581,20099,16:35:00,1,,,,,,,,EXCLUDED,4,8,8
581,20100,16:35:30,1,,,,,,,,EXCLUDED,4,8,8
581,20101,16:36:00,1,,,,,,,,EXCLUDED,4,8,8
581,20102,16:36:30,1,,,,,,,,EXCLUDED,4,8,8
581,20103,16:37:00,1,,,,,,,,EXCLUDED,4,8,8
581,20104,16:37:30,1,,,,,,,,EXCLUDED,4,8,8
581,20105,16:38:00,1,,,,,,,,EXCLUDED,4,8,8
581,20106,16:38:30,1,,,,,,,,EXCLUDED,4,8,8
581,20107,16:39:00,1,,,,,,,,EXCLUDED,4,8,8
581,20108,16:39:30,1,,,,,,,,EXCLUDED,4,8,8
581,20109,16:40:00,1,,,,,,,,EXCLUDED,4,8,8
581,20110,16:40:30,1,,,,,,,,EXCLUDED,4,8,8
581,20111,16:41:00,1,,,,,,,,EXCLUDED,4,8,8
581,20112,16:41:30,1,,,,,,,,EXCLUDED,4,8,8
581,20113,16:42:00,1,,,,,,,,EXCLUDED,4,8,8
581,20114,16:42:30,1,,,,,,,,EXCLUDED,4,8,8
581,20115,16:43:00,1,,,,,,,,EXCLUDED,4,8,8
581,20116,16:43:30,1,,,,,,,,EXCLUDED,4,8,8
581,20117,16:44:00,1,,,,,,,,EXCLUDED,4,8,8
581,20118,16:44:30,1,,,,,,,,EXCLUDED,4,8,8
581,20119,16:45:00,1,,,,,,,,EXCLUDED,4,8,8
581,20120,16:45:30,1,,,,,,,,EXCLUDED,4,8,8
581,20121,16:46:00,1,,,,,,,,EXCLUDED,4,8,8
581,20122,16:46:30,1,,,,,,,,EXCLUDED,4,8,8
581,20123,16:47:00,1,,,,,,,,EXCLUDED,4,8,8
581,20124,16:47:30,1,,,,,,,,EXCLUDED,4,8,8
581,20125,16:48:00,1,,,,,,,,EXCLUDED,4,8,8
581,20126,16:48:30,1,,,,,,,,EXCLUDED,4,8,8
581,20127,16:49:00,1,,,,,,,,EXCLUDED,4,8,8
581,20128,16:49:30,1,,,,,,,,EXCLUDED,4,8,8
581,20129,16:50:00,1,,,,,,,,EXCLUDED,4,8,8
581,20130,16:50:30,1,,,,,,,,EXCLUDED,4,8,8
581,20131,16:51:00,1,,,,,,,,EXCLUDED,4,8,8
581,20132,16:51:30,1,,,,,,,,EXCLUDED,4,8,8
581,20133,16:52:00,1,,,,,,,,EXCLUDED,4,8,8
581,20134,16:52:30,1,,,,,,,,EXCLUDED,4,8,8
581,20135,16:53:00,1,,,,,,,,EXCLUDED,4,8,8
581,20136,16:53:30,1,,,,,,,,EXCLUDED,4,8,8
581,20137,16:54:00,1,,,,,,,,EXCLUDED,4,8,8
581,20138,16:54:30,1,,,,,,,,EXCLUDED,4,8,8
581,20139,16:55:00,1,,,,,,,,EXCLUDED,4,8,8
581,20140,16:55:30,1,,,,,,,,EXCLUDED,4,8,8
581,20141,16:56:00,1,,,,,,,,EXCLUDED,4,8,8
581,20142,16:56:30,1,,,,,,,,EXCLUDED,4,8,8
581,20143,16:57:00,1,,,,,,,,EXCLUDED,4,8,8
581,20144,16:57:30,1,,,,,,,,EXCLUDED,4,8,8
581,20145,16:58:00,1,,,,,,,,EXCLUDED,4,8,8
581,20146,16:58:30,1,,,,,,,,EXCLUDED,4,8,8
581,20147,16:59:00,1,,,,,,,,EXCLUDED,4,8,8
581,20148,16:59:30,1,,,,,,,,EXCLUDED,4,8,8
581,20149,17:00:00,1,,,,,,,,EXCLUDED,4,8,8
581,20150,17:00:30,1,,,,,,,,EXCLUDED,4,8,8
